model,system,scenario,regime,strategy,N,metric,unit,higher_is_better,scope,slice_kind,slice,expected_outcomes,known_outcomes,missing_outcomes,expected_items,known_items,complete_items,full_mean,known_subset_item_weighted_mean,known_component_subset_item_weighted_mean,expected_components,known_components,missing_components,min_repeats_per_item,max_repeats_per_item,repeat_blocks,repeat_block_items_match,descriptive_repeat_sd
deepseek-v4-flash-0731,expgym,evidence_audit,cost_free,single,1,duplicate_action_attempts,count,,planned_analysis_unit; Audit_mean_once; pool_resources_N_sum_except_wall,all,all,13,13,0,13,13,13,0.1282051282051282,0.1282051282051282,0.1282051282051282,39,39,0,1,1,1,True,
deepseek-v4-flash-0731,expgym,evidence_audit,cost_free,single,1,duplicate_action_attempts,count,,planned_analysis_unit; Audit_mean_once; pool_resources_N_sum_except_wall,family,evidence_audit,13,13,0,13,13,13,0.1282051282051282,0.1282051282051282,0.1282051282051282,39,39,0,1,1,1,True,
deepseek-v4-flash-0731,expgym,evidence_audit,cost_free,single,1,evidence_acc,fraction,True,planned_analysis_unit; Audit_mean_once; pool_resources_N_sum_except_wall,all,all,13,13,0,13,13,13,0.6395173453996983,0.6395173453996983,0.6395173453996983,39,39,0,1,1,1,True,
deepseek-v4-flash-0731,expgym,evidence_audit,cost_free,single,1,evidence_acc,fraction,True,planned_analysis_unit; Audit_mean_once; pool_resources_N_sum_except_wall,family,evidence_audit,13,13,0,13,13,13,0.6395173453996983,0.6395173453996983,0.6395173453996983,39,39,0,1,1,1,True,
deepseek-v4-flash-0731,expgym,evidence_audit,cost_free,single,1,feedback_attempts,count,,planned_analysis_unit; Audit_mean_once; pool_resources_N_sum_except_wall,all,all,13,13,0,13,13,13,23.12820512820513,23.12820512820513,23.12820512820513,39,39,0,1,1,1,True,
deepseek-v4-flash-0731,expgym,evidence_audit,cost_free,single,1,feedback_attempts,count,,planned_analysis_unit; Audit_mean_once; pool_resources_N_sum_except_wall,family,evidence_audit,13,13,0,13,13,13,23.12820512820513,23.12820512820513,23.12820512820513,39,39,0,1,1,1,True,
deepseek-v4-flash-0731,expgym,evidence_audit,cost_free,single,1,feedback_cost_seconds,seconds,,planned_analysis_unit; Audit_mean_once; pool_resources_N_sum_except_wall,all,all,13,13,0,13,13,13,6914.979494934997,6914.979494934997,6914.979494934997,39,39,0,1,1,1,True,
deepseek-v4-flash-0731,expgym,evidence_audit,cost_free,single,1,feedback_cost_seconds,seconds,,planned_analysis_unit; Audit_mean_once; pool_resources_N_sum_except_wall,family,evidence_audit,13,13,0,13,13,13,6914.979494934997,6914.979494934997,6914.979494934997,39,39,0,1,1,1,True,
deepseek-v4-flash-0731,expgym,evidence_audit,cost_free,single,1,feedback_visible,count,,planned_analysis_unit; Audit_mean_once; pool_resources_N_sum_except_wall,all,all,13,13,0,13,13,13,23.12820512820513,23.12820512820513,23.12820512820513,39,39,0,1,1,1,True,
deepseek-v4-flash-0731,expgym,evidence_audit,cost_free,single,1,feedback_visible,count,,planned_analysis_unit; Audit_mean_once; pool_resources_N_sum_except_wall,family,evidence_audit,13,13,0,13,13,13,23.12820512820513,23.12820512820513,23.12820512820513,39,39,0,1,1,1,True,
deepseek-v4-flash-0731,expgym,evidence_audit,cost_free,single,1,input_tokens,tokens,,planned_analysis_unit; Audit_mean_once; pool_resources_N_sum_except_wall,all,all,13,13,0,13,13,13,366150.87179487175,366150.87179487175,366150.87179487175,39,39,0,1,1,1,True,
deepseek-v4-flash-0731,expgym,evidence_audit,cost_free,single,1,input_tokens,tokens,,planned_analysis_unit; Audit_mean_once; pool_resources_N_sum_except_wall,family,evidence_audit,13,13,0,13,13,13,366150.87179487175,366150.87179487175,366150.87179487175,39,39,0,1,1,1,True,
deepseek-v4-flash-0731,expgym,evidence_audit,cost_free,single,1,label_acc,fraction,True,planned_analysis_unit; Audit_mean_once; pool_resources_N_sum_except_wall,all,all,13,13,0,13,13,13,0.6681749622926093,0.6681749622926093,0.6681749622926093,39,39,0,1,1,1,True,
deepseek-v4-flash-0731,expgym,evidence_audit,cost_free,single,1,label_acc,fraction,True,planned_analysis_unit; Audit_mean_once; pool_resources_N_sum_except_wall,family,evidence_audit,13,13,0,13,13,13,0.6681749622926093,0.6681749622926093,0.6681749622926093,39,39,0,1,1,1,True,
deepseek-v4-flash-0731,expgym,evidence_audit,cost_free,single,1,output_tokens,tokens,,planned_analysis_unit; Audit_mean_once; pool_resources_N_sum_except_wall,all,all,13,13,0,13,13,13,21262.4358974359,21262.4358974359,21262.4358974359,39,39,0,1,1,1,True,
deepseek-v4-flash-0731,expgym,evidence_audit,cost_free,single,1,output_tokens,tokens,,planned_analysis_unit; Audit_mean_once; pool_resources_N_sum_except_wall,family,evidence_audit,13,13,0,13,13,13,21262.4358974359,21262.4358974359,21262.4358974359,39,39,0,1,1,1,True,
deepseek-v4-flash-0731,expgym,evidence_audit,cost_free,single,1,protocol_failure_rate,fraction,,planned_analysis_unit; Audit_mean_once; pool_resources_N_sum_except_wall,all,all,13,13,0,13,13,13,0.10971678234562922,0.10971678234562922,0.10971678234562922,39,39,0,1,1,1,True,
deepseek-v4-flash-0731,expgym,evidence_audit,cost_free,single,1,protocol_failure_rate,fraction,,planned_analysis_unit; Audit_mean_once; pool_resources_N_sum_except_wall,family,evidence_audit,13,13,0,13,13,13,0.10971678234562922,0.10971678234562922,0.10971678234562922,39,39,0,1,1,1,True,
deepseek-v4-flash-0731,expgym,evidence_audit,cost_free,single,1,wall_time_seconds,seconds,,planned_analysis_unit; Audit_mean_once; pool_resources_N_sum_except_wall,all,all,13,13,0,13,13,13,241.6739446750054,241.6739446750054,241.6739446750054,39,39,0,1,1,1,True,
deepseek-v4-flash-0731,expgym,evidence_audit,cost_free,single,1,wall_time_seconds,seconds,,planned_analysis_unit; Audit_mean_once; pool_resources_N_sum_except_wall,family,evidence_audit,13,13,0,13,13,13,241.6739446750054,241.6739446750054,241.6739446750054,39,39,0,1,1,1,True,
deepseek-v4-flash-0731,expgym,evidence_audit,cost_moderate,single,1,budget_utilization,fraction,,planned_analysis_unit; Audit_mean_once; pool_resources_N_sum_except_wall,all,all,13,13,0,13,13,13,0.9681215853718483,0.9681215853718483,0.9681215853718483,39,39,0,1,1,1,True,
deepseek-v4-flash-0731,expgym,evidence_audit,cost_moderate,single,1,budget_utilization,fraction,,planned_analysis_unit; Audit_mean_once; pool_resources_N_sum_except_wall,family,evidence_audit,13,13,0,13,13,13,0.9681215853718483,0.9681215853718483,0.9681215853718483,39,39,0,1,1,1,True,
deepseek-v4-flash-0731,expgym,evidence_audit,cost_moderate,single,1,duplicate_action_attempts,count,,planned_analysis_unit; Audit_mean_once; pool_resources_N_sum_except_wall,all,all,13,13,0,13,13,13,0.0,0.0,0.0,39,39,0,1,1,1,True,
deepseek-v4-flash-0731,expgym,evidence_audit,cost_moderate,single,1,duplicate_action_attempts,count,,planned_analysis_unit; Audit_mean_once; pool_resources_N_sum_except_wall,family,evidence_audit,13,13,0,13,13,13,0.0,0.0,0.0,39,39,0,1,1,1,True,
deepseek-v4-flash-0731,expgym,evidence_audit,cost_moderate,single,1,evidence_acc,fraction,True,planned_analysis_unit; Audit_mean_once; pool_resources_N_sum_except_wall,all,all,13,13,0,13,13,13,0.5867269984917044,0.5867269984917044,0.5867269984917044,39,39,0,1,1,1,True,
deepseek-v4-flash-0731,expgym,evidence_audit,cost_moderate,single,1,evidence_acc,fraction,True,planned_analysis_unit; Audit_mean_once; pool_resources_N_sum_except_wall,family,evidence_audit,13,13,0,13,13,13,0.5867269984917044,0.5867269984917044,0.5867269984917044,39,39,0,1,1,1,True,
deepseek-v4-flash-0731,expgym,evidence_audit,cost_moderate,single,1,feedback_attempts,count,,planned_analysis_unit; Audit_mean_once; pool_resources_N_sum_except_wall,all,all,13,13,0,13,13,13,9.743589743589745,9.743589743589745,9.743589743589745,39,39,0,1,1,1,True,
deepseek-v4-flash-0731,expgym,evidence_audit,cost_moderate,single,1,feedback_attempts,count,,planned_analysis_unit; Audit_mean_once; pool_resources_N_sum_except_wall,family,evidence_audit,13,13,0,13,13,13,9.743589743589745,9.743589743589745,9.743589743589745,39,39,0,1,1,1,True,
deepseek-v4-flash-0731,expgym,evidence_audit,cost_moderate,single,1,feedback_cost_seconds,seconds,,planned_analysis_unit; Audit_mean_once; pool_resources_N_sum_except_wall,all,all,13,13,0,13,13,13,2904.364756115545,2904.364756115545,2904.364756115545,39,39,0,1,1,1,True,
deepseek-v4-flash-0731,expgym,evidence_audit,cost_moderate,single,1,feedback_cost_seconds,seconds,,planned_analysis_unit; Audit_mean_once; pool_resources_N_sum_except_wall,family,evidence_audit,13,13,0,13,13,13,2904.364756115545,2904.364756115545,2904.364756115545,39,39,0,1,1,1,True,
deepseek-v4-flash-0731,expgym,evidence_audit,cost_moderate,single,1,feedback_visible,count,,planned_analysis_unit; Audit_mean_once; pool_resources_N_sum_except_wall,all,all,13,13,0,13,13,13,9.179487179487179,9.179487179487179,9.179487179487179,39,39,0,1,1,1,True,
deepseek-v4-flash-0731,expgym,evidence_audit,cost_moderate,single,1,feedback_visible,count,,planned_analysis_unit; Audit_mean_once; pool_resources_N_sum_except_wall,family,evidence_audit,13,13,0,13,13,13,9.179487179487179,9.179487179487179,9.179487179487179,39,39,0,1,1,1,True,
deepseek-v4-flash-0731,expgym,evidence_audit,cost_moderate,single,1,input_tokens,tokens,,planned_analysis_unit; Audit_mean_once; pool_resources_N_sum_except_wall,all,all,13,13,0,13,13,13,137147.05128205128,137147.05128205128,137147.05128205128,39,39,0,1,1,1,True,
deepseek-v4-flash-0731,expgym,evidence_audit,cost_moderate,single,1,input_tokens,tokens,,planned_analysis_unit; Audit_mean_once; pool_resources_N_sum_except_wall,family,evidence_audit,13,13,0,13,13,13,137147.05128205128,137147.05128205128,137147.05128205128,39,39,0,1,1,1,True,
deepseek-v4-flash-0731,expgym,evidence_audit,cost_moderate,single,1,label_acc,fraction,True,planned_analysis_unit; Audit_mean_once; pool_resources_N_sum_except_wall,all,all,13,13,0,13,13,13,0.7556561085972852,0.7556561085972852,0.7556561085972852,39,39,0,1,1,1,True,
deepseek-v4-flash-0731,expgym,evidence_audit,cost_moderate,single,1,label_acc,fraction,True,planned_analysis_unit; Audit_mean_once; pool_resources_N_sum_except_wall,family,evidence_audit,13,13,0,13,13,13,0.7556561085972852,0.7556561085972852,0.7556561085972852,39,39,0,1,1,1,True,
deepseek-v4-flash-0731,expgym,evidence_audit,cost_moderate,single,1,output_tokens,tokens,,planned_analysis_unit; Audit_mean_once; pool_resources_N_sum_except_wall,all,all,13,13,0,13,13,13,17861.641025641027,17861.641025641027,17861.641025641027,39,39,0,1,1,1,True,
deepseek-v4-flash-0731,expgym,evidence_audit,cost_moderate,single,1,output_tokens,tokens,,planned_analysis_unit; Audit_mean_once; pool_resources_N_sum_except_wall,family,evidence_audit,13,13,0,13,13,13,17861.641025641027,17861.641025641027,17861.641025641027,39,39,0,1,1,1,True,
deepseek-v4-flash-0731,expgym,evidence_audit,cost_moderate,single,1,protocol_failure_rate,fraction,,planned_analysis_unit; Audit_mean_once; pool_resources_N_sum_except_wall,all,all,13,13,0,13,13,13,0.09621895198818277,0.09621895198818277,0.09621895198818277,39,39,0,1,1,1,True,
deepseek-v4-flash-0731,expgym,evidence_audit,cost_moderate,single,1,protocol_failure_rate,fraction,,planned_analysis_unit; Audit_mean_once; pool_resources_N_sum_except_wall,family,evidence_audit,13,13,0,13,13,13,0.09621895198818277,0.09621895198818277,0.09621895198818277,39,39,0,1,1,1,True,
deepseek-v4-flash-0731,expgym,evidence_audit,cost_moderate,single,1,wall_time_seconds,seconds,,planned_analysis_unit; Audit_mean_once; pool_resources_N_sum_except_wall,all,all,13,13,0,13,13,13,192.1908970673879,192.1908970673879,192.1908970673879,39,39,0,1,1,1,True,
deepseek-v4-flash-0731,expgym,evidence_audit,cost_moderate,single,1,wall_time_seconds,seconds,,planned_analysis_unit; Audit_mean_once; pool_resources_N_sum_except_wall,family,evidence_audit,13,13,0,13,13,13,192.1908970673879,192.1908970673879,192.1908970673879,39,39,0,1,1,1,True,
deepseek-v4-flash-0731,expgym,evidence_audit,cost_tight,single,1,budget_utilization,fraction,,planned_analysis_unit; Audit_mean_once; pool_resources_N_sum_except_wall,all,all,13,13,0,13,13,13,0.9848122781397314,0.9848122781397314,0.9848122781397314,39,39,0,1,1,1,True,
deepseek-v4-flash-0731,expgym,evidence_audit,cost_tight,single,1,budget_utilization,fraction,,planned_analysis_unit; Audit_mean_once; pool_resources_N_sum_except_wall,family,evidence_audit,13,13,0,13,13,13,0.9848122781397314,0.9848122781397314,0.9848122781397314,39,39,0,1,1,1,True,
deepseek-v4-flash-0731,expgym,evidence_audit,cost_tight,single,1,duplicate_action_attempts,count,,planned_analysis_unit; Audit_mean_once; pool_resources_N_sum_except_wall,all,all,13,13,0,13,13,13,0.0,0.0,0.0,39,39,0,1,1,1,True,
deepseek-v4-flash-0731,expgym,evidence_audit,cost_tight,single,1,duplicate_action_attempts,count,,planned_analysis_unit; Audit_mean_once; pool_resources_N_sum_except_wall,family,evidence_audit,13,13,0,13,13,13,0.0,0.0,0.0,39,39,0,1,1,1,True,
deepseek-v4-flash-0731,expgym,evidence_audit,cost_tight,single,1,evidence_acc,fraction,True,planned_analysis_unit; Audit_mean_once; pool_resources_N_sum_except_wall,all,all,13,13,0,13,13,13,0.47511312217194573,0.47511312217194573,0.47511312217194573,39,39,0,1,1,1,True,
deepseek-v4-flash-0731,expgym,evidence_audit,cost_tight,single,1,evidence_acc,fraction,True,planned_analysis_unit; Audit_mean_once; pool_resources_N_sum_except_wall,family,evidence_audit,13,13,0,13,13,13,0.47511312217194573,0.47511312217194573,0.47511312217194573,39,39,0,1,1,1,True,
deepseek-v4-flash-0731,expgym,evidence_audit,cost_tight,single,1,feedback_attempts,count,,planned_analysis_unit; Audit_mean_once; pool_resources_N_sum_except_wall,all,all,13,13,0,13,13,13,3.0,3.0,3.0,39,39,0,1,1,1,True,
deepseek-v4-flash-0731,expgym,evidence_audit,cost_tight,single,1,feedback_attempts,count,,planned_analysis_unit; Audit_mean_once; pool_resources_N_sum_except_wall,family,evidence_audit,13,13,0,13,13,13,3.0,3.0,3.0,39,39,0,1,1,1,True,
deepseek-v4-flash-0731,expgym,evidence_audit,cost_tight,single,1,feedback_cost_seconds,seconds,,planned_analysis_unit; Audit_mean_once; pool_resources_N_sum_except_wall,all,all,13,13,0,13,13,13,886.3310503257582,886.3310503257582,886.3310503257582,39,39,0,1,1,1,True,
deepseek-v4-flash-0731,expgym,evidence_audit,cost_tight,single,1,feedback_cost_seconds,seconds,,planned_analysis_unit; Audit_mean_once; pool_resources_N_sum_except_wall,family,evidence_audit,13,13,0,13,13,13,886.3310503257582,886.3310503257582,886.3310503257582,39,39,0,1,1,1,True,
deepseek-v4-flash-0731,expgym,evidence_audit,cost_tight,single,1,feedback_visible,count,,planned_analysis_unit; Audit_mean_once; pool_resources_N_sum_except_wall,all,all,13,13,0,13,13,13,2.333333333333333,2.333333333333333,2.333333333333333,39,39,0,1,1,1,True,
deepseek-v4-flash-0731,expgym,evidence_audit,cost_tight,single,1,feedback_visible,count,,planned_analysis_unit; Audit_mean_once; pool_resources_N_sum_except_wall,family,evidence_audit,13,13,0,13,13,13,2.333333333333333,2.333333333333333,2.333333333333333,39,39,0,1,1,1,True,
deepseek-v4-flash-0731,expgym,evidence_audit,cost_tight,single,1,input_tokens,tokens,,planned_analysis_unit; Audit_mean_once; pool_resources_N_sum_except_wall,all,all,13,13,0,13,13,13,44672.10256410257,44672.10256410257,44672.10256410257,39,39,0,1,1,1,True,
deepseek-v4-flash-0731,expgym,evidence_audit,cost_tight,single,1,input_tokens,tokens,,planned_analysis_unit; Audit_mean_once; pool_resources_N_sum_except_wall,family,evidence_audit,13,13,0,13,13,13,44672.10256410257,44672.10256410257,44672.10256410257,39,39,0,1,1,1,True,
deepseek-v4-flash-0731,expgym,evidence_audit,cost_tight,single,1,label_acc,fraction,True,planned_analysis_unit; Audit_mean_once; pool_resources_N_sum_except_wall,all,all,13,13,0,13,13,13,0.702865761689291,0.702865761689291,0.702865761689291,39,39,0,1,1,1,True,
deepseek-v4-flash-0731,expgym,evidence_audit,cost_tight,single,1,label_acc,fraction,True,planned_analysis_unit; Audit_mean_once; pool_resources_N_sum_except_wall,family,evidence_audit,13,13,0,13,13,13,0.702865761689291,0.702865761689291,0.702865761689291,39,39,0,1,1,1,True,
deepseek-v4-flash-0731,expgym,evidence_audit,cost_tight,single,1,output_tokens,tokens,,planned_analysis_unit; Audit_mean_once; pool_resources_N_sum_except_wall,all,all,13,13,0,13,13,13,16333.564102564103,16333.564102564103,16333.564102564103,39,39,0,1,1,1,True,
deepseek-v4-flash-0731,expgym,evidence_audit,cost_tight,single,1,output_tokens,tokens,,planned_analysis_unit; Audit_mean_once; pool_resources_N_sum_except_wall,family,evidence_audit,13,13,0,13,13,13,16333.564102564103,16333.564102564103,16333.564102564103,39,39,0,1,1,1,True,
deepseek-v4-flash-0731,expgym,evidence_audit,cost_tight,single,1,protocol_failure_rate,fraction,,planned_analysis_unit; Audit_mean_once; pool_resources_N_sum_except_wall,all,all,13,13,0,13,13,13,0.17954822954822955,0.17954822954822955,0.17954822954822955,39,39,0,1,1,1,True,
deepseek-v4-flash-0731,expgym,evidence_audit,cost_tight,single,1,protocol_failure_rate,fraction,,planned_analysis_unit; Audit_mean_once; pool_resources_N_sum_except_wall,family,evidence_audit,13,13,0,13,13,13,0.17954822954822955,0.17954822954822955,0.17954822954822955,39,39,0,1,1,1,True,
deepseek-v4-flash-0731,expgym,evidence_audit,cost_tight,single,1,wall_time_seconds,seconds,,planned_analysis_unit; Audit_mean_once; pool_resources_N_sum_except_wall,all,all,13,13,0,13,13,13,175.48940682411194,175.48940682411194,175.48940682411194,39,39,0,1,1,1,True,
deepseek-v4-flash-0731,expgym,evidence_audit,cost_tight,single,1,wall_time_seconds,seconds,,planned_analysis_unit; Audit_mean_once; pool_resources_N_sum_except_wall,family,evidence_audit,13,13,0,13,13,13,175.48940682411194,175.48940682411194,175.48940682411194,39,39,0,1,1,1,True,
deepseek-v4-flash-0731,expgym,restricted_search,cost_free,single,1,duplicate_action_attempts,count,,planned_analysis_unit; Audit_mean_once; pool_resources_N_sum_except_wall,all,all,73,73,0,73,73,73,0.0273972602739726,0.0273972602739726,0.0273972602739726,73,73,0,1,1,1,True,
deepseek-v4-flash-0731,expgym,restricted_search,cost_free,single,1,duplicate_action_attempts,count,,planned_analysis_unit; Audit_mean_once; pool_resources_N_sum_except_wall,family,whatis,34,34,0,34,34,34,0.029411764705882353,0.029411764705882353,0.029411764705882353,34,34,0,1,1,1,True,
deepseek-v4-flash-0731,expgym,restricted_search,cost_free,single,1,duplicate_action_attempts,count,,planned_analysis_unit; Audit_mean_once; pool_resources_N_sum_except_wall,family,whois,39,39,0,39,39,39,0.02564102564102564,0.02564102564102564,0.02564102564102564,39,39,0,1,1,1,True,
deepseek-v4-flash-0731,expgym,restricted_search,cost_free,single,1,f1,fraction,True,planned_analysis_unit; Audit_mean_once; pool_resources_N_sum_except_wall,all,all,73,73,0,73,73,73,0.4381339584401631,0.4381339584401631,0.4381339584401631,73,73,0,1,1,1,True,
deepseek-v4-flash-0731,expgym,restricted_search,cost_free,single,1,f1,fraction,True,planned_analysis_unit; Audit_mean_once; pool_resources_N_sum_except_wall,family,whatis,34,34,0,34,34,34,0.36907308377896614,0.36907308377896614,0.36907308377896614,34,34,0,1,1,1,True,
deepseek-v4-flash-0731,expgym,restricted_search,cost_free,single,1,f1,fraction,True,planned_analysis_unit; Audit_mean_once; pool_resources_N_sum_except_wall,family,whois,39,39,0,39,39,39,0.498340874811463,0.498340874811463,0.498340874811463,39,39,0,1,1,1,True,
deepseek-v4-flash-0731,expgym,restricted_search,cost_free,single,1,feedback_attempts,count,,planned_analysis_unit; Audit_mean_once; pool_resources_N_sum_except_wall,all,all,73,73,0,73,73,73,17.54794520547945,17.54794520547945,17.54794520547945,73,73,0,1,1,1,True,
deepseek-v4-flash-0731,expgym,restricted_search,cost_free,single,1,feedback_attempts,count,,planned_analysis_unit; Audit_mean_once; pool_resources_N_sum_except_wall,family,whatis,34,34,0,34,34,34,17.08823529411765,17.08823529411765,17.08823529411765,34,34,0,1,1,1,True,
deepseek-v4-flash-0731,expgym,restricted_search,cost_free,single,1,feedback_attempts,count,,planned_analysis_unit; Audit_mean_once; pool_resources_N_sum_except_wall,family,whois,39,39,0,39,39,39,17.94871794871795,17.94871794871795,17.94871794871795,39,39,0,1,1,1,True,
deepseek-v4-flash-0731,expgym,restricted_search,cost_free,single,1,feedback_cost_seconds,seconds,,planned_analysis_unit; Audit_mean_once; pool_resources_N_sum_except_wall,all,all,73,73,0,73,73,73,3387.7120769743437,3387.7120769743437,3387.7120769743437,73,73,0,1,1,1,True,
deepseek-v4-flash-0731,expgym,restricted_search,cost_free,single,1,feedback_cost_seconds,seconds,,planned_analysis_unit; Audit_mean_once; pool_resources_N_sum_except_wall,family,whatis,34,34,0,34,34,34,3293.5653659865698,3293.5653659865698,3293.5653659865698,34,34,0,1,1,1,True,
deepseek-v4-flash-0731,expgym,restricted_search,cost_free,single,1,feedback_cost_seconds,seconds,,planned_analysis_unit; Audit_mean_once; pool_resources_N_sum_except_wall,family,whois,39,39,0,39,39,39,3469.788696809839,3469.788696809839,3469.788696809839,39,39,0,1,1,1,True,
deepseek-v4-flash-0731,expgym,restricted_search,cost_free,single,1,feedback_visible,count,,planned_analysis_unit; Audit_mean_once; pool_resources_N_sum_except_wall,all,all,73,73,0,73,73,73,17.54794520547945,17.54794520547945,17.54794520547945,73,73,0,1,1,1,True,
deepseek-v4-flash-0731,expgym,restricted_search,cost_free,single,1,feedback_visible,count,,planned_analysis_unit; Audit_mean_once; pool_resources_N_sum_except_wall,family,whatis,34,34,0,34,34,34,17.08823529411765,17.08823529411765,17.08823529411765,34,34,0,1,1,1,True,
deepseek-v4-flash-0731,expgym,restricted_search,cost_free,single,1,feedback_visible,count,,planned_analysis_unit; Audit_mean_once; pool_resources_N_sum_except_wall,family,whois,39,39,0,39,39,39,17.94871794871795,17.94871794871795,17.94871794871795,39,39,0,1,1,1,True,
deepseek-v4-flash-0731,expgym,restricted_search,cost_free,single,1,input_tokens,tokens,,planned_analysis_unit; Audit_mean_once; pool_resources_N_sum_except_wall,all,all,73,73,0,73,73,73,131940.3698630137,131940.3698630137,131940.3698630137,73,73,0,1,1,1,True,
deepseek-v4-flash-0731,expgym,restricted_search,cost_free,single,1,input_tokens,tokens,,planned_analysis_unit; Audit_mean_once; pool_resources_N_sum_except_wall,family,whatis,34,34,0,34,34,34,129109.0294117647,129109.0294117647,129109.0294117647,34,34,0,1,1,1,True,
deepseek-v4-flash-0731,expgym,restricted_search,cost_free,single,1,input_tokens,tokens,,planned_analysis_unit; Audit_mean_once; pool_resources_N_sum_except_wall,family,whois,39,39,0,39,39,39,134408.71794871794,134408.71794871794,134408.71794871794,39,39,0,1,1,1,True,
deepseek-v4-flash-0731,expgym,restricted_search,cost_free,single,1,output_tokens,tokens,,planned_analysis_unit; Audit_mean_once; pool_resources_N_sum_except_wall,all,all,73,73,0,73,73,73,11589.17808219178,11589.17808219178,11589.17808219178,73,73,0,1,1,1,True,
deepseek-v4-flash-0731,expgym,restricted_search,cost_free,single,1,output_tokens,tokens,,planned_analysis_unit; Audit_mean_once; pool_resources_N_sum_except_wall,family,whatis,34,34,0,34,34,34,10760.70588235294,10760.70588235294,10760.70588235294,34,34,0,1,1,1,True,
deepseek-v4-flash-0731,expgym,restricted_search,cost_free,single,1,output_tokens,tokens,,planned_analysis_unit; Audit_mean_once; pool_resources_N_sum_except_wall,family,whois,39,39,0,39,39,39,12311.435897435897,12311.435897435897,12311.435897435897,39,39,0,1,1,1,True,
deepseek-v4-flash-0731,expgym,restricted_search,cost_free,single,1,protocol_failure_rate,fraction,,planned_analysis_unit; Audit_mean_once; pool_resources_N_sum_except_wall,all,all,73,73,0,73,73,73,0.0632558853963357,0.0632558853963357,0.0632558853963357,73,73,0,1,1,1,True,
deepseek-v4-flash-0731,expgym,restricted_search,cost_free,single,1,protocol_failure_rate,fraction,,planned_analysis_unit; Audit_mean_once; pool_resources_N_sum_except_wall,family,whatis,34,34,0,34,34,34,0.05981109785259244,0.05981109785259244,0.05981109785259244,34,34,0,1,1,1,True,
deepseek-v4-flash-0731,expgym,restricted_search,cost_free,single,1,protocol_failure_rate,fraction,,planned_analysis_unit; Audit_mean_once; pool_resources_N_sum_except_wall,family,whois,39,39,0,39,39,39,0.06625903351139391,0.06625903351139391,0.06625903351139391,39,39,0,1,1,1,True,
deepseek-v4-flash-0731,expgym,restricted_search,cost_free,single,1,wall_time_seconds,seconds,,planned_analysis_unit; Audit_mean_once; pool_resources_N_sum_except_wall,all,all,73,73,0,73,73,73,134.49690758692074,134.49690758692074,134.49690758692074,73,73,0,1,1,1,True,
deepseek-v4-flash-0731,expgym,restricted_search,cost_free,single,1,wall_time_seconds,seconds,,planned_analysis_unit; Audit_mean_once; pool_resources_N_sum_except_wall,family,whatis,34,34,0,34,34,34,126.24815698230968,126.24815698230968,126.24815698230968,34,34,0,1,1,1,True,
deepseek-v4-flash-0731,expgym,restricted_search,cost_free,single,1,wall_time_seconds,seconds,,planned_analysis_unit; Audit_mean_once; pool_resources_N_sum_except_wall,family,whois,39,39,0,39,39,39,141.68812606273553,141.68812606273553,141.68812606273553,39,39,0,1,1,1,True,
deepseek-v4-flash-0731,expgym,restricted_search,cost_moderate,single,1,budget_utilization,fraction,,planned_analysis_unit; Audit_mean_once; pool_resources_N_sum_except_wall,all,all,73,73,0,73,73,73,0.8561166038683544,0.8561166038683544,0.8561166038683544,73,73,0,1,1,1,True,
deepseek-v4-flash-0731,expgym,restricted_search,cost_moderate,single,1,budget_utilization,fraction,,planned_analysis_unit; Audit_mean_once; pool_resources_N_sum_except_wall,family,whatis,34,34,0,34,34,34,0.8484415288131647,0.8484415288131647,0.8484415288131647,34,34,0,1,1,1,True,
deepseek-v4-flash-0731,expgym,restricted_search,cost_moderate,single,1,budget_utilization,fraction,,planned_analysis_unit; Audit_mean_once; pool_resources_N_sum_except_wall,family,whois,39,39,0,39,39,39,0.8628076949421094,0.8628076949421094,0.8628076949421094,39,39,0,1,1,1,True,
deepseek-v4-flash-0731,expgym,restricted_search,cost_moderate,single,1,duplicate_action_attempts,count,,planned_analysis_unit; Audit_mean_once; pool_resources_N_sum_except_wall,all,all,73,73,0,73,73,73,0.0410958904109589,0.0410958904109589,0.0410958904109589,73,73,0,1,1,1,True,
deepseek-v4-flash-0731,expgym,restricted_search,cost_moderate,single,1,duplicate_action_attempts,count,,planned_analysis_unit; Audit_mean_once; pool_resources_N_sum_except_wall,family,whatis,34,34,0,34,34,34,0.0,0.0,0.0,34,34,0,1,1,1,True,
deepseek-v4-flash-0731,expgym,restricted_search,cost_moderate,single,1,duplicate_action_attempts,count,,planned_analysis_unit; Audit_mean_once; pool_resources_N_sum_except_wall,family,whois,39,39,0,39,39,39,0.07692307692307693,0.07692307692307693,0.07692307692307693,39,39,0,1,1,1,True,
deepseek-v4-flash-0731,expgym,restricted_search,cost_moderate,single,1,f1,fraction,True,planned_analysis_unit; Audit_mean_once; pool_resources_N_sum_except_wall,all,all,73,73,0,73,73,73,0.42111672909416664,0.42111672909416664,0.42111672909416664,73,73,0,1,1,1,True,
deepseek-v4-flash-0731,expgym,restricted_search,cost_moderate,single,1,f1,fraction,True,planned_analysis_unit; Audit_mean_once; pool_resources_N_sum_except_wall,family,whatis,34,34,0,34,34,34,0.33351648351648355,0.33351648351648355,0.33351648351648355,34,34,0,1,1,1,True,
deepseek-v4-flash-0731,expgym,restricted_search,cost_moderate,single,1,f1,fraction,True,planned_analysis_unit; Audit_mean_once; pool_resources_N_sum_except_wall,family,whois,39,39,0,39,39,39,0.4974861739567622,0.4974861739567622,0.4974861739567622,39,39,0,1,1,1,True,
deepseek-v4-flash-0731,expgym,restricted_search,cost_moderate,single,1,feedback_attempts,count,,planned_analysis_unit; Audit_mean_once; pool_resources_N_sum_except_wall,all,all,73,73,0,73,73,73,12.794520547945206,12.794520547945206,12.794520547945206,73,73,0,1,1,1,True,
deepseek-v4-flash-0731,expgym,restricted_search,cost_moderate,single,1,feedback_attempts,count,,planned_analysis_unit; Audit_mean_once; pool_resources_N_sum_except_wall,family,whatis,34,34,0,34,34,34,12.058823529411764,12.058823529411764,12.058823529411764,34,34,0,1,1,1,True,
deepseek-v4-flash-0731,expgym,restricted_search,cost_moderate,single,1,feedback_attempts,count,,planned_analysis_unit; Audit_mean_once; pool_resources_N_sum_except_wall,family,whois,39,39,0,39,39,39,13.435897435897436,13.435897435897436,13.435897435897436,39,39,0,1,1,1,True,
deepseek-v4-flash-0731,expgym,restricted_search,cost_moderate,single,1,feedback_cost_seconds,seconds,,planned_analysis_unit; Audit_mean_once; pool_resources_N_sum_except_wall,all,all,73,73,0,73,73,73,2568.349811605063,2568.349811605063,2568.349811605063,73,73,0,1,1,1,True,
deepseek-v4-flash-0731,expgym,restricted_search,cost_moderate,single,1,feedback_cost_seconds,seconds,,planned_analysis_unit; Audit_mean_once; pool_resources_N_sum_except_wall,family,whatis,34,34,0,34,34,34,2545.3245864394944,2545.3245864394944,2545.3245864394944,34,34,0,1,1,1,True,
deepseek-v4-flash-0731,expgym,restricted_search,cost_moderate,single,1,feedback_cost_seconds,seconds,,planned_analysis_unit; Audit_mean_once; pool_resources_N_sum_except_wall,family,whois,39,39,0,39,39,39,2588.4230848263282,2588.4230848263282,2588.4230848263282,39,39,0,1,1,1,True,
deepseek-v4-flash-0731,expgym,restricted_search,cost_moderate,single,1,feedback_visible,count,,planned_analysis_unit; Audit_mean_once; pool_resources_N_sum_except_wall,all,all,73,73,0,73,73,73,12.273972602739725,12.273972602739725,12.273972602739725,73,73,0,1,1,1,True,
deepseek-v4-flash-0731,expgym,restricted_search,cost_moderate,single,1,feedback_visible,count,,planned_analysis_unit; Audit_mean_once; pool_resources_N_sum_except_wall,family,whatis,34,34,0,34,34,34,11.558823529411764,11.558823529411764,11.558823529411764,34,34,0,1,1,1,True,
deepseek-v4-flash-0731,expgym,restricted_search,cost_moderate,single,1,feedback_visible,count,,planned_analysis_unit; Audit_mean_once; pool_resources_N_sum_except_wall,family,whois,39,39,0,39,39,39,12.897435897435898,12.897435897435898,12.897435897435898,39,39,0,1,1,1,True,
deepseek-v4-flash-0731,expgym,restricted_search,cost_moderate,single,1,input_tokens,tokens,,planned_analysis_unit; Audit_mean_once; pool_resources_N_sum_except_wall,all,all,73,73,0,73,73,73,68977.47945205479,68977.47945205479,68977.47945205479,73,73,0,1,1,1,True,
deepseek-v4-flash-0731,expgym,restricted_search,cost_moderate,single,1,input_tokens,tokens,,planned_analysis_unit; Audit_mean_once; pool_resources_N_sum_except_wall,family,whatis,34,34,0,34,34,34,63977.08823529412,63977.08823529412,63977.08823529412,34,34,0,1,1,1,True,
deepseek-v4-flash-0731,expgym,restricted_search,cost_moderate,single,1,input_tokens,tokens,,planned_analysis_unit; Audit_mean_once; pool_resources_N_sum_except_wall,family,whois,39,39,0,39,39,39,73336.79487179487,73336.79487179487,73336.79487179487,39,39,0,1,1,1,True,
deepseek-v4-flash-0731,expgym,restricted_search,cost_moderate,single,1,output_tokens,tokens,,planned_analysis_unit; Audit_mean_once; pool_resources_N_sum_except_wall,all,all,73,73,0,73,73,73,11360.534246575342,11360.534246575342,11360.534246575342,73,73,0,1,1,1,True,
deepseek-v4-flash-0731,expgym,restricted_search,cost_moderate,single,1,output_tokens,tokens,,planned_analysis_unit; Audit_mean_once; pool_resources_N_sum_except_wall,family,whatis,34,34,0,34,34,34,12299.911764705883,12299.911764705883,12299.911764705883,34,34,0,1,1,1,True,
deepseek-v4-flash-0731,expgym,restricted_search,cost_moderate,single,1,output_tokens,tokens,,planned_analysis_unit; Audit_mean_once; pool_resources_N_sum_except_wall,family,whois,39,39,0,39,39,39,10541.589743589744,10541.589743589744,10541.589743589744,39,39,0,1,1,1,True,
deepseek-v4-flash-0731,expgym,restricted_search,cost_moderate,single,1,protocol_failure_rate,fraction,,planned_analysis_unit; Audit_mean_once; pool_resources_N_sum_except_wall,all,all,73,73,0,73,73,73,0.07648963227829621,0.07648963227829621,0.07648963227829621,73,73,0,1,1,1,True,
deepseek-v4-flash-0731,expgym,restricted_search,cost_moderate,single,1,protocol_failure_rate,fraction,,planned_analysis_unit; Audit_mean_once; pool_resources_N_sum_except_wall,family,whatis,34,34,0,34,34,34,0.07769258218806159,0.07769258218806159,0.07769258218806159,34,34,0,1,1,1,True,
deepseek-v4-flash-0731,expgym,restricted_search,cost_moderate,single,1,protocol_failure_rate,fraction,,planned_analysis_unit; Audit_mean_once; pool_resources_N_sum_except_wall,family,whois,39,39,0,39,39,39,0.07544090671593662,0.07544090671593662,0.07544090671593662,39,39,0,1,1,1,True,
deepseek-v4-flash-0731,expgym,restricted_search,cost_moderate,single,1,wall_time_seconds,seconds,,planned_analysis_unit; Audit_mean_once; pool_resources_N_sum_except_wall,all,all,73,73,0,73,73,73,127.87510503154911,127.87510503154911,127.87510503154911,73,73,0,1,1,1,True,
deepseek-v4-flash-0731,expgym,restricted_search,cost_moderate,single,1,wall_time_seconds,seconds,,planned_analysis_unit; Audit_mean_once; pool_resources_N_sum_except_wall,family,whatis,34,34,0,34,34,34,135.9894930334652,135.9894930334652,135.9894930334652,34,34,0,1,1,1,True,
deepseek-v4-flash-0731,expgym,restricted_search,cost_moderate,single,1,wall_time_seconds,seconds,,planned_analysis_unit; Audit_mean_once; pool_resources_N_sum_except_wall,family,whois,39,39,0,39,39,39,120.80102318372482,120.80102318372482,120.80102318372482,39,39,0,1,1,1,True,
deepseek-v4-flash-0731,expgym,restricted_search,cost_tight,single,1,budget_utilization,fraction,,planned_analysis_unit; Audit_mean_once; pool_resources_N_sum_except_wall,all,all,73,73,0,73,73,73,1.18244954396714,1.18244954396714,1.18244954396714,73,73,0,1,1,1,True,
deepseek-v4-flash-0731,expgym,restricted_search,cost_tight,single,1,budget_utilization,fraction,,planned_analysis_unit; Audit_mean_once; pool_resources_N_sum_except_wall,family,whatis,34,34,0,34,34,34,1.163440089299362,1.163440089299362,1.163440089299362,34,34,0,1,1,1,True,
deepseek-v4-flash-0731,expgym,restricted_search,cost_tight,single,1,budget_utilization,fraction,,planned_analysis_unit; Audit_mean_once; pool_resources_N_sum_except_wall,family,whois,39,39,0,39,39,39,1.199021889062126,1.199021889062126,1.199021889062126,39,39,0,1,1,1,True,
deepseek-v4-flash-0731,expgym,restricted_search,cost_tight,single,1,duplicate_action_attempts,count,,planned_analysis_unit; Audit_mean_once; pool_resources_N_sum_except_wall,all,all,73,73,0,73,73,73,0.0136986301369863,0.0136986301369863,0.0136986301369863,73,73,0,1,1,1,True,
deepseek-v4-flash-0731,expgym,restricted_search,cost_tight,single,1,duplicate_action_attempts,count,,planned_analysis_unit; Audit_mean_once; pool_resources_N_sum_except_wall,family,whatis,34,34,0,34,34,34,0.029411764705882353,0.029411764705882353,0.029411764705882353,34,34,0,1,1,1,True,
deepseek-v4-flash-0731,expgym,restricted_search,cost_tight,single,1,duplicate_action_attempts,count,,planned_analysis_unit; Audit_mean_once; pool_resources_N_sum_except_wall,family,whois,39,39,0,39,39,39,0.0,0.0,0.0,39,39,0,1,1,1,True,
deepseek-v4-flash-0731,expgym,restricted_search,cost_tight,single,1,f1,fraction,True,planned_analysis_unit; Audit_mean_once; pool_resources_N_sum_except_wall,all,all,73,73,0,73,73,73,0.16918418675066538,0.16918418675066538,0.16918418675066538,73,73,0,1,1,1,True,
deepseek-v4-flash-0731,expgym,restricted_search,cost_tight,single,1,f1,fraction,True,planned_analysis_unit; Audit_mean_once; pool_resources_N_sum_except_wall,family,whatis,34,34,0,34,34,34,0.15926916221033868,0.15926916221033868,0.15926916221033868,34,34,0,1,1,1,True,
deepseek-v4-flash-0731,expgym,restricted_search,cost_tight,single,1,f1,fraction,True,planned_analysis_unit; Audit_mean_once; pool_resources_N_sum_except_wall,family,whois,39,39,0,39,39,39,0.17782805429864254,0.17782805429864254,0.17782805429864254,39,39,0,1,1,1,True,
deepseek-v4-flash-0731,expgym,restricted_search,cost_tight,single,1,feedback_attempts,count,,planned_analysis_unit; Audit_mean_once; pool_resources_N_sum_except_wall,all,all,73,73,0,73,73,73,4.6438356164383565,4.6438356164383565,4.6438356164383565,73,73,0,1,1,1,True,
deepseek-v4-flash-0731,expgym,restricted_search,cost_tight,single,1,feedback_attempts,count,,planned_analysis_unit; Audit_mean_once; pool_resources_N_sum_except_wall,family,whatis,34,34,0,34,34,34,4.294117647058823,4.294117647058823,4.294117647058823,34,34,0,1,1,1,True,
deepseek-v4-flash-0731,expgym,restricted_search,cost_tight,single,1,feedback_attempts,count,,planned_analysis_unit; Audit_mean_once; pool_resources_N_sum_except_wall,family,whois,39,39,0,39,39,39,4.948717948717949,4.948717948717949,4.948717948717949,39,39,0,1,1,1,True,
deepseek-v4-flash-0731,expgym,restricted_search,cost_tight,single,1,feedback_cost_seconds,seconds,,planned_analysis_unit; Audit_mean_once; pool_resources_N_sum_except_wall,all,all,73,73,0,73,73,73,1064.204589570426,1064.204589570426,1064.204589570426,73,73,0,1,1,1,True,
deepseek-v4-flash-0731,expgym,restricted_search,cost_tight,single,1,feedback_cost_seconds,seconds,,planned_analysis_unit; Audit_mean_once; pool_resources_N_sum_except_wall,family,whatis,34,34,0,34,34,34,1047.0960803694256,1047.0960803694256,1047.0960803694256,34,34,0,1,1,1,True,
deepseek-v4-flash-0731,expgym,restricted_search,cost_tight,single,1,feedback_cost_seconds,seconds,,planned_analysis_unit; Audit_mean_once; pool_resources_N_sum_except_wall,family,whois,39,39,0,39,39,39,1079.1197001559135,1079.1197001559135,1079.1197001559135,39,39,0,1,1,1,True,
deepseek-v4-flash-0731,expgym,restricted_search,cost_tight,single,1,feedback_visible,count,,planned_analysis_unit; Audit_mean_once; pool_resources_N_sum_except_wall,all,all,73,73,0,73,73,73,3.73972602739726,3.73972602739726,3.73972602739726,73,73,0,1,1,1,True,
deepseek-v4-flash-0731,expgym,restricted_search,cost_tight,single,1,feedback_visible,count,,planned_analysis_unit; Audit_mean_once; pool_resources_N_sum_except_wall,family,whatis,34,34,0,34,34,34,3.4705882352941178,3.4705882352941178,3.4705882352941178,34,34,0,1,1,1,True,
deepseek-v4-flash-0731,expgym,restricted_search,cost_tight,single,1,feedback_visible,count,,planned_analysis_unit; Audit_mean_once; pool_resources_N_sum_except_wall,family,whois,39,39,0,39,39,39,3.9743589743589745,3.9743589743589745,3.9743589743589745,39,39,0,1,1,1,True,
deepseek-v4-flash-0731,expgym,restricted_search,cost_tight,single,1,input_tokens,tokens,,planned_analysis_unit; Audit_mean_once; pool_resources_N_sum_except_wall,all,all,73,73,0,73,73,73,12432.95890410959,12432.95890410959,12432.95890410959,73,73,0,1,1,1,True,
deepseek-v4-flash-0731,expgym,restricted_search,cost_tight,single,1,input_tokens,tokens,,planned_analysis_unit; Audit_mean_once; pool_resources_N_sum_except_wall,family,whatis,34,34,0,34,34,34,10652.0,10652.0,10652.0,34,34,0,1,1,1,True,
deepseek-v4-flash-0731,expgym,restricted_search,cost_tight,single,1,input_tokens,tokens,,planned_analysis_unit; Audit_mean_once; pool_resources_N_sum_except_wall,family,whois,39,39,0,39,39,39,13985.589743589744,13985.589743589744,13985.589743589744,39,39,0,1,1,1,True,
deepseek-v4-flash-0731,expgym,restricted_search,cost_tight,single,1,output_tokens,tokens,,planned_analysis_unit; Audit_mean_once; pool_resources_N_sum_except_wall,all,all,73,73,0,73,73,73,8252.520547945205,8252.520547945205,8252.520547945205,73,73,0,1,1,1,True,
deepseek-v4-flash-0731,expgym,restricted_search,cost_tight,single,1,output_tokens,tokens,,planned_analysis_unit; Audit_mean_once; pool_resources_N_sum_except_wall,family,whatis,34,34,0,34,34,34,6346.558823529412,6346.558823529412,6346.558823529412,34,34,0,1,1,1,True,
deepseek-v4-flash-0731,expgym,restricted_search,cost_tight,single,1,output_tokens,tokens,,planned_analysis_unit; Audit_mean_once; pool_resources_N_sum_except_wall,family,whois,39,39,0,39,39,39,9914.128205128205,9914.128205128205,9914.128205128205,39,39,0,1,1,1,True,
deepseek-v4-flash-0731,expgym,restricted_search,cost_tight,single,1,protocol_failure_rate,fraction,,planned_analysis_unit; Audit_mean_once; pool_resources_N_sum_except_wall,all,all,73,73,0,73,73,73,0.12132988776824392,0.12132988776824392,0.12132988776824392,73,73,0,1,1,1,True,
deepseek-v4-flash-0731,expgym,restricted_search,cost_tight,single,1,protocol_failure_rate,fraction,,planned_analysis_unit; Audit_mean_once; pool_resources_N_sum_except_wall,family,whatis,34,34,0,34,34,34,0.13827030812324928,0.13827030812324928,0.13827030812324928,34,34,0,1,1,1,True,
deepseek-v4-flash-0731,expgym,restricted_search,cost_tight,single,1,protocol_failure_rate,fraction,,planned_analysis_unit; Audit_mean_once; pool_resources_N_sum_except_wall,family,whois,39,39,0,39,39,39,0.1065613161767008,0.1065613161767008,0.1065613161767008,39,39,0,1,1,1,True,
deepseek-v4-flash-0731,expgym,restricted_search,cost_tight,single,1,wall_time_seconds,seconds,,planned_analysis_unit; Audit_mean_once; pool_resources_N_sum_except_wall,all,all,73,73,0,73,73,73,89.37092839528437,89.37092839528437,89.37092839528437,73,73,0,1,1,1,True,
deepseek-v4-flash-0731,expgym,restricted_search,cost_tight,single,1,wall_time_seconds,seconds,,planned_analysis_unit; Audit_mean_once; pool_resources_N_sum_except_wall,family,whatis,34,34,0,34,34,34,68.94460002113792,68.94460002113792,68.94460002113792,34,34,0,1,1,1,True,
deepseek-v4-flash-0731,expgym,restricted_search,cost_tight,single,1,wall_time_seconds,seconds,,planned_analysis_unit; Audit_mean_once; pool_resources_N_sum_except_wall,family,whois,39,39,0,39,39,39,107.17849672146333,107.17849672146333,107.17849672146333,39,39,0,1,1,1,True,
deepseek-v4-flash-0731,expgym,tuning,cost_free,single,1,duplicate_action_attempts,count,,planned_analysis_unit; Audit_mean_once; pool_resources_N_sum_except_wall,all,all,27,27,0,9,9,9,0.037037037037037035,0.037037037037037035,0.037037037037037035,27,27,0,3,3,3,True,0.06415002990995841
deepseek-v4-flash-0731,expgym,tuning,cost_free,single,1,duplicate_action_attempts,count,,planned_analysis_unit; Audit_mean_once; pool_resources_N_sum_except_wall,family,nasbench101,9,9,0,3,3,3,0.1111111111111111,0.1111111111111111,0.1111111111111111,9,9,0,3,3,3,True,0.19245008972987523
deepseek-v4-flash-0731,expgym,tuning,cost_free,single,1,duplicate_action_attempts,count,,planned_analysis_unit; Audit_mean_once; pool_resources_N_sum_except_wall,family,nasbench201,9,9,0,3,3,3,0.0,0.0,0.0,9,9,0,3,3,3,True,0.0
deepseek-v4-flash-0731,expgym,tuning,cost_free,single,1,duplicate_action_attempts,count,,planned_analysis_unit; Audit_mean_once; pool_resources_N_sum_except_wall,family,paramnet,9,9,0,3,3,3,0.0,0.0,0.0,9,9,0,3,3,3,True,0.0
deepseek-v4-flash-0731,expgym,tuning,cost_free,single,1,duplicate_action_attempts,count,,planned_analysis_unit; Audit_mean_once; pool_resources_N_sum_except_wall,task,hpobench:nasbench101:A,3,3,0,1,1,1,0.0,0.0,0.0,3,3,0,3,3,3,True,0.0
deepseek-v4-flash-0731,expgym,tuning,cost_free,single,1,duplicate_action_attempts,count,,planned_analysis_unit; Audit_mean_once; pool_resources_N_sum_except_wall,task,hpobench:nasbench101:B,3,3,0,1,1,1,0.0,0.0,0.0,3,3,0,3,3,3,True,0.0
deepseek-v4-flash-0731,expgym,tuning,cost_free,single,1,duplicate_action_attempts,count,,planned_analysis_unit; Audit_mean_once; pool_resources_N_sum_except_wall,task,hpobench:nasbench101:C,3,3,0,1,1,1,0.3333333333333333,0.3333333333333333,0.3333333333333333,3,3,0,3,3,3,True,0.5773502691896257
deepseek-v4-flash-0731,expgym,tuning,cost_free,single,1,duplicate_action_attempts,count,,planned_analysis_unit; Audit_mean_once; pool_resources_N_sum_except_wall,task,hpobench:nasbench201:cifar10-valid,3,3,0,1,1,1,0.0,0.0,0.0,3,3,0,3,3,3,True,0.0
deepseek-v4-flash-0731,expgym,tuning,cost_free,single,1,duplicate_action_attempts,count,,planned_analysis_unit; Audit_mean_once; pool_resources_N_sum_except_wall,task,hpobench:nasbench201:cifar100,3,3,0,1,1,1,0.0,0.0,0.0,3,3,0,3,3,3,True,0.0
deepseek-v4-flash-0731,expgym,tuning,cost_free,single,1,duplicate_action_attempts,count,,planned_analysis_unit; Audit_mean_once; pool_resources_N_sum_except_wall,task,hpobench:nasbench201:imagenet16-120,3,3,0,1,1,1,0.0,0.0,0.0,3,3,0,3,3,3,True,0.0
deepseek-v4-flash-0731,expgym,tuning,cost_free,single,1,duplicate_action_attempts,count,,planned_analysis_unit; Audit_mean_once; pool_resources_N_sum_except_wall,task,hpobench:paramnet:adult:steps,3,3,0,1,1,1,0.0,0.0,0.0,3,3,0,3,3,3,True,0.0
deepseek-v4-flash-0731,expgym,tuning,cost_free,single,1,duplicate_action_attempts,count,,planned_analysis_unit; Audit_mean_once; pool_resources_N_sum_except_wall,task,hpobench:paramnet:higgs:steps,3,3,0,1,1,1,0.0,0.0,0.0,3,3,0,3,3,3,True,0.0
deepseek-v4-flash-0731,expgym,tuning,cost_free,single,1,duplicate_action_attempts,count,,planned_analysis_unit; Audit_mean_once; pool_resources_N_sum_except_wall,task,hpobench:paramnet:letter:steps,3,3,0,1,1,1,0.0,0.0,0.0,3,3,0,3,3,3,True,0.0
deepseek-v4-flash-0731,expgym,tuning,cost_free,single,1,feedback_attempts,count,,planned_analysis_unit; Audit_mean_once; pool_resources_N_sum_except_wall,all,all,27,27,0,9,9,9,16.407407407407405,16.407407407407405,16.407407407407405,27,27,0,3,3,3,True,5.178699647706194
deepseek-v4-flash-0731,expgym,tuning,cost_free,single,1,feedback_attempts,count,,planned_analysis_unit; Audit_mean_once; pool_resources_N_sum_except_wall,family,nasbench101,9,9,0,3,3,3,15.777777777777779,15.777777777777779,15.777777777777779,9,9,0,3,3,3,True,9.43594388691651
deepseek-v4-flash-0731,expgym,tuning,cost_free,single,1,feedback_attempts,count,,planned_analysis_unit; Audit_mean_once; pool_resources_N_sum_except_wall,family,nasbench201,9,9,0,3,3,3,20.333333333333332,20.333333333333332,20.333333333333332,9,9,0,3,3,3,True,7.172478263783338
deepseek-v4-flash-0731,expgym,tuning,cost_free,single,1,feedback_attempts,count,,planned_analysis_unit; Audit_mean_once; pool_resources_N_sum_except_wall,family,paramnet,9,9,0,3,3,3,13.111111111111112,13.111111111111112,13.111111111111112,9,9,0,3,3,3,True,6.076670628389031
deepseek-v4-flash-0731,expgym,tuning,cost_free,single,1,feedback_attempts,count,,planned_analysis_unit; Audit_mean_once; pool_resources_N_sum_except_wall,task,hpobench:nasbench101:A,3,3,0,1,1,1,14.333333333333334,14.333333333333334,14.333333333333334,3,3,0,3,3,3,True,14.502873278538061
deepseek-v4-flash-0731,expgym,tuning,cost_free,single,1,feedback_attempts,count,,planned_analysis_unit; Audit_mean_once; pool_resources_N_sum_except_wall,task,hpobench:nasbench101:B,3,3,0,1,1,1,22.0,22.0,22.0,3,3,0,3,3,3,True,12.12435565298214
deepseek-v4-flash-0731,expgym,tuning,cost_free,single,1,feedback_attempts,count,,planned_analysis_unit; Audit_mean_once; pool_resources_N_sum_except_wall,task,hpobench:nasbench101:C,3,3,0,1,1,1,11.0,11.0,11.0,3,3,0,3,3,3,True,10.535653752852738
deepseek-v4-flash-0731,expgym,tuning,cost_free,single,1,feedback_attempts,count,,planned_analysis_unit; Audit_mean_once; pool_resources_N_sum_except_wall,task,hpobench:nasbench201:cifar10-valid,3,3,0,1,1,1,16.333333333333332,16.333333333333332,16.333333333333332,3,3,0,3,3,3,True,12.055427546683417
deepseek-v4-flash-0731,expgym,tuning,cost_free,single,1,feedback_attempts,count,,planned_analysis_unit; Audit_mean_once; pool_resources_N_sum_except_wall,task,hpobench:nasbench201:cifar100,3,3,0,1,1,1,19.333333333333332,19.333333333333332,19.333333333333332,3,3,0,3,3,3,True,4.932882862316247
deepseek-v4-flash-0731,expgym,tuning,cost_free,single,1,feedback_attempts,count,,planned_analysis_unit; Audit_mean_once; pool_resources_N_sum_except_wall,task,hpobench:nasbench201:imagenet16-120,3,3,0,1,1,1,25.333333333333332,25.333333333333332,25.333333333333332,3,3,0,3,3,3,True,6.3508529610858835
deepseek-v4-flash-0731,expgym,tuning,cost_free,single,1,feedback_attempts,count,,planned_analysis_unit; Audit_mean_once; pool_resources_N_sum_except_wall,task,hpobench:paramnet:adult:steps,3,3,0,1,1,1,5.666666666666667,5.666666666666667,5.666666666666667,3,3,0,3,3,3,True,4.509249752822894
deepseek-v4-flash-0731,expgym,tuning,cost_free,single,1,feedback_attempts,count,,planned_analysis_unit; Audit_mean_once; pool_resources_N_sum_except_wall,task,hpobench:paramnet:higgs:steps,3,3,0,1,1,1,13.333333333333334,13.333333333333334,13.333333333333334,3,3,0,3,3,3,True,14.294521094927712
deepseek-v4-flash-0731,expgym,tuning,cost_free,single,1,feedback_attempts,count,,planned_analysis_unit; Audit_mean_once; pool_resources_N_sum_except_wall,task,hpobench:paramnet:letter:steps,3,3,0,1,1,1,20.333333333333332,20.333333333333332,20.333333333333332,3,3,0,3,3,3,True,8.504900548115382
deepseek-v4-flash-0731,expgym,tuning,cost_free,single,1,feedback_cost_seconds,seconds,,planned_analysis_unit; Audit_mean_once; pool_resources_N_sum_except_wall,all,all,27,27,0,9,9,9,216689.80212267404,216689.80212267404,216689.80212267404,27,27,0,3,3,3,True,61675.16890179227
deepseek-v4-flash-0731,expgym,tuning,cost_free,single,1,feedback_cost_seconds,seconds,,planned_analysis_unit; Audit_mean_once; pool_resources_N_sum_except_wall,family,nasbench101,9,9,0,3,3,3,122673.94994099934,122673.94994099934,122673.94994099934,9,9,0,3,3,3,True,57519.45752819029
deepseek-v4-flash-0731,expgym,tuning,cost_free,single,1,feedback_cost_seconds,seconds,,planned_analysis_unit; Audit_mean_once; pool_resources_N_sum_except_wall,family,nasbench201,9,9,0,3,3,3,524384.3993308222,524384.3993308222,524384.3993308222,9,9,0,3,3,3,True,158792.10857958908
deepseek-v4-flash-0731,expgym,tuning,cost_free,single,1,feedback_cost_seconds,seconds,,planned_analysis_unit; Audit_mean_once; pool_resources_N_sum_except_wall,family,paramnet,9,9,0,3,3,3,3011.057096200519,3011.057096200519,3011.057096200519,9,9,0,3,3,3,True,3134.9457230018447
deepseek-v4-flash-0731,expgym,tuning,cost_free,single,1,feedback_cost_seconds,seconds,,planned_analysis_unit; Audit_mean_once; pool_resources_N_sum_except_wall,task,hpobench:nasbench101:A,3,3,0,1,1,1,80605.56189982097,80605.56189982097,80605.56189982097,3,3,0,3,3,3,True,72939.85621711338
deepseek-v4-flash-0731,expgym,tuning,cost_free,single,1,feedback_cost_seconds,seconds,,planned_analysis_unit; Audit_mean_once; pool_resources_N_sum_except_wall,task,hpobench:nasbench101:B,3,3,0,1,1,1,193014.0584716797,193014.0584716797,193014.0584716797,3,3,0,3,3,3,True,109140.80664204119
deepseek-v4-flash-0731,expgym,tuning,cost_free,single,1,feedback_cost_seconds,seconds,,planned_analysis_unit; Audit_mean_once; pool_resources_N_sum_except_wall,task,hpobench:nasbench101:C,3,3,0,1,1,1,94402.22945149739,94402.22945149739,94402.22945149739,3,3,0,3,3,3,True,107060.29281737875
deepseek-v4-flash-0731,expgym,tuning,cost_free,single,1,feedback_cost_seconds,seconds,,planned_analysis_unit; Audit_mean_once; pool_resources_N_sum_except_wall,task,hpobench:nasbench201:cifar10-valid,3,3,0,1,1,1,159972.92832401546,159972.92832401546,159972.92832401546,3,3,0,3,3,3,True,127575.34311677424
deepseek-v4-flash-0731,expgym,tuning,cost_free,single,1,feedback_cost_seconds,seconds,,planned_analysis_unit; Audit_mean_once; pool_resources_N_sum_except_wall,task,hpobench:nasbench201:cifar100,3,3,0,1,1,1,301122.74600539904,301122.74600539904,301122.74600539904,3,3,0,3,3,3,True,99519.72847471153
deepseek-v4-flash-0731,expgym,tuning,cost_free,single,1,feedback_cost_seconds,seconds,,planned_analysis_unit; Audit_mean_once; pool_resources_N_sum_except_wall,task,hpobench:nasbench201:imagenet16-120,3,3,0,1,1,1,1112057.5236630521,1112057.5236630521,1112057.5236630521,3,3,0,3,3,3,True,293965.40383502626
deepseek-v4-flash-0731,expgym,tuning,cost_free,single,1,feedback_cost_seconds,seconds,,planned_analysis_unit; Audit_mean_once; pool_resources_N_sum_except_wall,task,hpobench:paramnet:adult:steps,3,3,0,1,1,1,818.089485359192,818.089485359192,818.089485359192,3,3,0,3,3,3,True,828.0424673481027
deepseek-v4-flash-0731,expgym,tuning,cost_free,single,1,feedback_cost_seconds,seconds,,planned_analysis_unit; Audit_mean_once; pool_resources_N_sum_except_wall,task,hpobench:paramnet:higgs:steps,3,3,0,1,1,1,6673.735479219755,6673.735479219755,6673.735479219755,3,3,0,3,3,3,True,8276.327177598112
deepseek-v4-flash-0731,expgym,tuning,cost_free,single,1,feedback_cost_seconds,seconds,,planned_analysis_unit; Audit_mean_once; pool_resources_N_sum_except_wall,task,hpobench:paramnet:letter:steps,3,3,0,1,1,1,1541.346324022611,1541.346324022611,1541.346324022611,3,3,0,3,3,3,True,545.8819695290049
deepseek-v4-flash-0731,expgym,tuning,cost_free,single,1,feedback_visible,count,,planned_analysis_unit; Audit_mean_once; pool_resources_N_sum_except_wall,all,all,27,27,0,9,9,9,16.407407407407405,16.407407407407405,16.407407407407405,27,27,0,3,3,3,True,5.178699647706194
deepseek-v4-flash-0731,expgym,tuning,cost_free,single,1,feedback_visible,count,,planned_analysis_unit; Audit_mean_once; pool_resources_N_sum_except_wall,family,nasbench101,9,9,0,3,3,3,15.777777777777779,15.777777777777779,15.777777777777779,9,9,0,3,3,3,True,9.43594388691651
deepseek-v4-flash-0731,expgym,tuning,cost_free,single,1,feedback_visible,count,,planned_analysis_unit; Audit_mean_once; pool_resources_N_sum_except_wall,family,nasbench201,9,9,0,3,3,3,20.333333333333332,20.333333333333332,20.333333333333332,9,9,0,3,3,3,True,7.172478263783338
deepseek-v4-flash-0731,expgym,tuning,cost_free,single,1,feedback_visible,count,,planned_analysis_unit; Audit_mean_once; pool_resources_N_sum_except_wall,family,paramnet,9,9,0,3,3,3,13.111111111111112,13.111111111111112,13.111111111111112,9,9,0,3,3,3,True,6.076670628389031
deepseek-v4-flash-0731,expgym,tuning,cost_free,single,1,feedback_visible,count,,planned_analysis_unit; Audit_mean_once; pool_resources_N_sum_except_wall,task,hpobench:nasbench101:A,3,3,0,1,1,1,14.333333333333334,14.333333333333334,14.333333333333334,3,3,0,3,3,3,True,14.502873278538061
deepseek-v4-flash-0731,expgym,tuning,cost_free,single,1,feedback_visible,count,,planned_analysis_unit; Audit_mean_once; pool_resources_N_sum_except_wall,task,hpobench:nasbench101:B,3,3,0,1,1,1,22.0,22.0,22.0,3,3,0,3,3,3,True,12.12435565298214
deepseek-v4-flash-0731,expgym,tuning,cost_free,single,1,feedback_visible,count,,planned_analysis_unit; Audit_mean_once; pool_resources_N_sum_except_wall,task,hpobench:nasbench101:C,3,3,0,1,1,1,11.0,11.0,11.0,3,3,0,3,3,3,True,10.535653752852738
deepseek-v4-flash-0731,expgym,tuning,cost_free,single,1,feedback_visible,count,,planned_analysis_unit; Audit_mean_once; pool_resources_N_sum_except_wall,task,hpobench:nasbench201:cifar10-valid,3,3,0,1,1,1,16.333333333333332,16.333333333333332,16.333333333333332,3,3,0,3,3,3,True,12.055427546683417
deepseek-v4-flash-0731,expgym,tuning,cost_free,single,1,feedback_visible,count,,planned_analysis_unit; Audit_mean_once; pool_resources_N_sum_except_wall,task,hpobench:nasbench201:cifar100,3,3,0,1,1,1,19.333333333333332,19.333333333333332,19.333333333333332,3,3,0,3,3,3,True,4.932882862316247
deepseek-v4-flash-0731,expgym,tuning,cost_free,single,1,feedback_visible,count,,planned_analysis_unit; Audit_mean_once; pool_resources_N_sum_except_wall,task,hpobench:nasbench201:imagenet16-120,3,3,0,1,1,1,25.333333333333332,25.333333333333332,25.333333333333332,3,3,0,3,3,3,True,6.3508529610858835
deepseek-v4-flash-0731,expgym,tuning,cost_free,single,1,feedback_visible,count,,planned_analysis_unit; Audit_mean_once; pool_resources_N_sum_except_wall,task,hpobench:paramnet:adult:steps,3,3,0,1,1,1,5.666666666666667,5.666666666666667,5.666666666666667,3,3,0,3,3,3,True,4.509249752822894
deepseek-v4-flash-0731,expgym,tuning,cost_free,single,1,feedback_visible,count,,planned_analysis_unit; Audit_mean_once; pool_resources_N_sum_except_wall,task,hpobench:paramnet:higgs:steps,3,3,0,1,1,1,13.333333333333334,13.333333333333334,13.333333333333334,3,3,0,3,3,3,True,14.294521094927712
deepseek-v4-flash-0731,expgym,tuning,cost_free,single,1,feedback_visible,count,,planned_analysis_unit; Audit_mean_once; pool_resources_N_sum_except_wall,task,hpobench:paramnet:letter:steps,3,3,0,1,1,1,20.333333333333332,20.333333333333332,20.333333333333332,3,3,0,3,3,3,True,8.504900548115382
deepseek-v4-flash-0731,expgym,tuning,cost_free,single,1,gap,Gap points,True,planned_analysis_unit; Audit_mean_once; pool_resources_N_sum_except_wall,all,all,27,20,7,9,9,3,,81.71846331418183,81.71846331418183,27,20,7,3,3,3,True,
deepseek-v4-flash-0731,expgym,tuning,cost_free,single,1,gap,Gap points,True,planned_analysis_unit; Audit_mean_once; pool_resources_N_sum_except_wall,family,nasbench101,9,7,2,3,3,1,,75.68700624873402,75.68700624873402,9,7,2,3,3,3,True,
deepseek-v4-flash-0731,expgym,tuning,cost_free,single,1,gap,Gap points,True,planned_analysis_unit; Audit_mean_once; pool_resources_N_sum_except_wall,family,nasbench201,9,8,1,3,3,2,,91.7487359052393,91.7487359052393,9,8,1,3,3,3,True,
deepseek-v4-flash-0731,expgym,tuning,cost_free,single,1,gap,Gap points,True,planned_analysis_unit; Audit_mean_once; pool_resources_N_sum_except_wall,family,paramnet,9,5,4,3,3,0,,77.71964778857217,77.71964778857217,9,5,4,3,3,3,True,
deepseek-v4-flash-0731,expgym,tuning,cost_free,single,1,gap,Gap points,True,planned_analysis_unit; Audit_mean_once; pool_resources_N_sum_except_wall,task,hpobench:nasbench101:A,3,2,1,1,1,0,,49.641661713224934,49.641661713224934,3,2,1,3,3,3,True,
deepseek-v4-flash-0731,expgym,tuning,cost_free,single,1,gap,Gap points,True,planned_analysis_unit; Audit_mean_once; pool_resources_N_sum_except_wall,task,hpobench:nasbench101:B,3,3,0,1,1,1,86.80291150450755,86.80291150450755,86.80291150450755,3,3,0,3,3,3,True,17.1487487626429
deepseek-v4-flash-0731,expgym,tuning,cost_free,single,1,gap,Gap points,True,planned_analysis_unit; Audit_mean_once; pool_resources_N_sum_except_wall,task,hpobench:nasbench101:C,3,2,1,1,1,0,,90.61644552846958,90.61644552846958,3,2,1,3,3,3,True,
deepseek-v4-flash-0731,expgym,tuning,cost_free,single,1,gap,Gap points,True,planned_analysis_unit; Audit_mean_once; pool_resources_N_sum_except_wall,task,hpobench:nasbench201:cifar10-valid,3,2,1,1,1,0,,91.15577238266212,91.15577238266212,3,2,1,3,3,3,True,
deepseek-v4-flash-0731,expgym,tuning,cost_free,single,1,gap,Gap points,True,planned_analysis_unit; Audit_mean_once; pool_resources_N_sum_except_wall,task,hpobench:nasbench201:cifar100,3,3,0,1,1,1,94.24854359018077,94.24854359018077,94.24854359018077,3,3,0,3,3,3,True,7.908420118103161
deepseek-v4-flash-0731,expgym,tuning,cost_free,single,1,gap,Gap points,True,planned_analysis_unit; Audit_mean_once; pool_resources_N_sum_except_wall,task,hpobench:nasbench201:imagenet16-120,3,3,0,1,1,1,89.84189174287503,89.84189174287503,89.84189174287503,3,3,0,3,3,3,True,5.573973473264619
deepseek-v4-flash-0731,expgym,tuning,cost_free,single,1,gap,Gap points,True,planned_analysis_unit; Audit_mean_once; pool_resources_N_sum_except_wall,task,hpobench:paramnet:adult:steps,3,2,1,1,1,0,,83.53401573713175,83.53401573713175,3,2,1,3,3,3,True,
deepseek-v4-flash-0731,expgym,tuning,cost_free,single,1,gap,Gap points,True,planned_analysis_unit; Audit_mean_once; pool_resources_N_sum_except_wall,task,hpobench:paramnet:higgs:steps,3,2,1,1,1,0,,57.33611050985267,57.33611050985267,3,2,1,3,3,3,True,
deepseek-v4-flash-0731,expgym,tuning,cost_free,single,1,gap,Gap points,True,planned_analysis_unit; Audit_mean_once; pool_resources_N_sum_except_wall,task,hpobench:paramnet:letter:steps,3,1,2,1,1,0,,92.28881711873208,92.28881711873208,3,1,2,3,3,3,True,
deepseek-v4-flash-0731,expgym,tuning,cost_free,single,1,input_tokens,tokens,,planned_analysis_unit; Audit_mean_once; pool_resources_N_sum_except_wall,all,all,27,27,0,9,9,9,148796.74074074076,148796.74074074076,148796.74074074076,27,27,0,3,3,3,True,64728.06583532289
deepseek-v4-flash-0731,expgym,tuning,cost_free,single,1,input_tokens,tokens,,planned_analysis_unit; Audit_mean_once; pool_resources_N_sum_except_wall,family,nasbench101,9,9,0,3,3,3,242897.8888888889,242897.8888888889,242897.8888888889,9,9,0,3,3,3,True,162191.09217570536
deepseek-v4-flash-0731,expgym,tuning,cost_free,single,1,input_tokens,tokens,,planned_analysis_unit; Audit_mean_once; pool_resources_N_sum_except_wall,family,nasbench201,9,9,0,3,3,3,128627.88888888889,128627.88888888889,128627.88888888889,9,9,0,3,3,3,True,45355.87675304091
deepseek-v4-flash-0731,expgym,tuning,cost_free,single,1,input_tokens,tokens,,planned_analysis_unit; Audit_mean_once; pool_resources_N_sum_except_wall,family,paramnet,9,9,0,3,3,3,74864.44444444445,74864.44444444445,74864.44444444445,9,9,0,3,3,3,True,36921.761457819804
deepseek-v4-flash-0731,expgym,tuning,cost_free,single,1,input_tokens,tokens,,planned_analysis_unit; Audit_mean_once; pool_resources_N_sum_except_wall,task,hpobench:nasbench101:A,3,3,0,1,1,1,212697.0,212697.0,212697.0,3,3,0,3,3,3,True,233183.3748340563
deepseek-v4-flash-0731,expgym,tuning,cost_free,single,1,input_tokens,tokens,,planned_analysis_unit; Audit_mean_once; pool_resources_N_sum_except_wall,task,hpobench:nasbench101:B,3,3,0,1,1,1,318282.6666666667,318282.6666666667,318282.6666666667,3,3,0,3,3,3,True,169810.791825294
deepseek-v4-flash-0731,expgym,tuning,cost_free,single,1,input_tokens,tokens,,planned_analysis_unit; Audit_mean_once; pool_resources_N_sum_except_wall,task,hpobench:nasbench101:C,3,3,0,1,1,1,197714.0,197714.0,197714.0,3,3,0,3,3,3,True,196648.97960833664
deepseek-v4-flash-0731,expgym,tuning,cost_free,single,1,input_tokens,tokens,,planned_analysis_unit; Audit_mean_once; pool_resources_N_sum_except_wall,task,hpobench:nasbench201:cifar10-valid,3,3,0,1,1,1,91826.66666666667,91826.66666666667,91826.66666666667,3,3,0,3,3,3,True,80609.41833516312
deepseek-v4-flash-0731,expgym,tuning,cost_free,single,1,input_tokens,tokens,,planned_analysis_unit; Audit_mean_once; pool_resources_N_sum_except_wall,task,hpobench:nasbench201:cifar100,3,3,0,1,1,1,121192.66666666667,121192.66666666667,121192.66666666667,3,3,0,3,3,3,True,32615.97064833934
deepseek-v4-flash-0731,expgym,tuning,cost_free,single,1,input_tokens,tokens,,planned_analysis_unit; Audit_mean_once; pool_resources_N_sum_except_wall,task,hpobench:nasbench201:imagenet16-120,3,3,0,1,1,1,172864.33333333334,172864.33333333334,172864.33333333334,3,3,0,3,3,3,True,61259.582812269735
deepseek-v4-flash-0731,expgym,tuning,cost_free,single,1,input_tokens,tokens,,planned_analysis_unit; Audit_mean_once; pool_resources_N_sum_except_wall,task,hpobench:paramnet:adult:steps,3,3,0,1,1,1,25799.333333333332,25799.333333333332,25799.333333333332,3,3,0,3,3,3,True,20621.509264196287
deepseek-v4-flash-0731,expgym,tuning,cost_free,single,1,input_tokens,tokens,,planned_analysis_unit; Audit_mean_once; pool_resources_N_sum_except_wall,task,hpobench:paramnet:higgs:steps,3,3,0,1,1,1,77145.0,77145.0,77145.0,3,3,0,3,3,3,True,82632.11710346045
deepseek-v4-flash-0731,expgym,tuning,cost_free,single,1,input_tokens,tokens,,planned_analysis_unit; Audit_mean_once; pool_resources_N_sum_except_wall,task,hpobench:paramnet:letter:steps,3,3,0,1,1,1,121649.0,121649.0,121649.0,3,3,0,3,3,3,True,58123.04337351925
deepseek-v4-flash-0731,expgym,tuning,cost_free,single,1,output_tokens,tokens,,planned_analysis_unit; Audit_mean_once; pool_resources_N_sum_except_wall,all,all,27,27,0,9,9,9,12851.222222222223,12851.222222222223,12851.222222222223,27,27,0,3,3,3,True,6707.508632076646
deepseek-v4-flash-0731,expgym,tuning,cost_free,single,1,output_tokens,tokens,,planned_analysis_unit; Audit_mean_once; pool_resources_N_sum_except_wall,family,nasbench101,9,9,0,3,3,3,22921.777777777777,22921.777777777777,22921.777777777777,9,9,0,3,3,3,True,14813.73356920055
deepseek-v4-flash-0731,expgym,tuning,cost_free,single,1,output_tokens,tokens,,planned_analysis_unit; Audit_mean_once; pool_resources_N_sum_except_wall,family,nasbench201,9,9,0,3,3,3,10226.555555555555,10226.555555555555,10226.555555555555,9,9,0,3,3,3,True,5482.477606311193
deepseek-v4-flash-0731,expgym,tuning,cost_free,single,1,output_tokens,tokens,,planned_analysis_unit; Audit_mean_once; pool_resources_N_sum_except_wall,family,paramnet,9,9,0,3,3,3,5405.333333333333,5405.333333333333,5405.333333333333,9,9,0,3,3,3,True,1146.0908922652397
deepseek-v4-flash-0731,expgym,tuning,cost_free,single,1,output_tokens,tokens,,planned_analysis_unit; Audit_mean_once; pool_resources_N_sum_except_wall,task,hpobench:nasbench101:A,3,3,0,1,1,1,28021.333333333332,28021.333333333332,28021.333333333332,3,3,0,3,3,3,True,29661.91100272087
deepseek-v4-flash-0731,expgym,tuning,cost_free,single,1,output_tokens,tokens,,planned_analysis_unit; Audit_mean_once; pool_resources_N_sum_except_wall,task,hpobench:nasbench101:B,3,3,0,1,1,1,25166.666666666668,25166.666666666668,25166.666666666668,3,3,0,3,3,3,True,13995.732825877083
deepseek-v4-flash-0731,expgym,tuning,cost_free,single,1,output_tokens,tokens,,planned_analysis_unit; Audit_mean_once; pool_resources_N_sum_except_wall,task,hpobench:nasbench101:C,3,3,0,1,1,1,15577.333333333334,15577.333333333334,15577.333333333334,3,3,0,3,3,3,True,8404.899543321939
deepseek-v4-flash-0731,expgym,tuning,cost_free,single,1,output_tokens,tokens,,planned_analysis_unit; Audit_mean_once; pool_resources_N_sum_except_wall,task,hpobench:nasbench201:cifar10-valid,3,3,0,1,1,1,15973.0,15973.0,15973.0,3,3,0,3,3,3,True,16697.615368668667
deepseek-v4-flash-0731,expgym,tuning,cost_free,single,1,output_tokens,tokens,,planned_analysis_unit; Audit_mean_once; pool_resources_N_sum_except_wall,task,hpobench:nasbench201:cifar100,3,3,0,1,1,1,6728.333333333333,6728.333333333333,6728.333333333333,3,3,0,3,3,3,True,1396.9489372676917
deepseek-v4-flash-0731,expgym,tuning,cost_free,single,1,output_tokens,tokens,,planned_analysis_unit; Audit_mean_once; pool_resources_N_sum_except_wall,task,hpobench:nasbench201:imagenet16-120,3,3,0,1,1,1,7978.333333333333,7978.333333333333,7978.333333333333,3,3,0,3,3,3,True,1575.6206184654138
deepseek-v4-flash-0731,expgym,tuning,cost_free,single,1,output_tokens,tokens,,planned_analysis_unit; Audit_mean_once; pool_resources_N_sum_except_wall,task,hpobench:paramnet:adult:steps,3,3,0,1,1,1,3052.3333333333335,3052.3333333333335,3052.3333333333335,3,3,0,3,3,3,True,1251.8915022210724
deepseek-v4-flash-0731,expgym,tuning,cost_free,single,1,output_tokens,tokens,,planned_analysis_unit; Audit_mean_once; pool_resources_N_sum_except_wall,task,hpobench:paramnet:higgs:steps,3,3,0,1,1,1,5858.666666666667,5858.666666666667,5858.666666666667,3,3,0,3,3,3,True,1934.1112515399245
deepseek-v4-flash-0731,expgym,tuning,cost_free,single,1,output_tokens,tokens,,planned_analysis_unit; Audit_mean_once; pool_resources_N_sum_except_wall,task,hpobench:paramnet:letter:steps,3,3,0,1,1,1,7305.0,7305.0,7305.0,3,3,0,3,3,3,True,1402.4649728246336
deepseek-v4-flash-0731,expgym,tuning,cost_free,single,1,protocol_failure_rate,fraction,,planned_analysis_unit; Audit_mean_once; pool_resources_N_sum_except_wall,all,all,27,27,0,9,9,9,0.15922797847370862,0.15922797847370862,0.15922797847370862,27,27,0,3,3,3,True,0.07415471150535193
deepseek-v4-flash-0731,expgym,tuning,cost_free,single,1,protocol_failure_rate,fraction,,planned_analysis_unit; Audit_mean_once; pool_resources_N_sum_except_wall,family,nasbench101,9,9,0,3,3,3,0.14064802159678821,0.14064802159678821,0.14064802159678821,9,9,0,3,3,3,True,0.08064411037622916
deepseek-v4-flash-0731,expgym,tuning,cost_free,single,1,protocol_failure_rate,fraction,,planned_analysis_unit; Audit_mean_once; pool_resources_N_sum_except_wall,family,nasbench201,9,9,0,3,3,3,0.10226928831437415,0.10226928831437415,0.10226928831437415,9,9,0,3,3,3,True,0.07989902311291999
deepseek-v4-flash-0731,expgym,tuning,cost_free,single,1,protocol_failure_rate,fraction,,planned_analysis_unit; Audit_mean_once; pool_resources_N_sum_except_wall,family,paramnet,9,9,0,3,3,3,0.23476662550996352,0.23476662550996352,0.23476662550996352,9,9,0,3,3,3,True,0.11246278887638538
deepseek-v4-flash-0731,expgym,tuning,cost_free,single,1,protocol_failure_rate,fraction,,planned_analysis_unit; Audit_mean_once; pool_resources_N_sum_except_wall,task,hpobench:nasbench101:A,3,3,0,1,1,1,0.06957621758380772,0.06957621758380772,0.06957621758380772,3,3,0,3,3,3,True,0.09396781650817851
deepseek-v4-flash-0731,expgym,tuning,cost_free,single,1,protocol_failure_rate,fraction,,planned_analysis_unit; Audit_mean_once; pool_resources_N_sum_except_wall,task,hpobench:nasbench101:B,3,3,0,1,1,1,0.08211143695014662,0.08211143695014662,0.08211143695014662,3,3,0,3,3,3,True,0.08634857398437218
deepseek-v4-flash-0731,expgym,tuning,cost_free,single,1,protocol_failure_rate,fraction,,planned_analysis_unit; Audit_mean_once; pool_resources_N_sum_except_wall,task,hpobench:nasbench101:C,3,3,0,1,1,1,0.2702564102564103,0.2702564102564103,0.2702564102564103,3,3,0,3,3,3,True,0.212766134541871
deepseek-v4-flash-0731,expgym,tuning,cost_free,single,1,protocol_failure_rate,fraction,,planned_analysis_unit; Audit_mean_once; pool_resources_N_sum_except_wall,task,hpobench:nasbench201:cifar10-valid,3,3,0,1,1,1,0.17278972520908006,0.17278972520908006,0.17278972520908006,3,3,0,3,3,3,True,0.17950263831652202
deepseek-v4-flash-0731,expgym,tuning,cost_free,single,1,protocol_failure_rate,fraction,,planned_analysis_unit; Audit_mean_once; pool_resources_N_sum_except_wall,task,hpobench:nasbench201:cifar100,3,3,0,1,1,1,0.08076673164392463,0.08076673164392463,0.08076673164392463,3,3,0,3,3,3,True,0.03796234780101163
deepseek-v4-flash-0731,expgym,tuning,cost_free,single,1,protocol_failure_rate,fraction,,planned_analysis_unit; Audit_mean_once; pool_resources_N_sum_except_wall,task,hpobench:nasbench201:imagenet16-120,3,3,0,1,1,1,0.05325140809011777,0.05325140809011777,0.05325140809011777,3,3,0,3,3,3,True,0.03636153769089809
deepseek-v4-flash-0731,expgym,tuning,cost_free,single,1,protocol_failure_rate,fraction,,planned_analysis_unit; Audit_mean_once; pool_resources_N_sum_except_wall,task,hpobench:paramnet:adult:steps,3,3,0,1,1,1,0.32905982905982906,0.32905982905982906,0.32905982905982906,3,3,0,3,3,3,True,0.1731164880387102
deepseek-v4-flash-0731,expgym,tuning,cost_free,single,1,protocol_failure_rate,fraction,,planned_analysis_unit; Audit_mean_once; pool_resources_N_sum_except_wall,task,hpobench:paramnet:higgs:steps,3,3,0,1,1,1,0.2543424317617866,0.2543424317617866,0.2543424317617866,3,3,0,3,3,3,True,0.23476030628350697
deepseek-v4-flash-0731,expgym,tuning,cost_free,single,1,protocol_failure_rate,fraction,,planned_analysis_unit; Audit_mean_once; pool_resources_N_sum_except_wall,task,hpobench:paramnet:letter:steps,3,3,0,1,1,1,0.1208976157082749,0.1208976157082749,0.1208976157082749,3,3,0,3,3,3,True,0.08427667170892336
deepseek-v4-flash-0731,expgym,tuning,cost_free,single,1,raw_perf,fraction,True,planned_analysis_unit; Audit_mean_once; pool_resources_N_sum_except_wall,all,all,27,20,7,9,9,3,,0.7584435734830887,0.7584435734830887,27,20,7,3,3,3,True,
deepseek-v4-flash-0731,expgym,tuning,cost_free,single,1,raw_perf,fraction,True,planned_analysis_unit; Audit_mean_once; pool_resources_N_sum_except_wall,family,nasbench101,9,7,2,3,3,1,,0.7594614282802299,0.7594614282802299,9,7,2,3,3,3,True,
deepseek-v4-flash-0731,expgym,tuning,cost_free,single,1,raw_perf,fraction,True,planned_analysis_unit; Audit_mean_once; pool_resources_N_sum_except_wall,family,nasbench201,9,8,1,3,3,2,,0.6973582715033637,0.6973582715033637,9,8,1,3,3,3,True,
deepseek-v4-flash-0731,expgym,tuning,cost_free,single,1,raw_perf,fraction,True,planned_analysis_unit; Audit_mean_once; pool_resources_N_sum_except_wall,family,paramnet,9,5,4,3,3,0,,0.8185110206656723,0.8185110206656723,9,5,4,3,3,3,True,
deepseek-v4-flash-0731,expgym,tuning,cost_free,single,1,raw_perf,fraction,True,planned_analysis_unit; Audit_mean_once; pool_resources_N_sum_except_wall,task,hpobench:nasbench101:A,3,2,1,1,1,0,,0.4705194930235545,0.4705194930235545,3,2,1,3,3,3,True,
deepseek-v4-flash-0731,expgym,tuning,cost_free,single,1,raw_perf,fraction,True,planned_analysis_unit; Audit_mean_once; pool_resources_N_sum_except_wall,task,hpobench:nasbench101:B,3,3,0,1,1,1,0.9153200652864243,0.9153200652864243,0.9153200652864243,3,3,0,3,3,3,True,0.043702048041740375
deepseek-v4-flash-0731,expgym,tuning,cost_free,single,1,raw_perf,fraction,True,planned_analysis_unit; Audit_mean_once; pool_resources_N_sum_except_wall,task,hpobench:nasbench101:C,3,2,1,1,1,0,,0.8925447265307108,0.8925447265307108,3,2,1,3,3,3,True,
deepseek-v4-flash-0731,expgym,tuning,cost_free,single,1,raw_perf,fraction,True,planned_analysis_unit; Audit_mean_once; pool_resources_N_sum_except_wall,task,hpobench:nasbench201:cifar10-valid,3,2,1,1,1,0,,0.9090266665201823,0.9090266665201823,3,2,1,3,3,3,True,
deepseek-v4-flash-0731,expgym,tuning,cost_free,single,1,raw_perf,fraction,True,planned_analysis_unit; Audit_mean_once; pool_resources_N_sum_except_wall,task,hpobench:nasbench201:cifar100,3,3,0,1,1,1,0.728011111111111,0.728011111111111,0.728011111111111,3,3,0,3,3,3,True,0.009655760130808067
deepseek-v4-flash-0731,expgym,tuning,cost_free,single,1,raw_perf,fraction,True,planned_analysis_unit; Audit_mean_once; pool_resources_N_sum_except_wall,task,hpobench:nasbench201:imagenet16-120,3,3,0,1,1,1,0.4550370368787977,0.4550370368787977,0.4550370368787977,3,3,0,3,3,3,True,0.007356934318727288
deepseek-v4-flash-0731,expgym,tuning,cost_free,single,1,raw_perf,fraction,True,planned_analysis_unit; Audit_mean_once; pool_resources_N_sum_except_wall,task,hpobench:paramnet:adult:steps,3,2,1,1,1,0,,0.8469490722837272,0.8469490722837272,3,2,1,3,3,3,True,
deepseek-v4-flash-0731,expgym,tuning,cost_free,single,1,raw_perf,fraction,True,planned_analysis_unit; Audit_mean_once; pool_resources_N_sum_except_wall,task,hpobench:paramnet:higgs:steps,3,2,1,1,1,0,,0.6839345090864466,0.6839345090864466,3,2,1,3,3,3,True,
deepseek-v4-flash-0731,expgym,tuning,cost_free,single,1,raw_perf,fraction,True,planned_analysis_unit; Audit_mean_once; pool_resources_N_sum_except_wall,task,hpobench:paramnet:letter:steps,3,1,2,1,1,0,,0.9246494806268429,0.9246494806268429,3,1,2,3,3,3,True,
deepseek-v4-flash-0731,expgym,tuning,cost_free,single,1,wall_time_seconds,seconds,,planned_analysis_unit; Audit_mean_once; pool_resources_N_sum_except_wall,all,all,27,27,0,9,9,9,152.04006954475688,152.04006954475688,152.04006954475688,27,27,0,3,3,3,True,80.60809451708455
deepseek-v4-flash-0731,expgym,tuning,cost_free,single,1,wall_time_seconds,seconds,,planned_analysis_unit; Audit_mean_once; pool_resources_N_sum_except_wall,family,nasbench101,9,9,0,3,3,3,267.45531532499524,267.45531532499524,267.45531532499524,9,9,0,3,3,3,True,175.3514529575093
deepseek-v4-flash-0731,expgym,tuning,cost_free,single,1,wall_time_seconds,seconds,,planned_analysis_unit; Audit_mean_once; pool_resources_N_sum_except_wall,family,nasbench201,9,9,0,3,3,3,119.99020436074998,119.99020436074998,119.99020436074998,9,9,0,3,3,3,True,65.19286680272624
deepseek-v4-flash-0731,expgym,tuning,cost_free,single,1,wall_time_seconds,seconds,,planned_analysis_unit; Audit_mean_once; pool_resources_N_sum_except_wall,family,paramnet,9,9,0,3,3,3,68.67468894852531,68.67468894852531,68.67468894852531,9,9,0,3,3,3,True,14.408194749896316
deepseek-v4-flash-0731,expgym,tuning,cost_free,single,1,wall_time_seconds,seconds,,planned_analysis_unit; Audit_mean_once; pool_resources_N_sum_except_wall,task,hpobench:nasbench101:A,3,3,0,1,1,1,331.3222995599111,331.3222995599111,331.3222995599111,3,3,0,3,3,3,True,354.79813588747226
deepseek-v4-flash-0731,expgym,tuning,cost_free,single,1,wall_time_seconds,seconds,,planned_analysis_unit; Audit_mean_once; pool_resources_N_sum_except_wall,task,hpobench:nasbench101:B,3,3,0,1,1,1,292.42502999305725,292.42502999305725,292.42502999305725,3,3,0,3,3,3,True,164.3834901948808
deepseek-v4-flash-0731,expgym,tuning,cost_free,single,1,wall_time_seconds,seconds,,planned_analysis_unit; Audit_mean_once; pool_resources_N_sum_except_wall,task,hpobench:nasbench101:C,3,3,0,1,1,1,178.61861642201742,178.61861642201742,178.61861642201742,3,3,0,3,3,3,True,96.67026203101669
deepseek-v4-flash-0731,expgym,tuning,cost_free,single,1,wall_time_seconds,seconds,,planned_analysis_unit; Audit_mean_once; pool_resources_N_sum_except_wall,task,hpobench:nasbench201:cifar10-valid,3,3,0,1,1,1,188.52868103981018,188.52868103981018,188.52868103981018,3,3,0,3,3,3,True,195.44012203680313
deepseek-v4-flash-0731,expgym,tuning,cost_free,single,1,wall_time_seconds,seconds,,planned_analysis_unit; Audit_mean_once; pool_resources_N_sum_except_wall,task,hpobench:nasbench201:cifar100,3,3,0,1,1,1,77.20051693916321,77.20051693916321,77.20051693916321,3,3,0,3,3,3,True,17.7384419907887
deepseek-v4-flash-0731,expgym,tuning,cost_free,single,1,wall_time_seconds,seconds,,planned_analysis_unit; Audit_mean_once; pool_resources_N_sum_except_wall,task,hpobench:nasbench201:imagenet16-120,3,3,0,1,1,1,94.24141510327657,94.24141510327657,94.24141510327657,3,3,0,3,3,3,True,16.08507890430146
deepseek-v4-flash-0731,expgym,tuning,cost_free,single,1,wall_time_seconds,seconds,,planned_analysis_unit; Audit_mean_once; pool_resources_N_sum_except_wall,task,hpobench:paramnet:adult:steps,3,3,0,1,1,1,38.40538581212362,38.40538581212362,38.40538581212362,3,3,0,3,3,3,True,16.062196541789554
deepseek-v4-flash-0731,expgym,tuning,cost_free,single,1,wall_time_seconds,seconds,,planned_analysis_unit; Audit_mean_once; pool_resources_N_sum_except_wall,task,hpobench:paramnet:higgs:steps,3,3,0,1,1,1,74.46716332435608,74.46716332435608,74.46716332435608,3,3,0,3,3,3,True,22.236707571870856
deepseek-v4-flash-0731,expgym,tuning,cost_free,single,1,wall_time_seconds,seconds,,planned_analysis_unit; Audit_mean_once; pool_resources_N_sum_except_wall,task,hpobench:paramnet:letter:steps,3,3,0,1,1,1,93.15151770909627,93.15151770909627,93.15151770909627,3,3,0,3,3,3,True,23.954323781599463
deepseek-v4-flash-0731,expgym,tuning,cost_moderate,single,1,budget_utilization,fraction,,planned_analysis_unit; Audit_mean_once; pool_resources_N_sum_except_wall,all,all,27,27,0,9,9,9,0.8059421167704235,0.8059421167704235,0.8059421167704235,27,27,0,3,3,3,True,0.16241162470297482
deepseek-v4-flash-0731,expgym,tuning,cost_moderate,single,1,budget_utilization,fraction,,planned_analysis_unit; Audit_mean_once; pool_resources_N_sum_except_wall,family,nasbench101,9,9,0,3,3,3,0.6464246177099556,0.6464246177099556,0.6464246177099556,9,9,0,3,3,3,True,0.17417826754247664
deepseek-v4-flash-0731,expgym,tuning,cost_moderate,single,1,budget_utilization,fraction,,planned_analysis_unit; Audit_mean_once; pool_resources_N_sum_except_wall,family,nasbench201,9,9,0,3,3,3,1.0272560971649909,1.0272560971649909,1.0272560971649909,9,9,0,3,3,3,True,0.011512104223483425
deepseek-v4-flash-0731,expgym,tuning,cost_moderate,single,1,budget_utilization,fraction,,planned_analysis_unit; Audit_mean_once; pool_resources_N_sum_except_wall,family,paramnet,9,9,0,3,3,3,0.744145635436324,0.744145635436324,0.744145635436324,9,9,0,3,3,3,True,0.33318217555997093
deepseek-v4-flash-0731,expgym,tuning,cost_moderate,single,1,budget_utilization,fraction,,planned_analysis_unit; Audit_mean_once; pool_resources_N_sum_except_wall,task,hpobench:nasbench101:A,3,3,0,1,1,1,0.7760588240977621,0.7760588240977621,0.7760588240977621,3,3,0,3,3,3,True,0.6742640717598908
deepseek-v4-flash-0731,expgym,tuning,cost_moderate,single,1,budget_utilization,fraction,,planned_analysis_unit; Audit_mean_once; pool_resources_N_sum_except_wall,task,hpobench:nasbench101:B,3,3,0,1,1,1,0.6121841820877397,0.6121841820877397,0.6121841820877397,3,3,0,3,3,3,True,0.5517742818668206
deepseek-v4-flash-0731,expgym,tuning,cost_moderate,single,1,budget_utilization,fraction,,planned_analysis_unit; Audit_mean_once; pool_resources_N_sum_except_wall,task,hpobench:nasbench101:C,3,3,0,1,1,1,0.551030846944365,0.551030846944365,0.551030846944365,3,3,0,3,3,3,True,0.28251971774574414
deepseek-v4-flash-0731,expgym,tuning,cost_moderate,single,1,budget_utilization,fraction,,planned_analysis_unit; Audit_mean_once; pool_resources_N_sum_except_wall,task,hpobench:nasbench201:cifar10-valid,3,3,0,1,1,1,1.0220267052499532,1.0220267052499532,1.0220267052499532,3,3,0,3,3,3,True,0.04018134842599335
deepseek-v4-flash-0731,expgym,tuning,cost_moderate,single,1,budget_utilization,fraction,,planned_analysis_unit; Audit_mean_once; pool_resources_N_sum_except_wall,task,hpobench:nasbench201:cifar100,3,3,0,1,1,1,1.04266590166374,1.04266590166374,1.04266590166374,3,3,0,3,3,3,True,0.03476791628011793
deepseek-v4-flash-0731,expgym,tuning,cost_moderate,single,1,budget_utilization,fraction,,planned_analysis_unit; Audit_mean_once; pool_resources_N_sum_except_wall,task,hpobench:nasbench201:imagenet16-120,3,3,0,1,1,1,1.0170756845812796,1.0170756845812796,1.0170756845812796,3,3,0,3,3,3,True,0.02214428494488218
deepseek-v4-flash-0731,expgym,tuning,cost_moderate,single,1,budget_utilization,fraction,,planned_analysis_unit; Audit_mean_once; pool_resources_N_sum_except_wall,task,hpobench:paramnet:adult:steps,3,3,0,1,1,1,0.9142136592368026,0.9142136592368026,0.9142136592368026,3,3,0,3,3,3,True,0.0637413838658268
deepseek-v4-flash-0731,expgym,tuning,cost_moderate,single,1,budget_utilization,fraction,,planned_analysis_unit; Audit_mean_once; pool_resources_N_sum_except_wall,task,hpobench:paramnet:higgs:steps,3,3,0,1,1,1,0.6818230950406768,0.6818230950406768,0.6818230950406768,3,3,0,3,3,3,True,0.5175785084136157
deepseek-v4-flash-0731,expgym,tuning,cost_moderate,single,1,budget_utilization,fraction,,planned_analysis_unit; Audit_mean_once; pool_resources_N_sum_except_wall,task,hpobench:paramnet:letter:steps,3,3,0,1,1,1,0.6364001520314921,0.6364001520314921,0.6364001520314921,3,3,0,3,3,3,True,0.5299953228501015
deepseek-v4-flash-0731,expgym,tuning,cost_moderate,single,1,duplicate_action_attempts,count,,planned_analysis_unit; Audit_mean_once; pool_resources_N_sum_except_wall,all,all,27,27,0,9,9,9,0.037037037037037035,0.037037037037037035,0.037037037037037035,27,27,0,3,3,3,True,0.06415002990995841
deepseek-v4-flash-0731,expgym,tuning,cost_moderate,single,1,duplicate_action_attempts,count,,planned_analysis_unit; Audit_mean_once; pool_resources_N_sum_except_wall,family,nasbench101,9,9,0,3,3,3,0.0,0.0,0.0,9,9,0,3,3,3,True,0.0
deepseek-v4-flash-0731,expgym,tuning,cost_moderate,single,1,duplicate_action_attempts,count,,planned_analysis_unit; Audit_mean_once; pool_resources_N_sum_except_wall,family,nasbench201,9,9,0,3,3,3,0.1111111111111111,0.1111111111111111,0.1111111111111111,9,9,0,3,3,3,True,0.19245008972987523
deepseek-v4-flash-0731,expgym,tuning,cost_moderate,single,1,duplicate_action_attempts,count,,planned_analysis_unit; Audit_mean_once; pool_resources_N_sum_except_wall,family,paramnet,9,9,0,3,3,3,0.0,0.0,0.0,9,9,0,3,3,3,True,0.0
deepseek-v4-flash-0731,expgym,tuning,cost_moderate,single,1,duplicate_action_attempts,count,,planned_analysis_unit; Audit_mean_once; pool_resources_N_sum_except_wall,task,hpobench:nasbench101:A,3,3,0,1,1,1,0.0,0.0,0.0,3,3,0,3,3,3,True,0.0
deepseek-v4-flash-0731,expgym,tuning,cost_moderate,single,1,duplicate_action_attempts,count,,planned_analysis_unit; Audit_mean_once; pool_resources_N_sum_except_wall,task,hpobench:nasbench101:B,3,3,0,1,1,1,0.0,0.0,0.0,3,3,0,3,3,3,True,0.0
deepseek-v4-flash-0731,expgym,tuning,cost_moderate,single,1,duplicate_action_attempts,count,,planned_analysis_unit; Audit_mean_once; pool_resources_N_sum_except_wall,task,hpobench:nasbench101:C,3,3,0,1,1,1,0.0,0.0,0.0,3,3,0,3,3,3,True,0.0
deepseek-v4-flash-0731,expgym,tuning,cost_moderate,single,1,duplicate_action_attempts,count,,planned_analysis_unit; Audit_mean_once; pool_resources_N_sum_except_wall,task,hpobench:nasbench201:cifar10-valid,3,3,0,1,1,1,0.3333333333333333,0.3333333333333333,0.3333333333333333,3,3,0,3,3,3,True,0.5773502691896257
deepseek-v4-flash-0731,expgym,tuning,cost_moderate,single,1,duplicate_action_attempts,count,,planned_analysis_unit; Audit_mean_once; pool_resources_N_sum_except_wall,task,hpobench:nasbench201:cifar100,3,3,0,1,1,1,0.0,0.0,0.0,3,3,0,3,3,3,True,0.0
deepseek-v4-flash-0731,expgym,tuning,cost_moderate,single,1,duplicate_action_attempts,count,,planned_analysis_unit; Audit_mean_once; pool_resources_N_sum_except_wall,task,hpobench:nasbench201:imagenet16-120,3,3,0,1,1,1,0.0,0.0,0.0,3,3,0,3,3,3,True,0.0
deepseek-v4-flash-0731,expgym,tuning,cost_moderate,single,1,duplicate_action_attempts,count,,planned_analysis_unit; Audit_mean_once; pool_resources_N_sum_except_wall,task,hpobench:paramnet:adult:steps,3,3,0,1,1,1,0.0,0.0,0.0,3,3,0,3,3,3,True,0.0
deepseek-v4-flash-0731,expgym,tuning,cost_moderate,single,1,duplicate_action_attempts,count,,planned_analysis_unit; Audit_mean_once; pool_resources_N_sum_except_wall,task,hpobench:paramnet:higgs:steps,3,3,0,1,1,1,0.0,0.0,0.0,3,3,0,3,3,3,True,0.0
deepseek-v4-flash-0731,expgym,tuning,cost_moderate,single,1,duplicate_action_attempts,count,,planned_analysis_unit; Audit_mean_once; pool_resources_N_sum_except_wall,task,hpobench:paramnet:letter:steps,3,3,0,1,1,1,0.0,0.0,0.0,3,3,0,3,3,3,True,0.0
deepseek-v4-flash-0731,expgym,tuning,cost_moderate,single,1,feedback_attempts,count,,planned_analysis_unit; Audit_mean_once; pool_resources_N_sum_except_wall,all,all,27,27,0,9,9,9,9.74074074074074,9.74074074074074,9.74074074074074,27,27,0,3,3,3,True,2.4250068940549414
deepseek-v4-flash-0731,expgym,tuning,cost_moderate,single,1,feedback_attempts,count,,planned_analysis_unit; Audit_mean_once; pool_resources_N_sum_except_wall,family,nasbench101,9,9,0,3,3,3,7.111111111111111,7.111111111111111,7.111111111111111,9,9,0,3,3,3,True,1.6442942874387492
deepseek-v4-flash-0731,expgym,tuning,cost_moderate,single,1,feedback_attempts,count,,planned_analysis_unit; Audit_mean_once; pool_resources_N_sum_except_wall,family,nasbench201,9,9,0,3,3,3,12.777777777777779,12.777777777777779,12.777777777777779,9,9,0,3,3,3,True,0.6938886664887112
deepseek-v4-flash-0731,expgym,tuning,cost_moderate,single,1,feedback_attempts,count,,planned_analysis_unit; Audit_mean_once; pool_resources_N_sum_except_wall,family,paramnet,9,9,0,3,3,3,9.333333333333334,9.333333333333334,9.333333333333334,9,9,0,3,3,3,True,6.385748020222672
deepseek-v4-flash-0731,expgym,tuning,cost_moderate,single,1,feedback_attempts,count,,planned_analysis_unit; Audit_mean_once; pool_resources_N_sum_except_wall,task,hpobench:nasbench101:A,3,3,0,1,1,1,3.6666666666666665,3.6666666666666665,3.6666666666666665,3,3,0,3,3,3,True,3.2145502536643185
deepseek-v4-flash-0731,expgym,tuning,cost_moderate,single,1,feedback_attempts,count,,planned_analysis_unit; Audit_mean_once; pool_resources_N_sum_except_wall,task,hpobench:nasbench101:B,3,3,0,1,1,1,6.0,6.0,6.0,3,3,0,3,3,3,True,5.0
deepseek-v4-flash-0731,expgym,tuning,cost_moderate,single,1,feedback_attempts,count,,planned_analysis_unit; Audit_mean_once; pool_resources_N_sum_except_wall,task,hpobench:nasbench101:C,3,3,0,1,1,1,11.666666666666666,11.666666666666666,11.666666666666666,3,3,0,3,3,3,True,7.234178138070235
deepseek-v4-flash-0731,expgym,tuning,cost_moderate,single,1,feedback_attempts,count,,planned_analysis_unit; Audit_mean_once; pool_resources_N_sum_except_wall,task,hpobench:nasbench201:cifar10-valid,3,3,0,1,1,1,13.0,13.0,13.0,3,3,0,3,3,3,True,1.0
deepseek-v4-flash-0731,expgym,tuning,cost_moderate,single,1,feedback_attempts,count,,planned_analysis_unit; Audit_mean_once; pool_resources_N_sum_except_wall,task,hpobench:nasbench201:cifar100,3,3,0,1,1,1,12.333333333333334,12.333333333333334,12.333333333333334,3,3,0,3,3,3,True,1.1547005383792515
deepseek-v4-flash-0731,expgym,tuning,cost_moderate,single,1,feedback_attempts,count,,planned_analysis_unit; Audit_mean_once; pool_resources_N_sum_except_wall,task,hpobench:nasbench201:imagenet16-120,3,3,0,1,1,1,13.0,13.0,13.0,3,3,0,3,3,3,True,0.0
deepseek-v4-flash-0731,expgym,tuning,cost_moderate,single,1,feedback_attempts,count,,planned_analysis_unit; Audit_mean_once; pool_resources_N_sum_except_wall,task,hpobench:paramnet:adult:steps,3,3,0,1,1,1,4.0,4.0,4.0,3,3,0,3,3,3,True,1.7320508075688772
deepseek-v4-flash-0731,expgym,tuning,cost_moderate,single,1,feedback_attempts,count,,planned_analysis_unit; Audit_mean_once; pool_resources_N_sum_except_wall,task,hpobench:paramnet:higgs:steps,3,3,0,1,1,1,11.0,11.0,11.0,3,3,0,3,3,3,True,9.539392014169456
deepseek-v4-flash-0731,expgym,tuning,cost_moderate,single,1,feedback_attempts,count,,planned_analysis_unit; Audit_mean_once; pool_resources_N_sum_except_wall,task,hpobench:paramnet:letter:steps,3,3,0,1,1,1,13.0,13.0,13.0,3,3,0,3,3,3,True,13.74772708486752
deepseek-v4-flash-0731,expgym,tuning,cost_moderate,single,1,feedback_cost_seconds,seconds,,planned_analysis_unit; Audit_mean_once; pool_resources_N_sum_except_wall,all,all,27,27,0,9,9,9,109647.20031333689,109647.20031333689,109647.20031333689,27,27,0,3,3,3,True,2020.719407354453
deepseek-v4-flash-0731,expgym,tuning,cost_moderate,single,1,feedback_cost_seconds,seconds,,planned_analysis_unit; Audit_mean_once; pool_resources_N_sum_except_wall,family,nasbench101,9,9,0,3,3,3,54392.30634562174,54392.30634562174,54392.30634562174,9,9,0,3,3,3,True,7890.536828601219
deepseek-v4-flash-0731,expgym,tuning,cost_moderate,single,1,feedback_cost_seconds,seconds,,planned_analysis_unit; Audit_mean_once; pool_resources_N_sum_except_wall,family,nasbench201,9,9,0,3,3,3,273721.2278003493,273721.2278003493,273721.2278003493,9,9,0,3,3,3,True,4669.979883221188
deepseek-v4-flash-0731,expgym,tuning,cost_moderate,single,1,feedback_cost_seconds,seconds,,planned_analysis_unit; Audit_mean_once; pool_resources_N_sum_except_wall,family,paramnet,9,9,0,3,3,3,828.066794039585,828.066794039585,828.066794039585,9,9,0,3,3,3,True,573.0401715544015
deepseek-v4-flash-0731,expgym,tuning,cost_moderate,single,1,feedback_cost_seconds,seconds,,planned_analysis_unit; Audit_mean_once; pool_resources_N_sum_except_wall,task,hpobench:nasbench101:A,3,3,0,1,1,1,38369.528645833336,38369.528645833336,38369.528645833336,3,3,0,3,3,3,True,33336.6412608283
deepseek-v4-flash-0731,expgym,tuning,cost_moderate,single,1,feedback_cost_seconds,seconds,,planned_analysis_unit; Audit_mean_once; pool_resources_N_sum_except_wall,task,hpobench:nasbench101:B,3,3,0,1,1,1,63070.64900716146,63070.64900716146,63070.64900716146,3,3,0,3,3,3,True,56846.88216562428
deepseek-v4-flash-0731,expgym,tuning,cost_moderate,single,1,feedback_cost_seconds,seconds,,planned_analysis_unit; Audit_mean_once; pool_resources_N_sum_except_wall,task,hpobench:nasbench101:C,3,3,0,1,1,1,61736.741383870445,61736.741383870445,61736.741383870445,3,3,0,3,3,3,True,31653.122229061162
deepseek-v4-flash-0731,expgym,tuning,cost_moderate,single,1,feedback_cost_seconds,seconds,,planned_analysis_unit; Audit_mean_once; pool_resources_N_sum_except_wall,task,hpobench:nasbench201:cifar10-valid,3,3,0,1,1,1,115591.72923164147,115591.72923164147,115591.72923164147,3,3,0,3,3,3,True,4544.530513303709
deepseek-v4-flash-0731,expgym,tuning,cost_moderate,single,1,feedback_cost_seconds,seconds,,planned_analysis_unit; Audit_mean_once; pool_resources_N_sum_except_wall,task,hpobench:nasbench201:cifar100,3,3,0,1,1,1,194346.490294309,194346.490294309,194346.490294309,3,3,0,3,3,3,True,6480.525058990985
deepseek-v4-flash-0731,expgym,tuning,cost_moderate,single,1,feedback_cost_seconds,seconds,,planned_analysis_unit; Audit_mean_once; pool_resources_N_sum_except_wall,task,hpobench:nasbench201:imagenet16-120,3,3,0,1,1,1,511225.4638750975,511225.4638750975,511225.4638750975,3,3,0,3,3,3,True,11130.658725550336
deepseek-v4-flash-0731,expgym,tuning,cost_moderate,single,1,feedback_cost_seconds,seconds,,planned_analysis_unit; Audit_mean_once; pool_resources_N_sum_except_wall,task,hpobench:paramnet:adult:steps,3,3,0,1,1,1,260.9064774751663,260.9064774751663,260.9064774751663,3,3,0,3,3,3,True,18.191086695979422
deepseek-v4-flash-0731,expgym,tuning,cost_moderate,single,1,feedback_cost_seconds,seconds,,planned_analysis_unit; Audit_mean_once; pool_resources_N_sum_except_wall,task,hpobench:paramnet:higgs:steps,3,3,0,1,1,1,1597.900460799535,1597.900460799535,1597.900460799535,3,3,0,3,3,3,True,1212.9817002527795
deepseek-v4-flash-0731,expgym,tuning,cost_moderate,single,1,feedback_cost_seconds,seconds,,planned_analysis_unit; Audit_mean_once; pool_resources_N_sum_except_wall,task,hpobench:paramnet:letter:steps,3,3,0,1,1,1,625.3934438440535,625.3934438440535,625.3934438440535,3,3,0,3,3,3,True,520.8289141987257
deepseek-v4-flash-0731,expgym,tuning,cost_moderate,single,1,feedback_visible,count,,planned_analysis_unit; Audit_mean_once; pool_resources_N_sum_except_wall,all,all,27,27,0,9,9,9,9.37037037037037,9.37037037037037,9.37037037037037,27,27,0,3,3,3,True,2.485348010341869
deepseek-v4-flash-0731,expgym,tuning,cost_moderate,single,1,feedback_visible,count,,planned_analysis_unit; Audit_mean_once; pool_resources_N_sum_except_wall,family,nasbench101,9,9,0,3,3,3,6.777777777777778,6.777777777777778,6.777777777777778,9,9,0,3,3,3,True,1.6442942874387487
deepseek-v4-flash-0731,expgym,tuning,cost_moderate,single,1,feedback_visible,count,,planned_analysis_unit; Audit_mean_once; pool_resources_N_sum_except_wall,family,nasbench201,9,9,0,3,3,3,12.0,12.0,12.0,9,9,0,3,3,3,True,0.5773502691896257
deepseek-v4-flash-0731,expgym,tuning,cost_moderate,single,1,feedback_visible,count,,planned_analysis_unit; Audit_mean_once; pool_resources_N_sum_except_wall,family,paramnet,9,9,0,3,3,3,9.333333333333334,9.333333333333334,9.333333333333334,9,9,0,3,3,3,True,6.385748020222672
deepseek-v4-flash-0731,expgym,tuning,cost_moderate,single,1,feedback_visible,count,,planned_analysis_unit; Audit_mean_once; pool_resources_N_sum_except_wall,task,hpobench:nasbench101:A,3,3,0,1,1,1,3.0,3.0,3.0,3,3,0,3,3,3,True,2.6457513110645907
deepseek-v4-flash-0731,expgym,tuning,cost_moderate,single,1,feedback_visible,count,,planned_analysis_unit; Audit_mean_once; pool_resources_N_sum_except_wall,task,hpobench:nasbench101:B,3,3,0,1,1,1,5.666666666666667,5.666666666666667,5.666666666666667,3,3,0,3,3,3,True,4.509249752822894
deepseek-v4-flash-0731,expgym,tuning,cost_moderate,single,1,feedback_visible,count,,planned_analysis_unit; Audit_mean_once; pool_resources_N_sum_except_wall,task,hpobench:nasbench101:C,3,3,0,1,1,1,11.666666666666666,11.666666666666666,11.666666666666666,3,3,0,3,3,3,True,7.234178138070235
deepseek-v4-flash-0731,expgym,tuning,cost_moderate,single,1,feedback_visible,count,,planned_analysis_unit; Audit_mean_once; pool_resources_N_sum_except_wall,task,hpobench:nasbench201:cifar10-valid,3,3,0,1,1,1,12.333333333333334,12.333333333333334,12.333333333333334,3,3,0,3,3,3,True,1.1547005383792515
deepseek-v4-flash-0731,expgym,tuning,cost_moderate,single,1,feedback_visible,count,,planned_analysis_unit; Audit_mean_once; pool_resources_N_sum_except_wall,task,hpobench:nasbench201:cifar100,3,3,0,1,1,1,11.333333333333334,11.333333333333334,11.333333333333334,3,3,0,3,3,3,True,1.1547005383792515
deepseek-v4-flash-0731,expgym,tuning,cost_moderate,single,1,feedback_visible,count,,planned_analysis_unit; Audit_mean_once; pool_resources_N_sum_except_wall,task,hpobench:nasbench201:imagenet16-120,3,3,0,1,1,1,12.333333333333334,12.333333333333334,12.333333333333334,3,3,0,3,3,3,True,0.5773502691896257
deepseek-v4-flash-0731,expgym,tuning,cost_moderate,single,1,feedback_visible,count,,planned_analysis_unit; Audit_mean_once; pool_resources_N_sum_except_wall,task,hpobench:paramnet:adult:steps,3,3,0,1,1,1,4.0,4.0,4.0,3,3,0,3,3,3,True,1.7320508075688772
deepseek-v4-flash-0731,expgym,tuning,cost_moderate,single,1,feedback_visible,count,,planned_analysis_unit; Audit_mean_once; pool_resources_N_sum_except_wall,task,hpobench:paramnet:higgs:steps,3,3,0,1,1,1,11.0,11.0,11.0,3,3,0,3,3,3,True,9.539392014169456
deepseek-v4-flash-0731,expgym,tuning,cost_moderate,single,1,feedback_visible,count,,planned_analysis_unit; Audit_mean_once; pool_resources_N_sum_except_wall,task,hpobench:paramnet:letter:steps,3,3,0,1,1,1,13.0,13.0,13.0,3,3,0,3,3,3,True,13.74772708486752
deepseek-v4-flash-0731,expgym,tuning,cost_moderate,single,1,gap,Gap points,True,planned_analysis_unit; Audit_mean_once; pool_resources_N_sum_except_wall,all,all,27,25,2,9,9,7,,79.3797025199337,79.3797025199337,27,25,2,3,3,3,True,
deepseek-v4-flash-0731,expgym,tuning,cost_moderate,single,1,gap,Gap points,True,planned_analysis_unit; Audit_mean_once; pool_resources_N_sum_except_wall,family,nasbench101,9,9,0,3,3,3,71.8771348220569,71.8771348220569,71.8771348220569,9,9,0,3,3,3,True,20.68637070400779
deepseek-v4-flash-0731,expgym,tuning,cost_moderate,single,1,gap,Gap points,True,planned_analysis_unit; Audit_mean_once; pool_resources_N_sum_except_wall,family,nasbench201,9,8,1,3,3,2,,90.00851851778101,90.00851851778101,9,8,1,3,3,3,True,
deepseek-v4-flash-0731,expgym,tuning,cost_moderate,single,1,gap,Gap points,True,planned_analysis_unit; Audit_mean_once; pool_resources_N_sum_except_wall,family,paramnet,9,8,1,3,3,2,,76.25345421996319,76.25345421996319,9,8,1,3,3,3,True,
deepseek-v4-flash-0731,expgym,tuning,cost_moderate,single,1,gap,Gap points,True,planned_analysis_unit; Audit_mean_once; pool_resources_N_sum_except_wall,task,hpobench:nasbench101:A,3,3,0,1,1,1,64.14010650417727,64.14010650417727,64.14010650417727,3,3,0,3,3,3,True,55.62853460365767
deepseek-v4-flash-0731,expgym,tuning,cost_moderate,single,1,gap,Gap points,True,planned_analysis_unit; Audit_mean_once; pool_resources_N_sum_except_wall,task,hpobench:nasbench101:B,3,3,0,1,1,1,57.66626811847442,57.66626811847442,57.66626811847442,3,3,0,3,3,3,True,49.94828200418598
deepseek-v4-flash-0731,expgym,tuning,cost_moderate,single,1,gap,Gap points,True,planned_analysis_unit; Audit_mean_once; pool_resources_N_sum_except_wall,task,hpobench:nasbench101:C,3,3,0,1,1,1,93.82502984351903,93.82502984351903,93.82502984351903,3,3,0,3,3,3,True,9.416896357623441
deepseek-v4-flash-0731,expgym,tuning,cost_moderate,single,1,gap,Gap points,True,planned_analysis_unit; Audit_mean_once; pool_resources_N_sum_except_wall,task,hpobench:nasbench201:cifar10-valid,3,3,0,1,1,1,86.13064311457704,86.13064311457704,86.13064311457704,3,3,0,3,3,3,True,4.520879074876122
deepseek-v4-flash-0731,expgym,tuning,cost_moderate,single,1,gap,Gap points,True,planned_analysis_unit; Audit_mean_once; pool_resources_N_sum_except_wall,task,hpobench:nasbench201:cifar100,3,3,0,1,1,1,87.91466121481024,87.91466121481024,87.91466121481024,3,3,0,3,3,3,True,10.92698033810278
deepseek-v4-flash-0731,expgym,tuning,cost_moderate,single,1,gap,Gap points,True,planned_analysis_unit; Audit_mean_once; pool_resources_N_sum_except_wall,task,hpobench:nasbench201:imagenet16-120,3,2,1,1,1,0,,95.98025122395578,95.98025122395578,3,2,1,3,3,3,True,
deepseek-v4-flash-0731,expgym,tuning,cost_moderate,single,1,gap,Gap points,True,planned_analysis_unit; Audit_mean_once; pool_resources_N_sum_except_wall,task,hpobench:paramnet:adult:steps,3,3,0,1,1,1,87.3667258799883,87.3667258799883,87.3667258799883,3,3,0,3,3,3,True,2.501956548789377
deepseek-v4-flash-0731,expgym,tuning,cost_moderate,single,1,gap,Gap points,True,planned_analysis_unit; Audit_mean_once; pool_resources_N_sum_except_wall,task,hpobench:paramnet:higgs:steps,3,3,0,1,1,1,92.65792672511434,92.65792672511434,92.65792672511434,3,3,0,3,3,3,True,5.124961638881938
deepseek-v4-flash-0731,expgym,tuning,cost_moderate,single,1,gap,Gap points,True,planned_analysis_unit; Audit_mean_once; pool_resources_N_sum_except_wall,task,hpobench:paramnet:letter:steps,3,2,1,1,1,0,,48.73571005478691,48.73571005478691,3,2,1,3,3,3,True,
deepseek-v4-flash-0731,expgym,tuning,cost_moderate,single,1,input_tokens,tokens,,planned_analysis_unit; Audit_mean_once; pool_resources_N_sum_except_wall,all,all,27,27,0,9,9,9,74453.03703703704,74453.03703703704,74453.03703703704,27,27,0,3,3,3,True,22573.899169893317
deepseek-v4-flash-0731,expgym,tuning,cost_moderate,single,1,input_tokens,tokens,,planned_analysis_unit; Audit_mean_once; pool_resources_N_sum_except_wall,family,nasbench101,9,9,0,3,3,3,106742.77777777777,106742.77777777777,106742.77777777777,9,9,0,3,3,3,True,35205.497502100014
deepseek-v4-flash-0731,expgym,tuning,cost_moderate,single,1,input_tokens,tokens,,planned_analysis_unit; Audit_mean_once; pool_resources_N_sum_except_wall,family,nasbench201,9,9,0,3,3,3,62312.88888888888,62312.88888888888,62312.88888888888,9,9,0,3,3,3,True,3811.872933252006
deepseek-v4-flash-0731,expgym,tuning,cost_moderate,single,1,input_tokens,tokens,,planned_analysis_unit; Audit_mean_once; pool_resources_N_sum_except_wall,family,paramnet,9,9,0,3,3,3,54303.444444444445,54303.444444444445,54303.444444444445,9,9,0,3,3,3,True,34115.297211292396
deepseek-v4-flash-0731,expgym,tuning,cost_moderate,single,1,input_tokens,tokens,,planned_analysis_unit; Audit_mean_once; pool_resources_N_sum_except_wall,task,hpobench:nasbench101:A,3,3,0,1,1,1,42807.333333333336,42807.333333333336,42807.333333333336,3,3,0,3,3,3,True,34838.82794144104
deepseek-v4-flash-0731,expgym,tuning,cost_moderate,single,1,input_tokens,tokens,,planned_analysis_unit; Audit_mean_once; pool_resources_N_sum_except_wall,task,hpobench:nasbench101:B,3,3,0,1,1,1,90089.0,90089.0,90089.0,3,3,0,3,3,3,True,71534.95263855286
deepseek-v4-flash-0731,expgym,tuning,cost_moderate,single,1,input_tokens,tokens,,planned_analysis_unit; Audit_mean_once; pool_resources_N_sum_except_wall,task,hpobench:nasbench101:C,3,3,0,1,1,1,187332.0,187332.0,187332.0,3,3,0,3,3,3,True,138172.5760489396
deepseek-v4-flash-0731,expgym,tuning,cost_moderate,single,1,input_tokens,tokens,,planned_analysis_unit; Audit_mean_once; pool_resources_N_sum_except_wall,task,hpobench:nasbench201:cifar10-valid,3,3,0,1,1,1,67201.33333333333,67201.33333333333,67201.33333333333,3,3,0,3,3,3,True,11320.628530842858
deepseek-v4-flash-0731,expgym,tuning,cost_moderate,single,1,input_tokens,tokens,,planned_analysis_unit; Audit_mean_once; pool_resources_N_sum_except_wall,task,hpobench:nasbench201:cifar100,3,3,0,1,1,1,56414.0,56414.0,56414.0,3,3,0,3,3,3,True,5198.37397654305
deepseek-v4-flash-0731,expgym,tuning,cost_moderate,single,1,input_tokens,tokens,,planned_analysis_unit; Audit_mean_once; pool_resources_N_sum_except_wall,task,hpobench:nasbench201:imagenet16-120,3,3,0,1,1,1,63323.333333333336,63323.333333333336,63323.333333333336,3,3,0,3,3,3,True,7185.50668591529
deepseek-v4-flash-0731,expgym,tuning,cost_moderate,single,1,input_tokens,tokens,,planned_analysis_unit; Audit_mean_once; pool_resources_N_sum_except_wall,task,hpobench:paramnet:adult:steps,3,3,0,1,1,1,20180.666666666668,20180.666666666668,20180.666666666668,3,3,0,3,3,3,True,7736.384771541119
deepseek-v4-flash-0731,expgym,tuning,cost_moderate,single,1,input_tokens,tokens,,planned_analysis_unit; Audit_mean_once; pool_resources_N_sum_except_wall,task,hpobench:paramnet:higgs:steps,3,3,0,1,1,1,65013.333333333336,65013.333333333336,65013.333333333336,3,3,0,3,3,3,True,67412.5421070392
deepseek-v4-flash-0731,expgym,tuning,cost_moderate,single,1,input_tokens,tokens,,planned_analysis_unit; Audit_mean_once; pool_resources_N_sum_except_wall,task,hpobench:paramnet:letter:steps,3,3,0,1,1,1,77716.33333333333,77716.33333333333,77716.33333333333,3,3,0,3,3,3,True,89548.80710726042
deepseek-v4-flash-0731,expgym,tuning,cost_moderate,single,1,output_tokens,tokens,,planned_analysis_unit; Audit_mean_once; pool_resources_N_sum_except_wall,all,all,27,27,0,9,9,9,9823.407407407409,9823.407407407409,9823.407407407409,27,27,0,3,3,3,True,2586.1755364533537
deepseek-v4-flash-0731,expgym,tuning,cost_moderate,single,1,output_tokens,tokens,,planned_analysis_unit; Audit_mean_once; pool_resources_N_sum_except_wall,family,nasbench101,9,9,0,3,3,3,15919.77777777778,15919.77777777778,15919.77777777778,9,9,0,3,3,3,True,8524.031260262125
deepseek-v4-flash-0731,expgym,tuning,cost_moderate,single,1,output_tokens,tokens,,planned_analysis_unit; Audit_mean_once; pool_resources_N_sum_except_wall,family,nasbench201,9,9,0,3,3,3,6053.11111111111,6053.11111111111,6053.11111111111,9,9,0,3,3,3,True,765.6545009433532
deepseek-v4-flash-0731,expgym,tuning,cost_moderate,single,1,output_tokens,tokens,,planned_analysis_unit; Audit_mean_once; pool_resources_N_sum_except_wall,family,paramnet,9,9,0,3,3,3,7497.333333333333,7497.333333333333,7497.333333333333,9,9,0,3,3,3,True,1350.177807220631
deepseek-v4-flash-0731,expgym,tuning,cost_moderate,single,1,output_tokens,tokens,,planned_analysis_unit; Audit_mean_once; pool_resources_N_sum_except_wall,task,hpobench:nasbench101:A,3,3,0,1,1,1,18076.666666666668,18076.666666666668,18076.666666666668,3,3,0,3,3,3,True,20932.00765175986
deepseek-v4-flash-0731,expgym,tuning,cost_moderate,single,1,output_tokens,tokens,,planned_analysis_unit; Audit_mean_once; pool_resources_N_sum_except_wall,task,hpobench:nasbench101:B,3,3,0,1,1,1,13752.333333333334,13752.333333333334,13752.333333333334,3,3,0,3,3,3,True,13607.213393392982
deepseek-v4-flash-0731,expgym,tuning,cost_moderate,single,1,output_tokens,tokens,,planned_analysis_unit; Audit_mean_once; pool_resources_N_sum_except_wall,task,hpobench:nasbench101:C,3,3,0,1,1,1,15930.333333333334,15930.333333333334,15930.333333333334,3,3,0,3,3,3,True,7020.689448575071
deepseek-v4-flash-0731,expgym,tuning,cost_moderate,single,1,output_tokens,tokens,,planned_analysis_unit; Audit_mean_once; pool_resources_N_sum_except_wall,task,hpobench:nasbench201:cifar10-valid,3,3,0,1,1,1,7058.333333333333,7058.333333333333,7058.333333333333,3,3,0,3,3,3,True,2217.5180570478637
deepseek-v4-flash-0731,expgym,tuning,cost_moderate,single,1,output_tokens,tokens,,planned_analysis_unit; Audit_mean_once; pool_resources_N_sum_except_wall,task,hpobench:nasbench201:cifar100,3,3,0,1,1,1,4830.333333333333,4830.333333333333,4830.333333333333,3,3,0,3,3,3,True,471.8159952071711
deepseek-v4-flash-0731,expgym,tuning,cost_moderate,single,1,output_tokens,tokens,,planned_analysis_unit; Audit_mean_once; pool_resources_N_sum_except_wall,task,hpobench:nasbench201:imagenet16-120,3,3,0,1,1,1,6270.666666666667,6270.666666666667,6270.666666666667,3,3,0,3,3,3,True,1354.4557332498296
deepseek-v4-flash-0731,expgym,tuning,cost_moderate,single,1,output_tokens,tokens,,planned_analysis_unit; Audit_mean_once; pool_resources_N_sum_except_wall,task,hpobench:paramnet:adult:steps,3,3,0,1,1,1,7542.0,7542.0,7542.0,3,3,0,3,3,3,True,7504.915988870229
deepseek-v4-flash-0731,expgym,tuning,cost_moderate,single,1,output_tokens,tokens,,planned_analysis_unit; Audit_mean_once; pool_resources_N_sum_except_wall,task,hpobench:paramnet:higgs:steps,3,3,0,1,1,1,5983.0,5983.0,5983.0,3,3,0,3,3,3,True,2608.056939562478
deepseek-v4-flash-0731,expgym,tuning,cost_moderate,single,1,output_tokens,tokens,,planned_analysis_unit; Audit_mean_once; pool_resources_N_sum_except_wall,task,hpobench:paramnet:letter:steps,3,3,0,1,1,1,8967.0,8967.0,8967.0,3,3,0,3,3,3,True,6189.128290801541
deepseek-v4-flash-0731,expgym,tuning,cost_moderate,single,1,protocol_failure_rate,fraction,,planned_analysis_unit; Audit_mean_once; pool_resources_N_sum_except_wall,all,all,27,27,0,9,9,9,0.12762504761297033,0.12762504761297033,0.12762504761297033,27,27,0,3,3,3,True,0.05524279913635162
deepseek-v4-flash-0731,expgym,tuning,cost_moderate,single,1,protocol_failure_rate,fraction,,planned_analysis_unit; Audit_mean_once; pool_resources_N_sum_except_wall,family,nasbench101,9,9,0,3,3,3,0.11508634950663936,0.11508634950663936,0.11508634950663936,9,9,0,3,3,3,True,0.059206537124155426
deepseek-v4-flash-0731,expgym,tuning,cost_moderate,single,1,protocol_failure_rate,fraction,,planned_analysis_unit; Audit_mean_once; pool_resources_N_sum_except_wall,family,nasbench201,9,9,0,3,3,3,0.07527981277981279,0.07527981277981279,0.07527981277981279,9,9,0,3,3,3,True,0.010874971430093864
deepseek-v4-flash-0731,expgym,tuning,cost_moderate,single,1,protocol_failure_rate,fraction,,planned_analysis_unit; Audit_mean_once; pool_resources_N_sum_except_wall,family,paramnet,9,9,0,3,3,3,0.19250898055245882,0.19250898055245882,0.19250898055245882,9,9,0,3,3,3,True,0.15333893087680472
deepseek-v4-flash-0731,expgym,tuning,cost_moderate,single,1,protocol_failure_rate,fraction,,planned_analysis_unit; Audit_mean_once; pool_resources_N_sum_except_wall,task,hpobench:nasbench101:A,3,3,0,1,1,1,0.08928571428571429,0.08928571428571429,0.08928571428571429,3,3,0,3,3,3,True,0.07783748113465488
deepseek-v4-flash-0731,expgym,tuning,cost_moderate,single,1,protocol_failure_rate,fraction,,planned_analysis_unit; Audit_mean_once; pool_resources_N_sum_except_wall,task,hpobench:nasbench101:B,3,3,0,1,1,1,0.09971509971509972,0.09971509971509972,0.09971509971509972,3,3,0,3,3,3,True,0.11285072547201344
deepseek-v4-flash-0731,expgym,tuning,cost_moderate,single,1,protocol_failure_rate,fraction,,planned_analysis_unit; Audit_mean_once; pool_resources_N_sum_except_wall,task,hpobench:nasbench101:C,3,3,0,1,1,1,0.1562582345191041,0.1562582345191041,0.1562582345191041,3,3,0,3,3,3,True,0.06070164885551007
deepseek-v4-flash-0731,expgym,tuning,cost_moderate,single,1,protocol_failure_rate,fraction,,planned_analysis_unit; Audit_mean_once; pool_resources_N_sum_except_wall,task,hpobench:nasbench201:cifar10-valid,3,3,0,1,1,1,0.06686507936507936,0.06686507936507936,0.06686507936507936,3,3,0,3,3,3,True,0.004467591368729245
deepseek-v4-flash-0731,expgym,tuning,cost_moderate,single,1,protocol_failure_rate,fraction,,planned_analysis_unit; Audit_mean_once; pool_resources_N_sum_except_wall,task,hpobench:nasbench201:cifar100,3,3,0,1,1,1,0.07008547008547009,0.07008547008547009,0.07008547008547009,3,3,0,3,3,3,True,0.005921541222457703
deepseek-v4-flash-0731,expgym,tuning,cost_moderate,single,1,protocol_failure_rate,fraction,,planned_analysis_unit; Audit_mean_once; pool_resources_N_sum_except_wall,task,hpobench:nasbench201:imagenet16-120,3,3,0,1,1,1,0.08888888888888889,0.08888888888888889,0.08888888888888889,3,3,0,3,3,3,True,0.03849001794597505
deepseek-v4-flash-0731,expgym,tuning,cost_moderate,single,1,protocol_failure_rate,fraction,,planned_analysis_unit; Audit_mean_once; pool_resources_N_sum_except_wall,task,hpobench:paramnet:adult:steps,3,3,0,1,1,1,0.17500000000000002,0.17500000000000002,0.17500000000000002,3,3,0,3,3,3,True,0.04330127018922194
deepseek-v4-flash-0731,expgym,tuning,cost_moderate,single,1,protocol_failure_rate,fraction,,planned_analysis_unit; Audit_mean_once; pool_resources_N_sum_except_wall,task,hpobench:paramnet:higgs:steps,3,3,0,1,1,1,0.14782608695652175,0.14782608695652175,0.14782608695652175,3,3,0,3,3,3,True,0.2194683385065037
deepseek-v4-flash-0731,expgym,tuning,cost_moderate,single,1,protocol_failure_rate,fraction,,planned_analysis_unit; Audit_mean_once; pool_resources_N_sum_except_wall,task,hpobench:paramnet:letter:steps,3,3,0,1,1,1,0.25470085470085474,0.25470085470085474,0.25470085470085474,3,3,0,3,3,3,True,0.23425197205668932
deepseek-v4-flash-0731,expgym,tuning,cost_moderate,single,1,raw_perf,fraction,True,planned_analysis_unit; Audit_mean_once; pool_resources_N_sum_except_wall,all,all,27,25,2,9,9,7,,0.7201101147378788,0.7201101147378788,27,25,2,3,3,3,True,
deepseek-v4-flash-0731,expgym,tuning,cost_moderate,single,1,raw_perf,fraction,True,planned_analysis_unit; Audit_mean_once; pool_resources_N_sum_except_wall,family,nasbench101,9,9,0,3,3,3,0.7111081414752536,0.7111081414752536,0.7111081414752536,9,9,0,3,3,3,True,0.1926981612467149
deepseek-v4-flash-0731,expgym,tuning,cost_moderate,single,1,raw_perf,fraction,True,planned_analysis_unit; Audit_mean_once; pool_resources_N_sum_except_wall,family,nasbench201,9,8,1,3,3,2,,0.6961477777083785,0.6961477777083785,9,8,1,3,3,3,True,
deepseek-v4-flash-0731,expgym,tuning,cost_moderate,single,1,raw_perf,fraction,True,planned_analysis_unit; Audit_mean_once; pool_resources_N_sum_except_wall,family,paramnet,9,8,1,3,3,2,,0.753074425030004,0.753074425030004,9,8,1,3,3,3,True,
deepseek-v4-flash-0731,expgym,tuning,cost_moderate,single,1,raw_perf,fraction,True,planned_analysis_unit; Audit_mean_once; pool_resources_N_sum_except_wall,task,hpobench:nasbench101:A,3,3,0,1,1,1,0.6129473845163981,0.6129473845163981,0.6129473845163981,3,3,0,3,3,3,True,0.5312505334161025
deepseek-v4-flash-0731,expgym,tuning,cost_moderate,single,1,raw_perf,fraction,True,planned_analysis_unit; Audit_mean_once; pool_resources_N_sum_except_wall,task,hpobench:nasbench101:B,3,3,0,1,1,1,0.6096977326605054,0.6096977326605054,0.6096977326605054,3,3,0,3,3,3,True,0.5280185343624434
deepseek-v4-flash-0731,expgym,tuning,cost_moderate,single,1,raw_perf,fraction,True,planned_analysis_unit; Audit_mean_once; pool_resources_N_sum_except_wall,task,hpobench:nasbench101:C,3,3,0,1,1,1,0.9106793072488574,0.9106793072488574,0.9106793072488574,3,3,0,3,3,3,True,0.05322330671217214
deepseek-v4-flash-0731,expgym,tuning,cost_moderate,single,1,raw_perf,fraction,True,planned_analysis_unit; Audit_mean_once; pool_resources_N_sum_except_wall,task,hpobench:nasbench201:cifar10-valid,3,3,0,1,1,1,0.9050266665771485,0.9050266665771485,0.9050266665771485,3,3,0,3,3,3,True,0.0035986170856970867
deepseek-v4-flash-0731,expgym,tuning,cost_moderate,single,1,raw_perf,fraction,True,planned_analysis_unit; Audit_mean_once; pool_resources_N_sum_except_wall,task,hpobench:nasbench201:cifar100,3,3,0,1,1,1,0.7202777777777779,0.7202777777777779,0.7202777777777779,3,3,0,3,3,3,True,0.01334126153177644
deepseek-v4-flash-0731,expgym,tuning,cost_moderate,single,1,raw_perf,fraction,True,planned_analysis_unit; Audit_mean_once; pool_resources_N_sum_except_wall,task,hpobench:nasbench201:imagenet16-120,3,2,1,1,1,0,,0.4631388887702095,0.4631388887702095,3,2,1,3,3,3,True,
deepseek-v4-flash-0731,expgym,tuning,cost_moderate,single,1,raw_perf,fraction,True,planned_analysis_unit; Audit_mean_once; pool_resources_N_sum_except_wall,task,hpobench:paramnet:adult:steps,3,3,0,1,1,1,0.8485277814005996,0.8485277814005996,0.8485277814005996,3,3,0,3,3,3,True,0.0010305662224299346
deepseek-v4-flash-0731,expgym,tuning,cost_moderate,single,1,raw_perf,fraction,True,planned_analysis_unit; Audit_mean_once; pool_resources_N_sum_except_wall,task,hpobench:paramnet:higgs:steps,3,3,0,1,1,1,0.7146755900158835,0.7146755900158835,0.7146755900158835,3,3,0,3,3,3,True,0.004460327281615199
deepseek-v4-flash-0731,expgym,tuning,cost_moderate,single,1,raw_perf,fraction,True,planned_analysis_unit; Audit_mean_once; pool_resources_N_sum_except_wall,task,hpobench:paramnet:letter:steps,3,2,1,1,1,0,,0.6960199036735288,0.6960199036735288,3,2,1,3,3,3,True,
deepseek-v4-flash-0731,expgym,tuning,cost_moderate,single,1,wall_time_seconds,seconds,,planned_analysis_unit; Audit_mean_once; pool_resources_N_sum_except_wall,all,all,27,27,0,9,9,9,118.36428094793249,118.36428094793249,118.36428094793249,27,27,0,3,3,3,True,30.687725928677807
deepseek-v4-flash-0731,expgym,tuning,cost_moderate,single,1,wall_time_seconds,seconds,,planned_analysis_unit; Audit_mean_once; pool_resources_N_sum_except_wall,family,nasbench101,9,9,0,3,3,3,187.02687197261386,187.02687197261386,187.02687197261386,9,9,0,3,3,3,True,101.68976655975943
deepseek-v4-flash-0731,expgym,tuning,cost_moderate,single,1,wall_time_seconds,seconds,,planned_analysis_unit; Audit_mean_once; pool_resources_N_sum_except_wall,family,nasbench201,9,9,0,3,3,3,71.5567122830285,71.5567122830285,71.5567122830285,9,9,0,3,3,3,True,10.154677017444227
deepseek-v4-flash-0731,expgym,tuning,cost_moderate,single,1,wall_time_seconds,seconds,,planned_analysis_unit; Audit_mean_once; pool_resources_N_sum_except_wall,family,paramnet,9,9,0,3,3,3,96.5092585881551,96.5092585881551,96.5092585881551,9,9,0,3,3,3,True,18.150344678278305
deepseek-v4-flash-0731,expgym,tuning,cost_moderate,single,1,wall_time_seconds,seconds,,planned_analysis_unit; Audit_mean_once; pool_resources_N_sum_except_wall,task,hpobench:nasbench101:A,3,3,0,1,1,1,213.40234049161276,213.40234049161276,213.40234049161276,3,3,0,3,3,3,True,251.62275226906772
deepseek-v4-flash-0731,expgym,tuning,cost_moderate,single,1,wall_time_seconds,seconds,,planned_analysis_unit; Audit_mean_once; pool_resources_N_sum_except_wall,task,hpobench:nasbench101:B,3,3,0,1,1,1,160.96618072191873,160.96618072191873,160.96618072191873,3,3,0,3,3,3,True,165.5364463513326
deepseek-v4-flash-0731,expgym,tuning,cost_moderate,single,1,wall_time_seconds,seconds,,planned_analysis_unit; Audit_mean_once; pool_resources_N_sum_except_wall,task,hpobench:nasbench101:C,3,3,0,1,1,1,186.7120947043101,186.7120947043101,186.7120947043101,3,3,0,3,3,3,True,81.02480287186268
deepseek-v4-flash-0731,expgym,tuning,cost_moderate,single,1,wall_time_seconds,seconds,,planned_analysis_unit; Audit_mean_once; pool_resources_N_sum_except_wall,task,hpobench:nasbench201:cifar10-valid,3,3,0,1,1,1,84.2376655737559,84.2376655737559,84.2376655737559,3,3,0,3,3,3,True,26.09553670206194
deepseek-v4-flash-0731,expgym,tuning,cost_moderate,single,1,wall_time_seconds,seconds,,planned_analysis_unit; Audit_mean_once; pool_resources_N_sum_except_wall,task,hpobench:nasbench201:cifar100,3,3,0,1,1,1,58.21816857655843,58.21816857655843,58.21816857655843,3,3,0,3,3,3,True,7.267736285637282
deepseek-v4-flash-0731,expgym,tuning,cost_moderate,single,1,wall_time_seconds,seconds,,planned_analysis_unit; Audit_mean_once; pool_resources_N_sum_except_wall,task,hpobench:nasbench201:imagenet16-120,3,3,0,1,1,1,72.21430269877116,72.21430269877116,72.21430269877116,3,3,0,3,3,3,True,13.82727128321171
deepseek-v4-flash-0731,expgym,tuning,cost_moderate,single,1,wall_time_seconds,seconds,,planned_analysis_unit; Audit_mean_once; pool_resources_N_sum_except_wall,task,hpobench:paramnet:adult:steps,3,3,0,1,1,1,96.05344279607137,96.05344279607137,96.05344279607137,3,3,0,3,3,3,True,95.72623043229066
deepseek-v4-flash-0731,expgym,tuning,cost_moderate,single,1,wall_time_seconds,seconds,,planned_analysis_unit; Audit_mean_once; pool_resources_N_sum_except_wall,task,hpobench:paramnet:higgs:steps,3,3,0,1,1,1,77.23755248387654,77.23755248387654,77.23755248387654,3,3,0,3,3,3,True,36.13190478581474
deepseek-v4-flash-0731,expgym,tuning,cost_moderate,single,1,wall_time_seconds,seconds,,planned_analysis_unit; Audit_mean_once; pool_resources_N_sum_except_wall,task,hpobench:paramnet:letter:steps,3,3,0,1,1,1,116.23678048451741,116.23678048451741,116.23678048451741,3,3,0,3,3,3,True,79.24930440182672
deepseek-v4-flash-0731,expgym,tuning,cost_tight,single,1,budget_utilization,fraction,,planned_analysis_unit; Audit_mean_once; pool_resources_N_sum_except_wall,all,all,27,27,0,9,9,9,0.9392361314982851,0.9392361314982851,0.9392361314982851,27,27,0,3,3,3,True,0.12641822334860436
deepseek-v4-flash-0731,expgym,tuning,cost_tight,single,1,budget_utilization,fraction,,planned_analysis_unit; Audit_mean_once; pool_resources_N_sum_except_wall,family,nasbench101,9,9,0,3,3,3,0.8089307220681551,0.8089307220681551,0.8089307220681551,9,9,0,3,3,3,True,0.1658511756431535
deepseek-v4-flash-0731,expgym,tuning,cost_tight,single,1,budget_utilization,fraction,,planned_analysis_unit; Audit_mean_once; pool_resources_N_sum_except_wall,family,nasbench201,9,9,0,3,3,3,1.0207121057211848,1.0207121057211848,1.0207121057211848,9,9,0,3,3,3,True,0.05192152530251115
deepseek-v4-flash-0731,expgym,tuning,cost_tight,single,1,budget_utilization,fraction,,planned_analysis_unit; Audit_mean_once; pool_resources_N_sum_except_wall,family,paramnet,9,9,0,3,3,3,0.9880655667055155,0.9880655667055155,0.9880655667055155,9,9,0,3,3,3,True,0.37033018410146235
deepseek-v4-flash-0731,expgym,tuning,cost_tight,single,1,budget_utilization,fraction,,planned_analysis_unit; Audit_mean_once; pool_resources_N_sum_except_wall,task,hpobench:nasbench101:A,3,3,0,1,1,1,1.0647287684446187,1.0647287684446187,1.0647287684446187,3,3,0,3,3,3,True,0.19784857726408653
deepseek-v4-flash-0731,expgym,tuning,cost_tight,single,1,budget_utilization,fraction,,planned_analysis_unit; Audit_mean_once; pool_resources_N_sum_except_wall,task,hpobench:nasbench101:B,3,3,0,1,1,1,0.6192001245755557,0.6192001245755557,0.6192001245755557,3,3,0,3,3,3,True,0.5387160227378761
deepseek-v4-flash-0731,expgym,tuning,cost_tight,single,1,budget_utilization,fraction,,planned_analysis_unit; Audit_mean_once; pool_resources_N_sum_except_wall,task,hpobench:nasbench101:C,3,3,0,1,1,1,0.7428632731842905,0.7428632731842905,0.7428632731842905,3,3,0,3,3,3,True,0.652138372976185
deepseek-v4-flash-0731,expgym,tuning,cost_tight,single,1,budget_utilization,fraction,,planned_analysis_unit; Audit_mean_once; pool_resources_N_sum_except_wall,task,hpobench:nasbench201:cifar10-valid,3,3,0,1,1,1,0.9737509833498633,0.9737509833498633,0.9737509833498633,3,3,0,3,3,3,True,0.16403255045289267
deepseek-v4-flash-0731,expgym,tuning,cost_tight,single,1,budget_utilization,fraction,,planned_analysis_unit; Audit_mean_once; pool_resources_N_sum_except_wall,task,hpobench:nasbench201:cifar100,3,3,0,1,1,1,1.0429474203930844,1.0429474203930844,1.0429474203930844,3,3,0,3,3,3,True,0.02293962261563522
deepseek-v4-flash-0731,expgym,tuning,cost_tight,single,1,budget_utilization,fraction,,planned_analysis_unit; Audit_mean_once; pool_resources_N_sum_except_wall,task,hpobench:nasbench201:imagenet16-120,3,3,0,1,1,1,1.0454379134206064,1.0454379134206064,1.0454379134206064,3,3,0,3,3,3,True,0.10367763377324332
deepseek-v4-flash-0731,expgym,tuning,cost_tight,single,1,budget_utilization,fraction,,planned_analysis_unit; Audit_mean_once; pool_resources_N_sum_except_wall,task,hpobench:paramnet:adult:steps,3,3,0,1,1,1,1.2931740725606091,1.2931740725606091,1.2931740725606091,3,3,0,3,3,3,True,0.6431490013747106
deepseek-v4-flash-0731,expgym,tuning,cost_tight,single,1,budget_utilization,fraction,,planned_analysis_unit; Audit_mean_once; pool_resources_N_sum_except_wall,task,hpobench:paramnet:higgs:steps,3,3,0,1,1,1,0.6882950697939788,0.6882950697939788,0.6882950697939788,3,3,0,3,3,3,True,0.47695034785717694
deepseek-v4-flash-0731,expgym,tuning,cost_tight,single,1,budget_utilization,fraction,,planned_analysis_unit; Audit_mean_once; pool_resources_N_sum_except_wall,task,hpobench:paramnet:letter:steps,3,3,0,1,1,1,0.9827275577619584,0.9827275577619584,0.9827275577619584,3,3,0,3,3,3,True,0.009092735945267908
deepseek-v4-flash-0731,expgym,tuning,cost_tight,single,1,duplicate_action_attempts,count,,planned_analysis_unit; Audit_mean_once; pool_resources_N_sum_except_wall,all,all,27,27,0,9,9,9,0.0,0.0,0.0,27,27,0,3,3,3,True,0.0
deepseek-v4-flash-0731,expgym,tuning,cost_tight,single,1,duplicate_action_attempts,count,,planned_analysis_unit; Audit_mean_once; pool_resources_N_sum_except_wall,family,nasbench101,9,9,0,3,3,3,0.0,0.0,0.0,9,9,0,3,3,3,True,0.0
deepseek-v4-flash-0731,expgym,tuning,cost_tight,single,1,duplicate_action_attempts,count,,planned_analysis_unit; Audit_mean_once; pool_resources_N_sum_except_wall,family,nasbench201,9,9,0,3,3,3,0.0,0.0,0.0,9,9,0,3,3,3,True,0.0
deepseek-v4-flash-0731,expgym,tuning,cost_tight,single,1,duplicate_action_attempts,count,,planned_analysis_unit; Audit_mean_once; pool_resources_N_sum_except_wall,family,paramnet,9,9,0,3,3,3,0.0,0.0,0.0,9,9,0,3,3,3,True,0.0
deepseek-v4-flash-0731,expgym,tuning,cost_tight,single,1,duplicate_action_attempts,count,,planned_analysis_unit; Audit_mean_once; pool_resources_N_sum_except_wall,task,hpobench:nasbench101:A,3,3,0,1,1,1,0.0,0.0,0.0,3,3,0,3,3,3,True,0.0
deepseek-v4-flash-0731,expgym,tuning,cost_tight,single,1,duplicate_action_attempts,count,,planned_analysis_unit; Audit_mean_once; pool_resources_N_sum_except_wall,task,hpobench:nasbench101:B,3,3,0,1,1,1,0.0,0.0,0.0,3,3,0,3,3,3,True,0.0
deepseek-v4-flash-0731,expgym,tuning,cost_tight,single,1,duplicate_action_attempts,count,,planned_analysis_unit; Audit_mean_once; pool_resources_N_sum_except_wall,task,hpobench:nasbench101:C,3,3,0,1,1,1,0.0,0.0,0.0,3,3,0,3,3,3,True,0.0
deepseek-v4-flash-0731,expgym,tuning,cost_tight,single,1,duplicate_action_attempts,count,,planned_analysis_unit; Audit_mean_once; pool_resources_N_sum_except_wall,task,hpobench:nasbench201:cifar10-valid,3,3,0,1,1,1,0.0,0.0,0.0,3,3,0,3,3,3,True,0.0
deepseek-v4-flash-0731,expgym,tuning,cost_tight,single,1,duplicate_action_attempts,count,,planned_analysis_unit; Audit_mean_once; pool_resources_N_sum_except_wall,task,hpobench:nasbench201:cifar100,3,3,0,1,1,1,0.0,0.0,0.0,3,3,0,3,3,3,True,0.0
deepseek-v4-flash-0731,expgym,tuning,cost_tight,single,1,duplicate_action_attempts,count,,planned_analysis_unit; Audit_mean_once; pool_resources_N_sum_except_wall,task,hpobench:nasbench201:imagenet16-120,3,3,0,1,1,1,0.0,0.0,0.0,3,3,0,3,3,3,True,0.0
deepseek-v4-flash-0731,expgym,tuning,cost_tight,single,1,duplicate_action_attempts,count,,planned_analysis_unit; Audit_mean_once; pool_resources_N_sum_except_wall,task,hpobench:paramnet:adult:steps,3,3,0,1,1,1,0.0,0.0,0.0,3,3,0,3,3,3,True,0.0
deepseek-v4-flash-0731,expgym,tuning,cost_tight,single,1,duplicate_action_attempts,count,,planned_analysis_unit; Audit_mean_once; pool_resources_N_sum_except_wall,task,hpobench:paramnet:higgs:steps,3,3,0,1,1,1,0.0,0.0,0.0,3,3,0,3,3,3,True,0.0
deepseek-v4-flash-0731,expgym,tuning,cost_tight,single,1,duplicate_action_attempts,count,,planned_analysis_unit; Audit_mean_once; pool_resources_N_sum_except_wall,task,hpobench:paramnet:letter:steps,3,3,0,1,1,1,0.0,0.0,0.0,3,3,0,3,3,3,True,0.0
deepseek-v4-flash-0731,expgym,tuning,cost_tight,single,1,feedback_attempts,count,,planned_analysis_unit; Audit_mean_once; pool_resources_N_sum_except_wall,all,all,27,27,0,9,9,9,4.0740740740740735,4.0740740740740735,4.0740740740740735,27,27,0,3,3,3,True,0.42065987746668687
deepseek-v4-flash-0731,expgym,tuning,cost_tight,single,1,feedback_attempts,count,,planned_analysis_unit; Audit_mean_once; pool_resources_N_sum_except_wall,family,nasbench101,9,9,0,3,3,3,3.222222222222222,3.222222222222222,3.222222222222222,9,9,0,3,3,3,True,0.9622504486493761
deepseek-v4-flash-0731,expgym,tuning,cost_tight,single,1,feedback_attempts,count,,planned_analysis_unit; Audit_mean_once; pool_resources_N_sum_except_wall,family,nasbench201,9,9,0,3,3,3,4.222222222222222,4.222222222222222,4.222222222222222,9,9,0,3,3,3,True,0.693888666488711
deepseek-v4-flash-0731,expgym,tuning,cost_tight,single,1,feedback_attempts,count,,planned_analysis_unit; Audit_mean_once; pool_resources_N_sum_except_wall,family,paramnet,9,9,0,3,3,3,4.777777777777778,4.777777777777778,4.777777777777778,9,9,0,3,3,3,True,1.9245008972987527
deepseek-v4-flash-0731,expgym,tuning,cost_tight,single,1,feedback_attempts,count,,planned_analysis_unit; Audit_mean_once; pool_resources_N_sum_except_wall,task,hpobench:nasbench101:A,3,3,0,1,1,1,3.6666666666666665,3.6666666666666665,3.6666666666666665,3,3,0,3,3,3,True,1.1547005383792515
deepseek-v4-flash-0731,expgym,tuning,cost_tight,single,1,feedback_attempts,count,,planned_analysis_unit; Audit_mean_once; pool_resources_N_sum_except_wall,task,hpobench:nasbench101:B,3,3,0,1,1,1,3.3333333333333335,3.3333333333333335,3.3333333333333335,3,3,0,3,3,3,True,3.511884584284246
deepseek-v4-flash-0731,expgym,tuning,cost_tight,single,1,feedback_attempts,count,,planned_analysis_unit; Audit_mean_once; pool_resources_N_sum_except_wall,task,hpobench:nasbench101:C,3,3,0,1,1,1,2.6666666666666665,2.6666666666666665,2.6666666666666665,3,3,0,3,3,3,True,2.516611478423583
deepseek-v4-flash-0731,expgym,tuning,cost_tight,single,1,feedback_attempts,count,,planned_analysis_unit; Audit_mean_once; pool_resources_N_sum_except_wall,task,hpobench:nasbench201:cifar10-valid,3,3,0,1,1,1,4.333333333333333,4.333333333333333,4.333333333333333,3,3,0,3,3,3,True,1.5275252316519468
deepseek-v4-flash-0731,expgym,tuning,cost_tight,single,1,feedback_attempts,count,,planned_analysis_unit; Audit_mean_once; pool_resources_N_sum_except_wall,task,hpobench:nasbench201:cifar100,3,3,0,1,1,1,3.6666666666666665,3.6666666666666665,3.6666666666666665,3,3,0,3,3,3,True,0.5773502691896257
deepseek-v4-flash-0731,expgym,tuning,cost_tight,single,1,feedback_attempts,count,,planned_analysis_unit; Audit_mean_once; pool_resources_N_sum_except_wall,task,hpobench:nasbench201:imagenet16-120,3,3,0,1,1,1,4.666666666666667,4.666666666666667,4.666666666666667,3,3,0,3,3,3,True,0.5773502691896257
deepseek-v4-flash-0731,expgym,tuning,cost_tight,single,1,feedback_attempts,count,,planned_analysis_unit; Audit_mean_once; pool_resources_N_sum_except_wall,task,hpobench:paramnet:adult:steps,3,3,0,1,1,1,1.6666666666666667,1.6666666666666667,1.6666666666666667,3,3,0,3,3,3,True,0.5773502691896257
deepseek-v4-flash-0731,expgym,tuning,cost_tight,single,1,feedback_attempts,count,,planned_analysis_unit; Audit_mean_once; pool_resources_N_sum_except_wall,task,hpobench:paramnet:higgs:steps,3,3,0,1,1,1,4.0,4.0,4.0,3,3,0,3,3,3,True,3.0
deepseek-v4-flash-0731,expgym,tuning,cost_tight,single,1,feedback_attempts,count,,planned_analysis_unit; Audit_mean_once; pool_resources_N_sum_except_wall,task,hpobench:paramnet:letter:steps,3,3,0,1,1,1,8.666666666666666,8.666666666666666,8.666666666666666,3,3,0,3,3,3,True,3.511884584284246
deepseek-v4-flash-0731,expgym,tuning,cost_tight,single,1,feedback_cost_seconds,seconds,,planned_analysis_unit; Audit_mean_once; pool_resources_N_sum_except_wall,all,all,27,27,0,9,9,9,34420.82436561534,34420.82436561534,34420.82436561534,27,27,0,3,3,3,True,2127.603579578097
deepseek-v4-flash-0731,expgym,tuning,cost_tight,single,1,feedback_cost_seconds,seconds,,planned_analysis_unit; Audit_mean_once; pool_resources_N_sum_except_wall,family,nasbench101,9,9,0,3,3,3,19966.466420491535,19966.466420491535,19966.466420491535,9,9,0,3,3,3,True,5311.99181490248
deepseek-v4-flash-0731,expgym,tuning,cost_tight,single,1,feedback_cost_seconds,seconds,,planned_analysis_unit; Audit_mean_once; pool_resources_N_sum_except_wall,family,nasbench201,9,9,0,3,3,3,83001.22101556044,83001.22101556044,83001.22101556044,9,9,0,3,3,3,True,4493.241626147253
deepseek-v4-flash-0731,expgym,tuning,cost_tight,single,1,feedback_cost_seconds,seconds,,planned_analysis_unit; Audit_mean_once; pool_resources_N_sum_except_wall,family,paramnet,9,9,0,3,3,3,294.7856607940462,294.7856607940462,294.7856607940462,9,9,0,3,3,3,True,129.5961138020201
deepseek-v4-flash-0731,expgym,tuning,cost_tight,single,1,feedback_cost_seconds,seconds,,planned_analysis_unit; Audit_mean_once; pool_resources_N_sum_except_wall,task,hpobench:nasbench101:A,3,3,0,1,1,1,15792.542928059896,15792.542928059896,15792.542928059896,3,3,0,3,3,3,True,2934.580376054883
deepseek-v4-flash-0731,expgym,tuning,cost_tight,single,1,feedback_cost_seconds,seconds,,planned_analysis_unit; Audit_mean_once; pool_resources_N_sum_except_wall,task,hpobench:nasbench101:B,3,3,0,1,1,1,19138.041229248047,19138.041229248047,19138.041229248047,3,3,0,3,3,3,True,16650.464114620772
deepseek-v4-flash-0731,expgym,tuning,cost_tight,single,1,feedback_cost_seconds,seconds,,planned_analysis_unit; Audit_mean_once; pool_resources_N_sum_except_wall,task,hpobench:nasbench101:C,3,3,0,1,1,1,24968.815104166668,24968.815104166668,24968.815104166668,3,3,0,3,3,3,True,21919.40703620558
deepseek-v4-flash-0731,expgym,tuning,cost_tight,single,1,feedback_cost_seconds,seconds,,planned_analysis_unit; Audit_mean_once; pool_resources_N_sum_except_wall,task,hpobench:nasbench201:cifar10-valid,3,3,0,1,1,1,33039.51631446683,33039.51631446683,33039.51631446683,3,3,0,3,3,3,True,5565.6489384460365
deepseek-v4-flash-0731,expgym,tuning,cost_tight,single,1,feedback_cost_seconds,seconds,,planned_analysis_unit; Audit_mean_once; pool_resources_N_sum_except_wall,task,hpobench:nasbench201:cifar100,3,3,0,1,1,1,58319.68909450378,58319.68909450378,58319.68909450378,3,3,0,3,3,3,True,1282.741231945201
deepseek-v4-flash-0731,expgym,tuning,cost_tight,single,1,feedback_cost_seconds,seconds,,planned_analysis_unit; Audit_mean_once; pool_resources_N_sum_except_wall,task,hpobench:nasbench201:imagenet16-120,3,3,0,1,1,1,157644.4576377107,157644.4576377107,157644.4576377107,3,3,0,3,3,3,True,15633.835482268805
deepseek-v4-flash-0731,expgym,tuning,cost_tight,single,1,feedback_cost_seconds,seconds,,planned_analysis_unit; Audit_mean_once; pool_resources_N_sum_except_wall,task,hpobench:paramnet:adult:steps,3,3,0,1,1,1,110.71727772553761,110.71727772553761,110.71727772553761,3,3,0,3,3,3,True,55.06428570989512
deepseek-v4-flash-0731,expgym,tuning,cost_tight,single,1,feedback_cost_seconds,seconds,,planned_analysis_unit; Audit_mean_once; pool_resources_N_sum_except_wall,task,hpobench:paramnet:higgs:steps,3,3,0,1,1,1,483.9203968842824,483.9203968842824,483.9203968842824,3,3,0,3,3,3,True,335.3300230644202
deepseek-v4-flash-0731,expgym,tuning,cost_tight,single,1,feedback_cost_seconds,seconds,,planned_analysis_unit; Audit_mean_once; pool_resources_N_sum_except_wall,task,hpobench:paramnet:letter:steps,3,3,0,1,1,1,289.71930777231853,289.71930777231853,289.71930777231853,3,3,0,3,3,3,True,2.6806424049193183
deepseek-v4-flash-0731,expgym,tuning,cost_tight,single,1,feedback_visible,count,,planned_analysis_unit; Audit_mean_once; pool_resources_N_sum_except_wall,all,all,27,27,0,9,9,9,3.6296296296296293,3.6296296296296293,3.6296296296296293,27,27,0,3,3,3,True,0.4206598774666866
deepseek-v4-flash-0731,expgym,tuning,cost_tight,single,1,feedback_visible,count,,planned_analysis_unit; Audit_mean_once; pool_resources_N_sum_except_wall,family,nasbench101,9,9,0,3,3,3,2.8888888888888893,2.8888888888888893,2.8888888888888893,9,9,0,3,3,3,True,1.0183501544346312
deepseek-v4-flash-0731,expgym,tuning,cost_tight,single,1,feedback_visible,count,,planned_analysis_unit; Audit_mean_once; pool_resources_N_sum_except_wall,family,nasbench201,9,9,0,3,3,3,3.5555555555555554,3.5555555555555554,3.5555555555555554,9,9,0,3,3,3,True,0.6938886664887107
deepseek-v4-flash-0731,expgym,tuning,cost_tight,single,1,feedback_visible,count,,planned_analysis_unit; Audit_mean_once; pool_resources_N_sum_except_wall,family,paramnet,9,9,0,3,3,3,4.444444444444444,4.444444444444444,4.444444444444444,9,9,0,3,3,3,True,1.644294287438749
deepseek-v4-flash-0731,expgym,tuning,cost_tight,single,1,feedback_visible,count,,planned_analysis_unit; Audit_mean_once; pool_resources_N_sum_except_wall,task,hpobench:nasbench101:A,3,3,0,1,1,1,3.3333333333333335,3.3333333333333335,3.3333333333333335,3,3,0,3,3,3,True,1.5275252316519468
deepseek-v4-flash-0731,expgym,tuning,cost_tight,single,1,feedback_visible,count,,planned_analysis_unit; Audit_mean_once; pool_resources_N_sum_except_wall,task,hpobench:nasbench101:B,3,3,0,1,1,1,3.3333333333333335,3.3333333333333335,3.3333333333333335,3,3,0,3,3,3,True,3.511884584284246
deepseek-v4-flash-0731,expgym,tuning,cost_tight,single,1,feedback_visible,count,,planned_analysis_unit; Audit_mean_once; pool_resources_N_sum_except_wall,task,hpobench:nasbench101:C,3,3,0,1,1,1,2.0,2.0,2.0,3,3,0,3,3,3,True,2.0
deepseek-v4-flash-0731,expgym,tuning,cost_tight,single,1,feedback_visible,count,,planned_analysis_unit; Audit_mean_once; pool_resources_N_sum_except_wall,task,hpobench:nasbench201:cifar10-valid,3,3,0,1,1,1,4.0,4.0,4.0,3,3,0,3,3,3,True,1.7320508075688772
deepseek-v4-flash-0731,expgym,tuning,cost_tight,single,1,feedback_visible,count,,planned_analysis_unit; Audit_mean_once; pool_resources_N_sum_except_wall,task,hpobench:nasbench201:cifar100,3,3,0,1,1,1,2.6666666666666665,2.6666666666666665,2.6666666666666665,3,3,0,3,3,3,True,0.5773502691896257
deepseek-v4-flash-0731,expgym,tuning,cost_tight,single,1,feedback_visible,count,,planned_analysis_unit; Audit_mean_once; pool_resources_N_sum_except_wall,task,hpobench:nasbench201:imagenet16-120,3,3,0,1,1,1,4.0,4.0,4.0,3,3,0,3,3,3,True,0.0
deepseek-v4-flash-0731,expgym,tuning,cost_tight,single,1,feedback_visible,count,,planned_analysis_unit; Audit_mean_once; pool_resources_N_sum_except_wall,task,hpobench:paramnet:adult:steps,3,3,0,1,1,1,1.0,1.0,1.0,3,3,0,3,3,3,True,0.0
deepseek-v4-flash-0731,expgym,tuning,cost_tight,single,1,feedback_visible,count,,planned_analysis_unit; Audit_mean_once; pool_resources_N_sum_except_wall,task,hpobench:paramnet:higgs:steps,3,3,0,1,1,1,3.6666666666666665,3.6666666666666665,3.6666666666666665,3,3,0,3,3,3,True,2.516611478423583
deepseek-v4-flash-0731,expgym,tuning,cost_tight,single,1,feedback_visible,count,,planned_analysis_unit; Audit_mean_once; pool_resources_N_sum_except_wall,task,hpobench:paramnet:letter:steps,3,3,0,1,1,1,8.666666666666666,8.666666666666666,8.666666666666666,3,3,0,3,3,3,True,3.511884584284246
deepseek-v4-flash-0731,expgym,tuning,cost_tight,single,1,gap,Gap points,True,planned_analysis_unit; Audit_mean_once; pool_resources_N_sum_except_wall,all,all,27,25,2,9,9,7,,81.89070983064391,81.89070983064391,27,25,2,3,3,3,True,
deepseek-v4-flash-0731,expgym,tuning,cost_tight,single,1,gap,Gap points,True,planned_analysis_unit; Audit_mean_once; pool_resources_N_sum_except_wall,family,nasbench101,9,9,0,3,3,3,86.86435133846594,86.86435133846594,86.86435133846594,9,9,0,3,3,3,True,2.423020561716439
deepseek-v4-flash-0731,expgym,tuning,cost_tight,single,1,gap,Gap points,True,planned_analysis_unit; Audit_mean_once; pool_resources_N_sum_except_wall,family,nasbench201,9,9,0,3,3,3,76.62120124792725,76.62120124792725,76.62120124792725,9,9,0,3,3,3,True,3.6665827116404723
deepseek-v4-flash-0731,expgym,tuning,cost_tight,single,1,gap,Gap points,True,planned_analysis_unit; Audit_mean_once; pool_resources_N_sum_except_wall,family,paramnet,9,7,2,3,3,1,,82.18657690553857,82.18657690553857,9,7,2,3,3,3,True,
deepseek-v4-flash-0731,expgym,tuning,cost_tight,single,1,gap,Gap points,True,planned_analysis_unit; Audit_mean_once; pool_resources_N_sum_except_wall,task,hpobench:nasbench101:A,3,3,0,1,1,1,90.12157318441591,90.12157318441591,90.12157318441591,3,3,0,3,3,3,True,7.560269139506622
deepseek-v4-flash-0731,expgym,tuning,cost_tight,single,1,gap,Gap points,True,planned_analysis_unit; Audit_mean_once; pool_resources_N_sum_except_wall,task,hpobench:nasbench101:B,3,3,0,1,1,1,85.17838770491902,85.17838770491902,85.17838770491902,3,3,0,3,3,3,True,9.86103407820605
deepseek-v4-flash-0731,expgym,tuning,cost_tight,single,1,gap,Gap points,True,planned_analysis_unit; Audit_mean_once; pool_resources_N_sum_except_wall,task,hpobench:nasbench101:C,3,3,0,1,1,1,85.29309312606287,85.29309312606287,85.29309312606287,3,3,0,3,3,3,True,5.0782494396857345
deepseek-v4-flash-0731,expgym,tuning,cost_tight,single,1,gap,Gap points,True,planned_analysis_unit; Audit_mean_once; pool_resources_N_sum_except_wall,task,hpobench:nasbench201:cifar10-valid,3,3,0,1,1,1,82.31154476532424,82.31154476532424,82.31154476532424,3,3,0,3,3,3,True,0.0
deepseek-v4-flash-0731,expgym,tuning,cost_tight,single,1,gap,Gap points,True,planned_analysis_unit; Audit_mean_once; pool_resources_N_sum_except_wall,task,hpobench:nasbench201:cifar100,3,3,0,1,1,1,90.99059834537809,90.99059834537809,90.99059834537809,3,3,0,3,3,3,True,10.999748134921417
deepseek-v4-flash-0731,expgym,tuning,cost_tight,single,1,gap,Gap points,True,planned_analysis_unit; Audit_mean_once; pool_resources_N_sum_except_wall,task,hpobench:nasbench201:imagenet16-120,3,3,0,1,1,1,56.5614606330794,56.5614606330794,56.5614606330794,3,3,0,3,3,3,True,0.0
deepseek-v4-flash-0731,expgym,tuning,cost_tight,single,1,gap,Gap points,True,planned_analysis_unit; Audit_mean_once; pool_resources_N_sum_except_wall,task,hpobench:paramnet:adult:steps,3,2,1,1,1,0,,72.01344351468897,72.01344351468897,3,2,1,3,3,3,True,
deepseek-v4-flash-0731,expgym,tuning,cost_tight,single,1,gap,Gap points,True,planned_analysis_unit; Audit_mean_once; pool_resources_N_sum_except_wall,task,hpobench:paramnet:higgs:steps,3,2,1,1,1,0,,92.18005446536893,92.18005446536893,3,2,1,3,3,3,True,
deepseek-v4-flash-0731,expgym,tuning,cost_tight,single,1,gap,Gap points,True,planned_analysis_unit; Audit_mean_once; pool_resources_N_sum_except_wall,task,hpobench:paramnet:letter:steps,3,3,0,1,1,1,82.36623273655783,82.36623273655783,82.36623273655783,3,3,0,3,3,3,True,22.354602389278917
deepseek-v4-flash-0731,expgym,tuning,cost_tight,single,1,input_tokens,tokens,,planned_analysis_unit; Audit_mean_once; pool_resources_N_sum_except_wall,all,all,27,27,0,9,9,9,24947.666666666668,24947.666666666668,24947.666666666668,27,27,0,3,3,3,True,33.14297497394277
deepseek-v4-flash-0731,expgym,tuning,cost_tight,single,1,input_tokens,tokens,,planned_analysis_unit; Audit_mean_once; pool_resources_N_sum_except_wall,family,nasbench101,9,9,0,3,3,3,35051.555555555555,35051.555555555555,35051.555555555555,9,9,0,3,3,3,True,5471.106259588066
deepseek-v4-flash-0731,expgym,tuning,cost_tight,single,1,input_tokens,tokens,,planned_analysis_unit; Audit_mean_once; pool_resources_N_sum_except_wall,family,nasbench201,9,9,0,3,3,3,20059.11111111111,20059.11111111111,20059.11111111111,9,9,0,3,3,3,True,3818.5810240241126
deepseek-v4-flash-0731,expgym,tuning,cost_tight,single,1,input_tokens,tokens,,planned_analysis_unit; Audit_mean_once; pool_resources_N_sum_except_wall,family,paramnet,9,9,0,3,3,3,19732.333333333332,19732.333333333332,19732.333333333332,9,9,0,3,3,3,True,3647.4329024366966
deepseek-v4-flash-0731,expgym,tuning,cost_tight,single,1,input_tokens,tokens,,planned_analysis_unit; Audit_mean_once; pool_resources_N_sum_except_wall,task,hpobench:nasbench101:A,3,3,0,1,1,1,33225.666666666664,33225.666666666664,33225.666666666664,3,3,0,3,3,3,True,12985.093659012759
deepseek-v4-flash-0731,expgym,tuning,cost_tight,single,1,input_tokens,tokens,,planned_analysis_unit; Audit_mean_once; pool_resources_N_sum_except_wall,task,hpobench:nasbench101:B,3,3,0,1,1,1,39359.333333333336,39359.333333333336,39359.333333333336,3,3,0,3,3,3,True,28227.551104077967
deepseek-v4-flash-0731,expgym,tuning,cost_tight,single,1,input_tokens,tokens,,planned_analysis_unit; Audit_mean_once; pool_resources_N_sum_except_wall,task,hpobench:nasbench101:C,3,3,0,1,1,1,32569.666666666668,32569.666666666668,32569.666666666668,3,3,0,3,3,3,True,19008.978966092138
deepseek-v4-flash-0731,expgym,tuning,cost_tight,single,1,input_tokens,tokens,,planned_analysis_unit; Audit_mean_once; pool_resources_N_sum_except_wall,task,hpobench:nasbench201:cifar10-valid,3,3,0,1,1,1,19907.333333333332,19907.333333333332,19907.333333333332,3,3,0,3,3,3,True,12402.559587977528
deepseek-v4-flash-0731,expgym,tuning,cost_tight,single,1,input_tokens,tokens,,planned_analysis_unit; Audit_mean_once; pool_resources_N_sum_except_wall,task,hpobench:nasbench201:cifar100,3,3,0,1,1,1,21119.666666666668,21119.666666666668,21119.666666666668,3,3,0,3,3,3,True,1702.4856338111442
deepseek-v4-flash-0731,expgym,tuning,cost_tight,single,1,input_tokens,tokens,,planned_analysis_unit; Audit_mean_once; pool_resources_N_sum_except_wall,task,hpobench:nasbench201:imagenet16-120,3,3,0,1,1,1,19150.333333333332,19150.333333333332,19150.333333333332,3,3,0,3,3,3,True,682.9834063382018
deepseek-v4-flash-0731,expgym,tuning,cost_tight,single,1,input_tokens,tokens,,planned_analysis_unit; Audit_mean_once; pool_resources_N_sum_except_wall,task,hpobench:paramnet:adult:steps,3,3,0,1,1,1,8498.0,8498.0,8498.0,3,3,0,3,3,3,True,798.9061271513694
deepseek-v4-flash-0731,expgym,tuning,cost_tight,single,1,input_tokens,tokens,,planned_analysis_unit; Audit_mean_once; pool_resources_N_sum_except_wall,task,hpobench:paramnet:higgs:steps,3,3,0,1,1,1,13701.0,13701.0,13701.0,3,3,0,3,3,3,True,6285.154970245364
deepseek-v4-flash-0731,expgym,tuning,cost_tight,single,1,input_tokens,tokens,,planned_analysis_unit; Audit_mean_once; pool_resources_N_sum_except_wall,task,hpobench:paramnet:letter:steps,3,3,0,1,1,1,36998.0,36998.0,36998.0,3,3,0,3,3,3,True,11187.267003160334
deepseek-v4-flash-0731,expgym,tuning,cost_tight,single,1,output_tokens,tokens,,planned_analysis_unit; Audit_mean_once; pool_resources_N_sum_except_wall,all,all,27,27,0,9,9,9,6140.740740740741,6140.740740740741,6140.740740740741,27,27,0,3,3,3,True,1014.8848522736389
deepseek-v4-flash-0731,expgym,tuning,cost_tight,single,1,output_tokens,tokens,,planned_analysis_unit; Audit_mean_once; pool_resources_N_sum_except_wall,family,nasbench101,9,9,0,3,3,3,7281.11111111111,7281.11111111111,7281.11111111111,9,9,0,3,3,3,True,1893.4120093199574
deepseek-v4-flash-0731,expgym,tuning,cost_tight,single,1,output_tokens,tokens,,planned_analysis_unit; Audit_mean_once; pool_resources_N_sum_except_wall,family,nasbench201,9,9,0,3,3,3,4186.777777777778,4186.777777777778,4186.777777777778,9,9,0,3,3,3,True,1102.2281641864927
deepseek-v4-flash-0731,expgym,tuning,cost_tight,single,1,output_tokens,tokens,,planned_analysis_unit; Audit_mean_once; pool_resources_N_sum_except_wall,family,paramnet,9,9,0,3,3,3,6954.333333333333,6954.333333333333,6954.333333333333,9,9,0,3,3,3,True,3460.644464707565
deepseek-v4-flash-0731,expgym,tuning,cost_tight,single,1,output_tokens,tokens,,planned_analysis_unit; Audit_mean_once; pool_resources_N_sum_except_wall,task,hpobench:nasbench101:A,3,3,0,1,1,1,8131.0,8131.0,8131.0,3,3,0,3,3,3,True,3713.85554377119
deepseek-v4-flash-0731,expgym,tuning,cost_tight,single,1,output_tokens,tokens,,planned_analysis_unit; Audit_mean_once; pool_resources_N_sum_except_wall,task,hpobench:nasbench101:B,3,3,0,1,1,1,6795.0,6795.0,6795.0,3,3,0,3,3,3,True,2067.5306527352864
deepseek-v4-flash-0731,expgym,tuning,cost_tight,single,1,output_tokens,tokens,,planned_analysis_unit; Audit_mean_once; pool_resources_N_sum_except_wall,task,hpobench:nasbench101:C,3,3,0,1,1,1,6917.333333333333,6917.333333333333,6917.333333333333,3,3,0,3,3,3,True,1224.4722672781663
deepseek-v4-flash-0731,expgym,tuning,cost_tight,single,1,output_tokens,tokens,,planned_analysis_unit; Audit_mean_once; pool_resources_N_sum_except_wall,task,hpobench:nasbench201:cifar10-valid,3,3,0,1,1,1,3445.6666666666665,3445.6666666666665,3445.6666666666665,3,3,0,3,3,3,True,2576.611017079088
deepseek-v4-flash-0731,expgym,tuning,cost_tight,single,1,output_tokens,tokens,,planned_analysis_unit; Audit_mean_once; pool_resources_N_sum_except_wall,task,hpobench:nasbench201:cifar100,3,3,0,1,1,1,5437.666666666667,5437.666666666667,5437.666666666667,3,3,0,3,3,3,True,1951.998036201198
deepseek-v4-flash-0731,expgym,tuning,cost_tight,single,1,output_tokens,tokens,,planned_analysis_unit; Audit_mean_once; pool_resources_N_sum_except_wall,task,hpobench:nasbench201:imagenet16-120,3,3,0,1,1,1,3677.0,3677.0,3677.0,3,3,0,3,3,3,True,2494.804401150519
deepseek-v4-flash-0731,expgym,tuning,cost_tight,single,1,output_tokens,tokens,,planned_analysis_unit; Audit_mean_once; pool_resources_N_sum_except_wall,task,hpobench:paramnet:adult:steps,3,3,0,1,1,1,9390.333333333334,9390.333333333334,9390.333333333334,3,3,0,3,3,3,True,12145.170123688402
deepseek-v4-flash-0731,expgym,tuning,cost_tight,single,1,output_tokens,tokens,,planned_analysis_unit; Audit_mean_once; pool_resources_N_sum_except_wall,task,hpobench:paramnet:higgs:steps,3,3,0,1,1,1,2488.6666666666665,2488.6666666666665,2488.6666666666665,3,3,0,3,3,3,True,521.0703727264997
deepseek-v4-flash-0731,expgym,tuning,cost_tight,single,1,output_tokens,tokens,,planned_analysis_unit; Audit_mean_once; pool_resources_N_sum_except_wall,task,hpobench:paramnet:letter:steps,3,3,0,1,1,1,8984.0,8984.0,8984.0,3,3,0,3,3,3,True,6810.523548156925
deepseek-v4-flash-0731,expgym,tuning,cost_tight,single,1,protocol_failure_rate,fraction,,planned_analysis_unit; Audit_mean_once; pool_resources_N_sum_except_wall,all,all,27,27,0,9,9,9,0.23938993105659773,0.23938993105659773,0.23938993105659773,27,27,0,3,3,3,True,0.08726081558511799
deepseek-v4-flash-0731,expgym,tuning,cost_tight,single,1,protocol_failure_rate,fraction,,planned_analysis_unit; Audit_mean_once; pool_resources_N_sum_except_wall,family,nasbench101,9,9,0,3,3,3,0.291005291005291,0.291005291005291,0.291005291005291,9,9,0,3,3,3,True,0.07881289388937744
deepseek-v4-flash-0731,expgym,tuning,cost_tight,single,1,protocol_failure_rate,fraction,,planned_analysis_unit; Audit_mean_once; pool_resources_N_sum_except_wall,family,nasbench201,9,9,0,3,3,3,0.16044973544973543,0.16044973544973543,0.16044973544973543,9,9,0,3,3,3,True,0.04797540819752507
deepseek-v4-flash-0731,expgym,tuning,cost_tight,single,1,protocol_failure_rate,fraction,,planned_analysis_unit; Audit_mean_once; pool_resources_N_sum_except_wall,family,paramnet,9,9,0,3,3,3,0.26671476671476674,0.26671476671476674,0.26671476671476674,9,9,0,3,3,3,True,0.2340306159697191
deepseek-v4-flash-0731,expgym,tuning,cost_tight,single,1,protocol_failure_rate,fraction,,planned_analysis_unit; Audit_mean_once; pool_resources_N_sum_except_wall,task,hpobench:nasbench101:A,3,3,0,1,1,1,0.18095238095238098,0.18095238095238098,0.18095238095238098,3,3,0,3,3,3,True,0.03299144395369291
deepseek-v4-flash-0731,expgym,tuning,cost_tight,single,1,protocol_failure_rate,fraction,,planned_analysis_unit; Audit_mean_once; pool_resources_N_sum_except_wall,task,hpobench:nasbench101:B,3,3,0,1,1,1,0.35555555555555557,0.35555555555555557,0.35555555555555557,3,3,0,3,3,3,True,0.26943012562182533
deepseek-v4-flash-0731,expgym,tuning,cost_tight,single,1,protocol_failure_rate,fraction,,planned_analysis_unit; Audit_mean_once; pool_resources_N_sum_except_wall,task,hpobench:nasbench101:C,3,3,0,1,1,1,0.3365079365079365,0.3365079365079365,0.3365079365079365,3,3,0,3,3,3,True,0.2873498161746952
deepseek-v4-flash-0731,expgym,tuning,cost_tight,single,1,protocol_failure_rate,fraction,,planned_analysis_unit; Audit_mean_once; pool_resources_N_sum_except_wall,task,hpobench:nasbench201:cifar10-valid,3,3,0,1,1,1,0.15277777777777776,0.15277777777777776,0.15277777777777776,3,3,0,3,3,3,True,0.16839382851364085
deepseek-v4-flash-0731,expgym,tuning,cost_tight,single,1,protocol_failure_rate,fraction,,planned_analysis_unit; Audit_mean_once; pool_resources_N_sum_except_wall,task,hpobench:nasbench201:cifar100,3,3,0,1,1,1,0.17777777777777778,0.17777777777777778,0.17777777777777778,3,3,0,3,3,3,True,0.01924500897298754
deepseek-v4-flash-0731,expgym,tuning,cost_tight,single,1,protocol_failure_rate,fraction,,planned_analysis_unit; Audit_mean_once; pool_resources_N_sum_except_wall,task,hpobench:nasbench201:imagenet16-120,3,3,0,1,1,1,0.15079365079365079,0.15079365079365079,0.15079365079365079,3,3,0,3,3,3,True,0.013746434980705375
deepseek-v4-flash-0731,expgym,tuning,cost_tight,single,1,protocol_failure_rate,fraction,,planned_analysis_unit; Audit_mean_once; pool_resources_N_sum_except_wall,task,hpobench:paramnet:adult:steps,3,3,0,1,1,1,0.4166666666666667,0.4166666666666667,0.4166666666666667,3,3,0,3,3,3,True,0.28867513459481287
deepseek-v4-flash-0731,expgym,tuning,cost_tight,single,1,protocol_failure_rate,fraction,,planned_analysis_unit; Audit_mean_once; pool_resources_N_sum_except_wall,task,hpobench:paramnet:higgs:steps,3,3,0,1,1,1,0.3055555555555555,0.3055555555555555,0.3055555555555555,3,3,0,3,3,3,True,0.393817968854384
deepseek-v4-flash-0731,expgym,tuning,cost_tight,single,1,protocol_failure_rate,fraction,,planned_analysis_unit; Audit_mean_once; pool_resources_N_sum_except_wall,task,hpobench:paramnet:letter:steps,3,3,0,1,1,1,0.07792207792207792,0.07792207792207792,0.07792207792207792,3,3,0,3,3,3,True,0.07230862808870157
deepseek-v4-flash-0731,expgym,tuning,cost_tight,single,1,raw_perf,fraction,True,planned_analysis_unit; Audit_mean_once; pool_resources_N_sum_except_wall,all,all,27,25,2,9,9,7,,0.7907094643370551,0.7907094643370551,27,25,2,3,3,3,True,
deepseek-v4-flash-0731,expgym,tuning,cost_tight,single,1,raw_perf,fraction,True,planned_analysis_unit; Audit_mean_once; pool_resources_N_sum_except_wall,family,nasbench101,9,9,0,3,3,3,0.8834097473709671,0.8834097473709671,0.8834097473709671,9,9,0,3,3,3,True,0.012754502750588204
deepseek-v4-flash-0731,expgym,tuning,cost_tight,single,1,raw_perf,fraction,True,planned_analysis_unit; Audit_mean_once; pool_resources_N_sum_except_wall,family,nasbench201,9,9,0,3,3,3,0.6790437036150897,0.6790437036150897,0.6790437036150897,9,9,0,3,3,3,True,0.004476702379825029
deepseek-v4-flash-0731,expgym,tuning,cost_tight,single,1,raw_perf,fraction,True,planned_analysis_unit; Audit_mean_once; pool_resources_N_sum_except_wall,family,paramnet,9,7,2,3,3,1,,0.8096749420251085,0.8096749420251085,9,7,2,3,3,3,True,
deepseek-v4-flash-0731,expgym,tuning,cost_tight,single,1,raw_perf,fraction,True,planned_analysis_unit; Audit_mean_once; pool_resources_N_sum_except_wall,task,hpobench:nasbench101:A,3,3,0,1,1,1,0.8765914307700262,0.8765914307700262,0.8765914307700262,3,3,0,3,3,3,True,0.05318207224668944
deepseek-v4-flash-0731,expgym,tuning,cost_tight,single,1,raw_perf,fraction,True,planned_analysis_unit; Audit_mean_once; pool_resources_N_sum_except_wall,task,hpobench:nasbench101:B,3,3,0,1,1,1,0.9111801120969983,0.9111801120969983,0.9111801120969983,3,3,0,3,3,3,True,0.025129960849725817
deepseek-v4-flash-0731,expgym,tuning,cost_tight,single,1,raw_perf,fraction,True,planned_analysis_unit; Audit_mean_once; pool_resources_N_sum_except_wall,task,hpobench:nasbench101:C,3,3,0,1,1,1,0.8624576992458767,0.8624576992458767,0.8624576992458767,3,3,0,3,3,3,True,0.028701731146324464
deepseek-v4-flash-0731,expgym,tuning,cost_tight,single,1,raw_perf,fraction,True,planned_analysis_unit; Audit_mean_once; pool_resources_N_sum_except_wall,task,hpobench:nasbench201:cifar10-valid,3,3,0,1,1,1,0.9019866665364583,0.9019866665364583,0.9019866665364583,3,3,0,3,3,3,True,0.0
deepseek-v4-flash-0731,expgym,tuning,cost_tight,single,1,raw_perf,fraction,True,planned_analysis_unit; Audit_mean_once; pool_resources_N_sum_except_wall,task,hpobench:nasbench201:cifar100,3,3,0,1,1,1,0.7240333333333333,0.7240333333333333,0.7240333333333333,3,3,0,3,3,3,True,0.013430107139474968
deepseek-v4-flash-0731,expgym,tuning,cost_tight,single,1,raw_perf,fraction,True,planned_analysis_unit; Audit_mean_once; pool_resources_N_sum_except_wall,task,hpobench:nasbench201:imagenet16-120,3,3,0,1,1,1,0.4111111109754774,0.4111111109754774,0.4111111109754774,3,3,0,3,3,3,True,0.0
deepseek-v4-flash-0731,expgym,tuning,cost_tight,single,1,raw_perf,fraction,True,planned_analysis_unit; Audit_mean_once; pool_resources_N_sum_except_wall,task,hpobench:paramnet:adult:steps,3,2,1,1,1,0,,0.8422037010656462,0.8422037010656462,3,2,1,3,3,3,True,
deepseek-v4-flash-0731,expgym,tuning,cost_tight,single,1,raw_perf,fraction,True,planned_analysis_unit; Audit_mean_once; pool_resources_N_sum_except_wall,task,hpobench:paramnet:higgs:steps,3,2,1,1,1,0,,0.714259690965811,0.714259690965811,3,2,1,3,3,3,True,
deepseek-v4-flash-0731,expgym,tuning,cost_tight,single,1,raw_perf,fraction,True,planned_analysis_unit; Audit_mean_once; pool_resources_N_sum_except_wall,task,hpobench:paramnet:letter:steps,3,3,0,1,1,1,0.8725614340438682,0.8725614340438682,0.8725614340438682,3,3,0,3,3,3,True,0.1173492233221493
deepseek-v4-flash-0731,expgym,tuning,cost_tight,single,1,wall_time_seconds,seconds,,planned_analysis_unit; Audit_mean_once; pool_resources_N_sum_except_wall,all,all,27,27,0,9,9,9,72.66955735065318,72.66955735065318,72.66955735065318,27,27,0,3,3,3,True,13.347125008009076
deepseek-v4-flash-0731,expgym,tuning,cost_tight,single,1,wall_time_seconds,seconds,,planned_analysis_unit; Audit_mean_once; pool_resources_N_sum_except_wall,family,nasbench101,9,9,0,3,3,3,82.45814628071254,82.45814628071254,82.45814628071254,9,9,0,3,3,3,True,22.40433428317092
deepseek-v4-flash-0731,expgym,tuning,cost_tight,single,1,wall_time_seconds,seconds,,planned_analysis_unit; Audit_mean_once; pool_resources_N_sum_except_wall,family,nasbench201,9,9,0,3,3,3,48.86232611868116,48.86232611868116,48.86232611868116,9,9,0,3,3,3,True,13.122754291771425
deepseek-v4-flash-0731,expgym,tuning,cost_tight,single,1,wall_time_seconds,seconds,,planned_analysis_unit; Audit_mean_once; pool_resources_N_sum_except_wall,family,paramnet,9,9,0,3,3,3,86.68819965256586,86.68819965256586,86.68819965256586,9,9,0,3,3,3,True,43.66811011170187
deepseek-v4-flash-0731,expgym,tuning,cost_tight,single,1,wall_time_seconds,seconds,,planned_analysis_unit; Audit_mean_once; pool_resources_N_sum_except_wall,task,hpobench:nasbench101:A,3,3,0,1,1,1,90.62167525291443,90.62167525291443,90.62167525291443,3,3,0,3,3,3,True,42.68024903666671
deepseek-v4-flash-0731,expgym,tuning,cost_tight,single,1,wall_time_seconds,seconds,,planned_analysis_unit; Audit_mean_once; pool_resources_N_sum_except_wall,task,hpobench:nasbench101:B,3,3,0,1,1,1,78.26533039410909,78.26533039410909,78.26533039410909,3,3,0,3,3,3,True,25.15985348808736
deepseek-v4-flash-0731,expgym,tuning,cost_tight,single,1,wall_time_seconds,seconds,,planned_analysis_unit; Audit_mean_once; pool_resources_N_sum_except_wall,task,hpobench:nasbench101:C,3,3,0,1,1,1,78.48743319511414,78.48743319511414,78.48743319511414,3,3,0,3,3,3,True,11.298275021726464
deepseek-v4-flash-0731,expgym,tuning,cost_tight,single,1,wall_time_seconds,seconds,,planned_analysis_unit; Audit_mean_once; pool_resources_N_sum_except_wall,task,hpobench:nasbench201:cifar10-valid,3,3,0,1,1,1,40.468152602513634,40.468152602513634,40.468152602513634,3,3,0,3,3,3,True,31.038958257793283
deepseek-v4-flash-0731,expgym,tuning,cost_tight,single,1,wall_time_seconds,seconds,,planned_analysis_unit; Audit_mean_once; pool_resources_N_sum_except_wall,task,hpobench:nasbench201:cifar100,3,3,0,1,1,1,61.88156787554423,61.88156787554423,61.88156787554423,3,3,0,3,3,3,True,22.42518812787025
deepseek-v4-flash-0731,expgym,tuning,cost_tight,single,1,wall_time_seconds,seconds,,planned_analysis_unit; Audit_mean_once; pool_resources_N_sum_except_wall,task,hpobench:nasbench201:imagenet16-120,3,3,0,1,1,1,44.237257877985634,44.237257877985634,44.237257877985634,3,3,0,3,3,3,True,29.12053967677742
deepseek-v4-flash-0731,expgym,tuning,cost_tight,single,1,wall_time_seconds,seconds,,planned_analysis_unit; Audit_mean_once; pool_resources_N_sum_except_wall,task,hpobench:paramnet:adult:steps,3,3,0,1,1,1,113.84605550765991,113.84605550765991,113.84605550765991,3,3,0,3,3,3,True,145.11237280887585
deepseek-v4-flash-0731,expgym,tuning,cost_tight,single,1,wall_time_seconds,seconds,,planned_analysis_unit; Audit_mean_once; pool_resources_N_sum_except_wall,task,hpobench:paramnet:higgs:steps,3,3,0,1,1,1,31.339343945185345,31.339343945185345,31.339343945185345,3,3,0,3,3,3,True,4.774970474485644
deepseek-v4-flash-0731,expgym,tuning,cost_tight,single,1,wall_time_seconds,seconds,,planned_analysis_unit; Audit_mean_once; pool_resources_N_sum_except_wall,task,hpobench:paramnet:letter:steps,3,3,0,1,1,1,114.8791995048523,114.8791995048523,114.8791995048523,3,3,0,3,3,3,True,86.89797528138001
deepseek-v4-flash-0731,poolact,evidence_audit,cost_moderate,cached,4,budget_utilization,fraction,,planned_analysis_unit; Audit_mean_once; pool_resources_N_sum_except_wall,all,all,13,13,0,13,13,13,0.6262265458633789,0.6262265458633789,0.6262265458633789,13,13,0,1,1,1,True,
deepseek-v4-flash-0731,poolact,evidence_audit,cost_moderate,cached,4,budget_utilization,fraction,,planned_analysis_unit; Audit_mean_once; pool_resources_N_sum_except_wall,family,evidence_audit,13,13,0,13,13,13,0.6262265458633789,0.6262265458633789,0.6262265458633789,13,13,0,1,1,1,True,
deepseek-v4-flash-0731,poolact,evidence_audit,cost_moderate,cached,4,duplicate_action_attempts,count,,planned_analysis_unit; Audit_mean_once; pool_resources_N_sum_except_wall,all,all,13,13,0,13,13,13,9.846153846153847,9.846153846153847,9.846153846153847,13,13,0,1,1,1,True,
deepseek-v4-flash-0731,poolact,evidence_audit,cost_moderate,cached,4,duplicate_action_attempts,count,,planned_analysis_unit; Audit_mean_once; pool_resources_N_sum_except_wall,family,evidence_audit,13,13,0,13,13,13,9.846153846153847,9.846153846153847,9.846153846153847,13,13,0,1,1,1,True,
deepseek-v4-flash-0731,poolact,evidence_audit,cost_moderate,cached,4,evidence_acc_mi,fraction,True,planned_analysis_unit; Audit_mean_once; pool_resources_N_sum_except_wall,all,all,13,13,0,13,13,13,0.36425339366515835,0.36425339366515835,0.36425339366515835,13,13,0,1,1,1,True,
deepseek-v4-flash-0731,poolact,evidence_audit,cost_moderate,cached,4,evidence_acc_mi,fraction,True,planned_analysis_unit; Audit_mean_once; pool_resources_N_sum_except_wall,family,evidence_audit,13,13,0,13,13,13,0.36425339366515835,0.36425339366515835,0.36425339366515835,13,13,0,1,1,1,True,
deepseek-v4-flash-0731,poolact,evidence_audit,cost_moderate,cached,4,evidence_acc_mv,fraction,True,planned_analysis_unit; Audit_mean_once; pool_resources_N_sum_except_wall,all,all,13,13,0,13,13,13,0.5882352941176471,0.5882352941176471,0.5882352941176471,13,13,0,1,1,1,True,
deepseek-v4-flash-0731,poolact,evidence_audit,cost_moderate,cached,4,evidence_acc_mv,fraction,True,planned_analysis_unit; Audit_mean_once; pool_resources_N_sum_except_wall,family,evidence_audit,13,13,0,13,13,13,0.5882352941176471,0.5882352941176471,0.5882352941176471,13,13,0,1,1,1,True,
deepseek-v4-flash-0731,poolact,evidence_audit,cost_moderate,cached,4,feedback_attempts,count,,planned_analysis_unit; Audit_mean_once; pool_resources_N_sum_except_wall,all,all,13,13,0,13,13,13,32.15384615384615,32.15384615384615,32.15384615384615,13,13,0,1,1,1,True,
deepseek-v4-flash-0731,poolact,evidence_audit,cost_moderate,cached,4,feedback_attempts,count,,planned_analysis_unit; Audit_mean_once; pool_resources_N_sum_except_wall,family,evidence_audit,13,13,0,13,13,13,32.15384615384615,32.15384615384615,32.15384615384615,13,13,0,1,1,1,True,
deepseek-v4-flash-0731,poolact,evidence_audit,cost_moderate,cached,4,feedback_cost_seconds,seconds,,planned_analysis_unit; Audit_mean_once; pool_resources_N_sum_except_wall,all,all,13,13,0,13,13,13,7514.718550360547,7514.718550360547,7514.718550360547,13,13,0,1,1,1,True,
deepseek-v4-flash-0731,poolact,evidence_audit,cost_moderate,cached,4,feedback_cost_seconds,seconds,,planned_analysis_unit; Audit_mean_once; pool_resources_N_sum_except_wall,family,evidence_audit,13,13,0,13,13,13,7514.718550360547,7514.718550360547,7514.718550360547,13,13,0,1,1,1,True,
deepseek-v4-flash-0731,poolact,evidence_audit,cost_moderate,cached,4,feedback_visible,count,,planned_analysis_unit; Audit_mean_once; pool_resources_N_sum_except_wall,all,all,13,1,12,13,1,1,,0.0,0.0,13,1,12,1,1,1,True,
deepseek-v4-flash-0731,poolact,evidence_audit,cost_moderate,cached,4,feedback_visible,count,,planned_analysis_unit; Audit_mean_once; pool_resources_N_sum_except_wall,family,evidence_audit,13,1,12,13,1,1,,0.0,0.0,13,1,12,1,1,1,True,
deepseek-v4-flash-0731,poolact,evidence_audit,cost_moderate,cached,4,input_tokens,tokens,,planned_analysis_unit; Audit_mean_once; pool_resources_N_sum_except_wall,all,all,13,13,0,13,13,13,473478.46153846156,473478.46153846156,473478.46153846156,13,13,0,1,1,1,True,
deepseek-v4-flash-0731,poolact,evidence_audit,cost_moderate,cached,4,input_tokens,tokens,,planned_analysis_unit; Audit_mean_once; pool_resources_N_sum_except_wall,family,evidence_audit,13,13,0,13,13,13,473478.46153846156,473478.46153846156,473478.46153846156,13,13,0,1,1,1,True,
deepseek-v4-flash-0731,poolact,evidence_audit,cost_moderate,cached,4,label_acc_mi,fraction,True,planned_analysis_unit; Audit_mean_once; pool_resources_N_sum_except_wall,all,all,13,13,0,13,13,13,0.44796380090497734,0.44796380090497734,0.44796380090497734,13,13,0,1,1,1,True,
deepseek-v4-flash-0731,poolact,evidence_audit,cost_moderate,cached,4,label_acc_mi,fraction,True,planned_analysis_unit; Audit_mean_once; pool_resources_N_sum_except_wall,family,evidence_audit,13,13,0,13,13,13,0.44796380090497734,0.44796380090497734,0.44796380090497734,13,13,0,1,1,1,True,
deepseek-v4-flash-0731,poolact,evidence_audit,cost_moderate,cached,4,label_acc_mv,fraction,True,planned_analysis_unit; Audit_mean_once; pool_resources_N_sum_except_wall,all,all,13,13,0,13,13,13,0.7375565610859728,0.7375565610859728,0.7375565610859728,13,13,0,1,1,1,True,
deepseek-v4-flash-0731,poolact,evidence_audit,cost_moderate,cached,4,label_acc_mv,fraction,True,planned_analysis_unit; Audit_mean_once; pool_resources_N_sum_except_wall,family,evidence_audit,13,13,0,13,13,13,0.7375565610859728,0.7375565610859728,0.7375565610859728,13,13,0,1,1,1,True,
deepseek-v4-flash-0731,poolact,evidence_audit,cost_moderate,cached,4,output_tokens,tokens,,planned_analysis_unit; Audit_mean_once; pool_resources_N_sum_except_wall,all,all,13,13,0,13,13,13,82999.07692307692,82999.07692307692,82999.07692307692,13,13,0,1,1,1,True,
deepseek-v4-flash-0731,poolact,evidence_audit,cost_moderate,cached,4,output_tokens,tokens,,planned_analysis_unit; Audit_mean_once; pool_resources_N_sum_except_wall,family,evidence_audit,13,13,0,13,13,13,82999.07692307692,82999.07692307692,82999.07692307692,13,13,0,1,1,1,True,
deepseek-v4-flash-0731,poolact,evidence_audit,cost_moderate,cached,4,protocol_failure_rate,fraction,,planned_analysis_unit; Audit_mean_once; pool_resources_N_sum_except_wall,all,all,13,13,0,13,13,13,0.2350762766053492,0.2350762766053492,0.2350762766053492,13,13,0,1,1,1,True,
deepseek-v4-flash-0731,poolact,evidence_audit,cost_moderate,cached,4,protocol_failure_rate,fraction,,planned_analysis_unit; Audit_mean_once; pool_resources_N_sum_except_wall,family,evidence_audit,13,13,0,13,13,13,0.2350762766053492,0.2350762766053492,0.2350762766053492,13,13,0,1,1,1,True,
deepseek-v4-flash-0731,poolact,evidence_audit,cost_moderate,cached,4,wall_time_seconds,seconds,,planned_analysis_unit; Audit_mean_once; pool_resources_N_sum_except_wall,all,all,13,0,13,13,0,0,,,,13,0,13,1,1,1,True,
deepseek-v4-flash-0731,poolact,evidence_audit,cost_moderate,cached,4,wall_time_seconds,seconds,,planned_analysis_unit; Audit_mean_once; pool_resources_N_sum_except_wall,family,evidence_audit,13,0,13,13,0,0,,,,13,0,13,1,1,1,True,
deepseek-v4-flash-0731,poolact,evidence_audit,cost_moderate,naive,4,budget_utilization,fraction,,planned_analysis_unit; Audit_mean_once; pool_resources_N_sum_except_wall,all,all,13,13,0,13,13,13,0.4662778610912844,0.4662778610912844,0.4662778610912844,13,13,0,1,1,1,True,
deepseek-v4-flash-0731,poolact,evidence_audit,cost_moderate,naive,4,budget_utilization,fraction,,planned_analysis_unit; Audit_mean_once; pool_resources_N_sum_except_wall,family,evidence_audit,13,13,0,13,13,13,0.4662778610912844,0.4662778610912844,0.4662778610912844,13,13,0,1,1,1,True,
deepseek-v4-flash-0731,poolact,evidence_audit,cost_moderate,naive,4,duplicate_action_attempts,count,,planned_analysis_unit; Audit_mean_once; pool_resources_N_sum_except_wall,all,all,13,13,0,13,13,13,4.615384615384615,4.615384615384615,4.615384615384615,13,13,0,1,1,1,True,
deepseek-v4-flash-0731,poolact,evidence_audit,cost_moderate,naive,4,duplicate_action_attempts,count,,planned_analysis_unit; Audit_mean_once; pool_resources_N_sum_except_wall,family,evidence_audit,13,13,0,13,13,13,4.615384615384615,4.615384615384615,4.615384615384615,13,13,0,1,1,1,True,
deepseek-v4-flash-0731,poolact,evidence_audit,cost_moderate,naive,4,evidence_acc_mi,fraction,True,planned_analysis_unit; Audit_mean_once; pool_resources_N_sum_except_wall,all,all,13,13,0,13,13,13,0.3223981900452489,0.3223981900452489,0.3223981900452489,13,13,0,1,1,1,True,
deepseek-v4-flash-0731,poolact,evidence_audit,cost_moderate,naive,4,evidence_acc_mi,fraction,True,planned_analysis_unit; Audit_mean_once; pool_resources_N_sum_except_wall,family,evidence_audit,13,13,0,13,13,13,0.3223981900452489,0.3223981900452489,0.3223981900452489,13,13,0,1,1,1,True,
deepseek-v4-flash-0731,poolact,evidence_audit,cost_moderate,naive,4,evidence_acc_mv,fraction,True,planned_analysis_unit; Audit_mean_once; pool_resources_N_sum_except_wall,all,all,13,13,0,13,13,13,0.5927601809954751,0.5927601809954751,0.5927601809954751,13,13,0,1,1,1,True,
deepseek-v4-flash-0731,poolact,evidence_audit,cost_moderate,naive,4,evidence_acc_mv,fraction,True,planned_analysis_unit; Audit_mean_once; pool_resources_N_sum_except_wall,family,evidence_audit,13,13,0,13,13,13,0.5927601809954751,0.5927601809954751,0.5927601809954751,13,13,0,1,1,1,True,
deepseek-v4-flash-0731,poolact,evidence_audit,cost_moderate,naive,4,feedback_attempts,count,,planned_analysis_unit; Audit_mean_once; pool_resources_N_sum_except_wall,all,all,13,13,0,13,13,13,18.846153846153847,18.846153846153847,18.846153846153847,13,13,0,1,1,1,True,
deepseek-v4-flash-0731,poolact,evidence_audit,cost_moderate,naive,4,feedback_attempts,count,,planned_analysis_unit; Audit_mean_once; pool_resources_N_sum_except_wall,family,evidence_audit,13,13,0,13,13,13,18.846153846153847,18.846153846153847,18.846153846153847,13,13,0,1,1,1,True,
deepseek-v4-flash-0731,poolact,evidence_audit,cost_moderate,naive,4,feedback_cost_seconds,seconds,,planned_analysis_unit; Audit_mean_once; pool_resources_N_sum_except_wall,all,all,13,13,0,13,13,13,5595.334333095413,5595.334333095413,5595.334333095413,13,13,0,1,1,1,True,
deepseek-v4-flash-0731,poolact,evidence_audit,cost_moderate,naive,4,feedback_cost_seconds,seconds,,planned_analysis_unit; Audit_mean_once; pool_resources_N_sum_except_wall,family,evidence_audit,13,13,0,13,13,13,5595.334333095413,5595.334333095413,5595.334333095413,13,13,0,1,1,1,True,
deepseek-v4-flash-0731,poolact,evidence_audit,cost_moderate,naive,4,feedback_visible,count,,planned_analysis_unit; Audit_mean_once; pool_resources_N_sum_except_wall,all,all,13,1,12,13,1,1,,0.0,0.0,13,1,12,1,1,1,True,
deepseek-v4-flash-0731,poolact,evidence_audit,cost_moderate,naive,4,feedback_visible,count,,planned_analysis_unit; Audit_mean_once; pool_resources_N_sum_except_wall,family,evidence_audit,13,1,12,13,1,1,,0.0,0.0,13,1,12,1,1,1,True,
deepseek-v4-flash-0731,poolact,evidence_audit,cost_moderate,naive,4,input_tokens,tokens,,planned_analysis_unit; Audit_mean_once; pool_resources_N_sum_except_wall,all,all,13,13,0,13,13,13,376721.6923076923,376721.6923076923,376721.6923076923,13,13,0,1,1,1,True,
deepseek-v4-flash-0731,poolact,evidence_audit,cost_moderate,naive,4,input_tokens,tokens,,planned_analysis_unit; Audit_mean_once; pool_resources_N_sum_except_wall,family,evidence_audit,13,13,0,13,13,13,376721.6923076923,376721.6923076923,376721.6923076923,13,13,0,1,1,1,True,
deepseek-v4-flash-0731,poolact,evidence_audit,cost_moderate,naive,4,label_acc_mi,fraction,True,planned_analysis_unit; Audit_mean_once; pool_resources_N_sum_except_wall,all,all,13,13,0,13,13,13,0.4004524886877828,0.4004524886877828,0.4004524886877828,13,13,0,1,1,1,True,
deepseek-v4-flash-0731,poolact,evidence_audit,cost_moderate,naive,4,label_acc_mi,fraction,True,planned_analysis_unit; Audit_mean_once; pool_resources_N_sum_except_wall,family,evidence_audit,13,13,0,13,13,13,0.4004524886877828,0.4004524886877828,0.4004524886877828,13,13,0,1,1,1,True,
deepseek-v4-flash-0731,poolact,evidence_audit,cost_moderate,naive,4,label_acc_mv,fraction,True,planned_analysis_unit; Audit_mean_once; pool_resources_N_sum_except_wall,all,all,13,13,0,13,13,13,0.7873303167420814,0.7873303167420814,0.7873303167420814,13,13,0,1,1,1,True,
deepseek-v4-flash-0731,poolact,evidence_audit,cost_moderate,naive,4,label_acc_mv,fraction,True,planned_analysis_unit; Audit_mean_once; pool_resources_N_sum_except_wall,family,evidence_audit,13,13,0,13,13,13,0.7873303167420814,0.7873303167420814,0.7873303167420814,13,13,0,1,1,1,True,
deepseek-v4-flash-0731,poolact,evidence_audit,cost_moderate,naive,4,output_tokens,tokens,,planned_analysis_unit; Audit_mean_once; pool_resources_N_sum_except_wall,all,all,13,13,0,13,13,13,109929.46153846153,109929.46153846153,109929.46153846153,13,13,0,1,1,1,True,
deepseek-v4-flash-0731,poolact,evidence_audit,cost_moderate,naive,4,output_tokens,tokens,,planned_analysis_unit; Audit_mean_once; pool_resources_N_sum_except_wall,family,evidence_audit,13,13,0,13,13,13,109929.46153846153,109929.46153846153,109929.46153846153,13,13,0,1,1,1,True,
deepseek-v4-flash-0731,poolact,evidence_audit,cost_moderate,naive,4,protocol_failure_rate,fraction,,planned_analysis_unit; Audit_mean_once; pool_resources_N_sum_except_wall,all,all,13,13,0,13,13,13,0.3533495540356375,0.3533495540356375,0.3533495540356375,13,13,0,1,1,1,True,
deepseek-v4-flash-0731,poolact,evidence_audit,cost_moderate,naive,4,protocol_failure_rate,fraction,,planned_analysis_unit; Audit_mean_once; pool_resources_N_sum_except_wall,family,evidence_audit,13,13,0,13,13,13,0.3533495540356375,0.3533495540356375,0.3533495540356375,13,13,0,1,1,1,True,
deepseek-v4-flash-0731,poolact,evidence_audit,cost_moderate,naive,4,wall_time_seconds,seconds,,planned_analysis_unit; Audit_mean_once; pool_resources_N_sum_except_wall,all,all,13,0,13,13,0,0,,,,13,0,13,1,1,1,True,
deepseek-v4-flash-0731,poolact,evidence_audit,cost_moderate,naive,4,wall_time_seconds,seconds,,planned_analysis_unit; Audit_mean_once; pool_resources_N_sum_except_wall,family,evidence_audit,13,0,13,13,0,0,,,,13,0,13,1,1,1,True,
deepseek-v4-flash-0731,poolact,evidence_audit,cost_moderate,poolact,4,budget_utilization,fraction,,planned_analysis_unit; Audit_mean_once; pool_resources_N_sum_except_wall,all,all,13,13,0,13,13,13,0.24663574046831435,0.24663574046831435,0.24663574046831435,13,13,0,1,1,1,True,
deepseek-v4-flash-0731,poolact,evidence_audit,cost_moderate,poolact,4,budget_utilization,fraction,,planned_analysis_unit; Audit_mean_once; pool_resources_N_sum_except_wall,family,evidence_audit,13,13,0,13,13,13,0.24663574046831435,0.24663574046831435,0.24663574046831435,13,13,0,1,1,1,True,
deepseek-v4-flash-0731,poolact,evidence_audit,cost_moderate,poolact,4,duplicate_action_attempts,count,,planned_analysis_unit; Audit_mean_once; pool_resources_N_sum_except_wall,all,all,13,13,0,13,13,13,1.6153846153846154,1.6153846153846154,1.6153846153846154,13,13,0,1,1,1,True,
deepseek-v4-flash-0731,poolact,evidence_audit,cost_moderate,poolact,4,duplicate_action_attempts,count,,planned_analysis_unit; Audit_mean_once; pool_resources_N_sum_except_wall,family,evidence_audit,13,13,0,13,13,13,1.6153846153846154,1.6153846153846154,1.6153846153846154,13,13,0,1,1,1,True,
deepseek-v4-flash-0731,poolact,evidence_audit,cost_moderate,poolact,4,evidence_acc_mi,fraction,True,planned_analysis_unit; Audit_mean_once; pool_resources_N_sum_except_wall,all,all,13,13,0,13,13,13,0.10972850678733032,0.10972850678733032,0.10972850678733032,13,13,0,1,1,1,True,
deepseek-v4-flash-0731,poolact,evidence_audit,cost_moderate,poolact,4,evidence_acc_mi,fraction,True,planned_analysis_unit; Audit_mean_once; pool_resources_N_sum_except_wall,family,evidence_audit,13,13,0,13,13,13,0.10972850678733032,0.10972850678733032,0.10972850678733032,13,13,0,1,1,1,True,
deepseek-v4-flash-0731,poolact,evidence_audit,cost_moderate,poolact,4,evidence_acc_mv,fraction,True,planned_analysis_unit; Audit_mean_once; pool_resources_N_sum_except_wall,all,all,13,13,0,13,13,13,0.334841628959276,0.334841628959276,0.334841628959276,13,13,0,1,1,1,True,
deepseek-v4-flash-0731,poolact,evidence_audit,cost_moderate,poolact,4,evidence_acc_mv,fraction,True,planned_analysis_unit; Audit_mean_once; pool_resources_N_sum_except_wall,family,evidence_audit,13,13,0,13,13,13,0.334841628959276,0.334841628959276,0.334841628959276,13,13,0,1,1,1,True,
deepseek-v4-flash-0731,poolact,evidence_audit,cost_moderate,poolact,4,feedback_attempts,count,,planned_analysis_unit; Audit_mean_once; pool_resources_N_sum_except_wall,all,all,13,13,0,13,13,13,10.461538461538462,10.461538461538462,10.461538461538462,13,13,0,1,1,1,True,
deepseek-v4-flash-0731,poolact,evidence_audit,cost_moderate,poolact,4,feedback_attempts,count,,planned_analysis_unit; Audit_mean_once; pool_resources_N_sum_except_wall,family,evidence_audit,13,13,0,13,13,13,10.461538461538462,10.461538461538462,10.461538461538462,13,13,0,1,1,1,True,
deepseek-v4-flash-0731,poolact,evidence_audit,cost_moderate,poolact,4,feedback_cost_seconds,seconds,,planned_analysis_unit; Audit_mean_once; pool_resources_N_sum_except_wall,all,all,13,13,0,13,13,13,2959.628885619772,2959.628885619772,2959.628885619772,13,13,0,1,1,1,True,
deepseek-v4-flash-0731,poolact,evidence_audit,cost_moderate,poolact,4,feedback_cost_seconds,seconds,,planned_analysis_unit; Audit_mean_once; pool_resources_N_sum_except_wall,family,evidence_audit,13,13,0,13,13,13,2959.628885619772,2959.628885619772,2959.628885619772,13,13,0,1,1,1,True,
deepseek-v4-flash-0731,poolact,evidence_audit,cost_moderate,poolact,4,feedback_visible,count,,planned_analysis_unit; Audit_mean_once; pool_resources_N_sum_except_wall,all,all,13,2,11,13,2,2,,0.0,0.0,13,2,11,1,1,1,True,
deepseek-v4-flash-0731,poolact,evidence_audit,cost_moderate,poolact,4,feedback_visible,count,,planned_analysis_unit; Audit_mean_once; pool_resources_N_sum_except_wall,family,evidence_audit,13,2,11,13,2,2,,0.0,0.0,13,2,11,1,1,1,True,
deepseek-v4-flash-0731,poolact,evidence_audit,cost_moderate,poolact,4,input_tokens,tokens,,planned_analysis_unit; Audit_mean_once; pool_resources_N_sum_except_wall,all,all,13,13,0,13,13,13,302074.46153846156,302074.46153846156,302074.46153846156,13,13,0,1,1,1,True,
deepseek-v4-flash-0731,poolact,evidence_audit,cost_moderate,poolact,4,input_tokens,tokens,,planned_analysis_unit; Audit_mean_once; pool_resources_N_sum_except_wall,family,evidence_audit,13,13,0,13,13,13,302074.46153846156,302074.46153846156,302074.46153846156,13,13,0,1,1,1,True,
deepseek-v4-flash-0731,poolact,evidence_audit,cost_moderate,poolact,4,label_acc_mi,fraction,True,planned_analysis_unit; Audit_mean_once; pool_resources_N_sum_except_wall,all,all,13,13,0,13,13,13,0.1493212669683258,0.1493212669683258,0.1493212669683258,13,13,0,1,1,1,True,
deepseek-v4-flash-0731,poolact,evidence_audit,cost_moderate,poolact,4,label_acc_mi,fraction,True,planned_analysis_unit; Audit_mean_once; pool_resources_N_sum_except_wall,family,evidence_audit,13,13,0,13,13,13,0.1493212669683258,0.1493212669683258,0.1493212669683258,13,13,0,1,1,1,True,
deepseek-v4-flash-0731,poolact,evidence_audit,cost_moderate,poolact,4,label_acc_mv,fraction,True,planned_analysis_unit; Audit_mean_once; pool_resources_N_sum_except_wall,all,all,13,13,0,13,13,13,0.44796380090497734,0.44796380090497734,0.44796380090497734,13,13,0,1,1,1,True,
deepseek-v4-flash-0731,poolact,evidence_audit,cost_moderate,poolact,4,label_acc_mv,fraction,True,planned_analysis_unit; Audit_mean_once; pool_resources_N_sum_except_wall,family,evidence_audit,13,13,0,13,13,13,0.44796380090497734,0.44796380090497734,0.44796380090497734,13,13,0,1,1,1,True,
deepseek-v4-flash-0731,poolact,evidence_audit,cost_moderate,poolact,4,output_tokens,tokens,,planned_analysis_unit; Audit_mean_once; pool_resources_N_sum_except_wall,all,all,13,13,0,13,13,13,84832.38461538461,84832.38461538461,84832.38461538461,13,13,0,1,1,1,True,
deepseek-v4-flash-0731,poolact,evidence_audit,cost_moderate,poolact,4,output_tokens,tokens,,planned_analysis_unit; Audit_mean_once; pool_resources_N_sum_except_wall,family,evidence_audit,13,13,0,13,13,13,84832.38461538461,84832.38461538461,84832.38461538461,13,13,0,1,1,1,True,
deepseek-v4-flash-0731,poolact,evidence_audit,cost_moderate,poolact,4,protocol_failure_rate,fraction,,planned_analysis_unit; Audit_mean_once; pool_resources_N_sum_except_wall,all,all,13,13,0,13,13,13,0.4474767553254667,0.4474767553254667,0.4474767553254667,13,13,0,1,1,1,True,
deepseek-v4-flash-0731,poolact,evidence_audit,cost_moderate,poolact,4,protocol_failure_rate,fraction,,planned_analysis_unit; Audit_mean_once; pool_resources_N_sum_except_wall,family,evidence_audit,13,13,0,13,13,13,0.4474767553254667,0.4474767553254667,0.4474767553254667,13,13,0,1,1,1,True,
deepseek-v4-flash-0731,poolact,evidence_audit,cost_moderate,poolact,4,wall_time_seconds,seconds,,planned_analysis_unit; Audit_mean_once; pool_resources_N_sum_except_wall,all,all,13,0,13,13,0,0,,,,13,0,13,1,1,1,True,
deepseek-v4-flash-0731,poolact,evidence_audit,cost_moderate,poolact,4,wall_time_seconds,seconds,,planned_analysis_unit; Audit_mean_once; pool_resources_N_sum_except_wall,family,evidence_audit,13,0,13,13,0,0,,,,13,0,13,1,1,1,True,
deepseek-v4-flash-0731,poolact,evidence_audit,cost_tight,cached,4,budget_utilization,fraction,,planned_analysis_unit; Audit_mean_once; pool_resources_N_sum_except_wall,all,all,13,13,0,13,13,13,0.53155223201427,0.53155223201427,0.53155223201427,13,13,0,1,1,1,True,
deepseek-v4-flash-0731,poolact,evidence_audit,cost_tight,cached,4,budget_utilization,fraction,,planned_analysis_unit; Audit_mean_once; pool_resources_N_sum_except_wall,family,evidence_audit,13,13,0,13,13,13,0.53155223201427,0.53155223201427,0.53155223201427,13,13,0,1,1,1,True,
deepseek-v4-flash-0731,poolact,evidence_audit,cost_tight,cached,4,duplicate_action_attempts,count,,planned_analysis_unit; Audit_mean_once; pool_resources_N_sum_except_wall,all,all,13,13,0,13,13,13,2.1538461538461537,2.1538461538461537,2.1538461538461537,13,13,0,1,1,1,True,
deepseek-v4-flash-0731,poolact,evidence_audit,cost_tight,cached,4,duplicate_action_attempts,count,,planned_analysis_unit; Audit_mean_once; pool_resources_N_sum_except_wall,family,evidence_audit,13,13,0,13,13,13,2.1538461538461537,2.1538461538461537,2.1538461538461537,13,13,0,1,1,1,True,
deepseek-v4-flash-0731,poolact,evidence_audit,cost_tight,cached,4,evidence_acc_mi,fraction,True,planned_analysis_unit; Audit_mean_once; pool_resources_N_sum_except_wall,all,all,13,13,0,13,13,13,0.12895927601809956,0.12895927601809956,0.12895927601809956,13,13,0,1,1,1,True,
deepseek-v4-flash-0731,poolact,evidence_audit,cost_tight,cached,4,evidence_acc_mi,fraction,True,planned_analysis_unit; Audit_mean_once; pool_resources_N_sum_except_wall,family,evidence_audit,13,13,0,13,13,13,0.12895927601809956,0.12895927601809956,0.12895927601809956,13,13,0,1,1,1,True,
deepseek-v4-flash-0731,poolact,evidence_audit,cost_tight,cached,4,evidence_acc_mv,fraction,True,planned_analysis_unit; Audit_mean_once; pool_resources_N_sum_except_wall,all,all,13,13,0,13,13,13,0.3710407239819004,0.3710407239819004,0.3710407239819004,13,13,0,1,1,1,True,
deepseek-v4-flash-0731,poolact,evidence_audit,cost_tight,cached,4,evidence_acc_mv,fraction,True,planned_analysis_unit; Audit_mean_once; pool_resources_N_sum_except_wall,family,evidence_audit,13,13,0,13,13,13,0.3710407239819004,0.3710407239819004,0.3710407239819004,13,13,0,1,1,1,True,
deepseek-v4-flash-0731,poolact,evidence_audit,cost_tight,cached,4,feedback_attempts,count,,planned_analysis_unit; Audit_mean_once; pool_resources_N_sum_except_wall,all,all,13,13,0,13,13,13,7.0,7.0,7.0,13,13,0,1,1,1,True,
deepseek-v4-flash-0731,poolact,evidence_audit,cost_tight,cached,4,feedback_attempts,count,,planned_analysis_unit; Audit_mean_once; pool_resources_N_sum_except_wall,family,evidence_audit,13,13,0,13,13,13,7.0,7.0,7.0,13,13,0,1,1,1,True,
deepseek-v4-flash-0731,poolact,evidence_audit,cost_tight,cached,4,feedback_cost_seconds,seconds,,planned_analysis_unit; Audit_mean_once; pool_resources_N_sum_except_wall,all,all,13,13,0,13,13,13,1913.588035251372,1913.588035251372,1913.588035251372,13,13,0,1,1,1,True,
deepseek-v4-flash-0731,poolact,evidence_audit,cost_tight,cached,4,feedback_cost_seconds,seconds,,planned_analysis_unit; Audit_mean_once; pool_resources_N_sum_except_wall,family,evidence_audit,13,13,0,13,13,13,1913.588035251372,1913.588035251372,1913.588035251372,13,13,0,1,1,1,True,
deepseek-v4-flash-0731,poolact,evidence_audit,cost_tight,cached,4,feedback_visible,count,,planned_analysis_unit; Audit_mean_once; pool_resources_N_sum_except_wall,all,all,13,1,12,13,1,1,,0.0,0.0,13,1,12,1,1,1,True,
deepseek-v4-flash-0731,poolact,evidence_audit,cost_tight,cached,4,feedback_visible,count,,planned_analysis_unit; Audit_mean_once; pool_resources_N_sum_except_wall,family,evidence_audit,13,1,12,13,1,1,,0.0,0.0,13,1,12,1,1,1,True,
deepseek-v4-flash-0731,poolact,evidence_audit,cost_tight,cached,4,input_tokens,tokens,,planned_analysis_unit; Audit_mean_once; pool_resources_N_sum_except_wall,all,all,13,13,0,13,13,13,194020.84615384616,194020.84615384616,194020.84615384616,13,13,0,1,1,1,True,
deepseek-v4-flash-0731,poolact,evidence_audit,cost_tight,cached,4,input_tokens,tokens,,planned_analysis_unit; Audit_mean_once; pool_resources_N_sum_except_wall,family,evidence_audit,13,13,0,13,13,13,194020.84615384616,194020.84615384616,194020.84615384616,13,13,0,1,1,1,True,
deepseek-v4-flash-0731,poolact,evidence_audit,cost_tight,cached,4,label_acc_mi,fraction,True,planned_analysis_unit; Audit_mean_once; pool_resources_N_sum_except_wall,all,all,13,13,0,13,13,13,0.17194570135746606,0.17194570135746606,0.17194570135746606,13,13,0,1,1,1,True,
deepseek-v4-flash-0731,poolact,evidence_audit,cost_tight,cached,4,label_acc_mi,fraction,True,planned_analysis_unit; Audit_mean_once; pool_resources_N_sum_except_wall,family,evidence_audit,13,13,0,13,13,13,0.17194570135746606,0.17194570135746606,0.17194570135746606,13,13,0,1,1,1,True,
deepseek-v4-flash-0731,poolact,evidence_audit,cost_tight,cached,4,label_acc_mv,fraction,True,planned_analysis_unit; Audit_mean_once; pool_resources_N_sum_except_wall,all,all,13,13,0,13,13,13,0.502262443438914,0.502262443438914,0.502262443438914,13,13,0,1,1,1,True,
deepseek-v4-flash-0731,poolact,evidence_audit,cost_tight,cached,4,label_acc_mv,fraction,True,planned_analysis_unit; Audit_mean_once; pool_resources_N_sum_except_wall,family,evidence_audit,13,13,0,13,13,13,0.502262443438914,0.502262443438914,0.502262443438914,13,13,0,1,1,1,True,
deepseek-v4-flash-0731,poolact,evidence_audit,cost_tight,cached,4,output_tokens,tokens,,planned_analysis_unit; Audit_mean_once; pool_resources_N_sum_except_wall,all,all,13,13,0,13,13,13,82773.84615384616,82773.84615384616,82773.84615384616,13,13,0,1,1,1,True,
deepseek-v4-flash-0731,poolact,evidence_audit,cost_tight,cached,4,output_tokens,tokens,,planned_analysis_unit; Audit_mean_once; pool_resources_N_sum_except_wall,family,evidence_audit,13,13,0,13,13,13,82773.84615384616,82773.84615384616,82773.84615384616,13,13,0,1,1,1,True,
deepseek-v4-flash-0731,poolact,evidence_audit,cost_tight,cached,4,protocol_failure_rate,fraction,,planned_analysis_unit; Audit_mean_once; pool_resources_N_sum_except_wall,all,all,13,13,0,13,13,13,0.45380057943168206,0.45380057943168206,0.45380057943168206,13,13,0,1,1,1,True,
deepseek-v4-flash-0731,poolact,evidence_audit,cost_tight,cached,4,protocol_failure_rate,fraction,,planned_analysis_unit; Audit_mean_once; pool_resources_N_sum_except_wall,family,evidence_audit,13,13,0,13,13,13,0.45380057943168206,0.45380057943168206,0.45380057943168206,13,13,0,1,1,1,True,
deepseek-v4-flash-0731,poolact,evidence_audit,cost_tight,cached,4,wall_time_seconds,seconds,,planned_analysis_unit; Audit_mean_once; pool_resources_N_sum_except_wall,all,all,13,0,13,13,0,0,,,,13,0,13,1,1,1,True,
deepseek-v4-flash-0731,poolact,evidence_audit,cost_tight,cached,4,wall_time_seconds,seconds,,planned_analysis_unit; Audit_mean_once; pool_resources_N_sum_except_wall,family,evidence_audit,13,0,13,13,0,0,,,,13,0,13,1,1,1,True,
deepseek-v4-flash-0731,poolact,evidence_audit,cost_tight,naive,4,budget_utilization,fraction,,planned_analysis_unit; Audit_mean_once; pool_resources_N_sum_except_wall,all,all,13,13,0,13,13,13,0.5720163169517938,0.5720163169517938,0.5720163169517938,13,13,0,1,1,1,True,
deepseek-v4-flash-0731,poolact,evidence_audit,cost_tight,naive,4,budget_utilization,fraction,,planned_analysis_unit; Audit_mean_once; pool_resources_N_sum_except_wall,family,evidence_audit,13,13,0,13,13,13,0.5720163169517938,0.5720163169517938,0.5720163169517938,13,13,0,1,1,1,True,
deepseek-v4-flash-0731,poolact,evidence_audit,cost_tight,naive,4,duplicate_action_attempts,count,,planned_analysis_unit; Audit_mean_once; pool_resources_N_sum_except_wall,all,all,13,13,0,13,13,13,2.5384615384615383,2.5384615384615383,2.5384615384615383,13,13,0,1,1,1,True,
deepseek-v4-flash-0731,poolact,evidence_audit,cost_tight,naive,4,duplicate_action_attempts,count,,planned_analysis_unit; Audit_mean_once; pool_resources_N_sum_except_wall,family,evidence_audit,13,13,0,13,13,13,2.5384615384615383,2.5384615384615383,2.5384615384615383,13,13,0,1,1,1,True,
deepseek-v4-flash-0731,poolact,evidence_audit,cost_tight,naive,4,evidence_acc_mi,fraction,True,planned_analysis_unit; Audit_mean_once; pool_resources_N_sum_except_wall,all,all,13,13,0,13,13,13,0.1855203619909502,0.1855203619909502,0.1855203619909502,13,13,0,1,1,1,True,
deepseek-v4-flash-0731,poolact,evidence_audit,cost_tight,naive,4,evidence_acc_mi,fraction,True,planned_analysis_unit; Audit_mean_once; pool_resources_N_sum_except_wall,family,evidence_audit,13,13,0,13,13,13,0.1855203619909502,0.1855203619909502,0.1855203619909502,13,13,0,1,1,1,True,
deepseek-v4-flash-0731,poolact,evidence_audit,cost_tight,naive,4,evidence_acc_mv,fraction,True,planned_analysis_unit; Audit_mean_once; pool_resources_N_sum_except_wall,all,all,13,13,0,13,13,13,0.497737556561086,0.497737556561086,0.497737556561086,13,13,0,1,1,1,True,
deepseek-v4-flash-0731,poolact,evidence_audit,cost_tight,naive,4,evidence_acc_mv,fraction,True,planned_analysis_unit; Audit_mean_once; pool_resources_N_sum_except_wall,family,evidence_audit,13,13,0,13,13,13,0.497737556561086,0.497737556561086,0.497737556561086,13,13,0,1,1,1,True,
deepseek-v4-flash-0731,poolact,evidence_audit,cost_tight,naive,4,feedback_attempts,count,,planned_analysis_unit; Audit_mean_once; pool_resources_N_sum_except_wall,all,all,13,13,0,13,13,13,7.0,7.0,7.0,13,13,0,1,1,1,True,
deepseek-v4-flash-0731,poolact,evidence_audit,cost_tight,naive,4,feedback_attempts,count,,planned_analysis_unit; Audit_mean_once; pool_resources_N_sum_except_wall,family,evidence_audit,13,13,0,13,13,13,7.0,7.0,7.0,13,13,0,1,1,1,True,
deepseek-v4-flash-0731,poolact,evidence_audit,cost_tight,naive,4,feedback_cost_seconds,seconds,,planned_analysis_unit; Audit_mean_once; pool_resources_N_sum_except_wall,all,all,13,13,0,13,13,13,2059.2587410264578,2059.2587410264578,2059.2587410264578,13,13,0,1,1,1,True,
deepseek-v4-flash-0731,poolact,evidence_audit,cost_tight,naive,4,feedback_cost_seconds,seconds,,planned_analysis_unit; Audit_mean_once; pool_resources_N_sum_except_wall,family,evidence_audit,13,13,0,13,13,13,2059.2587410264578,2059.2587410264578,2059.2587410264578,13,13,0,1,1,1,True,
deepseek-v4-flash-0731,poolact,evidence_audit,cost_tight,naive,4,feedback_visible,count,,planned_analysis_unit; Audit_mean_once; pool_resources_N_sum_except_wall,all,all,13,1,12,13,1,1,,0.0,0.0,13,1,12,1,1,1,True,
deepseek-v4-flash-0731,poolact,evidence_audit,cost_tight,naive,4,feedback_visible,count,,planned_analysis_unit; Audit_mean_once; pool_resources_N_sum_except_wall,family,evidence_audit,13,1,12,13,1,1,,0.0,0.0,13,1,12,1,1,1,True,
deepseek-v4-flash-0731,poolact,evidence_audit,cost_tight,naive,4,input_tokens,tokens,,planned_analysis_unit; Audit_mean_once; pool_resources_N_sum_except_wall,all,all,13,13,0,13,13,13,249212.23076923078,249212.23076923078,249212.23076923078,13,13,0,1,1,1,True,
deepseek-v4-flash-0731,poolact,evidence_audit,cost_tight,naive,4,input_tokens,tokens,,planned_analysis_unit; Audit_mean_once; pool_resources_N_sum_except_wall,family,evidence_audit,13,13,0,13,13,13,249212.23076923078,249212.23076923078,249212.23076923078,13,13,0,1,1,1,True,
deepseek-v4-flash-0731,poolact,evidence_audit,cost_tight,naive,4,label_acc_mi,fraction,True,planned_analysis_unit; Audit_mean_once; pool_resources_N_sum_except_wall,all,all,13,13,0,13,13,13,0.23642533936651583,0.23642533936651583,0.23642533936651583,13,13,0,1,1,1,True,
deepseek-v4-flash-0731,poolact,evidence_audit,cost_tight,naive,4,label_acc_mi,fraction,True,planned_analysis_unit; Audit_mean_once; pool_resources_N_sum_except_wall,family,evidence_audit,13,13,0,13,13,13,0.23642533936651583,0.23642533936651583,0.23642533936651583,13,13,0,1,1,1,True,
deepseek-v4-flash-0731,poolact,evidence_audit,cost_tight,naive,4,label_acc_mv,fraction,True,planned_analysis_unit; Audit_mean_once; pool_resources_N_sum_except_wall,all,all,13,13,0,13,13,13,0.6923076923076923,0.6923076923076923,0.6923076923076923,13,13,0,1,1,1,True,
deepseek-v4-flash-0731,poolact,evidence_audit,cost_tight,naive,4,label_acc_mv,fraction,True,planned_analysis_unit; Audit_mean_once; pool_resources_N_sum_except_wall,family,evidence_audit,13,13,0,13,13,13,0.6923076923076923,0.6923076923076923,0.6923076923076923,13,13,0,1,1,1,True,
deepseek-v4-flash-0731,poolact,evidence_audit,cost_tight,naive,4,output_tokens,tokens,,planned_analysis_unit; Audit_mean_once; pool_resources_N_sum_except_wall,all,all,13,13,0,13,13,13,104833.76923076923,104833.76923076923,104833.76923076923,13,13,0,1,1,1,True,
deepseek-v4-flash-0731,poolact,evidence_audit,cost_tight,naive,4,output_tokens,tokens,,planned_analysis_unit; Audit_mean_once; pool_resources_N_sum_except_wall,family,evidence_audit,13,13,0,13,13,13,104833.76923076923,104833.76923076923,104833.76923076923,13,13,0,1,1,1,True,
deepseek-v4-flash-0731,poolact,evidence_audit,cost_tight,naive,4,protocol_failure_rate,fraction,,planned_analysis_unit; Audit_mean_once; pool_resources_N_sum_except_wall,all,all,13,13,0,13,13,13,0.45961207265386833,0.45961207265386833,0.45961207265386833,13,13,0,1,1,1,True,
deepseek-v4-flash-0731,poolact,evidence_audit,cost_tight,naive,4,protocol_failure_rate,fraction,,planned_analysis_unit; Audit_mean_once; pool_resources_N_sum_except_wall,family,evidence_audit,13,13,0,13,13,13,0.45961207265386833,0.45961207265386833,0.45961207265386833,13,13,0,1,1,1,True,
deepseek-v4-flash-0731,poolact,evidence_audit,cost_tight,naive,4,wall_time_seconds,seconds,,planned_analysis_unit; Audit_mean_once; pool_resources_N_sum_except_wall,all,all,13,0,13,13,0,0,,,,13,0,13,1,1,1,True,
deepseek-v4-flash-0731,poolact,evidence_audit,cost_tight,naive,4,wall_time_seconds,seconds,,planned_analysis_unit; Audit_mean_once; pool_resources_N_sum_except_wall,family,evidence_audit,13,0,13,13,0,0,,,,13,0,13,1,1,1,True,
deepseek-v4-flash-0731,poolact,evidence_audit,cost_tight,poolact,4,budget_utilization,fraction,,planned_analysis_unit; Audit_mean_once; pool_resources_N_sum_except_wall,all,all,13,13,0,13,13,13,0.17341068252925085,0.17341068252925085,0.17341068252925085,13,13,0,1,1,1,True,
deepseek-v4-flash-0731,poolact,evidence_audit,cost_tight,poolact,4,budget_utilization,fraction,,planned_analysis_unit; Audit_mean_once; pool_resources_N_sum_except_wall,family,evidence_audit,13,13,0,13,13,13,0.17341068252925085,0.17341068252925085,0.17341068252925085,13,13,0,1,1,1,True,
deepseek-v4-flash-0731,poolact,evidence_audit,cost_tight,poolact,4,duplicate_action_attempts,count,,planned_analysis_unit; Audit_mean_once; pool_resources_N_sum_except_wall,all,all,13,13,0,13,13,13,0.6923076923076923,0.6923076923076923,0.6923076923076923,13,13,0,1,1,1,True,
deepseek-v4-flash-0731,poolact,evidence_audit,cost_tight,poolact,4,duplicate_action_attempts,count,,planned_analysis_unit; Audit_mean_once; pool_resources_N_sum_except_wall,family,evidence_audit,13,13,0,13,13,13,0.6923076923076923,0.6923076923076923,0.6923076923076923,13,13,0,1,1,1,True,
deepseek-v4-flash-0731,poolact,evidence_audit,cost_tight,poolact,4,evidence_acc_mi,fraction,True,planned_analysis_unit; Audit_mean_once; pool_resources_N_sum_except_wall,all,all,13,13,0,13,13,13,0.016968325791855202,0.016968325791855202,0.016968325791855202,13,13,0,1,1,1,True,
deepseek-v4-flash-0731,poolact,evidence_audit,cost_tight,poolact,4,evidence_acc_mi,fraction,True,planned_analysis_unit; Audit_mean_once; pool_resources_N_sum_except_wall,family,evidence_audit,13,13,0,13,13,13,0.016968325791855202,0.016968325791855202,0.016968325791855202,13,13,0,1,1,1,True,
deepseek-v4-flash-0731,poolact,evidence_audit,cost_tight,poolact,4,evidence_acc_mv,fraction,True,planned_analysis_unit; Audit_mean_once; pool_resources_N_sum_except_wall,all,all,13,13,0,13,13,13,0.06787330316742081,0.06787330316742081,0.06787330316742081,13,13,0,1,1,1,True,
deepseek-v4-flash-0731,poolact,evidence_audit,cost_tight,poolact,4,evidence_acc_mv,fraction,True,planned_analysis_unit; Audit_mean_once; pool_resources_N_sum_except_wall,family,evidence_audit,13,13,0,13,13,13,0.06787330316742081,0.06787330316742081,0.06787330316742081,13,13,0,1,1,1,True,
deepseek-v4-flash-0731,poolact,evidence_audit,cost_tight,poolact,4,feedback_attempts,count,,planned_analysis_unit; Audit_mean_once; pool_resources_N_sum_except_wall,all,all,13,13,0,13,13,13,2.230769230769231,2.230769230769231,2.230769230769231,13,13,0,1,1,1,True,
deepseek-v4-flash-0731,poolact,evidence_audit,cost_tight,poolact,4,feedback_attempts,count,,planned_analysis_unit; Audit_mean_once; pool_resources_N_sum_except_wall,family,evidence_audit,13,13,0,13,13,13,2.230769230769231,2.230769230769231,2.230769230769231,13,13,0,1,1,1,True,
deepseek-v4-flash-0731,poolact,evidence_audit,cost_tight,poolact,4,feedback_cost_seconds,seconds,,planned_analysis_unit; Audit_mean_once; pool_resources_N_sum_except_wall,all,all,13,13,0,13,13,13,624.278457105303,624.278457105303,624.278457105303,13,13,0,1,1,1,True,
deepseek-v4-flash-0731,poolact,evidence_audit,cost_tight,poolact,4,feedback_cost_seconds,seconds,,planned_analysis_unit; Audit_mean_once; pool_resources_N_sum_except_wall,family,evidence_audit,13,13,0,13,13,13,624.278457105303,624.278457105303,624.278457105303,13,13,0,1,1,1,True,
deepseek-v4-flash-0731,poolact,evidence_audit,cost_tight,poolact,4,feedback_visible,count,,planned_analysis_unit; Audit_mean_once; pool_resources_N_sum_except_wall,all,all,13,2,11,13,2,2,,0.0,0.0,13,2,11,1,1,1,True,
deepseek-v4-flash-0731,poolact,evidence_audit,cost_tight,poolact,4,feedback_visible,count,,planned_analysis_unit; Audit_mean_once; pool_resources_N_sum_except_wall,family,evidence_audit,13,2,11,13,2,2,,0.0,0.0,13,2,11,1,1,1,True,
deepseek-v4-flash-0731,poolact,evidence_audit,cost_tight,poolact,4,input_tokens,tokens,,planned_analysis_unit; Audit_mean_once; pool_resources_N_sum_except_wall,all,all,13,13,0,13,13,13,132750.76923076922,132750.76923076922,132750.76923076922,13,13,0,1,1,1,True,
deepseek-v4-flash-0731,poolact,evidence_audit,cost_tight,poolact,4,input_tokens,tokens,,planned_analysis_unit; Audit_mean_once; pool_resources_N_sum_except_wall,family,evidence_audit,13,13,0,13,13,13,132750.76923076922,132750.76923076922,132750.76923076922,13,13,0,1,1,1,True,
deepseek-v4-flash-0731,poolact,evidence_audit,cost_tight,poolact,4,label_acc_mi,fraction,True,planned_analysis_unit; Audit_mean_once; pool_resources_N_sum_except_wall,all,all,13,13,0,13,13,13,0.032805429864253395,0.032805429864253395,0.032805429864253395,13,13,0,1,1,1,True,
deepseek-v4-flash-0731,poolact,evidence_audit,cost_tight,poolact,4,label_acc_mi,fraction,True,planned_analysis_unit; Audit_mean_once; pool_resources_N_sum_except_wall,family,evidence_audit,13,13,0,13,13,13,0.032805429864253395,0.032805429864253395,0.032805429864253395,13,13,0,1,1,1,True,
deepseek-v4-flash-0731,poolact,evidence_audit,cost_tight,poolact,4,label_acc_mv,fraction,True,planned_analysis_unit; Audit_mean_once; pool_resources_N_sum_except_wall,all,all,13,13,0,13,13,13,0.13122171945701358,0.13122171945701358,0.13122171945701358,13,13,0,1,1,1,True,
deepseek-v4-flash-0731,poolact,evidence_audit,cost_tight,poolact,4,label_acc_mv,fraction,True,planned_analysis_unit; Audit_mean_once; pool_resources_N_sum_except_wall,family,evidence_audit,13,13,0,13,13,13,0.13122171945701358,0.13122171945701358,0.13122171945701358,13,13,0,1,1,1,True,
deepseek-v4-flash-0731,poolact,evidence_audit,cost_tight,poolact,4,output_tokens,tokens,,planned_analysis_unit; Audit_mean_once; pool_resources_N_sum_except_wall,all,all,13,13,0,13,13,13,61874.0,61874.0,61874.0,13,13,0,1,1,1,True,
deepseek-v4-flash-0731,poolact,evidence_audit,cost_tight,poolact,4,output_tokens,tokens,,planned_analysis_unit; Audit_mean_once; pool_resources_N_sum_except_wall,family,evidence_audit,13,13,0,13,13,13,61874.0,61874.0,61874.0,13,13,0,1,1,1,True,
deepseek-v4-flash-0731,poolact,evidence_audit,cost_tight,poolact,4,protocol_failure_rate,fraction,,planned_analysis_unit; Audit_mean_once; pool_resources_N_sum_except_wall,all,all,13,13,0,13,13,13,0.6313800515723593,0.6313800515723593,0.6313800515723593,13,13,0,1,1,1,True,
deepseek-v4-flash-0731,poolact,evidence_audit,cost_tight,poolact,4,protocol_failure_rate,fraction,,planned_analysis_unit; Audit_mean_once; pool_resources_N_sum_except_wall,family,evidence_audit,13,13,0,13,13,13,0.6313800515723593,0.6313800515723593,0.6313800515723593,13,13,0,1,1,1,True,
deepseek-v4-flash-0731,poolact,evidence_audit,cost_tight,poolact,4,wall_time_seconds,seconds,,planned_analysis_unit; Audit_mean_once; pool_resources_N_sum_except_wall,all,all,13,0,13,13,0,0,,,,13,0,13,1,1,1,True,
deepseek-v4-flash-0731,poolact,evidence_audit,cost_tight,poolact,4,wall_time_seconds,seconds,,planned_analysis_unit; Audit_mean_once; pool_resources_N_sum_except_wall,family,evidence_audit,13,0,13,13,0,0,,,,13,0,13,1,1,1,True,
deepseek-v4-flash-0731,poolact,restricted_search,cost_moderate,cached,4,budget_utilization,fraction,,planned_analysis_unit; Audit_mean_once; pool_resources_N_sum_except_wall,all,all,39,39,0,39,39,39,0.3907280702255746,0.3907280702255746,0.3907280702255746,39,39,0,1,1,1,True,
deepseek-v4-flash-0731,poolact,restricted_search,cost_moderate,cached,4,budget_utilization,fraction,,planned_analysis_unit; Audit_mean_once; pool_resources_N_sum_except_wall,family,whois,39,39,0,39,39,39,0.3907280702255746,0.3907280702255746,0.3907280702255746,39,39,0,1,1,1,True,
deepseek-v4-flash-0731,poolact,restricted_search,cost_moderate,cached,4,duplicate_action_attempts,count,,planned_analysis_unit; Audit_mean_once; pool_resources_N_sum_except_wall,all,all,39,39,0,39,39,39,13.307692307692308,13.307692307692308,13.307692307692308,39,39,0,1,1,1,True,
deepseek-v4-flash-0731,poolact,restricted_search,cost_moderate,cached,4,duplicate_action_attempts,count,,planned_analysis_unit; Audit_mean_once; pool_resources_N_sum_except_wall,family,whois,39,39,0,39,39,39,13.307692307692308,13.307692307692308,13.307692307692308,39,39,0,1,1,1,True,
deepseek-v4-flash-0731,poolact,restricted_search,cost_moderate,cached,4,f1_mi,fraction,True,planned_analysis_unit; Audit_mean_once; pool_resources_N_sum_except_wall,all,all,39,39,0,39,39,39,0.16987179487179488,0.16987179487179488,0.16987179487179488,39,39,0,1,1,1,True,
deepseek-v4-flash-0731,poolact,restricted_search,cost_moderate,cached,4,f1_mi,fraction,True,planned_analysis_unit; Audit_mean_once; pool_resources_N_sum_except_wall,family,whois,39,39,0,39,39,39,0.16987179487179488,0.16987179487179488,0.16987179487179488,39,39,0,1,1,1,True,
deepseek-v4-flash-0731,poolact,restricted_search,cost_moderate,cached,4,f1_mv,fraction,True,planned_analysis_unit; Audit_mean_once; pool_resources_N_sum_except_wall,all,all,39,39,0,39,39,39,0.17094017094017094,0.17094017094017094,0.17094017094017094,39,39,0,1,1,1,True,
deepseek-v4-flash-0731,poolact,restricted_search,cost_moderate,cached,4,f1_mv,fraction,True,planned_analysis_unit; Audit_mean_once; pool_resources_N_sum_except_wall,family,whois,39,39,0,39,39,39,0.17094017094017094,0.17094017094017094,0.17094017094017094,39,39,0,1,1,1,True,
deepseek-v4-flash-0731,poolact,restricted_search,cost_moderate,cached,4,feedback_attempts,count,,planned_analysis_unit; Audit_mean_once; pool_resources_N_sum_except_wall,all,all,39,39,0,39,39,39,25.076923076923077,25.076923076923077,25.076923076923077,39,39,0,1,1,1,True,
deepseek-v4-flash-0731,poolact,restricted_search,cost_moderate,cached,4,feedback_attempts,count,,planned_analysis_unit; Audit_mean_once; pool_resources_N_sum_except_wall,family,whois,39,39,0,39,39,39,25.076923076923077,25.076923076923077,25.076923076923077,39,39,0,1,1,1,True,
deepseek-v4-flash-0731,poolact,restricted_search,cost_moderate,cached,4,feedback_cost_seconds,seconds,,planned_analysis_unit; Audit_mean_once; pool_resources_N_sum_except_wall,all,all,39,39,0,39,39,39,4688.736842706895,4688.736842706895,4688.736842706895,39,39,0,1,1,1,True,
deepseek-v4-flash-0731,poolact,restricted_search,cost_moderate,cached,4,feedback_cost_seconds,seconds,,planned_analysis_unit; Audit_mean_once; pool_resources_N_sum_except_wall,family,whois,39,39,0,39,39,39,4688.736842706895,4688.736842706895,4688.736842706895,39,39,0,1,1,1,True,
deepseek-v4-flash-0731,poolact,restricted_search,cost_moderate,cached,4,feedback_visible,count,,planned_analysis_unit; Audit_mean_once; pool_resources_N_sum_except_wall,all,all,39,1,38,39,1,1,,0.0,0.0,39,1,38,1,1,1,True,
deepseek-v4-flash-0731,poolact,restricted_search,cost_moderate,cached,4,feedback_visible,count,,planned_analysis_unit; Audit_mean_once; pool_resources_N_sum_except_wall,family,whois,39,1,38,39,1,1,,0.0,0.0,39,1,38,1,1,1,True,
deepseek-v4-flash-0731,poolact,restricted_search,cost_moderate,cached,4,input_tokens,tokens,,planned_analysis_unit; Audit_mean_once; pool_resources_N_sum_except_wall,all,all,39,39,0,39,39,39,169259.12820512822,169259.12820512822,169259.12820512822,39,39,0,1,1,1,True,
deepseek-v4-flash-0731,poolact,restricted_search,cost_moderate,cached,4,input_tokens,tokens,,planned_analysis_unit; Audit_mean_once; pool_resources_N_sum_except_wall,family,whois,39,39,0,39,39,39,169259.12820512822,169259.12820512822,169259.12820512822,39,39,0,1,1,1,True,
deepseek-v4-flash-0731,poolact,restricted_search,cost_moderate,cached,4,output_tokens,tokens,,planned_analysis_unit; Audit_mean_once; pool_resources_N_sum_except_wall,all,all,39,39,0,39,39,39,31060.666666666668,31060.666666666668,31060.666666666668,39,39,0,1,1,1,True,
deepseek-v4-flash-0731,poolact,restricted_search,cost_moderate,cached,4,output_tokens,tokens,,planned_analysis_unit; Audit_mean_once; pool_resources_N_sum_except_wall,family,whois,39,39,0,39,39,39,31060.666666666668,31060.666666666668,31060.666666666668,39,39,0,1,1,1,True,
deepseek-v4-flash-0731,poolact,restricted_search,cost_moderate,cached,4,protocol_failure_rate,fraction,,planned_analysis_unit; Audit_mean_once; pool_resources_N_sum_except_wall,all,all,39,39,0,39,39,39,0.3235878816344821,0.3235878816344821,0.3235878816344821,39,39,0,1,1,1,True,
deepseek-v4-flash-0731,poolact,restricted_search,cost_moderate,cached,4,protocol_failure_rate,fraction,,planned_analysis_unit; Audit_mean_once; pool_resources_N_sum_except_wall,family,whois,39,39,0,39,39,39,0.3235878816344821,0.3235878816344821,0.3235878816344821,39,39,0,1,1,1,True,
deepseek-v4-flash-0731,poolact,restricted_search,cost_moderate,cached,4,wall_time_seconds,seconds,,planned_analysis_unit; Audit_mean_once; pool_resources_N_sum_except_wall,all,all,39,0,39,39,0,0,,,,39,0,39,1,1,1,True,
deepseek-v4-flash-0731,poolact,restricted_search,cost_moderate,cached,4,wall_time_seconds,seconds,,planned_analysis_unit; Audit_mean_once; pool_resources_N_sum_except_wall,family,whois,39,0,39,39,0,0,,,,39,0,39,1,1,1,True,
deepseek-v4-flash-0731,poolact,restricted_search,cost_moderate,naive,4,budget_utilization,fraction,,planned_analysis_unit; Audit_mean_once; pool_resources_N_sum_except_wall,all,all,39,39,0,39,39,39,0.41212145803020633,0.41212145803020633,0.41212145803020633,39,39,0,1,1,1,True,
deepseek-v4-flash-0731,poolact,restricted_search,cost_moderate,naive,4,budget_utilization,fraction,,planned_analysis_unit; Audit_mean_once; pool_resources_N_sum_except_wall,family,whois,39,39,0,39,39,39,0.41212145803020633,0.41212145803020633,0.41212145803020633,39,39,0,1,1,1,True,
deepseek-v4-flash-0731,poolact,restricted_search,cost_moderate,naive,4,duplicate_action_attempts,count,,planned_analysis_unit; Audit_mean_once; pool_resources_N_sum_except_wall,all,all,39,39,0,39,39,39,11.948717948717949,11.948717948717949,11.948717948717949,39,39,0,1,1,1,True,
deepseek-v4-flash-0731,poolact,restricted_search,cost_moderate,naive,4,duplicate_action_attempts,count,,planned_analysis_unit; Audit_mean_once; pool_resources_N_sum_except_wall,family,whois,39,39,0,39,39,39,11.948717948717949,11.948717948717949,11.948717948717949,39,39,0,1,1,1,True,
deepseek-v4-flash-0731,poolact,restricted_search,cost_moderate,naive,4,f1_mi,fraction,True,planned_analysis_unit; Audit_mean_once; pool_resources_N_sum_except_wall,all,all,39,39,0,39,39,39,0.09076923076923077,0.09076923076923077,0.09076923076923077,39,39,0,1,1,1,True,
deepseek-v4-flash-0731,poolact,restricted_search,cost_moderate,naive,4,f1_mi,fraction,True,planned_analysis_unit; Audit_mean_once; pool_resources_N_sum_except_wall,family,whois,39,39,0,39,39,39,0.09076923076923077,0.09076923076923077,0.09076923076923077,39,39,0,1,1,1,True,
deepseek-v4-flash-0731,poolact,restricted_search,cost_moderate,naive,4,f1_mv,fraction,True,planned_analysis_unit; Audit_mean_once; pool_resources_N_sum_except_wall,all,all,39,39,0,39,39,39,0.13247863247863248,0.13247863247863248,0.13247863247863248,39,39,0,1,1,1,True,
deepseek-v4-flash-0731,poolact,restricted_search,cost_moderate,naive,4,f1_mv,fraction,True,planned_analysis_unit; Audit_mean_once; pool_resources_N_sum_except_wall,family,whois,39,39,0,39,39,39,0.13247863247863248,0.13247863247863248,0.13247863247863248,39,39,0,1,1,1,True,
deepseek-v4-flash-0731,poolact,restricted_search,cost_moderate,naive,4,feedback_attempts,count,,planned_analysis_unit; Audit_mean_once; pool_resources_N_sum_except_wall,all,all,39,39,0,39,39,39,24.923076923076923,24.923076923076923,24.923076923076923,39,39,0,1,1,1,True,
deepseek-v4-flash-0731,poolact,restricted_search,cost_moderate,naive,4,feedback_attempts,count,,planned_analysis_unit; Audit_mean_once; pool_resources_N_sum_except_wall,family,whois,39,39,0,39,39,39,24.923076923076923,24.923076923076923,24.923076923076923,39,39,0,1,1,1,True,
deepseek-v4-flash-0731,poolact,restricted_search,cost_moderate,naive,4,feedback_cost_seconds,seconds,,planned_analysis_unit; Audit_mean_once; pool_resources_N_sum_except_wall,all,all,39,39,0,39,39,39,4945.4574963624755,4945.4574963624755,4945.4574963624755,39,39,0,1,1,1,True,
deepseek-v4-flash-0731,poolact,restricted_search,cost_moderate,naive,4,feedback_cost_seconds,seconds,,planned_analysis_unit; Audit_mean_once; pool_resources_N_sum_except_wall,family,whois,39,39,0,39,39,39,4945.4574963624755,4945.4574963624755,4945.4574963624755,39,39,0,1,1,1,True,
deepseek-v4-flash-0731,poolact,restricted_search,cost_moderate,naive,4,feedback_visible,count,,planned_analysis_unit; Audit_mean_once; pool_resources_N_sum_except_wall,all,all,39,0,39,39,0,0,,,,39,0,39,1,1,1,True,
deepseek-v4-flash-0731,poolact,restricted_search,cost_moderate,naive,4,feedback_visible,count,,planned_analysis_unit; Audit_mean_once; pool_resources_N_sum_except_wall,family,whois,39,0,39,39,0,0,,,,39,0,39,1,1,1,True,
deepseek-v4-flash-0731,poolact,restricted_search,cost_moderate,naive,4,input_tokens,tokens,,planned_analysis_unit; Audit_mean_once; pool_resources_N_sum_except_wall,all,all,39,39,0,39,39,39,186091.4358974359,186091.4358974359,186091.4358974359,39,39,0,1,1,1,True,
deepseek-v4-flash-0731,poolact,restricted_search,cost_moderate,naive,4,input_tokens,tokens,,planned_analysis_unit; Audit_mean_once; pool_resources_N_sum_except_wall,family,whois,39,39,0,39,39,39,186091.4358974359,186091.4358974359,186091.4358974359,39,39,0,1,1,1,True,
deepseek-v4-flash-0731,poolact,restricted_search,cost_moderate,naive,4,output_tokens,tokens,,planned_analysis_unit; Audit_mean_once; pool_resources_N_sum_except_wall,all,all,39,39,0,39,39,39,35565.97435897436,35565.97435897436,35565.97435897436,39,39,0,1,1,1,True,
deepseek-v4-flash-0731,poolact,restricted_search,cost_moderate,naive,4,output_tokens,tokens,,planned_analysis_unit; Audit_mean_once; pool_resources_N_sum_except_wall,family,whois,39,39,0,39,39,39,35565.97435897436,35565.97435897436,35565.97435897436,39,39,0,1,1,1,True,
deepseek-v4-flash-0731,poolact,restricted_search,cost_moderate,naive,4,protocol_failure_rate,fraction,,planned_analysis_unit; Audit_mean_once; pool_resources_N_sum_except_wall,all,all,39,39,0,39,39,39,0.30847414001621243,0.30847414001621243,0.30847414001621243,39,39,0,1,1,1,True,
deepseek-v4-flash-0731,poolact,restricted_search,cost_moderate,naive,4,protocol_failure_rate,fraction,,planned_analysis_unit; Audit_mean_once; pool_resources_N_sum_except_wall,family,whois,39,39,0,39,39,39,0.30847414001621243,0.30847414001621243,0.30847414001621243,39,39,0,1,1,1,True,
deepseek-v4-flash-0731,poolact,restricted_search,cost_moderate,naive,4,wall_time_seconds,seconds,,planned_analysis_unit; Audit_mean_once; pool_resources_N_sum_except_wall,all,all,39,0,39,39,0,0,,,,39,0,39,1,1,1,True,
deepseek-v4-flash-0731,poolact,restricted_search,cost_moderate,naive,4,wall_time_seconds,seconds,,planned_analysis_unit; Audit_mean_once; pool_resources_N_sum_except_wall,family,whois,39,0,39,39,0,0,,,,39,0,39,1,1,1,True,
deepseek-v4-flash-0731,poolact,restricted_search,cost_moderate,poolact,4,budget_utilization,fraction,,planned_analysis_unit; Audit_mean_once; pool_resources_N_sum_except_wall,all,all,39,39,0,39,39,39,0.2036111050618725,0.2036111050618725,0.2036111050618725,39,39,0,1,1,1,True,
deepseek-v4-flash-0731,poolact,restricted_search,cost_moderate,poolact,4,budget_utilization,fraction,,planned_analysis_unit; Audit_mean_once; pool_resources_N_sum_except_wall,family,whois,39,39,0,39,39,39,0.2036111050618725,0.2036111050618725,0.2036111050618725,39,39,0,1,1,1,True,
deepseek-v4-flash-0731,poolact,restricted_search,cost_moderate,poolact,4,duplicate_action_attempts,count,,planned_analysis_unit; Audit_mean_once; pool_resources_N_sum_except_wall,all,all,39,39,0,39,39,39,4.461538461538462,4.461538461538462,4.461538461538462,39,39,0,1,1,1,True,
deepseek-v4-flash-0731,poolact,restricted_search,cost_moderate,poolact,4,duplicate_action_attempts,count,,planned_analysis_unit; Audit_mean_once; pool_resources_N_sum_except_wall,family,whois,39,39,0,39,39,39,4.461538461538462,4.461538461538462,4.461538461538462,39,39,0,1,1,1,True,
deepseek-v4-flash-0731,poolact,restricted_search,cost_moderate,poolact,4,f1_mi,fraction,True,planned_analysis_unit; Audit_mean_once; pool_resources_N_sum_except_wall,all,all,39,39,0,39,39,39,0.07905982905982907,0.07905982905982907,0.07905982905982907,39,39,0,1,1,1,True,
deepseek-v4-flash-0731,poolact,restricted_search,cost_moderate,poolact,4,f1_mi,fraction,True,planned_analysis_unit; Audit_mean_once; pool_resources_N_sum_except_wall,family,whois,39,39,0,39,39,39,0.07905982905982907,0.07905982905982907,0.07905982905982907,39,39,0,1,1,1,True,
deepseek-v4-flash-0731,poolact,restricted_search,cost_moderate,poolact,4,f1_mv,fraction,True,planned_analysis_unit; Audit_mean_once; pool_resources_N_sum_except_wall,all,all,39,39,0,39,39,39,0.11965811965811966,0.11965811965811966,0.11965811965811966,39,39,0,1,1,1,True,
deepseek-v4-flash-0731,poolact,restricted_search,cost_moderate,poolact,4,f1_mv,fraction,True,planned_analysis_unit; Audit_mean_once; pool_resources_N_sum_except_wall,family,whois,39,39,0,39,39,39,0.11965811965811966,0.11965811965811966,0.11965811965811966,39,39,0,1,1,1,True,
deepseek-v4-flash-0731,poolact,restricted_search,cost_moderate,poolact,4,feedback_attempts,count,,planned_analysis_unit; Audit_mean_once; pool_resources_N_sum_except_wall,all,all,39,39,0,39,39,39,10.923076923076923,10.923076923076923,10.923076923076923,39,39,0,1,1,1,True,
deepseek-v4-flash-0731,poolact,restricted_search,cost_moderate,poolact,4,feedback_attempts,count,,planned_analysis_unit; Audit_mean_once; pool_resources_N_sum_except_wall,family,whois,39,39,0,39,39,39,10.923076923076923,10.923076923076923,10.923076923076923,39,39,0,1,1,1,True,
deepseek-v4-flash-0731,poolact,restricted_search,cost_moderate,poolact,4,feedback_cost_seconds,seconds,,planned_analysis_unit; Audit_mean_once; pool_resources_N_sum_except_wall,all,all,39,39,0,39,39,39,2443.33326074247,2443.33326074247,2443.33326074247,39,39,0,1,1,1,True,
deepseek-v4-flash-0731,poolact,restricted_search,cost_moderate,poolact,4,feedback_cost_seconds,seconds,,planned_analysis_unit; Audit_mean_once; pool_resources_N_sum_except_wall,family,whois,39,39,0,39,39,39,2443.33326074247,2443.33326074247,2443.33326074247,39,39,0,1,1,1,True,
deepseek-v4-flash-0731,poolact,restricted_search,cost_moderate,poolact,4,feedback_visible,count,,planned_analysis_unit; Audit_mean_once; pool_resources_N_sum_except_wall,all,all,39,0,39,39,0,0,,,,39,0,39,1,1,1,True,
deepseek-v4-flash-0731,poolact,restricted_search,cost_moderate,poolact,4,feedback_visible,count,,planned_analysis_unit; Audit_mean_once; pool_resources_N_sum_except_wall,family,whois,39,0,39,39,0,0,,,,39,0,39,1,1,1,True,
deepseek-v4-flash-0731,poolact,restricted_search,cost_moderate,poolact,4,input_tokens,tokens,,planned_analysis_unit; Audit_mean_once; pool_resources_N_sum_except_wall,all,all,39,39,0,39,39,39,126466.38461538461,126466.38461538461,126466.38461538461,39,39,0,1,1,1,True,
deepseek-v4-flash-0731,poolact,restricted_search,cost_moderate,poolact,4,input_tokens,tokens,,planned_analysis_unit; Audit_mean_once; pool_resources_N_sum_except_wall,family,whois,39,39,0,39,39,39,126466.38461538461,126466.38461538461,126466.38461538461,39,39,0,1,1,1,True,
deepseek-v4-flash-0731,poolact,restricted_search,cost_moderate,poolact,4,output_tokens,tokens,,planned_analysis_unit; Audit_mean_once; pool_resources_N_sum_except_wall,all,all,39,39,0,39,39,39,32022.79487179487,32022.79487179487,32022.79487179487,39,39,0,1,1,1,True,
deepseek-v4-flash-0731,poolact,restricted_search,cost_moderate,poolact,4,output_tokens,tokens,,planned_analysis_unit; Audit_mean_once; pool_resources_N_sum_except_wall,family,whois,39,39,0,39,39,39,32022.79487179487,32022.79487179487,32022.79487179487,39,39,0,1,1,1,True,
deepseek-v4-flash-0731,poolact,restricted_search,cost_moderate,poolact,4,protocol_failure_rate,fraction,,planned_analysis_unit; Audit_mean_once; pool_resources_N_sum_except_wall,all,all,39,39,0,39,39,39,0.41716198957771394,0.41716198957771394,0.41716198957771394,39,39,0,1,1,1,True,
deepseek-v4-flash-0731,poolact,restricted_search,cost_moderate,poolact,4,protocol_failure_rate,fraction,,planned_analysis_unit; Audit_mean_once; pool_resources_N_sum_except_wall,family,whois,39,39,0,39,39,39,0.41716198957771394,0.41716198957771394,0.41716198957771394,39,39,0,1,1,1,True,
deepseek-v4-flash-0731,poolact,restricted_search,cost_moderate,poolact,4,wall_time_seconds,seconds,,planned_analysis_unit; Audit_mean_once; pool_resources_N_sum_except_wall,all,all,39,0,39,39,0,0,,,,39,0,39,1,1,1,True,
deepseek-v4-flash-0731,poolact,restricted_search,cost_moderate,poolact,4,wall_time_seconds,seconds,,planned_analysis_unit; Audit_mean_once; pool_resources_N_sum_except_wall,family,whois,39,0,39,39,0,0,,,,39,0,39,1,1,1,True,
deepseek-v4-flash-0731,poolact,restricted_search,cost_tight,cached,4,budget_utilization,fraction,,planned_analysis_unit; Audit_mean_once; pool_resources_N_sum_except_wall,all,all,39,39,0,39,39,39,0.8153086639749698,0.8153086639749698,0.8153086639749698,39,39,0,1,1,1,True,
deepseek-v4-flash-0731,poolact,restricted_search,cost_tight,cached,4,budget_utilization,fraction,,planned_analysis_unit; Audit_mean_once; pool_resources_N_sum_except_wall,family,whois,39,39,0,39,39,39,0.8153086639749698,0.8153086639749698,0.8153086639749698,39,39,0,1,1,1,True,
deepseek-v4-flash-0731,poolact,restricted_search,cost_tight,cached,4,duplicate_action_attempts,count,,planned_analysis_unit; Audit_mean_once; pool_resources_N_sum_except_wall,all,all,39,39,0,39,39,39,7.435897435897436,7.435897435897436,7.435897435897436,39,39,0,1,1,1,True,
deepseek-v4-flash-0731,poolact,restricted_search,cost_tight,cached,4,duplicate_action_attempts,count,,planned_analysis_unit; Audit_mean_once; pool_resources_N_sum_except_wall,family,whois,39,39,0,39,39,39,7.435897435897436,7.435897435897436,7.435897435897436,39,39,0,1,1,1,True,
deepseek-v4-flash-0731,poolact,restricted_search,cost_tight,cached,4,f1_mi,fraction,True,planned_analysis_unit; Audit_mean_once; pool_resources_N_sum_except_wall,all,all,39,39,0,39,39,39,0.04700854700854701,0.04700854700854701,0.04700854700854701,39,39,0,1,1,1,True,
deepseek-v4-flash-0731,poolact,restricted_search,cost_tight,cached,4,f1_mi,fraction,True,planned_analysis_unit; Audit_mean_once; pool_resources_N_sum_except_wall,family,whois,39,39,0,39,39,39,0.04700854700854701,0.04700854700854701,0.04700854700854701,39,39,0,1,1,1,True,
deepseek-v4-flash-0731,poolact,restricted_search,cost_tight,cached,4,f1_mv,fraction,True,planned_analysis_unit; Audit_mean_once; pool_resources_N_sum_except_wall,all,all,39,39,0,39,39,39,0.04273504273504273,0.04273504273504273,0.04273504273504273,39,39,0,1,1,1,True,
deepseek-v4-flash-0731,poolact,restricted_search,cost_tight,cached,4,f1_mv,fraction,True,planned_analysis_unit; Audit_mean_once; pool_resources_N_sum_except_wall,family,whois,39,39,0,39,39,39,0.04273504273504273,0.04273504273504273,0.04273504273504273,39,39,0,1,1,1,True,
deepseek-v4-flash-0731,poolact,restricted_search,cost_tight,cached,4,feedback_attempts,count,,planned_analysis_unit; Audit_mean_once; pool_resources_N_sum_except_wall,all,all,39,39,0,39,39,39,13.435897435897436,13.435897435897436,13.435897435897436,39,39,0,1,1,1,True,
deepseek-v4-flash-0731,poolact,restricted_search,cost_tight,cached,4,feedback_attempts,count,,planned_analysis_unit; Audit_mean_once; pool_resources_N_sum_except_wall,family,whois,39,39,0,39,39,39,13.435897435897436,13.435897435897436,13.435897435897436,39,39,0,1,1,1,True,
deepseek-v4-flash-0731,poolact,restricted_search,cost_tight,cached,4,feedback_cost_seconds,seconds,,planned_analysis_unit; Audit_mean_once; pool_resources_N_sum_except_wall,all,all,39,39,0,39,39,39,2935.1111903098913,2935.1111903098913,2935.1111903098913,39,39,0,1,1,1,True,
deepseek-v4-flash-0731,poolact,restricted_search,cost_tight,cached,4,feedback_cost_seconds,seconds,,planned_analysis_unit; Audit_mean_once; pool_resources_N_sum_except_wall,family,whois,39,39,0,39,39,39,2935.1111903098913,2935.1111903098913,2935.1111903098913,39,39,0,1,1,1,True,
deepseek-v4-flash-0731,poolact,restricted_search,cost_tight,cached,4,feedback_visible,count,,planned_analysis_unit; Audit_mean_once; pool_resources_N_sum_except_wall,all,all,39,2,37,39,2,2,,0.0,0.0,39,2,37,1,1,1,True,
deepseek-v4-flash-0731,poolact,restricted_search,cost_tight,cached,4,feedback_visible,count,,planned_analysis_unit; Audit_mean_once; pool_resources_N_sum_except_wall,family,whois,39,2,37,39,2,2,,0.0,0.0,39,2,37,1,1,1,True,
deepseek-v4-flash-0731,poolact,restricted_search,cost_tight,cached,4,input_tokens,tokens,,planned_analysis_unit; Audit_mean_once; pool_resources_N_sum_except_wall,all,all,39,39,0,39,39,39,54360.4358974359,54360.4358974359,54360.4358974359,39,39,0,1,1,1,True,
deepseek-v4-flash-0731,poolact,restricted_search,cost_tight,cached,4,input_tokens,tokens,,planned_analysis_unit; Audit_mean_once; pool_resources_N_sum_except_wall,family,whois,39,39,0,39,39,39,54360.4358974359,54360.4358974359,54360.4358974359,39,39,0,1,1,1,True,
deepseek-v4-flash-0731,poolact,restricted_search,cost_tight,cached,4,output_tokens,tokens,,planned_analysis_unit; Audit_mean_once; pool_resources_N_sum_except_wall,all,all,39,39,0,39,39,39,26575.74358974359,26575.74358974359,26575.74358974359,39,39,0,1,1,1,True,
deepseek-v4-flash-0731,poolact,restricted_search,cost_tight,cached,4,output_tokens,tokens,,planned_analysis_unit; Audit_mean_once; pool_resources_N_sum_except_wall,family,whois,39,39,0,39,39,39,26575.74358974359,26575.74358974359,26575.74358974359,39,39,0,1,1,1,True,
deepseek-v4-flash-0731,poolact,restricted_search,cost_tight,cached,4,protocol_failure_rate,fraction,,planned_analysis_unit; Audit_mean_once; pool_resources_N_sum_except_wall,all,all,39,39,0,39,39,39,0.30925576157985707,0.30925576157985707,0.30925576157985707,39,39,0,1,1,1,True,
deepseek-v4-flash-0731,poolact,restricted_search,cost_tight,cached,4,protocol_failure_rate,fraction,,planned_analysis_unit; Audit_mean_once; pool_resources_N_sum_except_wall,family,whois,39,39,0,39,39,39,0.30925576157985707,0.30925576157985707,0.30925576157985707,39,39,0,1,1,1,True,
deepseek-v4-flash-0731,poolact,restricted_search,cost_tight,cached,4,wall_time_seconds,seconds,,planned_analysis_unit; Audit_mean_once; pool_resources_N_sum_except_wall,all,all,39,0,39,39,0,0,,,,39,0,39,1,1,1,True,
deepseek-v4-flash-0731,poolact,restricted_search,cost_tight,cached,4,wall_time_seconds,seconds,,planned_analysis_unit; Audit_mean_once; pool_resources_N_sum_except_wall,family,whois,39,0,39,39,0,0,,,,39,0,39,1,1,1,True,
deepseek-v4-flash-0731,poolact,restricted_search,cost_tight,naive,4,budget_utilization,fraction,,planned_analysis_unit; Audit_mean_once; pool_resources_N_sum_except_wall,all,all,39,39,0,39,39,39,0.6482487435539537,0.6482487435539537,0.6482487435539537,39,39,0,1,1,1,True,
deepseek-v4-flash-0731,poolact,restricted_search,cost_tight,naive,4,budget_utilization,fraction,,planned_analysis_unit; Audit_mean_once; pool_resources_N_sum_except_wall,family,whois,39,39,0,39,39,39,0.6482487435539537,0.6482487435539537,0.6482487435539537,39,39,0,1,1,1,True,
deepseek-v4-flash-0731,poolact,restricted_search,cost_tight,naive,4,duplicate_action_attempts,count,,planned_analysis_unit; Audit_mean_once; pool_resources_N_sum_except_wall,all,all,39,39,0,39,39,39,5.948717948717949,5.948717948717949,5.948717948717949,39,39,0,1,1,1,True,
deepseek-v4-flash-0731,poolact,restricted_search,cost_tight,naive,4,duplicate_action_attempts,count,,planned_analysis_unit; Audit_mean_once; pool_resources_N_sum_except_wall,family,whois,39,39,0,39,39,39,5.948717948717949,5.948717948717949,5.948717948717949,39,39,0,1,1,1,True,
deepseek-v4-flash-0731,poolact,restricted_search,cost_tight,naive,4,f1_mi,fraction,True,planned_analysis_unit; Audit_mean_once; pool_resources_N_sum_except_wall,all,all,39,39,0,39,39,39,0.02564102564102564,0.02564102564102564,0.02564102564102564,39,39,0,1,1,1,True,
deepseek-v4-flash-0731,poolact,restricted_search,cost_tight,naive,4,f1_mi,fraction,True,planned_analysis_unit; Audit_mean_once; pool_resources_N_sum_except_wall,family,whois,39,39,0,39,39,39,0.02564102564102564,0.02564102564102564,0.02564102564102564,39,39,0,1,1,1,True,
deepseek-v4-flash-0731,poolact,restricted_search,cost_tight,naive,4,f1_mv,fraction,True,planned_analysis_unit; Audit_mean_once; pool_resources_N_sum_except_wall,all,all,39,39,0,39,39,39,0.02564102564102564,0.02564102564102564,0.02564102564102564,39,39,0,1,1,1,True,
deepseek-v4-flash-0731,poolact,restricted_search,cost_tight,naive,4,f1_mv,fraction,True,planned_analysis_unit; Audit_mean_once; pool_resources_N_sum_except_wall,family,whois,39,39,0,39,39,39,0.02564102564102564,0.02564102564102564,0.02564102564102564,39,39,0,1,1,1,True,
deepseek-v4-flash-0731,poolact,restricted_search,cost_tight,naive,4,feedback_attempts,count,,planned_analysis_unit; Audit_mean_once; pool_resources_N_sum_except_wall,all,all,39,39,0,39,39,39,11.538461538461538,11.538461538461538,11.538461538461538,39,39,0,1,1,1,True,
deepseek-v4-flash-0731,poolact,restricted_search,cost_tight,naive,4,feedback_attempts,count,,planned_analysis_unit; Audit_mean_once; pool_resources_N_sum_except_wall,family,whois,39,39,0,39,39,39,11.538461538461538,11.538461538461538,11.538461538461538,39,39,0,1,1,1,True,
deepseek-v4-flash-0731,poolact,restricted_search,cost_tight,naive,4,feedback_cost_seconds,seconds,,planned_analysis_unit; Audit_mean_once; pool_resources_N_sum_except_wall,all,all,39,39,0,39,39,39,2333.6954767942334,2333.6954767942334,2333.6954767942334,39,39,0,1,1,1,True,
deepseek-v4-flash-0731,poolact,restricted_search,cost_tight,naive,4,feedback_cost_seconds,seconds,,planned_analysis_unit; Audit_mean_once; pool_resources_N_sum_except_wall,family,whois,39,39,0,39,39,39,2333.6954767942334,2333.6954767942334,2333.6954767942334,39,39,0,1,1,1,True,
deepseek-v4-flash-0731,poolact,restricted_search,cost_tight,naive,4,feedback_visible,count,,planned_analysis_unit; Audit_mean_once; pool_resources_N_sum_except_wall,all,all,39,0,39,39,0,0,,,,39,0,39,1,1,1,True,
deepseek-v4-flash-0731,poolact,restricted_search,cost_tight,naive,4,feedback_visible,count,,planned_analysis_unit; Audit_mean_once; pool_resources_N_sum_except_wall,family,whois,39,0,39,39,0,0,,,,39,0,39,1,1,1,True,
deepseek-v4-flash-0731,poolact,restricted_search,cost_tight,naive,4,input_tokens,tokens,,planned_analysis_unit; Audit_mean_once; pool_resources_N_sum_except_wall,all,all,39,39,0,39,39,39,66929.1282051282,66929.1282051282,66929.1282051282,39,39,0,1,1,1,True,
deepseek-v4-flash-0731,poolact,restricted_search,cost_tight,naive,4,input_tokens,tokens,,planned_analysis_unit; Audit_mean_once; pool_resources_N_sum_except_wall,family,whois,39,39,0,39,39,39,66929.1282051282,66929.1282051282,66929.1282051282,39,39,0,1,1,1,True,
deepseek-v4-flash-0731,poolact,restricted_search,cost_tight,naive,4,output_tokens,tokens,,planned_analysis_unit; Audit_mean_once; pool_resources_N_sum_except_wall,all,all,39,39,0,39,39,39,26095.97435897436,26095.97435897436,26095.97435897436,39,39,0,1,1,1,True,
deepseek-v4-flash-0731,poolact,restricted_search,cost_tight,naive,4,output_tokens,tokens,,planned_analysis_unit; Audit_mean_once; pool_resources_N_sum_except_wall,family,whois,39,39,0,39,39,39,26095.97435897436,26095.97435897436,26095.97435897436,39,39,0,1,1,1,True,
deepseek-v4-flash-0731,poolact,restricted_search,cost_tight,naive,4,protocol_failure_rate,fraction,,planned_analysis_unit; Audit_mean_once; pool_resources_N_sum_except_wall,all,all,39,39,0,39,39,39,0.36999959309203145,0.36999959309203145,0.36999959309203145,39,39,0,1,1,1,True,
deepseek-v4-flash-0731,poolact,restricted_search,cost_tight,naive,4,protocol_failure_rate,fraction,,planned_analysis_unit; Audit_mean_once; pool_resources_N_sum_except_wall,family,whois,39,39,0,39,39,39,0.36999959309203145,0.36999959309203145,0.36999959309203145,39,39,0,1,1,1,True,
deepseek-v4-flash-0731,poolact,restricted_search,cost_tight,naive,4,wall_time_seconds,seconds,,planned_analysis_unit; Audit_mean_once; pool_resources_N_sum_except_wall,all,all,39,0,39,39,0,0,,,,39,0,39,1,1,1,True,
deepseek-v4-flash-0731,poolact,restricted_search,cost_tight,naive,4,wall_time_seconds,seconds,,planned_analysis_unit; Audit_mean_once; pool_resources_N_sum_except_wall,family,whois,39,0,39,39,0,0,,,,39,0,39,1,1,1,True,
deepseek-v4-flash-0731,poolact,restricted_search,cost_tight,poolact,4,budget_utilization,fraction,,planned_analysis_unit; Audit_mean_once; pool_resources_N_sum_except_wall,all,all,39,39,0,39,39,39,0.6298072341747284,0.6298072341747284,0.6298072341747284,39,39,0,1,1,1,True,
deepseek-v4-flash-0731,poolact,restricted_search,cost_tight,poolact,4,budget_utilization,fraction,,planned_analysis_unit; Audit_mean_once; pool_resources_N_sum_except_wall,family,whois,39,39,0,39,39,39,0.6298072341747284,0.6298072341747284,0.6298072341747284,39,39,0,1,1,1,True,
deepseek-v4-flash-0731,poolact,restricted_search,cost_tight,poolact,4,duplicate_action_attempts,count,,planned_analysis_unit; Audit_mean_once; pool_resources_N_sum_except_wall,all,all,39,39,0,39,39,39,4.846153846153846,4.846153846153846,4.846153846153846,39,39,0,1,1,1,True,
deepseek-v4-flash-0731,poolact,restricted_search,cost_tight,poolact,4,duplicate_action_attempts,count,,planned_analysis_unit; Audit_mean_once; pool_resources_N_sum_except_wall,family,whois,39,39,0,39,39,39,4.846153846153846,4.846153846153846,4.846153846153846,39,39,0,1,1,1,True,
deepseek-v4-flash-0731,poolact,restricted_search,cost_tight,poolact,4,f1_mi,fraction,True,planned_analysis_unit; Audit_mean_once; pool_resources_N_sum_except_wall,all,all,39,39,0,39,39,39,0.0549270990447461,0.0549270990447461,0.0549270990447461,39,39,0,1,1,1,True,
deepseek-v4-flash-0731,poolact,restricted_search,cost_tight,poolact,4,f1_mi,fraction,True,planned_analysis_unit; Audit_mean_once; pool_resources_N_sum_except_wall,family,whois,39,39,0,39,39,39,0.0549270990447461,0.0549270990447461,0.0549270990447461,39,39,0,1,1,1,True,
deepseek-v4-flash-0731,poolact,restricted_search,cost_tight,poolact,4,f1_mv,fraction,True,planned_analysis_unit; Audit_mean_once; pool_resources_N_sum_except_wall,all,all,39,39,0,39,39,39,0.07440925087983911,0.07440925087983911,0.07440925087983911,39,39,0,1,1,1,True,
deepseek-v4-flash-0731,poolact,restricted_search,cost_tight,poolact,4,f1_mv,fraction,True,planned_analysis_unit; Audit_mean_once; pool_resources_N_sum_except_wall,family,whois,39,39,0,39,39,39,0.07440925087983911,0.07440925087983911,0.07440925087983911,39,39,0,1,1,1,True,
deepseek-v4-flash-0731,poolact,restricted_search,cost_tight,poolact,4,feedback_attempts,count,,planned_analysis_unit; Audit_mean_once; pool_resources_N_sum_except_wall,all,all,39,39,0,39,39,39,9.717948717948717,9.717948717948717,9.717948717948717,39,39,0,1,1,1,True,
deepseek-v4-flash-0731,poolact,restricted_search,cost_tight,poolact,4,feedback_attempts,count,,planned_analysis_unit; Audit_mean_once; pool_resources_N_sum_except_wall,family,whois,39,39,0,39,39,39,9.717948717948717,9.717948717948717,9.717948717948717,39,39,0,1,1,1,True,
deepseek-v4-flash-0731,poolact,restricted_search,cost_tight,poolact,4,feedback_cost_seconds,seconds,,planned_analysis_unit; Audit_mean_once; pool_resources_N_sum_except_wall,all,all,39,39,0,39,39,39,2267.3060430290225,2267.3060430290225,2267.3060430290225,39,39,0,1,1,1,True,
deepseek-v4-flash-0731,poolact,restricted_search,cost_tight,poolact,4,feedback_cost_seconds,seconds,,planned_analysis_unit; Audit_mean_once; pool_resources_N_sum_except_wall,family,whois,39,39,0,39,39,39,2267.3060430290225,2267.3060430290225,2267.3060430290225,39,39,0,1,1,1,True,
deepseek-v4-flash-0731,poolact,restricted_search,cost_tight,poolact,4,feedback_visible,count,,planned_analysis_unit; Audit_mean_once; pool_resources_N_sum_except_wall,all,all,39,0,39,39,0,0,,,,39,0,39,1,1,1,True,
deepseek-v4-flash-0731,poolact,restricted_search,cost_tight,poolact,4,feedback_visible,count,,planned_analysis_unit; Audit_mean_once; pool_resources_N_sum_except_wall,family,whois,39,0,39,39,0,0,,,,39,0,39,1,1,1,True,
deepseek-v4-flash-0731,poolact,restricted_search,cost_tight,poolact,4,input_tokens,tokens,,planned_analysis_unit; Audit_mean_once; pool_resources_N_sum_except_wall,all,all,39,39,0,39,39,39,80792.69230769231,80792.69230769231,80792.69230769231,39,39,0,1,1,1,True,
deepseek-v4-flash-0731,poolact,restricted_search,cost_tight,poolact,4,input_tokens,tokens,,planned_analysis_unit; Audit_mean_once; pool_resources_N_sum_except_wall,family,whois,39,39,0,39,39,39,80792.69230769231,80792.69230769231,80792.69230769231,39,39,0,1,1,1,True,
deepseek-v4-flash-0731,poolact,restricted_search,cost_tight,poolact,4,output_tokens,tokens,,planned_analysis_unit; Audit_mean_once; pool_resources_N_sum_except_wall,all,all,39,39,0,39,39,39,33809.61538461538,33809.61538461538,33809.61538461538,39,39,0,1,1,1,True,
deepseek-v4-flash-0731,poolact,restricted_search,cost_tight,poolact,4,output_tokens,tokens,,planned_analysis_unit; Audit_mean_once; pool_resources_N_sum_except_wall,family,whois,39,39,0,39,39,39,33809.61538461538,33809.61538461538,33809.61538461538,39,39,0,1,1,1,True,
deepseek-v4-flash-0731,poolact,restricted_search,cost_tight,poolact,4,protocol_failure_rate,fraction,,planned_analysis_unit; Audit_mean_once; pool_resources_N_sum_except_wall,all,all,39,39,0,39,39,39,0.40296216068324925,0.40296216068324925,0.40296216068324925,39,39,0,1,1,1,True,
deepseek-v4-flash-0731,poolact,restricted_search,cost_tight,poolact,4,protocol_failure_rate,fraction,,planned_analysis_unit; Audit_mean_once; pool_resources_N_sum_except_wall,family,whois,39,39,0,39,39,39,0.40296216068324925,0.40296216068324925,0.40296216068324925,39,39,0,1,1,1,True,
deepseek-v4-flash-0731,poolact,restricted_search,cost_tight,poolact,4,wall_time_seconds,seconds,,planned_analysis_unit; Audit_mean_once; pool_resources_N_sum_except_wall,all,all,39,0,39,39,0,0,,,,39,0,39,1,1,1,True,
deepseek-v4-flash-0731,poolact,restricted_search,cost_tight,poolact,4,wall_time_seconds,seconds,,planned_analysis_unit; Audit_mean_once; pool_resources_N_sum_except_wall,family,whois,39,0,39,39,0,0,,,,39,0,39,1,1,1,True,
deepseek-v4-flash-0731,poolact,tuning,cost_moderate,cached,4,budget_utilization,fraction,,planned_analysis_unit; Audit_mean_once; pool_resources_N_sum_except_wall,all,all,9,9,0,3,3,3,0.3364659336124802,0.3364659336124802,0.3364659336124802,9,9,0,3,3,3,True,0.07756562372943539
deepseek-v4-flash-0731,poolact,tuning,cost_moderate,cached,4,budget_utilization,fraction,,planned_analysis_unit; Audit_mean_once; pool_resources_N_sum_except_wall,family,nasbench101,9,9,0,3,3,3,0.3364659336124802,0.3364659336124802,0.3364659336124802,9,9,0,3,3,3,True,0.07756562372943539
deepseek-v4-flash-0731,poolact,tuning,cost_moderate,cached,4,budget_utilization,fraction,,planned_analysis_unit; Audit_mean_once; pool_resources_N_sum_except_wall,task,hpobench:nasbench101:A,3,3,0,1,1,1,0.6741075172535466,0.6741075172535466,0.6741075172535466,3,3,0,3,3,3,True,0.41108353152530963
deepseek-v4-flash-0731,poolact,tuning,cost_moderate,cached,4,budget_utilization,fraction,,planned_analysis_unit; Audit_mean_once; pool_resources_N_sum_except_wall,task,hpobench:nasbench101:B,3,3,0,1,1,1,0.0,0.0,0.0,3,3,0,3,3,3,True,0.0
deepseek-v4-flash-0731,poolact,tuning,cost_moderate,cached,4,budget_utilization,fraction,,planned_analysis_unit; Audit_mean_once; pool_resources_N_sum_except_wall,task,hpobench:nasbench101:C,3,3,0,1,1,1,0.33529028358389396,0.33529028358389396,0.33529028358389396,3,3,0,3,3,3,True,0.36541454035612764
deepseek-v4-flash-0731,poolact,tuning,cost_moderate,cached,4,duplicate_action_attempts,count,,planned_analysis_unit; Audit_mean_once; pool_resources_N_sum_except_wall,all,all,9,9,0,3,3,3,1.6666666666666667,1.6666666666666667,1.6666666666666667,9,9,0,3,3,3,True,1.1547005383792515
deepseek-v4-flash-0731,poolact,tuning,cost_moderate,cached,4,duplicate_action_attempts,count,,planned_analysis_unit; Audit_mean_once; pool_resources_N_sum_except_wall,family,nasbench101,9,9,0,3,3,3,1.6666666666666667,1.6666666666666667,1.6666666666666667,9,9,0,3,3,3,True,1.1547005383792515
deepseek-v4-flash-0731,poolact,tuning,cost_moderate,cached,4,duplicate_action_attempts,count,,planned_analysis_unit; Audit_mean_once; pool_resources_N_sum_except_wall,task,hpobench:nasbench101:A,3,3,0,1,1,1,2.3333333333333335,2.3333333333333335,2.3333333333333335,3,3,0,3,3,3,True,2.0816659994661326
deepseek-v4-flash-0731,poolact,tuning,cost_moderate,cached,4,duplicate_action_attempts,count,,planned_analysis_unit; Audit_mean_once; pool_resources_N_sum_except_wall,task,hpobench:nasbench101:B,3,3,0,1,1,1,0.0,0.0,0.0,3,3,0,3,3,3,True,0.0
deepseek-v4-flash-0731,poolact,tuning,cost_moderate,cached,4,duplicate_action_attempts,count,,planned_analysis_unit; Audit_mean_once; pool_resources_N_sum_except_wall,task,hpobench:nasbench101:C,3,3,0,1,1,1,2.6666666666666665,2.6666666666666665,2.6666666666666665,3,3,0,3,3,3,True,2.516611478423583
deepseek-v4-flash-0731,poolact,tuning,cost_moderate,cached,4,feedback_attempts,count,,planned_analysis_unit; Audit_mean_once; pool_resources_N_sum_except_wall,all,all,9,9,0,3,3,3,15.222222222222221,15.222222222222221,15.222222222222221,9,9,0,3,3,3,True,8.2820645127041
deepseek-v4-flash-0731,poolact,tuning,cost_moderate,cached,4,feedback_attempts,count,,planned_analysis_unit; Audit_mean_once; pool_resources_N_sum_except_wall,family,nasbench101,9,9,0,3,3,3,15.222222222222221,15.222222222222221,15.222222222222221,9,9,0,3,3,3,True,8.2820645127041
deepseek-v4-flash-0731,poolact,tuning,cost_moderate,cached,4,feedback_attempts,count,,planned_analysis_unit; Audit_mean_once; pool_resources_N_sum_except_wall,task,hpobench:nasbench101:A,3,3,0,1,1,1,18.333333333333332,18.333333333333332,18.333333333333332,3,3,0,3,3,3,True,10.066445913694333
deepseek-v4-flash-0731,poolact,tuning,cost_moderate,cached,4,feedback_attempts,count,,planned_analysis_unit; Audit_mean_once; pool_resources_N_sum_except_wall,task,hpobench:nasbench101:B,3,3,0,1,1,1,0.3333333333333333,0.3333333333333333,0.3333333333333333,3,3,0,3,3,3,True,0.5773502691896257
deepseek-v4-flash-0731,poolact,tuning,cost_moderate,cached,4,feedback_attempts,count,,planned_analysis_unit; Audit_mean_once; pool_resources_N_sum_except_wall,task,hpobench:nasbench101:C,3,3,0,1,1,1,27.0,27.0,27.0,3,3,0,3,3,3,True,25.632011235952593
deepseek-v4-flash-0731,poolact,tuning,cost_moderate,cached,4,feedback_cost_seconds,seconds,,planned_analysis_unit; Audit_mean_once; pool_resources_N_sum_except_wall,all,all,9,9,0,3,3,3,94525.82015652128,94525.82015652128,94525.82015652128,9,9,0,3,3,3,True,35612.9447928444
deepseek-v4-flash-0731,poolact,tuning,cost_moderate,cached,4,feedback_cost_seconds,seconds,,planned_analysis_unit; Audit_mean_once; pool_resources_N_sum_except_wall,family,nasbench101,9,9,0,3,3,3,94525.82015652128,94525.82015652128,94525.82015652128,9,9,0,3,3,3,True,35612.9447928444
deepseek-v4-flash-0731,poolact,tuning,cost_moderate,cached,4,feedback_cost_seconds,seconds,,planned_analysis_unit; Audit_mean_once; pool_resources_N_sum_except_wall,task,hpobench:nasbench101:A,3,3,0,1,1,1,133315.60387166342,133315.60387166342,133315.60387166342,3,3,0,3,3,3,True,81298.38022022786
deepseek-v4-flash-0731,poolact,tuning,cost_moderate,cached,4,feedback_cost_seconds,seconds,,planned_analysis_unit; Audit_mean_once; pool_resources_N_sum_except_wall,task,hpobench:nasbench101:B,3,3,0,1,1,1,0.0,0.0,0.0,3,3,0,3,3,3,True,0.0
deepseek-v4-flash-0731,poolact,tuning,cost_moderate,cached,4,feedback_cost_seconds,seconds,,planned_analysis_unit; Audit_mean_once; pool_resources_N_sum_except_wall,task,hpobench:nasbench101:C,3,3,0,1,1,1,150261.8565979004,150261.8565979004,150261.8565979004,3,3,0,3,3,3,True,163762.1784767332
deepseek-v4-flash-0731,poolact,tuning,cost_moderate,cached,4,feedback_visible,count,,planned_analysis_unit; Audit_mean_once; pool_resources_N_sum_except_wall,all,all,9,3,6,3,2,0,,0.0,0.0,9,3,6,3,3,3,True,
deepseek-v4-flash-0731,poolact,tuning,cost_moderate,cached,4,feedback_visible,count,,planned_analysis_unit; Audit_mean_once; pool_resources_N_sum_except_wall,family,nasbench101,9,3,6,3,2,0,,0.0,0.0,9,3,6,3,3,3,True,
deepseek-v4-flash-0731,poolact,tuning,cost_moderate,cached,4,feedback_visible,count,,planned_analysis_unit; Audit_mean_once; pool_resources_N_sum_except_wall,task,hpobench:nasbench101:A,3,0,3,1,0,0,,,,3,0,3,3,3,3,True,
deepseek-v4-flash-0731,poolact,tuning,cost_moderate,cached,4,feedback_visible,count,,planned_analysis_unit; Audit_mean_once; pool_resources_N_sum_except_wall,task,hpobench:nasbench101:B,3,2,1,1,1,0,,0.0,0.0,3,2,1,3,3,3,True,
deepseek-v4-flash-0731,poolact,tuning,cost_moderate,cached,4,feedback_visible,count,,planned_analysis_unit; Audit_mean_once; pool_resources_N_sum_except_wall,task,hpobench:nasbench101:C,3,1,2,1,1,0,,0.0,0.0,3,1,2,3,3,3,True,
deepseek-v4-flash-0731,poolact,tuning,cost_moderate,cached,4,gap_bon,Gap points,True,planned_analysis_unit; Audit_mean_once; pool_resources_N_sum_except_wall,all,all,9,3,6,3,2,0,,98.71909785733394,98.71909785733394,9,3,6,3,3,3,True,
deepseek-v4-flash-0731,poolact,tuning,cost_moderate,cached,4,gap_bon,Gap points,True,planned_analysis_unit; Audit_mean_once; pool_resources_N_sum_except_wall,family,nasbench101,9,3,6,3,2,0,,98.71909785733394,98.71909785733394,9,3,6,3,3,3,True,
deepseek-v4-flash-0731,poolact,tuning,cost_moderate,cached,4,gap_bon,Gap points,True,planned_analysis_unit; Audit_mean_once; pool_resources_N_sum_except_wall,task,hpobench:nasbench101:A,3,2,1,1,1,0,,97.97574780602369,97.97574780602369,3,2,1,3,3,3,True,
deepseek-v4-flash-0731,poolact,tuning,cost_moderate,cached,4,gap_bon,Gap points,True,planned_analysis_unit; Audit_mean_once; pool_resources_N_sum_except_wall,task,hpobench:nasbench101:B,3,0,3,1,0,0,,,,3,0,3,3,3,3,True,
deepseek-v4-flash-0731,poolact,tuning,cost_moderate,cached,4,gap_bon,Gap points,True,planned_analysis_unit; Audit_mean_once; pool_resources_N_sum_except_wall,task,hpobench:nasbench101:C,3,1,2,1,1,0,,99.46244790864417,99.46244790864417,3,1,2,3,3,3,True,
deepseek-v4-flash-0731,poolact,tuning,cost_moderate,cached,4,gap_mi,Gap points,True,planned_analysis_unit; Audit_mean_once; pool_resources_N_sum_except_wall,all,all,9,3,6,3,2,0,,90.85814017819149,90.85814017819149,9,3,6,3,3,3,True,
deepseek-v4-flash-0731,poolact,tuning,cost_moderate,cached,4,gap_mi,Gap points,True,planned_analysis_unit; Audit_mean_once; pool_resources_N_sum_except_wall,family,nasbench101,9,3,6,3,2,0,,90.85814017819149,90.85814017819149,9,3,6,3,3,3,True,
deepseek-v4-flash-0731,poolact,tuning,cost_moderate,cached,4,gap_mi,Gap points,True,planned_analysis_unit; Audit_mean_once; pool_resources_N_sum_except_wall,task,hpobench:nasbench101:A,3,2,1,1,1,0,,83.18273801337453,83.18273801337453,3,2,1,3,3,3,True,
deepseek-v4-flash-0731,poolact,tuning,cost_moderate,cached,4,gap_mi,Gap points,True,planned_analysis_unit; Audit_mean_once; pool_resources_N_sum_except_wall,task,hpobench:nasbench101:B,3,0,3,1,0,0,,,,3,0,3,3,3,3,True,
deepseek-v4-flash-0731,poolact,tuning,cost_moderate,cached,4,gap_mi,Gap points,True,planned_analysis_unit; Audit_mean_once; pool_resources_N_sum_except_wall,task,hpobench:nasbench101:C,3,1,2,1,1,0,,98.53354234300843,98.53354234300843,3,1,2,3,3,3,True,
deepseek-v4-flash-0731,poolact,tuning,cost_moderate,cached,4,input_tokens,tokens,,planned_analysis_unit; Audit_mean_once; pool_resources_N_sum_except_wall,all,all,9,9,0,3,3,3,278340.0,278340.0,278340.0,9,9,0,3,3,3,True,168428.97278510145
deepseek-v4-flash-0731,poolact,tuning,cost_moderate,cached,4,input_tokens,tokens,,planned_analysis_unit; Audit_mean_once; pool_resources_N_sum_except_wall,family,nasbench101,9,9,0,3,3,3,278340.0,278340.0,278340.0,9,9,0,3,3,3,True,168428.97278510145
deepseek-v4-flash-0731,poolact,tuning,cost_moderate,cached,4,input_tokens,tokens,,planned_analysis_unit; Audit_mean_once; pool_resources_N_sum_except_wall,task,hpobench:nasbench101:A,3,3,0,1,1,1,239018.66666666666,239018.66666666666,239018.66666666666,3,3,0,3,3,3,True,63819.32665214616
deepseek-v4-flash-0731,poolact,tuning,cost_moderate,cached,4,input_tokens,tokens,,planned_analysis_unit; Audit_mean_once; pool_resources_N_sum_except_wall,task,hpobench:nasbench101:B,3,3,0,1,1,1,132507.33333333334,132507.33333333334,132507.33333333334,3,3,0,3,3,3,True,100937.95661857503
deepseek-v4-flash-0731,poolact,tuning,cost_moderate,cached,4,input_tokens,tokens,,planned_analysis_unit; Audit_mean_once; pool_resources_N_sum_except_wall,task,hpobench:nasbench101:C,3,3,0,1,1,1,463494.0,463494.0,463494.0,3,3,0,3,3,3,True,366259.3542737168
deepseek-v4-flash-0731,poolact,tuning,cost_moderate,cached,4,output_tokens,tokens,,planned_analysis_unit; Audit_mean_once; pool_resources_N_sum_except_wall,all,all,9,9,0,3,3,3,77948.22222222223,77948.22222222223,77948.22222222223,9,9,0,3,3,3,True,40631.61982213323
deepseek-v4-flash-0731,poolact,tuning,cost_moderate,cached,4,output_tokens,tokens,,planned_analysis_unit; Audit_mean_once; pool_resources_N_sum_except_wall,family,nasbench101,9,9,0,3,3,3,77948.22222222223,77948.22222222223,77948.22222222223,9,9,0,3,3,3,True,40631.61982213323
deepseek-v4-flash-0731,poolact,tuning,cost_moderate,cached,4,output_tokens,tokens,,planned_analysis_unit; Audit_mean_once; pool_resources_N_sum_except_wall,task,hpobench:nasbench101:A,3,3,0,1,1,1,67691.66666666667,67691.66666666667,67691.66666666667,3,3,0,3,3,3,True,23335.687612181762
deepseek-v4-flash-0731,poolact,tuning,cost_moderate,cached,4,output_tokens,tokens,,planned_analysis_unit; Audit_mean_once; pool_resources_N_sum_except_wall,task,hpobench:nasbench101:B,3,3,0,1,1,1,62480.0,62480.0,62480.0,3,3,0,3,3,3,True,56899.16429087513
deepseek-v4-flash-0731,poolact,tuning,cost_moderate,cached,4,output_tokens,tokens,,planned_analysis_unit; Audit_mean_once; pool_resources_N_sum_except_wall,task,hpobench:nasbench101:C,3,3,0,1,1,1,103673.0,103673.0,103673.0,3,3,0,3,3,3,True,78125.55592762204
deepseek-v4-flash-0731,poolact,tuning,cost_moderate,cached,4,protocol_failure_rate,fraction,,planned_analysis_unit; Audit_mean_once; pool_resources_N_sum_except_wall,all,all,9,9,0,3,3,3,0.45326732874871517,0.45326732874871517,0.45326732874871517,9,9,0,3,3,3,True,0.12055945800723107
deepseek-v4-flash-0731,poolact,tuning,cost_moderate,cached,4,protocol_failure_rate,fraction,,planned_analysis_unit; Audit_mean_once; pool_resources_N_sum_except_wall,family,nasbench101,9,9,0,3,3,3,0.45326732874871517,0.45326732874871517,0.45326732874871517,9,9,0,3,3,3,True,0.12055945800723107
deepseek-v4-flash-0731,poolact,tuning,cost_moderate,cached,4,protocol_failure_rate,fraction,,planned_analysis_unit; Audit_mean_once; pool_resources_N_sum_except_wall,task,hpobench:nasbench101:A,3,3,0,1,1,1,0.2229456176824598,0.2229456176824598,0.2229456176824598,3,3,0,3,3,3,True,0.1328334262340329
deepseek-v4-flash-0731,poolact,tuning,cost_moderate,cached,4,protocol_failure_rate,fraction,,planned_analysis_unit; Audit_mean_once; pool_resources_N_sum_except_wall,task,hpobench:nasbench101:B,3,3,0,1,1,1,0.75,0.75,0.75,3,3,0,3,3,3,True,0.08333333333333337
deepseek-v4-flash-0731,poolact,tuning,cost_moderate,cached,4,protocol_failure_rate,fraction,,planned_analysis_unit; Audit_mean_once; pool_resources_N_sum_except_wall,task,hpobench:nasbench101:C,3,3,0,1,1,1,0.38685636856368566,0.38685636856368566,0.38685636856368566,3,3,0,3,3,3,True,0.39490741886934005
deepseek-v4-flash-0731,poolact,tuning,cost_moderate,cached,4,raw_perf_bon,fraction,True,planned_analysis_unit; Audit_mean_once; pool_resources_N_sum_except_wall,all,all,9,3,6,3,2,0,,0.9371911784013112,0.9371911784013112,9,3,6,3,3,3,True,
deepseek-v4-flash-0731,poolact,tuning,cost_moderate,cached,4,raw_perf_bon,fraction,True,planned_analysis_unit; Audit_mean_once; pool_resources_N_sum_except_wall,family,nasbench101,9,3,6,3,2,0,,0.9371911784013112,0.9371911784013112,9,3,6,3,3,3,True,
deepseek-v4-flash-0731,poolact,tuning,cost_moderate,cached,4,raw_perf_bon,fraction,True,planned_analysis_unit; Audit_mean_once; pool_resources_N_sum_except_wall,task,hpobench:nasbench101:A,3,2,1,1,1,0,,0.9318409562110901,0.9318409562110901,3,2,1,3,3,3,True,
deepseek-v4-flash-0731,poolact,tuning,cost_moderate,cached,4,raw_perf_bon,fraction,True,planned_analysis_unit; Audit_mean_once; pool_resources_N_sum_except_wall,task,hpobench:nasbench101:B,3,0,3,1,0,0,,,,3,0,3,3,3,3,True,
deepseek-v4-flash-0731,poolact,tuning,cost_moderate,cached,4,raw_perf_bon,fraction,True,planned_analysis_unit; Audit_mean_once; pool_resources_N_sum_except_wall,task,hpobench:nasbench101:C,3,1,2,1,1,0,,0.9425414005915324,0.9425414005915324,3,1,2,3,3,3,True,
deepseek-v4-flash-0731,poolact,tuning,cost_moderate,cached,4,raw_perf_mi,fraction,True,planned_analysis_unit; Audit_mean_once; pool_resources_N_sum_except_wall,all,all,9,3,6,3,2,0,,0.867371124525865,0.867371124525865,9,3,6,3,3,3,True,
deepseek-v4-flash-0731,poolact,tuning,cost_moderate,cached,4,raw_perf_mi,fraction,True,planned_analysis_unit; Audit_mean_once; pool_resources_N_sum_except_wall,family,nasbench101,9,3,6,3,2,0,,0.867371124525865,0.867371124525865,9,3,6,3,3,3,True,
deepseek-v4-flash-0731,poolact,tuning,cost_moderate,cached,4,raw_perf_mi,fraction,True,planned_analysis_unit; Audit_mean_once; pool_resources_N_sum_except_wall,task,hpobench:nasbench101:A,3,2,1,1,1,0,,0.7974509249130886,0.7974509249130886,3,2,1,3,3,3,True,
deepseek-v4-flash-0731,poolact,tuning,cost_moderate,cached,4,raw_perf_mi,fraction,True,planned_analysis_unit; Audit_mean_once; pool_resources_N_sum_except_wall,task,hpobench:nasbench101:B,3,0,3,1,0,0,,,,3,0,3,3,3,3,True,
deepseek-v4-flash-0731,poolact,tuning,cost_moderate,cached,4,raw_perf_mi,fraction,True,planned_analysis_unit; Audit_mean_once; pool_resources_N_sum_except_wall,task,hpobench:nasbench101:C,3,1,2,1,1,0,,0.9372913241386414,0.9372913241386414,3,1,2,3,3,3,True,
deepseek-v4-flash-0731,poolact,tuning,cost_moderate,cached,4,wall_time_seconds,seconds,,planned_analysis_unit; Audit_mean_once; pool_resources_N_sum_except_wall,all,all,9,0,9,3,0,0,,,,9,0,9,3,3,3,True,
deepseek-v4-flash-0731,poolact,tuning,cost_moderate,cached,4,wall_time_seconds,seconds,,planned_analysis_unit; Audit_mean_once; pool_resources_N_sum_except_wall,family,nasbench101,9,0,9,3,0,0,,,,9,0,9,3,3,3,True,
deepseek-v4-flash-0731,poolact,tuning,cost_moderate,cached,4,wall_time_seconds,seconds,,planned_analysis_unit; Audit_mean_once; pool_resources_N_sum_except_wall,task,hpobench:nasbench101:A,3,0,3,1,0,0,,,,3,0,3,3,3,3,True,
deepseek-v4-flash-0731,poolact,tuning,cost_moderate,cached,4,wall_time_seconds,seconds,,planned_analysis_unit; Audit_mean_once; pool_resources_N_sum_except_wall,task,hpobench:nasbench101:B,3,0,3,1,0,0,,,,3,0,3,3,3,3,True,
deepseek-v4-flash-0731,poolact,tuning,cost_moderate,cached,4,wall_time_seconds,seconds,,planned_analysis_unit; Audit_mean_once; pool_resources_N_sum_except_wall,task,hpobench:nasbench101:C,3,0,3,1,0,0,,,,3,0,3,3,3,3,True,
deepseek-v4-flash-0731,poolact,tuning,cost_moderate,naive,4,budget_utilization,fraction,,planned_analysis_unit; Audit_mean_once; pool_resources_N_sum_except_wall,all,all,9,9,0,3,3,3,0.18832469832527124,0.18832469832527124,0.18832469832527124,9,9,0,3,3,3,True,0.11783663521347837
deepseek-v4-flash-0731,poolact,tuning,cost_moderate,naive,4,budget_utilization,fraction,,planned_analysis_unit; Audit_mean_once; pool_resources_N_sum_except_wall,family,nasbench101,9,9,0,3,3,3,0.18832469832527124,0.18832469832527124,0.18832469832527124,9,9,0,3,3,3,True,0.11783663521347837
deepseek-v4-flash-0731,poolact,tuning,cost_moderate,naive,4,budget_utilization,fraction,,planned_analysis_unit; Audit_mean_once; pool_resources_N_sum_except_wall,task,hpobench:nasbench101:A,3,3,0,1,1,1,0.20230462989102185,0.20230462989102185,0.20230462989102185,3,3,0,3,3,3,True,0.3109628126849416
deepseek-v4-flash-0731,poolact,tuning,cost_moderate,naive,4,budget_utilization,fraction,,planned_analysis_unit; Audit_mean_once; pool_resources_N_sum_except_wall,task,hpobench:nasbench101:B,3,3,0,1,1,1,0.09337229602480673,0.09337229602480673,0.09337229602480673,3,3,0,3,3,3,True,0.09638302486499865
deepseek-v4-flash-0731,poolact,tuning,cost_moderate,naive,4,budget_utilization,fraction,,planned_analysis_unit; Audit_mean_once; pool_resources_N_sum_except_wall,task,hpobench:nasbench101:C,3,3,0,1,1,1,0.26929716905998513,0.26929716905998513,0.26929716905998513,3,3,0,3,3,3,True,0.4664363791463597
deepseek-v4-flash-0731,poolact,tuning,cost_moderate,naive,4,duplicate_action_attempts,count,,planned_analysis_unit; Audit_mean_once; pool_resources_N_sum_except_wall,all,all,9,9,0,3,3,3,0.6666666666666666,0.6666666666666666,0.6666666666666666,9,9,0,3,3,3,True,0.8819171036881969
deepseek-v4-flash-0731,poolact,tuning,cost_moderate,naive,4,duplicate_action_attempts,count,,planned_analysis_unit; Audit_mean_once; pool_resources_N_sum_except_wall,family,nasbench101,9,9,0,3,3,3,0.6666666666666666,0.6666666666666666,0.6666666666666666,9,9,0,3,3,3,True,0.8819171036881969
deepseek-v4-flash-0731,poolact,tuning,cost_moderate,naive,4,duplicate_action_attempts,count,,planned_analysis_unit; Audit_mean_once; pool_resources_N_sum_except_wall,task,hpobench:nasbench101:A,3,3,0,1,1,1,1.6666666666666667,1.6666666666666667,1.6666666666666667,3,3,0,3,3,3,True,2.8867513459481287
deepseek-v4-flash-0731,poolact,tuning,cost_moderate,naive,4,duplicate_action_attempts,count,,planned_analysis_unit; Audit_mean_once; pool_resources_N_sum_except_wall,task,hpobench:nasbench101:B,3,3,0,1,1,1,0.3333333333333333,0.3333333333333333,0.3333333333333333,3,3,0,3,3,3,True,0.5773502691896257
deepseek-v4-flash-0731,poolact,tuning,cost_moderate,naive,4,duplicate_action_attempts,count,,planned_analysis_unit; Audit_mean_once; pool_resources_N_sum_except_wall,task,hpobench:nasbench101:C,3,3,0,1,1,1,0.0,0.0,0.0,3,3,0,3,3,3,True,0.0
deepseek-v4-flash-0731,poolact,tuning,cost_moderate,naive,4,feedback_attempts,count,,planned_analysis_unit; Audit_mean_once; pool_resources_N_sum_except_wall,all,all,9,9,0,3,3,3,9.888888888888888,9.888888888888888,9.888888888888888,9,9,0,3,3,3,True,8.770742609718171
deepseek-v4-flash-0731,poolact,tuning,cost_moderate,naive,4,feedback_attempts,count,,planned_analysis_unit; Audit_mean_once; pool_resources_N_sum_except_wall,family,nasbench101,9,9,0,3,3,3,9.888888888888888,9.888888888888888,9.888888888888888,9,9,0,3,3,3,True,8.770742609718171
deepseek-v4-flash-0731,poolact,tuning,cost_moderate,naive,4,feedback_attempts,count,,planned_analysis_unit; Audit_mean_once; pool_resources_N_sum_except_wall,task,hpobench:nasbench101:A,3,3,0,1,1,1,6.333333333333333,6.333333333333333,6.333333333333333,3,3,0,3,3,3,True,6.6583281184793925
deepseek-v4-flash-0731,poolact,tuning,cost_moderate,naive,4,feedback_attempts,count,,planned_analysis_unit; Audit_mean_once; pool_resources_N_sum_except_wall,task,hpobench:nasbench101:B,3,3,0,1,1,1,7.0,7.0,7.0,3,3,0,3,3,3,True,5.291502622129181
deepseek-v4-flash-0731,poolact,tuning,cost_moderate,naive,4,feedback_attempts,count,,planned_analysis_unit; Audit_mean_once; pool_resources_N_sum_except_wall,task,hpobench:nasbench101:C,3,3,0,1,1,1,16.333333333333332,16.333333333333332,16.333333333333332,3,3,0,3,3,3,True,27.42869543622761
deepseek-v4-flash-0731,poolact,tuning,cost_moderate,naive,4,feedback_cost_seconds,seconds,,planned_analysis_unit; Audit_mean_once; pool_resources_N_sum_except_wall,all,all,9,9,0,3,3,3,66391.56317138672,66391.56317138672,66391.56317138672,9,9,0,3,3,3,True,59036.853509094675
deepseek-v4-flash-0731,poolact,tuning,cost_moderate,naive,4,feedback_cost_seconds,seconds,,planned_analysis_unit; Audit_mean_once; pool_resources_N_sum_except_wall,family,nasbench101,9,9,0,3,3,3,66391.56317138672,66391.56317138672,66391.56317138672,9,9,0,3,3,3,True,59036.853509094675
deepseek-v4-flash-0731,poolact,tuning,cost_moderate,naive,4,feedback_cost_seconds,seconds,,planned_analysis_unit; Audit_mean_once; pool_resources_N_sum_except_wall,task,hpobench:nasbench101:A,3,3,0,1,1,1,40008.99442545573,40008.99442545573,40008.99442545573,3,3,0,3,3,3,True,61497.89772946762
deepseek-v4-flash-0731,poolact,tuning,cost_moderate,naive,4,feedback_cost_seconds,seconds,,planned_analysis_unit; Audit_mean_once; pool_resources_N_sum_except_wall,task,hpobench:nasbench101:B,3,3,0,1,1,1,38478.951151529945,38478.951151529945,38478.951151529945,3,3,0,3,3,3,True,39719.67985698525
deepseek-v4-flash-0731,poolact,tuning,cost_moderate,naive,4,feedback_cost_seconds,seconds,,planned_analysis_unit; Audit_mean_once; pool_resources_N_sum_except_wall,task,hpobench:nasbench101:C,3,3,0,1,1,1,120686.74393717448,120686.74393717448,120686.74393717448,3,3,0,3,3,3,True,209035.57229924135
deepseek-v4-flash-0731,poolact,tuning,cost_moderate,naive,4,feedback_visible,count,,planned_analysis_unit; Audit_mean_once; pool_resources_N_sum_except_wall,all,all,9,1,8,3,1,0,,0.0,0.0,9,1,8,3,3,3,True,
deepseek-v4-flash-0731,poolact,tuning,cost_moderate,naive,4,feedback_visible,count,,planned_analysis_unit; Audit_mean_once; pool_resources_N_sum_except_wall,family,nasbench101,9,1,8,3,1,0,,0.0,0.0,9,1,8,3,3,3,True,
deepseek-v4-flash-0731,poolact,tuning,cost_moderate,naive,4,feedback_visible,count,,planned_analysis_unit; Audit_mean_once; pool_resources_N_sum_except_wall,task,hpobench:nasbench101:A,3,0,3,1,0,0,,,,3,0,3,3,3,3,True,
deepseek-v4-flash-0731,poolact,tuning,cost_moderate,naive,4,feedback_visible,count,,planned_analysis_unit; Audit_mean_once; pool_resources_N_sum_except_wall,task,hpobench:nasbench101:B,3,0,3,1,0,0,,,,3,0,3,3,3,3,True,
deepseek-v4-flash-0731,poolact,tuning,cost_moderate,naive,4,feedback_visible,count,,planned_analysis_unit; Audit_mean_once; pool_resources_N_sum_except_wall,task,hpobench:nasbench101:C,3,1,2,1,1,0,,0.0,0.0,3,1,2,3,3,3,True,
deepseek-v4-flash-0731,poolact,tuning,cost_moderate,naive,4,gap_bon,Gap points,True,planned_analysis_unit; Audit_mean_once; pool_resources_N_sum_except_wall,all,all,9,1,8,3,1,0,,10.818875568094734,10.818875568094734,9,1,8,3,3,3,True,
deepseek-v4-flash-0731,poolact,tuning,cost_moderate,naive,4,gap_bon,Gap points,True,planned_analysis_unit; Audit_mean_once; pool_resources_N_sum_except_wall,family,nasbench101,9,1,8,3,1,0,,10.818875568094734,10.818875568094734,9,1,8,3,3,3,True,
deepseek-v4-flash-0731,poolact,tuning,cost_moderate,naive,4,gap_bon,Gap points,True,planned_analysis_unit; Audit_mean_once; pool_resources_N_sum_except_wall,task,hpobench:nasbench101:A,3,1,2,1,1,0,,10.818875568094734,10.818875568094734,3,1,2,3,3,3,True,
deepseek-v4-flash-0731,poolact,tuning,cost_moderate,naive,4,gap_bon,Gap points,True,planned_analysis_unit; Audit_mean_once; pool_resources_N_sum_except_wall,task,hpobench:nasbench101:B,3,0,3,1,0,0,,,,3,0,3,3,3,3,True,
deepseek-v4-flash-0731,poolact,tuning,cost_moderate,naive,4,gap_bon,Gap points,True,planned_analysis_unit; Audit_mean_once; pool_resources_N_sum_except_wall,task,hpobench:nasbench101:C,3,0,3,1,0,0,,,,3,0,3,3,3,3,True,
deepseek-v4-flash-0731,poolact,tuning,cost_moderate,naive,4,gap_mi,Gap points,True,planned_analysis_unit; Audit_mean_once; pool_resources_N_sum_except_wall,all,all,9,1,8,3,1,0,,2.7047188920236835,2.7047188920236835,9,1,8,3,3,3,True,
deepseek-v4-flash-0731,poolact,tuning,cost_moderate,naive,4,gap_mi,Gap points,True,planned_analysis_unit; Audit_mean_once; pool_resources_N_sum_except_wall,family,nasbench101,9,1,8,3,1,0,,2.7047188920236835,2.7047188920236835,9,1,8,3,3,3,True,
deepseek-v4-flash-0731,poolact,tuning,cost_moderate,naive,4,gap_mi,Gap points,True,planned_analysis_unit; Audit_mean_once; pool_resources_N_sum_except_wall,task,hpobench:nasbench101:A,3,1,2,1,1,0,,2.7047188920236835,2.7047188920236835,3,1,2,3,3,3,True,
deepseek-v4-flash-0731,poolact,tuning,cost_moderate,naive,4,gap_mi,Gap points,True,planned_analysis_unit; Audit_mean_once; pool_resources_N_sum_except_wall,task,hpobench:nasbench101:B,3,0,3,1,0,0,,,,3,0,3,3,3,3,True,
deepseek-v4-flash-0731,poolact,tuning,cost_moderate,naive,4,gap_mi,Gap points,True,planned_analysis_unit; Audit_mean_once; pool_resources_N_sum_except_wall,task,hpobench:nasbench101:C,3,0,3,1,0,0,,,,3,0,3,3,3,3,True,
deepseek-v4-flash-0731,poolact,tuning,cost_moderate,naive,4,input_tokens,tokens,,planned_analysis_unit; Audit_mean_once; pool_resources_N_sum_except_wall,all,all,9,9,0,3,3,3,269754.3333333333,269754.3333333333,269754.3333333333,9,9,0,3,3,3,True,161061.6146503498
deepseek-v4-flash-0731,poolact,tuning,cost_moderate,naive,4,input_tokens,tokens,,planned_analysis_unit; Audit_mean_once; pool_resources_N_sum_except_wall,family,nasbench101,9,9,0,3,3,3,269754.3333333333,269754.3333333333,269754.3333333333,9,9,0,3,3,3,True,161061.6146503498
deepseek-v4-flash-0731,poolact,tuning,cost_moderate,naive,4,input_tokens,tokens,,planned_analysis_unit; Audit_mean_once; pool_resources_N_sum_except_wall,task,hpobench:nasbench101:A,3,3,0,1,1,1,159526.66666666666,159526.66666666666,159526.66666666666,3,3,0,3,3,3,True,129772.03548659215
deepseek-v4-flash-0731,poolact,tuning,cost_moderate,naive,4,input_tokens,tokens,,planned_analysis_unit; Audit_mean_once; pool_resources_N_sum_except_wall,task,hpobench:nasbench101:B,3,3,0,1,1,1,246011.66666666666,246011.66666666666,246011.66666666666,3,3,0,3,3,3,True,181959.11233387937
deepseek-v4-flash-0731,poolact,tuning,cost_moderate,naive,4,input_tokens,tokens,,planned_analysis_unit; Audit_mean_once; pool_resources_N_sum_except_wall,task,hpobench:nasbench101:C,3,3,0,1,1,1,403724.6666666667,403724.6666666667,403724.6666666667,3,3,0,3,3,3,True,481239.7738574123
deepseek-v4-flash-0731,poolact,tuning,cost_moderate,naive,4,output_tokens,tokens,,planned_analysis_unit; Audit_mean_once; pool_resources_N_sum_except_wall,all,all,9,9,0,3,3,3,72492.44444444444,72492.44444444444,72492.44444444444,9,9,0,3,3,3,True,31098.95028120069
deepseek-v4-flash-0731,poolact,tuning,cost_moderate,naive,4,output_tokens,tokens,,planned_analysis_unit; Audit_mean_once; pool_resources_N_sum_except_wall,family,nasbench101,9,9,0,3,3,3,72492.44444444444,72492.44444444444,72492.44444444444,9,9,0,3,3,3,True,31098.95028120069
deepseek-v4-flash-0731,poolact,tuning,cost_moderate,naive,4,output_tokens,tokens,,planned_analysis_unit; Audit_mean_once; pool_resources_N_sum_except_wall,task,hpobench:nasbench101:A,3,3,0,1,1,1,52578.0,52578.0,52578.0,3,3,0,3,3,3,True,27469.508058936914
deepseek-v4-flash-0731,poolact,tuning,cost_moderate,naive,4,output_tokens,tokens,,planned_analysis_unit; Audit_mean_once; pool_resources_N_sum_except_wall,task,hpobench:nasbench101:B,3,3,0,1,1,1,69541.0,69541.0,69541.0,3,3,0,3,3,3,True,65817.25576169215
deepseek-v4-flash-0731,poolact,tuning,cost_moderate,naive,4,output_tokens,tokens,,planned_analysis_unit; Audit_mean_once; pool_resources_N_sum_except_wall,task,hpobench:nasbench101:C,3,3,0,1,1,1,95358.33333333333,95358.33333333333,95358.33333333333,3,3,0,3,3,3,True,74765.65757306849
deepseek-v4-flash-0731,poolact,tuning,cost_moderate,naive,4,protocol_failure_rate,fraction,,planned_analysis_unit; Audit_mean_once; pool_resources_N_sum_except_wall,all,all,9,9,0,3,3,3,0.5055379318537213,0.5055379318537213,0.5055379318537213,9,9,0,3,3,3,True,0.08945786433923665
deepseek-v4-flash-0731,poolact,tuning,cost_moderate,naive,4,protocol_failure_rate,fraction,,planned_analysis_unit; Audit_mean_once; pool_resources_N_sum_except_wall,family,nasbench101,9,9,0,3,3,3,0.5055379318537213,0.5055379318537213,0.5055379318537213,9,9,0,3,3,3,True,0.08945786433923665
deepseek-v4-flash-0731,poolact,tuning,cost_moderate,naive,4,protocol_failure_rate,fraction,,planned_analysis_unit; Audit_mean_once; pool_resources_N_sum_except_wall,task,hpobench:nasbench101:A,3,3,0,1,1,1,0.4594516594516594,0.4594516594516594,0.4594516594516594,3,3,0,3,3,3,True,0.2714618251664336
deepseek-v4-flash-0731,poolact,tuning,cost_moderate,naive,4,protocol_failure_rate,fraction,,planned_analysis_unit; Audit_mean_once; pool_resources_N_sum_except_wall,task,hpobench:nasbench101:B,3,3,0,1,1,1,0.4989974937343358,0.4989974937343358,0.4989974937343358,3,3,0,3,3,3,True,0.17665226456299696
deepseek-v4-flash-0731,poolact,tuning,cost_moderate,naive,4,protocol_failure_rate,fraction,,planned_analysis_unit; Audit_mean_once; pool_resources_N_sum_except_wall,task,hpobench:nasbench101:C,3,3,0,1,1,1,0.5581646423751687,0.5581646423751687,0.5581646423751687,3,3,0,3,3,3,True,0.39252579835466445
deepseek-v4-flash-0731,poolact,tuning,cost_moderate,naive,4,raw_perf_bon,fraction,True,planned_analysis_unit; Audit_mean_once; pool_resources_N_sum_except_wall,all,all,9,1,8,3,1,0,,0.3187433282534282,0.3187433282534282,9,1,8,3,3,3,True,
deepseek-v4-flash-0731,poolact,tuning,cost_moderate,naive,4,raw_perf_bon,fraction,True,planned_analysis_unit; Audit_mean_once; pool_resources_N_sum_except_wall,family,nasbench101,9,1,8,3,1,0,,0.3187433282534282,0.3187433282534282,9,1,8,3,3,3,True,
deepseek-v4-flash-0731,poolact,tuning,cost_moderate,naive,4,raw_perf_bon,fraction,True,planned_analysis_unit; Audit_mean_once; pool_resources_N_sum_except_wall,task,hpobench:nasbench101:A,3,1,2,1,1,0,,0.3187433282534282,0.3187433282534282,3,1,2,3,3,3,True,
deepseek-v4-flash-0731,poolact,tuning,cost_moderate,naive,4,raw_perf_bon,fraction,True,planned_analysis_unit; Audit_mean_once; pool_resources_N_sum_except_wall,task,hpobench:nasbench101:B,3,0,3,1,0,0,,,,3,0,3,3,3,3,True,
deepseek-v4-flash-0731,poolact,tuning,cost_moderate,naive,4,raw_perf_bon,fraction,True,planned_analysis_unit; Audit_mean_once; pool_resources_N_sum_except_wall,task,hpobench:nasbench101:C,3,0,3,1,0,0,,,,3,0,3,3,3,3,True,
deepseek-v4-flash-0731,poolact,tuning,cost_moderate,naive,4,raw_perf_mi,fraction,True,planned_analysis_unit; Audit_mean_once; pool_resources_N_sum_except_wall,all,all,9,1,8,3,1,0,,0.07968583206335705,0.07968583206335705,9,1,8,3,3,3,True,
deepseek-v4-flash-0731,poolact,tuning,cost_moderate,naive,4,raw_perf_mi,fraction,True,planned_analysis_unit; Audit_mean_once; pool_resources_N_sum_except_wall,family,nasbench101,9,1,8,3,1,0,,0.07968583206335705,0.07968583206335705,9,1,8,3,3,3,True,
deepseek-v4-flash-0731,poolact,tuning,cost_moderate,naive,4,raw_perf_mi,fraction,True,planned_analysis_unit; Audit_mean_once; pool_resources_N_sum_except_wall,task,hpobench:nasbench101:A,3,1,2,1,1,0,,0.07968583206335705,0.07968583206335705,3,1,2,3,3,3,True,
deepseek-v4-flash-0731,poolact,tuning,cost_moderate,naive,4,raw_perf_mi,fraction,True,planned_analysis_unit; Audit_mean_once; pool_resources_N_sum_except_wall,task,hpobench:nasbench101:B,3,0,3,1,0,0,,,,3,0,3,3,3,3,True,
deepseek-v4-flash-0731,poolact,tuning,cost_moderate,naive,4,raw_perf_mi,fraction,True,planned_analysis_unit; Audit_mean_once; pool_resources_N_sum_except_wall,task,hpobench:nasbench101:C,3,0,3,1,0,0,,,,3,0,3,3,3,3,True,
deepseek-v4-flash-0731,poolact,tuning,cost_moderate,naive,4,wall_time_seconds,seconds,,planned_analysis_unit; Audit_mean_once; pool_resources_N_sum_except_wall,all,all,9,0,9,3,0,0,,,,9,0,9,3,3,3,True,
deepseek-v4-flash-0731,poolact,tuning,cost_moderate,naive,4,wall_time_seconds,seconds,,planned_analysis_unit; Audit_mean_once; pool_resources_N_sum_except_wall,family,nasbench101,9,0,9,3,0,0,,,,9,0,9,3,3,3,True,
deepseek-v4-flash-0731,poolact,tuning,cost_moderate,naive,4,wall_time_seconds,seconds,,planned_analysis_unit; Audit_mean_once; pool_resources_N_sum_except_wall,task,hpobench:nasbench101:A,3,0,3,1,0,0,,,,3,0,3,3,3,3,True,
deepseek-v4-flash-0731,poolact,tuning,cost_moderate,naive,4,wall_time_seconds,seconds,,planned_analysis_unit; Audit_mean_once; pool_resources_N_sum_except_wall,task,hpobench:nasbench101:B,3,0,3,1,0,0,,,,3,0,3,3,3,3,True,
deepseek-v4-flash-0731,poolact,tuning,cost_moderate,naive,4,wall_time_seconds,seconds,,planned_analysis_unit; Audit_mean_once; pool_resources_N_sum_except_wall,task,hpobench:nasbench101:C,3,0,3,1,0,0,,,,3,0,3,3,3,3,True,
deepseek-v4-flash-0731,poolact,tuning,cost_moderate,poolact,4,budget_utilization,fraction,,planned_analysis_unit; Audit_mean_once; pool_resources_N_sum_except_wall,all,all,9,9,0,3,3,3,0.12027969391867331,0.12027969391867331,0.12027969391867331,9,9,0,3,3,3,True,0.10346226368755564
deepseek-v4-flash-0731,poolact,tuning,cost_moderate,poolact,4,budget_utilization,fraction,,planned_analysis_unit; Audit_mean_once; pool_resources_N_sum_except_wall,family,nasbench101,9,9,0,3,3,3,0.12027969391867331,0.12027969391867331,0.12027969391867331,9,9,0,3,3,3,True,0.10346226368755564
deepseek-v4-flash-0731,poolact,tuning,cost_moderate,poolact,4,budget_utilization,fraction,,planned_analysis_unit; Audit_mean_once; pool_resources_N_sum_except_wall,task,hpobench:nasbench101:A,3,3,0,1,1,1,0.24969435297819767,0.24969435297819767,0.24969435297819767,3,3,0,3,3,3,True,0.18189064278965655
deepseek-v4-flash-0731,poolact,tuning,cost_moderate,poolact,4,budget_utilization,fraction,,planned_analysis_unit; Audit_mean_once; pool_resources_N_sum_except_wall,task,hpobench:nasbench101:B,3,3,0,1,1,1,0.11114472877782226,0.11114472877782226,0.11114472877782226,3,3,0,3,3,3,True,0.19250831723665088
deepseek-v4-flash-0731,poolact,tuning,cost_moderate,poolact,4,budget_utilization,fraction,,planned_analysis_unit; Audit_mean_once; pool_resources_N_sum_except_wall,task,hpobench:nasbench101:C,3,3,0,1,1,1,0.0,0.0,0.0,3,3,0,3,3,3,True,0.0
deepseek-v4-flash-0731,poolact,tuning,cost_moderate,poolact,4,duplicate_action_attempts,count,,planned_analysis_unit; Audit_mean_once; pool_resources_N_sum_except_wall,all,all,9,9,0,3,3,3,0.4444444444444444,0.4444444444444444,0.4444444444444444,9,9,0,3,3,3,True,0.19245008972987523
deepseek-v4-flash-0731,poolact,tuning,cost_moderate,poolact,4,duplicate_action_attempts,count,,planned_analysis_unit; Audit_mean_once; pool_resources_N_sum_except_wall,family,nasbench101,9,9,0,3,3,3,0.4444444444444444,0.4444444444444444,0.4444444444444444,9,9,0,3,3,3,True,0.19245008972987523
deepseek-v4-flash-0731,poolact,tuning,cost_moderate,poolact,4,duplicate_action_attempts,count,,planned_analysis_unit; Audit_mean_once; pool_resources_N_sum_except_wall,task,hpobench:nasbench101:A,3,3,0,1,1,1,0.6666666666666666,0.6666666666666666,0.6666666666666666,3,3,0,3,3,3,True,1.1547005383792515
deepseek-v4-flash-0731,poolact,tuning,cost_moderate,poolact,4,duplicate_action_attempts,count,,planned_analysis_unit; Audit_mean_once; pool_resources_N_sum_except_wall,task,hpobench:nasbench101:B,3,3,0,1,1,1,0.3333333333333333,0.3333333333333333,0.3333333333333333,3,3,0,3,3,3,True,0.5773502691896257
deepseek-v4-flash-0731,poolact,tuning,cost_moderate,poolact,4,duplicate_action_attempts,count,,planned_analysis_unit; Audit_mean_once; pool_resources_N_sum_except_wall,task,hpobench:nasbench101:C,3,3,0,1,1,1,0.3333333333333333,0.3333333333333333,0.3333333333333333,3,3,0,3,3,3,True,0.5773502691896257
deepseek-v4-flash-0731,poolact,tuning,cost_moderate,poolact,4,feedback_attempts,count,,planned_analysis_unit; Audit_mean_once; pool_resources_N_sum_except_wall,all,all,9,9,0,3,3,3,5.111111111111111,5.111111111111111,5.111111111111111,9,9,0,3,3,3,True,3.1681283176407233
deepseek-v4-flash-0731,poolact,tuning,cost_moderate,poolact,4,feedback_attempts,count,,planned_analysis_unit; Audit_mean_once; pool_resources_N_sum_except_wall,family,nasbench101,9,9,0,3,3,3,5.111111111111111,5.111111111111111,5.111111111111111,9,9,0,3,3,3,True,3.1681283176407233
deepseek-v4-flash-0731,poolact,tuning,cost_moderate,poolact,4,feedback_attempts,count,,planned_analysis_unit; Audit_mean_once; pool_resources_N_sum_except_wall,task,hpobench:nasbench101:A,3,3,0,1,1,1,8.666666666666666,8.666666666666666,8.666666666666666,3,3,0,3,3,3,True,6.110100926607787
deepseek-v4-flash-0731,poolact,tuning,cost_moderate,poolact,4,feedback_attempts,count,,planned_analysis_unit; Audit_mean_once; pool_resources_N_sum_except_wall,task,hpobench:nasbench101:B,3,3,0,1,1,1,5.0,5.0,5.0,3,3,0,3,3,3,True,8.660254037844387
deepseek-v4-flash-0731,poolact,tuning,cost_moderate,poolact,4,feedback_attempts,count,,planned_analysis_unit; Audit_mean_once; pool_resources_N_sum_except_wall,task,hpobench:nasbench101:C,3,3,0,1,1,1,1.6666666666666667,1.6666666666666667,1.6666666666666667,3,3,0,3,3,3,True,2.0816659994661326
deepseek-v4-flash-0731,poolact,tuning,cost_moderate,poolact,4,feedback_cost_seconds,seconds,,planned_analysis_unit; Audit_mean_once; pool_resources_N_sum_except_wall,all,all,9,9,0,3,3,3,31728.029486762152,31728.029486762152,31728.029486762152,9,9,0,3,3,3,True,32867.94169749422
deepseek-v4-flash-0731,poolact,tuning,cost_moderate,poolact,4,feedback_cost_seconds,seconds,,planned_analysis_unit; Audit_mean_once; pool_resources_N_sum_except_wall,family,nasbench101,9,9,0,3,3,3,31728.029486762152,31728.029486762152,31728.029486762152,9,9,0,3,3,3,True,32867.94169749422
deepseek-v4-flash-0731,poolact,tuning,cost_moderate,poolact,4,feedback_cost_seconds,seconds,,planned_analysis_unit; Audit_mean_once; pool_resources_N_sum_except_wall,task,hpobench:nasbench101:A,3,3,0,1,1,1,49381.074381510414,49381.074381510414,49381.074381510414,3,3,0,3,3,3,True,35971.800137911174
deepseek-v4-flash-0731,poolact,tuning,cost_moderate,poolact,4,feedback_cost_seconds,seconds,,planned_analysis_unit; Audit_mean_once; pool_resources_N_sum_except_wall,task,hpobench:nasbench101:B,3,3,0,1,1,1,45803.01407877604,45803.01407877604,45803.01407877604,3,3,0,3,3,3,True,79333.1475242327
deepseek-v4-flash-0731,poolact,tuning,cost_moderate,poolact,4,feedback_cost_seconds,seconds,,planned_analysis_unit; Audit_mean_once; pool_resources_N_sum_except_wall,task,hpobench:nasbench101:C,3,3,0,1,1,1,0.0,0.0,0.0,3,3,0,3,3,3,True,0.0
deepseek-v4-flash-0731,poolact,tuning,cost_moderate,poolact,4,feedback_visible,count,,planned_analysis_unit; Audit_mean_once; pool_resources_N_sum_except_wall,all,all,9,3,6,3,2,0,,0.0,0.0,9,3,6,3,3,3,True,
deepseek-v4-flash-0731,poolact,tuning,cost_moderate,poolact,4,feedback_visible,count,,planned_analysis_unit; Audit_mean_once; pool_resources_N_sum_except_wall,family,nasbench101,9,3,6,3,2,0,,0.0,0.0,9,3,6,3,3,3,True,
deepseek-v4-flash-0731,poolact,tuning,cost_moderate,poolact,4,feedback_visible,count,,planned_analysis_unit; Audit_mean_once; pool_resources_N_sum_except_wall,task,hpobench:nasbench101:A,3,0,3,1,0,0,,,,3,0,3,3,3,3,True,
deepseek-v4-flash-0731,poolact,tuning,cost_moderate,poolact,4,feedback_visible,count,,planned_analysis_unit; Audit_mean_once; pool_resources_N_sum_except_wall,task,hpobench:nasbench101:B,3,2,1,1,1,0,,0.0,0.0,3,2,1,3,3,3,True,
deepseek-v4-flash-0731,poolact,tuning,cost_moderate,poolact,4,feedback_visible,count,,planned_analysis_unit; Audit_mean_once; pool_resources_N_sum_except_wall,task,hpobench:nasbench101:C,3,1,2,1,1,0,,0.0,0.0,3,1,2,3,3,3,True,
deepseek-v4-flash-0731,poolact,tuning,cost_moderate,poolact,4,gap_bon,Gap points,True,planned_analysis_unit; Audit_mean_once; pool_resources_N_sum_except_wall,all,all,9,1,8,3,1,0,,97.89743482924088,97.89743482924088,9,1,8,3,3,3,True,
deepseek-v4-flash-0731,poolact,tuning,cost_moderate,poolact,4,gap_bon,Gap points,True,planned_analysis_unit; Audit_mean_once; pool_resources_N_sum_except_wall,family,nasbench101,9,1,8,3,1,0,,97.89743482924088,97.89743482924088,9,1,8,3,3,3,True,
deepseek-v4-flash-0731,poolact,tuning,cost_moderate,poolact,4,gap_bon,Gap points,True,planned_analysis_unit; Audit_mean_once; pool_resources_N_sum_except_wall,task,hpobench:nasbench101:A,3,1,2,1,1,0,,97.89743482924088,97.89743482924088,3,1,2,3,3,3,True,
deepseek-v4-flash-0731,poolact,tuning,cost_moderate,poolact,4,gap_bon,Gap points,True,planned_analysis_unit; Audit_mean_once; pool_resources_N_sum_except_wall,task,hpobench:nasbench101:B,3,0,3,1,0,0,,,,3,0,3,3,3,3,True,
deepseek-v4-flash-0731,poolact,tuning,cost_moderate,poolact,4,gap_bon,Gap points,True,planned_analysis_unit; Audit_mean_once; pool_resources_N_sum_except_wall,task,hpobench:nasbench101:C,3,0,3,1,0,0,,,,3,0,3,3,3,3,True,
deepseek-v4-flash-0731,poolact,tuning,cost_moderate,poolact,4,gap_mi,Gap points,True,planned_analysis_unit; Audit_mean_once; pool_resources_N_sum_except_wall,all,all,9,1,8,3,1,0,,72.43942593044704,72.43942593044704,9,1,8,3,3,3,True,
deepseek-v4-flash-0731,poolact,tuning,cost_moderate,poolact,4,gap_mi,Gap points,True,planned_analysis_unit; Audit_mean_once; pool_resources_N_sum_except_wall,family,nasbench101,9,1,8,3,1,0,,72.43942593044704,72.43942593044704,9,1,8,3,3,3,True,
deepseek-v4-flash-0731,poolact,tuning,cost_moderate,poolact,4,gap_mi,Gap points,True,planned_analysis_unit; Audit_mean_once; pool_resources_N_sum_except_wall,task,hpobench:nasbench101:A,3,1,2,1,1,0,,72.43942593044704,72.43942593044704,3,1,2,3,3,3,True,
deepseek-v4-flash-0731,poolact,tuning,cost_moderate,poolact,4,gap_mi,Gap points,True,planned_analysis_unit; Audit_mean_once; pool_resources_N_sum_except_wall,task,hpobench:nasbench101:B,3,0,3,1,0,0,,,,3,0,3,3,3,3,True,
deepseek-v4-flash-0731,poolact,tuning,cost_moderate,poolact,4,gap_mi,Gap points,True,planned_analysis_unit; Audit_mean_once; pool_resources_N_sum_except_wall,task,hpobench:nasbench101:C,3,0,3,1,0,0,,,,3,0,3,3,3,3,True,
deepseek-v4-flash-0731,poolact,tuning,cost_moderate,poolact,4,input_tokens,tokens,,planned_analysis_unit; Audit_mean_once; pool_resources_N_sum_except_wall,all,all,9,9,0,3,3,3,212592.33333333334,212592.33333333334,212592.33333333334,9,9,0,3,3,3,True,111744.56619501062
deepseek-v4-flash-0731,poolact,tuning,cost_moderate,poolact,4,input_tokens,tokens,,planned_analysis_unit; Audit_mean_once; pool_resources_N_sum_except_wall,family,nasbench101,9,9,0,3,3,3,212592.33333333334,212592.33333333334,212592.33333333334,9,9,0,3,3,3,True,111744.56619501062
deepseek-v4-flash-0731,poolact,tuning,cost_moderate,poolact,4,input_tokens,tokens,,planned_analysis_unit; Audit_mean_once; pool_resources_N_sum_except_wall,task,hpobench:nasbench101:A,3,3,0,1,1,1,342341.6666666667,342341.6666666667,342341.6666666667,3,3,0,3,3,3,True,306681.615142371
deepseek-v4-flash-0731,poolact,tuning,cost_moderate,poolact,4,input_tokens,tokens,,planned_analysis_unit; Audit_mean_once; pool_resources_N_sum_except_wall,task,hpobench:nasbench101:B,3,3,0,1,1,1,217560.33333333334,217560.33333333334,217560.33333333334,3,3,0,3,3,3,True,192978.23705623733
deepseek-v4-flash-0731,poolact,tuning,cost_moderate,poolact,4,input_tokens,tokens,,planned_analysis_unit; Audit_mean_once; pool_resources_N_sum_except_wall,task,hpobench:nasbench101:C,3,3,0,1,1,1,77875.0,77875.0,77875.0,3,3,0,3,3,3,True,62038.919486077444
deepseek-v4-flash-0731,poolact,tuning,cost_moderate,poolact,4,output_tokens,tokens,,planned_analysis_unit; Audit_mean_once; pool_resources_N_sum_except_wall,all,all,9,9,0,3,3,3,55006.666666666664,55006.666666666664,55006.666666666664,9,9,0,3,3,3,True,30640.25567959757
deepseek-v4-flash-0731,poolact,tuning,cost_moderate,poolact,4,output_tokens,tokens,,planned_analysis_unit; Audit_mean_once; pool_resources_N_sum_except_wall,family,nasbench101,9,9,0,3,3,3,55006.666666666664,55006.666666666664,55006.666666666664,9,9,0,3,3,3,True,30640.25567959757
deepseek-v4-flash-0731,poolact,tuning,cost_moderate,poolact,4,output_tokens,tokens,,planned_analysis_unit; Audit_mean_once; pool_resources_N_sum_except_wall,task,hpobench:nasbench101:A,3,3,0,1,1,1,75576.33333333333,75576.33333333333,75576.33333333333,3,3,0,3,3,3,True,57931.304251961505
deepseek-v4-flash-0731,poolact,tuning,cost_moderate,poolact,4,output_tokens,tokens,,planned_analysis_unit; Audit_mean_once; pool_resources_N_sum_except_wall,task,hpobench:nasbench101:B,3,3,0,1,1,1,57535.666666666664,57535.666666666664,57535.666666666664,3,3,0,3,3,3,True,40788.47436878871
deepseek-v4-flash-0731,poolact,tuning,cost_moderate,poolact,4,output_tokens,tokens,,planned_analysis_unit; Audit_mean_once; pool_resources_N_sum_except_wall,task,hpobench:nasbench101:C,3,3,0,1,1,1,31908.0,31908.0,31908.0,3,3,0,3,3,3,True,20092.47548213012
deepseek-v4-flash-0731,poolact,tuning,cost_moderate,poolact,4,protocol_failure_rate,fraction,,planned_analysis_unit; Audit_mean_once; pool_resources_N_sum_except_wall,all,all,9,9,0,3,3,3,0.5866041801335918,0.5866041801335918,0.5866041801335918,9,9,0,3,3,3,True,0.2022879244999497
deepseek-v4-flash-0731,poolact,tuning,cost_moderate,poolact,4,protocol_failure_rate,fraction,,planned_analysis_unit; Audit_mean_once; pool_resources_N_sum_except_wall,family,nasbench101,9,9,0,3,3,3,0.5866041801335918,0.5866041801335918,0.5866041801335918,9,9,0,3,3,3,True,0.2022879244999497
deepseek-v4-flash-0731,poolact,tuning,cost_moderate,poolact,4,protocol_failure_rate,fraction,,planned_analysis_unit; Audit_mean_once; pool_resources_N_sum_except_wall,task,hpobench:nasbench101:A,3,3,0,1,1,1,0.3706184012066365,0.3706184012066365,0.3706184012066365,3,3,0,3,3,3,True,0.2237924210348639
deepseek-v4-flash-0731,poolact,tuning,cost_moderate,poolact,4,protocol_failure_rate,fraction,,planned_analysis_unit; Audit_mean_once; pool_resources_N_sum_except_wall,task,hpobench:nasbench101:B,3,3,0,1,1,1,0.7264957264957265,0.7264957264957265,0.7264957264957265,3,3,0,3,3,3,True,0.32938573049920955
deepseek-v4-flash-0731,poolact,tuning,cost_moderate,poolact,4,protocol_failure_rate,fraction,,planned_analysis_unit; Audit_mean_once; pool_resources_N_sum_except_wall,task,hpobench:nasbench101:C,3,3,0,1,1,1,0.6626984126984127,0.6626984126984127,0.6626984126984127,3,3,0,3,3,3,True,0.08935182737458496
deepseek-v4-flash-0731,poolact,tuning,cost_moderate,poolact,4,raw_perf_bon,fraction,True,planned_analysis_unit; Audit_mean_once; pool_resources_N_sum_except_wall,all,all,9,1,8,3,1,0,,0.931290070215861,0.931290070215861,9,1,8,3,3,3,True,
deepseek-v4-flash-0731,poolact,tuning,cost_moderate,poolact,4,raw_perf_bon,fraction,True,planned_analysis_unit; Audit_mean_once; pool_resources_N_sum_except_wall,family,nasbench101,9,1,8,3,1,0,,0.931290070215861,0.931290070215861,9,1,8,3,3,3,True,
deepseek-v4-flash-0731,poolact,tuning,cost_moderate,poolact,4,raw_perf_bon,fraction,True,planned_analysis_unit; Audit_mean_once; pool_resources_N_sum_except_wall,task,hpobench:nasbench101:A,3,1,2,1,1,0,,0.931290070215861,0.931290070215861,3,1,2,3,3,3,True,
deepseek-v4-flash-0731,poolact,tuning,cost_moderate,poolact,4,raw_perf_bon,fraction,True,planned_analysis_unit; Audit_mean_once; pool_resources_N_sum_except_wall,task,hpobench:nasbench101:B,3,0,3,1,0,0,,,,3,0,3,3,3,3,True,
deepseek-v4-flash-0731,poolact,tuning,cost_moderate,poolact,4,raw_perf_bon,fraction,True,planned_analysis_unit; Audit_mean_once; pool_resources_N_sum_except_wall,task,hpobench:nasbench101:C,3,0,3,1,0,0,,,,3,0,3,3,3,3,True,
deepseek-v4-flash-0731,poolact,tuning,cost_moderate,poolact,4,raw_perf_mi,fraction,True,planned_analysis_unit; Audit_mean_once; pool_resources_N_sum_except_wall,all,all,9,1,8,3,1,0,,0.6915481487909952,0.6915481487909952,9,1,8,3,3,3,True,
deepseek-v4-flash-0731,poolact,tuning,cost_moderate,poolact,4,raw_perf_mi,fraction,True,planned_analysis_unit; Audit_mean_once; pool_resources_N_sum_except_wall,family,nasbench101,9,1,8,3,1,0,,0.6915481487909952,0.6915481487909952,9,1,8,3,3,3,True,
deepseek-v4-flash-0731,poolact,tuning,cost_moderate,poolact,4,raw_perf_mi,fraction,True,planned_analysis_unit; Audit_mean_once; pool_resources_N_sum_except_wall,task,hpobench:nasbench101:A,3,1,2,1,1,0,,0.6915481487909952,0.6915481487909952,3,1,2,3,3,3,True,
deepseek-v4-flash-0731,poolact,tuning,cost_moderate,poolact,4,raw_perf_mi,fraction,True,planned_analysis_unit; Audit_mean_once; pool_resources_N_sum_except_wall,task,hpobench:nasbench101:B,3,0,3,1,0,0,,,,3,0,3,3,3,3,True,
deepseek-v4-flash-0731,poolact,tuning,cost_moderate,poolact,4,raw_perf_mi,fraction,True,planned_analysis_unit; Audit_mean_once; pool_resources_N_sum_except_wall,task,hpobench:nasbench101:C,3,0,3,1,0,0,,,,3,0,3,3,3,3,True,
deepseek-v4-flash-0731,poolact,tuning,cost_moderate,poolact,4,wall_time_seconds,seconds,,planned_analysis_unit; Audit_mean_once; pool_resources_N_sum_except_wall,all,all,9,0,9,3,0,0,,,,9,0,9,3,3,3,True,
deepseek-v4-flash-0731,poolact,tuning,cost_moderate,poolact,4,wall_time_seconds,seconds,,planned_analysis_unit; Audit_mean_once; pool_resources_N_sum_except_wall,family,nasbench101,9,0,9,3,0,0,,,,9,0,9,3,3,3,True,
deepseek-v4-flash-0731,poolact,tuning,cost_moderate,poolact,4,wall_time_seconds,seconds,,planned_analysis_unit; Audit_mean_once; pool_resources_N_sum_except_wall,task,hpobench:nasbench101:A,3,0,3,1,0,0,,,,3,0,3,3,3,3,True,
deepseek-v4-flash-0731,poolact,tuning,cost_moderate,poolact,4,wall_time_seconds,seconds,,planned_analysis_unit; Audit_mean_once; pool_resources_N_sum_except_wall,task,hpobench:nasbench101:B,3,0,3,1,0,0,,,,3,0,3,3,3,3,True,
deepseek-v4-flash-0731,poolact,tuning,cost_moderate,poolact,4,wall_time_seconds,seconds,,planned_analysis_unit; Audit_mean_once; pool_resources_N_sum_except_wall,task,hpobench:nasbench101:C,3,0,3,1,0,0,,,,3,0,3,3,3,3,True,
deepseek-v4-flash-0731,poolact,tuning,cost_tight,cached,4,budget_utilization,fraction,,planned_analysis_unit; Audit_mean_once; pool_resources_N_sum_except_wall,all,all,9,9,0,3,3,3,0.38905609430765625,0.38905609430765625,0.38905609430765625,9,9,0,3,3,3,True,0.046674257234974696
deepseek-v4-flash-0731,poolact,tuning,cost_tight,cached,4,budget_utilization,fraction,,planned_analysis_unit; Audit_mean_once; pool_resources_N_sum_except_wall,family,nasbench101,9,9,0,3,3,3,0.38905609430765625,0.38905609430765625,0.38905609430765625,9,9,0,3,3,3,True,0.046674257234974696
deepseek-v4-flash-0731,poolact,tuning,cost_tight,cached,4,budget_utilization,fraction,,planned_analysis_unit; Audit_mean_once; pool_resources_N_sum_except_wall,task,hpobench:nasbench101:A,3,3,0,1,1,1,0.39157316546290266,0.39157316546290266,0.39157316546290266,3,3,0,3,3,3,True,0.2735054261195128
deepseek-v4-flash-0731,poolact,tuning,cost_tight,cached,4,budget_utilization,fraction,,planned_analysis_unit; Audit_mean_once; pool_resources_N_sum_except_wall,task,hpobench:nasbench101:B,3,3,0,1,1,1,0.5097001132569082,0.5097001132569082,0.5097001132569082,3,3,0,3,3,3,True,0.48918945979363176
deepseek-v4-flash-0731,poolact,tuning,cost_tight,cached,4,budget_utilization,fraction,,planned_analysis_unit; Audit_mean_once; pool_resources_N_sum_except_wall,task,hpobench:nasbench101:C,3,3,0,1,1,1,0.26589500420315804,0.26589500420315804,0.26589500420315804,3,3,0,3,3,3,True,0.2505015363941987
deepseek-v4-flash-0731,poolact,tuning,cost_tight,cached,4,duplicate_action_attempts,count,,planned_analysis_unit; Audit_mean_once; pool_resources_N_sum_except_wall,all,all,9,9,0,3,3,3,0.7777777777777778,0.7777777777777778,0.7777777777777778,9,9,0,3,3,3,True,0.8388704928078611
deepseek-v4-flash-0731,poolact,tuning,cost_tight,cached,4,duplicate_action_attempts,count,,planned_analysis_unit; Audit_mean_once; pool_resources_N_sum_except_wall,family,nasbench101,9,9,0,3,3,3,0.7777777777777778,0.7777777777777778,0.7777777777777778,9,9,0,3,3,3,True,0.8388704928078611
deepseek-v4-flash-0731,poolact,tuning,cost_tight,cached,4,duplicate_action_attempts,count,,planned_analysis_unit; Audit_mean_once; pool_resources_N_sum_except_wall,task,hpobench:nasbench101:A,3,3,0,1,1,1,0.6666666666666666,0.6666666666666666,0.6666666666666666,3,3,0,3,3,3,True,1.1547005383792515
deepseek-v4-flash-0731,poolact,tuning,cost_tight,cached,4,duplicate_action_attempts,count,,planned_analysis_unit; Audit_mean_once; pool_resources_N_sum_except_wall,task,hpobench:nasbench101:B,3,3,0,1,1,1,1.6666666666666667,1.6666666666666667,1.6666666666666667,3,3,0,3,3,3,True,2.8867513459481287
deepseek-v4-flash-0731,poolact,tuning,cost_tight,cached,4,duplicate_action_attempts,count,,planned_analysis_unit; Audit_mean_once; pool_resources_N_sum_except_wall,task,hpobench:nasbench101:C,3,3,0,1,1,1,0.0,0.0,0.0,3,3,0,3,3,3,True,0.0
deepseek-v4-flash-0731,poolact,tuning,cost_tight,cached,4,feedback_attempts,count,,planned_analysis_unit; Audit_mean_once; pool_resources_N_sum_except_wall,all,all,9,9,0,3,3,3,6.666666666666667,6.666666666666667,6.666666666666667,9,9,0,3,3,3,True,2.9627314724385294
deepseek-v4-flash-0731,poolact,tuning,cost_tight,cached,4,feedback_attempts,count,,planned_analysis_unit; Audit_mean_once; pool_resources_N_sum_except_wall,family,nasbench101,9,9,0,3,3,3,6.666666666666667,6.666666666666667,6.666666666666667,9,9,0,3,3,3,True,2.9627314724385294
deepseek-v4-flash-0731,poolact,tuning,cost_tight,cached,4,feedback_attempts,count,,planned_analysis_unit; Audit_mean_once; pool_resources_N_sum_except_wall,task,hpobench:nasbench101:A,3,3,0,1,1,1,4.666666666666667,4.666666666666667,4.666666666666667,3,3,0,3,3,3,True,1.5275252316519468
deepseek-v4-flash-0731,poolact,tuning,cost_tight,cached,4,feedback_attempts,count,,planned_analysis_unit; Audit_mean_once; pool_resources_N_sum_except_wall,task,hpobench:nasbench101:B,3,3,0,1,1,1,9.666666666666666,9.666666666666666,9.666666666666666,3,3,0,3,3,3,True,7.371114795831994
deepseek-v4-flash-0731,poolact,tuning,cost_tight,cached,4,feedback_attempts,count,,planned_analysis_unit; Audit_mean_once; pool_resources_N_sum_except_wall,task,hpobench:nasbench101:C,3,3,0,1,1,1,5.666666666666667,5.666666666666667,5.666666666666667,3,3,0,3,3,3,True,6.429100507328637
deepseek-v4-flash-0731,poolact,tuning,cost_tight,cached,4,feedback_cost_seconds,seconds,,planned_analysis_unit; Audit_mean_once; pool_resources_N_sum_except_wall,all,all,9,9,0,3,3,3,40665.06009589301,40665.06009589301,40665.06009589301,9,9,0,3,3,3,True,11356.013629220664
deepseek-v4-flash-0731,poolact,tuning,cost_tight,cached,4,feedback_cost_seconds,seconds,,planned_analysis_unit; Audit_mean_once; pool_resources_N_sum_except_wall,family,nasbench101,9,9,0,3,3,3,40665.06009589301,40665.06009589301,40665.06009589301,9,9,0,3,3,3,True,11356.013629220664
deepseek-v4-flash-0731,poolact,tuning,cost_tight,cached,4,feedback_cost_seconds,seconds,,planned_analysis_unit; Audit_mean_once; pool_resources_N_sum_except_wall,task,hpobench:nasbench101:A,3,3,0,1,1,1,23231.96745808919,23231.96745808919,23231.96745808919,3,3,0,3,3,3,True,16227.029121640153
deepseek-v4-flash-0731,poolact,tuning,cost_tight,cached,4,feedback_cost_seconds,seconds,,planned_analysis_unit; Audit_mean_once; pool_resources_N_sum_except_wall,task,hpobench:nasbench101:B,3,3,0,1,1,1,63014.598317464195,63014.598317464195,63014.598317464195,3,3,0,3,3,3,True,60478.85120734807
deepseek-v4-flash-0731,poolact,tuning,cost_tight,cached,4,feedback_cost_seconds,seconds,,planned_analysis_unit; Audit_mean_once; pool_resources_N_sum_except_wall,task,hpobench:nasbench101:C,3,3,0,1,1,1,35748.61451212565,35748.61451212565,35748.61451212565,3,3,0,3,3,3,True,33679.018852152854
deepseek-v4-flash-0731,poolact,tuning,cost_tight,cached,4,feedback_visible,count,,planned_analysis_unit; Audit_mean_once; pool_resources_N_sum_except_wall,all,all,9,0,9,3,0,0,,,,9,0,9,3,3,3,True,
deepseek-v4-flash-0731,poolact,tuning,cost_tight,cached,4,feedback_visible,count,,planned_analysis_unit; Audit_mean_once; pool_resources_N_sum_except_wall,family,nasbench101,9,0,9,3,0,0,,,,9,0,9,3,3,3,True,
deepseek-v4-flash-0731,poolact,tuning,cost_tight,cached,4,feedback_visible,count,,planned_analysis_unit; Audit_mean_once; pool_resources_N_sum_except_wall,task,hpobench:nasbench101:A,3,0,3,1,0,0,,,,3,0,3,3,3,3,True,
deepseek-v4-flash-0731,poolact,tuning,cost_tight,cached,4,feedback_visible,count,,planned_analysis_unit; Audit_mean_once; pool_resources_N_sum_except_wall,task,hpobench:nasbench101:B,3,0,3,1,0,0,,,,3,0,3,3,3,3,True,
deepseek-v4-flash-0731,poolact,tuning,cost_tight,cached,4,feedback_visible,count,,planned_analysis_unit; Audit_mean_once; pool_resources_N_sum_except_wall,task,hpobench:nasbench101:C,3,0,3,1,0,0,,,,3,0,3,3,3,3,True,
deepseek-v4-flash-0731,poolact,tuning,cost_tight,cached,4,gap_bon,Gap points,True,planned_analysis_unit; Audit_mean_once; pool_resources_N_sum_except_wall,all,all,9,1,8,3,1,0,,85.75664976157574,85.75664976157574,9,1,8,3,3,3,True,
deepseek-v4-flash-0731,poolact,tuning,cost_tight,cached,4,gap_bon,Gap points,True,planned_analysis_unit; Audit_mean_once; pool_resources_N_sum_except_wall,family,nasbench101,9,1,8,3,1,0,,85.75664976157574,85.75664976157574,9,1,8,3,3,3,True,
deepseek-v4-flash-0731,poolact,tuning,cost_tight,cached,4,gap_bon,Gap points,True,planned_analysis_unit; Audit_mean_once; pool_resources_N_sum_except_wall,task,hpobench:nasbench101:A,3,1,2,1,1,0,,85.75664976157574,85.75664976157574,3,1,2,3,3,3,True,
deepseek-v4-flash-0731,poolact,tuning,cost_tight,cached,4,gap_bon,Gap points,True,planned_analysis_unit; Audit_mean_once; pool_resources_N_sum_except_wall,task,hpobench:nasbench101:B,3,0,3,1,0,0,,,,3,0,3,3,3,3,True,
deepseek-v4-flash-0731,poolact,tuning,cost_tight,cached,4,gap_bon,Gap points,True,planned_analysis_unit; Audit_mean_once; pool_resources_N_sum_except_wall,task,hpobench:nasbench101:C,3,0,3,1,0,0,,,,3,0,3,3,3,3,True,
deepseek-v4-flash-0731,poolact,tuning,cost_tight,cached,4,gap_mi,Gap points,True,planned_analysis_unit; Audit_mean_once; pool_resources_N_sum_except_wall,all,all,9,1,8,3,1,0,,21.439162440393936,21.439162440393936,9,1,8,3,3,3,True,
deepseek-v4-flash-0731,poolact,tuning,cost_tight,cached,4,gap_mi,Gap points,True,planned_analysis_unit; Audit_mean_once; pool_resources_N_sum_except_wall,family,nasbench101,9,1,8,3,1,0,,21.439162440393936,21.439162440393936,9,1,8,3,3,3,True,
deepseek-v4-flash-0731,poolact,tuning,cost_tight,cached,4,gap_mi,Gap points,True,planned_analysis_unit; Audit_mean_once; pool_resources_N_sum_except_wall,task,hpobench:nasbench101:A,3,1,2,1,1,0,,21.439162440393936,21.439162440393936,3,1,2,3,3,3,True,
deepseek-v4-flash-0731,poolact,tuning,cost_tight,cached,4,gap_mi,Gap points,True,planned_analysis_unit; Audit_mean_once; pool_resources_N_sum_except_wall,task,hpobench:nasbench101:B,3,0,3,1,0,0,,,,3,0,3,3,3,3,True,
deepseek-v4-flash-0731,poolact,tuning,cost_tight,cached,4,gap_mi,Gap points,True,planned_analysis_unit; Audit_mean_once; pool_resources_N_sum_except_wall,task,hpobench:nasbench101:C,3,0,3,1,0,0,,,,3,0,3,3,3,3,True,
deepseek-v4-flash-0731,poolact,tuning,cost_tight,cached,4,input_tokens,tokens,,planned_analysis_unit; Audit_mean_once; pool_resources_N_sum_except_wall,all,all,9,9,0,3,3,3,168160.33333333334,168160.33333333334,168160.33333333334,9,9,0,3,3,3,True,78093.78642874079
deepseek-v4-flash-0731,poolact,tuning,cost_tight,cached,4,input_tokens,tokens,,planned_analysis_unit; Audit_mean_once; pool_resources_N_sum_except_wall,family,nasbench101,9,9,0,3,3,3,168160.33333333334,168160.33333333334,168160.33333333334,9,9,0,3,3,3,True,78093.78642874079
deepseek-v4-flash-0731,poolact,tuning,cost_tight,cached,4,input_tokens,tokens,,planned_analysis_unit; Audit_mean_once; pool_resources_N_sum_except_wall,task,hpobench:nasbench101:A,3,3,0,1,1,1,173457.33333333334,173457.33333333334,173457.33333333334,3,3,0,3,3,3,True,77854.95093655465
deepseek-v4-flash-0731,poolact,tuning,cost_tight,cached,4,input_tokens,tokens,,planned_analysis_unit; Audit_mean_once; pool_resources_N_sum_except_wall,task,hpobench:nasbench101:B,3,3,0,1,1,1,188557.66666666666,188557.66666666666,188557.66666666666,3,3,0,3,3,3,True,86092.99950828368
deepseek-v4-flash-0731,poolact,tuning,cost_tight,cached,4,input_tokens,tokens,,planned_analysis_unit; Audit_mean_once; pool_resources_N_sum_except_wall,task,hpobench:nasbench101:C,3,3,0,1,1,1,142466.0,142466.0,142466.0,3,3,0,3,3,3,True,77532.3432575077
deepseek-v4-flash-0731,poolact,tuning,cost_tight,cached,4,output_tokens,tokens,,planned_analysis_unit; Audit_mean_once; pool_resources_N_sum_except_wall,all,all,9,9,0,3,3,3,82649.22222222222,82649.22222222222,82649.22222222222,9,9,0,3,3,3,True,29886.33905934901
deepseek-v4-flash-0731,poolact,tuning,cost_tight,cached,4,output_tokens,tokens,,planned_analysis_unit; Audit_mean_once; pool_resources_N_sum_except_wall,family,nasbench101,9,9,0,3,3,3,82649.22222222222,82649.22222222222,82649.22222222222,9,9,0,3,3,3,True,29886.33905934901
deepseek-v4-flash-0731,poolact,tuning,cost_tight,cached,4,output_tokens,tokens,,planned_analysis_unit; Audit_mean_once; pool_resources_N_sum_except_wall,task,hpobench:nasbench101:A,3,3,0,1,1,1,96845.66666666667,96845.66666666667,96845.66666666667,3,3,0,3,3,3,True,43783.09191152828
deepseek-v4-flash-0731,poolact,tuning,cost_tight,cached,4,output_tokens,tokens,,planned_analysis_unit; Audit_mean_once; pool_resources_N_sum_except_wall,task,hpobench:nasbench101:B,3,3,0,1,1,1,55766.666666666664,55766.666666666664,55766.666666666664,3,3,0,3,3,3,True,39331.20199451491
deepseek-v4-flash-0731,poolact,tuning,cost_tight,cached,4,output_tokens,tokens,,planned_analysis_unit; Audit_mean_once; pool_resources_N_sum_except_wall,task,hpobench:nasbench101:C,3,3,0,1,1,1,95335.33333333333,95335.33333333333,95335.33333333333,3,3,0,3,3,3,True,59623.8737783225
deepseek-v4-flash-0731,poolact,tuning,cost_tight,cached,4,protocol_failure_rate,fraction,,planned_analysis_unit; Audit_mean_once; pool_resources_N_sum_except_wall,all,all,9,9,0,3,3,3,0.4705917055590258,0.4705917055590258,0.4705917055590258,9,9,0,3,3,3,True,0.055410234558815934
deepseek-v4-flash-0731,poolact,tuning,cost_tight,cached,4,protocol_failure_rate,fraction,,planned_analysis_unit; Audit_mean_once; pool_resources_N_sum_except_wall,family,nasbench101,9,9,0,3,3,3,0.4705917055590258,0.4705917055590258,0.4705917055590258,9,9,0,3,3,3,True,0.055410234558815934
deepseek-v4-flash-0731,poolact,tuning,cost_tight,cached,4,protocol_failure_rate,fraction,,planned_analysis_unit; Audit_mean_once; pool_resources_N_sum_except_wall,task,hpobench:nasbench101:A,3,3,0,1,1,1,0.4166666666666667,0.4166666666666667,0.4166666666666667,3,3,0,3,3,3,True,0.08333333333333334
deepseek-v4-flash-0731,poolact,tuning,cost_tight,cached,4,protocol_failure_rate,fraction,,planned_analysis_unit; Audit_mean_once; pool_resources_N_sum_except_wall,task,hpobench:nasbench101:B,3,3,0,1,1,1,0.3971286520306128,0.3971286520306128,0.3971286520306128,3,3,0,3,3,3,True,0.11948410646865741
deepseek-v4-flash-0731,poolact,tuning,cost_tight,cached,4,protocol_failure_rate,fraction,,planned_analysis_unit; Audit_mean_once; pool_resources_N_sum_except_wall,task,hpobench:nasbench101:C,3,3,0,1,1,1,0.597979797979798,0.597979797979798,0.597979797979798,3,3,0,3,3,3,True,0.22921059350269962
deepseek-v4-flash-0731,poolact,tuning,cost_tight,cached,4,raw_perf_bon,fraction,True,planned_analysis_unit; Audit_mean_once; pool_resources_N_sum_except_wall,all,all,9,1,8,3,1,0,,0.845886747042338,0.845886747042338,9,1,8,3,3,3,True,
deepseek-v4-flash-0731,poolact,tuning,cost_tight,cached,4,raw_perf_bon,fraction,True,planned_analysis_unit; Audit_mean_once; pool_resources_N_sum_except_wall,family,nasbench101,9,1,8,3,1,0,,0.845886747042338,0.845886747042338,9,1,8,3,3,3,True,
deepseek-v4-flash-0731,poolact,tuning,cost_tight,cached,4,raw_perf_bon,fraction,True,planned_analysis_unit; Audit_mean_once; pool_resources_N_sum_except_wall,task,hpobench:nasbench101:A,3,1,2,1,1,0,,0.845886747042338,0.845886747042338,3,1,2,3,3,3,True,
deepseek-v4-flash-0731,poolact,tuning,cost_tight,cached,4,raw_perf_bon,fraction,True,planned_analysis_unit; Audit_mean_once; pool_resources_N_sum_except_wall,task,hpobench:nasbench101:B,3,0,3,1,0,0,,,,3,0,3,3,3,3,True,
deepseek-v4-flash-0731,poolact,tuning,cost_tight,cached,4,raw_perf_bon,fraction,True,planned_analysis_unit; Audit_mean_once; pool_resources_N_sum_except_wall,task,hpobench:nasbench101:C,3,0,3,1,0,0,,,,3,0,3,3,3,3,True,
deepseek-v4-flash-0731,poolact,tuning,cost_tight,cached,4,raw_perf_mi,fraction,True,planned_analysis_unit; Audit_mean_once; pool_resources_N_sum_except_wall,all,all,9,1,8,3,1,0,,0.2114716867605845,0.2114716867605845,9,1,8,3,3,3,True,
deepseek-v4-flash-0731,poolact,tuning,cost_tight,cached,4,raw_perf_mi,fraction,True,planned_analysis_unit; Audit_mean_once; pool_resources_N_sum_except_wall,family,nasbench101,9,1,8,3,1,0,,0.2114716867605845,0.2114716867605845,9,1,8,3,3,3,True,
deepseek-v4-flash-0731,poolact,tuning,cost_tight,cached,4,raw_perf_mi,fraction,True,planned_analysis_unit; Audit_mean_once; pool_resources_N_sum_except_wall,task,hpobench:nasbench101:A,3,1,2,1,1,0,,0.2114716867605845,0.2114716867605845,3,1,2,3,3,3,True,
deepseek-v4-flash-0731,poolact,tuning,cost_tight,cached,4,raw_perf_mi,fraction,True,planned_analysis_unit; Audit_mean_once; pool_resources_N_sum_except_wall,task,hpobench:nasbench101:B,3,0,3,1,0,0,,,,3,0,3,3,3,3,True,
deepseek-v4-flash-0731,poolact,tuning,cost_tight,cached,4,raw_perf_mi,fraction,True,planned_analysis_unit; Audit_mean_once; pool_resources_N_sum_except_wall,task,hpobench:nasbench101:C,3,0,3,1,0,0,,,,3,0,3,3,3,3,True,
deepseek-v4-flash-0731,poolact,tuning,cost_tight,cached,4,wall_time_seconds,seconds,,planned_analysis_unit; Audit_mean_once; pool_resources_N_sum_except_wall,all,all,9,0,9,3,0,0,,,,9,0,9,3,3,3,True,
deepseek-v4-flash-0731,poolact,tuning,cost_tight,cached,4,wall_time_seconds,seconds,,planned_analysis_unit; Audit_mean_once; pool_resources_N_sum_except_wall,family,nasbench101,9,0,9,3,0,0,,,,9,0,9,3,3,3,True,
deepseek-v4-flash-0731,poolact,tuning,cost_tight,cached,4,wall_time_seconds,seconds,,planned_analysis_unit; Audit_mean_once; pool_resources_N_sum_except_wall,task,hpobench:nasbench101:A,3,0,3,1,0,0,,,,3,0,3,3,3,3,True,
deepseek-v4-flash-0731,poolact,tuning,cost_tight,cached,4,wall_time_seconds,seconds,,planned_analysis_unit; Audit_mean_once; pool_resources_N_sum_except_wall,task,hpobench:nasbench101:B,3,0,3,1,0,0,,,,3,0,3,3,3,3,True,
deepseek-v4-flash-0731,poolact,tuning,cost_tight,cached,4,wall_time_seconds,seconds,,planned_analysis_unit; Audit_mean_once; pool_resources_N_sum_except_wall,task,hpobench:nasbench101:C,3,0,3,1,0,0,,,,3,0,3,3,3,3,True,
deepseek-v4-flash-0731,poolact,tuning,cost_tight,naive,4,budget_utilization,fraction,,planned_analysis_unit; Audit_mean_once; pool_resources_N_sum_except_wall,all,all,9,9,0,3,3,3,0.4926574291369982,0.4926574291369982,0.4926574291369982,9,9,0,3,3,3,True,0.2536076954071036
deepseek-v4-flash-0731,poolact,tuning,cost_tight,naive,4,budget_utilization,fraction,,planned_analysis_unit; Audit_mean_once; pool_resources_N_sum_except_wall,family,nasbench101,9,9,0,3,3,3,0.4926574291369982,0.4926574291369982,0.4926574291369982,9,9,0,3,3,3,True,0.2536076954071036
deepseek-v4-flash-0731,poolact,tuning,cost_tight,naive,4,budget_utilization,fraction,,planned_analysis_unit; Audit_mean_once; pool_resources_N_sum_except_wall,task,hpobench:nasbench101:A,3,3,0,1,1,1,0.6956749403437286,0.6956749403437286,0.6956749403437286,3,3,0,3,3,3,True,0.4722100130090845
deepseek-v4-flash-0731,poolact,tuning,cost_tight,naive,4,budget_utilization,fraction,,planned_analysis_unit; Audit_mean_once; pool_resources_N_sum_except_wall,task,hpobench:nasbench101:B,3,3,0,1,1,1,0.6444977530855508,0.6444977530855508,0.6444977530855508,3,3,0,3,3,3,True,0.1511167301450037
deepseek-v4-flash-0731,poolact,tuning,cost_tight,naive,4,budget_utilization,fraction,,planned_analysis_unit; Audit_mean_once; pool_resources_N_sum_except_wall,task,hpobench:nasbench101:C,3,3,0,1,1,1,0.13779959398171523,0.13779959398171523,0.13779959398171523,3,3,0,3,3,3,True,0.2386758980386933
deepseek-v4-flash-0731,poolact,tuning,cost_tight,naive,4,duplicate_action_attempts,count,,planned_analysis_unit; Audit_mean_once; pool_resources_N_sum_except_wall,all,all,9,9,0,3,3,3,2.2222222222222223,2.2222222222222223,2.2222222222222223,9,9,0,3,3,3,True,2.009237924447236
deepseek-v4-flash-0731,poolact,tuning,cost_tight,naive,4,duplicate_action_attempts,count,,planned_analysis_unit; Audit_mean_once; pool_resources_N_sum_except_wall,family,nasbench101,9,9,0,3,3,3,2.2222222222222223,2.2222222222222223,2.2222222222222223,9,9,0,3,3,3,True,2.009237924447236
deepseek-v4-flash-0731,poolact,tuning,cost_tight,naive,4,duplicate_action_attempts,count,,planned_analysis_unit; Audit_mean_once; pool_resources_N_sum_except_wall,task,hpobench:nasbench101:A,3,3,0,1,1,1,0.6666666666666666,0.6666666666666666,0.6666666666666666,3,3,0,3,3,3,True,0.5773502691896257
deepseek-v4-flash-0731,poolact,tuning,cost_tight,naive,4,duplicate_action_attempts,count,,planned_analysis_unit; Audit_mean_once; pool_resources_N_sum_except_wall,task,hpobench:nasbench101:B,3,3,0,1,1,1,6.0,6.0,6.0,3,3,0,3,3,3,True,5.5677643628300215
deepseek-v4-flash-0731,poolact,tuning,cost_tight,naive,4,duplicate_action_attempts,count,,planned_analysis_unit; Audit_mean_once; pool_resources_N_sum_except_wall,task,hpobench:nasbench101:C,3,3,0,1,1,1,0.0,0.0,0.0,3,3,0,3,3,3,True,0.0
deepseek-v4-flash-0731,poolact,tuning,cost_tight,naive,4,feedback_attempts,count,,planned_analysis_unit; Audit_mean_once; pool_resources_N_sum_except_wall,all,all,9,9,0,3,3,3,9.0,9.0,9.0,9,9,0,3,3,3,True,8.144527815247077
deepseek-v4-flash-0731,poolact,tuning,cost_tight,naive,4,feedback_attempts,count,,planned_analysis_unit; Audit_mean_once; pool_resources_N_sum_except_wall,family,nasbench101,9,9,0,3,3,3,9.0,9.0,9.0,9,9,0,3,3,3,True,8.144527815247077
deepseek-v4-flash-0731,poolact,tuning,cost_tight,naive,4,feedback_attempts,count,,planned_analysis_unit; Audit_mean_once; pool_resources_N_sum_except_wall,task,hpobench:nasbench101:A,3,3,0,1,1,1,8.333333333333334,8.333333333333334,8.333333333333334,3,3,0,3,3,3,True,8.504900548115382
deepseek-v4-flash-0731,poolact,tuning,cost_tight,naive,4,feedback_attempts,count,,planned_analysis_unit; Audit_mean_once; pool_resources_N_sum_except_wall,task,hpobench:nasbench101:B,3,3,0,1,1,1,13.666666666666666,13.666666666666666,13.666666666666666,3,3,0,3,3,3,True,8.32666399786453
deepseek-v4-flash-0731,poolact,tuning,cost_tight,naive,4,feedback_attempts,count,,planned_analysis_unit; Audit_mean_once; pool_resources_N_sum_except_wall,task,hpobench:nasbench101:C,3,3,0,1,1,1,5.0,5.0,5.0,3,3,0,3,3,3,True,7.810249675906654
deepseek-v4-flash-0731,poolact,tuning,cost_tight,naive,4,feedback_cost_seconds,seconds,,planned_analysis_unit; Audit_mean_once; pool_resources_N_sum_except_wall,all,all,9,9,0,3,3,3,46493.55173068577,46493.55173068577,46493.55173068577,9,9,0,3,3,3,True,21986.91882747765
deepseek-v4-flash-0731,poolact,tuning,cost_tight,naive,4,feedback_cost_seconds,seconds,,planned_analysis_unit; Audit_mean_once; pool_resources_N_sum_except_wall,family,nasbench101,9,9,0,3,3,3,46493.55173068577,46493.55173068577,46493.55173068577,9,9,0,3,3,3,True,21986.91882747765
deepseek-v4-flash-0731,poolact,tuning,cost_tight,naive,4,feedback_cost_seconds,seconds,,planned_analysis_unit; Audit_mean_once; pool_resources_N_sum_except_wall,task,hpobench:nasbench101:A,3,3,0,1,1,1,41274.27260335287,41274.27260335287,41274.27260335287,3,3,0,3,3,3,True,28016.13752730523
deepseek-v4-flash-0731,poolact,tuning,cost_tight,naive,4,feedback_cost_seconds,seconds,,planned_analysis_unit; Audit_mean_once; pool_resources_N_sum_except_wall,task,hpobench:nasbench101:B,3,3,0,1,1,1,79679.7292582194,79679.7292582194,79679.7292582194,3,3,0,3,3,3,True,18682.672029025645
deepseek-v4-flash-0731,poolact,tuning,cost_tight,naive,4,feedback_cost_seconds,seconds,,planned_analysis_unit; Audit_mean_once; pool_resources_N_sum_except_wall,task,hpobench:nasbench101:C,3,3,0,1,1,1,18526.653330485027,18526.653330485027,18526.653330485027,3,3,0,3,3,3,True,32089.10486261522
deepseek-v4-flash-0731,poolact,tuning,cost_tight,naive,4,feedback_visible,count,,planned_analysis_unit; Audit_mean_once; pool_resources_N_sum_except_wall,all,all,9,1,8,3,1,0,,0.0,0.0,9,1,8,3,3,3,True,
deepseek-v4-flash-0731,poolact,tuning,cost_tight,naive,4,feedback_visible,count,,planned_analysis_unit; Audit_mean_once; pool_resources_N_sum_except_wall,family,nasbench101,9,1,8,3,1,0,,0.0,0.0,9,1,8,3,3,3,True,
deepseek-v4-flash-0731,poolact,tuning,cost_tight,naive,4,feedback_visible,count,,planned_analysis_unit; Audit_mean_once; pool_resources_N_sum_except_wall,task,hpobench:nasbench101:A,3,0,3,1,0,0,,,,3,0,3,3,3,3,True,
deepseek-v4-flash-0731,poolact,tuning,cost_tight,naive,4,feedback_visible,count,,planned_analysis_unit; Audit_mean_once; pool_resources_N_sum_except_wall,task,hpobench:nasbench101:B,3,0,3,1,0,0,,,,3,0,3,3,3,3,True,
deepseek-v4-flash-0731,poolact,tuning,cost_tight,naive,4,feedback_visible,count,,planned_analysis_unit; Audit_mean_once; pool_resources_N_sum_except_wall,task,hpobench:nasbench101:C,3,1,2,1,1,0,,0.0,0.0,3,1,2,3,3,3,True,
deepseek-v4-flash-0731,poolact,tuning,cost_tight,naive,4,gap_bon,Gap points,True,planned_analysis_unit; Audit_mean_once; pool_resources_N_sum_except_wall,all,all,9,2,7,3,2,0,,86.53743202243189,86.53743202243189,9,2,7,3,3,3,True,
deepseek-v4-flash-0731,poolact,tuning,cost_tight,naive,4,gap_bon,Gap points,True,planned_analysis_unit; Audit_mean_once; pool_resources_N_sum_except_wall,family,nasbench101,9,2,7,3,2,0,,86.53743202243189,86.53743202243189,9,2,7,3,3,3,True,
deepseek-v4-flash-0731,poolact,tuning,cost_tight,naive,4,gap_bon,Gap points,True,planned_analysis_unit; Audit_mean_once; pool_resources_N_sum_except_wall,task,hpobench:nasbench101:A,3,1,2,1,1,0,,85.75664976157574,85.75664976157574,3,1,2,3,3,3,True,
deepseek-v4-flash-0731,poolact,tuning,cost_tight,naive,4,gap_bon,Gap points,True,planned_analysis_unit; Audit_mean_once; pool_resources_N_sum_except_wall,task,hpobench:nasbench101:B,3,1,2,1,1,0,,87.31821428328803,87.31821428328803,3,1,2,3,3,3,True,
deepseek-v4-flash-0731,poolact,tuning,cost_tight,naive,4,gap_bon,Gap points,True,planned_analysis_unit; Audit_mean_once; pool_resources_N_sum_except_wall,task,hpobench:nasbench101:C,3,0,3,1,0,0,,,,3,0,3,3,3,3,True,
deepseek-v4-flash-0731,poolact,tuning,cost_tight,naive,4,gap_mi,Gap points,True,planned_analysis_unit; Audit_mean_once; pool_resources_N_sum_except_wall,all,all,9,2,7,3,2,0,,46.8367797553329,46.8367797553329,9,2,7,3,3,3,True,
deepseek-v4-flash-0731,poolact,tuning,cost_tight,naive,4,gap_mi,Gap points,True,planned_analysis_unit; Audit_mean_once; pool_resources_N_sum_except_wall,family,nasbench101,9,2,7,3,2,0,,46.8367797553329,46.8367797553329,9,2,7,3,3,3,True,
deepseek-v4-flash-0731,poolact,tuning,cost_tight,naive,4,gap_mi,Gap points,True,planned_analysis_unit; Audit_mean_once; pool_resources_N_sum_except_wall,task,hpobench:nasbench101:A,3,1,2,1,1,0,,26.848600224441302,26.848600224441302,3,1,2,3,3,3,True,
deepseek-v4-flash-0731,poolact,tuning,cost_tight,naive,4,gap_mi,Gap points,True,planned_analysis_unit; Audit_mean_once; pool_resources_N_sum_except_wall,task,hpobench:nasbench101:B,3,1,2,1,1,0,,66.8249592862245,66.8249592862245,3,1,2,3,3,3,True,
deepseek-v4-flash-0731,poolact,tuning,cost_tight,naive,4,gap_mi,Gap points,True,planned_analysis_unit; Audit_mean_once; pool_resources_N_sum_except_wall,task,hpobench:nasbench101:C,3,0,3,1,0,0,,,,3,0,3,3,3,3,True,
deepseek-v4-flash-0731,poolact,tuning,cost_tight,naive,4,input_tokens,tokens,,planned_analysis_unit; Audit_mean_once; pool_resources_N_sum_except_wall,all,all,9,9,0,3,3,3,229168.44444444447,229168.44444444447,229168.44444444447,9,9,0,3,3,3,True,220873.81789039978
deepseek-v4-flash-0731,poolact,tuning,cost_tight,naive,4,input_tokens,tokens,,planned_analysis_unit; Audit_mean_once; pool_resources_N_sum_except_wall,family,nasbench101,9,9,0,3,3,3,229168.44444444447,229168.44444444447,229168.44444444447,9,9,0,3,3,3,True,220873.81789039978
deepseek-v4-flash-0731,poolact,tuning,cost_tight,naive,4,input_tokens,tokens,,planned_analysis_unit; Audit_mean_once; pool_resources_N_sum_except_wall,task,hpobench:nasbench101:A,3,3,0,1,1,1,215628.0,215628.0,215628.0,3,3,0,3,3,3,True,251240.80912940876
deepseek-v4-flash-0731,poolact,tuning,cost_tight,naive,4,input_tokens,tokens,,planned_analysis_unit; Audit_mean_once; pool_resources_N_sum_except_wall,task,hpobench:nasbench101:B,3,3,0,1,1,1,338964.6666666667,338964.6666666667,338964.6666666667,3,3,0,3,3,3,True,309320.48986339936
deepseek-v4-flash-0731,poolact,tuning,cost_tight,naive,4,input_tokens,tokens,,planned_analysis_unit; Audit_mean_once; pool_resources_N_sum_except_wall,task,hpobench:nasbench101:C,3,3,0,1,1,1,132912.66666666666,132912.66666666666,132912.66666666666,3,3,0,3,3,3,True,105245.76087108371
deepseek-v4-flash-0731,poolact,tuning,cost_tight,naive,4,output_tokens,tokens,,planned_analysis_unit; Audit_mean_once; pool_resources_N_sum_except_wall,all,all,9,9,0,3,3,3,72176.22222222222,72176.22222222222,72176.22222222222,9,9,0,3,3,3,True,37207.07586577426
deepseek-v4-flash-0731,poolact,tuning,cost_tight,naive,4,output_tokens,tokens,,planned_analysis_unit; Audit_mean_once; pool_resources_N_sum_except_wall,family,nasbench101,9,9,0,3,3,3,72176.22222222222,72176.22222222222,72176.22222222222,9,9,0,3,3,3,True,37207.07586577426
deepseek-v4-flash-0731,poolact,tuning,cost_tight,naive,4,output_tokens,tokens,,planned_analysis_unit; Audit_mean_once; pool_resources_N_sum_except_wall,task,hpobench:nasbench101:A,3,3,0,1,1,1,69726.0,69726.0,69726.0,3,3,0,3,3,3,True,61869.01341544085
deepseek-v4-flash-0731,poolact,tuning,cost_tight,naive,4,output_tokens,tokens,,planned_analysis_unit; Audit_mean_once; pool_resources_N_sum_except_wall,task,hpobench:nasbench101:B,3,3,0,1,1,1,79694.33333333333,79694.33333333333,79694.33333333333,3,3,0,3,3,3,True,43591.1016760684
deepseek-v4-flash-0731,poolact,tuning,cost_tight,naive,4,output_tokens,tokens,,planned_analysis_unit; Audit_mean_once; pool_resources_N_sum_except_wall,task,hpobench:nasbench101:C,3,3,0,1,1,1,67108.33333333333,67108.33333333333,67108.33333333333,3,3,0,3,3,3,True,44186.304013046094
deepseek-v4-flash-0731,poolact,tuning,cost_tight,naive,4,protocol_failure_rate,fraction,,planned_analysis_unit; Audit_mean_once; pool_resources_N_sum_except_wall,all,all,9,9,0,3,3,3,0.4612506937506938,0.4612506937506938,0.4612506937506938,9,9,0,3,3,3,True,0.18953906270635698
deepseek-v4-flash-0731,poolact,tuning,cost_tight,naive,4,protocol_failure_rate,fraction,,planned_analysis_unit; Audit_mean_once; pool_resources_N_sum_except_wall,family,nasbench101,9,9,0,3,3,3,0.4612506937506938,0.4612506937506938,0.4612506937506938,9,9,0,3,3,3,True,0.18953906270635698
deepseek-v4-flash-0731,poolact,tuning,cost_tight,naive,4,protocol_failure_rate,fraction,,planned_analysis_unit; Audit_mean_once; pool_resources_N_sum_except_wall,task,hpobench:nasbench101:A,3,3,0,1,1,1,0.40470085470085476,0.40470085470085476,0.40470085470085476,3,3,0,3,3,3,True,0.17632905356292444
deepseek-v4-flash-0731,poolact,tuning,cost_tight,naive,4,protocol_failure_rate,fraction,,planned_analysis_unit; Audit_mean_once; pool_resources_N_sum_except_wall,task,hpobench:nasbench101:B,3,3,0,1,1,1,0.3244047619047619,0.3244047619047619,0.3244047619047619,3,3,0,3,3,3,True,0.1598023066507
deepseek-v4-flash-0731,poolact,tuning,cost_tight,naive,4,protocol_failure_rate,fraction,,planned_analysis_unit; Audit_mean_once; pool_resources_N_sum_except_wall,task,hpobench:nasbench101:C,3,3,0,1,1,1,0.6546464646464646,0.6546464646464646,0.6546464646464646,3,3,0,3,3,3,True,0.3048913057059383
deepseek-v4-flash-0731,poolact,tuning,cost_tight,naive,4,raw_perf_bon,fraction,True,planned_analysis_unit; Audit_mean_once; pool_resources_N_sum_except_wall,all,all,9,2,7,3,2,0,,0.8812600076198578,0.8812600076198578,9,2,7,3,3,3,True,
deepseek-v4-flash-0731,poolact,tuning,cost_tight,naive,4,raw_perf_bon,fraction,True,planned_analysis_unit; Audit_mean_once; pool_resources_N_sum_except_wall,family,nasbench101,9,2,7,3,2,0,,0.8812600076198578,0.8812600076198578,9,2,7,3,3,3,True,
deepseek-v4-flash-0731,poolact,tuning,cost_tight,naive,4,raw_perf_bon,fraction,True,planned_analysis_unit; Audit_mean_once; pool_resources_N_sum_except_wall,task,hpobench:nasbench101:A,3,1,2,1,1,0,,0.845886747042338,0.845886747042338,3,1,2,3,3,3,True,
deepseek-v4-flash-0731,poolact,tuning,cost_tight,naive,4,raw_perf_bon,fraction,True,planned_analysis_unit; Audit_mean_once; pool_resources_N_sum_except_wall,task,hpobench:nasbench101:B,3,1,2,1,1,0,,0.9166332681973776,0.9166332681973776,3,1,2,3,3,3,True,
deepseek-v4-flash-0731,poolact,tuning,cost_tight,naive,4,raw_perf_bon,fraction,True,planned_analysis_unit; Audit_mean_once; pool_resources_N_sum_except_wall,task,hpobench:nasbench101:C,3,0,3,1,0,0,,,,3,0,3,3,3,3,True,
deepseek-v4-flash-0731,poolact,tuning,cost_tight,naive,4,raw_perf_mi,fraction,True,planned_analysis_unit; Audit_mean_once; pool_resources_N_sum_except_wall,all,all,9,2,7,3,2,0,,0.6176256984472275,0.6176256984472275,9,2,7,3,3,3,True,
deepseek-v4-flash-0731,poolact,tuning,cost_tight,naive,4,raw_perf_mi,fraction,True,planned_analysis_unit; Audit_mean_once; pool_resources_N_sum_except_wall,family,nasbench101,9,2,7,3,2,0,,0.6176256984472275,0.6176256984472275,9,2,7,3,3,3,True,
deepseek-v4-flash-0731,poolact,tuning,cost_tight,naive,4,raw_perf_mi,fraction,True,planned_analysis_unit; Audit_mean_once; pool_resources_N_sum_except_wall,task,hpobench:nasbench101:A,3,1,2,1,1,0,,0.3708433508872986,0.3708433508872986,3,1,2,3,3,3,True,
deepseek-v4-flash-0731,poolact,tuning,cost_tight,naive,4,raw_perf_mi,fraction,True,planned_analysis_unit; Audit_mean_once; pool_resources_N_sum_except_wall,task,hpobench:nasbench101:B,3,1,2,1,1,0,,0.8644080460071564,0.8644080460071564,3,1,2,3,3,3,True,
deepseek-v4-flash-0731,poolact,tuning,cost_tight,naive,4,raw_perf_mi,fraction,True,planned_analysis_unit; Audit_mean_once; pool_resources_N_sum_except_wall,task,hpobench:nasbench101:C,3,0,3,1,0,0,,,,3,0,3,3,3,3,True,
deepseek-v4-flash-0731,poolact,tuning,cost_tight,naive,4,wall_time_seconds,seconds,,planned_analysis_unit; Audit_mean_once; pool_resources_N_sum_except_wall,all,all,9,0,9,3,0,0,,,,9,0,9,3,3,3,True,
deepseek-v4-flash-0731,poolact,tuning,cost_tight,naive,4,wall_time_seconds,seconds,,planned_analysis_unit; Audit_mean_once; pool_resources_N_sum_except_wall,family,nasbench101,9,0,9,3,0,0,,,,9,0,9,3,3,3,True,
deepseek-v4-flash-0731,poolact,tuning,cost_tight,naive,4,wall_time_seconds,seconds,,planned_analysis_unit; Audit_mean_once; pool_resources_N_sum_except_wall,task,hpobench:nasbench101:A,3,0,3,1,0,0,,,,3,0,3,3,3,3,True,
deepseek-v4-flash-0731,poolact,tuning,cost_tight,naive,4,wall_time_seconds,seconds,,planned_analysis_unit; Audit_mean_once; pool_resources_N_sum_except_wall,task,hpobench:nasbench101:B,3,0,3,1,0,0,,,,3,0,3,3,3,3,True,
deepseek-v4-flash-0731,poolact,tuning,cost_tight,naive,4,wall_time_seconds,seconds,,planned_analysis_unit; Audit_mean_once; pool_resources_N_sum_except_wall,task,hpobench:nasbench101:C,3,0,3,1,0,0,,,,3,0,3,3,3,3,True,
deepseek-v4-flash-0731,poolact,tuning,cost_tight,poolact,4,budget_utilization,fraction,,planned_analysis_unit; Audit_mean_once; pool_resources_N_sum_except_wall,all,all,9,9,0,3,3,3,0.46346889193158586,0.46346889193158586,0.46346889193158586,9,9,0,3,3,3,True,0.2202038738373504
deepseek-v4-flash-0731,poolact,tuning,cost_tight,poolact,4,budget_utilization,fraction,,planned_analysis_unit; Audit_mean_once; pool_resources_N_sum_except_wall,family,nasbench101,9,9,0,3,3,3,0.46346889193158586,0.46346889193158586,0.46346889193158586,9,9,0,3,3,3,True,0.2202038738373504
deepseek-v4-flash-0731,poolact,tuning,cost_tight,poolact,4,budget_utilization,fraction,,planned_analysis_unit; Audit_mean_once; pool_resources_N_sum_except_wall,task,hpobench:nasbench101:A,3,3,0,1,1,1,0.559585117427858,0.559585117427858,0.559585117427858,3,3,0,3,3,3,True,0.1459928654780751
deepseek-v4-flash-0731,poolact,tuning,cost_tight,poolact,4,budget_utilization,fraction,,planned_analysis_unit; Audit_mean_once; pool_resources_N_sum_except_wall,task,hpobench:nasbench101:B,3,3,0,1,1,1,0.49679687870472594,0.49679687870472594,0.49679687870472594,3,3,0,3,3,3,True,0.2286193521312876
deepseek-v4-flash-0731,poolact,tuning,cost_tight,poolact,4,budget_utilization,fraction,,planned_analysis_unit; Audit_mean_once; pool_resources_N_sum_except_wall,task,hpobench:nasbench101:C,3,3,0,1,1,1,0.3340246796621737,0.3340246796621737,0.3340246796621737,3,3,0,3,3,3,True,0.2999026191574922
deepseek-v4-flash-0731,poolact,tuning,cost_tight,poolact,4,duplicate_action_attempts,count,,planned_analysis_unit; Audit_mean_once; pool_resources_N_sum_except_wall,all,all,9,9,0,3,3,3,0.2222222222222222,0.2222222222222222,0.2222222222222222,9,9,0,3,3,3,True,0.19245008972987523
deepseek-v4-flash-0731,poolact,tuning,cost_tight,poolact,4,duplicate_action_attempts,count,,planned_analysis_unit; Audit_mean_once; pool_resources_N_sum_except_wall,family,nasbench101,9,9,0,3,3,3,0.2222222222222222,0.2222222222222222,0.2222222222222222,9,9,0,3,3,3,True,0.19245008972987523
deepseek-v4-flash-0731,poolact,tuning,cost_tight,poolact,4,duplicate_action_attempts,count,,planned_analysis_unit; Audit_mean_once; pool_resources_N_sum_except_wall,task,hpobench:nasbench101:A,3,3,0,1,1,1,0.6666666666666666,0.6666666666666666,0.6666666666666666,3,3,0,3,3,3,True,0.5773502691896257
deepseek-v4-flash-0731,poolact,tuning,cost_tight,poolact,4,duplicate_action_attempts,count,,planned_analysis_unit; Audit_mean_once; pool_resources_N_sum_except_wall,task,hpobench:nasbench101:B,3,3,0,1,1,1,0.0,0.0,0.0,3,3,0,3,3,3,True,0.0
deepseek-v4-flash-0731,poolact,tuning,cost_tight,poolact,4,duplicate_action_attempts,count,,planned_analysis_unit; Audit_mean_once; pool_resources_N_sum_except_wall,task,hpobench:nasbench101:C,3,3,0,1,1,1,0.0,0.0,0.0,3,3,0,3,3,3,True,0.0
deepseek-v4-flash-0731,poolact,tuning,cost_tight,poolact,4,feedback_attempts,count,,planned_analysis_unit; Audit_mean_once; pool_resources_N_sum_except_wall,all,all,9,9,0,3,3,3,6.777777777777779,6.777777777777779,6.777777777777779,9,9,0,3,3,3,True,3.4210676262979227
deepseek-v4-flash-0731,poolact,tuning,cost_tight,poolact,4,feedback_attempts,count,,planned_analysis_unit; Audit_mean_once; pool_resources_N_sum_except_wall,family,nasbench101,9,9,0,3,3,3,6.777777777777779,6.777777777777779,6.777777777777779,9,9,0,3,3,3,True,3.4210676262979227
deepseek-v4-flash-0731,poolact,tuning,cost_tight,poolact,4,feedback_attempts,count,,planned_analysis_unit; Audit_mean_once; pool_resources_N_sum_except_wall,task,hpobench:nasbench101:A,3,3,0,1,1,1,5.666666666666667,5.666666666666667,5.666666666666667,3,3,0,3,3,3,True,1.5275252316519468
deepseek-v4-flash-0731,poolact,tuning,cost_tight,poolact,4,feedback_attempts,count,,planned_analysis_unit; Audit_mean_once; pool_resources_N_sum_except_wall,task,hpobench:nasbench101:B,3,3,0,1,1,1,7.0,7.0,7.0,3,3,0,3,3,3,True,4.58257569495584
deepseek-v4-flash-0731,poolact,tuning,cost_tight,poolact,4,feedback_attempts,count,,planned_analysis_unit; Audit_mean_once; pool_resources_N_sum_except_wall,task,hpobench:nasbench101:C,3,3,0,1,1,1,7.666666666666667,7.666666666666667,7.666666666666667,3,3,0,3,3,3,True,4.932882862316247
deepseek-v4-flash-0731,poolact,tuning,cost_tight,poolact,4,feedback_cost_seconds,seconds,,planned_analysis_unit; Audit_mean_once; pool_resources_N_sum_except_wall,all,all,9,9,0,3,3,3,46509.28344048394,46509.28344048394,46509.28344048394,9,9,0,3,3,3,True,25388.902456078617
deepseek-v4-flash-0731,poolact,tuning,cost_tight,poolact,4,feedback_cost_seconds,seconds,,planned_analysis_unit; Audit_mean_once; pool_resources_N_sum_except_wall,family,nasbench101,9,9,0,3,3,3,46509.28344048394,46509.28344048394,46509.28344048394,9,9,0,3,3,3,True,25388.902456078617
deepseek-v4-flash-0731,poolact,tuning,cost_tight,poolact,4,feedback_cost_seconds,seconds,,planned_analysis_unit; Audit_mean_once; pool_resources_N_sum_except_wall,task,hpobench:nasbench101:A,3,3,0,1,1,1,33200.08719889323,33200.08719889323,33200.08719889323,3,3,0,3,3,3,True,8661.731188576967
deepseek-v4-flash-0731,poolact,tuning,cost_tight,poolact,4,feedback_cost_seconds,seconds,,planned_analysis_unit; Audit_mean_once; pool_resources_N_sum_except_wall,task,hpobench:nasbench101:B,3,3,0,1,1,1,61419.361979166664,61419.361979166664,61419.361979166664,3,3,0,3,3,3,True,28264.377949805636
deepseek-v4-flash-0731,poolact,tuning,cost_tight,poolact,4,feedback_cost_seconds,seconds,,planned_analysis_unit; Audit_mean_once; pool_resources_N_sum_except_wall,task,hpobench:nasbench101:C,3,3,0,1,1,1,44908.40114339193,44908.40114339193,44908.40114339193,3,3,0,3,3,3,True,40320.81443413101
deepseek-v4-flash-0731,poolact,tuning,cost_tight,poolact,4,feedback_visible,count,,planned_analysis_unit; Audit_mean_once; pool_resources_N_sum_except_wall,all,all,9,0,9,3,0,0,,,,9,0,9,3,3,3,True,
deepseek-v4-flash-0731,poolact,tuning,cost_tight,poolact,4,feedback_visible,count,,planned_analysis_unit; Audit_mean_once; pool_resources_N_sum_except_wall,family,nasbench101,9,0,9,3,0,0,,,,9,0,9,3,3,3,True,
deepseek-v4-flash-0731,poolact,tuning,cost_tight,poolact,4,feedback_visible,count,,planned_analysis_unit; Audit_mean_once; pool_resources_N_sum_except_wall,task,hpobench:nasbench101:A,3,0,3,1,0,0,,,,3,0,3,3,3,3,True,
deepseek-v4-flash-0731,poolact,tuning,cost_tight,poolact,4,feedback_visible,count,,planned_analysis_unit; Audit_mean_once; pool_resources_N_sum_except_wall,task,hpobench:nasbench101:B,3,0,3,1,0,0,,,,3,0,3,3,3,3,True,
deepseek-v4-flash-0731,poolact,tuning,cost_tight,poolact,4,feedback_visible,count,,planned_analysis_unit; Audit_mean_once; pool_resources_N_sum_except_wall,task,hpobench:nasbench101:C,3,0,3,1,0,0,,,,3,0,3,3,3,3,True,
deepseek-v4-flash-0731,poolact,tuning,cost_tight,poolact,4,gap_bon,Gap points,True,planned_analysis_unit; Audit_mean_once; pool_resources_N_sum_except_wall,all,all,9,2,7,3,2,0,,85.19154696801286,85.19154696801286,9,2,7,3,3,3,True,
deepseek-v4-flash-0731,poolact,tuning,cost_tight,poolact,4,gap_bon,Gap points,True,planned_analysis_unit; Audit_mean_once; pool_resources_N_sum_except_wall,family,nasbench101,9,2,7,3,2,0,,85.19154696801286,85.19154696801286,9,2,7,3,3,3,True,
deepseek-v4-flash-0731,poolact,tuning,cost_tight,poolact,4,gap_bon,Gap points,True,planned_analysis_unit; Audit_mean_once; pool_resources_N_sum_except_wall,task,hpobench:nasbench101:A,3,1,2,1,1,0,,87.37510476774617,87.37510476774617,3,1,2,3,3,3,True,
deepseek-v4-flash-0731,poolact,tuning,cost_tight,poolact,4,gap_bon,Gap points,True,planned_analysis_unit; Audit_mean_once; pool_resources_N_sum_except_wall,task,hpobench:nasbench101:B,3,1,2,1,1,0,,83.00798916827955,83.00798916827955,3,1,2,3,3,3,True,
deepseek-v4-flash-0731,poolact,tuning,cost_tight,poolact,4,gap_bon,Gap points,True,planned_analysis_unit; Audit_mean_once; pool_resources_N_sum_except_wall,task,hpobench:nasbench101:C,3,0,3,1,0,0,,,,3,0,3,3,3,3,True,
deepseek-v4-flash-0731,poolact,tuning,cost_tight,poolact,4,gap_mi,Gap points,True,planned_analysis_unit; Audit_mean_once; pool_resources_N_sum_except_wall,all,all,9,2,7,3,2,0,,71.46560138645026,71.46560138645026,9,2,7,3,3,3,True,
deepseek-v4-flash-0731,poolact,tuning,cost_tight,poolact,4,gap_mi,Gap points,True,planned_analysis_unit; Audit_mean_once; pool_resources_N_sum_except_wall,family,nasbench101,9,2,7,3,2,0,,71.46560138645026,71.46560138645026,9,2,7,3,3,3,True,
deepseek-v4-flash-0731,poolact,tuning,cost_tight,poolact,4,gap_mi,Gap points,True,planned_analysis_unit; Audit_mean_once; pool_resources_N_sum_except_wall,task,hpobench:nasbench101:A,3,1,2,1,1,0,,67.42681996474809,67.42681996474809,3,1,2,3,3,3,True,
deepseek-v4-flash-0731,poolact,tuning,cost_tight,poolact,4,gap_mi,Gap points,True,planned_analysis_unit; Audit_mean_once; pool_resources_N_sum_except_wall,task,hpobench:nasbench101:B,3,1,2,1,1,0,,75.50438280815243,75.50438280815243,3,1,2,3,3,3,True,
deepseek-v4-flash-0731,poolact,tuning,cost_tight,poolact,4,gap_mi,Gap points,True,planned_analysis_unit; Audit_mean_once; pool_resources_N_sum_except_wall,task,hpobench:nasbench101:C,3,0,3,1,0,0,,,,3,0,3,3,3,3,True,
deepseek-v4-flash-0731,poolact,tuning,cost_tight,poolact,4,input_tokens,tokens,,planned_analysis_unit; Audit_mean_once; pool_resources_N_sum_except_wall,all,all,9,9,0,3,3,3,238965.88888888888,238965.88888888888,238965.88888888888,9,9,0,3,3,3,True,130182.08718617224
deepseek-v4-flash-0731,poolact,tuning,cost_tight,poolact,4,input_tokens,tokens,,planned_analysis_unit; Audit_mean_once; pool_resources_N_sum_except_wall,family,nasbench101,9,9,0,3,3,3,238965.88888888888,238965.88888888888,238965.88888888888,9,9,0,3,3,3,True,130182.08718617224
deepseek-v4-flash-0731,poolact,tuning,cost_tight,poolact,4,input_tokens,tokens,,planned_analysis_unit; Audit_mean_once; pool_resources_N_sum_except_wall,task,hpobench:nasbench101:A,3,3,0,1,1,1,247889.33333333334,247889.33333333334,247889.33333333334,3,3,0,3,3,3,True,225673.5683378391
deepseek-v4-flash-0731,poolact,tuning,cost_tight,poolact,4,input_tokens,tokens,,planned_analysis_unit; Audit_mean_once; pool_resources_N_sum_except_wall,task,hpobench:nasbench101:B,3,3,0,1,1,1,216199.66666666666,216199.66666666666,216199.66666666666,3,3,0,3,3,3,True,164757.81485663535
deepseek-v4-flash-0731,poolact,tuning,cost_tight,poolact,4,input_tokens,tokens,,planned_analysis_unit; Audit_mean_once; pool_resources_N_sum_except_wall,task,hpobench:nasbench101:C,3,3,0,1,1,1,252808.66666666666,252808.66666666666,252808.66666666666,3,3,0,3,3,3,True,50498.20299112963
deepseek-v4-flash-0731,poolact,tuning,cost_tight,poolact,4,output_tokens,tokens,,planned_analysis_unit; Audit_mean_once; pool_resources_N_sum_except_wall,all,all,9,9,0,3,3,3,89996.33333333333,89996.33333333333,89996.33333333333,9,9,0,3,3,3,True,31485.410983148653
deepseek-v4-flash-0731,poolact,tuning,cost_tight,poolact,4,output_tokens,tokens,,planned_analysis_unit; Audit_mean_once; pool_resources_N_sum_except_wall,family,nasbench101,9,9,0,3,3,3,89996.33333333333,89996.33333333333,89996.33333333333,9,9,0,3,3,3,True,31485.410983148653
deepseek-v4-flash-0731,poolact,tuning,cost_tight,poolact,4,output_tokens,tokens,,planned_analysis_unit; Audit_mean_once; pool_resources_N_sum_except_wall,task,hpobench:nasbench101:A,3,3,0,1,1,1,97419.0,97419.0,97419.0,3,3,0,3,3,3,True,107027.96404211377
deepseek-v4-flash-0731,poolact,tuning,cost_tight,poolact,4,output_tokens,tokens,,planned_analysis_unit; Audit_mean_once; pool_resources_N_sum_except_wall,task,hpobench:nasbench101:B,3,3,0,1,1,1,56994.333333333336,56994.333333333336,56994.333333333336,3,3,0,3,3,3,True,24110.566404241385
deepseek-v4-flash-0731,poolact,tuning,cost_tight,poolact,4,output_tokens,tokens,,planned_analysis_unit; Audit_mean_once; pool_resources_N_sum_except_wall,task,hpobench:nasbench101:C,3,3,0,1,1,1,115575.66666666667,115575.66666666667,115575.66666666667,3,3,0,3,3,3,True,88984.21958040276
deepseek-v4-flash-0731,poolact,tuning,cost_tight,poolact,4,protocol_failure_rate,fraction,,planned_analysis_unit; Audit_mean_once; pool_resources_N_sum_except_wall,all,all,9,9,0,3,3,3,0.4650278642925702,0.4650278642925702,0.4650278642925702,9,9,0,3,3,3,True,0.12678693818520045
deepseek-v4-flash-0731,poolact,tuning,cost_tight,poolact,4,protocol_failure_rate,fraction,,planned_analysis_unit; Audit_mean_once; pool_resources_N_sum_except_wall,family,nasbench101,9,9,0,3,3,3,0.4650278642925702,0.4650278642925702,0.4650278642925702,9,9,0,3,3,3,True,0.12678693818520045
deepseek-v4-flash-0731,poolact,tuning,cost_tight,poolact,4,protocol_failure_rate,fraction,,planned_analysis_unit; Audit_mean_once; pool_resources_N_sum_except_wall,task,hpobench:nasbench101:A,3,3,0,1,1,1,0.4780228758169935,0.4780228758169935,0.4780228758169935,3,3,0,3,3,3,True,0.14595178360861666
deepseek-v4-flash-0731,poolact,tuning,cost_tight,poolact,4,protocol_failure_rate,fraction,,planned_analysis_unit; Audit_mean_once; pool_resources_N_sum_except_wall,task,hpobench:nasbench101:B,3,3,0,1,1,1,0.41645021645021646,0.41645021645021646,0.41645021645021646,3,3,0,3,3,3,True,0.1636638470701544
deepseek-v4-flash-0731,poolact,tuning,cost_tight,poolact,4,protocol_failure_rate,fraction,,planned_analysis_unit; Audit_mean_once; pool_resources_N_sum_except_wall,task,hpobench:nasbench101:C,3,3,0,1,1,1,0.5006105006105006,0.5006105006105006,0.5006105006105006,3,3,0,3,3,3,True,0.16771330717172886
deepseek-v4-flash-0731,poolact,tuning,cost_tight,poolact,4,raw_perf_bon,fraction,True,planned_analysis_unit; Audit_mean_once; pool_resources_N_sum_except_wall,all,all,9,2,7,3,2,0,,0.8814603388309479,0.8814603388309479,9,2,7,3,3,3,True,
deepseek-v4-flash-0731,poolact,tuning,cost_tight,poolact,4,raw_perf_bon,fraction,True,planned_analysis_unit; Audit_mean_once; pool_resources_N_sum_except_wall,family,nasbench101,9,2,7,3,2,0,,0.8814603388309479,0.8814603388309479,9,2,7,3,3,3,True,
deepseek-v4-flash-0731,poolact,tuning,cost_tight,poolact,4,raw_perf_bon,fraction,True,planned_analysis_unit; Audit_mean_once; pool_resources_N_sum_except_wall,task,hpobench:nasbench101:A,3,1,2,1,1,0,,0.8572716315587362,0.8572716315587362,3,1,2,3,3,3,True,
deepseek-v4-flash-0731,poolact,tuning,cost_tight,poolact,4,raw_perf_bon,fraction,True,planned_analysis_unit; Audit_mean_once; pool_resources_N_sum_except_wall,task,hpobench:nasbench101:B,3,1,2,1,1,0,,0.9056490461031595,0.9056490461031595,3,1,2,3,3,3,True,
deepseek-v4-flash-0731,poolact,tuning,cost_tight,poolact,4,raw_perf_bon,fraction,True,planned_analysis_unit; Audit_mean_once; pool_resources_N_sum_except_wall,task,hpobench:nasbench101:C,3,0,3,1,0,0,,,,3,0,3,3,3,3,True,
deepseek-v4-flash-0731,poolact,tuning,cost_tight,poolact,4,raw_perf_mi,fraction,True,planned_analysis_unit; Audit_mean_once; pool_resources_N_sum_except_wall,all,all,9,2,7,3,2,0,,0.8017369459072748,0.8017369459072748,9,2,7,3,3,3,True,
deepseek-v4-flash-0731,poolact,tuning,cost_tight,poolact,4,raw_perf_mi,fraction,True,planned_analysis_unit; Audit_mean_once; pool_resources_N_sum_except_wall,family,nasbench101,9,2,7,3,2,0,,0.8017369459072748,0.8017369459072748,9,2,7,3,3,3,True,
deepseek-v4-flash-0731,poolact,tuning,cost_tight,poolact,4,raw_perf_mi,fraction,True,planned_analysis_unit; Audit_mean_once; pool_resources_N_sum_except_wall,task,hpobench:nasbench101:A,3,1,2,1,1,0,,0.7169471134742101,0.7169471134742101,3,1,2,3,3,3,True,
deepseek-v4-flash-0731,poolact,tuning,cost_tight,poolact,4,raw_perf_mi,fraction,True,planned_analysis_unit; Audit_mean_once; pool_resources_N_sum_except_wall,task,hpobench:nasbench101:B,3,1,2,1,1,0,,0.8865267783403395,0.8865267783403395,3,1,2,3,3,3,True,
deepseek-v4-flash-0731,poolact,tuning,cost_tight,poolact,4,raw_perf_mi,fraction,True,planned_analysis_unit; Audit_mean_once; pool_resources_N_sum_except_wall,task,hpobench:nasbench101:C,3,0,3,1,0,0,,,,3,0,3,3,3,3,True,
deepseek-v4-flash-0731,poolact,tuning,cost_tight,poolact,4,wall_time_seconds,seconds,,planned_analysis_unit; Audit_mean_once; pool_resources_N_sum_except_wall,all,all,9,0,9,3,0,0,,,,9,0,9,3,3,3,True,
deepseek-v4-flash-0731,poolact,tuning,cost_tight,poolact,4,wall_time_seconds,seconds,,planned_analysis_unit; Audit_mean_once; pool_resources_N_sum_except_wall,family,nasbench101,9,0,9,3,0,0,,,,9,0,9,3,3,3,True,
deepseek-v4-flash-0731,poolact,tuning,cost_tight,poolact,4,wall_time_seconds,seconds,,planned_analysis_unit; Audit_mean_once; pool_resources_N_sum_except_wall,task,hpobench:nasbench101:A,3,0,3,1,0,0,,,,3,0,3,3,3,3,True,
deepseek-v4-flash-0731,poolact,tuning,cost_tight,poolact,4,wall_time_seconds,seconds,,planned_analysis_unit; Audit_mean_once; pool_resources_N_sum_except_wall,task,hpobench:nasbench101:B,3,0,3,1,0,0,,,,3,0,3,3,3,3,True,
deepseek-v4-flash-0731,poolact,tuning,cost_tight,poolact,4,wall_time_seconds,seconds,,planned_analysis_unit; Audit_mean_once; pool_resources_N_sum_except_wall,task,hpobench:nasbench101:C,3,0,3,1,0,0,,,,3,0,3,3,3,3,True,
