comparison,model,system,scenario,slice_kind,slice,metric,unit,N,regime,analysis_unit,report_scale,report_score_unit,report_delta_unit,complete,free_full_mean,free_expected_units,free_known_units,free_missing_units,free_absolute_record,free_cohort_id,moderate_full_mean,moderate_expected_units,moderate_known_units,moderate_missing_units,moderate_absolute_record,moderate_cohort_id,tight_full_mean,tight_expected_units,tight_known_units,tight_missing_units,tight_absolute_record,tight_cohort_id,naive_full_mean,naive_expected_units,naive_known_units,naive_missing_units,naive_absolute_record,naive_cohort_id,cached_full_mean,cached_expected_units,cached_known_units,cached_missing_units,cached_absolute_record,cached_cohort_id,poolact_full_mean,poolact_expected_units,poolact_known_units,poolact_missing_units,poolact_absolute_record,poolact_cohort_id,moderate_minus_free,tight_minus_free,tight_minus_moderate,cached_minus_naive,poolact_minus_naive,poolact_minus_cached
N1_budget,deepseek-v4-flash-0731,expgym,evidence_audit,all,all,evidence_acc,fraction,1,,document_mean_3_fixed_orders,100,0–100,percentage_points,true,0.6395173453996983,13,13,0,1,deepseek_original,0.5867269984917044,13,13,0,3,deepseek_original,0.47511312217194573,13,13,0,5,deepseek_original,,,,,,,,,,,,,,,,,,,-0.0527903469079939,-0.16440422322775257,-0.11161387631975867,,,
N1_budget,deepseek-v4-flash-0731,expgym,evidence_audit,all,all,label_acc,fraction,1,,document_mean_3_fixed_orders,100,0–100,percentage_points,true,0.6681749622926093,13,13,0,2,deepseek_original,0.7556561085972852,13,13,0,4,deepseek_original,0.702865761689291,13,13,0,6,deepseek_original,,,,,,,,,,,,,,,,,,,0.0874811463046759,0.0346907993966817,-0.0527903469079942,,,
N1_budget,deepseek-v4-flash-0731,expgym,evidence_audit,family,evidence_audit,evidence_acc,fraction,1,,document_mean_3_fixed_orders,100,0–100,percentage_points,true,0.6395173453996983,13,13,0,7,deepseek_original,0.5867269984917044,13,13,0,9,deepseek_original,0.47511312217194573,13,13,0,11,deepseek_original,,,,,,,,,,,,,,,,,,,-0.0527903469079939,-0.16440422322775257,-0.11161387631975867,,,
N1_budget,deepseek-v4-flash-0731,expgym,evidence_audit,family,evidence_audit,label_acc,fraction,1,,document_mean_3_fixed_orders,100,0–100,percentage_points,true,0.6681749622926093,13,13,0,8,deepseek_original,0.7556561085972852,13,13,0,10,deepseek_original,0.702865761689291,13,13,0,12,deepseek_original,,,,,,,,,,,,,,,,,,,0.0874811463046759,0.0346907993966817,-0.0527903469079942,,,
N1_budget,deepseek-v4-flash-0731,expgym,restricted_search,all,all,f1,fraction,1,,single_trace,100,0–100,percentage_points,true,0.4381339584401631,73,73,0,13,deepseek_original,0.42111672909416664,73,73,0,14,deepseek_original,0.16918418675066538,73,73,0,15,deepseek_original,,,,,,,,,,,,,,,,,,,-0.01701722934599646,-0.26894977168949772,-0.25193254234350126,,,
N1_budget,deepseek-v4-flash-0731,expgym,restricted_search,family,whatis,f1,fraction,1,,single_trace,100,0–100,percentage_points,true,0.36907308377896614,34,34,0,16,deepseek_original,0.33351648351648355,34,34,0,17,deepseek_original,0.15926916221033868,34,34,0,18,deepseek_original,,,,,,,,,,,,,,,,,,,-0.03555660026248259,-0.20980392156862746,-0.17424732130614487,,,
N1_budget,deepseek-v4-flash-0731,expgym,restricted_search,family,whois,f1,fraction,1,,single_trace,100,0–100,percentage_points,true,0.498340874811463,39,39,0,19,deepseek_original,0.4974861739567622,39,39,0,20,deepseek_original,0.17782805429864254,39,39,0,21,deepseek_original,,,,,,,,,,,,,,,,,,,-0.0008547008547008,-0.32051282051282046,-0.31965811965811966,,,
N1_budget,deepseek-v4-flash-0731,expgym,tuning,all,all,gap,Gap points,1,,single_trace,1,Gap points,Gap points,false,,27,20,7,22,deepseek_original,,27,25,2,25,deepseek_original,,27,25,2,28,deepseek_original,,,,,,,,,,,,,,,,,,,,,,,,
N1_budget,deepseek-v4-flash-0731,expgym,tuning,all,all,gap0,Gap points,1,,single_trace,1,Gap points,Gap points,true,61.093958124966825,27,27,0,23,deepseek_original,74.01985210220249,27,27,0,26,deepseek_original,75.80946916471585,27,27,0,29,deepseek_original,,,,,,,,,,,,,,,,,,,12.925893977235665,14.715511039749025,1.78961706251336,,,
N1_budget,deepseek-v4-flash-0731,expgym,tuning,all,all,raw_perf,fraction,1,,single_trace,100,0–100,percentage_points,false,,27,20,7,24,deepseek_original,,27,25,2,27,deepseek_original,,27,25,2,30,deepseek_original,,,,,,,,,,,,,,,,,,,,,,,,
N1_budget,deepseek-v4-flash-0731,expgym,tuning,family,nasbench101,gap,Gap points,1,,single_trace,1,Gap points,Gap points,false,,9,7,2,31,deepseek_original,71.8771348220569,9,9,0,34,deepseek_original,86.86435133846594,9,9,0,37,deepseek_original,,,,,,,,,,,,,,,,,,,,,14.98721651640904,,,
N1_budget,deepseek-v4-flash-0731,expgym,tuning,family,nasbench101,gap0,Gap points,1,,single_trace,1,Gap points,Gap points,true,60.10277211076796,9,9,0,32,deepseek_original,71.87713482205692,9,9,0,35,deepseek_original,86.86435133846592,9,9,0,38,deepseek_original,,,,,,,,,,,,,,,,,,,11.77436271128896,26.76157922769796,14.98721651640900,,,
N1_budget,deepseek-v4-flash-0731,expgym,tuning,family,nasbench101,raw_perf,fraction,1,,single_trace,100,0–100,percentage_points,false,,9,7,2,33,deepseek_original,0.7111081414752536,9,9,0,36,deepseek_original,0.8834097473709671,9,9,0,39,deepseek_original,,,,,,,,,,,,,,,,,,,,,0.1723016058957135,,,
N1_budget,deepseek-v4-flash-0731,expgym,tuning,family,nasbench201,gap,Gap points,1,,single_trace,1,Gap points,Gap points,false,,9,8,1,40,deepseek_original,,9,8,1,43,deepseek_original,76.62120124792725,9,9,0,46,deepseek_original,,,,,,,,,,,,,,,,,,,,,,,,
N1_budget,deepseek-v4-flash-0731,expgym,tuning,family,nasbench201,gap0,Gap points,1,,single_trace,1,Gap points,Gap points,true,81.62031675161019,9,9,0,41,deepseek_original,79.34404615956372,9,9,0,44,deepseek_original,76.62120124792725,9,9,0,47,deepseek_original,,,,,,,,,,,,,,,,,,,-2.27627059204647,-4.99911550368294,-2.72284491163647,,,
N1_budget,deepseek-v4-flash-0731,expgym,tuning,family,nasbench201,raw_perf,fraction,1,,single_trace,100,0–100,percentage_points,false,,9,8,1,42,deepseek_original,,9,8,1,45,deepseek_original,0.6790437036150897,9,9,0,48,deepseek_original,,,,,,,,,,,,,,,,,,,,,,,,
N1_budget,deepseek-v4-flash-0731,expgym,tuning,family,paramnet,gap,Gap points,1,,single_trace,1,Gap points,Gap points,false,,9,5,4,49,deepseek_original,,9,8,1,52,deepseek_original,,9,7,2,55,deepseek_original,,,,,,,,,,,,,,,,,,,,,,,,
N1_budget,deepseek-v4-flash-0731,expgym,tuning,family,paramnet,gap0,Gap points,1,,single_trace,1,Gap points,Gap points,true,41.55878551252233,9,9,0,50,deepseek_original,70.83837532498686,9,9,0,53,deepseek_original,63.942854907754366,9,9,0,56,deepseek_original,,,,,,,,,,,,,,,,,,,29.27958981246453,22.384069395232036,-6.895520417232494,,,
N1_budget,deepseek-v4-flash-0731,expgym,tuning,family,paramnet,raw_perf,fraction,1,,single_trace,100,0–100,percentage_points,false,,9,5,4,51,deepseek_original,,9,8,1,54,deepseek_original,,9,7,2,57,deepseek_original,,,,,,,,,,,,,,,,,,,,,,,,
N1_budget,deepseek-v4-flash-0731,expgym,tuning,task,hpobench:nasbench101:A,gap,Gap points,1,,single_trace,1,Gap points,Gap points,false,,3,2,1,58,deepseek_original,64.14010650417727,3,3,0,60,deepseek_original,90.12157318441591,3,3,0,62,deepseek_original,,,,,,,,,,,,,,,,,,,,,25.98146668023864,,,
N1_budget,deepseek-v4-flash-0731,expgym,tuning,task,hpobench:nasbench101:A,raw_perf,fraction,1,,single_trace,100,0–100,percentage_points,false,,3,2,1,59,deepseek_original,0.6129473845163981,3,3,0,61,deepseek_original,0.8765914307700262,3,3,0,63,deepseek_original,,,,,,,,,,,,,,,,,,,,,0.2636440462536281,,,
N1_budget,deepseek-v4-flash-0731,expgym,tuning,task,hpobench:nasbench101:B,gap,Gap points,1,,single_trace,1,Gap points,Gap points,true,86.80291150450755,3,3,0,64,deepseek_original,57.66626811847442,3,3,0,66,deepseek_original,85.17838770491902,3,3,0,68,deepseek_original,,,,,,,,,,,,,,,,,,,-29.13664338603313,-1.62452379958853,27.51211958644460,,,
N1_budget,deepseek-v4-flash-0731,expgym,tuning,task,hpobench:nasbench101:B,raw_perf,fraction,1,,single_trace,100,0–100,percentage_points,true,0.9153200652864243,3,3,0,65,deepseek_original,0.6096977326605054,3,3,0,67,deepseek_original,0.9111801120969983,3,3,0,69,deepseek_original,,,,,,,,,,,,,,,,,,,-0.3056223326259189,-0.0041399531894260,0.3014823794364929,,,
N1_budget,deepseek-v4-flash-0731,expgym,tuning,task,hpobench:nasbench101:C,gap,Gap points,1,,single_trace,1,Gap points,Gap points,false,,3,2,1,70,deepseek_original,93.82502984351903,3,3,0,72,deepseek_original,85.29309312606287,3,3,0,74,deepseek_original,,,,,,,,,,,,,,,,,,,,,-8.53193671745616,,,
N1_budget,deepseek-v4-flash-0731,expgym,tuning,task,hpobench:nasbench101:C,raw_perf,fraction,1,,single_trace,100,0–100,percentage_points,false,,3,2,1,71,deepseek_original,0.9106793072488574,3,3,0,73,deepseek_original,0.8624576992458767,3,3,0,75,deepseek_original,,,,,,,,,,,,,,,,,,,,,-0.0482216080029807,,,
N1_budget,deepseek-v4-flash-0731,expgym,tuning,task,hpobench:nasbench201:cifar10-valid,gap,Gap points,1,,single_trace,1,Gap points,Gap points,false,,3,2,1,76,deepseek_original,86.13064311457704,3,3,0,78,deepseek_original,82.31154476532424,3,3,0,80,deepseek_original,,,,,,,,,,,,,,,,,,,,,-3.81909834925280,,,
N1_budget,deepseek-v4-flash-0731,expgym,tuning,task,hpobench:nasbench201:cifar10-valid,raw_perf,fraction,1,,single_trace,100,0–100,percentage_points,false,,3,2,1,77,deepseek_original,0.9050266665771485,3,3,0,79,deepseek_original,0.9019866665364583,3,3,0,81,deepseek_original,,,,,,,,,,,,,,,,,,,,,-0.0030400000406902,,,
N1_budget,deepseek-v4-flash-0731,expgym,tuning,task,hpobench:nasbench201:cifar100,gap,Gap points,1,,single_trace,1,Gap points,Gap points,true,94.24854359018077,3,3,0,82,deepseek_original,87.91466121481024,3,3,0,84,deepseek_original,90.99059834537809,3,3,0,86,deepseek_original,,,,,,,,,,,,,,,,,,,-6.33388237537053,-3.25794524480268,3.07593713056785,,,
N1_budget,deepseek-v4-flash-0731,expgym,tuning,task,hpobench:nasbench201:cifar100,raw_perf,fraction,1,,single_trace,100,0–100,percentage_points,true,0.728011111111111,3,3,0,83,deepseek_original,0.7202777777777779,3,3,0,85,deepseek_original,0.7240333333333333,3,3,0,87,deepseek_original,,,,,,,,,,,,,,,,,,,-0.0077333333333331,-0.0039777777777777,0.0037555555555554,,,
N1_budget,deepseek-v4-flash-0731,expgym,tuning,task,hpobench:nasbench201:imagenet16-120,gap,Gap points,1,,single_trace,1,Gap points,Gap points,false,89.84189174287503,3,3,0,88,deepseek_original,,3,2,1,90,deepseek_original,56.5614606330794,3,3,0,92,deepseek_original,,,,,,,,,,,,,,,,,,,,-33.28043110979563,,,,
N1_budget,deepseek-v4-flash-0731,expgym,tuning,task,hpobench:nasbench201:imagenet16-120,raw_perf,fraction,1,,single_trace,100,0–100,percentage_points,false,0.4550370368787977,3,3,0,89,deepseek_original,,3,2,1,91,deepseek_original,0.4111111109754774,3,3,0,93,deepseek_original,,,,,,,,,,,,,,,,,,,,-0.0439259259033203,,,,
N1_budget,deepseek-v4-flash-0731,expgym,tuning,task,hpobench:paramnet:adult:steps,gap,Gap points,1,,single_trace,1,Gap points,Gap points,false,,3,2,1,94,deepseek_original,87.3667258799883,3,3,0,96,deepseek_original,,3,2,1,98,deepseek_original,,,,,,,,,,,,,,,,,,,,,,,,
N1_budget,deepseek-v4-flash-0731,expgym,tuning,task,hpobench:paramnet:adult:steps,raw_perf,fraction,1,,single_trace,100,0–100,percentage_points,false,,3,2,1,95,deepseek_original,0.8485277814005996,3,3,0,97,deepseek_original,,3,2,1,99,deepseek_original,,,,,,,,,,,,,,,,,,,,,,,,
N1_budget,deepseek-v4-flash-0731,expgym,tuning,task,hpobench:paramnet:higgs:steps,gap,Gap points,1,,single_trace,1,Gap points,Gap points,false,,3,2,1,100,deepseek_original,92.65792672511434,3,3,0,102,deepseek_original,,3,2,1,104,deepseek_original,,,,,,,,,,,,,,,,,,,,,,,,
N1_budget,deepseek-v4-flash-0731,expgym,tuning,task,hpobench:paramnet:higgs:steps,raw_perf,fraction,1,,single_trace,100,0–100,percentage_points,false,,3,2,1,101,deepseek_original,0.7146755900158835,3,3,0,103,deepseek_original,,3,2,1,105,deepseek_original,,,,,,,,,,,,,,,,,,,,,,,,
N1_budget,deepseek-v4-flash-0731,expgym,tuning,task,hpobench:paramnet:letter:steps,gap,Gap points,1,,single_trace,1,Gap points,Gap points,false,,3,1,2,106,deepseek_original,,3,2,1,108,deepseek_original,82.36623273655783,3,3,0,110,deepseek_original,,,,,,,,,,,,,,,,,,,,,,,,
N1_budget,deepseek-v4-flash-0731,expgym,tuning,task,hpobench:paramnet:letter:steps,raw_perf,fraction,1,,single_trace,100,0–100,percentage_points,false,,3,1,2,107,deepseek_original,,3,2,1,109,deepseek_original,0.8725614340438682,3,3,0,111,deepseek_original,,,,,,,,,,,,,,,,,,,,,,,,
N4_strategy,deepseek-v4-flash-0731,poolact,evidence_audit,all,all,evidence_acc_mi,fraction,4,cost_moderate,item_equal_weight_after_within_item_mean,100,0–100,percentage_points,true,,,,,,,,,,,,,,,,,,,0.667420814479638,13,13,0,116,deepseek_rerun_20260912,0.7126696832579186,13,13,0,112,deepseek_rerun_20260912,0.9468325791855203,13,13,0,120,deepseek_rerun_20260912,,,,0.0452488687782806,0.2794117647058823,0.2341628959276017
N4_strategy,deepseek-v4-flash-0731,poolact,evidence_audit,all,all,evidence_acc_mi,fraction,4,cost_tight,item_equal_weight_after_within_item_mean,100,0–100,percentage_points,true,,,,,,,,,,,,,,,,,,,0.6097285067873303,13,13,0,128,deepseek_rerun_20260912,0.5893665158371041,13,13,0,124,deepseek_rerun_20260912,0.7058823529411764,13,13,0,132,deepseek_rerun_20260912,,,,-0.0203619909502262,0.0961538461538461,0.1165158371040723
N4_strategy,deepseek-v4-flash-0731,poolact,evidence_audit,all,all,evidence_acc_mv,fraction,4,cost_moderate,item_equal_weight_after_within_item_mean,100,0–100,percentage_points,true,,,,,,,,,,,,,,,,,,,0.6968325791855203,13,13,0,117,deepseek_rerun_20260912,0.7239819004524887,13,13,0,113,deepseek_rerun_20260912,0.9457013574660633,13,13,0,121,deepseek_rerun_20260912,,,,0.0271493212669684,0.2488687782805430,0.2217194570135746
N4_strategy,deepseek-v4-flash-0731,poolact,evidence_audit,all,all,evidence_acc_mv,fraction,4,cost_tight,item_equal_weight_after_within_item_mean,100,0–100,percentage_points,true,,,,,,,,,,,,,,,,,,,0.6199095022624435,13,13,0,129,deepseek_rerun_20260912,0.6199095022624435,13,13,0,125,deepseek_rerun_20260912,0.7149321266968326,13,13,0,133,deepseek_rerun_20260912,,,,0E-16,0.0950226244343891,0.0950226244343891
N4_strategy,deepseek-v4-flash-0731,poolact,evidence_audit,all,all,label_acc_mi,fraction,4,cost_moderate,item_equal_weight_after_within_item_mean,100,0–100,percentage_points,true,,,,,,,,,,,,,,,,,,,0.8597285067873304,13,13,0,118,deepseek_rerun_20260912,0.8947963800904977,13,13,0,114,deepseek_rerun_20260912,0.9615384615384616,13,13,0,122,deepseek_rerun_20260912,,,,0.0350678733031673,0.1018099547511312,0.0667420814479639
N4_strategy,deepseek-v4-flash-0731,poolact,evidence_audit,all,all,label_acc_mi,fraction,4,cost_tight,item_equal_weight_after_within_item_mean,100,0–100,percentage_points,true,,,,,,,,,,,,,,,,,,,0.8687782805429864,13,13,0,130,deepseek_rerun_20260912,0.8461538461538461,13,13,0,126,deepseek_rerun_20260912,0.9072398190045249,13,13,0,134,deepseek_rerun_20260912,,,,-0.0226244343891403,0.0384615384615385,0.0610859728506788
N4_strategy,deepseek-v4-flash-0731,poolact,evidence_audit,all,all,label_acc_mv,fraction,4,cost_moderate,item_equal_weight_after_within_item_mean,100,0–100,percentage_points,true,,,,,,,,,,,,,,,,,,,0.918552036199095,13,13,0,119,deepseek_rerun_20260912,0.9321266968325792,13,13,0,115,deepseek_rerun_20260912,0.9638009049773756,13,13,0,123,deepseek_rerun_20260912,,,,0.0135746606334842,0.0452488687782806,0.0316742081447964
N4_strategy,deepseek-v4-flash-0731,poolact,evidence_audit,all,all,label_acc_mv,fraction,4,cost_tight,item_equal_weight_after_within_item_mean,100,0–100,percentage_points,true,,,,,,,,,,,,,,,,,,,0.8914027149321266,13,13,0,131,deepseek_rerun_20260912,0.8959276018099547,13,13,0,127,deepseek_rerun_20260912,0.9276018099547512,13,13,0,135,deepseek_rerun_20260912,,,,0.0045248868778281,0.0361990950226246,0.0316742081447965
N4_strategy,deepseek-v4-flash-0731,poolact,evidence_audit,family,evidence_audit,evidence_acc_mi,fraction,4,cost_moderate,item_equal_weight_after_within_item_mean,100,0–100,percentage_points,true,,,,,,,,,,,,,,,,,,,0.667420814479638,13,13,0,140,deepseek_rerun_20260912,0.7126696832579186,13,13,0,136,deepseek_rerun_20260912,0.9468325791855203,13,13,0,144,deepseek_rerun_20260912,,,,0.0452488687782806,0.2794117647058823,0.2341628959276017
N4_strategy,deepseek-v4-flash-0731,poolact,evidence_audit,family,evidence_audit,evidence_acc_mi,fraction,4,cost_tight,item_equal_weight_after_within_item_mean,100,0–100,percentage_points,true,,,,,,,,,,,,,,,,,,,0.6097285067873303,13,13,0,152,deepseek_rerun_20260912,0.5893665158371041,13,13,0,148,deepseek_rerun_20260912,0.7058823529411764,13,13,0,156,deepseek_rerun_20260912,,,,-0.0203619909502262,0.0961538461538461,0.1165158371040723
N4_strategy,deepseek-v4-flash-0731,poolact,evidence_audit,family,evidence_audit,evidence_acc_mv,fraction,4,cost_moderate,item_equal_weight_after_within_item_mean,100,0–100,percentage_points,true,,,,,,,,,,,,,,,,,,,0.6968325791855203,13,13,0,141,deepseek_rerun_20260912,0.7239819004524887,13,13,0,137,deepseek_rerun_20260912,0.9457013574660633,13,13,0,145,deepseek_rerun_20260912,,,,0.0271493212669684,0.2488687782805430,0.2217194570135746
N4_strategy,deepseek-v4-flash-0731,poolact,evidence_audit,family,evidence_audit,evidence_acc_mv,fraction,4,cost_tight,item_equal_weight_after_within_item_mean,100,0–100,percentage_points,true,,,,,,,,,,,,,,,,,,,0.6199095022624435,13,13,0,153,deepseek_rerun_20260912,0.6199095022624435,13,13,0,149,deepseek_rerun_20260912,0.7149321266968326,13,13,0,157,deepseek_rerun_20260912,,,,0E-16,0.0950226244343891,0.0950226244343891
N4_strategy,deepseek-v4-flash-0731,poolact,evidence_audit,family,evidence_audit,label_acc_mi,fraction,4,cost_moderate,item_equal_weight_after_within_item_mean,100,0–100,percentage_points,true,,,,,,,,,,,,,,,,,,,0.8597285067873304,13,13,0,142,deepseek_rerun_20260912,0.8947963800904977,13,13,0,138,deepseek_rerun_20260912,0.9615384615384616,13,13,0,146,deepseek_rerun_20260912,,,,0.0350678733031673,0.1018099547511312,0.0667420814479639
N4_strategy,deepseek-v4-flash-0731,poolact,evidence_audit,family,evidence_audit,label_acc_mi,fraction,4,cost_tight,item_equal_weight_after_within_item_mean,100,0–100,percentage_points,true,,,,,,,,,,,,,,,,,,,0.8687782805429864,13,13,0,154,deepseek_rerun_20260912,0.8461538461538461,13,13,0,150,deepseek_rerun_20260912,0.9072398190045249,13,13,0,158,deepseek_rerun_20260912,,,,-0.0226244343891403,0.0384615384615385,0.0610859728506788
N4_strategy,deepseek-v4-flash-0731,poolact,evidence_audit,family,evidence_audit,label_acc_mv,fraction,4,cost_moderate,item_equal_weight_after_within_item_mean,100,0–100,percentage_points,true,,,,,,,,,,,,,,,,,,,0.918552036199095,13,13,0,143,deepseek_rerun_20260912,0.9321266968325792,13,13,0,139,deepseek_rerun_20260912,0.9638009049773756,13,13,0,147,deepseek_rerun_20260912,,,,0.0135746606334842,0.0452488687782806,0.0316742081447964
N4_strategy,deepseek-v4-flash-0731,poolact,evidence_audit,family,evidence_audit,label_acc_mv,fraction,4,cost_tight,item_equal_weight_after_within_item_mean,100,0–100,percentage_points,true,,,,,,,,,,,,,,,,,,,0.8914027149321266,13,13,0,155,deepseek_rerun_20260912,0.8959276018099547,13,13,0,151,deepseek_rerun_20260912,0.9276018099547512,13,13,0,159,deepseek_rerun_20260912,,,,0.0045248868778281,0.0361990950226246,0.0316742081447965
N4_strategy,deepseek-v4-flash-0731,poolact,evidence_audit,task,cc-large:0,evidence_acc_mi,fraction,4,cost_moderate,item_equal_weight_after_within_item_mean,100,0–100,percentage_points,true,,,,,,,,,,,,,,,,,,,0.3088235294117647,1,1,0,164,deepseek_rerun_20260912,0.39705882352941174,1,1,0,160,deepseek_rerun_20260912,0.8529411764705882,1,1,0,168,deepseek_rerun_20260912,,,,0.08823529411764704,0.5441176470588235,0.45588235294117646
N4_strategy,deepseek-v4-flash-0731,poolact,evidence_audit,task,cc-large:0,evidence_acc_mi,fraction,4,cost_tight,item_equal_weight_after_within_item_mean,100,0–100,percentage_points,true,,,,,,,,,,,,,,,,,,,0.3382352941176471,1,1,0,176,deepseek_rerun_20260912,0.36764705882352944,1,1,0,172,deepseek_rerun_20260912,0.4117647058823529,1,1,0,180,deepseek_rerun_20260912,,,,0.02941176470588234,0.0735294117647058,0.04411764705882346
N4_strategy,deepseek-v4-flash-0731,poolact,evidence_audit,task,cc-large:0,evidence_acc_mv,fraction,4,cost_moderate,item_equal_weight_after_within_item_mean,100,0–100,percentage_points,true,,,,,,,,,,,,,,,,,,,0.4117647058823529,1,1,0,165,deepseek_rerun_20260912,0.4117647058823529,1,1,0,161,deepseek_rerun_20260912,0.8235294117647058,1,1,0,169,deepseek_rerun_20260912,,,,0E-16,0.4117647058823529,0.4117647058823529
N4_strategy,deepseek-v4-flash-0731,poolact,evidence_audit,task,cc-large:0,evidence_acc_mv,fraction,4,cost_tight,item_equal_weight_after_within_item_mean,100,0–100,percentage_points,true,,,,,,,,,,,,,,,,,,,0.35294117647058826,1,1,0,177,deepseek_rerun_20260912,0.35294117647058826,1,1,0,173,deepseek_rerun_20260912,0.4117647058823529,1,1,0,181,deepseek_rerun_20260912,,,,0E-17,0.05882352941176464,0.05882352941176464
N4_strategy,deepseek-v4-flash-0731,poolact,evidence_audit,task,cc-large:0,label_acc_mi,fraction,4,cost_moderate,item_equal_weight_after_within_item_mean,100,0–100,percentage_points,true,,,,,,,,,,,,,,,,,,,0.6911764705882353,1,1,0,166,deepseek_rerun_20260912,0.8823529411764706,1,1,0,162,deepseek_rerun_20260912,0.9264705882352942,1,1,0,170,deepseek_rerun_20260912,,,,0.1911764705882353,0.2352941176470589,0.0441176470588236
N4_strategy,deepseek-v4-flash-0731,poolact,evidence_audit,task,cc-large:0,label_acc_mi,fraction,4,cost_tight,item_equal_weight_after_within_item_mean,100,0–100,percentage_points,true,,,,,,,,,,,,,,,,,,,0.9264705882352942,1,1,0,178,deepseek_rerun_20260912,0.8970588235294117,1,1,0,174,deepseek_rerun_20260912,0.9117647058823529,1,1,0,182,deepseek_rerun_20260912,,,,-0.0294117647058825,-0.0147058823529413,0.0147058823529412
N4_strategy,deepseek-v4-flash-0731,poolact,evidence_audit,task,cc-large:0,label_acc_mv,fraction,4,cost_moderate,item_equal_weight_after_within_item_mean,100,0–100,percentage_points,true,,,,,,,,,,,,,,,,,,,0.9411764705882353,1,1,0,167,deepseek_rerun_20260912,0.9411764705882353,1,1,0,163,deepseek_rerun_20260912,0.9411764705882353,1,1,0,171,deepseek_rerun_20260912,,,,0E-16,0E-16,0E-16
N4_strategy,deepseek-v4-flash-0731,poolact,evidence_audit,task,cc-large:0,label_acc_mv,fraction,4,cost_tight,item_equal_weight_after_within_item_mean,100,0–100,percentage_points,true,,,,,,,,,,,,,,,,,,,0.9411764705882353,1,1,0,179,deepseek_rerun_20260912,0.9411764705882353,1,1,0,175,deepseek_rerun_20260912,0.9411764705882353,1,1,0,183,deepseek_rerun_20260912,,,,0E-16,0E-16,0E-16
N4_strategy,deepseek-v4-flash-0731,poolact,evidence_audit,task,cc-large:1,evidence_acc_mi,fraction,4,cost_moderate,item_equal_weight_after_within_item_mean,100,0–100,percentage_points,true,,,,,,,,,,,,,,,,,,,0.7352941176470589,1,1,0,188,deepseek_rerun_20260912,0.7352941176470589,1,1,0,184,deepseek_rerun_20260912,0.9558823529411764,1,1,0,192,deepseek_rerun_20260912,,,,0E-16,0.2205882352941175,0.2205882352941175
N4_strategy,deepseek-v4-flash-0731,poolact,evidence_audit,task,cc-large:1,evidence_acc_mi,fraction,4,cost_tight,item_equal_weight_after_within_item_mean,100,0–100,percentage_points,true,,,,,,,,,,,,,,,,,,,0.6764705882352942,1,1,0,200,deepseek_rerun_20260912,0.6911764705882353,1,1,0,196,deepseek_rerun_20260912,0.7794117647058822,1,1,0,204,deepseek_rerun_20260912,,,,0.0147058823529411,0.1029411764705880,0.0882352941176469
N4_strategy,deepseek-v4-flash-0731,poolact,evidence_audit,task,cc-large:1,evidence_acc_mv,fraction,4,cost_moderate,item_equal_weight_after_within_item_mean,100,0–100,percentage_points,true,,,,,,,,,,,,,,,,,,,0.7647058823529411,1,1,0,189,deepseek_rerun_20260912,0.7647058823529411,1,1,0,185,deepseek_rerun_20260912,0.9411764705882353,1,1,0,193,deepseek_rerun_20260912,,,,0E-16,0.1764705882352942,0.1764705882352942
N4_strategy,deepseek-v4-flash-0731,poolact,evidence_audit,task,cc-large:1,evidence_acc_mv,fraction,4,cost_tight,item_equal_weight_after_within_item_mean,100,0–100,percentage_points,true,,,,,,,,,,,,,,,,,,,0.7647058823529411,1,1,0,201,deepseek_rerun_20260912,0.7058823529411765,1,1,0,197,deepseek_rerun_20260912,0.7647058823529411,1,1,0,205,deepseek_rerun_20260912,,,,-0.0588235294117646,0E-16,0.0588235294117646
N4_strategy,deepseek-v4-flash-0731,poolact,evidence_audit,task,cc-large:1,label_acc_mi,fraction,4,cost_moderate,item_equal_weight_after_within_item_mean,100,0–100,percentage_points,true,,,,,,,,,,,,,,,,,,,0.8823529411764706,1,1,0,190,deepseek_rerun_20260912,0.8823529411764706,1,1,0,186,deepseek_rerun_20260912,0.8970588235294117,1,1,0,194,deepseek_rerun_20260912,,,,0E-16,0.0147058823529411,0.0147058823529411
N4_strategy,deepseek-v4-flash-0731,poolact,evidence_audit,task,cc-large:1,label_acc_mi,fraction,4,cost_tight,item_equal_weight_after_within_item_mean,100,0–100,percentage_points,true,,,,,,,,,,,,,,,,,,,0.8823529411764706,1,1,0,202,deepseek_rerun_20260912,0.8823529411764706,1,1,0,198,deepseek_rerun_20260912,0.8823529411764706,1,1,0,206,deepseek_rerun_20260912,,,,0E-16,0E-16,0E-16
N4_strategy,deepseek-v4-flash-0731,poolact,evidence_audit,task,cc-large:1,label_acc_mv,fraction,4,cost_moderate,item_equal_weight_after_within_item_mean,100,0–100,percentage_points,true,,,,,,,,,,,,,,,,,,,0.8823529411764706,1,1,0,191,deepseek_rerun_20260912,0.8823529411764706,1,1,0,187,deepseek_rerun_20260912,0.8823529411764706,1,1,0,195,deepseek_rerun_20260912,,,,0E-16,0E-16,0E-16
N4_strategy,deepseek-v4-flash-0731,poolact,evidence_audit,task,cc-large:1,label_acc_mv,fraction,4,cost_tight,item_equal_weight_after_within_item_mean,100,0–100,percentage_points,true,,,,,,,,,,,,,,,,,,,0.8823529411764706,1,1,0,203,deepseek_rerun_20260912,0.8823529411764706,1,1,0,199,deepseek_rerun_20260912,0.8823529411764706,1,1,0,207,deepseek_rerun_20260912,,,,0E-16,0E-16,0E-16
N4_strategy,deepseek-v4-flash-0731,poolact,evidence_audit,task,cc-large:10,evidence_acc_mi,fraction,4,cost_moderate,item_equal_weight_after_within_item_mean,100,0–100,percentage_points,true,,,,,,,,,,,,,,,,,,,0.38235294117647056,1,1,0,212,deepseek_rerun_20260912,0.47058823529411764,1,1,0,208,deepseek_rerun_20260912,0.6029411764705883,1,1,0,216,deepseek_rerun_20260912,,,,0.08823529411764708,0.22058823529411774,0.13235294117647066
N4_strategy,deepseek-v4-flash-0731,poolact,evidence_audit,task,cc-large:10,evidence_acc_mi,fraction,4,cost_tight,item_equal_weight_after_within_item_mean,100,0–100,percentage_points,true,,,,,,,,,,,,,,,,,,,0.36764705882352944,1,1,0,224,deepseek_rerun_20260912,0.3382352941176471,1,1,0,220,deepseek_rerun_20260912,0.47058823529411764,1,1,0,228,deepseek_rerun_20260912,,,,-0.02941176470588234,0.10294117647058820,0.13235294117647054
N4_strategy,deepseek-v4-flash-0731,poolact,evidence_audit,task,cc-large:10,evidence_acc_mv,fraction,4,cost_moderate,item_equal_weight_after_within_item_mean,100,0–100,percentage_points,true,,,,,,,,,,,,,,,,,,,0.5294117647058824,1,1,0,213,deepseek_rerun_20260912,0.47058823529411764,1,1,0,209,deepseek_rerun_20260912,0.5882352941176471,1,1,0,217,deepseek_rerun_20260912,,,,-0.05882352941176476,0.0588235294117647,0.11764705882352946
N4_strategy,deepseek-v4-flash-0731,poolact,evidence_audit,task,cc-large:10,evidence_acc_mv,fraction,4,cost_tight,item_equal_weight_after_within_item_mean,100,0–100,percentage_points,true,,,,,,,,,,,,,,,,,,,0.35294117647058826,1,1,0,225,deepseek_rerun_20260912,0.4117647058823529,1,1,0,221,deepseek_rerun_20260912,0.47058823529411764,1,1,0,229,deepseek_rerun_20260912,,,,0.05882352941176464,0.11764705882352938,0.05882352941176474
N4_strategy,deepseek-v4-flash-0731,poolact,evidence_audit,task,cc-large:10,label_acc_mi,fraction,4,cost_moderate,item_equal_weight_after_within_item_mean,100,0–100,percentage_points,true,,,,,,,,,,,,,,,,,,,0.6764705882352942,1,1,0,214,deepseek_rerun_20260912,0.8823529411764706,1,1,0,210,deepseek_rerun_20260912,1.0,1,1,0,218,deepseek_rerun_20260912,,,,0.2058823529411764,0.3235294117647058,0.1176470588235294
N4_strategy,deepseek-v4-flash-0731,poolact,evidence_audit,task,cc-large:10,label_acc_mi,fraction,4,cost_tight,item_equal_weight_after_within_item_mean,100,0–100,percentage_points,true,,,,,,,,,,,,,,,,,,,0.8676470588235294,1,1,0,226,deepseek_rerun_20260912,0.8382352941176471,1,1,0,222,deepseek_rerun_20260912,0.9264705882352942,1,1,0,230,deepseek_rerun_20260912,,,,-0.0294117647058823,0.0588235294117648,0.0882352941176471
N4_strategy,deepseek-v4-flash-0731,poolact,evidence_audit,task,cc-large:10,label_acc_mv,fraction,4,cost_moderate,item_equal_weight_after_within_item_mean,100,0–100,percentage_points,true,,,,,,,,,,,,,,,,,,,0.9411764705882353,1,1,0,215,deepseek_rerun_20260912,0.8823529411764706,1,1,0,211,deepseek_rerun_20260912,1.0,1,1,0,219,deepseek_rerun_20260912,,,,-0.0588235294117647,0.0588235294117647,0.1176470588235294
N4_strategy,deepseek-v4-flash-0731,poolact,evidence_audit,task,cc-large:10,label_acc_mv,fraction,4,cost_tight,item_equal_weight_after_within_item_mean,100,0–100,percentage_points,true,,,,,,,,,,,,,,,,,,,0.8823529411764706,1,1,0,227,deepseek_rerun_20260912,0.9411764705882353,1,1,0,223,deepseek_rerun_20260912,0.9411764705882353,1,1,0,231,deepseek_rerun_20260912,,,,0.0588235294117647,0.0588235294117647,0E-16
N4_strategy,deepseek-v4-flash-0731,poolact,evidence_audit,task,cc-large:11,evidence_acc_mi,fraction,4,cost_moderate,item_equal_weight_after_within_item_mean,100,0–100,percentage_points,true,,,,,,,,,,,,,,,,,,,0.3970588235294118,1,1,0,236,deepseek_rerun_20260912,0.5147058823529412,1,1,0,232,deepseek_rerun_20260912,0.9117647058823529,1,1,0,240,deepseek_rerun_20260912,,,,0.1176470588235294,0.5147058823529411,0.3970588235294117
N4_strategy,deepseek-v4-flash-0731,poolact,evidence_audit,task,cc-large:11,evidence_acc_mi,fraction,4,cost_tight,item_equal_weight_after_within_item_mean,100,0–100,percentage_points,true,,,,,,,,,,,,,,,,,,,0.47058823529411764,1,1,0,248,deepseek_rerun_20260912,0.3382352941176471,1,1,0,244,deepseek_rerun_20260912,0.5588235294117647,1,1,0,252,deepseek_rerun_20260912,,,,-0.13235294117647054,0.08823529411764706,0.2205882352941176
N4_strategy,deepseek-v4-flash-0731,poolact,evidence_audit,task,cc-large:11,evidence_acc_mv,fraction,4,cost_moderate,item_equal_weight_after_within_item_mean,100,0–100,percentage_points,true,,,,,,,,,,,,,,,,,,,0.5882352941176471,1,1,0,237,deepseek_rerun_20260912,0.5882352941176471,1,1,0,233,deepseek_rerun_20260912,0.9411764705882353,1,1,0,241,deepseek_rerun_20260912,,,,0E-16,0.3529411764705882,0.3529411764705882
N4_strategy,deepseek-v4-flash-0731,poolact,evidence_audit,task,cc-large:11,evidence_acc_mv,fraction,4,cost_tight,item_equal_weight_after_within_item_mean,100,0–100,percentage_points,true,,,,,,,,,,,,,,,,,,,0.5294117647058824,1,1,0,249,deepseek_rerun_20260912,0.4117647058823529,1,1,0,245,deepseek_rerun_20260912,0.5882352941176471,1,1,0,253,deepseek_rerun_20260912,,,,-0.1176470588235295,0.0588235294117647,0.1764705882352942
N4_strategy,deepseek-v4-flash-0731,poolact,evidence_audit,task,cc-large:11,label_acc_mi,fraction,4,cost_moderate,item_equal_weight_after_within_item_mean,100,0–100,percentage_points,true,,,,,,,,,,,,,,,,,,,0.6764705882352942,1,1,0,238,deepseek_rerun_20260912,0.8529411764705882,1,1,0,234,deepseek_rerun_20260912,1.0,1,1,0,242,deepseek_rerun_20260912,,,,0.1764705882352940,0.3235294117647058,0.1470588235294118
N4_strategy,deepseek-v4-flash-0731,poolact,evidence_audit,task,cc-large:11,label_acc_mi,fraction,4,cost_tight,item_equal_weight_after_within_item_mean,100,0–100,percentage_points,true,,,,,,,,,,,,,,,,,,,0.8529411764705882,1,1,0,250,deepseek_rerun_20260912,0.7794117647058824,1,1,0,246,deepseek_rerun_20260912,0.8235294117647058,1,1,0,254,deepseek_rerun_20260912,,,,-0.0735294117647058,-0.0294117647058824,0.0441176470588234
N4_strategy,deepseek-v4-flash-0731,poolact,evidence_audit,task,cc-large:11,label_acc_mv,fraction,4,cost_moderate,item_equal_weight_after_within_item_mean,100,0–100,percentage_points,true,,,,,,,,,,,,,,,,,,,0.9411764705882353,1,1,0,239,deepseek_rerun_20260912,0.9411764705882353,1,1,0,235,deepseek_rerun_20260912,1.0,1,1,0,243,deepseek_rerun_20260912,,,,0E-16,0.0588235294117647,0.0588235294117647
N4_strategy,deepseek-v4-flash-0731,poolact,evidence_audit,task,cc-large:11,label_acc_mv,fraction,4,cost_tight,item_equal_weight_after_within_item_mean,100,0–100,percentage_points,true,,,,,,,,,,,,,,,,,,,0.9411764705882353,1,1,0,251,deepseek_rerun_20260912,0.8823529411764706,1,1,0,247,deepseek_rerun_20260912,0.8823529411764706,1,1,0,255,deepseek_rerun_20260912,,,,-0.0588235294117647,-0.0588235294117647,0E-16
N4_strategy,deepseek-v4-flash-0731,poolact,evidence_audit,task,cc-large:12,evidence_acc_mi,fraction,4,cost_moderate,item_equal_weight_after_within_item_mean,100,0–100,percentage_points,true,,,,,,,,,,,,,,,,,,,0.6029411764705883,1,1,0,260,deepseek_rerun_20260912,0.4411764705882353,1,1,0,256,deepseek_rerun_20260912,1.0,1,1,0,264,deepseek_rerun_20260912,,,,-0.1617647058823530,0.3970588235294117,0.5588235294117647
N4_strategy,deepseek-v4-flash-0731,poolact,evidence_audit,task,cc-large:12,evidence_acc_mi,fraction,4,cost_tight,item_equal_weight_after_within_item_mean,100,0–100,percentage_points,true,,,,,,,,,,,,,,,,,,,0.5294117647058824,1,1,0,272,deepseek_rerun_20260912,0.5147058823529411,1,1,0,268,deepseek_rerun_20260912,0.6029411764705883,1,1,0,276,deepseek_rerun_20260912,,,,-0.0147058823529413,0.0735294117647059,0.0882352941176472
N4_strategy,deepseek-v4-flash-0731,poolact,evidence_audit,task,cc-large:12,evidence_acc_mv,fraction,4,cost_moderate,item_equal_weight_after_within_item_mean,100,0–100,percentage_points,true,,,,,,,,,,,,,,,,,,,0.5882352941176471,1,1,0,261,deepseek_rerun_20260912,0.5294117647058824,1,1,0,257,deepseek_rerun_20260912,1.0,1,1,0,265,deepseek_rerun_20260912,,,,-0.0588235294117647,0.4117647058823529,0.4705882352941176
N4_strategy,deepseek-v4-flash-0731,poolact,evidence_audit,task,cc-large:12,evidence_acc_mv,fraction,4,cost_tight,item_equal_weight_after_within_item_mean,100,0–100,percentage_points,true,,,,,,,,,,,,,,,,,,,0.5882352941176471,1,1,0,273,deepseek_rerun_20260912,0.47058823529411764,1,1,0,269,deepseek_rerun_20260912,0.6470588235294118,1,1,0,277,deepseek_rerun_20260912,,,,-0.11764705882352946,0.0588235294117647,0.17647058823529416
N4_strategy,deepseek-v4-flash-0731,poolact,evidence_audit,task,cc-large:12,label_acc_mi,fraction,4,cost_moderate,item_equal_weight_after_within_item_mean,100,0–100,percentage_points,true,,,,,,,,,,,,,,,,,,,0.9411764705882353,1,1,0,262,deepseek_rerun_20260912,0.6617647058823529,1,1,0,258,deepseek_rerun_20260912,1.0,1,1,0,266,deepseek_rerun_20260912,,,,-0.2794117647058824,0.0588235294117647,0.3382352941176471
N4_strategy,deepseek-v4-flash-0731,poolact,evidence_audit,task,cc-large:12,label_acc_mi,fraction,4,cost_tight,item_equal_weight_after_within_item_mean,100,0–100,percentage_points,true,,,,,,,,,,,,,,,,,,,0.838235294117647,1,1,0,274,deepseek_rerun_20260912,0.8529411764705882,1,1,0,270,deepseek_rerun_20260912,0.8970588235294117,1,1,0,278,deepseek_rerun_20260912,,,,0.0147058823529412,0.0588235294117647,0.0441176470588235
N4_strategy,deepseek-v4-flash-0731,poolact,evidence_audit,task,cc-large:12,label_acc_mv,fraction,4,cost_moderate,item_equal_weight_after_within_item_mean,100,0–100,percentage_points,true,,,,,,,,,,,,,,,,,,,0.9411764705882353,1,1,0,263,deepseek_rerun_20260912,0.8823529411764706,1,1,0,259,deepseek_rerun_20260912,1.0,1,1,0,267,deepseek_rerun_20260912,,,,-0.0588235294117647,0.0588235294117647,0.1176470588235294
N4_strategy,deepseek-v4-flash-0731,poolact,evidence_audit,task,cc-large:12,label_acc_mv,fraction,4,cost_tight,item_equal_weight_after_within_item_mean,100,0–100,percentage_points,true,,,,,,,,,,,,,,,,,,,0.8823529411764706,1,1,0,275,deepseek_rerun_20260912,0.8235294117647058,1,1,0,271,deepseek_rerun_20260912,0.9411764705882353,1,1,0,279,deepseek_rerun_20260912,,,,-0.0588235294117648,0.0588235294117647,0.1176470588235295
N4_strategy,deepseek-v4-flash-0731,poolact,evidence_audit,task,cc-large:2,evidence_acc_mi,fraction,4,cost_moderate,item_equal_weight_after_within_item_mean,100,0–100,percentage_points,true,,,,,,,,,,,,,,,,,,,0.8970588235294117,1,1,0,284,deepseek_rerun_20260912,0.9558823529411764,1,1,0,280,deepseek_rerun_20260912,1.0,1,1,0,288,deepseek_rerun_20260912,,,,0.0588235294117647,0.1029411764705883,0.0441176470588236
N4_strategy,deepseek-v4-flash-0731,poolact,evidence_audit,task,cc-large:2,evidence_acc_mi,fraction,4,cost_tight,item_equal_weight_after_within_item_mean,100,0–100,percentage_points,true,,,,,,,,,,,,,,,,,,,0.7941176470588235,1,1,0,296,deepseek_rerun_20260912,0.7794117647058822,1,1,0,292,deepseek_rerun_20260912,0.8970588235294117,1,1,0,300,deepseek_rerun_20260912,,,,-0.0147058823529413,0.1029411764705882,0.1176470588235295
N4_strategy,deepseek-v4-flash-0731,poolact,evidence_audit,task,cc-large:2,evidence_acc_mv,fraction,4,cost_moderate,item_equal_weight_after_within_item_mean,100,0–100,percentage_points,true,,,,,,,,,,,,,,,,,,,0.8823529411764706,1,1,0,285,deepseek_rerun_20260912,0.9411764705882353,1,1,0,281,deepseek_rerun_20260912,1.0,1,1,0,289,deepseek_rerun_20260912,,,,0.0588235294117647,0.1176470588235294,0.0588235294117647
N4_strategy,deepseek-v4-flash-0731,poolact,evidence_audit,task,cc-large:2,evidence_acc_mv,fraction,4,cost_tight,item_equal_weight_after_within_item_mean,100,0–100,percentage_points,true,,,,,,,,,,,,,,,,,,,0.8235294117647058,1,1,0,297,deepseek_rerun_20260912,0.7647058823529411,1,1,0,293,deepseek_rerun_20260912,0.9411764705882353,1,1,0,301,deepseek_rerun_20260912,,,,-0.0588235294117647,0.1176470588235295,0.1764705882352942
N4_strategy,deepseek-v4-flash-0731,poolact,evidence_audit,task,cc-large:2,label_acc_mi,fraction,4,cost_moderate,item_equal_weight_after_within_item_mean,100,0–100,percentage_points,true,,,,,,,,,,,,,,,,,,,0.8676470588235294,1,1,0,286,deepseek_rerun_20260912,0.9558823529411764,1,1,0,282,deepseek_rerun_20260912,0.9705882352941176,1,1,0,290,deepseek_rerun_20260912,,,,0.0882352941176470,0.1029411764705882,0.0147058823529412
N4_strategy,deepseek-v4-flash-0731,poolact,evidence_audit,task,cc-large:2,label_acc_mi,fraction,4,cost_tight,item_equal_weight_after_within_item_mean,100,0–100,percentage_points,true,,,,,,,,,,,,,,,,,,,0.7794117647058822,1,1,0,298,deepseek_rerun_20260912,0.7647058823529411,1,1,0,294,deepseek_rerun_20260912,0.8970588235294117,1,1,0,302,deepseek_rerun_20260912,,,,-0.0147058823529411,0.1176470588235295,0.1323529411764706
N4_strategy,deepseek-v4-flash-0731,poolact,evidence_audit,task,cc-large:2,label_acc_mv,fraction,4,cost_moderate,item_equal_weight_after_within_item_mean,100,0–100,percentage_points,true,,,,,,,,,,,,,,,,,,,0.8823529411764706,1,1,0,287,deepseek_rerun_20260912,0.9411764705882353,1,1,0,283,deepseek_rerun_20260912,1.0,1,1,0,291,deepseek_rerun_20260912,,,,0.0588235294117647,0.1176470588235294,0.0588235294117647
N4_strategy,deepseek-v4-flash-0731,poolact,evidence_audit,task,cc-large:2,label_acc_mv,fraction,4,cost_tight,item_equal_weight_after_within_item_mean,100,0–100,percentage_points,true,,,,,,,,,,,,,,,,,,,0.8235294117647058,1,1,0,299,deepseek_rerun_20260912,0.7647058823529411,1,1,0,295,deepseek_rerun_20260912,0.9411764705882353,1,1,0,303,deepseek_rerun_20260912,,,,-0.0588235294117647,0.1176470588235295,0.1764705882352942
N4_strategy,deepseek-v4-flash-0731,poolact,evidence_audit,task,cc-large:3,evidence_acc_mi,fraction,4,cost_moderate,item_equal_weight_after_within_item_mean,100,0–100,percentage_points,true,,,,,,,,,,,,,,,,,,,0.9117647058823529,1,1,0,308,deepseek_rerun_20260912,1.0,1,1,0,304,deepseek_rerun_20260912,1.0,1,1,0,312,deepseek_rerun_20260912,,,,0.0882352941176471,0.0882352941176471,0.0
N4_strategy,deepseek-v4-flash-0731,poolact,evidence_audit,task,cc-large:3,evidence_acc_mi,fraction,4,cost_tight,item_equal_weight_after_within_item_mean,100,0–100,percentage_points,true,,,,,,,,,,,,,,,,,,,0.838235294117647,1,1,0,320,deepseek_rerun_20260912,0.8676470588235294,1,1,0,316,deepseek_rerun_20260912,1.0,1,1,0,324,deepseek_rerun_20260912,,,,0.0294117647058824,0.161764705882353,0.1323529411764706
N4_strategy,deepseek-v4-flash-0731,poolact,evidence_audit,task,cc-large:3,evidence_acc_mv,fraction,4,cost_moderate,item_equal_weight_after_within_item_mean,100,0–100,percentage_points,true,,,,,,,,,,,,,,,,,,,0.9411764705882353,1,1,0,309,deepseek_rerun_20260912,1.0,1,1,0,305,deepseek_rerun_20260912,1.0,1,1,0,313,deepseek_rerun_20260912,,,,0.0588235294117647,0.0588235294117647,0.0
N4_strategy,deepseek-v4-flash-0731,poolact,evidence_audit,task,cc-large:3,evidence_acc_mv,fraction,4,cost_tight,item_equal_weight_after_within_item_mean,100,0–100,percentage_points,true,,,,,,,,,,,,,,,,,,,0.8235294117647058,1,1,0,321,deepseek_rerun_20260912,0.9411764705882353,1,1,0,317,deepseek_rerun_20260912,1.0,1,1,0,325,deepseek_rerun_20260912,,,,0.1176470588235295,0.1764705882352942,0.0588235294117647
N4_strategy,deepseek-v4-flash-0731,poolact,evidence_audit,task,cc-large:3,label_acc_mi,fraction,4,cost_moderate,item_equal_weight_after_within_item_mean,100,0–100,percentage_points,true,,,,,,,,,,,,,,,,,,,0.8676470588235294,1,1,0,310,deepseek_rerun_20260912,0.9411764705882353,1,1,0,306,deepseek_rerun_20260912,0.9411764705882353,1,1,0,314,deepseek_rerun_20260912,,,,0.0735294117647059,0.0735294117647059,0E-16
N4_strategy,deepseek-v4-flash-0731,poolact,evidence_audit,task,cc-large:3,label_acc_mi,fraction,4,cost_tight,item_equal_weight_after_within_item_mean,100,0–100,percentage_points,true,,,,,,,,,,,,,,,,,,,0.8235294117647058,1,1,0,322,deepseek_rerun_20260912,0.838235294117647,1,1,0,318,deepseek_rerun_20260912,0.9411764705882353,1,1,0,326,deepseek_rerun_20260912,,,,0.0147058823529412,0.1176470588235295,0.1029411764705883
N4_strategy,deepseek-v4-flash-0731,poolact,evidence_audit,task,cc-large:3,label_acc_mv,fraction,4,cost_moderate,item_equal_weight_after_within_item_mean,100,0–100,percentage_points,true,,,,,,,,,,,,,,,,,,,0.8823529411764706,1,1,0,311,deepseek_rerun_20260912,0.9411764705882353,1,1,0,307,deepseek_rerun_20260912,0.9411764705882353,1,1,0,315,deepseek_rerun_20260912,,,,0.0588235294117647,0.0588235294117647,0E-16
N4_strategy,deepseek-v4-flash-0731,poolact,evidence_audit,task,cc-large:3,label_acc_mv,fraction,4,cost_tight,item_equal_weight_after_within_item_mean,100,0–100,percentage_points,true,,,,,,,,,,,,,,,,,,,0.8235294117647058,1,1,0,323,deepseek_rerun_20260912,0.8823529411764706,1,1,0,319,deepseek_rerun_20260912,0.9411764705882353,1,1,0,327,deepseek_rerun_20260912,,,,0.0588235294117648,0.1176470588235295,0.0588235294117647
N4_strategy,deepseek-v4-flash-0731,poolact,evidence_audit,task,cc-large:4,evidence_acc_mi,fraction,4,cost_moderate,item_equal_weight_after_within_item_mean,100,0–100,percentage_points,true,,,,,,,,,,,,,,,,,,,0.838235294117647,1,1,0,332,deepseek_rerun_20260912,0.8529411764705882,1,1,0,328,deepseek_rerun_20260912,0.9852941176470589,1,1,0,336,deepseek_rerun_20260912,,,,0.0147058823529412,0.1470588235294119,0.1323529411764707
N4_strategy,deepseek-v4-flash-0731,poolact,evidence_audit,task,cc-large:4,evidence_acc_mi,fraction,4,cost_tight,item_equal_weight_after_within_item_mean,100,0–100,percentage_points,true,,,,,,,,,,,,,,,,,,,0.7058823529411765,1,1,0,344,deepseek_rerun_20260912,0.6764705882352942,1,1,0,340,deepseek_rerun_20260912,0.7794117647058822,1,1,0,348,deepseek_rerun_20260912,,,,-0.0294117647058823,0.0735294117647057,0.1029411764705880
N4_strategy,deepseek-v4-flash-0731,poolact,evidence_audit,task,cc-large:4,evidence_acc_mv,fraction,4,cost_moderate,item_equal_weight_after_within_item_mean,100,0–100,percentage_points,true,,,,,,,,,,,,,,,,,,,0.8235294117647058,1,1,0,333,deepseek_rerun_20260912,0.8235294117647058,1,1,0,329,deepseek_rerun_20260912,1.0,1,1,0,337,deepseek_rerun_20260912,,,,0E-16,0.1764705882352942,0.1764705882352942
N4_strategy,deepseek-v4-flash-0731,poolact,evidence_audit,task,cc-large:4,evidence_acc_mv,fraction,4,cost_tight,item_equal_weight_after_within_item_mean,100,0–100,percentage_points,true,,,,,,,,,,,,,,,,,,,0.7058823529411765,1,1,0,345,deepseek_rerun_20260912,0.7058823529411765,1,1,0,341,deepseek_rerun_20260912,0.7647058823529411,1,1,0,349,deepseek_rerun_20260912,,,,0E-16,0.0588235294117646,0.0588235294117646
N4_strategy,deepseek-v4-flash-0731,poolact,evidence_audit,task,cc-large:4,label_acc_mi,fraction,4,cost_moderate,item_equal_weight_after_within_item_mean,100,0–100,percentage_points,true,,,,,,,,,,,,,,,,,,,1.0,1,1,0,334,deepseek_rerun_20260912,0.9705882352941176,1,1,0,330,deepseek_rerun_20260912,0.9852941176470589,1,1,0,338,deepseek_rerun_20260912,,,,-0.0294117647058824,-0.0147058823529411,0.0147058823529413
N4_strategy,deepseek-v4-flash-0731,poolact,evidence_audit,task,cc-large:4,label_acc_mi,fraction,4,cost_tight,item_equal_weight_after_within_item_mean,100,0–100,percentage_points,true,,,,,,,,,,,,,,,,,,,0.9852941176470589,1,1,0,346,deepseek_rerun_20260912,0.9705882352941176,1,1,0,342,deepseek_rerun_20260912,0.9705882352941176,1,1,0,350,deepseek_rerun_20260912,,,,-0.0147058823529413,-0.0147058823529413,0E-16
N4_strategy,deepseek-v4-flash-0731,poolact,evidence_audit,task,cc-large:4,label_acc_mv,fraction,4,cost_moderate,item_equal_weight_after_within_item_mean,100,0–100,percentage_points,true,,,,,,,,,,,,,,,,,,,1.0,1,1,0,335,deepseek_rerun_20260912,1.0,1,1,0,331,deepseek_rerun_20260912,1.0,1,1,0,339,deepseek_rerun_20260912,,,,0.0,0.0,0.0
N4_strategy,deepseek-v4-flash-0731,poolact,evidence_audit,task,cc-large:4,label_acc_mv,fraction,4,cost_tight,item_equal_weight_after_within_item_mean,100,0–100,percentage_points,true,,,,,,,,,,,,,,,,,,,1.0,1,1,0,347,deepseek_rerun_20260912,1.0,1,1,0,343,deepseek_rerun_20260912,0.9411764705882353,1,1,0,351,deepseek_rerun_20260912,,,,0.0,-0.0588235294117647,-0.0588235294117647
N4_strategy,deepseek-v4-flash-0731,poolact,evidence_audit,task,cc-large:5,evidence_acc_mi,fraction,4,cost_moderate,item_equal_weight_after_within_item_mean,100,0–100,percentage_points,true,,,,,,,,,,,,,,,,,,,0.9411764705882353,1,1,0,356,deepseek_rerun_20260912,1.0,1,1,0,352,deepseek_rerun_20260912,1.0,1,1,0,360,deepseek_rerun_20260912,,,,0.0588235294117647,0.0588235294117647,0.0
N4_strategy,deepseek-v4-flash-0731,poolact,evidence_audit,task,cc-large:5,evidence_acc_mi,fraction,4,cost_tight,item_equal_weight_after_within_item_mean,100,0–100,percentage_points,true,,,,,,,,,,,,,,,,,,,0.8235294117647058,1,1,0,368,deepseek_rerun_20260912,0.838235294117647,1,1,0,364,deepseek_rerun_20260912,0.9411764705882353,1,1,0,372,deepseek_rerun_20260912,,,,0.0147058823529412,0.1176470588235295,0.1029411764705883
N4_strategy,deepseek-v4-flash-0731,poolact,evidence_audit,task,cc-large:5,evidence_acc_mv,fraction,4,cost_moderate,item_equal_weight_after_within_item_mean,100,0–100,percentage_points,true,,,,,,,,,,,,,,,,,,,0.9411764705882353,1,1,0,357,deepseek_rerun_20260912,1.0,1,1,0,353,deepseek_rerun_20260912,1.0,1,1,0,361,deepseek_rerun_20260912,,,,0.0588235294117647,0.0588235294117647,0.0
N4_strategy,deepseek-v4-flash-0731,poolact,evidence_audit,task,cc-large:5,evidence_acc_mv,fraction,4,cost_tight,item_equal_weight_after_within_item_mean,100,0–100,percentage_points,true,,,,,,,,,,,,,,,,,,,0.8823529411764706,1,1,0,369,deepseek_rerun_20260912,0.8823529411764706,1,1,0,365,deepseek_rerun_20260912,0.9411764705882353,1,1,0,373,deepseek_rerun_20260912,,,,0E-16,0.0588235294117647,0.0588235294117647
N4_strategy,deepseek-v4-flash-0731,poolact,evidence_audit,task,cc-large:5,label_acc_mi,fraction,4,cost_moderate,item_equal_weight_after_within_item_mean,100,0–100,percentage_points,true,,,,,,,,,,,,,,,,,,,0.8529411764705882,1,1,0,358,deepseek_rerun_20260912,0.8970588235294117,1,1,0,354,deepseek_rerun_20260912,0.8823529411764706,1,1,0,362,deepseek_rerun_20260912,,,,0.0441176470588235,0.0294117647058824,-0.0147058823529411
N4_strategy,deepseek-v4-flash-0731,poolact,evidence_audit,task,cc-large:5,label_acc_mi,fraction,4,cost_tight,item_equal_weight_after_within_item_mean,100,0–100,percentage_points,true,,,,,,,,,,,,,,,,,,,0.8088235294117647,1,1,0,370,deepseek_rerun_20260912,0.7794117647058824,1,1,0,366,deepseek_rerun_20260912,0.8823529411764706,1,1,0,374,deepseek_rerun_20260912,,,,-0.0294117647058823,0.0735294117647059,0.1029411764705882
N4_strategy,deepseek-v4-flash-0731,poolact,evidence_audit,task,cc-large:5,label_acc_mv,fraction,4,cost_moderate,item_equal_weight_after_within_item_mean,100,0–100,percentage_points,true,,,,,,,,,,,,,,,,,,,0.8235294117647058,1,1,0,359,deepseek_rerun_20260912,0.8823529411764706,1,1,0,355,deepseek_rerun_20260912,0.8823529411764706,1,1,0,363,deepseek_rerun_20260912,,,,0.0588235294117648,0.0588235294117648,0E-16
N4_strategy,deepseek-v4-flash-0731,poolact,evidence_audit,task,cc-large:5,label_acc_mv,fraction,4,cost_tight,item_equal_weight_after_within_item_mean,100,0–100,percentage_points,true,,,,,,,,,,,,,,,,,,,0.8235294117647058,1,1,0,371,deepseek_rerun_20260912,0.8235294117647058,1,1,0,367,deepseek_rerun_20260912,0.8823529411764706,1,1,0,375,deepseek_rerun_20260912,,,,0E-16,0.0588235294117648,0.0588235294117648
N4_strategy,deepseek-v4-flash-0731,poolact,evidence_audit,task,cc-large:6,evidence_acc_mi,fraction,4,cost_moderate,item_equal_weight_after_within_item_mean,100,0–100,percentage_points,true,,,,,,,,,,,,,,,,,,,0.6764705882352942,1,1,0,380,deepseek_rerun_20260912,0.7647058823529411,1,1,0,376,deepseek_rerun_20260912,1.0,1,1,0,384,deepseek_rerun_20260912,,,,0.0882352941176469,0.3235294117647058,0.2352941176470589
N4_strategy,deepseek-v4-flash-0731,poolact,evidence_audit,task,cc-large:6,evidence_acc_mi,fraction,4,cost_tight,item_equal_weight_after_within_item_mean,100,0–100,percentage_points,true,,,,,,,,,,,,,,,,,,,0.6176470588235294,1,1,0,392,deepseek_rerun_20260912,0.661764705882353,1,1,0,388,deepseek_rerun_20260912,0.6764705882352942,1,1,0,396,deepseek_rerun_20260912,,,,0.0441176470588236,0.0588235294117648,0.0147058823529412
N4_strategy,deepseek-v4-flash-0731,poolact,evidence_audit,task,cc-large:6,evidence_acc_mv,fraction,4,cost_moderate,item_equal_weight_after_within_item_mean,100,0–100,percentage_points,true,,,,,,,,,,,,,,,,,,,0.7058823529411765,1,1,0,381,deepseek_rerun_20260912,0.7647058823529411,1,1,0,377,deepseek_rerun_20260912,1.0,1,1,0,385,deepseek_rerun_20260912,,,,0.0588235294117646,0.2941176470588235,0.2352941176470589
N4_strategy,deepseek-v4-flash-0731,poolact,evidence_audit,task,cc-large:6,evidence_acc_mv,fraction,4,cost_tight,item_equal_weight_after_within_item_mean,100,0–100,percentage_points,true,,,,,,,,,,,,,,,,,,,0.6470588235294118,1,1,0,393,deepseek_rerun_20260912,0.7058823529411765,1,1,0,389,deepseek_rerun_20260912,0.7058823529411765,1,1,0,397,deepseek_rerun_20260912,,,,0.0588235294117647,0.0588235294117647,0E-16
N4_strategy,deepseek-v4-flash-0731,poolact,evidence_audit,task,cc-large:6,label_acc_mi,fraction,4,cost_moderate,item_equal_weight_after_within_item_mean,100,0–100,percentage_points,true,,,,,,,,,,,,,,,,,,,0.9264705882352942,1,1,0,382,deepseek_rerun_20260912,0.9852941176470589,1,1,0,378,deepseek_rerun_20260912,1.0,1,1,0,386,deepseek_rerun_20260912,,,,0.0588235294117647,0.0735294117647058,0.0147058823529411
N4_strategy,deepseek-v4-flash-0731,poolact,evidence_audit,task,cc-large:6,label_acc_mi,fraction,4,cost_tight,item_equal_weight_after_within_item_mean,100,0–100,percentage_points,true,,,,,,,,,,,,,,,,,,,0.8529411764705882,1,1,0,394,deepseek_rerun_20260912,0.8970588235294117,1,1,0,390,deepseek_rerun_20260912,0.9117647058823529,1,1,0,398,deepseek_rerun_20260912,,,,0.0441176470588235,0.0588235294117647,0.0147058823529412
N4_strategy,deepseek-v4-flash-0731,poolact,evidence_audit,task,cc-large:6,label_acc_mv,fraction,4,cost_moderate,item_equal_weight_after_within_item_mean,100,0–100,percentage_points,true,,,,,,,,,,,,,,,,,,,0.9411764705882353,1,1,0,383,deepseek_rerun_20260912,1.0,1,1,0,379,deepseek_rerun_20260912,1.0,1,1,0,387,deepseek_rerun_20260912,,,,0.0588235294117647,0.0588235294117647,0.0
N4_strategy,deepseek-v4-flash-0731,poolact,evidence_audit,task,cc-large:6,label_acc_mv,fraction,4,cost_tight,item_equal_weight_after_within_item_mean,100,0–100,percentage_points,true,,,,,,,,,,,,,,,,,,,0.8823529411764706,1,1,0,395,deepseek_rerun_20260912,0.9411764705882353,1,1,0,391,deepseek_rerun_20260912,0.9411764705882353,1,1,0,399,deepseek_rerun_20260912,,,,0.0588235294117647,0.0588235294117647,0E-16
N4_strategy,deepseek-v4-flash-0731,poolact,evidence_audit,task,cc-large:7,evidence_acc_mi,fraction,4,cost_moderate,item_equal_weight_after_within_item_mean,100,0–100,percentage_points,true,,,,,,,,,,,,,,,,,,,0.9411764705882353,1,1,0,404,deepseek_rerun_20260912,0.9558823529411764,1,1,0,400,deepseek_rerun_20260912,1.0,1,1,0,408,deepseek_rerun_20260912,,,,0.0147058823529411,0.0588235294117647,0.0441176470588236
N4_strategy,deepseek-v4-flash-0731,poolact,evidence_audit,task,cc-large:7,evidence_acc_mi,fraction,4,cost_tight,item_equal_weight_after_within_item_mean,100,0–100,percentage_points,true,,,,,,,,,,,,,,,,,,,0.8235294117647058,1,1,0,416,deepseek_rerun_20260912,0.838235294117647,1,1,0,412,deepseek_rerun_20260912,0.9264705882352942,1,1,0,420,deepseek_rerun_20260912,,,,0.0147058823529412,0.1029411764705884,0.0882352941176472
N4_strategy,deepseek-v4-flash-0731,poolact,evidence_audit,task,cc-large:7,evidence_acc_mv,fraction,4,cost_moderate,item_equal_weight_after_within_item_mean,100,0–100,percentage_points,true,,,,,,,,,,,,,,,,,,,1.0,1,1,0,405,deepseek_rerun_20260912,0.9411764705882353,1,1,0,401,deepseek_rerun_20260912,1.0,1,1,0,409,deepseek_rerun_20260912,,,,-0.0588235294117647,0.0,0.0588235294117647
N4_strategy,deepseek-v4-flash-0731,poolact,evidence_audit,task,cc-large:7,evidence_acc_mv,fraction,4,cost_tight,item_equal_weight_after_within_item_mean,100,0–100,percentage_points,true,,,,,,,,,,,,,,,,,,,0.8235294117647058,1,1,0,417,deepseek_rerun_20260912,0.8823529411764706,1,1,0,413,deepseek_rerun_20260912,0.9411764705882353,1,1,0,421,deepseek_rerun_20260912,,,,0.0588235294117648,0.1176470588235295,0.0588235294117647
N4_strategy,deepseek-v4-flash-0731,poolact,evidence_audit,task,cc-large:7,label_acc_mi,fraction,4,cost_moderate,item_equal_weight_after_within_item_mean,100,0–100,percentage_points,true,,,,,,,,,,,,,,,,,,,0.9705882352941176,1,1,0,406,deepseek_rerun_20260912,0.9411764705882353,1,1,0,402,deepseek_rerun_20260912,1.0,1,1,0,410,deepseek_rerun_20260912,,,,-0.0294117647058823,0.0294117647058824,0.0588235294117647
N4_strategy,deepseek-v4-flash-0731,poolact,evidence_audit,task,cc-large:7,label_acc_mi,fraction,4,cost_tight,item_equal_weight_after_within_item_mean,100,0–100,percentage_points,true,,,,,,,,,,,,,,,,,,,0.8823529411764706,1,1,0,418,deepseek_rerun_20260912,0.9117647058823529,1,1,0,414,deepseek_rerun_20260912,0.9558823529411764,1,1,0,422,deepseek_rerun_20260912,,,,0.0294117647058823,0.0735294117647058,0.0441176470588235
N4_strategy,deepseek-v4-flash-0731,poolact,evidence_audit,task,cc-large:7,label_acc_mv,fraction,4,cost_moderate,item_equal_weight_after_within_item_mean,100,0–100,percentage_points,true,,,,,,,,,,,,,,,,,,,1.0,1,1,0,407,deepseek_rerun_20260912,0.9411764705882353,1,1,0,403,deepseek_rerun_20260912,1.0,1,1,0,411,deepseek_rerun_20260912,,,,-0.0588235294117647,0.0,0.0588235294117647
N4_strategy,deepseek-v4-flash-0731,poolact,evidence_audit,task,cc-large:7,label_acc_mv,fraction,4,cost_tight,item_equal_weight_after_within_item_mean,100,0–100,percentage_points,true,,,,,,,,,,,,,,,,,,,0.8823529411764706,1,1,0,419,deepseek_rerun_20260912,0.9411764705882353,1,1,0,415,deepseek_rerun_20260912,1.0,1,1,0,423,deepseek_rerun_20260912,,,,0.0588235294117647,0.1176470588235294,0.0588235294117647
N4_strategy,deepseek-v4-flash-0731,poolact,evidence_audit,task,cc-large:8,evidence_acc_mi,fraction,4,cost_moderate,item_equal_weight_after_within_item_mean,100,0–100,percentage_points,true,,,,,,,,,,,,,,,,,,,0.42647058823529416,1,1,0,428,deepseek_rerun_20260912,0.5735294117647058,1,1,0,424,deepseek_rerun_20260912,1.0,1,1,0,432,deepseek_rerun_20260912,,,,0.14705882352941164,0.57352941176470584,0.4264705882352942
N4_strategy,deepseek-v4-flash-0731,poolact,evidence_audit,task,cc-large:8,evidence_acc_mi,fraction,4,cost_tight,item_equal_weight_after_within_item_mean,100,0–100,percentage_points,true,,,,,,,,,,,,,,,,,,,0.4852941176470588,1,1,0,440,deepseek_rerun_20260912,0.27941176470588236,1,1,0,436,deepseek_rerun_20260912,0.5,1,1,0,444,deepseek_rerun_20260912,,,,-0.20588235294117644,0.0147058823529412,0.22058823529411764
N4_strategy,deepseek-v4-flash-0731,poolact,evidence_audit,task,cc-large:8,evidence_acc_mv,fraction,4,cost_moderate,item_equal_weight_after_within_item_mean,100,0–100,percentage_points,true,,,,,,,,,,,,,,,,,,,0.35294117647058826,1,1,0,429,deepseek_rerun_20260912,0.6470588235294118,1,1,0,425,deepseek_rerun_20260912,1.0,1,1,0,433,deepseek_rerun_20260912,,,,0.29411764705882354,0.64705882352941174,0.3529411764705882
N4_strategy,deepseek-v4-flash-0731,poolact,evidence_audit,task,cc-large:8,evidence_acc_mv,fraction,4,cost_tight,item_equal_weight_after_within_item_mean,100,0–100,percentage_points,true,,,,,,,,,,,,,,,,,,,0.35294117647058826,1,1,0,441,deepseek_rerun_20260912,0.35294117647058826,1,1,0,437,deepseek_rerun_20260912,0.5294117647058824,1,1,0,445,deepseek_rerun_20260912,,,,0E-17,0.17647058823529414,0.17647058823529414
N4_strategy,deepseek-v4-flash-0731,poolact,evidence_audit,task,cc-large:8,label_acc_mi,fraction,4,cost_moderate,item_equal_weight_after_within_item_mean,100,0–100,percentage_points,true,,,,,,,,,,,,,,,,,,,0.9558823529411764,1,1,0,430,deepseek_rerun_20260912,0.9705882352941176,1,1,0,426,deepseek_rerun_20260912,1.0,1,1,0,434,deepseek_rerun_20260912,,,,0.0147058823529412,0.0441176470588236,0.0294117647058824
N4_strategy,deepseek-v4-flash-0731,poolact,evidence_audit,task,cc-large:8,label_acc_mi,fraction,4,cost_tight,item_equal_weight_after_within_item_mean,100,0–100,percentage_points,true,,,,,,,,,,,,,,,,,,,0.9705882352941176,1,1,0,442,deepseek_rerun_20260912,0.75,1,1,0,438,deepseek_rerun_20260912,0.9852941176470589,1,1,0,446,deepseek_rerun_20260912,,,,-0.2205882352941176,0.0147058823529413,0.2352941176470589
N4_strategy,deepseek-v4-flash-0731,poolact,evidence_audit,task,cc-large:8,label_acc_mv,fraction,4,cost_moderate,item_equal_weight_after_within_item_mean,100,0–100,percentage_points,true,,,,,,,,,,,,,,,,,,,0.9411764705882353,1,1,0,431,deepseek_rerun_20260912,1.0,1,1,0,427,deepseek_rerun_20260912,1.0,1,1,0,435,deepseek_rerun_20260912,,,,0.0588235294117647,0.0588235294117647,0.0
N4_strategy,deepseek-v4-flash-0731,poolact,evidence_audit,task,cc-large:8,label_acc_mv,fraction,4,cost_tight,item_equal_weight_after_within_item_mean,100,0–100,percentage_points,true,,,,,,,,,,,,,,,,,,,1.0,1,1,0,443,deepseek_rerun_20260912,1.0,1,1,0,439,deepseek_rerun_20260912,1.0,1,1,0,447,deepseek_rerun_20260912,,,,0.0,0.0,0.0
N4_strategy,deepseek-v4-flash-0731,poolact,evidence_audit,task,cc-large:9,evidence_acc_mi,fraction,4,cost_moderate,item_equal_weight_after_within_item_mean,100,0–100,percentage_points,true,,,,,,,,,,,,,,,,,,,0.6176470588235294,1,1,0,452,deepseek_rerun_20260912,0.6029411764705883,1,1,0,448,deepseek_rerun_20260912,1.0,1,1,0,456,deepseek_rerun_20260912,,,,-0.0147058823529411,0.3823529411764706,0.3970588235294117
N4_strategy,deepseek-v4-flash-0731,poolact,evidence_audit,task,cc-large:9,evidence_acc_mi,fraction,4,cost_tight,item_equal_weight_after_within_item_mean,100,0–100,percentage_points,true,,,,,,,,,,,,,,,,,,,0.45588235294117646,1,1,0,464,deepseek_rerun_20260912,0.47058823529411764,1,1,0,460,deepseek_rerun_20260912,0.6323529411764706,1,1,0,468,deepseek_rerun_20260912,,,,0.01470588235294118,0.17647058823529414,0.16176470588235296
N4_strategy,deepseek-v4-flash-0731,poolact,evidence_audit,task,cc-large:9,evidence_acc_mv,fraction,4,cost_moderate,item_equal_weight_after_within_item_mean,100,0–100,percentage_points,true,,,,,,,,,,,,,,,,,,,0.5294117647058824,1,1,0,453,deepseek_rerun_20260912,0.5294117647058824,1,1,0,449,deepseek_rerun_20260912,1.0,1,1,0,457,deepseek_rerun_20260912,,,,0E-16,0.4705882352941176,0.4705882352941176
N4_strategy,deepseek-v4-flash-0731,poolact,evidence_audit,task,cc-large:9,evidence_acc_mv,fraction,4,cost_tight,item_equal_weight_after_within_item_mean,100,0–100,percentage_points,true,,,,,,,,,,,,,,,,,,,0.4117647058823529,1,1,0,465,deepseek_rerun_20260912,0.47058823529411764,1,1,0,461,deepseek_rerun_20260912,0.5882352941176471,1,1,0,469,deepseek_rerun_20260912,,,,0.05882352941176474,0.1764705882352942,0.11764705882352946
N4_strategy,deepseek-v4-flash-0731,poolact,evidence_audit,task,cc-large:9,label_acc_mi,fraction,4,cost_moderate,item_equal_weight_after_within_item_mean,100,0–100,percentage_points,true,,,,,,,,,,,,,,,,,,,0.8676470588235294,1,1,0,454,deepseek_rerun_20260912,0.8088235294117647,1,1,0,450,deepseek_rerun_20260912,0.8970588235294117,1,1,0,458,deepseek_rerun_20260912,,,,-0.0588235294117647,0.0294117647058823,0.0882352941176470
N4_strategy,deepseek-v4-flash-0731,poolact,evidence_audit,task,cc-large:9,label_acc_mi,fraction,4,cost_tight,item_equal_weight_after_within_item_mean,100,0–100,percentage_points,true,,,,,,,,,,,,,,,,,,,0.8235294117647058,1,1,0,466,deepseek_rerun_20260912,0.838235294117647,1,1,0,462,deepseek_rerun_20260912,0.8088235294117647,1,1,0,470,deepseek_rerun_20260912,,,,0.0147058823529412,-0.0147058823529411,-0.0294117647058823
N4_strategy,deepseek-v4-flash-0731,poolact,evidence_audit,task,cc-large:9,label_acc_mv,fraction,4,cost_moderate,item_equal_weight_after_within_item_mean,100,0–100,percentage_points,true,,,,,,,,,,,,,,,,,,,0.8235294117647058,1,1,0,455,deepseek_rerun_20260912,0.8823529411764706,1,1,0,451,deepseek_rerun_20260912,0.8823529411764706,1,1,0,459,deepseek_rerun_20260912,,,,0.0588235294117648,0.0588235294117648,0E-16
N4_strategy,deepseek-v4-flash-0731,poolact,evidence_audit,task,cc-large:9,label_acc_mv,fraction,4,cost_tight,item_equal_weight_after_within_item_mean,100,0–100,percentage_points,true,,,,,,,,,,,,,,,,,,,0.8235294117647058,1,1,0,467,deepseek_rerun_20260912,0.8235294117647058,1,1,0,463,deepseek_rerun_20260912,0.8235294117647058,1,1,0,471,deepseek_rerun_20260912,,,,0E-16,0E-16,0E-16
N4_strategy,deepseek-v4-flash-0731,poolact,restricted_search,all,all,f1_mi,fraction,4,cost_moderate,item_equal_weight_after_within_item_mean,100,0–100,percentage_points,true,,,,,,,,,,,,,,,,,,,0.5835880350586233,39,39,0,474,deepseek_rerun_20260912,0.6088368603074485,39,39,0,472,deepseek_rerun_20260912,0.6001585016290899,39,39,0,476,deepseek_rerun_20260912,,,,0.0252488252488252,0.0165704665704666,-0.0086783586783586
N4_strategy,deepseek-v4-flash-0731,poolact,restricted_search,all,all,f1_mi,fraction,4,cost_tight,pool_aggregate_N4,100,0–100,percentage_points,true,,,,,,,,,,,,,,,,,,,0.02564102564102564,39,39,0,480,deepseek_original,0.04700854700854701,39,39,0,478,deepseek_original,0.0549270990447461,39,39,0,482,deepseek_original,,,,0.02136752136752137,0.02928607340372046,0.00791855203619909
N4_strategy,deepseek-v4-flash-0731,poolact,restricted_search,all,all,f1_mv,fraction,4,cost_moderate,item_equal_weight_after_within_item_mean,100,0–100,percentage_points,true,,,,,,,,,,,,,,,,,,,0.6027179791885674,39,39,0,475,deepseek_rerun_20260912,0.6179989944695827,39,39,0,473,deepseek_rerun_20260912,0.613259289729878,39,39,0,477,deepseek_rerun_20260912,,,,0.0152810152810153,0.0105413105413106,-0.0047397047397047
N4_strategy,deepseek-v4-flash-0731,poolact,restricted_search,all,all,f1_mv,fraction,4,cost_tight,pool_aggregate_N4,100,0–100,percentage_points,true,,,,,,,,,,,,,,,,,,,0.02564102564102564,39,39,0,481,deepseek_original,0.04273504273504273,39,39,0,479,deepseek_original,0.07440925087983911,39,39,0,483,deepseek_original,,,,0.01709401709401709,0.04876822523881347,0.03167420814479638
N4_strategy,deepseek-v4-flash-0731,poolact,restricted_search,family,whois,f1_mi,fraction,4,cost_moderate,item_equal_weight_after_within_item_mean,100,0–100,percentage_points,true,,,,,,,,,,,,,,,,,,,0.5835880350586233,39,39,0,486,deepseek_rerun_20260912,0.6088368603074485,39,39,0,484,deepseek_rerun_20260912,0.6001585016290899,39,39,0,488,deepseek_rerun_20260912,,,,0.0252488252488252,0.0165704665704666,-0.0086783586783586
N4_strategy,deepseek-v4-flash-0731,poolact,restricted_search,family,whois,f1_mi,fraction,4,cost_tight,pool_aggregate_N4,100,0–100,percentage_points,true,,,,,,,,,,,,,,,,,,,0.02564102564102564,39,39,0,492,deepseek_original,0.04700854700854701,39,39,0,490,deepseek_original,0.0549270990447461,39,39,0,494,deepseek_original,,,,0.02136752136752137,0.02928607340372046,0.00791855203619909
N4_strategy,deepseek-v4-flash-0731,poolact,restricted_search,family,whois,f1_mv,fraction,4,cost_moderate,item_equal_weight_after_within_item_mean,100,0–100,percentage_points,true,,,,,,,,,,,,,,,,,,,0.6027179791885674,39,39,0,487,deepseek_rerun_20260912,0.6179989944695827,39,39,0,485,deepseek_rerun_20260912,0.613259289729878,39,39,0,489,deepseek_rerun_20260912,,,,0.0152810152810153,0.0105413105413106,-0.0047397047397047
N4_strategy,deepseek-v4-flash-0731,poolact,restricted_search,family,whois,f1_mv,fraction,4,cost_tight,pool_aggregate_N4,100,0–100,percentage_points,true,,,,,,,,,,,,,,,,,,,0.02564102564102564,39,39,0,493,deepseek_original,0.04273504273504273,39,39,0,491,deepseek_original,0.07440925087983911,39,39,0,495,deepseek_original,,,,0.01709401709401709,0.04876822523881347,0.03167420814479638
N4_strategy,deepseek-v4-flash-0731,poolact,restricted_search,task,phantom_seed2:0,f1_mi,fraction,4,cost_moderate,item_equal_weight_after_within_item_mean,100,0–100,percentage_points,true,,,,,,,,,,,,,,,,,,,1.0,1,1,0,498,deepseek_rerun_20260912,1.0,1,1,0,496,deepseek_rerun_20260912,1.0,1,1,0,500,deepseek_rerun_20260912,,,,0.0,0.0,0.0
N4_strategy,deepseek-v4-flash-0731,poolact,restricted_search,task,phantom_seed2:0,f1_mv,fraction,4,cost_moderate,item_equal_weight_after_within_item_mean,100,0–100,percentage_points,true,,,,,,,,,,,,,,,,,,,1.0,1,1,0,499,deepseek_rerun_20260912,1.0,1,1,0,497,deepseek_rerun_20260912,1.0,1,1,0,501,deepseek_rerun_20260912,,,,0.0,0.0,0.0
N4_strategy,deepseek-v4-flash-0731,poolact,restricted_search,task,phantom_seed2:1,f1_mi,fraction,4,cost_moderate,item_equal_weight_after_within_item_mean,100,0–100,percentage_points,true,,,,,,,,,,,,,,,,,,,0.9642857142857143,1,1,0,504,deepseek_rerun_20260912,1.0,1,1,0,502,deepseek_rerun_20260912,1.0,1,1,0,506,deepseek_rerun_20260912,,,,0.0357142857142857,0.0357142857142857,0.0
N4_strategy,deepseek-v4-flash-0731,poolact,restricted_search,task,phantom_seed2:1,f1_mv,fraction,4,cost_moderate,item_equal_weight_after_within_item_mean,100,0–100,percentage_points,true,,,,,,,,,,,,,,,,,,,1.0,1,1,0,505,deepseek_rerun_20260912,1.0,1,1,0,503,deepseek_rerun_20260912,1.0,1,1,0,507,deepseek_rerun_20260912,,,,0.0,0.0,0.0
N4_strategy,deepseek-v4-flash-0731,poolact,restricted_search,task,phantom_seed2:10,f1_mi,fraction,4,cost_moderate,item_equal_weight_after_within_item_mean,100,0–100,percentage_points,true,,,,,,,,,,,,,,,,,,,0.0,1,1,0,510,deepseek_rerun_20260912,0.0,1,1,0,508,deepseek_rerun_20260912,0.0,1,1,0,512,deepseek_rerun_20260912,,,,0.0,0.0,0.0
N4_strategy,deepseek-v4-flash-0731,poolact,restricted_search,task,phantom_seed2:10,f1_mv,fraction,4,cost_moderate,item_equal_weight_after_within_item_mean,100,0–100,percentage_points,true,,,,,,,,,,,,,,,,,,,0.0,1,1,0,511,deepseek_rerun_20260912,0.0,1,1,0,509,deepseek_rerun_20260912,0.0,1,1,0,513,deepseek_rerun_20260912,,,,0.0,0.0,0.0
N4_strategy,deepseek-v4-flash-0731,poolact,restricted_search,task,phantom_seed2:11,f1_mi,fraction,4,cost_moderate,item_equal_weight_after_within_item_mean,100,0–100,percentage_points,true,,,,,,,,,,,,,,,,,,,0.2777777777777778,1,1,0,516,deepseek_rerun_20260912,0.1388888888888889,1,1,0,514,deepseek_rerun_20260912,0.0,1,1,0,518,deepseek_rerun_20260912,,,,-0.1388888888888889,-0.2777777777777778,-0.1388888888888889
N4_strategy,deepseek-v4-flash-0731,poolact,restricted_search,task,phantom_seed2:11,f1_mv,fraction,4,cost_moderate,item_equal_weight_after_within_item_mean,100,0–100,percentage_points,true,,,,,,,,,,,,,,,,,,,0.5555555555555556,1,1,0,517,deepseek_rerun_20260912,0.0,1,1,0,515,deepseek_rerun_20260912,0.0,1,1,0,519,deepseek_rerun_20260912,,,,-0.5555555555555556,-0.5555555555555556,0.0
N4_strategy,deepseek-v4-flash-0731,poolact,restricted_search,task,phantom_seed2:12,f1_mi,fraction,4,cost_moderate,item_equal_weight_after_within_item_mean,100,0–100,percentage_points,true,,,,,,,,,,,,,,,,,,,1.0,1,1,0,522,deepseek_rerun_20260912,1.0,1,1,0,520,deepseek_rerun_20260912,1.0,1,1,0,524,deepseek_rerun_20260912,,,,0.0,0.0,0.0
N4_strategy,deepseek-v4-flash-0731,poolact,restricted_search,task,phantom_seed2:12,f1_mv,fraction,4,cost_moderate,item_equal_weight_after_within_item_mean,100,0–100,percentage_points,true,,,,,,,,,,,,,,,,,,,1.0,1,1,0,523,deepseek_rerun_20260912,1.0,1,1,0,521,deepseek_rerun_20260912,1.0,1,1,0,525,deepseek_rerun_20260912,,,,0.0,0.0,0.0
N4_strategy,deepseek-v4-flash-0731,poolact,restricted_search,task,phantom_seed2:13,f1_mi,fraction,4,cost_moderate,item_equal_weight_after_within_item_mean,100,0–100,percentage_points,true,,,,,,,,,,,,,,,,,,,0.0,1,1,0,528,deepseek_rerun_20260912,0.0,1,1,0,526,deepseek_rerun_20260912,0.0,1,1,0,530,deepseek_rerun_20260912,,,,0.0,0.0,0.0
N4_strategy,deepseek-v4-flash-0731,poolact,restricted_search,task,phantom_seed2:13,f1_mv,fraction,4,cost_moderate,item_equal_weight_after_within_item_mean,100,0–100,percentage_points,true,,,,,,,,,,,,,,,,,,,0.0,1,1,0,529,deepseek_rerun_20260912,0.0,1,1,0,527,deepseek_rerun_20260912,0.0,1,1,0,531,deepseek_rerun_20260912,,,,0.0,0.0,0.0
N4_strategy,deepseek-v4-flash-0731,poolact,restricted_search,task,phantom_seed2:14,f1_mi,fraction,4,cost_moderate,item_equal_weight_after_within_item_mean,100,0–100,percentage_points,true,,,,,,,,,,,,,,,,,,,1.0,1,1,0,534,deepseek_rerun_20260912,1.0,1,1,0,532,deepseek_rerun_20260912,1.0,1,1,0,536,deepseek_rerun_20260912,,,,0.0,0.0,0.0
N4_strategy,deepseek-v4-flash-0731,poolact,restricted_search,task,phantom_seed2:14,f1_mv,fraction,4,cost_moderate,item_equal_weight_after_within_item_mean,100,0–100,percentage_points,true,,,,,,,,,,,,,,,,,,,1.0,1,1,0,535,deepseek_rerun_20260912,1.0,1,1,0,533,deepseek_rerun_20260912,1.0,1,1,0,537,deepseek_rerun_20260912,,,,0.0,0.0,0.0
N4_strategy,deepseek-v4-flash-0731,poolact,restricted_search,task,phantom_seed2:15,f1_mi,fraction,4,cost_moderate,item_equal_weight_after_within_item_mean,100,0–100,percentage_points,true,,,,,,,,,,,,,,,,,,,0.0,1,1,0,540,deepseek_rerun_20260912,0.0,1,1,0,538,deepseek_rerun_20260912,0.0,1,1,0,542,deepseek_rerun_20260912,,,,0.0,0.0,0.0
N4_strategy,deepseek-v4-flash-0731,poolact,restricted_search,task,phantom_seed2:15,f1_mv,fraction,4,cost_moderate,item_equal_weight_after_within_item_mean,100,0–100,percentage_points,true,,,,,,,,,,,,,,,,,,,0.0,1,1,0,541,deepseek_rerun_20260912,0.0,1,1,0,539,deepseek_rerun_20260912,0.0,1,1,0,543,deepseek_rerun_20260912,,,,0.0,0.0,0.0
N4_strategy,deepseek-v4-flash-0731,poolact,restricted_search,task,phantom_seed2:16,f1_mi,fraction,4,cost_moderate,item_equal_weight_after_within_item_mean,100,0–100,percentage_points,true,,,,,,,,,,,,,,,,,,,0.8333333333333333,1,1,0,546,deepseek_rerun_20260912,0.8333333333333333,1,1,0,544,deepseek_rerun_20260912,0.6666666666666666,1,1,0,548,deepseek_rerun_20260912,,,,0E-16,-0.1666666666666667,-0.1666666666666667
N4_strategy,deepseek-v4-flash-0731,poolact,restricted_search,task,phantom_seed2:16,f1_mv,fraction,4,cost_moderate,item_equal_weight_after_within_item_mean,100,0–100,percentage_points,true,,,,,,,,,,,,,,,,,,,1.0,1,1,0,547,deepseek_rerun_20260912,1.0,1,1,0,545,deepseek_rerun_20260912,0.6666666666666666,1,1,0,549,deepseek_rerun_20260912,,,,0.0,-0.3333333333333334,-0.3333333333333334
N4_strategy,deepseek-v4-flash-0731,poolact,restricted_search,task,phantom_seed2:17,f1_mi,fraction,4,cost_moderate,item_equal_weight_after_within_item_mean,100,0–100,percentage_points,true,,,,,,,,,,,,,,,,,,,0.0,1,1,0,552,deepseek_rerun_20260912,0.0,1,1,0,550,deepseek_rerun_20260912,0.0,1,1,0,554,deepseek_rerun_20260912,,,,0.0,0.0,0.0
N4_strategy,deepseek-v4-flash-0731,poolact,restricted_search,task,phantom_seed2:17,f1_mv,fraction,4,cost_moderate,item_equal_weight_after_within_item_mean,100,0–100,percentage_points,true,,,,,,,,,,,,,,,,,,,0.0,1,1,0,553,deepseek_rerun_20260912,0.0,1,1,0,551,deepseek_rerun_20260912,0.0,1,1,0,555,deepseek_rerun_20260912,,,,0.0,0.0,0.0
N4_strategy,deepseek-v4-flash-0731,poolact,restricted_search,task,phantom_seed2:18,f1_mi,fraction,4,cost_moderate,item_equal_weight_after_within_item_mean,100,0–100,percentage_points,true,,,,,,,,,,,,,,,,,,,0.0,1,1,0,558,deepseek_rerun_20260912,0.0,1,1,0,556,deepseek_rerun_20260912,0.0,1,1,0,560,deepseek_rerun_20260912,,,,0.0,0.0,0.0
N4_strategy,deepseek-v4-flash-0731,poolact,restricted_search,task,phantom_seed2:18,f1_mv,fraction,4,cost_moderate,item_equal_weight_after_within_item_mean,100,0–100,percentage_points,true,,,,,,,,,,,,,,,,,,,0.0,1,1,0,559,deepseek_rerun_20260912,0.0,1,1,0,557,deepseek_rerun_20260912,0.0,1,1,0,561,deepseek_rerun_20260912,,,,0.0,0.0,0.0
N4_strategy,deepseek-v4-flash-0731,poolact,restricted_search,task,phantom_seed2:19,f1_mi,fraction,4,cost_moderate,item_equal_weight_after_within_item_mean,100,0–100,percentage_points,true,,,,,,,,,,,,,,,,,,,0.0,1,1,0,564,deepseek_rerun_20260912,0.0,1,1,0,562,deepseek_rerun_20260912,0.0,1,1,0,566,deepseek_rerun_20260912,,,,0.0,0.0,0.0
N4_strategy,deepseek-v4-flash-0731,poolact,restricted_search,task,phantom_seed2:19,f1_mv,fraction,4,cost_moderate,item_equal_weight_after_within_item_mean,100,0–100,percentage_points,true,,,,,,,,,,,,,,,,,,,0.0,1,1,0,565,deepseek_rerun_20260912,0.0,1,1,0,563,deepseek_rerun_20260912,0.0,1,1,0,567,deepseek_rerun_20260912,,,,0.0,0.0,0.0
N4_strategy,deepseek-v4-flash-0731,poolact,restricted_search,task,phantom_seed2:2,f1_mi,fraction,4,cost_moderate,item_equal_weight_after_within_item_mean,100,0–100,percentage_points,true,,,,,,,,,,,,,,,,,,,1.0,1,1,0,570,deepseek_rerun_20260912,1.0,1,1,0,568,deepseek_rerun_20260912,1.0,1,1,0,572,deepseek_rerun_20260912,,,,0.0,0.0,0.0
N4_strategy,deepseek-v4-flash-0731,poolact,restricted_search,task,phantom_seed2:2,f1_mv,fraction,4,cost_moderate,item_equal_weight_after_within_item_mean,100,0–100,percentage_points,true,,,,,,,,,,,,,,,,,,,1.0,1,1,0,571,deepseek_rerun_20260912,1.0,1,1,0,569,deepseek_rerun_20260912,1.0,1,1,0,573,deepseek_rerun_20260912,,,,0.0,0.0,0.0
N4_strategy,deepseek-v4-flash-0731,poolact,restricted_search,task,phantom_seed2:3,f1_mi,fraction,4,cost_moderate,item_equal_weight_after_within_item_mean,100,0–100,percentage_points,true,,,,,,,,,,,,,,,,,,,0.6666666666666666,1,1,0,576,deepseek_rerun_20260912,0.9166666666666666,1,1,0,574,deepseek_rerun_20260912,1.0,1,1,0,578,deepseek_rerun_20260912,,,,0.2500000000000000,0.3333333333333334,0.0833333333333334
N4_strategy,deepseek-v4-flash-0731,poolact,restricted_search,task,phantom_seed2:3,f1_mv,fraction,4,cost_moderate,item_equal_weight_after_within_item_mean,100,0–100,percentage_points,true,,,,,,,,,,,,,,,,,,,0.6666666666666666,1,1,0,577,deepseek_rerun_20260912,1.0,1,1,0,575,deepseek_rerun_20260912,1.0,1,1,0,579,deepseek_rerun_20260912,,,,0.3333333333333334,0.3333333333333334,0.0
N4_strategy,deepseek-v4-flash-0731,poolact,restricted_search,task,phantom_seed2:4,f1_mi,fraction,4,cost_moderate,item_equal_weight_after_within_item_mean,100,0–100,percentage_points,true,,,,,,,,,,,,,,,,,,,1.0,1,1,0,582,deepseek_rerun_20260912,1.0,1,1,0,580,deepseek_rerun_20260912,0.9166666666666666,1,1,0,584,deepseek_rerun_20260912,,,,0.0,-0.0833333333333334,-0.0833333333333334
N4_strategy,deepseek-v4-flash-0731,poolact,restricted_search,task,phantom_seed2:4,f1_mv,fraction,4,cost_moderate,item_equal_weight_after_within_item_mean,100,0–100,percentage_points,true,,,,,,,,,,,,,,,,,,,1.0,1,1,0,583,deepseek_rerun_20260912,1.0,1,1,0,581,deepseek_rerun_20260912,1.0,1,1,0,585,deepseek_rerun_20260912,,,,0.0,0.0,0.0
N4_strategy,deepseek-v4-flash-0731,poolact,restricted_search,task,phantom_seed2:5,f1_mi,fraction,4,cost_moderate,item_equal_weight_after_within_item_mean,100,0–100,percentage_points,true,,,,,,,,,,,,,,,,,,,0.95,1,1,0,588,deepseek_rerun_20260912,0.9166666666666666,1,1,0,586,deepseek_rerun_20260912,1.0,1,1,0,590,deepseek_rerun_20260912,,,,-0.0333333333333334,0.05,0.0833333333333334
N4_strategy,deepseek-v4-flash-0731,poolact,restricted_search,task,phantom_seed2:5,f1_mv,fraction,4,cost_moderate,item_equal_weight_after_within_item_mean,100,0–100,percentage_points,true,,,,,,,,,,,,,,,,,,,1.0,1,1,0,589,deepseek_rerun_20260912,1.0,1,1,0,587,deepseek_rerun_20260912,1.0,1,1,0,591,deepseek_rerun_20260912,,,,0.0,0.0,0.0
N4_strategy,deepseek-v4-flash-0731,poolact,restricted_search,task,phantom_seed2:6,f1_mi,fraction,4,cost_moderate,item_equal_weight_after_within_item_mean,100,0–100,percentage_points,true,,,,,,,,,,,,,,,,,,,1.0,1,1,0,594,deepseek_rerun_20260912,1.0,1,1,0,592,deepseek_rerun_20260912,1.0,1,1,0,596,deepseek_rerun_20260912,,,,0.0,0.0,0.0
N4_strategy,deepseek-v4-flash-0731,poolact,restricted_search,task,phantom_seed2:6,f1_mv,fraction,4,cost_moderate,item_equal_weight_after_within_item_mean,100,0–100,percentage_points,true,,,,,,,,,,,,,,,,,,,1.0,1,1,0,595,deepseek_rerun_20260912,1.0,1,1,0,593,deepseek_rerun_20260912,1.0,1,1,0,597,deepseek_rerun_20260912,,,,0.0,0.0,0.0
N4_strategy,deepseek-v4-flash-0731,poolact,restricted_search,task,phantom_seed2:7,f1_mi,fraction,4,cost_moderate,item_equal_weight_after_within_item_mean,100,0–100,percentage_points,true,,,,,,,,,,,,,,,,,,,1.0,1,1,0,600,deepseek_rerun_20260912,1.0,1,1,0,598,deepseek_rerun_20260912,1.0,1,1,0,602,deepseek_rerun_20260912,,,,0.0,0.0,0.0
N4_strategy,deepseek-v4-flash-0731,poolact,restricted_search,task,phantom_seed2:7,f1_mv,fraction,4,cost_moderate,item_equal_weight_after_within_item_mean,100,0–100,percentage_points,true,,,,,,,,,,,,,,,,,,,1.0,1,1,0,601,deepseek_rerun_20260912,1.0,1,1,0,599,deepseek_rerun_20260912,1.0,1,1,0,603,deepseek_rerun_20260912,,,,0.0,0.0,0.0
N4_strategy,deepseek-v4-flash-0731,poolact,restricted_search,task,phantom_seed2:8,f1_mi,fraction,4,cost_moderate,item_equal_weight_after_within_item_mean,100,0–100,percentage_points,true,,,,,,,,,,,,,,,,,,,0.6666666666666666,1,1,0,606,deepseek_rerun_20260912,0.6666666666666666,1,1,0,604,deepseek_rerun_20260912,0.6666666666666666,1,1,0,608,deepseek_rerun_20260912,,,,0E-16,0E-16,0E-16
N4_strategy,deepseek-v4-flash-0731,poolact,restricted_search,task,phantom_seed2:8,f1_mv,fraction,4,cost_moderate,item_equal_weight_after_within_item_mean,100,0–100,percentage_points,true,,,,,,,,,,,,,,,,,,,0.6666666666666666,1,1,0,607,deepseek_rerun_20260912,0.6666666666666666,1,1,0,605,deepseek_rerun_20260912,0.6666666666666666,1,1,0,609,deepseek_rerun_20260912,,,,0E-16,0E-16,0E-16
N4_strategy,deepseek-v4-flash-0731,poolact,restricted_search,task,phantom_seed2:9,f1_mi,fraction,4,cost_moderate,item_equal_weight_after_within_item_mean,100,0–100,percentage_points,true,,,,,,,,,,,,,,,,,,,1.0,1,1,0,612,deepseek_rerun_20260912,1.0,1,1,0,610,deepseek_rerun_20260912,1.0,1,1,0,614,deepseek_rerun_20260912,,,,0.0,0.0,0.0
N4_strategy,deepseek-v4-flash-0731,poolact,restricted_search,task,phantom_seed2:9,f1_mv,fraction,4,cost_moderate,item_equal_weight_after_within_item_mean,100,0–100,percentage_points,true,,,,,,,,,,,,,,,,,,,1.0,1,1,0,613,deepseek_rerun_20260912,1.0,1,1,0,611,deepseek_rerun_20260912,1.0,1,1,0,615,deepseek_rerun_20260912,,,,0.0,0.0,0.0
N4_strategy,deepseek-v4-flash-0731,poolact,restricted_search,task,phantom_seed3:0,f1_mi,fraction,4,cost_moderate,item_equal_weight_after_within_item_mean,100,0–100,percentage_points,true,,,,,,,,,,,,,,,,,,,1.0,1,1,0,618,deepseek_rerun_20260912,1.0,1,1,0,616,deepseek_rerun_20260912,1.0,1,1,0,620,deepseek_rerun_20260912,,,,0.0,0.0,0.0
N4_strategy,deepseek-v4-flash-0731,poolact,restricted_search,task,phantom_seed3:0,f1_mv,fraction,4,cost_moderate,item_equal_weight_after_within_item_mean,100,0–100,percentage_points,true,,,,,,,,,,,,,,,,,,,1.0,1,1,0,619,deepseek_rerun_20260912,1.0,1,1,0,617,deepseek_rerun_20260912,1.0,1,1,0,621,deepseek_rerun_20260912,,,,0.0,0.0,0.0
N4_strategy,deepseek-v4-flash-0731,poolact,restricted_search,task,phantom_seed3:1,f1_mi,fraction,4,cost_moderate,item_equal_weight_after_within_item_mean,100,0–100,percentage_points,true,,,,,,,,,,,,,,,,,,,0.6666666666666666,1,1,0,624,deepseek_rerun_20260912,0.6666666666666666,1,1,0,622,deepseek_rerun_20260912,0.6666666666666666,1,1,0,626,deepseek_rerun_20260912,,,,0E-16,0E-16,0E-16
N4_strategy,deepseek-v4-flash-0731,poolact,restricted_search,task,phantom_seed3:1,f1_mv,fraction,4,cost_moderate,item_equal_weight_after_within_item_mean,100,0–100,percentage_points,true,,,,,,,,,,,,,,,,,,,0.6666666666666666,1,1,0,625,deepseek_rerun_20260912,0.6666666666666666,1,1,0,623,deepseek_rerun_20260912,0.6666666666666666,1,1,0,627,deepseek_rerun_20260912,,,,0E-16,0E-16,0E-16
N4_strategy,deepseek-v4-flash-0731,poolact,restricted_search,task,phantom_seed3:10,f1_mi,fraction,4,cost_moderate,item_equal_weight_after_within_item_mean,100,0–100,percentage_points,true,,,,,,,,,,,,,,,,,,,0.23529411764705882,1,1,0,630,deepseek_rerun_20260912,0.23529411764705882,1,1,0,628,deepseek_rerun_20260912,0.23529411764705882,1,1,0,632,deepseek_rerun_20260912,,,,0E-17,0E-17,0E-17
N4_strategy,deepseek-v4-flash-0731,poolact,restricted_search,task,phantom_seed3:10,f1_mv,fraction,4,cost_moderate,item_equal_weight_after_within_item_mean,100,0–100,percentage_points,true,,,,,,,,,,,,,,,,,,,0.23529411764705882,1,1,0,631,deepseek_rerun_20260912,0.23529411764705882,1,1,0,629,deepseek_rerun_20260912,0.23529411764705882,1,1,0,633,deepseek_rerun_20260912,,,,0E-17,0E-17,0E-17
N4_strategy,deepseek-v4-flash-0731,poolact,restricted_search,task,phantom_seed3:11,f1_mi,fraction,4,cost_moderate,item_equal_weight_after_within_item_mean,100,0–100,percentage_points,true,,,,,,,,,,,,,,,,,,,1.0,1,1,0,636,deepseek_rerun_20260912,1.0,1,1,0,634,deepseek_rerun_20260912,1.0,1,1,0,638,deepseek_rerun_20260912,,,,0.0,0.0,0.0
N4_strategy,deepseek-v4-flash-0731,poolact,restricted_search,task,phantom_seed3:11,f1_mv,fraction,4,cost_moderate,item_equal_weight_after_within_item_mean,100,0–100,percentage_points,true,,,,,,,,,,,,,,,,,,,1.0,1,1,0,637,deepseek_rerun_20260912,1.0,1,1,0,635,deepseek_rerun_20260912,1.0,1,1,0,639,deepseek_rerun_20260912,,,,0.0,0.0,0.0
N4_strategy,deepseek-v4-flash-0731,poolact,restricted_search,task,phantom_seed3:12,f1_mi,fraction,4,cost_moderate,item_equal_weight_after_within_item_mean,100,0–100,percentage_points,true,,,,,,,,,,,,,,,,,,,0.0,1,1,0,642,deepseek_rerun_20260912,0.0,1,1,0,640,deepseek_rerun_20260912,0.0,1,1,0,644,deepseek_rerun_20260912,,,,0.0,0.0,0.0
N4_strategy,deepseek-v4-flash-0731,poolact,restricted_search,task,phantom_seed3:12,f1_mv,fraction,4,cost_moderate,item_equal_weight_after_within_item_mean,100,0–100,percentage_points,true,,,,,,,,,,,,,,,,,,,0.0,1,1,0,643,deepseek_rerun_20260912,0.0,1,1,0,641,deepseek_rerun_20260912,0.0,1,1,0,645,deepseek_rerun_20260912,,,,0.0,0.0,0.0
N4_strategy,deepseek-v4-flash-0731,poolact,restricted_search,task,phantom_seed3:13,f1_mi,fraction,4,cost_moderate,item_equal_weight_after_within_item_mean,100,0–100,percentage_points,true,,,,,,,,,,,,,,,,,,,1.0,1,1,0,648,deepseek_rerun_20260912,1.0,1,1,0,646,deepseek_rerun_20260912,1.0,1,1,0,650,deepseek_rerun_20260912,,,,0.0,0.0,0.0
N4_strategy,deepseek-v4-flash-0731,poolact,restricted_search,task,phantom_seed3:13,f1_mv,fraction,4,cost_moderate,item_equal_weight_after_within_item_mean,100,0–100,percentage_points,true,,,,,,,,,,,,,,,,,,,1.0,1,1,0,649,deepseek_rerun_20260912,1.0,1,1,0,647,deepseek_rerun_20260912,1.0,1,1,0,651,deepseek_rerun_20260912,,,,0.0,0.0,0.0
N4_strategy,deepseek-v4-flash-0731,poolact,restricted_search,task,phantom_seed3:14,f1_mi,fraction,4,cost_moderate,item_equal_weight_after_within_item_mean,100,0–100,percentage_points,true,,,,,,,,,,,,,,,,,,,1.0,1,1,0,654,deepseek_rerun_20260912,1.0,1,1,0,652,deepseek_rerun_20260912,1.0,1,1,0,656,deepseek_rerun_20260912,,,,0.0,0.0,0.0
N4_strategy,deepseek-v4-flash-0731,poolact,restricted_search,task,phantom_seed3:14,f1_mv,fraction,4,cost_moderate,item_equal_weight_after_within_item_mean,100,0–100,percentage_points,true,,,,,,,,,,,,,,,,,,,1.0,1,1,0,655,deepseek_rerun_20260912,1.0,1,1,0,653,deepseek_rerun_20260912,1.0,1,1,0,657,deepseek_rerun_20260912,,,,0.0,0.0,0.0
N4_strategy,deepseek-v4-flash-0731,poolact,restricted_search,task,phantom_seed3:15,f1_mi,fraction,4,cost_moderate,item_equal_weight_after_within_item_mean,100,0–100,percentage_points,true,,,,,,,,,,,,,,,,,,,0.0,1,1,0,660,deepseek_rerun_20260912,0.0,1,1,0,658,deepseek_rerun_20260912,0.0,1,1,0,662,deepseek_rerun_20260912,,,,0.0,0.0,0.0
N4_strategy,deepseek-v4-flash-0731,poolact,restricted_search,task,phantom_seed3:15,f1_mv,fraction,4,cost_moderate,item_equal_weight_after_within_item_mean,100,0–100,percentage_points,true,,,,,,,,,,,,,,,,,,,0.0,1,1,0,661,deepseek_rerun_20260912,0.0,1,1,0,659,deepseek_rerun_20260912,0.0,1,1,0,663,deepseek_rerun_20260912,,,,0.0,0.0,0.0
N4_strategy,deepseek-v4-flash-0731,poolact,restricted_search,task,phantom_seed3:16,f1_mi,fraction,4,cost_moderate,item_equal_weight_after_within_item_mean,100,0–100,percentage_points,true,,,,,,,,,,,,,,,,,,,0.09090909090909091,1,1,0,666,deepseek_rerun_20260912,0.21212121212121215,1,1,0,664,deepseek_rerun_20260912,0.27922077922077926,1,1,0,668,deepseek_rerun_20260912,,,,0.12121212121212124,0.18831168831168835,0.06709956709956711
N4_strategy,deepseek-v4-flash-0731,poolact,restricted_search,task,phantom_seed3:16,f1_mv,fraction,4,cost_moderate,item_equal_weight_after_within_item_mean,100,0–100,percentage_points,true,,,,,,,,,,,,,,,,,,,0.18181818181818182,1,1,0,667,deepseek_rerun_20260912,0.33333333333333337,1,1,0,665,deepseek_rerun_20260912,0.18181818181818182,1,1,0,669,deepseek_rerun_20260912,,,,0.15151515151515155,0E-17,-0.15151515151515155
N4_strategy,deepseek-v4-flash-0731,poolact,restricted_search,task,phantom_seed3:17,f1_mi,fraction,4,cost_moderate,item_equal_weight_after_within_item_mean,100,0–100,percentage_points,true,,,,,,,,,,,,,,,,,,,0.0,1,1,0,672,deepseek_rerun_20260912,0.0,1,1,0,670,deepseek_rerun_20260912,0.0,1,1,0,674,deepseek_rerun_20260912,,,,0.0,0.0,0.0
N4_strategy,deepseek-v4-flash-0731,poolact,restricted_search,task,phantom_seed3:17,f1_mv,fraction,4,cost_moderate,item_equal_weight_after_within_item_mean,100,0–100,percentage_points,true,,,,,,,,,,,,,,,,,,,0.0,1,1,0,673,deepseek_rerun_20260912,0.0,1,1,0,671,deepseek_rerun_20260912,0.0,1,1,0,675,deepseek_rerun_20260912,,,,0.0,0.0,0.0
N4_strategy,deepseek-v4-flash-0731,poolact,restricted_search,task,phantom_seed3:18,f1_mi,fraction,4,cost_moderate,item_equal_weight_after_within_item_mean,100,0–100,percentage_points,true,,,,,,,,,,,,,,,,,,,0.0,1,1,0,678,deepseek_rerun_20260912,0.0,1,1,0,676,deepseek_rerun_20260912,0.0,1,1,0,680,deepseek_rerun_20260912,,,,0.0,0.0,0.0
N4_strategy,deepseek-v4-flash-0731,poolact,restricted_search,task,phantom_seed3:18,f1_mv,fraction,4,cost_moderate,item_equal_weight_after_within_item_mean,100,0–100,percentage_points,true,,,,,,,,,,,,,,,,,,,0.0,1,1,0,679,deepseek_rerun_20260912,0.0,1,1,0,677,deepseek_rerun_20260912,0.0,1,1,0,681,deepseek_rerun_20260912,,,,0.0,0.0,0.0
N4_strategy,deepseek-v4-flash-0731,poolact,restricted_search,task,phantom_seed3:2,f1_mi,fraction,4,cost_moderate,item_equal_weight_after_within_item_mean,100,0–100,percentage_points,true,,,,,,,,,,,,,,,,,,,1.0,1,1,0,684,deepseek_rerun_20260912,1.0,1,1,0,682,deepseek_rerun_20260912,1.0,1,1,0,686,deepseek_rerun_20260912,,,,0.0,0.0,0.0
N4_strategy,deepseek-v4-flash-0731,poolact,restricted_search,task,phantom_seed3:2,f1_mv,fraction,4,cost_moderate,item_equal_weight_after_within_item_mean,100,0–100,percentage_points,true,,,,,,,,,,,,,,,,,,,1.0,1,1,0,685,deepseek_rerun_20260912,1.0,1,1,0,683,deepseek_rerun_20260912,1.0,1,1,0,687,deepseek_rerun_20260912,,,,0.0,0.0,0.0
N4_strategy,deepseek-v4-flash-0731,poolact,restricted_search,task,phantom_seed3:3,f1_mi,fraction,4,cost_moderate,item_equal_weight_after_within_item_mean,100,0–100,percentage_points,true,,,,,,,,,,,,,,,,,,,0.775,1,1,0,690,deepseek_rerun_20260912,1.0,1,1,0,688,deepseek_rerun_20260912,0.875,1,1,0,692,deepseek_rerun_20260912,,,,0.225,0.100,-0.125
N4_strategy,deepseek-v4-flash-0731,poolact,restricted_search,task,phantom_seed3:3,f1_mv,fraction,4,cost_moderate,item_equal_weight_after_within_item_mean,100,0–100,percentage_points,true,,,,,,,,,,,,,,,,,,,0.8,1,1,0,691,deepseek_rerun_20260912,1.0,1,1,0,689,deepseek_rerun_20260912,1.0,1,1,0,693,deepseek_rerun_20260912,,,,0.2,0.2,0.0
N4_strategy,deepseek-v4-flash-0731,poolact,restricted_search,task,phantom_seed3:4,f1_mi,fraction,4,cost_moderate,item_equal_weight_after_within_item_mean,100,0–100,percentage_points,true,,,,,,,,,,,,,,,,,,,1.0,1,1,0,696,deepseek_rerun_20260912,1.0,1,1,0,694,deepseek_rerun_20260912,1.0,1,1,0,698,deepseek_rerun_20260912,,,,0.0,0.0,0.0
N4_strategy,deepseek-v4-flash-0731,poolact,restricted_search,task,phantom_seed3:4,f1_mv,fraction,4,cost_moderate,item_equal_weight_after_within_item_mean,100,0–100,percentage_points,true,,,,,,,,,,,,,,,,,,,1.0,1,1,0,697,deepseek_rerun_20260912,1.0,1,1,0,695,deepseek_rerun_20260912,1.0,1,1,0,699,deepseek_rerun_20260912,,,,0.0,0.0,0.0
N4_strategy,deepseek-v4-flash-0731,poolact,restricted_search,task,phantom_seed3:5,f1_mi,fraction,4,cost_moderate,item_equal_weight_after_within_item_mean,100,0–100,percentage_points,true,,,,,,,,,,,,,,,,,,,1.0,1,1,0,702,deepseek_rerun_20260912,1.0,1,1,0,700,deepseek_rerun_20260912,1.0,1,1,0,704,deepseek_rerun_20260912,,,,0.0,0.0,0.0
N4_strategy,deepseek-v4-flash-0731,poolact,restricted_search,task,phantom_seed3:5,f1_mv,fraction,4,cost_moderate,item_equal_weight_after_within_item_mean,100,0–100,percentage_points,true,,,,,,,,,,,,,,,,,,,1.0,1,1,0,703,deepseek_rerun_20260912,1.0,1,1,0,701,deepseek_rerun_20260912,1.0,1,1,0,705,deepseek_rerun_20260912,,,,0.0,0.0,0.0
N4_strategy,deepseek-v4-flash-0731,poolact,restricted_search,task,phantom_seed3:6,f1_mi,fraction,4,cost_moderate,item_equal_weight_after_within_item_mean,100,0–100,percentage_points,true,,,,,,,,,,,,,,,,,,,0.30000000000000004,1,1,0,708,deepseek_rerun_20260912,0.30000000000000004,1,1,0,706,deepseek_rerun_20260912,0.85,1,1,0,710,deepseek_rerun_20260912,,,,0E-17,0.54999999999999996,0.54999999999999996
N4_strategy,deepseek-v4-flash-0731,poolact,restricted_search,task,phantom_seed3:6,f1_mv,fraction,4,cost_moderate,item_equal_weight_after_within_item_mean,100,0–100,percentage_points,true,,,,,,,,,,,,,,,,,,,0.4,1,1,0,709,deepseek_rerun_20260912,0.4,1,1,0,707,deepseek_rerun_20260912,1.0,1,1,0,711,deepseek_rerun_20260912,,,,0.0,0.6,0.6
N4_strategy,deepseek-v4-flash-0731,poolact,restricted_search,task,phantom_seed3:7,f1_mi,fraction,4,cost_moderate,item_equal_weight_after_within_item_mean,100,0–100,percentage_points,true,,,,,,,,,,,,,,,,,,,1.0,1,1,0,714,deepseek_rerun_20260912,1.0,1,1,0,712,deepseek_rerun_20260912,1.0,1,1,0,716,deepseek_rerun_20260912,,,,0.0,0.0,0.0
N4_strategy,deepseek-v4-flash-0731,poolact,restricted_search,task,phantom_seed3:7,f1_mv,fraction,4,cost_moderate,item_equal_weight_after_within_item_mean,100,0–100,percentage_points,true,,,,,,,,,,,,,,,,,,,1.0,1,1,0,715,deepseek_rerun_20260912,1.0,1,1,0,713,deepseek_rerun_20260912,1.0,1,1,0,717,deepseek_rerun_20260912,,,,0.0,0.0,0.0
N4_strategy,deepseek-v4-flash-0731,poolact,restricted_search,task,phantom_seed3:8,f1_mi,fraction,4,cost_moderate,item_equal_weight_after_within_item_mean,100,0–100,percentage_points,true,,,,,,,,,,,,,,,,,,,0.08333333333333334,1,1,0,720,deepseek_rerun_20260912,0.08333333333333334,1,1,0,718,deepseek_rerun_20260912,0.0,1,1,0,722,deepseek_rerun_20260912,,,,0E-17,-0.08333333333333334,-0.08333333333333334
N4_strategy,deepseek-v4-flash-0731,poolact,restricted_search,task,phantom_seed3:8,f1_mv,fraction,4,cost_moderate,item_equal_weight_after_within_item_mean,100,0–100,percentage_points,true,,,,,,,,,,,,,,,,,,,0.33333333333333337,1,1,0,721,deepseek_rerun_20260912,0.0,1,1,0,719,deepseek_rerun_20260912,0.0,1,1,0,723,deepseek_rerun_20260912,,,,-0.33333333333333337,-0.33333333333333337,0.0
N4_strategy,deepseek-v4-flash-0731,poolact,restricted_search,task,phantom_seed3:9,f1_mi,fraction,4,cost_moderate,item_equal_weight_after_within_item_mean,100,0–100,percentage_points,true,,,,,,,,,,,,,,,,,,,0.25,1,1,0,726,deepseek_rerun_20260912,0.775,1,1,0,724,deepseek_rerun_20260912,0.25,1,1,0,728,deepseek_rerun_20260912,,,,0.525,0.00,-0.525
N4_strategy,deepseek-v4-flash-0731,poolact,restricted_search,task,phantom_seed3:9,f1_mv,fraction,4,cost_moderate,item_equal_weight_after_within_item_mean,100,0–100,percentage_points,true,,,,,,,,,,,,,,,,,,,0.0,1,1,0,727,deepseek_rerun_20260912,0.8,1,1,0,725,deepseek_rerun_20260912,0.5,1,1,0,729,deepseek_rerun_20260912,,,,0.8,0.5,-0.3
N4_strategy,deepseek-v4-flash-0731,poolact,tuning,all,all,gap0_bon,Gap points,4,cost_moderate,item_equal_weight_after_within_item_mean,1,Gap points,Gap points,true,,,,,,,,,,,,,,,,,,,98.70192466613308,9,9,0,736,deepseek_rerun_20260912,98.80330717371424,9,9,0,730,deepseek_rerun_20260912,98.99799338949595,9,9,0,742,deepseek_rerun_20260912,,,,0.10138250758116,0.29606872336287,0.19468621578171
N4_strategy,deepseek-v4-flash-0731,poolact,tuning,all,all,gap0_bon,Gap points,4,cost_tight,item_equal_weight_after_within_item_mean,1,Gap points,Gap points,true,,,,,,,,,,,,,,,,,,,94.87641050496711,9,9,0,754,deepseek_rerun_20260912,95.21150805628984,9,9,0,748,deepseek_rerun_20260912,98.2825756756157,9,9,0,760,deepseek_rerun_20260912,,,,0.33509755132273,3.40616517064859,3.07106761932586
N4_strategy,deepseek-v4-flash-0731,poolact,tuning,all,all,gap0_mi,Gap points,4,cost_moderate,item_equal_weight_after_within_item_mean,1,Gap points,Gap points,true,,,,,,,,,,,,,,,,,,,96.72433990160577,9,9,0,737,deepseek_rerun_20260912,96.26514512867054,9,9,0,731,deepseek_rerun_20260912,98.73849270264257,9,9,0,743,deepseek_rerun_20260912,,,,-0.45919477293523,2.01415280103680,2.47334757397203
N4_strategy,deepseek-v4-flash-0731,poolact,tuning,all,all,gap0_mi,Gap points,4,cost_tight,item_equal_weight_after_within_item_mean,1,Gap points,Gap points,true,,,,,,,,,,,,,,,,,,,83.20315718707613,9,9,0,755,deepseek_rerun_20260912,82.9839402286484,9,9,0,749,deepseek_rerun_20260912,95.29212559185709,9,9,0,761,deepseek_rerun_20260912,,,,-0.21921695842773,12.08896840478096,12.30818536320869
N4_strategy,deepseek-v4-flash-0731,poolact,tuning,all,all,gap_bon,Gap points,4,cost_moderate,item_equal_weight_after_within_item_mean,1,Gap points,Gap points,true,,,,,,,,,,,,,,,,,,,98.70192466613308,9,9,0,738,deepseek_rerun_20260912,98.80330717371424,9,9,0,732,deepseek_rerun_20260912,98.99799338949595,9,9,0,744,deepseek_rerun_20260912,,,,0.10138250758116,0.29606872336287,0.19468621578171
N4_strategy,deepseek-v4-flash-0731,poolact,tuning,all,all,gap_bon,Gap points,4,cost_tight,item_equal_weight_after_within_item_mean,1,Gap points,Gap points,true,,,,,,,,,,,,,,,,,,,94.87641050496711,9,9,0,756,deepseek_rerun_20260912,95.21150805628984,9,9,0,750,deepseek_rerun_20260912,98.2825756756157,9,9,0,762,deepseek_rerun_20260912,,,,0.33509755132273,3.40616517064859,3.07106761932586
N4_strategy,deepseek-v4-flash-0731,poolact,tuning,all,all,gap_mi,Gap points,4,cost_moderate,item_equal_weight_after_within_item_mean,1,Gap points,Gap points,true,,,,,,,,,,,,,,,,,,,96.72433990160577,9,9,0,739,deepseek_rerun_20260912,96.26514512867054,9,9,0,733,deepseek_rerun_20260912,98.73849270264257,9,9,0,745,deepseek_rerun_20260912,,,,-0.45919477293523,2.01415280103680,2.47334757397203
N4_strategy,deepseek-v4-flash-0731,poolact,tuning,all,all,gap_mi,Gap points,4,cost_tight,item_equal_weight_after_within_item_mean,1,Gap points,Gap points,true,,,,,,,,,,,,,,,,,,,83.20315718707613,9,9,0,757,deepseek_rerun_20260912,82.9839402286484,9,9,0,751,deepseek_rerun_20260912,95.29212559185709,9,9,0,763,deepseek_rerun_20260912,,,,-0.21921695842773,12.08896840478096,12.30818536320869
N4_strategy,deepseek-v4-flash-0731,poolact,tuning,all,all,raw_perf_bon,fraction,4,cost_moderate,item_equal_weight_after_within_item_mean,100,0–100,percentage_points,true,,,,,,,,,,,,,,,,,,,0.9420814006416887,9,9,0,740,deepseek_rerun_20260912,0.9422520487396806,9,9,0,734,deepseek_rerun_20260912,0.9427417295950431,9,9,0,746,deepseek_rerun_20260912,,,,0.0001706480979919,0.0006603289533544,0.0004896808553625
N4_strategy,deepseek-v4-flash-0731,poolact,tuning,all,all,raw_perf_bon,fraction,4,cost_tight,item_equal_weight_after_within_item_mean,100,0–100,percentage_points,true,,,,,,,,,,,,,,,,,,,0.917846330889949,9,9,0,758,deepseek_rerun_20260912,0.9185808367199368,9,9,0,752,deepseek_rerun_20260912,0.9385461189128734,9,9,0,764,deepseek_rerun_20260912,,,,0.0007345058299878,0.0206997880229244,0.0199652821929366
N4_strategy,deepseek-v4-flash-0731,poolact,tuning,all,all,raw_perf_mi,fraction,4,cost_moderate,item_equal_weight_after_within_item_mean,100,0–100,percentage_points,true,,,,,,,,,,,,,,,,,,,0.9334852425036607,9,9,0,741,deepseek_rerun_20260912,0.9311602259123767,9,9,0,735,deepseek_rerun_20260912,0.9415991532581824,9,9,0,747,deepseek_rerun_20260912,,,,-0.0023250165912840,0.0081139107545217,0.0104389273458057
N4_strategy,deepseek-v4-flash-0731,poolact,tuning,all,all,raw_perf_mi,fraction,4,cost_tight,item_equal_weight_after_within_item_mean,100,0–100,percentage_points,true,,,,,,,,,,,,,,,,,,,0.8497976395818923,9,9,0,759,deepseek_rerun_20260912,0.8490974411920266,9,9,0,753,deepseek_rerun_20260912,0.924168485182303,9,9,0,765,deepseek_rerun_20260912,,,,-0.0007001983898657,0.0743708456004107,0.0750710439902764
N4_strategy,deepseek-v4-flash-0731,poolact,tuning,family,nasbench101,gap0_bon,Gap points,4,cost_moderate,item_equal_weight_after_within_item_mean,1,Gap points,Gap points,true,,,,,,,,,,,,,,,,,,,98.70192466613308,9,9,0,772,deepseek_rerun_20260912,98.80330717371424,9,9,0,766,deepseek_rerun_20260912,98.99799338949595,9,9,0,778,deepseek_rerun_20260912,,,,0.10138250758116,0.29606872336287,0.19468621578171
N4_strategy,deepseek-v4-flash-0731,poolact,tuning,family,nasbench101,gap0_bon,Gap points,4,cost_tight,item_equal_weight_after_within_item_mean,1,Gap points,Gap points,true,,,,,,,,,,,,,,,,,,,94.87641050496711,9,9,0,790,deepseek_rerun_20260912,95.21150805628984,9,9,0,784,deepseek_rerun_20260912,98.2825756756157,9,9,0,796,deepseek_rerun_20260912,,,,0.33509755132273,3.40616517064859,3.07106761932586
N4_strategy,deepseek-v4-flash-0731,poolact,tuning,family,nasbench101,gap0_mi,Gap points,4,cost_moderate,item_equal_weight_after_within_item_mean,1,Gap points,Gap points,true,,,,,,,,,,,,,,,,,,,96.72433990160577,9,9,0,773,deepseek_rerun_20260912,96.26514512867054,9,9,0,767,deepseek_rerun_20260912,98.73849270264257,9,9,0,779,deepseek_rerun_20260912,,,,-0.45919477293523,2.01415280103680,2.47334757397203
N4_strategy,deepseek-v4-flash-0731,poolact,tuning,family,nasbench101,gap0_mi,Gap points,4,cost_tight,item_equal_weight_after_within_item_mean,1,Gap points,Gap points,true,,,,,,,,,,,,,,,,,,,83.20315718707613,9,9,0,791,deepseek_rerun_20260912,82.9839402286484,9,9,0,785,deepseek_rerun_20260912,95.29212559185709,9,9,0,797,deepseek_rerun_20260912,,,,-0.21921695842773,12.08896840478096,12.30818536320869
N4_strategy,deepseek-v4-flash-0731,poolact,tuning,family,nasbench101,gap_bon,Gap points,4,cost_moderate,item_equal_weight_after_within_item_mean,1,Gap points,Gap points,true,,,,,,,,,,,,,,,,,,,98.70192466613308,9,9,0,774,deepseek_rerun_20260912,98.80330717371424,9,9,0,768,deepseek_rerun_20260912,98.99799338949595,9,9,0,780,deepseek_rerun_20260912,,,,0.10138250758116,0.29606872336287,0.19468621578171
N4_strategy,deepseek-v4-flash-0731,poolact,tuning,family,nasbench101,gap_bon,Gap points,4,cost_tight,item_equal_weight_after_within_item_mean,1,Gap points,Gap points,true,,,,,,,,,,,,,,,,,,,94.87641050496711,9,9,0,792,deepseek_rerun_20260912,95.21150805628984,9,9,0,786,deepseek_rerun_20260912,98.2825756756157,9,9,0,798,deepseek_rerun_20260912,,,,0.33509755132273,3.40616517064859,3.07106761932586
N4_strategy,deepseek-v4-flash-0731,poolact,tuning,family,nasbench101,gap_mi,Gap points,4,cost_moderate,item_equal_weight_after_within_item_mean,1,Gap points,Gap points,true,,,,,,,,,,,,,,,,,,,96.72433990160577,9,9,0,775,deepseek_rerun_20260912,96.26514512867054,9,9,0,769,deepseek_rerun_20260912,98.73849270264257,9,9,0,781,deepseek_rerun_20260912,,,,-0.45919477293523,2.01415280103680,2.47334757397203
N4_strategy,deepseek-v4-flash-0731,poolact,tuning,family,nasbench101,gap_mi,Gap points,4,cost_tight,item_equal_weight_after_within_item_mean,1,Gap points,Gap points,true,,,,,,,,,,,,,,,,,,,83.20315718707613,9,9,0,793,deepseek_rerun_20260912,82.9839402286484,9,9,0,787,deepseek_rerun_20260912,95.29212559185709,9,9,0,799,deepseek_rerun_20260912,,,,-0.21921695842773,12.08896840478096,12.30818536320869
N4_strategy,deepseek-v4-flash-0731,poolact,tuning,family,nasbench101,raw_perf_bon,fraction,4,cost_moderate,item_equal_weight_after_within_item_mean,100,0–100,percentage_points,true,,,,,,,,,,,,,,,,,,,0.9420814006416887,9,9,0,776,deepseek_rerun_20260912,0.9422520487396806,9,9,0,770,deepseek_rerun_20260912,0.9427417295950431,9,9,0,782,deepseek_rerun_20260912,,,,0.0001706480979919,0.0006603289533544,0.0004896808553625
N4_strategy,deepseek-v4-flash-0731,poolact,tuning,family,nasbench101,raw_perf_bon,fraction,4,cost_tight,item_equal_weight_after_within_item_mean,100,0–100,percentage_points,true,,,,,,,,,,,,,,,,,,,0.917846330889949,9,9,0,794,deepseek_rerun_20260912,0.9185808367199368,9,9,0,788,deepseek_rerun_20260912,0.9385461189128734,9,9,0,800,deepseek_rerun_20260912,,,,0.0007345058299878,0.0206997880229244,0.0199652821929366
N4_strategy,deepseek-v4-flash-0731,poolact,tuning,family,nasbench101,raw_perf_mi,fraction,4,cost_moderate,item_equal_weight_after_within_item_mean,100,0–100,percentage_points,true,,,,,,,,,,,,,,,,,,,0.9334852425036607,9,9,0,777,deepseek_rerun_20260912,0.9311602259123767,9,9,0,771,deepseek_rerun_20260912,0.9415991532581824,9,9,0,783,deepseek_rerun_20260912,,,,-0.0023250165912840,0.0081139107545217,0.0104389273458057
N4_strategy,deepseek-v4-flash-0731,poolact,tuning,family,nasbench101,raw_perf_mi,fraction,4,cost_tight,item_equal_weight_after_within_item_mean,100,0–100,percentage_points,true,,,,,,,,,,,,,,,,,,,0.8497976395818923,9,9,0,795,deepseek_rerun_20260912,0.8490974411920266,9,9,0,789,deepseek_rerun_20260912,0.924168485182303,9,9,0,801,deepseek_rerun_20260912,,,,-0.0007001983898657,0.0743708456004107,0.0750710439902764
N4_strategy,deepseek-v4-flash-0731,poolact,tuning,task,hpobench:nasbench101:A,gap0_bon,Gap points,4,cost_moderate,item_equal_weight_after_within_item_mean,1,Gap points,Gap points,true,,,,,,,,,,,,,,,,,,,99.1852356722017,3,3,0,808,deepseek_rerun_20260912,99.20422149215821,3,3,0,802,deepseek_rerun_20260912,99.00646524421393,3,3,0,814,deepseek_rerun_20260912,,,,0.01898581995651,-0.17877042798777,-0.19775624794428
N4_strategy,deepseek-v4-flash-0731,poolact,tuning,task,hpobench:nasbench101:A,gap0_bon,Gap points,4,cost_tight,item_equal_weight_after_within_item_mean,1,Gap points,Gap points,true,,,,,,,,,,,,,,,,,,,90.06303686805194,3,3,0,826,deepseek_rerun_20260912,90.05670826139976,3,3,0,820,deepseek_rerun_20260912,97.9116737234699,3,3,0,832,deepseek_rerun_20260912,,,,-0.00632860665218,7.84863685541796,7.85496546207014
N4_strategy,deepseek-v4-flash-0731,poolact,tuning,task,hpobench:nasbench101:A,gap0_mi,Gap points,4,cost_moderate,item_equal_weight_after_within_item_mean,1,Gap points,Gap points,true,,,,,,,,,,,,,,,,,,,97.90890413426743,3,3,0,809,deepseek_rerun_20260912,96.73580057821732,3,3,0,803,deepseek_rerun_20260912,98.82254870436054,3,3,0,815,deepseek_rerun_20260912,,,,-1.17310355605011,0.91364457009311,2.08674812614322
N4_strategy,deepseek-v4-flash-0731,poolact,tuning,task,hpobench:nasbench101:A,gap0_mi,Gap points,4,cost_tight,item_equal_weight_after_within_item_mean,1,Gap points,Gap points,true,,,,,,,,,,,,,,,,,,,68.09880298982455,3,3,0,827,deepseek_rerun_20260912,68.85621749732157,3,3,0,821,deepseek_rerun_20260912,93.56612989323312,3,3,0,833,deepseek_rerun_20260912,,,,0.75741450749702,25.46732690340857,24.70991239591155
N4_strategy,deepseek-v4-flash-0731,poolact,tuning,task,hpobench:nasbench101:A,gap_bon,Gap points,4,cost_moderate,item_equal_weight_after_within_item_mean,1,Gap points,Gap points,true,,,,,,,,,,,,,,,,,,,99.1852356722017,3,3,0,810,deepseek_rerun_20260912,99.20422149215821,3,3,0,804,deepseek_rerun_20260912,99.00646524421393,3,3,0,816,deepseek_rerun_20260912,,,,0.01898581995651,-0.17877042798777,-0.19775624794428
N4_strategy,deepseek-v4-flash-0731,poolact,tuning,task,hpobench:nasbench101:A,gap_bon,Gap points,4,cost_tight,item_equal_weight_after_within_item_mean,1,Gap points,Gap points,true,,,,,,,,,,,,,,,,,,,90.06303686805194,3,3,0,828,deepseek_rerun_20260912,90.05670826139976,3,3,0,822,deepseek_rerun_20260912,97.9116737234699,3,3,0,834,deepseek_rerun_20260912,,,,-0.00632860665218,7.84863685541796,7.85496546207014
N4_strategy,deepseek-v4-flash-0731,poolact,tuning,task,hpobench:nasbench101:A,gap_mi,Gap points,4,cost_moderate,item_equal_weight_after_within_item_mean,1,Gap points,Gap points,true,,,,,,,,,,,,,,,,,,,97.90890413426743,3,3,0,811,deepseek_rerun_20260912,96.73580057821732,3,3,0,805,deepseek_rerun_20260912,98.82254870436054,3,3,0,817,deepseek_rerun_20260912,,,,-1.17310355605011,0.91364457009311,2.08674812614322
N4_strategy,deepseek-v4-flash-0731,poolact,tuning,task,hpobench:nasbench101:A,gap_mi,Gap points,4,cost_tight,item_equal_weight_after_within_item_mean,1,Gap points,Gap points,true,,,,,,,,,,,,,,,,,,,68.09880298982455,3,3,0,829,deepseek_rerun_20260912,68.85621749732157,3,3,0,823,deepseek_rerun_20260912,93.56612989323312,3,3,0,835,deepseek_rerun_20260912,,,,0.75741450749702,25.46732690340857,24.70991239591155
N4_strategy,deepseek-v4-flash-0731,poolact,tuning,task,hpobench:nasbench101:A,raw_perf_bon,fraction,4,cost_moderate,item_equal_weight_after_within_item_mean,100,0–100,percentage_points,true,,,,,,,,,,,,,,,,,,,0.9403489960564507,3,3,0,812,deepseek_rerun_20260912,0.9404825501971775,3,3,0,806,deepseek_rerun_20260912,0.9390914506382413,3,3,0,818,deepseek_rerun_20260912,,,,0.0001335541407268,-0.0012575454182094,-0.0013910995589362
N4_strategy,deepseek-v4-flash-0731,poolact,tuning,task,hpobench:nasbench101:A,raw_perf_bon,fraction,4,cost_tight,item_equal_weight_after_within_item_mean,100,0–100,percentage_points,true,,,,,,,,,,,,,,,,,,,0.876179662015703,3,3,0,830,deepseek_rerun_20260912,0.8761351439687941,3,3,0,824,deepseek_rerun_20260912,0.9313902325100369,3,3,0,836,deepseek_rerun_20260912,,,,-0.0000445180469089,0.0552105704943339,0.0552550885412428
N4_strategy,deepseek-v4-flash-0731,poolact,tuning,task,hpobench:nasbench101:A,raw_perf_mi,fraction,4,cost_moderate,item_equal_weight_after_within_item_mean,100,0–100,percentage_points,true,,,,,,,,,,,,,,,,,,,0.9313707500696182,3,3,0,813,deepseek_rerun_20260912,0.9231186525689231,3,3,0,807,deepseek_rerun_20260912,0.9377977053324382,3,3,0,819,deepseek_rerun_20260912,,,,-0.0082520975006951,0.0064269552628200,0.0146790527635151
N4_strategy,deepseek-v4-flash-0731,poolact,tuning,task,hpobench:nasbench101:A,raw_perf_mi,fraction,4,cost_tight,item_equal_weight_after_within_item_mean,100,0–100,percentage_points,true,,,,,,,,,,,,,,,,,,,0.7216741210884519,3,3,0,831,deepseek_rerun_20260912,0.7270020892222723,3,3,0,825,deepseek_rerun_20260912,0.9008218728833728,3,3,0,837,deepseek_rerun_20260912,,,,0.0053279681338204,0.1791477517949209,0.1738197836611005
N4_strategy,deepseek-v4-flash-0731,poolact,tuning,task,hpobench:nasbench101:B,gap0_bon,Gap points,4,cost_moderate,item_equal_weight_after_within_item_mean,1,Gap points,Gap points,true,,,,,,,,,,,,,,,,,,,97.17454710110918,3,3,0,844,deepseek_rerun_20260912,97.57194357703939,3,3,0,838,deepseek_rerun_20260912,98.0741511418004,3,3,0,850,deepseek_rerun_20260912,,,,0.39739647593021,0.89960404069122,0.50220756476101
N4_strategy,deepseek-v4-flash-0731,poolact,tuning,task,hpobench:nasbench101:B,gap0_bon,Gap points,4,cost_tight,item_equal_weight_after_within_item_mean,1,Gap points,Gap points,true,,,,,,,,,,,,,,,,,,,95.63736284364522,3,3,0,862,deepseek_rerun_20260912,96.75531314087546,3,3,0,856,deepseek_rerun_20260912,97.73352224972429,3,3,0,868,deepseek_rerun_20260912,,,,1.11795029723024,2.09615940607907,0.97820910884883
N4_strategy,deepseek-v4-flash-0731,poolact,tuning,task,hpobench:nasbench101:B,gap0_mi,Gap points,4,cost_moderate,item_equal_weight_after_within_item_mean,1,Gap points,Gap points,true,,,,,,,,,,,,,,,,,,,94.11109278048134,3,3,0,845,deepseek_rerun_20260912,93.32721532230723,3,3,0,839,deepseek_rerun_20260912,97.67893373651026,3,3,0,851,deepseek_rerun_20260912,,,,-0.78387745817411,3.56784095602892,4.35171841420303
N4_strategy,deepseek-v4-flash-0731,poolact,tuning,task,hpobench:nasbench101:B,gap0_mi,Gap points,4,cost_tight,item_equal_weight_after_within_item_mean,1,Gap points,Gap points,true,,,,,,,,,,,,,,,,,,,87.85645512647464,3,3,0,863,deepseek_rerun_20260912,87.67303637071382,3,3,0,857,deepseek_rerun_20260912,93.35778598119148,3,3,0,869,deepseek_rerun_20260912,,,,-0.18341875576082,5.50133085471684,5.68474961047766
N4_strategy,deepseek-v4-flash-0731,poolact,tuning,task,hpobench:nasbench101:B,gap_bon,Gap points,4,cost_moderate,item_equal_weight_after_within_item_mean,1,Gap points,Gap points,true,,,,,,,,,,,,,,,,,,,97.17454710110918,3,3,0,846,deepseek_rerun_20260912,97.57194357703939,3,3,0,840,deepseek_rerun_20260912,98.0741511418004,3,3,0,852,deepseek_rerun_20260912,,,,0.39739647593021,0.89960404069122,0.50220756476101
N4_strategy,deepseek-v4-flash-0731,poolact,tuning,task,hpobench:nasbench101:B,gap_bon,Gap points,4,cost_tight,item_equal_weight_after_within_item_mean,1,Gap points,Gap points,true,,,,,,,,,,,,,,,,,,,95.63736284364522,3,3,0,864,deepseek_rerun_20260912,96.75531314087546,3,3,0,858,deepseek_rerun_20260912,97.73352224972429,3,3,0,870,deepseek_rerun_20260912,,,,1.11795029723024,2.09615940607907,0.97820910884883
N4_strategy,deepseek-v4-flash-0731,poolact,tuning,task,hpobench:nasbench101:B,gap_mi,Gap points,4,cost_moderate,item_equal_weight_after_within_item_mean,1,Gap points,Gap points,true,,,,,,,,,,,,,,,,,,,94.11109278048134,3,3,0,847,deepseek_rerun_20260912,93.32721532230723,3,3,0,841,deepseek_rerun_20260912,97.67893373651026,3,3,0,853,deepseek_rerun_20260912,,,,-0.78387745817411,3.56784095602892,4.35171841420303
N4_strategy,deepseek-v4-flash-0731,poolact,tuning,task,hpobench:nasbench101:B,gap_mi,Gap points,4,cost_tight,item_equal_weight_after_within_item_mean,1,Gap points,Gap points,true,,,,,,,,,,,,,,,,,,,87.85645512647464,3,3,0,865,deepseek_rerun_20260912,87.67303637071382,3,3,0,859,deepseek_rerun_20260912,93.35778598119148,3,3,0,871,deepseek_rerun_20260912,,,,-0.18341875576082,5.50133085471684,5.68474961047766
N4_strategy,deepseek-v4-flash-0731,poolact,tuning,task,hpobench:nasbench101:B,raw_perf_bon,fraction,4,cost_moderate,item_equal_weight_after_within_item_mean,100,0–100,percentage_points,true,,,,,,,,,,,,,,,,,,,0.9417512483066983,3,3,0,848,deepseek_rerun_20260912,0.9427639775806004,3,3,0,842,deepseek_rerun_20260912,0.9440438085132176,3,3,0,854,deepseek_rerun_20260912,,,,0.0010127292739021,0.0022925602065193,0.0012798309326172
N4_strategy,deepseek-v4-flash-0731,poolact,tuning,task,hpobench:nasbench101:B,raw_perf_bon,fraction,4,cost_tight,item_equal_weight_after_within_item_mean,100,0–100,percentage_points,true,,,,,,,,,,,,,,,,,,,0.9378338721063402,3,3,0,866,deepseek_rerun_20260912,0.9406828681627909,3,3,0,860,deepseek_rerun_20260912,0.9431757463349236,3,3,0,872,deepseek_rerun_20260912,,,,0.0028489960564507,0.0053418742285834,0.0024928781721327
N4_strategy,deepseek-v4-flash-0731,poolact,tuning,task,hpobench:nasbench101:B,raw_perf_mi,fraction,4,cost_moderate,item_equal_weight_after_within_item_mean,100,0–100,percentage_points,true,,,,,,,,,,,,,,,,,,,0.9339443097511927,3,3,0,849,deepseek_rerun_20260912,0.9319466683599684,3,3,0,843,deepseek_rerun_20260912,0.943036632405387,3,3,0,855,deepseek_rerun_20260912,,,,-0.0019976413912243,0.0090923226541943,0.0110899640454186
N4_strategy,deepseek-v4-flash-0731,poolact,tuning,task,hpobench:nasbench101:B,raw_perf_mi,fraction,4,cost_tight,item_equal_weight_after_within_item_mean,100,0–100,percentage_points,true,,,,,,,,,,,,,,,,,,,0.9180049267080096,3,3,0,867,deepseek_rerun_20260912,0.9175375004609426,3,3,0,861,deepseek_rerun_20260912,0.9320245749420589,3,3,0,873,deepseek_rerun_20260912,,,,-0.0004674262470670,0.0140196482340493,0.0144870744811163
N4_strategy,deepseek-v4-flash-0731,poolact,tuning,task,hpobench:nasbench101:C,gap0_bon,Gap points,4,cost_moderate,item_equal_weight_after_within_item_mean,1,Gap points,Gap points,true,,,,,,,,,,,,,,,,,,,99.74599122508837,3,3,0,880,deepseek_rerun_20260912,99.63375645194512,3,3,0,874,deepseek_rerun_20260912,99.91336378247351,3,3,0,886,deepseek_rerun_20260912,,,,-0.11223477314325,0.16737255738514,0.27960733052839
N4_strategy,deepseek-v4-flash-0731,poolact,tuning,task,hpobench:nasbench101:C,gap0_bon,Gap points,4,cost_tight,item_equal_weight_after_within_item_mean,1,Gap points,Gap points,true,,,,,,,,,,,,,,,,,,,98.92883180320416,3,3,0,898,deepseek_rerun_20260912,98.8225027665943,3,3,0,892,deepseek_rerun_20260912,99.20253105365292,3,3,0,904,deepseek_rerun_20260912,,,,-0.10632903660986,0.27369925044876,0.38002828705862
N4_strategy,deepseek-v4-flash-0731,poolact,tuning,task,hpobench:nasbench101:C,gap0_mi,Gap points,4,cost_moderate,item_equal_weight_after_within_item_mean,1,Gap points,Gap points,true,,,,,,,,,,,,,,,,,,,98.15302279006855,3,3,0,881,deepseek_rerun_20260912,98.73241948548706,3,3,0,875,deepseek_rerun_20260912,99.7139956670569,3,3,0,887,deepseek_rerun_20260912,,,,0.57939669541851,1.56097287698835,0.98157618156984
N4_strategy,deepseek-v4-flash-0731,poolact,tuning,task,hpobench:nasbench101:C,gap0_mi,Gap points,4,cost_tight,item_equal_weight_after_within_item_mean,1,Gap points,Gap points,true,,,,,,,,,,,,,,,,,,,93.6542134449292,3,3,0,899,deepseek_rerun_20260912,92.42256681790978,3,3,0,893,deepseek_rerun_20260912,98.95246090114665,3,3,0,905,deepseek_rerun_20260912,,,,-1.23164662701942,5.29824745621745,6.52989408323687
N4_strategy,deepseek-v4-flash-0731,poolact,tuning,task,hpobench:nasbench101:C,gap_bon,Gap points,4,cost_moderate,item_equal_weight_after_within_item_mean,1,Gap points,Gap points,true,,,,,,,,,,,,,,,,,,,99.74599122508837,3,3,0,882,deepseek_rerun_20260912,99.63375645194512,3,3,0,876,deepseek_rerun_20260912,99.91336378247351,3,3,0,888,deepseek_rerun_20260912,,,,-0.11223477314325,0.16737255738514,0.27960733052839
N4_strategy,deepseek-v4-flash-0731,poolact,tuning,task,hpobench:nasbench101:C,gap_bon,Gap points,4,cost_tight,item_equal_weight_after_within_item_mean,1,Gap points,Gap points,true,,,,,,,,,,,,,,,,,,,98.92883180320416,3,3,0,900,deepseek_rerun_20260912,98.8225027665943,3,3,0,894,deepseek_rerun_20260912,99.20253105365292,3,3,0,906,deepseek_rerun_20260912,,,,-0.10632903660986,0.27369925044876,0.38002828705862
N4_strategy,deepseek-v4-flash-0731,poolact,tuning,task,hpobench:nasbench101:C,gap_mi,Gap points,4,cost_moderate,item_equal_weight_after_within_item_mean,1,Gap points,Gap points,true,,,,,,,,,,,,,,,,,,,98.15302279006855,3,3,0,883,deepseek_rerun_20260912,98.73241948548706,3,3,0,877,deepseek_rerun_20260912,99.7139956670569,3,3,0,889,deepseek_rerun_20260912,,,,0.57939669541851,1.56097287698835,0.98157618156984
N4_strategy,deepseek-v4-flash-0731,poolact,tuning,task,hpobench:nasbench101:C,gap_mi,Gap points,4,cost_tight,item_equal_weight_after_within_item_mean,1,Gap points,Gap points,true,,,,,,,,,,,,,,,,,,,93.6542134449292,3,3,0,901,deepseek_rerun_20260912,92.42256681790978,3,3,0,895,deepseek_rerun_20260912,98.95246090114665,3,3,0,907,deepseek_rerun_20260912,,,,-1.23164662701942,5.29824745621745,6.52989408323687
N4_strategy,deepseek-v4-flash-0731,poolact,tuning,task,hpobench:nasbench101:C,raw_perf_bon,fraction,4,cost_moderate,item_equal_weight_after_within_item_mean,100,0–100,percentage_points,true,,,,,,,,,,,,,,,,,,,0.9441439575619168,3,3,0,884,deepseek_rerun_20260912,0.9435096184412638,3,3,0,878,deepseek_rerun_20260912,0.9450899296336703,3,3,0,890,deepseek_rerun_20260912,,,,-0.0006343391206530,0.0009459720717535,0.0015803111924065
N4_strategy,deepseek-v4-flash-0731,poolact,tuning,task,hpobench:nasbench101:C,raw_perf_bon,fraction,4,cost_tight,item_equal_weight_after_within_item_mean,100,0–100,percentage_points,true,,,,,,,,,,,,,,,,,,,0.9395254585478041,3,3,0,902,deepseek_rerun_20260912,0.9389244980282254,3,3,0,896,deepseek_rerun_20260912,0.9410723778936598,3,3,0,908,deepseek_rerun_20260912,,,,-0.0006009605195787,0.0015469193458557,0.0021478798654344
N4_strategy,deepseek-v4-flash-0731,poolact,tuning,task,hpobench:nasbench101:C,raw_perf_mi,fraction,4,cost_moderate,item_equal_weight_after_within_item_mean,100,0–100,percentage_points,true,,,,,,,,,,,,,,,,,,,0.9351406676901711,3,3,0,885,deepseek_rerun_20260912,0.9384153568082386,3,3,0,879,deepseek_rerun_20260912,0.943963122036722,3,3,0,891,deepseek_rerun_20260912,,,,0.0032746891180675,0.0088224543465509,0.0055477652284834
N4_strategy,deepseek-v4-flash-0731,poolact,tuning,task,hpobench:nasbench101:C,raw_perf_mi,fraction,4,cost_tight,item_equal_weight_after_within_item_mean,100,0–100,percentage_points,true,,,,,,,,,,,,,,,,,,,0.9097138709492154,3,3,0,903,deepseek_rerun_20260912,0.9027527338928647,3,3,0,897,deepseek_rerun_20260912,0.9396590077214771,3,3,0,909,deepseek_rerun_20260912,,,,-0.0069611370563507,0.0299451367722617,0.0369062738286124
N1_budget,gemini-3.8-flash-medium,expgym,evidence_audit,all,all,evidence_acc,fraction,1,,document_x_3_fixed_orders; item_equal_weighted; not_generation_repeats,100,0–100,percentage_points,true,0.975867269984917,39,39,0,910,gemini_snapshot,0.828054298642534,39,39,0,912,gemini_snapshot,0.7209653092006033,39,39,0,914,gemini_snapshot,,,,,,,,,,,,,,,,,,,-0.147812971342383,-0.2549019607843137,-0.1070889894419307,,,
N1_budget,gemini-3.8-flash-medium,expgym,evidence_audit,all,all,label_acc,fraction,1,,document_x_3_fixed_orders; item_equal_weighted; not_generation_repeats,100,0–100,percentage_points,true,0.9728506787330317,39,39,0,911,gemini_snapshot,0.9230769230769231,39,39,0,913,gemini_snapshot,0.8823529411764706,39,39,0,915,gemini_snapshot,,,,,,,,,,,,,,,,,,,-0.0497737556561086,-0.0904977375565611,-0.0407239819004525,,,
N1_budget,gemini-3.8-flash-medium,expgym,evidence_audit,family,evidence_audit,evidence_acc,fraction,1,,document_x_3_fixed_orders; item_equal_weighted; not_generation_repeats,100,0–100,percentage_points,true,0.975867269984917,39,39,0,916,gemini_snapshot,0.828054298642534,39,39,0,918,gemini_snapshot,0.7209653092006033,39,39,0,920,gemini_snapshot,,,,,,,,,,,,,,,,,,,-0.147812971342383,-0.2549019607843137,-0.1070889894419307,,,
N1_budget,gemini-3.8-flash-medium,expgym,evidence_audit,family,evidence_audit,label_acc,fraction,1,,document_x_3_fixed_orders; item_equal_weighted; not_generation_repeats,100,0–100,percentage_points,true,0.9728506787330317,39,39,0,917,gemini_snapshot,0.9230769230769231,39,39,0,919,gemini_snapshot,0.8823529411764706,39,39,0,921,gemini_snapshot,,,,,,,,,,,,,,,,,,,-0.0497737556561086,-0.0904977375565611,-0.0407239819004525,,,
N1_budget,gemini-3.8-flash-medium,expgym,evidence_audit,task,cc-large:0,evidence_acc,fraction,1,,item_equal_weight_after_within_item_mean,100,0–100,percentage_points,true,0.8823529411764706,3,3,0,922,gemini_snapshot,0.607843137254902,3,3,0,924,gemini_snapshot,0.5882352941176471,3,3,0,926,gemini_snapshot,,,,,,,,,,,,,,,,,,,-0.2745098039215686,-0.2941176470588235,-0.0196078431372549,,,
N1_budget,gemini-3.8-flash-medium,expgym,evidence_audit,task,cc-large:0,label_acc,fraction,1,,item_equal_weight_after_within_item_mean,100,0–100,percentage_points,true,1.0,3,3,0,923,gemini_snapshot,0.9607843137254902,3,3,0,925,gemini_snapshot,0.9019607843137255,3,3,0,927,gemini_snapshot,,,,,,,,,,,,,,,,,,,-0.0392156862745098,-0.0980392156862745,-0.0588235294117647,,,
N1_budget,gemini-3.8-flash-medium,expgym,evidence_audit,task,cc-large:1,evidence_acc,fraction,1,,item_equal_weight_after_within_item_mean,100,0–100,percentage_points,true,1.0,3,3,0,928,gemini_snapshot,0.8431372549019608,3,3,0,930,gemini_snapshot,0.7058823529411765,3,3,0,932,gemini_snapshot,,,,,,,,,,,,,,,,,,,-0.1568627450980392,-0.2941176470588235,-0.1372549019607843,,,
N1_budget,gemini-3.8-flash-medium,expgym,evidence_audit,task,cc-large:1,label_acc,fraction,1,,item_equal_weight_after_within_item_mean,100,0–100,percentage_points,true,0.9607843137254902,3,3,0,929,gemini_snapshot,0.9411764705882353,3,3,0,931,gemini_snapshot,0.9019607843137255,3,3,0,933,gemini_snapshot,,,,,,,,,,,,,,,,,,,-0.0196078431372549,-0.0588235294117647,-0.0392156862745098,,,
N1_budget,gemini-3.8-flash-medium,expgym,evidence_audit,task,cc-large:10,evidence_acc,fraction,1,,item_equal_weight_after_within_item_mean,100,0–100,percentage_points,true,0.8431372549019608,3,3,0,934,gemini_snapshot,0.5882352941176471,3,3,0,936,gemini_snapshot,0.5098039215686274,3,3,0,938,gemini_snapshot,,,,,,,,,,,,,,,,,,,-0.2549019607843137,-0.3333333333333334,-0.0784313725490197,,,
N1_budget,gemini-3.8-flash-medium,expgym,evidence_audit,task,cc-large:10,label_acc,fraction,1,,item_equal_weight_after_within_item_mean,100,0–100,percentage_points,true,0.9215686274509803,3,3,0,935,gemini_snapshot,0.8627450980392156,3,3,0,937,gemini_snapshot,0.9215686274509803,3,3,0,939,gemini_snapshot,,,,,,,,,,,,,,,,,,,-0.0588235294117647,0E-16,0.0588235294117647,,,
N1_budget,gemini-3.8-flash-medium,expgym,evidence_audit,task,cc-large:11,evidence_acc,fraction,1,,item_equal_weight_after_within_item_mean,100,0–100,percentage_points,true,1.0,3,3,0,940,gemini_snapshot,0.6666666666666667,3,3,0,942,gemini_snapshot,0.5490196078431373,3,3,0,944,gemini_snapshot,,,,,,,,,,,,,,,,,,,-0.3333333333333333,-0.4509803921568627,-0.1176470588235294,,,
N1_budget,gemini-3.8-flash-medium,expgym,evidence_audit,task,cc-large:11,label_acc,fraction,1,,item_equal_weight_after_within_item_mean,100,0–100,percentage_points,true,1.0,3,3,0,941,gemini_snapshot,0.9607843137254902,3,3,0,943,gemini_snapshot,0.9215686274509803,3,3,0,945,gemini_snapshot,,,,,,,,,,,,,,,,,,,-0.0392156862745098,-0.0784313725490197,-0.0392156862745099,,,
N1_budget,gemini-3.8-flash-medium,expgym,evidence_audit,task,cc-large:12,evidence_acc,fraction,1,,item_equal_weight_after_within_item_mean,100,0–100,percentage_points,true,0.9803921568627451,3,3,0,946,gemini_snapshot,0.8823529411764706,3,3,0,948,gemini_snapshot,0.6666666666666666,3,3,0,950,gemini_snapshot,,,,,,,,,,,,,,,,,,,-0.0980392156862745,-0.3137254901960785,-0.2156862745098040,,,
N1_budget,gemini-3.8-flash-medium,expgym,evidence_audit,task,cc-large:12,label_acc,fraction,1,,item_equal_weight_after_within_item_mean,100,0–100,percentage_points,true,0.9803921568627451,3,3,0,947,gemini_snapshot,0.9215686274509803,3,3,0,949,gemini_snapshot,0.8823529411764706,3,3,0,951,gemini_snapshot,,,,,,,,,,,,,,,,,,,-0.0588235294117648,-0.0980392156862745,-0.0392156862745097,,,
N1_budget,gemini-3.8-flash-medium,expgym,evidence_audit,task,cc-large:2,evidence_acc,fraction,1,,item_equal_weight_after_within_item_mean,100,0–100,percentage_points,true,0.9803921568627451,3,3,0,952,gemini_snapshot,0.9019607843137255,3,3,0,954,gemini_snapshot,0.8431372549019608,3,3,0,956,gemini_snapshot,,,,,,,,,,,,,,,,,,,-0.0784313725490196,-0.1372549019607843,-0.0588235294117647,,,
N1_budget,gemini-3.8-flash-medium,expgym,evidence_audit,task,cc-large:2,label_acc,fraction,1,,item_equal_weight_after_within_item_mean,100,0–100,percentage_points,true,0.9803921568627451,3,3,0,953,gemini_snapshot,0.9019607843137255,3,3,0,955,gemini_snapshot,0.8235294117647058,3,3,0,957,gemini_snapshot,,,,,,,,,,,,,,,,,,,-0.0784313725490196,-0.1568627450980393,-0.0784313725490197,,,
N1_budget,gemini-3.8-flash-medium,expgym,evidence_audit,task,cc-large:3,evidence_acc,fraction,1,,item_equal_weight_after_within_item_mean,100,0–100,percentage_points,true,1.0,3,3,0,958,gemini_snapshot,1.0,3,3,0,960,gemini_snapshot,0.8039215686274509,3,3,0,962,gemini_snapshot,,,,,,,,,,,,,,,,,,,0.0,-0.1960784313725491,-0.1960784313725491,,,
N1_budget,gemini-3.8-flash-medium,expgym,evidence_audit,task,cc-large:3,label_acc,fraction,1,,item_equal_weight_after_within_item_mean,100,0–100,percentage_points,true,0.9411764705882353,3,3,0,959,gemini_snapshot,0.9411764705882353,3,3,0,961,gemini_snapshot,0.8039215686274509,3,3,0,963,gemini_snapshot,,,,,,,,,,,,,,,,,,,0E-16,-0.1372549019607844,-0.1372549019607844,,,
N1_budget,gemini-3.8-flash-medium,expgym,evidence_audit,task,cc-large:4,evidence_acc,fraction,1,,item_equal_weight_after_within_item_mean,100,0–100,percentage_points,true,1.0,3,3,0,964,gemini_snapshot,0.8627450980392156,3,3,0,966,gemini_snapshot,0.7450980392156863,3,3,0,968,gemini_snapshot,,,,,,,,,,,,,,,,,,,-0.1372549019607844,-0.2549019607843137,-0.1176470588235293,,,
N1_budget,gemini-3.8-flash-medium,expgym,evidence_audit,task,cc-large:4,label_acc,fraction,1,,item_equal_weight_after_within_item_mean,100,0–100,percentage_points,true,1.0,3,3,0,965,gemini_snapshot,0.9215686274509803,3,3,0,967,gemini_snapshot,0.9019607843137255,3,3,0,969,gemini_snapshot,,,,,,,,,,,,,,,,,,,-0.0784313725490197,-0.0980392156862745,-0.0196078431372548,,,
N1_budget,gemini-3.8-flash-medium,expgym,evidence_audit,task,cc-large:5,evidence_acc,fraction,1,,item_equal_weight_after_within_item_mean,100,0–100,percentage_points,true,1.0,3,3,0,970,gemini_snapshot,0.9803921568627451,3,3,0,972,gemini_snapshot,0.8627450980392156,3,3,0,974,gemini_snapshot,,,,,,,,,,,,,,,,,,,-0.0196078431372549,-0.1372549019607844,-0.1176470588235295,,,
N1_budget,gemini-3.8-flash-medium,expgym,evidence_audit,task,cc-large:5,label_acc,fraction,1,,item_equal_weight_after_within_item_mean,100,0–100,percentage_points,true,0.9215686274509803,3,3,0,971,gemini_snapshot,0.9019607843137255,3,3,0,973,gemini_snapshot,0.8039215686274509,3,3,0,975,gemini_snapshot,,,,,,,,,,,,,,,,,,,-0.0196078431372548,-0.1176470588235294,-0.0980392156862746,,,
N1_budget,gemini-3.8-flash-medium,expgym,evidence_audit,task,cc-large:6,evidence_acc,fraction,1,,item_equal_weight_after_within_item_mean,100,0–100,percentage_points,true,1.0,3,3,0,976,gemini_snapshot,0.9019607843137255,3,3,0,978,gemini_snapshot,0.7647058823529412,3,3,0,980,gemini_snapshot,,,,,,,,,,,,,,,,,,,-0.0980392156862745,-0.2352941176470588,-0.1372549019607843,,,
N1_budget,gemini-3.8-flash-medium,expgym,evidence_audit,task,cc-large:6,label_acc,fraction,1,,item_equal_weight_after_within_item_mean,100,0–100,percentage_points,true,1.0,3,3,0,977,gemini_snapshot,0.9803921568627451,3,3,0,979,gemini_snapshot,0.9411764705882353,3,3,0,981,gemini_snapshot,,,,,,,,,,,,,,,,,,,-0.0196078431372549,-0.0588235294117647,-0.0392156862745098,,,
N1_budget,gemini-3.8-flash-medium,expgym,evidence_audit,task,cc-large:7,evidence_acc,fraction,1,,item_equal_weight_after_within_item_mean,100,0–100,percentage_points,true,1.0,3,3,0,982,gemini_snapshot,0.8823529411764706,3,3,0,984,gemini_snapshot,0.7843137254901961,3,3,0,986,gemini_snapshot,,,,,,,,,,,,,,,,,,,-0.1176470588235294,-0.2156862745098039,-0.0980392156862745,,,
N1_budget,gemini-3.8-flash-medium,expgym,evidence_audit,task,cc-large:7,label_acc,fraction,1,,item_equal_weight_after_within_item_mean,100,0–100,percentage_points,true,1.0,3,3,0,983,gemini_snapshot,0.9019607843137255,3,3,0,985,gemini_snapshot,0.8627450980392156,3,3,0,987,gemini_snapshot,,,,,,,,,,,,,,,,,,,-0.0980392156862745,-0.1372549019607844,-0.0392156862745099,,,
N1_budget,gemini-3.8-flash-medium,expgym,evidence_audit,task,cc-large:8,evidence_acc,fraction,1,,item_equal_weight_after_within_item_mean,100,0–100,percentage_points,true,1.0,3,3,0,988,gemini_snapshot,0.8039215686274509,3,3,0,990,gemini_snapshot,0.7450980392156863,3,3,0,992,gemini_snapshot,,,,,,,,,,,,,,,,,,,-0.1960784313725491,-0.2549019607843137,-0.0588235294117646,,,
N1_budget,gemini-3.8-flash-medium,expgym,evidence_audit,task,cc-large:8,label_acc,fraction,1,,item_equal_weight_after_within_item_mean,100,0–100,percentage_points,true,1.0,3,3,0,989,gemini_snapshot,0.9803921568627451,3,3,0,991,gemini_snapshot,0.9411764705882353,3,3,0,993,gemini_snapshot,,,,,,,,,,,,,,,,,,,-0.0196078431372549,-0.0588235294117647,-0.0392156862745098,,,
N1_budget,gemini-3.8-flash-medium,expgym,evidence_audit,task,cc-large:9,evidence_acc,fraction,1,,item_equal_weight_after_within_item_mean,100,0–100,percentage_points,true,1.0,3,3,0,994,gemini_snapshot,0.8431372549019608,3,3,0,996,gemini_snapshot,0.8039215686274509,3,3,0,998,gemini_snapshot,,,,,,,,,,,,,,,,,,,-0.1568627450980392,-0.1960784313725491,-0.0392156862745099,,,
N1_budget,gemini-3.8-flash-medium,expgym,evidence_audit,task,cc-large:9,label_acc,fraction,1,,item_equal_weight_after_within_item_mean,100,0–100,percentage_points,true,0.9411764705882353,3,3,0,995,gemini_snapshot,0.8235294117647058,3,3,0,997,gemini_snapshot,0.8627450980392156,3,3,0,999,gemini_snapshot,,,,,,,,,,,,,,,,,,,-0.1176470588235295,-0.0784313725490197,0.0392156862745098,,,
N1_budget,gemini-3.8-flash-medium,expgym,restricted_search,all,all,f1,fraction,1,,independent_single_or_N4_pool; item_equal_weighted,100,0–100,percentage_points,true,0.7202998094214854,73,73,0,1000,gemini_snapshot,0.5501892547420348,73,73,0,1001,gemini_snapshot,0.1783166068419896,73,73,0,1002,gemini_snapshot,,,,,,,,,,,,,,,,,,,-0.1701105546794506,-0.5419832025794958,-0.3718726479000452,,,
N1_budget,gemini-3.8-flash-medium,expgym,restricted_search,family,whatis,f1,fraction,1,,independent_single_or_N4_pool; item_equal_weighted,100,0–100,percentage_points,true,0.6992695117262592,34,34,0,1003,gemini_snapshot,0.4613197260256084,34,34,0,1004,gemini_snapshot,0.1484848484848485,34,34,0,1005,gemini_snapshot,,,,,,,,,,,,,,,,,,,-0.2379497857006508,-0.5507846632414107,-0.3128348775407599,,,
N1_budget,gemini-3.8-flash-medium,expgym,restricted_search,family,whois,f1,fraction,1,,independent_single_or_N4_pool; item_equal_weighted,100,0–100,percentage_points,true,0.7386339151045034,39,39,0,1006,gemini_snapshot,0.6276652541358424,39,39,0,1007,gemini_snapshot,0.20432378079436903,39,39,0,1008,gemini_snapshot,,,,,,,,,,,,,,,,,,,-0.1109686609686610,-0.53431013431013437,-0.42334147334147337,,,
N1_budget,gemini-3.8-flash-medium,expgym,restricted_search,task,phantom_seed2:0,f1,fraction,1,,item_equal_weight_after_within_item_mean,100,0–100,percentage_points,true,1.0,1,1,0,1009,gemini_snapshot,1.0,1,1,0,1010,gemini_snapshot,1.0,1,1,0,1011,gemini_snapshot,,,,,,,,,,,,,,,,,,,0.0,0.0,0.0,,,
N1_budget,gemini-3.8-flash-medium,expgym,restricted_search,task,phantom_seed2:1,f1,fraction,1,,item_equal_weight_after_within_item_mean,100,0–100,percentage_points,true,1.0,1,1,0,1012,gemini_snapshot,1.0,1,1,0,1013,gemini_snapshot,0.0,1,1,0,1014,gemini_snapshot,,,,,,,,,,,,,,,,,,,0.0,-1.0,-1.0,,,
N1_budget,gemini-3.8-flash-medium,expgym,restricted_search,task,phantom_seed2:10,f1,fraction,1,,item_equal_weight_after_within_item_mean,100,0–100,percentage_points,true,0.0,1,1,0,1015,gemini_snapshot,0.0,1,1,0,1016,gemini_snapshot,0.0,1,1,0,1017,gemini_snapshot,,,,,,,,,,,,,,,,,,,0.0,0.0,0.0,,,
N1_budget,gemini-3.8-flash-medium,expgym,restricted_search,task,phantom_seed2:11,f1,fraction,1,,item_equal_weight_after_within_item_mean,100,0–100,percentage_points,true,1.0,1,1,0,1018,gemini_snapshot,0.5555555555555556,1,1,0,1019,gemini_snapshot,0.0,1,1,0,1020,gemini_snapshot,,,,,,,,,,,,,,,,,,,-0.4444444444444444,-1.0,-0.5555555555555556,,,
N1_budget,gemini-3.8-flash-medium,expgym,restricted_search,task,phantom_seed2:12,f1,fraction,1,,item_equal_weight_after_within_item_mean,100,0–100,percentage_points,true,1.0,1,1,0,1021,gemini_snapshot,1.0,1,1,0,1022,gemini_snapshot,0.0,1,1,0,1023,gemini_snapshot,,,,,,,,,,,,,,,,,,,0.0,-1.0,-1.0,,,
N1_budget,gemini-3.8-flash-medium,expgym,restricted_search,task,phantom_seed2:13,f1,fraction,1,,item_equal_weight_after_within_item_mean,100,0–100,percentage_points,true,0.0,1,1,0,1024,gemini_snapshot,0.0,1,1,0,1025,gemini_snapshot,0.0,1,1,0,1026,gemini_snapshot,,,,,,,,,,,,,,,,,,,0.0,0.0,0.0,,,
N1_budget,gemini-3.8-flash-medium,expgym,restricted_search,task,phantom_seed2:14,f1,fraction,1,,item_equal_weight_after_within_item_mean,100,0–100,percentage_points,true,1.0,1,1,0,1027,gemini_snapshot,1.0,1,1,0,1028,gemini_snapshot,0.5,1,1,0,1029,gemini_snapshot,,,,,,,,,,,,,,,,,,,0.0,-0.5,-0.5,,,
N1_budget,gemini-3.8-flash-medium,expgym,restricted_search,task,phantom_seed2:15,f1,fraction,1,,item_equal_weight_after_within_item_mean,100,0–100,percentage_points,true,0.0,1,1,0,1030,gemini_snapshot,0.0,1,1,0,1031,gemini_snapshot,0.0,1,1,0,1032,gemini_snapshot,,,,,,,,,,,,,,,,,,,0.0,0.0,0.0,,,
N1_budget,gemini-3.8-flash-medium,expgym,restricted_search,task,phantom_seed2:16,f1,fraction,1,,item_equal_weight_after_within_item_mean,100,0–100,percentage_points,true,1.0,1,1,0,1033,gemini_snapshot,1.0,1,1,0,1034,gemini_snapshot,0.5,1,1,0,1035,gemini_snapshot,,,,,,,,,,,,,,,,,,,0.0,-0.5,-0.5,,,
N1_budget,gemini-3.8-flash-medium,expgym,restricted_search,task,phantom_seed2:17,f1,fraction,1,,item_equal_weight_after_within_item_mean,100,0–100,percentage_points,true,0.0,1,1,0,1036,gemini_snapshot,0.0,1,1,0,1037,gemini_snapshot,0.0,1,1,0,1038,gemini_snapshot,,,,,,,,,,,,,,,,,,,0.0,0.0,0.0,,,
N1_budget,gemini-3.8-flash-medium,expgym,restricted_search,task,phantom_seed2:18,f1,fraction,1,,item_equal_weight_after_within_item_mean,100,0–100,percentage_points,true,0.0,1,1,0,1039,gemini_snapshot,0.0,1,1,0,1040,gemini_snapshot,0.0,1,1,0,1041,gemini_snapshot,,,,,,,,,,,,,,,,,,,0.0,0.0,0.0,,,
N1_budget,gemini-3.8-flash-medium,expgym,restricted_search,task,phantom_seed2:19,f1,fraction,1,,item_equal_weight_after_within_item_mean,100,0–100,percentage_points,true,0.0,1,1,0,1042,gemini_snapshot,0.0,1,1,0,1043,gemini_snapshot,0.0,1,1,0,1044,gemini_snapshot,,,,,,,,,,,,,,,,,,,0.0,0.0,0.0,,,
N1_budget,gemini-3.8-flash-medium,expgym,restricted_search,task,phantom_seed2:2,f1,fraction,1,,item_equal_weight_after_within_item_mean,100,0–100,percentage_points,true,1.0,1,1,0,1045,gemini_snapshot,1.0,1,1,0,1046,gemini_snapshot,0.0,1,1,0,1047,gemini_snapshot,,,,,,,,,,,,,,,,,,,0.0,-1.0,-1.0,,,
N1_budget,gemini-3.8-flash-medium,expgym,restricted_search,task,phantom_seed2:20,f1,fraction,1,,item_equal_weight_after_within_item_mean,100,0–100,percentage_points,true,1.0,1,1,0,1048,gemini_snapshot,1.0,1,1,0,1049,gemini_snapshot,0.0,1,1,0,1050,gemini_snapshot,,,,,,,,,,,,,,,,,,,0.0,-1.0,-1.0,,,
N1_budget,gemini-3.8-flash-medium,expgym,restricted_search,task,phantom_seed2:21,f1,fraction,1,,item_equal_weight_after_within_item_mean,100,0–100,percentage_points,true,1.0,1,1,0,1051,gemini_snapshot,1.0,1,1,0,1052,gemini_snapshot,0.0,1,1,0,1053,gemini_snapshot,,,,,,,,,,,,,,,,,,,0.0,-1.0,-1.0,,,
N1_budget,gemini-3.8-flash-medium,expgym,restricted_search,task,phantom_seed2:22,f1,fraction,1,,item_equal_weight_after_within_item_mean,100,0–100,percentage_points,true,1.0,1,1,0,1054,gemini_snapshot,0.0,1,1,0,1055,gemini_snapshot,0.0,1,1,0,1056,gemini_snapshot,,,,,,,,,,,,,,,,,,,-1.0,-1.0,0.0,,,
N1_budget,gemini-3.8-flash-medium,expgym,restricted_search,task,phantom_seed2:23,f1,fraction,1,,item_equal_weight_after_within_item_mean,100,0–100,percentage_points,true,1.0,1,1,0,1057,gemini_snapshot,1.0,1,1,0,1058,gemini_snapshot,0.6666666666666666,1,1,0,1059,gemini_snapshot,,,,,,,,,,,,,,,,,,,0.0,-0.3333333333333334,-0.3333333333333334,,,
N1_budget,gemini-3.8-flash-medium,expgym,restricted_search,task,phantom_seed2:24,f1,fraction,1,,item_equal_weight_after_within_item_mean,100,0–100,percentage_points,true,1.0,1,1,0,1060,gemini_snapshot,1.0,1,1,0,1061,gemini_snapshot,0.6666666666666666,1,1,0,1062,gemini_snapshot,,,,,,,,,,,,,,,,,,,0.0,-0.3333333333333334,-0.3333333333333334,,,
N1_budget,gemini-3.8-flash-medium,expgym,restricted_search,task,phantom_seed2:25,f1,fraction,1,,item_equal_weight_after_within_item_mean,100,0–100,percentage_points,true,1.0,1,1,0,1063,gemini_snapshot,0.15384615384615385,1,1,0,1064,gemini_snapshot,0.0,1,1,0,1065,gemini_snapshot,,,,,,,,,,,,,,,,,,,-0.84615384615384615,-1.0,-0.15384615384615385,,,
N1_budget,gemini-3.8-flash-medium,expgym,restricted_search,task,phantom_seed2:26,f1,fraction,1,,item_equal_weight_after_within_item_mean,100,0–100,percentage_points,true,1.0,1,1,0,1066,gemini_snapshot,0.0,1,1,0,1067,gemini_snapshot,0.0,1,1,0,1068,gemini_snapshot,,,,,,,,,,,,,,,,,,,-1.0,-1.0,0.0,,,
N1_budget,gemini-3.8-flash-medium,expgym,restricted_search,task,phantom_seed2:27,f1,fraction,1,,item_equal_weight_after_within_item_mean,100,0–100,percentage_points,true,0.0,1,1,0,1069,gemini_snapshot,0.0,1,1,0,1070,gemini_snapshot,0.0,1,1,0,1071,gemini_snapshot,,,,,,,,,,,,,,,,,,,0.0,0.0,0.0,,,
N1_budget,gemini-3.8-flash-medium,expgym,restricted_search,task,phantom_seed2:28,f1,fraction,1,,item_equal_weight_after_within_item_mean,100,0–100,percentage_points,true,1.0,1,1,0,1072,gemini_snapshot,0.0,1,1,0,1073,gemini_snapshot,0.0,1,1,0,1074,gemini_snapshot,,,,,,,,,,,,,,,,,,,-1.0,-1.0,0.0,,,
N1_budget,gemini-3.8-flash-medium,expgym,restricted_search,task,phantom_seed2:29,f1,fraction,1,,item_equal_weight_after_within_item_mean,100,0–100,percentage_points,true,0.0,1,1,0,1075,gemini_snapshot,0.0,1,1,0,1076,gemini_snapshot,0.0,1,1,0,1077,gemini_snapshot,,,,,,,,,,,,,,,,,,,0.0,0.0,0.0,,,
N1_budget,gemini-3.8-flash-medium,expgym,restricted_search,task,phantom_seed2:3,f1,fraction,1,,item_equal_weight_after_within_item_mean,100,0–100,percentage_points,true,1.0,1,1,0,1078,gemini_snapshot,1.0,1,1,0,1079,gemini_snapshot,0.5,1,1,0,1080,gemini_snapshot,,,,,,,,,,,,,,,,,,,0.0,-0.5,-0.5,,,
N1_budget,gemini-3.8-flash-medium,expgym,restricted_search,task,phantom_seed2:30,f1,fraction,1,,item_equal_weight_after_within_item_mean,100,0–100,percentage_points,true,0.35294117647058826,1,1,0,1081,gemini_snapshot,0.0,1,1,0,1082,gemini_snapshot,0.0,1,1,0,1083,gemini_snapshot,,,,,,,,,,,,,,,,,,,-0.35294117647058826,-0.35294117647058826,0.0,,,
N1_budget,gemini-3.8-flash-medium,expgym,restricted_search,task,phantom_seed2:31,f1,fraction,1,,item_equal_weight_after_within_item_mean,100,0–100,percentage_points,true,0.888888888888889,1,1,0,1084,gemini_snapshot,0.5714285714285715,1,1,0,1085,gemini_snapshot,0.33333333333333337,1,1,0,1086,gemini_snapshot,,,,,,,,,,,,,,,,,,,-0.3174603174603175,-0.55555555555555563,-0.23809523809523813,,,
N1_budget,gemini-3.8-flash-medium,expgym,restricted_search,task,phantom_seed2:32,f1,fraction,1,,item_equal_weight_after_within_item_mean,100,0–100,percentage_points,true,0.0,1,1,0,1087,gemini_snapshot,0.0,1,1,0,1088,gemini_snapshot,0.0,1,1,0,1089,gemini_snapshot,,,,,,,,,,,,,,,,,,,0.0,0.0,0.0,,,
N1_budget,gemini-3.8-flash-medium,expgym,restricted_search,task,phantom_seed2:33,f1,fraction,1,,item_equal_weight_after_within_item_mean,100,0–100,percentage_points,true,1.0,1,1,0,1090,gemini_snapshot,1.0,1,1,0,1091,gemini_snapshot,0.0,1,1,0,1092,gemini_snapshot,,,,,,,,,,,,,,,,,,,0.0,-1.0,-1.0,,,
N1_budget,gemini-3.8-flash-medium,expgym,restricted_search,task,phantom_seed2:34,f1,fraction,1,,item_equal_weight_after_within_item_mean,100,0–100,percentage_points,true,0.16666666666666669,1,1,0,1093,gemini_snapshot,0.16666666666666669,1,1,0,1094,gemini_snapshot,0.0,1,1,0,1095,gemini_snapshot,,,,,,,,,,,,,,,,,,,0E-17,-0.16666666666666669,-0.16666666666666669,,,
N1_budget,gemini-3.8-flash-medium,expgym,restricted_search,task,phantom_seed2:35,f1,fraction,1,,item_equal_weight_after_within_item_mean,100,0–100,percentage_points,true,0.0,1,1,0,1096,gemini_snapshot,0.0,1,1,0,1097,gemini_snapshot,0.0,1,1,0,1098,gemini_snapshot,,,,,,,,,,,,,,,,,,,0.0,0.0,0.0,,,
N1_budget,gemini-3.8-flash-medium,expgym,restricted_search,task,phantom_seed2:4,f1,fraction,1,,item_equal_weight_after_within_item_mean,100,0–100,percentage_points,true,1.0,1,1,0,1099,gemini_snapshot,1.0,1,1,0,1100,gemini_snapshot,0.6666666666666666,1,1,0,1101,gemini_snapshot,,,,,,,,,,,,,,,,,,,0.0,-0.3333333333333334,-0.3333333333333334,,,
N1_budget,gemini-3.8-flash-medium,expgym,restricted_search,task,phantom_seed2:5,f1,fraction,1,,item_equal_weight_after_within_item_mean,100,0–100,percentage_points,true,1.0,1,1,0,1102,gemini_snapshot,1.0,1,1,0,1103,gemini_snapshot,0.0,1,1,0,1104,gemini_snapshot,,,,,,,,,,,,,,,,,,,0.0,-1.0,-1.0,,,
N1_budget,gemini-3.8-flash-medium,expgym,restricted_search,task,phantom_seed2:6,f1,fraction,1,,item_equal_weight_after_within_item_mean,100,0–100,percentage_points,true,1.0,1,1,0,1105,gemini_snapshot,1.0,1,1,0,1106,gemini_snapshot,0.0,1,1,0,1107,gemini_snapshot,,,,,,,,,,,,,,,,,,,0.0,-1.0,-1.0,,,
N1_budget,gemini-3.8-flash-medium,expgym,restricted_search,task,phantom_seed2:7,f1,fraction,1,,item_equal_weight_after_within_item_mean,100,0–100,percentage_points,true,1.0,1,1,0,1108,gemini_snapshot,1.0,1,1,0,1109,gemini_snapshot,0.0,1,1,0,1110,gemini_snapshot,,,,,,,,,,,,,,,,,,,0.0,-1.0,-1.0,,,
N1_budget,gemini-3.8-flash-medium,expgym,restricted_search,task,phantom_seed2:8,f1,fraction,1,,item_equal_weight_after_within_item_mean,100,0–100,percentage_points,true,1.0,1,1,0,1111,gemini_snapshot,0.6666666666666666,1,1,0,1112,gemini_snapshot,0.6666666666666666,1,1,0,1113,gemini_snapshot,,,,,,,,,,,,,,,,,,,-0.3333333333333334,-0.3333333333333334,0E-16,,,
N1_budget,gemini-3.8-flash-medium,expgym,restricted_search,task,phantom_seed2:9,f1,fraction,1,,item_equal_weight_after_within_item_mean,100,0–100,percentage_points,true,1.0,1,1,0,1114,gemini_snapshot,1.0,1,1,0,1115,gemini_snapshot,0.0,1,1,0,1116,gemini_snapshot,,,,,,,,,,,,,,,,,,,0.0,-1.0,-1.0,,,
N1_budget,gemini-3.8-flash-medium,expgym,restricted_search,task,phantom_seed3:0,f1,fraction,1,,item_equal_weight_after_within_item_mean,100,0–100,percentage_points,true,1.0,1,1,0,1117,gemini_snapshot,1.0,1,1,0,1118,gemini_snapshot,0.4,1,1,0,1119,gemini_snapshot,,,,,,,,,,,,,,,,,,,0.0,-0.6,-0.6,,,
N1_budget,gemini-3.8-flash-medium,expgym,restricted_search,task,phantom_seed3:1,f1,fraction,1,,item_equal_weight_after_within_item_mean,100,0–100,percentage_points,true,1.0,1,1,0,1120,gemini_snapshot,1.0,1,1,0,1121,gemini_snapshot,0.6666666666666666,1,1,0,1122,gemini_snapshot,,,,,,,,,,,,,,,,,,,0.0,-0.3333333333333334,-0.3333333333333334,,,
N1_budget,gemini-3.8-flash-medium,expgym,restricted_search,task,phantom_seed3:10,f1,fraction,1,,item_equal_weight_after_within_item_mean,100,0–100,percentage_points,true,0.23529411764705882,1,1,0,1123,gemini_snapshot,0.23529411764705882,1,1,0,1124,gemini_snapshot,0.23529411764705882,1,1,0,1125,gemini_snapshot,,,,,,,,,,,,,,,,,,,0E-17,0E-17,0E-17,,,
N1_budget,gemini-3.8-flash-medium,expgym,restricted_search,task,phantom_seed3:11,f1,fraction,1,,item_equal_weight_after_within_item_mean,100,0–100,percentage_points,true,1.0,1,1,0,1126,gemini_snapshot,1.0,1,1,0,1127,gemini_snapshot,1.0,1,1,0,1128,gemini_snapshot,,,,,,,,,,,,,,,,,,,0.0,0.0,0.0,,,
N1_budget,gemini-3.8-flash-medium,expgym,restricted_search,task,phantom_seed3:12,f1,fraction,1,,item_equal_weight_after_within_item_mean,100,0–100,percentage_points,true,0.4,1,1,0,1129,gemini_snapshot,0.0,1,1,0,1130,gemini_snapshot,0.0,1,1,0,1131,gemini_snapshot,,,,,,,,,,,,,,,,,,,-0.4,-0.4,0.0,,,
N1_budget,gemini-3.8-flash-medium,expgym,restricted_search,task,phantom_seed3:13,f1,fraction,1,,item_equal_weight_after_within_item_mean,100,0–100,percentage_points,true,1.0,1,1,0,1132,gemini_snapshot,1.0,1,1,0,1133,gemini_snapshot,0.0,1,1,0,1134,gemini_snapshot,,,,,,,,,,,,,,,,,,,0.0,-1.0,-1.0,,,
N1_budget,gemini-3.8-flash-medium,expgym,restricted_search,task,phantom_seed3:14,f1,fraction,1,,item_equal_weight_after_within_item_mean,100,0–100,percentage_points,true,1.0,1,1,0,1135,gemini_snapshot,1.0,1,1,0,1136,gemini_snapshot,0.0,1,1,0,1137,gemini_snapshot,,,,,,,,,,,,,,,,,,,0.0,-1.0,-1.0,,,
N1_budget,gemini-3.8-flash-medium,expgym,restricted_search,task,phantom_seed3:15,f1,fraction,1,,item_equal_weight_after_within_item_mean,100,0–100,percentage_points,true,0.6,1,1,0,1138,gemini_snapshot,0.25,1,1,0,1139,gemini_snapshot,0.0,1,1,0,1140,gemini_snapshot,,,,,,,,,,,,,,,,,,,-0.35,-0.6,-0.25,,,
N1_budget,gemini-3.8-flash-medium,expgym,restricted_search,task,phantom_seed3:16,f1,fraction,1,,item_equal_weight_after_within_item_mean,100,0–100,percentage_points,true,0.5714285714285715,1,1,0,1141,gemini_snapshot,0.5714285714285715,1,1,0,1142,gemini_snapshot,0.0,1,1,0,1143,gemini_snapshot,,,,,,,,,,,,,,,,,,,0E-16,-0.5714285714285715,-0.5714285714285715,,,
N1_budget,gemini-3.8-flash-medium,expgym,restricted_search,task,phantom_seed3:17,f1,fraction,1,,item_equal_weight_after_within_item_mean,100,0–100,percentage_points,true,0.0,1,1,0,1144,gemini_snapshot,0.0,1,1,0,1145,gemini_snapshot,0.0,1,1,0,1146,gemini_snapshot,,,,,,,,,,,,,,,,,,,0.0,0.0,0.0,,,
N1_budget,gemini-3.8-flash-medium,expgym,restricted_search,task,phantom_seed3:18,f1,fraction,1,,item_equal_weight_after_within_item_mean,100,0–100,percentage_points,true,1.0,1,1,0,1147,gemini_snapshot,0.0,1,1,0,1148,gemini_snapshot,0.0,1,1,0,1149,gemini_snapshot,,,,,,,,,,,,,,,,,,,-1.0,-1.0,0.0,,,
N1_budget,gemini-3.8-flash-medium,expgym,restricted_search,task,phantom_seed3:19,f1,fraction,1,,item_equal_weight_after_within_item_mean,100,0–100,percentage_points,true,1.0,1,1,0,1150,gemini_snapshot,1.0,1,1,0,1151,gemini_snapshot,0.0,1,1,0,1152,gemini_snapshot,,,,,,,,,,,,,,,,,,,0.0,-1.0,-1.0,,,
N1_budget,gemini-3.8-flash-medium,expgym,restricted_search,task,phantom_seed3:2,f1,fraction,1,,item_equal_weight_after_within_item_mean,100,0–100,percentage_points,true,1.0,1,1,0,1153,gemini_snapshot,1.0,1,1,0,1154,gemini_snapshot,0.0,1,1,0,1155,gemini_snapshot,,,,,,,,,,,,,,,,,,,0.0,-1.0,-1.0,,,
N1_budget,gemini-3.8-flash-medium,expgym,restricted_search,task,phantom_seed3:20,f1,fraction,1,,item_equal_weight_after_within_item_mean,100,0–100,percentage_points,true,1.0,1,1,0,1156,gemini_snapshot,1.0,1,1,0,1157,gemini_snapshot,0.4,1,1,0,1158,gemini_snapshot,,,,,,,,,,,,,,,,,,,0.0,-0.6,-0.6,,,
N1_budget,gemini-3.8-flash-medium,expgym,restricted_search,task,phantom_seed3:21,f1,fraction,1,,item_equal_weight_after_within_item_mean,100,0–100,percentage_points,true,1.0,1,1,0,1159,gemini_snapshot,1.0,1,1,0,1160,gemini_snapshot,0.8,1,1,0,1161,gemini_snapshot,,,,,,,,,,,,,,,,,,,0.0,-0.2,-0.2,,,
N1_budget,gemini-3.8-flash-medium,expgym,restricted_search,task,phantom_seed3:22,f1,fraction,1,,item_equal_weight_after_within_item_mean,100,0–100,percentage_points,true,1.0,1,1,0,1162,gemini_snapshot,1.0,1,1,0,1163,gemini_snapshot,0.0,1,1,0,1164,gemini_snapshot,,,,,,,,,,,,,,,,,,,0.0,-1.0,-1.0,,,
N1_budget,gemini-3.8-flash-medium,expgym,restricted_search,task,phantom_seed3:23,f1,fraction,1,,item_equal_weight_after_within_item_mean,100,0–100,percentage_points,true,0.8666666666666666,1,1,0,1165,gemini_snapshot,0.1111111111111111,1,1,0,1166,gemini_snapshot,0.0,1,1,0,1167,gemini_snapshot,,,,,,,,,,,,,,,,,,,-0.7555555555555555,-0.8666666666666666,-0.1111111111111111,,,
N1_budget,gemini-3.8-flash-medium,expgym,restricted_search,task,phantom_seed3:24,f1,fraction,1,,item_equal_weight_after_within_item_mean,100,0–100,percentage_points,true,1.0,1,1,0,1168,gemini_snapshot,0.0,1,1,0,1169,gemini_snapshot,0.0,1,1,0,1170,gemini_snapshot,,,,,,,,,,,,,,,,,,,-1.0,-1.0,0.0,,,
N1_budget,gemini-3.8-flash-medium,expgym,restricted_search,task,phantom_seed3:25,f1,fraction,1,,item_equal_weight_after_within_item_mean,100,0–100,percentage_points,true,1.0,1,1,0,1171,gemini_snapshot,0.18181818181818182,1,1,0,1172,gemini_snapshot,0.18181818181818182,1,1,0,1173,gemini_snapshot,,,,,,,,,,,,,,,,,,,-0.81818181818181818,-0.81818181818181818,0E-17,,,
N1_budget,gemini-3.8-flash-medium,expgym,restricted_search,task,phantom_seed3:26,f1,fraction,1,,item_equal_weight_after_within_item_mean,100,0–100,percentage_points,true,1.0,1,1,0,1174,gemini_snapshot,1.0,1,1,0,1175,gemini_snapshot,0.0,1,1,0,1176,gemini_snapshot,,,,,,,,,,,,,,,,,,,0.0,-1.0,-1.0,,,
N1_budget,gemini-3.8-flash-medium,expgym,restricted_search,task,phantom_seed3:27,f1,fraction,1,,item_equal_weight_after_within_item_mean,100,0–100,percentage_points,true,1.0,1,1,0,1177,gemini_snapshot,0.0,1,1,0,1178,gemini_snapshot,0.0,1,1,0,1179,gemini_snapshot,,,,,,,,,,,,,,,,,,,-1.0,-1.0,0.0,,,
N1_budget,gemini-3.8-flash-medium,expgym,restricted_search,task,phantom_seed3:28,f1,fraction,1,,item_equal_weight_after_within_item_mean,100,0–100,percentage_points,true,1.0,1,1,0,1180,gemini_snapshot,1.0,1,1,0,1181,gemini_snapshot,0.0,1,1,0,1182,gemini_snapshot,,,,,,,,,,,,,,,,,,,0.0,-1.0,-1.0,,,
N1_budget,gemini-3.8-flash-medium,expgym,restricted_search,task,phantom_seed3:29,f1,fraction,1,,item_equal_weight_after_within_item_mean,100,0–100,percentage_points,true,1.0,1,1,0,1183,gemini_snapshot,1.0,1,1,0,1184,gemini_snapshot,1.0,1,1,0,1185,gemini_snapshot,,,,,,,,,,,,,,,,,,,0.0,0.0,0.0,,,
N1_budget,gemini-3.8-flash-medium,expgym,restricted_search,task,phantom_seed3:3,f1,fraction,1,,item_equal_weight_after_within_item_mean,100,0–100,percentage_points,true,1.0,1,1,0,1186,gemini_snapshot,1.0,1,1,0,1187,gemini_snapshot,0.5,1,1,0,1188,gemini_snapshot,,,,,,,,,,,,,,,,,,,0.0,-0.5,-0.5,,,
N1_budget,gemini-3.8-flash-medium,expgym,restricted_search,task,phantom_seed3:30,f1,fraction,1,,item_equal_weight_after_within_item_mean,100,0–100,percentage_points,true,1.0,1,1,0,1189,gemini_snapshot,1.0,1,1,0,1190,gemini_snapshot,1.0,1,1,0,1191,gemini_snapshot,,,,,,,,,,,,,,,,,,,0.0,0.0,0.0,,,
N1_budget,gemini-3.8-flash-medium,expgym,restricted_search,task,phantom_seed3:31,f1,fraction,1,,item_equal_weight_after_within_item_mean,100,0–100,percentage_points,true,0.5,1,1,0,1192,gemini_snapshot,0.5,1,1,0,1193,gemini_snapshot,0.0,1,1,0,1194,gemini_snapshot,,,,,,,,,,,,,,,,,,,0.0,-0.5,-0.5,,,
N1_budget,gemini-3.8-flash-medium,expgym,restricted_search,task,phantom_seed3:32,f1,fraction,1,,item_equal_weight_after_within_item_mean,100,0–100,percentage_points,true,1.0,1,1,0,1195,gemini_snapshot,1.0,1,1,0,1196,gemini_snapshot,0.0,1,1,0,1197,gemini_snapshot,,,,,,,,,,,,,,,,,,,0.0,-1.0,-1.0,,,
N1_budget,gemini-3.8-flash-medium,expgym,restricted_search,task,phantom_seed3:33,f1,fraction,1,,item_equal_weight_after_within_item_mean,100,0–100,percentage_points,true,0.0,1,1,0,1198,gemini_snapshot,0.0,1,1,0,1199,gemini_snapshot,0.0,1,1,0,1200,gemini_snapshot,,,,,,,,,,,,,,,,,,,0.0,0.0,0.0,,,
N1_budget,gemini-3.8-flash-medium,expgym,restricted_search,task,phantom_seed3:34,f1,fraction,1,,item_equal_weight_after_within_item_mean,100,0–100,percentage_points,true,0.0,1,1,0,1201,gemini_snapshot,0.0,1,1,0,1202,gemini_snapshot,0.0,1,1,0,1203,gemini_snapshot,,,,,,,,,,,,,,,,,,,0.0,0.0,0.0,,,
N1_budget,gemini-3.8-flash-medium,expgym,restricted_search,task,phantom_seed3:35,f1,fraction,1,,item_equal_weight_after_within_item_mean,100,0–100,percentage_points,true,0.0,1,1,0,1204,gemini_snapshot,0.0,1,1,0,1205,gemini_snapshot,0.0,1,1,0,1206,gemini_snapshot,,,,,,,,,,,,,,,,,,,0.0,0.0,0.0,,,
N1_budget,gemini-3.8-flash-medium,expgym,restricted_search,task,phantom_seed3:36,f1,fraction,1,,item_equal_weight_after_within_item_mean,100,0–100,percentage_points,true,0.0,1,1,0,1207,gemini_snapshot,0.0,1,1,0,1208,gemini_snapshot,0.0,1,1,0,1209,gemini_snapshot,,,,,,,,,,,,,,,,,,,0.0,0.0,0.0,,,
N1_budget,gemini-3.8-flash-medium,expgym,restricted_search,task,phantom_seed3:4,f1,fraction,1,,item_equal_weight_after_within_item_mean,100,0–100,percentage_points,true,1.0,1,1,0,1210,gemini_snapshot,1.0,1,1,0,1211,gemini_snapshot,1.0,1,1,0,1212,gemini_snapshot,,,,,,,,,,,,,,,,,,,0.0,0.0,0.0,,,
N1_budget,gemini-3.8-flash-medium,expgym,restricted_search,task,phantom_seed3:5,f1,fraction,1,,item_equal_weight_after_within_item_mean,100,0–100,percentage_points,true,1.0,1,1,0,1213,gemini_snapshot,0.8,1,1,0,1214,gemini_snapshot,0.0,1,1,0,1215,gemini_snapshot,,,,,,,,,,,,,,,,,,,-0.2,-1.0,-0.8,,,
N1_budget,gemini-3.8-flash-medium,expgym,restricted_search,task,phantom_seed3:6,f1,fraction,1,,item_equal_weight_after_within_item_mean,100,0–100,percentage_points,true,1.0,1,1,0,1216,gemini_snapshot,0.4,1,1,0,1217,gemini_snapshot,0.0,1,1,0,1218,gemini_snapshot,,,,,,,,,,,,,,,,,,,-0.6,-1.0,-0.4,,,
N1_budget,gemini-3.8-flash-medium,expgym,restricted_search,task,phantom_seed3:7,f1,fraction,1,,item_equal_weight_after_within_item_mean,100,0–100,percentage_points,true,1.0,1,1,0,1219,gemini_snapshot,1.0,1,1,0,1220,gemini_snapshot,0.0,1,1,0,1221,gemini_snapshot,,,,,,,,,,,,,,,,,,,0.0,-1.0,-1.0,,,
N1_budget,gemini-3.8-flash-medium,expgym,restricted_search,task,phantom_seed3:8,f1,fraction,1,,item_equal_weight_after_within_item_mean,100,0–100,percentage_points,true,0.0,1,1,0,1222,gemini_snapshot,0.0,1,1,0,1223,gemini_snapshot,0.33333333333333337,1,1,0,1224,gemini_snapshot,,,,,,,,,,,,,,,,,,,0.0,0.33333333333333337,0.33333333333333337,,,
N1_budget,gemini-3.8-flash-medium,expgym,restricted_search,task,phantom_seed3:9,f1,fraction,1,,item_equal_weight_after_within_item_mean,100,0–100,percentage_points,true,1.0,1,1,0,1225,gemini_snapshot,0.0,1,1,0,1226,gemini_snapshot,0.0,1,1,0,1227,gemini_snapshot,,,,,,,,,,,,,,,,,,,-1.0,-1.0,0.0,,,
N1_budget,gemini-3.8-flash-medium,expgym,tuning,all,all,gap,Gap points,1,,independent_single_or_N4_pool; item_equal_weighted,1,Gap points,Gap points,true,98.16108984350721,27,27,0,1228,gemini_openrouter_missing_main_20260917+gemini_snapshot,97.27262466233921,27,27,0,1231,gemini_openrouter_missing_main_20260917+gemini_snapshot,93.85798234517002,27,27,0,1234,gemini_openrouter_missing_main_20260917+gemini_snapshot,,,,,,,,,,,,,,,,,,,-0.88846518116800,-4.30310749833719,-3.41464231716919,,,
N1_budget,gemini-3.8-flash-medium,expgym,tuning,all,all,gap0,Gap points,1,,item_equal_weight_after_within_item_mean,1,Gap points,Gap points,true,98.16108984350721,27,27,0,1229,gemini_openrouter_missing_main_20260917+gemini_snapshot,97.27262466233921,27,27,0,1232,gemini_openrouter_missing_main_20260917+gemini_snapshot,93.85798234517002,27,27,0,1235,gemini_openrouter_missing_main_20260917+gemini_snapshot,,,,,,,,,,,,,,,,,,,-0.88846518116800,-4.30310749833719,-3.41464231716919,,,
N1_budget,gemini-3.8-flash-medium,expgym,tuning,all,all,raw_perf,fraction,1,,independent_single_or_N4_pool; item_equal_weighted,100,0–100,percentage_points,true,0.8292807404123184,27,27,0,1230,gemini_openrouter_missing_main_20260917+gemini_snapshot,0.8285157596538368,27,27,0,1233,gemini_openrouter_missing_main_20260917+gemini_snapshot,0.8182626508745966,27,27,0,1236,gemini_openrouter_missing_main_20260917+gemini_snapshot,,,,,,,,,,,,,,,,,,,-0.0007649807584816,-0.0110180895377218,-0.0102531087792402,,,
N1_budget,gemini-3.8-flash-medium,expgym,tuning,family,nasbench101,gap,Gap points,1,,independent_single_or_N4_pool; item_equal_weighted,1,Gap points,Gap points,true,99.33314374851237,9,9,0,1237,gemini_snapshot,98.74444626689534,9,9,0,1240,gemini_openrouter_missing_main_20260917+gemini_snapshot,96.62054943377423,9,9,0,1243,gemini_openrouter_missing_main_20260917+gemini_snapshot,,,,,,,,,,,,,,,,,,,-0.58869748161703,-2.71259431473814,-2.12389683312111,,,
N1_budget,gemini-3.8-flash-medium,expgym,tuning,family,nasbench101,gap0,Gap points,1,,item_equal_weight_after_within_item_mean,1,Gap points,Gap points,true,99.33314374851237,9,9,0,1238,gemini_snapshot,98.74444626689534,9,9,0,1241,gemini_openrouter_missing_main_20260917+gemini_snapshot,96.62054943377423,9,9,0,1244,gemini_openrouter_missing_main_20260917+gemini_snapshot,,,,,,,,,,,,,,,,,,,-0.58869748161703,-2.71259431473814,-2.12389683312111,,,
N1_budget,gemini-3.8-flash-medium,expgym,tuning,family,nasbench101,raw_perf,fraction,1,,independent_single_or_N4_pool; item_equal_weighted,100,0–100,percentage_points,true,0.9450862098623206,9,9,0,1239,gemini_snapshot,0.9419255963078251,9,9,0,1242,gemini_openrouter_missing_main_20260917+gemini_snapshot,0.928370577317697,9,9,0,1245,gemini_openrouter_missing_main_20260917+gemini_snapshot,,,,,,,,,,,,,,,,,,,-0.0031606135544955,-0.0167156325446236,-0.0135550189901281,,,
N1_budget,gemini-3.8-flash-medium,expgym,tuning,family,nasbench201,gap,Gap points,1,,independent_single_or_N4_pool; item_equal_weighted,1,Gap points,Gap points,true,99.15349095002772,9,9,0,1246,gemini_snapshot,99.12151934803056,9,9,0,1249,gemini_snapshot,94.8695267484929,9,9,0,1252,gemini_snapshot,,,,,,,,,,,,,,,,,,,-0.03197160199716,-4.28396420153482,-4.25199259953766,,,
N1_budget,gemini-3.8-flash-medium,expgym,tuning,family,nasbench201,gap0,Gap points,1,,item_equal_weight_after_within_item_mean,1,Gap points,Gap points,true,99.15349095002772,9,9,0,1247,gemini_snapshot,99.12151934803056,9,9,0,1250,gemini_snapshot,94.8695267484929,9,9,0,1253,gemini_snapshot,,,,,,,,,,,,,,,,,,,-0.03197160199716,-4.28396420153482,-4.25199259953766,,,
N1_budget,gemini-3.8-flash-medium,expgym,tuning,family,nasbench201,raw_perf,fraction,1,,independent_single_or_N4_pool; item_equal_weighted,100,0–100,percentage_points,true,0.705397530809944,9,9,0,1248,gemini_snapshot,0.7054333332521039,9,9,0,1251,gemini_snapshot,0.7005466666104541,9,9,0,1254,gemini_snapshot,,,,,,,,,,,,,,,,,,,0.0000358024421599,-0.0048508641994899,-0.0048866666416498,,,
N1_budget,gemini-3.8-flash-medium,expgym,tuning,family,paramnet,gap,Gap points,1,,independent_single_or_N4_pool; item_equal_weighted,1,Gap points,Gap points,true,95.99663483198155,9,9,0,1255,gemini_openrouter_missing_main_20260917+gemini_snapshot,93.95190837209174,9,9,0,1258,gemini_snapshot,90.08387085324293,9,9,0,1261,gemini_openrouter_missing_main_20260917+gemini_snapshot,,,,,,,,,,,,,,,,,,,-2.04472645988981,-5.91276397873862,-3.86803751884881,,,
N1_budget,gemini-3.8-flash-medium,expgym,tuning,family,paramnet,gap0,Gap points,1,,item_equal_weight_after_within_item_mean,1,Gap points,Gap points,true,95.99663483198155,9,9,0,1256,gemini_openrouter_missing_main_20260917+gemini_snapshot,93.95190837209174,9,9,0,1259,gemini_snapshot,90.08387085324293,9,9,0,1262,gemini_openrouter_missing_main_20260917+gemini_snapshot,,,,,,,,,,,,,,,,,,,-2.04472645988981,-5.91276397873862,-3.86803751884881,,,
N1_budget,gemini-3.8-flash-medium,expgym,tuning,family,paramnet,raw_perf,fraction,1,,independent_single_or_N4_pool; item_equal_weighted,100,0–100,percentage_points,true,0.8373584805646906,9,9,0,1257,gemini_openrouter_missing_main_20260917+gemini_snapshot,0.8381883494015817,9,9,0,1260,gemini_snapshot,0.8258707086956387,9,9,0,1263,gemini_openrouter_missing_main_20260917+gemini_snapshot,,,,,,,,,,,,,,,,,,,0.0008298688368911,-0.0114877718690519,-0.0123176407059430,,,
N1_budget,gemini-3.8-flash-medium,expgym,tuning,task,hpobench:nasbench101:A,gap,Gap points,1,,item_equal_weight_after_within_item_mean,1,Gap points,Gap points,true,99.85603220121546,3,3,0,1264,gemini_snapshot,99.04126693194041,3,3,0,1267,gemini_snapshot,94.2934854020858,3,3,0,1270,gemini_snapshot,,,,,,,,,,,,,,,,,,,-0.81476526927505,-5.56254679912966,-4.74778152985461,,,
N1_budget,gemini-3.8-flash-medium,expgym,tuning,task,hpobench:nasbench101:A,gap0,Gap points,1,,item_equal_weight_after_within_item_mean,1,Gap points,Gap points,true,99.85603220121546,3,3,0,1265,gemini_snapshot,99.04126693194041,3,3,0,1268,gemini_snapshot,94.2934854020858,3,3,0,1271,gemini_snapshot,,,,,,,,,,,,,,,,,,,-0.81476526927505,-5.56254679912966,-4.74778152985461,,,
N1_budget,gemini-3.8-flash-medium,expgym,tuning,task,hpobench:nasbench101:A,raw_perf,fraction,1,,item_equal_weight_after_within_item_mean,100,0–100,percentage_points,true,0.9450676573647393,3,3,0,1266,gemini_snapshot,0.9393362601598104,3,3,0,1269,gemini_snapshot,0.9059383935398526,3,3,0,1272,gemini_snapshot,,,,,,,,,,,,,,,,,,,-0.0057313972049289,-0.0391292638248867,-0.0333978666199578,,,
N1_budget,gemini-3.8-flash-medium,expgym,tuning,task,hpobench:nasbench101:B,gap,Gap points,1,,item_equal_weight_after_within_item_mean,1,Gap points,Gap points,true,98.01737836040152,3,3,0,1273,gemini_snapshot,97.49333591010938,3,3,0,1276,gemini_openrouter_missing_main_20260917+gemini_snapshot,96.87758538132299,3,3,0,1279,gemini_snapshot,,,,,,,,,,,,,,,,,,,-0.52404245029214,-1.13979297907853,-0.61575052878639,,,
N1_budget,gemini-3.8-flash-medium,expgym,tuning,task,hpobench:nasbench101:B,gap0,Gap points,1,,item_equal_weight_after_within_item_mean,1,Gap points,Gap points,true,98.01737836040152,3,3,0,1274,gemini_snapshot,97.49333591010938,3,3,0,1277,gemini_openrouter_missing_main_20260917+gemini_snapshot,96.87758538132299,3,3,0,1280,gemini_snapshot,,,,,,,,,,,,,,,,,,,-0.52404245029214,-1.13979297907853,-0.61575052878639,,,
N1_budget,gemini-3.8-flash-medium,expgym,tuning,task,hpobench:nasbench101:B,raw_perf,fraction,1,,item_equal_weight_after_within_item_mean,100,0–100,percentage_points,true,0.9438991281721327,3,3,0,1275,gemini_snapshot,0.9425636529922485,3,3,0,1278,gemini_openrouter_missing_main_20260917+gemini_snapshot,0.9409944680002,3,3,0,1281,gemini_snapshot,,,,,,,,,,,,,,,,,,,-0.0013354751798842,-0.0029046601719327,-0.0015691849920485,,,
N1_budget,gemini-3.8-flash-medium,expgym,tuning,task,hpobench:nasbench101:C,gap,Gap points,1,,item_equal_weight_after_within_item_mean,1,Gap points,Gap points,true,100.12602068392012,3,3,0,1282,gemini_snapshot,99.69873595863622,3,3,0,1285,gemini_openrouter_missing_main_20260917+gemini_snapshot,98.6905775179139,3,3,0,1288,gemini_openrouter_missing_main_20260917+gemini_snapshot,,,,,,,,,,,,,,,,,,,-0.42728472528390,-1.43544316600622,-1.00815844072232,,,
N1_budget,gemini-3.8-flash-medium,expgym,tuning,task,hpobench:nasbench101:C,gap0,Gap points,1,,item_equal_weight_after_within_item_mean,1,Gap points,Gap points,true,100.12602068392012,3,3,0,1283,gemini_snapshot,99.69873595863622,3,3,0,1286,gemini_openrouter_missing_main_20260917+gemini_snapshot,98.6905775179139,3,3,0,1289,gemini_openrouter_missing_main_20260917+gemini_snapshot,,,,,,,,,,,,,,,,,,,-0.42728472528390,-1.43544316600622,-1.00815844072232,,,
N1_budget,gemini-3.8-flash-medium,expgym,tuning,task,hpobench:nasbench101:C,raw_perf,fraction,1,,item_equal_weight_after_within_item_mean,100,0–100,percentage_points,true,0.9462918440500895,3,3,0,1284,gemini_snapshot,0.9438768757714165,3,3,0,1287,gemini_openrouter_missing_main_20260917+gemini_snapshot,0.9381788704130385,3,3,0,1290,gemini_openrouter_missing_main_20260917+gemini_snapshot,,,,,,,,,,,,,,,,,,,-0.0024149682786730,-0.0081129736370510,-0.0056980053583780,,,
N1_budget,gemini-3.8-flash-medium,expgym,tuning,task,hpobench:nasbench201:cifar10-valid,gap,Gap points,1,,item_equal_weight_after_within_item_mean,1,Gap points,Gap points,true,100.0,3,3,0,1291,gemini_snapshot,99.55332189100149,3,3,0,1294,gemini_snapshot,95.6672219058249,3,3,0,1297,gemini_snapshot,,,,,,,,,,,,,,,,,,,-0.44667810899851,-4.3327780941751,-3.88609998517659,,,
N1_budget,gemini-3.8-flash-medium,expgym,tuning,task,hpobench:nasbench201:cifar10-valid,gap0,Gap points,1,,item_equal_weight_after_within_item_mean,1,Gap points,Gap points,true,100.0,3,3,0,1292,gemini_snapshot,99.55332189100149,3,3,0,1295,gemini_snapshot,95.6672219058249,3,3,0,1298,gemini_snapshot,,,,,,,,,,,,,,,,,,,-0.44667810899851,-4.3327780941751,-3.88609998517659,,,
N1_budget,gemini-3.8-flash-medium,expgym,tuning,task,hpobench:nasbench201:cifar10-valid,raw_perf,fraction,1,,item_equal_weight_after_within_item_mean,100,0–100,percentage_points,true,0.9160666665039063,3,3,0,1293,gemini_snapshot,0.9157111109917534,3,3,0,1296,gemini_snapshot,0.9126177776882594,3,3,0,1299,gemini_snapshot,,,,,,,,,,,,,,,,,,,-0.0003555555121529,-0.0034488888156469,-0.0030933333034940,,,
N1_budget,gemini-3.8-flash-medium,expgym,tuning,task,hpobench:nasbench201:cifar100,gap,Gap points,1,,item_equal_weight_after_within_item_mean,1,Gap points,Gap points,true,100.0,3,3,0,1300,gemini_snapshot,100.0,3,3,0,1303,gemini_snapshot,98.58033670896867,3,3,0,1306,gemini_snapshot,,,,,,,,,,,,,,,,,,,0.0,-1.41966329103133,-1.41966329103133,,,
N1_budget,gemini-3.8-flash-medium,expgym,tuning,task,hpobench:nasbench201:cifar100,gap0,Gap points,1,,item_equal_weight_after_within_item_mean,1,Gap points,Gap points,true,100.0,3,3,0,1301,gemini_snapshot,100.0,3,3,0,1304,gemini_snapshot,98.58033670896867,3,3,0,1307,gemini_snapshot,,,,,,,,,,,,,,,,,,,0.0,-1.41966329103133,-1.41966329103133,,,
N1_budget,gemini-3.8-flash-medium,expgym,tuning,task,hpobench:nasbench201:cifar100,raw_perf,fraction,1,,item_equal_weight_after_within_item_mean,100,0–100,percentage_points,true,0.7350333333333333,3,3,0,1302,gemini_snapshot,0.7350333333333333,3,3,0,1305,gemini_snapshot,0.7333,3,3,0,1308,gemini_snapshot,,,,,,,,,,,,,,,,,,,0E-16,-0.0017333333333333,-0.0017333333333333,,,
N1_budget,gemini-3.8-flash-medium,expgym,tuning,task,hpobench:nasbench201:imagenet16-120,gap,Gap points,1,,item_equal_weight_after_within_item_mean,1,Gap points,Gap points,true,97.46047285008315,3,3,0,1309,gemini_snapshot,97.8112361530902,3,3,0,1312,gemini_snapshot,90.36102163068512,3,3,0,1315,gemini_snapshot,,,,,,,,,,,,,,,,,,,0.35076330300705,-7.09945121939803,-7.45021452240508,,,
N1_budget,gemini-3.8-flash-medium,expgym,tuning,task,hpobench:nasbench201:imagenet16-120,gap0,Gap points,1,,item_equal_weight_after_within_item_mean,1,Gap points,Gap points,true,97.46047285008315,3,3,0,1310,gemini_snapshot,97.8112361530902,3,3,0,1313,gemini_snapshot,90.36102163068512,3,3,0,1316,gemini_snapshot,,,,,,,,,,,,,,,,,,,0.35076330300705,-7.09945121939803,-7.45021452240508,,,
N1_budget,gemini-3.8-flash-medium,expgym,tuning,task,hpobench:nasbench201:imagenet16-120,raw_perf,fraction,1,,item_equal_weight_after_within_item_mean,100,0–100,percentage_points,true,0.46509259259259256,3,3,0,1311,gemini_snapshot,0.4655555554312247,3,3,0,1314,gemini_snapshot,0.4557222221431026,3,3,0,1317,gemini_snapshot,,,,,,,,,,,,,,,,,,,0.00046296283863214,-0.00937037044948996,-0.0098333332881221,,,
N1_budget,gemini-3.8-flash-medium,expgym,tuning,task,hpobench:paramnet:adult:steps,gap,Gap points,1,,item_equal_weight_after_within_item_mean,1,Gap points,Gap points,true,96.22350566250978,3,3,0,1318,gemini_openrouter_missing_main_20260917+gemini_snapshot,87.65146071653024,3,3,0,1321,gemini_snapshot,87.23184273904896,3,3,0,1324,gemini_openrouter_missing_main_20260917+gemini_snapshot,,,,,,,,,,,,,,,,,,,-8.57204494597954,-8.99166292346082,-0.41961797748128,,,
N1_budget,gemini-3.8-flash-medium,expgym,tuning,task,hpobench:paramnet:adult:steps,gap0,Gap points,1,,item_equal_weight_after_within_item_mean,1,Gap points,Gap points,true,96.22350566250978,3,3,0,1319,gemini_openrouter_missing_main_20260917+gemini_snapshot,87.65146071653024,3,3,0,1322,gemini_snapshot,87.23184273904896,3,3,0,1325,gemini_openrouter_missing_main_20260917+gemini_snapshot,,,,,,,,,,,,,,,,,,,-8.57204494597954,-8.99166292346082,-0.41961797748128,,,
N1_budget,gemini-3.8-flash-medium,expgym,tuning,task,hpobench:paramnet:adult:steps,raw_perf,fraction,1,,item_equal_weight_after_within_item_mean,100,0–100,percentage_points,true,0.8521759255251582,3,3,0,1320,gemini_openrouter_missing_main_20260917+gemini_snapshot,0.8486450648542356,3,3,0,1323,gemini_snapshot,0.8484722224784854,3,3,0,1326,gemini_openrouter_missing_main_20260917+gemini_snapshot,,,,,,,,,,,,,,,,,,,-0.0035308606709226,-0.0037037030466728,-0.0001728423757502,,,
N1_budget,gemini-3.8-flash-medium,expgym,tuning,task,hpobench:paramnet:higgs:steps,gap,Gap points,1,,item_equal_weight_after_within_item_mean,1,Gap points,Gap points,true,96.13463349062079,3,3,0,1327,gemini_snapshot,97.68219467643969,3,3,0,1330,gemini_snapshot,92.67382615929098,3,3,0,1333,gemini_snapshot,,,,,,,,,,,,,,,,,,,1.54756118581890,-3.46080733132981,-5.00836851714871,,,
N1_budget,gemini-3.8-flash-medium,expgym,tuning,task,hpobench:paramnet:higgs:steps,gap0,Gap points,1,,item_equal_weight_after_within_item_mean,1,Gap points,Gap points,true,96.13463349062079,3,3,0,1328,gemini_snapshot,97.68219467643969,3,3,0,1331,gemini_snapshot,92.67382615929098,3,3,0,1334,gemini_snapshot,,,,,,,,,,,,,,,,,,,1.54756118581890,-3.46080733132981,-5.00836851714871,,,
N1_budget,gemini-3.8-flash-medium,expgym,tuning,task,hpobench:paramnet:higgs:steps,raw_perf,fraction,1,,item_equal_weight_after_within_item_mean,100,0–100,percentage_points,true,0.7177014175496381,3,3,0,1329,gemini_snapshot,0.7190482821436496,3,3,0,1332,gemini_snapshot,0.7146894275204383,3,3,0,1335,gemini_snapshot,,,,,,,,,,,,,,,,,,,0.0013468645940115,-0.0030119900291998,-0.0043588546232113,,,
N1_budget,gemini-3.8-flash-medium,expgym,tuning,task,hpobench:paramnet:letter:steps,gap,Gap points,1,,item_equal_weight_after_within_item_mean,1,Gap points,Gap points,true,95.6317653428141,3,3,0,1336,gemini_openrouter_missing_main_20260917+gemini_snapshot,96.52206972330526,3,3,0,1339,gemini_snapshot,90.34594366138883,3,3,0,1342,gemini_snapshot,,,,,,,,,,,,,,,,,,,0.89030438049116,-5.28582168142527,-6.17612606191643,,,
N1_budget,gemini-3.8-flash-medium,expgym,tuning,task,hpobench:paramnet:letter:steps,gap0,Gap points,1,,item_equal_weight_after_within_item_mean,1,Gap points,Gap points,true,95.6317653428141,3,3,0,1337,gemini_openrouter_missing_main_20260917+gemini_snapshot,96.52206972330526,3,3,0,1340,gemini_snapshot,90.34594366138883,3,3,0,1343,gemini_snapshot,,,,,,,,,,,,,,,,,,,0.89030438049116,-5.28582168142527,-6.17612606191643,,,
N1_budget,gemini-3.8-flash-medium,expgym,tuning,task,hpobench:paramnet:letter:steps,raw_perf,fraction,1,,item_equal_weight_after_within_item_mean,100,0–100,percentage_points,true,0.9421980986192757,3,3,0,1338,gemini_openrouter_missing_main_20260917+gemini_snapshot,0.9468717012068597,3,3,0,1341,gemini_snapshot,0.9144504760879926,3,3,0,1344,gemini_snapshot,,,,,,,,,,,,,,,,,,,0.0046736025875840,-0.0277476225312831,-0.0324212251188671,,,
N4_strategy,gemini-3.8-flash-medium,poolact,evidence_audit,all,all,evidence_acc_mi,fraction,4,cost_moderate,independent_single_or_N4_pool; item_equal_weighted,100,0–100,percentage_points,true,,,,,,,,,,,,,,,,,,,0.8009049773755657,13,13,0,1349,gemini_snapshot,0.8416289592760181,13,13,0,1345,gemini_snapshot,0.9717194570135747,13,13,0,1353,gemini_snapshot,,,,0.0407239819004524,0.1708144796380090,0.1300904977375566
N4_strategy,gemini-3.8-flash-medium,poolact,evidence_audit,all,all,evidence_acc_mi,fraction,4,cost_tight,independent_single_or_N4_pool; item_equal_weighted,100,0–100,percentage_points,true,,,,,,,,,,,,,,,,,,,0.6934389140271494,13,13,0,1361,gemini_snapshot,0.6957013574660634,13,13,0,1357,gemini_snapshot,0.7330316742081447,13,13,0,1365,gemini_snapshot,,,,0.0022624434389140,0.0395927601809953,0.0373303167420813
N4_strategy,gemini-3.8-flash-medium,poolact,evidence_audit,all,all,evidence_acc_mv,fraction,4,cost_moderate,independent_single_or_N4_pool; item_equal_weighted,100,0–100,percentage_points,true,,,,,,,,,,,,,,,,,,,0.8054298642533937,13,13,0,1350,gemini_snapshot,0.8733031674208145,13,13,0,1346,gemini_snapshot,0.9773755656108597,13,13,0,1354,gemini_snapshot,,,,0.0678733031674208,0.1719457013574660,0.1040723981900452
N4_strategy,gemini-3.8-flash-medium,poolact,evidence_audit,all,all,evidence_acc_mv,fraction,4,cost_tight,independent_single_or_N4_pool; item_equal_weighted,100,0–100,percentage_points,true,,,,,,,,,,,,,,,,,,,0.6877828054298643,13,13,0,1362,gemini_snapshot,0.7149321266968326,13,13,0,1358,gemini_snapshot,0.7375565610859728,13,13,0,1366,gemini_snapshot,,,,0.0271493212669683,0.0497737556561085,0.0226244343891402
N4_strategy,gemini-3.8-flash-medium,poolact,evidence_audit,all,all,label_acc_mi,fraction,4,cost_moderate,independent_single_or_N4_pool; item_equal_weighted,100,0–100,percentage_points,true,,,,,,,,,,,,,,,,,,,0.9061085972850679,13,13,0,1351,gemini_snapshot,0.92420814479638,13,13,0,1347,gemini_snapshot,0.9604072398190044,13,13,0,1355,gemini_snapshot,,,,0.0180995475113121,0.0542986425339365,0.0361990950226244
N4_strategy,gemini-3.8-flash-medium,poolact,evidence_audit,all,all,label_acc_mi,fraction,4,cost_tight,independent_single_or_N4_pool; item_equal_weighted,100,0–100,percentage_points,true,,,,,,,,,,,,,,,,,,,0.8744343891402715,13,13,0,1363,gemini_snapshot,0.8710407239819004,13,13,0,1359,gemini_snapshot,0.8778280542986425,13,13,0,1367,gemini_snapshot,,,,-0.0033936651583711,0.0033936651583710,0.0067873303167421
N4_strategy,gemini-3.8-flash-medium,poolact,evidence_audit,all,all,label_acc_mv,fraction,4,cost_moderate,independent_single_or_N4_pool; item_equal_weighted,100,0–100,percentage_points,true,,,,,,,,,,,,,,,,,,,0.914027149321267,13,13,0,1352,gemini_snapshot,0.9411764705882353,13,13,0,1348,gemini_snapshot,0.9638009049773756,13,13,0,1356,gemini_snapshot,,,,0.0271493212669683,0.0497737556561086,0.0226244343891403
N4_strategy,gemini-3.8-flash-medium,poolact,evidence_audit,all,all,label_acc_mv,fraction,4,cost_tight,independent_single_or_N4_pool; item_equal_weighted,100,0–100,percentage_points,true,,,,,,,,,,,,,,,,,,,0.8823529411764706,13,13,0,1364,gemini_snapshot,0.8823529411764706,13,13,0,1360,gemini_snapshot,0.8778280542986425,13,13,0,1368,gemini_snapshot,,,,0E-16,-0.0045248868778281,-0.0045248868778281
N4_strategy,gemini-3.8-flash-medium,poolact,evidence_audit,family,evidence_audit,evidence_acc_mi,fraction,4,cost_moderate,independent_single_or_N4_pool; item_equal_weighted,100,0–100,percentage_points,true,,,,,,,,,,,,,,,,,,,0.8009049773755657,13,13,0,1373,gemini_snapshot,0.8416289592760181,13,13,0,1369,gemini_snapshot,0.9717194570135747,13,13,0,1377,gemini_snapshot,,,,0.0407239819004524,0.1708144796380090,0.1300904977375566
N4_strategy,gemini-3.8-flash-medium,poolact,evidence_audit,family,evidence_audit,evidence_acc_mi,fraction,4,cost_tight,independent_single_or_N4_pool; item_equal_weighted,100,0–100,percentage_points,true,,,,,,,,,,,,,,,,,,,0.6934389140271494,13,13,0,1385,gemini_snapshot,0.6957013574660634,13,13,0,1381,gemini_snapshot,0.7330316742081447,13,13,0,1389,gemini_snapshot,,,,0.0022624434389140,0.0395927601809953,0.0373303167420813
N4_strategy,gemini-3.8-flash-medium,poolact,evidence_audit,family,evidence_audit,evidence_acc_mv,fraction,4,cost_moderate,independent_single_or_N4_pool; item_equal_weighted,100,0–100,percentage_points,true,,,,,,,,,,,,,,,,,,,0.8054298642533937,13,13,0,1374,gemini_snapshot,0.8733031674208145,13,13,0,1370,gemini_snapshot,0.9773755656108597,13,13,0,1378,gemini_snapshot,,,,0.0678733031674208,0.1719457013574660,0.1040723981900452
N4_strategy,gemini-3.8-flash-medium,poolact,evidence_audit,family,evidence_audit,evidence_acc_mv,fraction,4,cost_tight,independent_single_or_N4_pool; item_equal_weighted,100,0–100,percentage_points,true,,,,,,,,,,,,,,,,,,,0.6877828054298643,13,13,0,1386,gemini_snapshot,0.7149321266968326,13,13,0,1382,gemini_snapshot,0.7375565610859728,13,13,0,1390,gemini_snapshot,,,,0.0271493212669683,0.0497737556561085,0.0226244343891402
N4_strategy,gemini-3.8-flash-medium,poolact,evidence_audit,family,evidence_audit,label_acc_mi,fraction,4,cost_moderate,independent_single_or_N4_pool; item_equal_weighted,100,0–100,percentage_points,true,,,,,,,,,,,,,,,,,,,0.9061085972850679,13,13,0,1375,gemini_snapshot,0.92420814479638,13,13,0,1371,gemini_snapshot,0.9604072398190044,13,13,0,1379,gemini_snapshot,,,,0.0180995475113121,0.0542986425339365,0.0361990950226244
N4_strategy,gemini-3.8-flash-medium,poolact,evidence_audit,family,evidence_audit,label_acc_mi,fraction,4,cost_tight,independent_single_or_N4_pool; item_equal_weighted,100,0–100,percentage_points,true,,,,,,,,,,,,,,,,,,,0.8744343891402715,13,13,0,1387,gemini_snapshot,0.8710407239819004,13,13,0,1383,gemini_snapshot,0.8778280542986425,13,13,0,1391,gemini_snapshot,,,,-0.0033936651583711,0.0033936651583710,0.0067873303167421
N4_strategy,gemini-3.8-flash-medium,poolact,evidence_audit,family,evidence_audit,label_acc_mv,fraction,4,cost_moderate,independent_single_or_N4_pool; item_equal_weighted,100,0–100,percentage_points,true,,,,,,,,,,,,,,,,,,,0.914027149321267,13,13,0,1376,gemini_snapshot,0.9411764705882353,13,13,0,1372,gemini_snapshot,0.9638009049773756,13,13,0,1380,gemini_snapshot,,,,0.0271493212669683,0.0497737556561086,0.0226244343891403
N4_strategy,gemini-3.8-flash-medium,poolact,evidence_audit,family,evidence_audit,label_acc_mv,fraction,4,cost_tight,independent_single_or_N4_pool; item_equal_weighted,100,0–100,percentage_points,true,,,,,,,,,,,,,,,,,,,0.8823529411764706,13,13,0,1388,gemini_snapshot,0.8823529411764706,13,13,0,1384,gemini_snapshot,0.8778280542986425,13,13,0,1392,gemini_snapshot,,,,0E-16,-0.0045248868778281,-0.0045248868778281
N4_strategy,gemini-3.8-flash-medium,poolact,evidence_audit,task,cc-large:0,evidence_acc_mi,fraction,4,cost_moderate,item_equal_weight_after_within_item_mean,100,0–100,percentage_points,true,,,,,,,,,,,,,,,,,,,0.6176470588235294,1,1,0,1397,gemini_snapshot,0.6764705882352942,1,1,0,1393,gemini_snapshot,0.8823529411764706,1,1,0,1401,gemini_snapshot,,,,0.0588235294117648,0.2647058823529412,0.2058823529411764
N4_strategy,gemini-3.8-flash-medium,poolact,evidence_audit,task,cc-large:0,evidence_acc_mi,fraction,4,cost_tight,item_equal_weight_after_within_item_mean,100,0–100,percentage_points,true,,,,,,,,,,,,,,,,,,,0.6029411764705883,1,1,0,1409,gemini_snapshot,0.5294117647058824,1,1,0,1405,gemini_snapshot,0.6323529411764706,1,1,0,1413,gemini_snapshot,,,,-0.0735294117647059,0.0294117647058823,0.1029411764705882
N4_strategy,gemini-3.8-flash-medium,poolact,evidence_audit,task,cc-large:0,evidence_acc_mv,fraction,4,cost_moderate,item_equal_weight_after_within_item_mean,100,0–100,percentage_points,true,,,,,,,,,,,,,,,,,,,0.6470588235294118,1,1,0,1398,gemini_snapshot,0.6470588235294118,1,1,0,1394,gemini_snapshot,0.8823529411764706,1,1,0,1402,gemini_snapshot,,,,0E-16,0.2352941176470588,0.2352941176470588
N4_strategy,gemini-3.8-flash-medium,poolact,evidence_audit,task,cc-large:0,evidence_acc_mv,fraction,4,cost_tight,item_equal_weight_after_within_item_mean,100,0–100,percentage_points,true,,,,,,,,,,,,,,,,,,,0.5882352941176471,1,1,0,1410,gemini_snapshot,0.5294117647058824,1,1,0,1406,gemini_snapshot,0.6470588235294118,1,1,0,1414,gemini_snapshot,,,,-0.0588235294117647,0.0588235294117647,0.1176470588235294
N4_strategy,gemini-3.8-flash-medium,poolact,evidence_audit,task,cc-large:0,label_acc_mi,fraction,4,cost_moderate,item_equal_weight_after_within_item_mean,100,0–100,percentage_points,true,,,,,,,,,,,,,,,,,,,0.9264705882352942,1,1,0,1399,gemini_snapshot,0.8970588235294117,1,1,0,1395,gemini_snapshot,0.9117647058823529,1,1,0,1403,gemini_snapshot,,,,-0.0294117647058825,-0.0147058823529413,0.0147058823529412
N4_strategy,gemini-3.8-flash-medium,poolact,evidence_audit,task,cc-large:0,label_acc_mi,fraction,4,cost_tight,item_equal_weight_after_within_item_mean,100,0–100,percentage_points,true,,,,,,,,,,,,,,,,,,,0.8970588235294117,1,1,0,1411,gemini_snapshot,0.9264705882352942,1,1,0,1407,gemini_snapshot,0.9411764705882353,1,1,0,1415,gemini_snapshot,,,,0.0294117647058825,0.0441176470588236,0.0147058823529411
N4_strategy,gemini-3.8-flash-medium,poolact,evidence_audit,task,cc-large:0,label_acc_mv,fraction,4,cost_moderate,item_equal_weight_after_within_item_mean,100,0–100,percentage_points,true,,,,,,,,,,,,,,,,,,,0.9411764705882353,1,1,0,1400,gemini_snapshot,0.8823529411764706,1,1,0,1396,gemini_snapshot,0.8823529411764706,1,1,0,1404,gemini_snapshot,,,,-0.0588235294117647,-0.0588235294117647,0E-16
N4_strategy,gemini-3.8-flash-medium,poolact,evidence_audit,task,cc-large:0,label_acc_mv,fraction,4,cost_tight,item_equal_weight_after_within_item_mean,100,0–100,percentage_points,true,,,,,,,,,,,,,,,,,,,0.8823529411764706,1,1,0,1412,gemini_snapshot,0.9411764705882353,1,1,0,1408,gemini_snapshot,0.9411764705882353,1,1,0,1416,gemini_snapshot,,,,0.0588235294117647,0.0588235294117647,0E-16
N4_strategy,gemini-3.8-flash-medium,poolact,evidence_audit,task,cc-large:1,evidence_acc_mi,fraction,4,cost_moderate,item_equal_weight_after_within_item_mean,100,0–100,percentage_points,true,,,,,,,,,,,,,,,,,,,0.8088235294117647,1,1,0,1421,gemini_snapshot,0.8235294117647058,1,1,0,1417,gemini_snapshot,0.9411764705882353,1,1,0,1425,gemini_snapshot,,,,0.0147058823529411,0.1323529411764706,0.1176470588235295
N4_strategy,gemini-3.8-flash-medium,poolact,evidence_audit,task,cc-large:1,evidence_acc_mi,fraction,4,cost_tight,item_equal_weight_after_within_item_mean,100,0–100,percentage_points,true,,,,,,,,,,,,,,,,,,,0.7205882352941176,1,1,0,1433,gemini_snapshot,0.7205882352941176,1,1,0,1429,gemini_snapshot,0.6911764705882353,1,1,0,1437,gemini_snapshot,,,,0E-16,-0.0294117647058823,-0.0294117647058823
N4_strategy,gemini-3.8-flash-medium,poolact,evidence_audit,task,cc-large:1,evidence_acc_mv,fraction,4,cost_moderate,item_equal_weight_after_within_item_mean,100,0–100,percentage_points,true,,,,,,,,,,,,,,,,,,,0.7647058823529411,1,1,0,1422,gemini_snapshot,0.8823529411764706,1,1,0,1418,gemini_snapshot,0.9411764705882353,1,1,0,1426,gemini_snapshot,,,,0.1176470588235295,0.1764705882352942,0.0588235294117647
N4_strategy,gemini-3.8-flash-medium,poolact,evidence_audit,task,cc-large:1,evidence_acc_mv,fraction,4,cost_tight,item_equal_weight_after_within_item_mean,100,0–100,percentage_points,true,,,,,,,,,,,,,,,,,,,0.7058823529411765,1,1,0,1434,gemini_snapshot,0.7058823529411765,1,1,0,1430,gemini_snapshot,0.7058823529411765,1,1,0,1438,gemini_snapshot,,,,0E-16,0E-16,0E-16
N4_strategy,gemini-3.8-flash-medium,poolact,evidence_audit,task,cc-large:1,label_acc_mi,fraction,4,cost_moderate,item_equal_weight_after_within_item_mean,100,0–100,percentage_points,true,,,,,,,,,,,,,,,,,,,0.9264705882352942,1,1,0,1423,gemini_snapshot,0.9117647058823529,1,1,0,1419,gemini_snapshot,0.8823529411764706,1,1,0,1427,gemini_snapshot,,,,-0.0147058823529413,-0.0441176470588236,-0.0294117647058823
N4_strategy,gemini-3.8-flash-medium,poolact,evidence_audit,task,cc-large:1,label_acc_mi,fraction,4,cost_tight,item_equal_weight_after_within_item_mean,100,0–100,percentage_points,true,,,,,,,,,,,,,,,,,,,0.9117647058823529,1,1,0,1435,gemini_snapshot,0.9117647058823529,1,1,0,1431,gemini_snapshot,0.9117647058823529,1,1,0,1439,gemini_snapshot,,,,0E-16,0E-16,0E-16
N4_strategy,gemini-3.8-flash-medium,poolact,evidence_audit,task,cc-large:1,label_acc_mv,fraction,4,cost_moderate,item_equal_weight_after_within_item_mean,100,0–100,percentage_points,true,,,,,,,,,,,,,,,,,,,0.8823529411764706,1,1,0,1424,gemini_snapshot,0.8823529411764706,1,1,0,1420,gemini_snapshot,0.8823529411764706,1,1,0,1428,gemini_snapshot,,,,0E-16,0E-16,0E-16
N4_strategy,gemini-3.8-flash-medium,poolact,evidence_audit,task,cc-large:1,label_acc_mv,fraction,4,cost_tight,item_equal_weight_after_within_item_mean,100,0–100,percentage_points,true,,,,,,,,,,,,,,,,,,,0.8823529411764706,1,1,0,1436,gemini_snapshot,0.9411764705882353,1,1,0,1432,gemini_snapshot,0.9411764705882353,1,1,0,1440,gemini_snapshot,,,,0.0588235294117647,0.0588235294117647,0E-16
N4_strategy,gemini-3.8-flash-medium,poolact,evidence_audit,task,cc-large:10,evidence_acc_mi,fraction,4,cost_moderate,item_equal_weight_after_within_item_mean,100,0–100,percentage_points,true,,,,,,,,,,,,,,,,,,,0.47058823529411764,1,1,0,1445,gemini_snapshot,0.5147058823529411,1,1,0,1441,gemini_snapshot,0.8676470588235294,1,1,0,1449,gemini_snapshot,,,,0.04411764705882346,0.39705882352941176,0.3529411764705883
N4_strategy,gemini-3.8-flash-medium,poolact,evidence_audit,task,cc-large:10,evidence_acc_mi,fraction,4,cost_tight,item_equal_weight_after_within_item_mean,100,0–100,percentage_points,true,,,,,,,,,,,,,,,,,,,0.4264705882352941,1,1,0,1457,gemini_snapshot,0.4264705882352941,1,1,0,1453,gemini_snapshot,0.45588235294117646,1,1,0,1461,gemini_snapshot,,,,0E-16,0.02941176470588236,0.02941176470588236
N4_strategy,gemini-3.8-flash-medium,poolact,evidence_audit,task,cc-large:10,evidence_acc_mv,fraction,4,cost_moderate,item_equal_weight_after_within_item_mean,100,0–100,percentage_points,true,,,,,,,,,,,,,,,,,,,0.4117647058823529,1,1,0,1446,gemini_snapshot,0.4117647058823529,1,1,0,1442,gemini_snapshot,0.8823529411764706,1,1,0,1450,gemini_snapshot,,,,0E-16,0.4705882352941177,0.4705882352941177
N4_strategy,gemini-3.8-flash-medium,poolact,evidence_audit,task,cc-large:10,evidence_acc_mv,fraction,4,cost_tight,item_equal_weight_after_within_item_mean,100,0–100,percentage_points,true,,,,,,,,,,,,,,,,,,,0.35294117647058826,1,1,0,1458,gemini_snapshot,0.35294117647058826,1,1,0,1454,gemini_snapshot,0.4117647058823529,1,1,0,1462,gemini_snapshot,,,,0E-17,0.05882352941176464,0.05882352941176464
N4_strategy,gemini-3.8-flash-medium,poolact,evidence_audit,task,cc-large:10,label_acc_mi,fraction,4,cost_moderate,item_equal_weight_after_within_item_mean,100,0–100,percentage_points,true,,,,,,,,,,,,,,,,,,,0.8823529411764706,1,1,0,1447,gemini_snapshot,0.8823529411764706,1,1,0,1443,gemini_snapshot,0.9264705882352942,1,1,0,1451,gemini_snapshot,,,,0E-16,0.0441176470588236,0.0441176470588236
N4_strategy,gemini-3.8-flash-medium,poolact,evidence_audit,task,cc-large:10,label_acc_mi,fraction,4,cost_tight,item_equal_weight_after_within_item_mean,100,0–100,percentage_points,true,,,,,,,,,,,,,,,,,,,0.8529411764705882,1,1,0,1459,gemini_snapshot,0.8823529411764706,1,1,0,1455,gemini_snapshot,0.8676470588235294,1,1,0,1463,gemini_snapshot,,,,0.0294117647058824,0.0147058823529412,-0.0147058823529412
N4_strategy,gemini-3.8-flash-medium,poolact,evidence_audit,task,cc-large:10,label_acc_mv,fraction,4,cost_moderate,item_equal_weight_after_within_item_mean,100,0–100,percentage_points,true,,,,,,,,,,,,,,,,,,,0.8823529411764706,1,1,0,1448,gemini_snapshot,0.8823529411764706,1,1,0,1444,gemini_snapshot,0.9411764705882353,1,1,0,1452,gemini_snapshot,,,,0E-16,0.0588235294117647,0.0588235294117647
N4_strategy,gemini-3.8-flash-medium,poolact,evidence_audit,task,cc-large:10,label_acc_mv,fraction,4,cost_tight,item_equal_weight_after_within_item_mean,100,0–100,percentage_points,true,,,,,,,,,,,,,,,,,,,0.8823529411764706,1,1,0,1460,gemini_snapshot,0.8823529411764706,1,1,0,1456,gemini_snapshot,0.8823529411764706,1,1,0,1464,gemini_snapshot,,,,0E-16,0E-16,0E-16
N4_strategy,gemini-3.8-flash-medium,poolact,evidence_audit,task,cc-large:11,evidence_acc_mi,fraction,4,cost_moderate,item_equal_weight_after_within_item_mean,100,0–100,percentage_points,true,,,,,,,,,,,,,,,,,,,0.6617647058823529,1,1,0,1469,gemini_snapshot,0.7647058823529411,1,1,0,1465,gemini_snapshot,0.9411764705882353,1,1,0,1473,gemini_snapshot,,,,0.1029411764705882,0.2794117647058824,0.1764705882352942
N4_strategy,gemini-3.8-flash-medium,poolact,evidence_audit,task,cc-large:11,evidence_acc_mi,fraction,4,cost_tight,item_equal_weight_after_within_item_mean,100,0–100,percentage_points,true,,,,,,,,,,,,,,,,,,,0.5588235294117647,1,1,0,1481,gemini_snapshot,0.5294117647058824,1,1,0,1477,gemini_snapshot,0.6911764705882353,1,1,0,1485,gemini_snapshot,,,,-0.0294117647058823,0.1323529411764706,0.1617647058823529
N4_strategy,gemini-3.8-flash-medium,poolact,evidence_audit,task,cc-large:11,evidence_acc_mv,fraction,4,cost_moderate,item_equal_weight_after_within_item_mean,100,0–100,percentage_points,true,,,,,,,,,,,,,,,,,,,0.7058823529411765,1,1,0,1470,gemini_snapshot,0.8235294117647058,1,1,0,1466,gemini_snapshot,1.0,1,1,0,1474,gemini_snapshot,,,,0.1176470588235293,0.2941176470588235,0.1764705882352942
N4_strategy,gemini-3.8-flash-medium,poolact,evidence_audit,task,cc-large:11,evidence_acc_mv,fraction,4,cost_tight,item_equal_weight_after_within_item_mean,100,0–100,percentage_points,true,,,,,,,,,,,,,,,,,,,0.5294117647058824,1,1,0,1482,gemini_snapshot,0.5882352941176471,1,1,0,1478,gemini_snapshot,0.7647058823529411,1,1,0,1486,gemini_snapshot,,,,0.0588235294117647,0.2352941176470587,0.1764705882352940
N4_strategy,gemini-3.8-flash-medium,poolact,evidence_audit,task,cc-large:11,label_acc_mi,fraction,4,cost_moderate,item_equal_weight_after_within_item_mean,100,0–100,percentage_points,true,,,,,,,,,,,,,,,,,,,0.9264705882352942,1,1,0,1471,gemini_snapshot,0.9558823529411764,1,1,0,1467,gemini_snapshot,0.9411764705882353,1,1,0,1475,gemini_snapshot,,,,0.0294117647058822,0.0147058823529411,-0.0147058823529411
N4_strategy,gemini-3.8-flash-medium,poolact,evidence_audit,task,cc-large:11,label_acc_mi,fraction,4,cost_tight,item_equal_weight_after_within_item_mean,100,0–100,percentage_points,true,,,,,,,,,,,,,,,,,,,0.9411764705882353,1,1,0,1483,gemini_snapshot,0.9117647058823529,1,1,0,1479,gemini_snapshot,0.9411764705882353,1,1,0,1487,gemini_snapshot,,,,-0.0294117647058824,0E-16,0.0294117647058824
N4_strategy,gemini-3.8-flash-medium,poolact,evidence_audit,task,cc-large:11,label_acc_mv,fraction,4,cost_moderate,item_equal_weight_after_within_item_mean,100,0–100,percentage_points,true,,,,,,,,,,,,,,,,,,,0.9411764705882353,1,1,0,1472,gemini_snapshot,0.9411764705882353,1,1,0,1468,gemini_snapshot,1.0,1,1,0,1476,gemini_snapshot,,,,0E-16,0.0588235294117647,0.0588235294117647
N4_strategy,gemini-3.8-flash-medium,poolact,evidence_audit,task,cc-large:11,label_acc_mv,fraction,4,cost_tight,item_equal_weight_after_within_item_mean,100,0–100,percentage_points,true,,,,,,,,,,,,,,,,,,,0.9411764705882353,1,1,0,1484,gemini_snapshot,0.9411764705882353,1,1,0,1480,gemini_snapshot,0.9411764705882353,1,1,0,1488,gemini_snapshot,,,,0E-16,0E-16,0E-16
N4_strategy,gemini-3.8-flash-medium,poolact,evidence_audit,task,cc-large:12,evidence_acc_mi,fraction,4,cost_moderate,item_equal_weight_after_within_item_mean,100,0–100,percentage_points,true,,,,,,,,,,,,,,,,,,,0.7058823529411765,1,1,0,1493,gemini_snapshot,0.8529411764705882,1,1,0,1489,gemini_snapshot,1.0,1,1,0,1497,gemini_snapshot,,,,0.1470588235294117,0.2941176470588235,0.1470588235294118
N4_strategy,gemini-3.8-flash-medium,poolact,evidence_audit,task,cc-large:12,evidence_acc_mi,fraction,4,cost_tight,item_equal_weight_after_within_item_mean,100,0–100,percentage_points,true,,,,,,,,,,,,,,,,,,,0.5735294117647058,1,1,0,1505,gemini_snapshot,0.6470588235294118,1,1,0,1501,gemini_snapshot,0.7794117647058824,1,1,0,1509,gemini_snapshot,,,,0.0735294117647060,0.2058823529411766,0.1323529411764706
N4_strategy,gemini-3.8-flash-medium,poolact,evidence_audit,task,cc-large:12,evidence_acc_mv,fraction,4,cost_moderate,item_equal_weight_after_within_item_mean,100,0–100,percentage_points,true,,,,,,,,,,,,,,,,,,,0.6470588235294118,1,1,0,1494,gemini_snapshot,0.9411764705882353,1,1,0,1490,gemini_snapshot,1.0,1,1,0,1498,gemini_snapshot,,,,0.2941176470588235,0.3529411764705882,0.0588235294117647
N4_strategy,gemini-3.8-flash-medium,poolact,evidence_audit,task,cc-large:12,evidence_acc_mv,fraction,4,cost_tight,item_equal_weight_after_within_item_mean,100,0–100,percentage_points,true,,,,,,,,,,,,,,,,,,,0.5294117647058824,1,1,0,1506,gemini_snapshot,0.6470588235294118,1,1,0,1502,gemini_snapshot,0.7647058823529411,1,1,0,1510,gemini_snapshot,,,,0.1176470588235294,0.2352941176470587,0.1176470588235293
N4_strategy,gemini-3.8-flash-medium,poolact,evidence_audit,task,cc-large:12,label_acc_mi,fraction,4,cost_moderate,item_equal_weight_after_within_item_mean,100,0–100,percentage_points,true,,,,,,,,,,,,,,,,,,,0.8529411764705882,1,1,0,1495,gemini_snapshot,0.9117647058823529,1,1,0,1491,gemini_snapshot,1.0,1,1,0,1499,gemini_snapshot,,,,0.0588235294117647,0.1470588235294118,0.0882352941176471
N4_strategy,gemini-3.8-flash-medium,poolact,evidence_audit,task,cc-large:12,label_acc_mi,fraction,4,cost_tight,item_equal_weight_after_within_item_mean,100,0–100,percentage_points,true,,,,,,,,,,,,,,,,,,,0.8676470588235294,1,1,0,1507,gemini_snapshot,0.8823529411764706,1,1,0,1503,gemini_snapshot,0.8823529411764706,1,1,0,1511,gemini_snapshot,,,,0.0147058823529412,0.0147058823529412,0E-16
N4_strategy,gemini-3.8-flash-medium,poolact,evidence_audit,task,cc-large:12,label_acc_mv,fraction,4,cost_moderate,item_equal_weight_after_within_item_mean,100,0–100,percentage_points,true,,,,,,,,,,,,,,,,,,,0.8235294117647058,1,1,0,1496,gemini_snapshot,0.9411764705882353,1,1,0,1492,gemini_snapshot,1.0,1,1,0,1500,gemini_snapshot,,,,0.1176470588235295,0.1764705882352942,0.0588235294117647
N4_strategy,gemini-3.8-flash-medium,poolact,evidence_audit,task,cc-large:12,label_acc_mv,fraction,4,cost_tight,item_equal_weight_after_within_item_mean,100,0–100,percentage_points,true,,,,,,,,,,,,,,,,,,,0.8823529411764706,1,1,0,1508,gemini_snapshot,0.8823529411764706,1,1,0,1504,gemini_snapshot,0.8823529411764706,1,1,0,1512,gemini_snapshot,,,,0E-16,0E-16,0E-16
N4_strategy,gemini-3.8-flash-medium,poolact,evidence_audit,task,cc-large:2,evidence_acc_mi,fraction,4,cost_moderate,item_equal_weight_after_within_item_mean,100,0–100,percentage_points,true,,,,,,,,,,,,,,,,,,,0.9117647058823529,1,1,0,1517,gemini_snapshot,0.9411764705882353,1,1,0,1513,gemini_snapshot,1.0,1,1,0,1521,gemini_snapshot,,,,0.0294117647058824,0.0882352941176471,0.0588235294117647
N4_strategy,gemini-3.8-flash-medium,poolact,evidence_audit,task,cc-large:2,evidence_acc_mi,fraction,4,cost_tight,item_equal_weight_after_within_item_mean,100,0–100,percentage_points,true,,,,,,,,,,,,,,,,,,,0.838235294117647,1,1,0,1529,gemini_snapshot,0.7794117647058822,1,1,0,1525,gemini_snapshot,0.8970588235294117,1,1,0,1533,gemini_snapshot,,,,-0.0588235294117648,0.0588235294117647,0.1176470588235295
N4_strategy,gemini-3.8-flash-medium,poolact,evidence_audit,task,cc-large:2,evidence_acc_mv,fraction,4,cost_moderate,item_equal_weight_after_within_item_mean,100,0–100,percentage_points,true,,,,,,,,,,,,,,,,,,,1.0,1,1,0,1518,gemini_snapshot,1.0,1,1,0,1514,gemini_snapshot,1.0,1,1,0,1522,gemini_snapshot,,,,0.0,0.0,0.0
N4_strategy,gemini-3.8-flash-medium,poolact,evidence_audit,task,cc-large:2,evidence_acc_mv,fraction,4,cost_tight,item_equal_weight_after_within_item_mean,100,0–100,percentage_points,true,,,,,,,,,,,,,,,,,,,0.8235294117647058,1,1,0,1530,gemini_snapshot,0.8235294117647058,1,1,0,1526,gemini_snapshot,0.8235294117647058,1,1,0,1534,gemini_snapshot,,,,0E-16,0E-16,0E-16
N4_strategy,gemini-3.8-flash-medium,poolact,evidence_audit,task,cc-large:2,label_acc_mi,fraction,4,cost_moderate,item_equal_weight_after_within_item_mean,100,0–100,percentage_points,true,,,,,,,,,,,,,,,,,,,0.8970588235294117,1,1,0,1519,gemini_snapshot,0.9411764705882353,1,1,0,1515,gemini_snapshot,1.0,1,1,0,1523,gemini_snapshot,,,,0.0441176470588236,0.1029411764705883,0.0588235294117647
N4_strategy,gemini-3.8-flash-medium,poolact,evidence_audit,task,cc-large:2,label_acc_mi,fraction,4,cost_tight,item_equal_weight_after_within_item_mean,100,0–100,percentage_points,true,,,,,,,,,,,,,,,,,,,0.8235294117647058,1,1,0,1531,gemini_snapshot,0.7647058823529411,1,1,0,1527,gemini_snapshot,0.8823529411764706,1,1,0,1535,gemini_snapshot,,,,-0.0588235294117647,0.0588235294117648,0.1176470588235295
N4_strategy,gemini-3.8-flash-medium,poolact,evidence_audit,task,cc-large:2,label_acc_mv,fraction,4,cost_moderate,item_equal_weight_after_within_item_mean,100,0–100,percentage_points,true,,,,,,,,,,,,,,,,,,,1.0,1,1,0,1520,gemini_snapshot,1.0,1,1,0,1516,gemini_snapshot,1.0,1,1,0,1524,gemini_snapshot,,,,0.0,0.0,0.0
N4_strategy,gemini-3.8-flash-medium,poolact,evidence_audit,task,cc-large:2,label_acc_mv,fraction,4,cost_tight,item_equal_weight_after_within_item_mean,100,0–100,percentage_points,true,,,,,,,,,,,,,,,,,,,0.8235294117647058,1,1,0,1532,gemini_snapshot,0.8235294117647058,1,1,0,1528,gemini_snapshot,0.8235294117647058,1,1,0,1536,gemini_snapshot,,,,0E-16,0E-16,0E-16
N4_strategy,gemini-3.8-flash-medium,poolact,evidence_audit,task,cc-large:3,evidence_acc_mi,fraction,4,cost_moderate,item_equal_weight_after_within_item_mean,100,0–100,percentage_points,true,,,,,,,,,,,,,,,,,,,0.9411764705882353,1,1,0,1541,gemini_snapshot,0.9852941176470589,1,1,0,1537,gemini_snapshot,1.0,1,1,0,1545,gemini_snapshot,,,,0.0441176470588236,0.0588235294117647,0.0147058823529411
N4_strategy,gemini-3.8-flash-medium,poolact,evidence_audit,task,cc-large:3,evidence_acc_mi,fraction,4,cost_tight,item_equal_weight_after_within_item_mean,100,0–100,percentage_points,true,,,,,,,,,,,,,,,,,,,0.8088235294117647,1,1,0,1553,gemini_snapshot,0.8088235294117647,1,1,0,1549,gemini_snapshot,0.8823529411764706,1,1,0,1557,gemini_snapshot,,,,0E-16,0.0735294117647059,0.0735294117647059
N4_strategy,gemini-3.8-flash-medium,poolact,evidence_audit,task,cc-large:3,evidence_acc_mv,fraction,4,cost_moderate,item_equal_weight_after_within_item_mean,100,0–100,percentage_points,true,,,,,,,,,,,,,,,,,,,1.0,1,1,0,1542,gemini_snapshot,1.0,1,1,0,1538,gemini_snapshot,1.0,1,1,0,1546,gemini_snapshot,,,,0.0,0.0,0.0
N4_strategy,gemini-3.8-flash-medium,poolact,evidence_audit,task,cc-large:3,evidence_acc_mv,fraction,4,cost_tight,item_equal_weight_after_within_item_mean,100,0–100,percentage_points,true,,,,,,,,,,,,,,,,,,,0.8823529411764706,1,1,0,1554,gemini_snapshot,0.8235294117647058,1,1,0,1550,gemini_snapshot,0.8823529411764706,1,1,0,1558,gemini_snapshot,,,,-0.0588235294117648,0E-16,0.0588235294117648
N4_strategy,gemini-3.8-flash-medium,poolact,evidence_audit,task,cc-large:3,label_acc_mi,fraction,4,cost_moderate,item_equal_weight_after_within_item_mean,100,0–100,percentage_points,true,,,,,,,,,,,,,,,,,,,0.8823529411764706,1,1,0,1543,gemini_snapshot,0.9264705882352942,1,1,0,1539,gemini_snapshot,0.9411764705882353,1,1,0,1547,gemini_snapshot,,,,0.0441176470588236,0.0588235294117647,0.0147058823529411
N4_strategy,gemini-3.8-flash-medium,poolact,evidence_audit,task,cc-large:3,label_acc_mi,fraction,4,cost_tight,item_equal_weight_after_within_item_mean,100,0–100,percentage_points,true,,,,,,,,,,,,,,,,,,,0.7941176470588235,1,1,0,1555,gemini_snapshot,0.7794117647058822,1,1,0,1551,gemini_snapshot,0.838235294117647,1,1,0,1559,gemini_snapshot,,,,-0.0147058823529413,0.0441176470588235,0.0588235294117648
N4_strategy,gemini-3.8-flash-medium,poolact,evidence_audit,task,cc-large:3,label_acc_mv,fraction,4,cost_moderate,item_equal_weight_after_within_item_mean,100,0–100,percentage_points,true,,,,,,,,,,,,,,,,,,,0.9411764705882353,1,1,0,1544,gemini_snapshot,0.9411764705882353,1,1,0,1540,gemini_snapshot,0.9411764705882353,1,1,0,1548,gemini_snapshot,,,,0E-16,0E-16,0E-16
N4_strategy,gemini-3.8-flash-medium,poolact,evidence_audit,task,cc-large:3,label_acc_mv,fraction,4,cost_tight,item_equal_weight_after_within_item_mean,100,0–100,percentage_points,true,,,,,,,,,,,,,,,,,,,0.8235294117647058,1,1,0,1556,gemini_snapshot,0.7647058823529411,1,1,0,1552,gemini_snapshot,0.8235294117647058,1,1,0,1560,gemini_snapshot,,,,-0.0588235294117647,0E-16,0.0588235294117647
N4_strategy,gemini-3.8-flash-medium,poolact,evidence_audit,task,cc-large:4,evidence_acc_mi,fraction,4,cost_moderate,item_equal_weight_after_within_item_mean,100,0–100,percentage_points,true,,,,,,,,,,,,,,,,,,,0.8676470588235294,1,1,0,1565,gemini_snapshot,0.8970588235294117,1,1,0,1561,gemini_snapshot,1.0,1,1,0,1569,gemini_snapshot,,,,0.0294117647058823,0.1323529411764706,0.1029411764705883
N4_strategy,gemini-3.8-flash-medium,poolact,evidence_audit,task,cc-large:4,evidence_acc_mi,fraction,4,cost_tight,item_equal_weight_after_within_item_mean,100,0–100,percentage_points,true,,,,,,,,,,,,,,,,,,,0.7352941176470589,1,1,0,1577,gemini_snapshot,0.6911764705882353,1,1,0,1573,gemini_snapshot,0.6764705882352942,1,1,0,1581,gemini_snapshot,,,,-0.0441176470588236,-0.0588235294117647,-0.0147058823529411
N4_strategy,gemini-3.8-flash-medium,poolact,evidence_audit,task,cc-large:4,evidence_acc_mv,fraction,4,cost_moderate,item_equal_weight_after_within_item_mean,100,0–100,percentage_points,true,,,,,,,,,,,,,,,,,,,0.8823529411764706,1,1,0,1566,gemini_snapshot,1.0,1,1,0,1562,gemini_snapshot,1.0,1,1,0,1570,gemini_snapshot,,,,0.1176470588235294,0.1176470588235294,0.0
N4_strategy,gemini-3.8-flash-medium,poolact,evidence_audit,task,cc-large:4,evidence_acc_mv,fraction,4,cost_tight,item_equal_weight_after_within_item_mean,100,0–100,percentage_points,true,,,,,,,,,,,,,,,,,,,0.7647058823529411,1,1,0,1578,gemini_snapshot,0.7058823529411765,1,1,0,1574,gemini_snapshot,0.5882352941176471,1,1,0,1582,gemini_snapshot,,,,-0.0588235294117646,-0.1764705882352940,-0.1176470588235294
N4_strategy,gemini-3.8-flash-medium,poolact,evidence_audit,task,cc-large:4,label_acc_mi,fraction,4,cost_moderate,item_equal_weight_after_within_item_mean,100,0–100,percentage_points,true,,,,,,,,,,,,,,,,,,,0.9264705882352942,1,1,0,1567,gemini_snapshot,0.9558823529411764,1,1,0,1563,gemini_snapshot,1.0,1,1,0,1571,gemini_snapshot,,,,0.0294117647058822,0.0735294117647058,0.0441176470588236
N4_strategy,gemini-3.8-flash-medium,poolact,evidence_audit,task,cc-large:4,label_acc_mi,fraction,4,cost_tight,item_equal_weight_after_within_item_mean,100,0–100,percentage_points,true,,,,,,,,,,,,,,,,,,,0.8970588235294117,1,1,0,1579,gemini_snapshot,0.8676470588235294,1,1,0,1575,gemini_snapshot,0.7941176470588236,1,1,0,1583,gemini_snapshot,,,,-0.0294117647058823,-0.1029411764705881,-0.0735294117647058
N4_strategy,gemini-3.8-flash-medium,poolact,evidence_audit,task,cc-large:4,label_acc_mv,fraction,4,cost_moderate,item_equal_weight_after_within_item_mean,100,0–100,percentage_points,true,,,,,,,,,,,,,,,,,,,0.9411764705882353,1,1,0,1568,gemini_snapshot,1.0,1,1,0,1564,gemini_snapshot,1.0,1,1,0,1572,gemini_snapshot,,,,0.0588235294117647,0.0588235294117647,0.0
N4_strategy,gemini-3.8-flash-medium,poolact,evidence_audit,task,cc-large:4,label_acc_mv,fraction,4,cost_tight,item_equal_weight_after_within_item_mean,100,0–100,percentage_points,true,,,,,,,,,,,,,,,,,,,0.9411764705882353,1,1,0,1580,gemini_snapshot,0.8823529411764706,1,1,0,1576,gemini_snapshot,0.7058823529411765,1,1,0,1584,gemini_snapshot,,,,-0.0588235294117647,-0.2352941176470588,-0.1764705882352941
N4_strategy,gemini-3.8-flash-medium,poolact,evidence_audit,task,cc-large:5,evidence_acc_mi,fraction,4,cost_moderate,item_equal_weight_after_within_item_mean,100,0–100,percentage_points,true,,,,,,,,,,,,,,,,,,,1.0,1,1,0,1589,gemini_snapshot,1.0,1,1,0,1585,gemini_snapshot,1.0,1,1,0,1593,gemini_snapshot,,,,0.0,0.0,0.0
N4_strategy,gemini-3.8-flash-medium,poolact,evidence_audit,task,cc-large:5,evidence_acc_mi,fraction,4,cost_tight,item_equal_weight_after_within_item_mean,100,0–100,percentage_points,true,,,,,,,,,,,,,,,,,,,0.8235294117647058,1,1,0,1601,gemini_snapshot,0.8235294117647058,1,1,0,1597,gemini_snapshot,0.8823529411764706,1,1,0,1605,gemini_snapshot,,,,0E-16,0.0588235294117648,0.0588235294117648
N4_strategy,gemini-3.8-flash-medium,poolact,evidence_audit,task,cc-large:5,evidence_acc_mv,fraction,4,cost_moderate,item_equal_weight_after_within_item_mean,100,0–100,percentage_points,true,,,,,,,,,,,,,,,,,,,1.0,1,1,0,1590,gemini_snapshot,1.0,1,1,0,1586,gemini_snapshot,1.0,1,1,0,1594,gemini_snapshot,,,,0.0,0.0,0.0
N4_strategy,gemini-3.8-flash-medium,poolact,evidence_audit,task,cc-large:5,evidence_acc_mv,fraction,4,cost_tight,item_equal_weight_after_within_item_mean,100,0–100,percentage_points,true,,,,,,,,,,,,,,,,,,,0.8235294117647058,1,1,0,1602,gemini_snapshot,0.8235294117647058,1,1,0,1598,gemini_snapshot,0.9411764705882353,1,1,0,1606,gemini_snapshot,,,,0E-16,0.1176470588235295,0.1176470588235295
N4_strategy,gemini-3.8-flash-medium,poolact,evidence_audit,task,cc-large:5,label_acc_mi,fraction,4,cost_moderate,item_equal_weight_after_within_item_mean,100,0–100,percentage_points,true,,,,,,,,,,,,,,,,,,,0.9117647058823529,1,1,0,1591,gemini_snapshot,0.9264705882352942,1,1,0,1587,gemini_snapshot,0.9411764705882353,1,1,0,1595,gemini_snapshot,,,,0.0147058823529413,0.0294117647058824,0.0147058823529411
N4_strategy,gemini-3.8-flash-medium,poolact,evidence_audit,task,cc-large:5,label_acc_mi,fraction,4,cost_tight,item_equal_weight_after_within_item_mean,100,0–100,percentage_points,true,,,,,,,,,,,,,,,,,,,0.7794117647058822,1,1,0,1603,gemini_snapshot,0.7647058823529411,1,1,0,1599,gemini_snapshot,0.8235294117647058,1,1,0,1607,gemini_snapshot,,,,-0.0147058823529411,0.0441176470588236,0.0588235294117647
N4_strategy,gemini-3.8-flash-medium,poolact,evidence_audit,task,cc-large:5,label_acc_mv,fraction,4,cost_moderate,item_equal_weight_after_within_item_mean,100,0–100,percentage_points,true,,,,,,,,,,,,,,,,,,,0.8823529411764706,1,1,0,1592,gemini_snapshot,0.9411764705882353,1,1,0,1588,gemini_snapshot,0.9411764705882353,1,1,0,1596,gemini_snapshot,,,,0.0588235294117647,0.0588235294117647,0E-16
N4_strategy,gemini-3.8-flash-medium,poolact,evidence_audit,task,cc-large:5,label_acc_mv,fraction,4,cost_tight,item_equal_weight_after_within_item_mean,100,0–100,percentage_points,true,,,,,,,,,,,,,,,,,,,0.7647058823529411,1,1,0,1604,gemini_snapshot,0.7647058823529411,1,1,0,1600,gemini_snapshot,0.8823529411764706,1,1,0,1608,gemini_snapshot,,,,0E-16,0.1176470588235295,0.1176470588235295
N4_strategy,gemini-3.8-flash-medium,poolact,evidence_audit,task,cc-large:6,evidence_acc_mi,fraction,4,cost_moderate,item_equal_weight_after_within_item_mean,100,0–100,percentage_points,true,,,,,,,,,,,,,,,,,,,0.8676470588235294,1,1,0,1613,gemini_snapshot,0.8529411764705882,1,1,0,1609,gemini_snapshot,1.0,1,1,0,1617,gemini_snapshot,,,,-0.0147058823529412,0.1323529411764706,0.1470588235294118
N4_strategy,gemini-3.8-flash-medium,poolact,evidence_audit,task,cc-large:6,evidence_acc_mi,fraction,4,cost_tight,item_equal_weight_after_within_item_mean,100,0–100,percentage_points,true,,,,,,,,,,,,,,,,,,,0.75,1,1,0,1625,gemini_snapshot,0.8088235294117647,1,1,0,1621,gemini_snapshot,0.661764705882353,1,1,0,1629,gemini_snapshot,,,,0.0588235294117647,-0.088235294117647,-0.1470588235294117
N4_strategy,gemini-3.8-flash-medium,poolact,evidence_audit,task,cc-large:6,evidence_acc_mv,fraction,4,cost_moderate,item_equal_weight_after_within_item_mean,100,0–100,percentage_points,true,,,,,,,,,,,,,,,,,,,0.8823529411764706,1,1,0,1614,gemini_snapshot,1.0,1,1,0,1610,gemini_snapshot,1.0,1,1,0,1618,gemini_snapshot,,,,0.1176470588235294,0.1176470588235294,0.0
N4_strategy,gemini-3.8-flash-medium,poolact,evidence_audit,task,cc-large:6,evidence_acc_mv,fraction,4,cost_tight,item_equal_weight_after_within_item_mean,100,0–100,percentage_points,true,,,,,,,,,,,,,,,,,,,0.7058823529411765,1,1,0,1626,gemini_snapshot,0.8823529411764706,1,1,0,1622,gemini_snapshot,0.6470588235294118,1,1,0,1630,gemini_snapshot,,,,0.1764705882352941,-0.0588235294117647,-0.2352941176470588
N4_strategy,gemini-3.8-flash-medium,poolact,evidence_audit,task,cc-large:6,label_acc_mi,fraction,4,cost_moderate,item_equal_weight_after_within_item_mean,100,0–100,percentage_points,true,,,,,,,,,,,,,,,,,,,0.9264705882352942,1,1,0,1615,gemini_snapshot,0.9264705882352942,1,1,0,1611,gemini_snapshot,1.0,1,1,0,1619,gemini_snapshot,,,,0E-16,0.0735294117647058,0.0735294117647058
N4_strategy,gemini-3.8-flash-medium,poolact,evidence_audit,task,cc-large:6,label_acc_mi,fraction,4,cost_tight,item_equal_weight_after_within_item_mean,100,0–100,percentage_points,true,,,,,,,,,,,,,,,,,,,0.9411764705882353,1,1,0,1627,gemini_snapshot,0.9558823529411764,1,1,0,1623,gemini_snapshot,0.8970588235294117,1,1,0,1631,gemini_snapshot,,,,0.0147058823529411,-0.0441176470588236,-0.0588235294117647
N4_strategy,gemini-3.8-flash-medium,poolact,evidence_audit,task,cc-large:6,label_acc_mv,fraction,4,cost_moderate,item_equal_weight_after_within_item_mean,100,0–100,percentage_points,true,,,,,,,,,,,,,,,,,,,0.9411764705882353,1,1,0,1616,gemini_snapshot,1.0,1,1,0,1612,gemini_snapshot,1.0,1,1,0,1620,gemini_snapshot,,,,0.0588235294117647,0.0588235294117647,0.0
N4_strategy,gemini-3.8-flash-medium,poolact,evidence_audit,task,cc-large:6,label_acc_mv,fraction,4,cost_tight,item_equal_weight_after_within_item_mean,100,0–100,percentage_points,true,,,,,,,,,,,,,,,,,,,0.9411764705882353,1,1,0,1628,gemini_snapshot,0.9411764705882353,1,1,0,1624,gemini_snapshot,0.8823529411764706,1,1,0,1632,gemini_snapshot,,,,0E-16,-0.0588235294117647,-0.0588235294117647
N4_strategy,gemini-3.8-flash-medium,poolact,evidence_audit,task,cc-large:7,evidence_acc_mi,fraction,4,cost_moderate,item_equal_weight_after_within_item_mean,100,0–100,percentage_points,true,,,,,,,,,,,,,,,,,,,0.8823529411764706,1,1,0,1637,gemini_snapshot,0.8970588235294117,1,1,0,1633,gemini_snapshot,1.0,1,1,0,1641,gemini_snapshot,,,,0.0147058823529411,0.1176470588235294,0.1029411764705883
N4_strategy,gemini-3.8-flash-medium,poolact,evidence_audit,task,cc-large:7,evidence_acc_mi,fraction,4,cost_tight,item_equal_weight_after_within_item_mean,100,0–100,percentage_points,true,,,,,,,,,,,,,,,,,,,0.7352941176470589,1,1,0,1649,gemini_snapshot,0.8088235294117647,1,1,0,1645,gemini_snapshot,0.7941176470588235,1,1,0,1653,gemini_snapshot,,,,0.0735294117647058,0.0588235294117646,-0.0147058823529412
N4_strategy,gemini-3.8-flash-medium,poolact,evidence_audit,task,cc-large:7,evidence_acc_mv,fraction,4,cost_moderate,item_equal_weight_after_within_item_mean,100,0–100,percentage_points,true,,,,,,,,,,,,,,,,,,,0.8823529411764706,1,1,0,1638,gemini_snapshot,0.8823529411764706,1,1,0,1634,gemini_snapshot,1.0,1,1,0,1642,gemini_snapshot,,,,0E-16,0.1176470588235294,0.1176470588235294
N4_strategy,gemini-3.8-flash-medium,poolact,evidence_audit,task,cc-large:7,evidence_acc_mv,fraction,4,cost_tight,item_equal_weight_after_within_item_mean,100,0–100,percentage_points,true,,,,,,,,,,,,,,,,,,,0.7647058823529411,1,1,0,1650,gemini_snapshot,0.8823529411764706,1,1,0,1646,gemini_snapshot,0.8823529411764706,1,1,0,1654,gemini_snapshot,,,,0.1176470588235295,0.1176470588235295,0E-16
N4_strategy,gemini-3.8-flash-medium,poolact,evidence_audit,task,cc-large:7,label_acc_mi,fraction,4,cost_moderate,item_equal_weight_after_within_item_mean,100,0–100,percentage_points,true,,,,,,,,,,,,,,,,,,,0.9264705882352942,1,1,0,1639,gemini_snapshot,0.9264705882352942,1,1,0,1635,gemini_snapshot,1.0,1,1,0,1643,gemini_snapshot,,,,0E-16,0.0735294117647058,0.0735294117647058
N4_strategy,gemini-3.8-flash-medium,poolact,evidence_audit,task,cc-large:7,label_acc_mi,fraction,4,cost_tight,item_equal_weight_after_within_item_mean,100,0–100,percentage_points,true,,,,,,,,,,,,,,,,,,,0.8235294117647058,1,1,0,1651,gemini_snapshot,0.8823529411764706,1,1,0,1647,gemini_snapshot,0.8823529411764706,1,1,0,1655,gemini_snapshot,,,,0.0588235294117648,0.0588235294117648,0E-16
N4_strategy,gemini-3.8-flash-medium,poolact,evidence_audit,task,cc-large:7,label_acc_mv,fraction,4,cost_moderate,item_equal_weight_after_within_item_mean,100,0–100,percentage_points,true,,,,,,,,,,,,,,,,,,,0.9411764705882353,1,1,0,1640,gemini_snapshot,0.9411764705882353,1,1,0,1636,gemini_snapshot,1.0,1,1,0,1644,gemini_snapshot,,,,0E-16,0.0588235294117647,0.0588235294117647
N4_strategy,gemini-3.8-flash-medium,poolact,evidence_audit,task,cc-large:7,label_acc_mv,fraction,4,cost_tight,item_equal_weight_after_within_item_mean,100,0–100,percentage_points,true,,,,,,,,,,,,,,,,,,,0.8235294117647058,1,1,0,1652,gemini_snapshot,0.9411764705882353,1,1,0,1648,gemini_snapshot,0.9411764705882353,1,1,0,1656,gemini_snapshot,,,,0.1176470588235295,0.1176470588235295,0E-16
N4_strategy,gemini-3.8-flash-medium,poolact,evidence_audit,task,cc-large:8,evidence_acc_mi,fraction,4,cost_moderate,item_equal_weight_after_within_item_mean,100,0–100,percentage_points,true,,,,,,,,,,,,,,,,,,,0.8235294117647058,1,1,0,1661,gemini_snapshot,0.8529411764705882,1,1,0,1657,gemini_snapshot,1.0,1,1,0,1665,gemini_snapshot,,,,0.0294117647058824,0.1764705882352942,0.1470588235294118
N4_strategy,gemini-3.8-flash-medium,poolact,evidence_audit,task,cc-large:8,evidence_acc_mi,fraction,4,cost_tight,item_equal_weight_after_within_item_mean,100,0–100,percentage_points,true,,,,,,,,,,,,,,,,,,,0.6911764705882353,1,1,0,1673,gemini_snapshot,0.7058823529411765,1,1,0,1669,gemini_snapshot,0.6764705882352942,1,1,0,1677,gemini_snapshot,,,,0.0147058823529412,-0.0147058823529411,-0.0294117647058823
N4_strategy,gemini-3.8-flash-medium,poolact,evidence_audit,task,cc-large:8,evidence_acc_mv,fraction,4,cost_moderate,item_equal_weight_after_within_item_mean,100,0–100,percentage_points,true,,,,,,,,,,,,,,,,,,,0.8235294117647058,1,1,0,1662,gemini_snapshot,0.8823529411764706,1,1,0,1658,gemini_snapshot,1.0,1,1,0,1666,gemini_snapshot,,,,0.0588235294117648,0.1764705882352942,0.1176470588235294
N4_strategy,gemini-3.8-flash-medium,poolact,evidence_audit,task,cc-large:8,evidence_acc_mv,fraction,4,cost_tight,item_equal_weight_after_within_item_mean,100,0–100,percentage_points,true,,,,,,,,,,,,,,,,,,,0.7058823529411765,1,1,0,1674,gemini_snapshot,0.7058823529411765,1,1,0,1670,gemini_snapshot,0.7058823529411765,1,1,0,1678,gemini_snapshot,,,,0E-16,0E-16,0E-16
N4_strategy,gemini-3.8-flash-medium,poolact,evidence_audit,task,cc-large:8,label_acc_mi,fraction,4,cost_moderate,item_equal_weight_after_within_item_mean,100,0–100,percentage_points,true,,,,,,,,,,,,,,,,,,,0.9558823529411764,1,1,0,1663,gemini_snapshot,0.9705882352941176,1,1,0,1659,gemini_snapshot,1.0,1,1,0,1667,gemini_snapshot,,,,0.0147058823529412,0.0441176470588236,0.0294117647058824
N4_strategy,gemini-3.8-flash-medium,poolact,evidence_audit,task,cc-large:8,label_acc_mi,fraction,4,cost_tight,item_equal_weight_after_within_item_mean,100,0–100,percentage_points,true,,,,,,,,,,,,,,,,,,,0.9705882352941176,1,1,0,1675,gemini_snapshot,0.9411764705882353,1,1,0,1671,gemini_snapshot,0.9117647058823529,1,1,0,1679,gemini_snapshot,,,,-0.0294117647058823,-0.0588235294117647,-0.0294117647058824
N4_strategy,gemini-3.8-flash-medium,poolact,evidence_audit,task,cc-large:8,label_acc_mv,fraction,4,cost_moderate,item_equal_weight_after_within_item_mean,100,0–100,percentage_points,true,,,,,,,,,,,,,,,,,,,0.9411764705882353,1,1,0,1664,gemini_snapshot,1.0,1,1,0,1660,gemini_snapshot,1.0,1,1,0,1668,gemini_snapshot,,,,0.0588235294117647,0.0588235294117647,0.0
N4_strategy,gemini-3.8-flash-medium,poolact,evidence_audit,task,cc-large:8,label_acc_mv,fraction,4,cost_tight,item_equal_weight_after_within_item_mean,100,0–100,percentage_points,true,,,,,,,,,,,,,,,,,,,1.0,1,1,0,1676,gemini_snapshot,0.9411764705882353,1,1,0,1672,gemini_snapshot,0.9411764705882353,1,1,0,1680,gemini_snapshot,,,,-0.0588235294117647,-0.0588235294117647,0E-16
N4_strategy,gemini-3.8-flash-medium,poolact,evidence_audit,task,cc-large:9,evidence_acc_mi,fraction,4,cost_moderate,item_equal_weight_after_within_item_mean,100,0–100,percentage_points,true,,,,,,,,,,,,,,,,,,,0.8529411764705882,1,1,0,1685,gemini_snapshot,0.8823529411764706,1,1,0,1681,gemini_snapshot,1.0,1,1,0,1689,gemini_snapshot,,,,0.0294117647058824,0.1470588235294118,0.1176470588235294
N4_strategy,gemini-3.8-flash-medium,poolact,evidence_audit,task,cc-large:9,evidence_acc_mi,fraction,4,cost_tight,item_equal_weight_after_within_item_mean,100,0–100,percentage_points,true,,,,,,,,,,,,,,,,,,,0.75,1,1,0,1697,gemini_snapshot,0.7647058823529411,1,1,0,1693,gemini_snapshot,0.8088235294117647,1,1,0,1701,gemini_snapshot,,,,0.0147058823529411,0.0588235294117647,0.0441176470588236
N4_strategy,gemini-3.8-flash-medium,poolact,evidence_audit,task,cc-large:9,evidence_acc_mv,fraction,4,cost_moderate,item_equal_weight_after_within_item_mean,100,0–100,percentage_points,true,,,,,,,,,,,,,,,,,,,0.8235294117647058,1,1,0,1686,gemini_snapshot,0.8823529411764706,1,1,0,1682,gemini_snapshot,1.0,1,1,0,1690,gemini_snapshot,,,,0.0588235294117648,0.1764705882352942,0.1176470588235294
N4_strategy,gemini-3.8-flash-medium,poolact,evidence_audit,task,cc-large:9,evidence_acc_mv,fraction,4,cost_tight,item_equal_weight_after_within_item_mean,100,0–100,percentage_points,true,,,,,,,,,,,,,,,,,,,0.7647058823529411,1,1,0,1698,gemini_snapshot,0.8235294117647058,1,1,0,1694,gemini_snapshot,0.8235294117647058,1,1,0,1702,gemini_snapshot,,,,0.0588235294117647,0.0588235294117647,0E-16
N4_strategy,gemini-3.8-flash-medium,poolact,evidence_audit,task,cc-large:9,label_acc_mi,fraction,4,cost_moderate,item_equal_weight_after_within_item_mean,100,0–100,percentage_points,true,,,,,,,,,,,,,,,,,,,0.838235294117647,1,1,0,1687,gemini_snapshot,0.8823529411764706,1,1,0,1683,gemini_snapshot,0.9411764705882353,1,1,0,1691,gemini_snapshot,,,,0.0441176470588236,0.1029411764705883,0.0588235294117647
N4_strategy,gemini-3.8-flash-medium,poolact,evidence_audit,task,cc-large:9,label_acc_mi,fraction,4,cost_tight,item_equal_weight_after_within_item_mean,100,0–100,percentage_points,true,,,,,,,,,,,,,,,,,,,0.8676470588235294,1,1,0,1699,gemini_snapshot,0.8529411764705882,1,1,0,1695,gemini_snapshot,0.838235294117647,1,1,0,1703,gemini_snapshot,,,,-0.0147058823529412,-0.0294117647058824,-0.0147058823529412
N4_strategy,gemini-3.8-flash-medium,poolact,evidence_audit,task,cc-large:9,label_acc_mv,fraction,4,cost_moderate,item_equal_weight_after_within_item_mean,100,0–100,percentage_points,true,,,,,,,,,,,,,,,,,,,0.8235294117647058,1,1,0,1688,gemini_snapshot,0.8823529411764706,1,1,0,1684,gemini_snapshot,0.9411764705882353,1,1,0,1692,gemini_snapshot,,,,0.0588235294117648,0.1176470588235295,0.0588235294117647
N4_strategy,gemini-3.8-flash-medium,poolact,evidence_audit,task,cc-large:9,label_acc_mv,fraction,4,cost_tight,item_equal_weight_after_within_item_mean,100,0–100,percentage_points,true,,,,,,,,,,,,,,,,,,,0.8823529411764706,1,1,0,1700,gemini_snapshot,0.8235294117647058,1,1,0,1696,gemini_snapshot,0.8235294117647058,1,1,0,1704,gemini_snapshot,,,,-0.0588235294117648,-0.0588235294117648,0E-16
N4_strategy,gemini-3.8-flash-medium,poolact,restricted_search,all,all,f1_mi,fraction,4,cost_moderate,independent_single_or_N4_pool; item_equal_weighted,100,0–100,percentage_points,true,,,,,,,,,,,,,,,,,,,0.6435365004418713,39,39,0,1707,gemini_openrouter_missing_main_20260917+gemini_snapshot,0.6761797026502909,39,39,0,1705,gemini_snapshot,0.6835871100576982,39,39,0,1709,gemini_snapshot,,,,0.0326432022084196,0.0400506096158269,0.0074074074074073
N4_strategy,gemini-3.8-flash-medium,poolact,restricted_search,all,all,f1_mi,fraction,4,cost_tight,independent_single_or_N4_pool; item_equal_weighted,100,0–100,percentage_points,true,,,,,,,,,,,,,,,,,,,0.21073403720462544,39,39,0,1713,gemini_snapshot,0.20442090589149414,39,39,0,1711,gemini_snapshot,0.30227860374919197,39,39,0,1715,gemini_snapshot,,,,-0.00631313131313130,0.09154456654456653,0.09785769785769783
N4_strategy,gemini-3.8-flash-medium,poolact,restricted_search,all,all,f1_mv,fraction,4,cost_moderate,independent_single_or_N4_pool; item_equal_weighted,100,0–100,percentage_points,true,,,,,,,,,,,,,,,,,,,0.6520242284948168,39,39,0,1708,gemini_openrouter_missing_main_20260917+gemini_snapshot,0.6810840575546458,39,39,0,1706,gemini_snapshot,0.6804328569034451,39,39,0,1710,gemini_snapshot,,,,0.0290598290598290,0.0284086284086283,-0.0006512006512007
N4_strategy,gemini-3.8-flash-medium,poolact,restricted_search,all,all,f1_mv,fraction,4,cost_tight,independent_single_or_N4_pool; item_equal_weighted,100,0–100,percentage_points,true,,,,,,,,,,,,,,,,,,,0.20432378079436903,39,39,0,1714,gemini_snapshot,0.2089857854563737,39,39,0,1712,gemini_snapshot,0.3339941104646987,39,39,0,1716,gemini_snapshot,,,,0.00466200466200467,0.12967032967032967,0.1250083250083250
N4_strategy,gemini-3.8-flash-medium,poolact,restricted_search,family,whois,f1_mi,fraction,4,cost_moderate,independent_single_or_N4_pool; item_equal_weighted,100,0–100,percentage_points,true,,,,,,,,,,,,,,,,,,,0.6435365004418713,39,39,0,1719,gemini_openrouter_missing_main_20260917+gemini_snapshot,0.6761797026502909,39,39,0,1717,gemini_snapshot,0.6835871100576982,39,39,0,1721,gemini_snapshot,,,,0.0326432022084196,0.0400506096158269,0.0074074074074073
N4_strategy,gemini-3.8-flash-medium,poolact,restricted_search,family,whois,f1_mi,fraction,4,cost_tight,independent_single_or_N4_pool; item_equal_weighted,100,0–100,percentage_points,true,,,,,,,,,,,,,,,,,,,0.21073403720462544,39,39,0,1725,gemini_snapshot,0.20442090589149414,39,39,0,1723,gemini_snapshot,0.30227860374919197,39,39,0,1727,gemini_snapshot,,,,-0.00631313131313130,0.09154456654456653,0.09785769785769783
N4_strategy,gemini-3.8-flash-medium,poolact,restricted_search,family,whois,f1_mv,fraction,4,cost_moderate,independent_single_or_N4_pool; item_equal_weighted,100,0–100,percentage_points,true,,,,,,,,,,,,,,,,,,,0.6520242284948168,39,39,0,1720,gemini_openrouter_missing_main_20260917+gemini_snapshot,0.6810840575546458,39,39,0,1718,gemini_snapshot,0.6804328569034451,39,39,0,1722,gemini_snapshot,,,,0.0290598290598290,0.0284086284086283,-0.0006512006512007
N4_strategy,gemini-3.8-flash-medium,poolact,restricted_search,family,whois,f1_mv,fraction,4,cost_tight,independent_single_or_N4_pool; item_equal_weighted,100,0–100,percentage_points,true,,,,,,,,,,,,,,,,,,,0.20432378079436903,39,39,0,1726,gemini_snapshot,0.2089857854563737,39,39,0,1724,gemini_snapshot,0.3339941104646987,39,39,0,1728,gemini_snapshot,,,,0.00466200466200467,0.12967032967032967,0.1250083250083250
N4_strategy,gemini-3.8-flash-medium,poolact,restricted_search,task,phantom_seed2:0,f1_mi,fraction,4,cost_moderate,item_equal_weight_after_within_item_mean,100,0–100,percentage_points,true,,,,,,,,,,,,,,,,,,,1.0,1,1,0,1731,gemini_snapshot,1.0,1,1,0,1729,gemini_snapshot,1.0,1,1,0,1733,gemini_snapshot,,,,0.0,0.0,0.0
N4_strategy,gemini-3.8-flash-medium,poolact,restricted_search,task,phantom_seed2:0,f1_mi,fraction,4,cost_tight,item_equal_weight_after_within_item_mean,100,0–100,percentage_points,true,,,,,,,,,,,,,,,,,,,1.0,1,1,0,1737,gemini_snapshot,1.0,1,1,0,1735,gemini_snapshot,1.0,1,1,0,1739,gemini_snapshot,,,,0.0,0.0,0.0
N4_strategy,gemini-3.8-flash-medium,poolact,restricted_search,task,phantom_seed2:0,f1_mv,fraction,4,cost_moderate,item_equal_weight_after_within_item_mean,100,0–100,percentage_points,true,,,,,,,,,,,,,,,,,,,1.0,1,1,0,1732,gemini_snapshot,1.0,1,1,0,1730,gemini_snapshot,1.0,1,1,0,1734,gemini_snapshot,,,,0.0,0.0,0.0
N4_strategy,gemini-3.8-flash-medium,poolact,restricted_search,task,phantom_seed2:0,f1_mv,fraction,4,cost_tight,item_equal_weight_after_within_item_mean,100,0–100,percentage_points,true,,,,,,,,,,,,,,,,,,,1.0,1,1,0,1738,gemini_snapshot,1.0,1,1,0,1736,gemini_snapshot,1.0,1,1,0,1740,gemini_snapshot,,,,0.0,0.0,0.0
N4_strategy,gemini-3.8-flash-medium,poolact,restricted_search,task,phantom_seed2:1,f1_mi,fraction,4,cost_moderate,item_equal_weight_after_within_item_mean,100,0–100,percentage_points,true,,,,,,,,,,,,,,,,,,,1.0,1,1,0,1743,gemini_snapshot,1.0,1,1,0,1741,gemini_snapshot,1.0,1,1,0,1745,gemini_snapshot,,,,0.0,0.0,0.0
N4_strategy,gemini-3.8-flash-medium,poolact,restricted_search,task,phantom_seed2:1,f1_mi,fraction,4,cost_tight,item_equal_weight_after_within_item_mean,100,0–100,percentage_points,true,,,,,,,,,,,,,,,,,,,0.0,1,1,0,1749,gemini_snapshot,0.0,1,1,0,1747,gemini_snapshot,0.4,1,1,0,1751,gemini_snapshot,,,,0.0,0.4,0.4
N4_strategy,gemini-3.8-flash-medium,poolact,restricted_search,task,phantom_seed2:1,f1_mv,fraction,4,cost_moderate,item_equal_weight_after_within_item_mean,100,0–100,percentage_points,true,,,,,,,,,,,,,,,,,,,1.0,1,1,0,1744,gemini_snapshot,1.0,1,1,0,1742,gemini_snapshot,1.0,1,1,0,1746,gemini_snapshot,,,,0.0,0.0,0.0
N4_strategy,gemini-3.8-flash-medium,poolact,restricted_search,task,phantom_seed2:1,f1_mv,fraction,4,cost_tight,item_equal_weight_after_within_item_mean,100,0–100,percentage_points,true,,,,,,,,,,,,,,,,,,,0.0,1,1,0,1750,gemini_snapshot,0.0,1,1,0,1748,gemini_snapshot,0.8,1,1,0,1752,gemini_snapshot,,,,0.0,0.8,0.8
N4_strategy,gemini-3.8-flash-medium,poolact,restricted_search,task,phantom_seed2:10,f1_mi,fraction,4,cost_moderate,item_equal_weight_after_within_item_mean,100,0–100,percentage_points,true,,,,,,,,,,,,,,,,,,,0.1,1,1,0,1755,gemini_snapshot,0.3666666666666667,1,1,0,1753,gemini_snapshot,0.0,1,1,0,1757,gemini_snapshot,,,,0.2666666666666667,-0.1,-0.3666666666666667
N4_strategy,gemini-3.8-flash-medium,poolact,restricted_search,task,phantom_seed2:10,f1_mi,fraction,4,cost_tight,item_equal_weight_after_within_item_mean,100,0–100,percentage_points,true,,,,,,,,,,,,,,,,,,,0.0,1,1,0,1761,gemini_snapshot,0.0,1,1,0,1759,gemini_snapshot,0.0,1,1,0,1763,gemini_snapshot,,,,0.0,0.0,0.0
N4_strategy,gemini-3.8-flash-medium,poolact,restricted_search,task,phantom_seed2:10,f1_mv,fraction,4,cost_moderate,item_equal_weight_after_within_item_mean,100,0–100,percentage_points,true,,,,,,,,,,,,,,,,,,,0.0,1,1,0,1756,gemini_snapshot,0.4,1,1,0,1754,gemini_snapshot,0.0,1,1,0,1758,gemini_snapshot,,,,0.4,0.0,-0.4
N4_strategy,gemini-3.8-flash-medium,poolact,restricted_search,task,phantom_seed2:10,f1_mv,fraction,4,cost_tight,item_equal_weight_after_within_item_mean,100,0–100,percentage_points,true,,,,,,,,,,,,,,,,,,,0.0,1,1,0,1762,gemini_snapshot,0.0,1,1,0,1760,gemini_snapshot,0.0,1,1,0,1764,gemini_snapshot,,,,0.0,0.0,0.0
N4_strategy,gemini-3.8-flash-medium,poolact,restricted_search,task,phantom_seed2:11,f1_mi,fraction,4,cost_moderate,item_equal_weight_after_within_item_mean,100,0–100,percentage_points,true,,,,,,,,,,,,,,,,,,,0.6340579710144928,1,1,0,1767,gemini_snapshot,0.6666666666666667,1,1,0,1765,gemini_snapshot,0.5555555555555556,1,1,0,1769,gemini_snapshot,,,,0.0326086956521739,-0.0785024154589372,-0.1111111111111111
N4_strategy,gemini-3.8-flash-medium,poolact,restricted_search,task,phantom_seed2:11,f1_mi,fraction,4,cost_tight,item_equal_weight_after_within_item_mean,100,0–100,percentage_points,true,,,,,,,,,,,,,,,,,,,0.0,1,1,0,1773,gemini_snapshot,0.0,1,1,0,1771,gemini_snapshot,0.0,1,1,0,1775,gemini_snapshot,,,,0.0,0.0,0.0
N4_strategy,gemini-3.8-flash-medium,poolact,restricted_search,task,phantom_seed2:11,f1_mv,fraction,4,cost_moderate,item_equal_weight_after_within_item_mean,100,0–100,percentage_points,true,,,,,,,,,,,,,,,,,,,0.5555555555555556,1,1,0,1768,gemini_snapshot,0.5555555555555556,1,1,0,1766,gemini_snapshot,0.5555555555555556,1,1,0,1770,gemini_snapshot,,,,0E-16,0E-16,0E-16
N4_strategy,gemini-3.8-flash-medium,poolact,restricted_search,task,phantom_seed2:11,f1_mv,fraction,4,cost_tight,item_equal_weight_after_within_item_mean,100,0–100,percentage_points,true,,,,,,,,,,,,,,,,,,,0.0,1,1,0,1774,gemini_snapshot,0.0,1,1,0,1772,gemini_snapshot,0.0,1,1,0,1776,gemini_snapshot,,,,0.0,0.0,0.0
N4_strategy,gemini-3.8-flash-medium,poolact,restricted_search,task,phantom_seed2:12,f1_mi,fraction,4,cost_moderate,item_equal_weight_after_within_item_mean,100,0–100,percentage_points,true,,,,,,,,,,,,,,,,,,,1.0,1,1,0,1779,gemini_snapshot,1.0,1,1,0,1777,gemini_snapshot,1.0,1,1,0,1781,gemini_snapshot,,,,0.0,0.0,0.0
N4_strategy,gemini-3.8-flash-medium,poolact,restricted_search,task,phantom_seed2:12,f1_mi,fraction,4,cost_tight,item_equal_weight_after_within_item_mean,100,0–100,percentage_points,true,,,,,,,,,,,,,,,,,,,0.0,1,1,0,1785,gemini_snapshot,0.0,1,1,0,1783,gemini_snapshot,0.0,1,1,0,1787,gemini_snapshot,,,,0.0,0.0,0.0
N4_strategy,gemini-3.8-flash-medium,poolact,restricted_search,task,phantom_seed2:12,f1_mv,fraction,4,cost_moderate,item_equal_weight_after_within_item_mean,100,0–100,percentage_points,true,,,,,,,,,,,,,,,,,,,1.0,1,1,0,1780,gemini_snapshot,1.0,1,1,0,1778,gemini_snapshot,1.0,1,1,0,1782,gemini_snapshot,,,,0.0,0.0,0.0
N4_strategy,gemini-3.8-flash-medium,poolact,restricted_search,task,phantom_seed2:12,f1_mv,fraction,4,cost_tight,item_equal_weight_after_within_item_mean,100,0–100,percentage_points,true,,,,,,,,,,,,,,,,,,,0.0,1,1,0,1786,gemini_snapshot,0.0,1,1,0,1784,gemini_snapshot,0.0,1,1,0,1788,gemini_snapshot,,,,0.0,0.0,0.0
N4_strategy,gemini-3.8-flash-medium,poolact,restricted_search,task,phantom_seed2:13,f1_mi,fraction,4,cost_moderate,item_equal_weight_after_within_item_mean,100,0–100,percentage_points,true,,,,,,,,,,,,,,,,,,,0.0,1,1,0,1791,gemini_snapshot,0.25,1,1,0,1789,gemini_snapshot,0.0,1,1,0,1793,gemini_snapshot,,,,0.25,0.0,-0.25
N4_strategy,gemini-3.8-flash-medium,poolact,restricted_search,task,phantom_seed2:13,f1_mi,fraction,4,cost_tight,item_equal_weight_after_within_item_mean,100,0–100,percentage_points,true,,,,,,,,,,,,,,,,,,,0.0,1,1,0,1797,gemini_snapshot,0.0,1,1,0,1795,gemini_snapshot,0.0,1,1,0,1799,gemini_snapshot,,,,0.0,0.0,0.0
N4_strategy,gemini-3.8-flash-medium,poolact,restricted_search,task,phantom_seed2:13,f1_mv,fraction,4,cost_moderate,item_equal_weight_after_within_item_mean,100,0–100,percentage_points,true,,,,,,,,,,,,,,,,,,,0.0,1,1,0,1792,gemini_snapshot,0.0,1,1,0,1790,gemini_snapshot,0.0,1,1,0,1794,gemini_snapshot,,,,0.0,0.0,0.0
N4_strategy,gemini-3.8-flash-medium,poolact,restricted_search,task,phantom_seed2:13,f1_mv,fraction,4,cost_tight,item_equal_weight_after_within_item_mean,100,0–100,percentage_points,true,,,,,,,,,,,,,,,,,,,0.0,1,1,0,1798,gemini_snapshot,0.0,1,1,0,1796,gemini_snapshot,0.0,1,1,0,1800,gemini_snapshot,,,,0.0,0.0,0.0
N4_strategy,gemini-3.8-flash-medium,poolact,restricted_search,task,phantom_seed2:14,f1_mi,fraction,4,cost_moderate,item_equal_weight_after_within_item_mean,100,0–100,percentage_points,true,,,,,,,,,,,,,,,,,,,1.0,1,1,0,1803,gemini_snapshot,1.0,1,1,0,1801,gemini_snapshot,1.0,1,1,0,1805,gemini_snapshot,,,,0.0,0.0,0.0
N4_strategy,gemini-3.8-flash-medium,poolact,restricted_search,task,phantom_seed2:14,f1_mi,fraction,4,cost_tight,item_equal_weight_after_within_item_mean,100,0–100,percentage_points,true,,,,,,,,,,,,,,,,,,,0.625,1,1,0,1809,gemini_snapshot,0.625,1,1,0,1807,gemini_snapshot,0.875,1,1,0,1811,gemini_snapshot,,,,0.000,0.250,0.250
N4_strategy,gemini-3.8-flash-medium,poolact,restricted_search,task,phantom_seed2:14,f1_mv,fraction,4,cost_moderate,item_equal_weight_after_within_item_mean,100,0–100,percentage_points,true,,,,,,,,,,,,,,,,,,,1.0,1,1,0,1804,gemini_snapshot,1.0,1,1,0,1802,gemini_snapshot,1.0,1,1,0,1806,gemini_snapshot,,,,0.0,0.0,0.0
N4_strategy,gemini-3.8-flash-medium,poolact,restricted_search,task,phantom_seed2:14,f1_mv,fraction,4,cost_tight,item_equal_weight_after_within_item_mean,100,0–100,percentage_points,true,,,,,,,,,,,,,,,,,,,0.5,1,1,0,1810,gemini_snapshot,0.5,1,1,0,1808,gemini_snapshot,1.0,1,1,0,1812,gemini_snapshot,,,,0.0,0.5,0.5
N4_strategy,gemini-3.8-flash-medium,poolact,restricted_search,task,phantom_seed2:15,f1_mi,fraction,4,cost_moderate,item_equal_weight_after_within_item_mean,100,0–100,percentage_points,true,,,,,,,,,,,,,,,,,,,0.0,1,1,0,1815,gemini_snapshot,0.0,1,1,0,1813,gemini_snapshot,0.0,1,1,0,1817,gemini_snapshot,,,,0.0,0.0,0.0
N4_strategy,gemini-3.8-flash-medium,poolact,restricted_search,task,phantom_seed2:15,f1_mi,fraction,4,cost_tight,item_equal_weight_after_within_item_mean,100,0–100,percentage_points,true,,,,,,,,,,,,,,,,,,,0.0,1,1,0,1821,gemini_snapshot,0.0,1,1,0,1819,gemini_snapshot,0.0,1,1,0,1823,gemini_snapshot,,,,0.0,0.0,0.0
N4_strategy,gemini-3.8-flash-medium,poolact,restricted_search,task,phantom_seed2:15,f1_mv,fraction,4,cost_moderate,item_equal_weight_after_within_item_mean,100,0–100,percentage_points,true,,,,,,,,,,,,,,,,,,,0.0,1,1,0,1816,gemini_snapshot,0.0,1,1,0,1814,gemini_snapshot,0.0,1,1,0,1818,gemini_snapshot,,,,0.0,0.0,0.0
N4_strategy,gemini-3.8-flash-medium,poolact,restricted_search,task,phantom_seed2:15,f1_mv,fraction,4,cost_tight,item_equal_weight_after_within_item_mean,100,0–100,percentage_points,true,,,,,,,,,,,,,,,,,,,0.0,1,1,0,1822,gemini_snapshot,0.0,1,1,0,1820,gemini_snapshot,0.0,1,1,0,1824,gemini_snapshot,,,,0.0,0.0,0.0
N4_strategy,gemini-3.8-flash-medium,poolact,restricted_search,task,phantom_seed2:16,f1_mi,fraction,4,cost_moderate,item_equal_weight_after_within_item_mean,100,0–100,percentage_points,true,,,,,,,,,,,,,,,,,,,1.0,1,1,0,1827,gemini_snapshot,1.0,1,1,0,1825,gemini_snapshot,1.0,1,1,0,1829,gemini_snapshot,,,,0.0,0.0,0.0
N4_strategy,gemini-3.8-flash-medium,poolact,restricted_search,task,phantom_seed2:16,f1_mi,fraction,4,cost_tight,item_equal_weight_after_within_item_mean,100,0–100,percentage_points,true,,,,,,,,,,,,,,,,,,,0.5,1,1,0,1833,gemini_snapshot,0.5,1,1,0,1831,gemini_snapshot,0.5833333333333333,1,1,0,1835,gemini_snapshot,,,,0.0,0.0833333333333333,0.0833333333333333
N4_strategy,gemini-3.8-flash-medium,poolact,restricted_search,task,phantom_seed2:16,f1_mv,fraction,4,cost_moderate,item_equal_weight_after_within_item_mean,100,0–100,percentage_points,true,,,,,,,,,,,,,,,,,,,1.0,1,1,0,1828,gemini_snapshot,1.0,1,1,0,1826,gemini_snapshot,1.0,1,1,0,1830,gemini_snapshot,,,,0.0,0.0,0.0
N4_strategy,gemini-3.8-flash-medium,poolact,restricted_search,task,phantom_seed2:16,f1_mv,fraction,4,cost_tight,item_equal_weight_after_within_item_mean,100,0–100,percentage_points,true,,,,,,,,,,,,,,,,,,,0.5,1,1,0,1834,gemini_snapshot,0.5,1,1,0,1832,gemini_snapshot,0.5,1,1,0,1836,gemini_snapshot,,,,0.0,0.0,0.0
N4_strategy,gemini-3.8-flash-medium,poolact,restricted_search,task,phantom_seed2:17,f1_mi,fraction,4,cost_moderate,item_equal_weight_after_within_item_mean,100,0–100,percentage_points,true,,,,,,,,,,,,,,,,,,,0.0,1,1,0,1839,gemini_snapshot,0.0,1,1,0,1837,gemini_snapshot,0.0,1,1,0,1841,gemini_snapshot,,,,0.0,0.0,0.0
N4_strategy,gemini-3.8-flash-medium,poolact,restricted_search,task,phantom_seed2:17,f1_mi,fraction,4,cost_tight,item_equal_weight_after_within_item_mean,100,0–100,percentage_points,true,,,,,,,,,,,,,,,,,,,0.0,1,1,0,1845,gemini_snapshot,0.0,1,1,0,1843,gemini_snapshot,0.0,1,1,0,1847,gemini_snapshot,,,,0.0,0.0,0.0
N4_strategy,gemini-3.8-flash-medium,poolact,restricted_search,task,phantom_seed2:17,f1_mv,fraction,4,cost_moderate,item_equal_weight_after_within_item_mean,100,0–100,percentage_points,true,,,,,,,,,,,,,,,,,,,0.0,1,1,0,1840,gemini_snapshot,0.0,1,1,0,1838,gemini_snapshot,0.0,1,1,0,1842,gemini_snapshot,,,,0.0,0.0,0.0
N4_strategy,gemini-3.8-flash-medium,poolact,restricted_search,task,phantom_seed2:17,f1_mv,fraction,4,cost_tight,item_equal_weight_after_within_item_mean,100,0–100,percentage_points,true,,,,,,,,,,,,,,,,,,,0.0,1,1,0,1846,gemini_snapshot,0.0,1,1,0,1844,gemini_snapshot,0.0,1,1,0,1848,gemini_snapshot,,,,0.0,0.0,0.0
N4_strategy,gemini-3.8-flash-medium,poolact,restricted_search,task,phantom_seed2:18,f1_mi,fraction,4,cost_moderate,item_equal_weight_after_within_item_mean,100,0–100,percentage_points,true,,,,,,,,,,,,,,,,,,,0.0,1,1,0,1851,gemini_snapshot,0.0,1,1,0,1849,gemini_snapshot,0.0,1,1,0,1853,gemini_snapshot,,,,0.0,0.0,0.0
N4_strategy,gemini-3.8-flash-medium,poolact,restricted_search,task,phantom_seed2:18,f1_mi,fraction,4,cost_tight,item_equal_weight_after_within_item_mean,100,0–100,percentage_points,true,,,,,,,,,,,,,,,,,,,0.0,1,1,0,1857,gemini_snapshot,0.0,1,1,0,1855,gemini_snapshot,0.0,1,1,0,1859,gemini_snapshot,,,,0.0,0.0,0.0
N4_strategy,gemini-3.8-flash-medium,poolact,restricted_search,task,phantom_seed2:18,f1_mv,fraction,4,cost_moderate,item_equal_weight_after_within_item_mean,100,0–100,percentage_points,true,,,,,,,,,,,,,,,,,,,0.0,1,1,0,1852,gemini_snapshot,0.0,1,1,0,1850,gemini_snapshot,0.0,1,1,0,1854,gemini_snapshot,,,,0.0,0.0,0.0
N4_strategy,gemini-3.8-flash-medium,poolact,restricted_search,task,phantom_seed2:18,f1_mv,fraction,4,cost_tight,item_equal_weight_after_within_item_mean,100,0–100,percentage_points,true,,,,,,,,,,,,,,,,,,,0.0,1,1,0,1858,gemini_snapshot,0.0,1,1,0,1856,gemini_snapshot,0.0,1,1,0,1860,gemini_snapshot,,,,0.0,0.0,0.0
N4_strategy,gemini-3.8-flash-medium,poolact,restricted_search,task,phantom_seed2:19,f1_mi,fraction,4,cost_moderate,item_equal_weight_after_within_item_mean,100,0–100,percentage_points,true,,,,,,,,,,,,,,,,,,,0.0,1,1,0,1863,gemini_snapshot,0.0,1,1,0,1861,gemini_snapshot,0.0,1,1,0,1865,gemini_snapshot,,,,0.0,0.0,0.0
N4_strategy,gemini-3.8-flash-medium,poolact,restricted_search,task,phantom_seed2:19,f1_mi,fraction,4,cost_tight,item_equal_weight_after_within_item_mean,100,0–100,percentage_points,true,,,,,,,,,,,,,,,,,,,0.0,1,1,0,1869,gemini_snapshot,0.0,1,1,0,1867,gemini_snapshot,0.0,1,1,0,1871,gemini_snapshot,,,,0.0,0.0,0.0
N4_strategy,gemini-3.8-flash-medium,poolact,restricted_search,task,phantom_seed2:19,f1_mv,fraction,4,cost_moderate,item_equal_weight_after_within_item_mean,100,0–100,percentage_points,true,,,,,,,,,,,,,,,,,,,0.0,1,1,0,1864,gemini_snapshot,0.0,1,1,0,1862,gemini_snapshot,0.0,1,1,0,1866,gemini_snapshot,,,,0.0,0.0,0.0
N4_strategy,gemini-3.8-flash-medium,poolact,restricted_search,task,phantom_seed2:19,f1_mv,fraction,4,cost_tight,item_equal_weight_after_within_item_mean,100,0–100,percentage_points,true,,,,,,,,,,,,,,,,,,,0.0,1,1,0,1870,gemini_snapshot,0.0,1,1,0,1868,gemini_snapshot,0.0,1,1,0,1872,gemini_snapshot,,,,0.0,0.0,0.0
N4_strategy,gemini-3.8-flash-medium,poolact,restricted_search,task,phantom_seed2:2,f1_mi,fraction,4,cost_moderate,item_equal_weight_after_within_item_mean,100,0–100,percentage_points,true,,,,,,,,,,,,,,,,,,,1.0,1,1,0,1875,gemini_snapshot,1.0,1,1,0,1873,gemini_snapshot,1.0,1,1,0,1877,gemini_snapshot,,,,0.0,0.0,0.0
N4_strategy,gemini-3.8-flash-medium,poolact,restricted_search,task,phantom_seed2:2,f1_mi,fraction,4,cost_tight,item_equal_weight_after_within_item_mean,100,0–100,percentage_points,true,,,,,,,,,,,,,,,,,,,0.0,1,1,0,1881,gemini_snapshot,0.0,1,1,0,1879,gemini_snapshot,0.0,1,1,0,1883,gemini_snapshot,,,,0.0,0.0,0.0
N4_strategy,gemini-3.8-flash-medium,poolact,restricted_search,task,phantom_seed2:2,f1_mv,fraction,4,cost_moderate,item_equal_weight_after_within_item_mean,100,0–100,percentage_points,true,,,,,,,,,,,,,,,,,,,1.0,1,1,0,1876,gemini_snapshot,1.0,1,1,0,1874,gemini_snapshot,1.0,1,1,0,1878,gemini_snapshot,,,,0.0,0.0,0.0
N4_strategy,gemini-3.8-flash-medium,poolact,restricted_search,task,phantom_seed2:2,f1_mv,fraction,4,cost_tight,item_equal_weight_after_within_item_mean,100,0–100,percentage_points,true,,,,,,,,,,,,,,,,,,,0.0,1,1,0,1882,gemini_snapshot,0.0,1,1,0,1880,gemini_snapshot,0.0,1,1,0,1884,gemini_snapshot,,,,0.0,0.0,0.0
N4_strategy,gemini-3.8-flash-medium,poolact,restricted_search,task,phantom_seed2:3,f1_mi,fraction,4,cost_moderate,item_equal_weight_after_within_item_mean,100,0–100,percentage_points,true,,,,,,,,,,,,,,,,,,,1.0,1,1,0,1887,gemini_openrouter_missing_main_20260917,1.0,1,1,0,1885,gemini_snapshot,1.0,1,1,0,1889,gemini_snapshot,,,,0.0,0.0,0.0
N4_strategy,gemini-3.8-flash-medium,poolact,restricted_search,task,phantom_seed2:3,f1_mi,fraction,4,cost_tight,item_equal_weight_after_within_item_mean,100,0–100,percentage_points,true,,,,,,,,,,,,,,,,,,,0.5,1,1,0,1893,gemini_snapshot,0.375,1,1,0,1891,gemini_snapshot,0.625,1,1,0,1895,gemini_snapshot,,,,-0.125,0.125,0.250
N4_strategy,gemini-3.8-flash-medium,poolact,restricted_search,task,phantom_seed2:3,f1_mv,fraction,4,cost_moderate,item_equal_weight_after_within_item_mean,100,0–100,percentage_points,true,,,,,,,,,,,,,,,,,,,1.0,1,1,0,1888,gemini_openrouter_missing_main_20260917,1.0,1,1,0,1886,gemini_snapshot,1.0,1,1,0,1890,gemini_snapshot,,,,0.0,0.0,0.0
N4_strategy,gemini-3.8-flash-medium,poolact,restricted_search,task,phantom_seed2:3,f1_mv,fraction,4,cost_tight,item_equal_weight_after_within_item_mean,100,0–100,percentage_points,true,,,,,,,,,,,,,,,,,,,0.5,1,1,0,1894,gemini_snapshot,0.5,1,1,0,1892,gemini_snapshot,0.6666666666666666,1,1,0,1896,gemini_snapshot,,,,0.0,0.1666666666666666,0.1666666666666666
N4_strategy,gemini-3.8-flash-medium,poolact,restricted_search,task,phantom_seed2:4,f1_mi,fraction,4,cost_moderate,item_equal_weight_after_within_item_mean,100,0–100,percentage_points,true,,,,,,,,,,,,,,,,,,,1.0,1,1,0,1899,gemini_snapshot,1.0,1,1,0,1897,gemini_snapshot,1.0,1,1,0,1901,gemini_snapshot,,,,0.0,0.0,0.0
N4_strategy,gemini-3.8-flash-medium,poolact,restricted_search,task,phantom_seed2:4,f1_mi,fraction,4,cost_tight,item_equal_weight_after_within_item_mean,100,0–100,percentage_points,true,,,,,,,,,,,,,,,,,,,0.6666666666666666,1,1,0,1905,gemini_snapshot,0.6666666666666666,1,1,0,1903,gemini_snapshot,0.6666666666666666,1,1,0,1907,gemini_snapshot,,,,0E-16,0E-16,0E-16
N4_strategy,gemini-3.8-flash-medium,poolact,restricted_search,task,phantom_seed2:4,f1_mv,fraction,4,cost_moderate,item_equal_weight_after_within_item_mean,100,0–100,percentage_points,true,,,,,,,,,,,,,,,,,,,1.0,1,1,0,1900,gemini_snapshot,1.0,1,1,0,1898,gemini_snapshot,1.0,1,1,0,1902,gemini_snapshot,,,,0.0,0.0,0.0
N4_strategy,gemini-3.8-flash-medium,poolact,restricted_search,task,phantom_seed2:4,f1_mv,fraction,4,cost_tight,item_equal_weight_after_within_item_mean,100,0–100,percentage_points,true,,,,,,,,,,,,,,,,,,,0.6666666666666666,1,1,0,1906,gemini_snapshot,0.6666666666666666,1,1,0,1904,gemini_snapshot,0.6666666666666666,1,1,0,1908,gemini_snapshot,,,,0E-16,0E-16,0E-16
N4_strategy,gemini-3.8-flash-medium,poolact,restricted_search,task,phantom_seed2:5,f1_mi,fraction,4,cost_moderate,item_equal_weight_after_within_item_mean,100,0–100,percentage_points,true,,,,,,,,,,,,,,,,,,,0.9,1,1,0,1911,gemini_snapshot,1.0,1,1,0,1909,gemini_snapshot,1.0,1,1,0,1913,gemini_snapshot,,,,0.1,0.1,0.0
N4_strategy,gemini-3.8-flash-medium,poolact,restricted_search,task,phantom_seed2:5,f1_mi,fraction,4,cost_tight,item_equal_weight_after_within_item_mean,100,0–100,percentage_points,true,,,,,,,,,,,,,,,,,,,0.0,1,1,0,1917,gemini_snapshot,0.0,1,1,0,1915,gemini_snapshot,0.0,1,1,0,1919,gemini_snapshot,,,,0.0,0.0,0.0
N4_strategy,gemini-3.8-flash-medium,poolact,restricted_search,task,phantom_seed2:5,f1_mv,fraction,4,cost_moderate,item_equal_weight_after_within_item_mean,100,0–100,percentage_points,true,,,,,,,,,,,,,,,,,,,1.0,1,1,0,1912,gemini_snapshot,1.0,1,1,0,1910,gemini_snapshot,1.0,1,1,0,1914,gemini_snapshot,,,,0.0,0.0,0.0
N4_strategy,gemini-3.8-flash-medium,poolact,restricted_search,task,phantom_seed2:5,f1_mv,fraction,4,cost_tight,item_equal_weight_after_within_item_mean,100,0–100,percentage_points,true,,,,,,,,,,,,,,,,,,,0.0,1,1,0,1918,gemini_snapshot,0.0,1,1,0,1916,gemini_snapshot,0.0,1,1,0,1920,gemini_snapshot,,,,0.0,0.0,0.0
N4_strategy,gemini-3.8-flash-medium,poolact,restricted_search,task,phantom_seed2:6,f1_mi,fraction,4,cost_moderate,item_equal_weight_after_within_item_mean,100,0–100,percentage_points,true,,,,,,,,,,,,,,,,,,,1.0,1,1,0,1923,gemini_snapshot,1.0,1,1,0,1921,gemini_snapshot,1.0,1,1,0,1925,gemini_snapshot,,,,0.0,0.0,0.0
N4_strategy,gemini-3.8-flash-medium,poolact,restricted_search,task,phantom_seed2:6,f1_mi,fraction,4,cost_tight,item_equal_weight_after_within_item_mean,100,0–100,percentage_points,true,,,,,,,,,,,,,,,,,,,0.0,1,1,0,1929,gemini_snapshot,0.0,1,1,0,1927,gemini_snapshot,0.0,1,1,0,1931,gemini_snapshot,,,,0.0,0.0,0.0
N4_strategy,gemini-3.8-flash-medium,poolact,restricted_search,task,phantom_seed2:6,f1_mv,fraction,4,cost_moderate,item_equal_weight_after_within_item_mean,100,0–100,percentage_points,true,,,,,,,,,,,,,,,,,,,1.0,1,1,0,1924,gemini_snapshot,1.0,1,1,0,1922,gemini_snapshot,1.0,1,1,0,1926,gemini_snapshot,,,,0.0,0.0,0.0
N4_strategy,gemini-3.8-flash-medium,poolact,restricted_search,task,phantom_seed2:6,f1_mv,fraction,4,cost_tight,item_equal_weight_after_within_item_mean,100,0–100,percentage_points,true,,,,,,,,,,,,,,,,,,,0.0,1,1,0,1930,gemini_snapshot,0.0,1,1,0,1928,gemini_snapshot,0.0,1,1,0,1932,gemini_snapshot,,,,0.0,0.0,0.0
N4_strategy,gemini-3.8-flash-medium,poolact,restricted_search,task,phantom_seed2:7,f1_mi,fraction,4,cost_moderate,item_equal_weight_after_within_item_mean,100,0–100,percentage_points,true,,,,,,,,,,,,,,,,,,,1.0,1,1,0,1935,gemini_snapshot,1.0,1,1,0,1933,gemini_snapshot,1.0,1,1,0,1937,gemini_snapshot,,,,0.0,0.0,0.0
N4_strategy,gemini-3.8-flash-medium,poolact,restricted_search,task,phantom_seed2:7,f1_mi,fraction,4,cost_tight,item_equal_weight_after_within_item_mean,100,0–100,percentage_points,true,,,,,,,,,,,,,,,,,,,0.0,1,1,0,1941,gemini_snapshot,0.0,1,1,0,1939,gemini_snapshot,0.25,1,1,0,1943,gemini_snapshot,,,,0.0,0.25,0.25
N4_strategy,gemini-3.8-flash-medium,poolact,restricted_search,task,phantom_seed2:7,f1_mv,fraction,4,cost_moderate,item_equal_weight_after_within_item_mean,100,0–100,percentage_points,true,,,,,,,,,,,,,,,,,,,1.0,1,1,0,1936,gemini_snapshot,1.0,1,1,0,1934,gemini_snapshot,1.0,1,1,0,1938,gemini_snapshot,,,,0.0,0.0,0.0
N4_strategy,gemini-3.8-flash-medium,poolact,restricted_search,task,phantom_seed2:7,f1_mv,fraction,4,cost_tight,item_equal_weight_after_within_item_mean,100,0–100,percentage_points,true,,,,,,,,,,,,,,,,,,,0.0,1,1,0,1942,gemini_snapshot,0.0,1,1,0,1940,gemini_snapshot,0.0,1,1,0,1944,gemini_snapshot,,,,0.0,0.0,0.0
N4_strategy,gemini-3.8-flash-medium,poolact,restricted_search,task,phantom_seed2:8,f1_mi,fraction,4,cost_moderate,item_equal_weight_after_within_item_mean,100,0–100,percentage_points,true,,,,,,,,,,,,,,,,,,,0.6666666666666666,1,1,0,1947,gemini_snapshot,0.9166666666666666,1,1,0,1945,gemini_snapshot,1.0,1,1,0,1949,gemini_snapshot,,,,0.2500000000000000,0.3333333333333334,0.0833333333333334
N4_strategy,gemini-3.8-flash-medium,poolact,restricted_search,task,phantom_seed2:8,f1_mi,fraction,4,cost_tight,item_equal_weight_after_within_item_mean,100,0–100,percentage_points,true,,,,,,,,,,,,,,,,,,,0.6666666666666666,1,1,0,1953,gemini_snapshot,0.6666666666666666,1,1,0,1951,gemini_snapshot,0.6666666666666666,1,1,0,1955,gemini_snapshot,,,,0E-16,0E-16,0E-16
N4_strategy,gemini-3.8-flash-medium,poolact,restricted_search,task,phantom_seed2:8,f1_mv,fraction,4,cost_moderate,item_equal_weight_after_within_item_mean,100,0–100,percentage_points,true,,,,,,,,,,,,,,,,,,,0.6666666666666666,1,1,0,1948,gemini_snapshot,1.0,1,1,0,1946,gemini_snapshot,1.0,1,1,0,1950,gemini_snapshot,,,,0.3333333333333334,0.3333333333333334,0.0
N4_strategy,gemini-3.8-flash-medium,poolact,restricted_search,task,phantom_seed2:8,f1_mv,fraction,4,cost_tight,item_equal_weight_after_within_item_mean,100,0–100,percentage_points,true,,,,,,,,,,,,,,,,,,,0.6666666666666666,1,1,0,1954,gemini_snapshot,0.6666666666666666,1,1,0,1952,gemini_snapshot,0.6666666666666666,1,1,0,1956,gemini_snapshot,,,,0E-16,0E-16,0E-16
N4_strategy,gemini-3.8-flash-medium,poolact,restricted_search,task,phantom_seed2:9,f1_mi,fraction,4,cost_moderate,item_equal_weight_after_within_item_mean,100,0–100,percentage_points,true,,,,,,,,,,,,,,,,,,,1.0,1,1,0,1959,gemini_snapshot,1.0,1,1,0,1957,gemini_snapshot,1.0,1,1,0,1961,gemini_snapshot,,,,0.0,0.0,0.0
N4_strategy,gemini-3.8-flash-medium,poolact,restricted_search,task,phantom_seed2:9,f1_mi,fraction,4,cost_tight,item_equal_weight_after_within_item_mean,100,0–100,percentage_points,true,,,,,,,,,,,,,,,,,,,0.0,1,1,0,1965,gemini_snapshot,0.0,1,1,0,1963,gemini_snapshot,0.5,1,1,0,1967,gemini_snapshot,,,,0.0,0.5,0.5
N4_strategy,gemini-3.8-flash-medium,poolact,restricted_search,task,phantom_seed2:9,f1_mv,fraction,4,cost_moderate,item_equal_weight_after_within_item_mean,100,0–100,percentage_points,true,,,,,,,,,,,,,,,,,,,1.0,1,1,0,1960,gemini_snapshot,1.0,1,1,0,1958,gemini_snapshot,1.0,1,1,0,1962,gemini_snapshot,,,,0.0,0.0,0.0
N4_strategy,gemini-3.8-flash-medium,poolact,restricted_search,task,phantom_seed2:9,f1_mv,fraction,4,cost_tight,item_equal_weight_after_within_item_mean,100,0–100,percentage_points,true,,,,,,,,,,,,,,,,,,,0.0,1,1,0,1966,gemini_snapshot,0.0,1,1,0,1964,gemini_snapshot,1.0,1,1,0,1968,gemini_snapshot,,,,0.0,1.0,1.0
N4_strategy,gemini-3.8-flash-medium,poolact,restricted_search,task,phantom_seed3:0,f1_mi,fraction,4,cost_moderate,item_equal_weight_after_within_item_mean,100,0–100,percentage_points,true,,,,,,,,,,,,,,,,,,,1.0,1,1,0,1971,gemini_snapshot,1.0,1,1,0,1969,gemini_snapshot,1.0,1,1,0,1973,gemini_snapshot,,,,0.0,0.0,0.0
N4_strategy,gemini-3.8-flash-medium,poolact,restricted_search,task,phantom_seed3:0,f1_mi,fraction,4,cost_tight,item_equal_weight_after_within_item_mean,100,0–100,percentage_points,true,,,,,,,,,,,,,,,,,,,0.4,1,1,0,1977,gemini_snapshot,0.4,1,1,0,1975,gemini_snapshot,0.5142857142857142,1,1,0,1979,gemini_snapshot,,,,0.0,0.1142857142857142,0.1142857142857142
N4_strategy,gemini-3.8-flash-medium,poolact,restricted_search,task,phantom_seed3:0,f1_mv,fraction,4,cost_moderate,item_equal_weight_after_within_item_mean,100,0–100,percentage_points,true,,,,,,,,,,,,,,,,,,,1.0,1,1,0,1972,gemini_snapshot,1.0,1,1,0,1970,gemini_snapshot,1.0,1,1,0,1974,gemini_snapshot,,,,0.0,0.0,0.0
N4_strategy,gemini-3.8-flash-medium,poolact,restricted_search,task,phantom_seed3:0,f1_mv,fraction,4,cost_tight,item_equal_weight_after_within_item_mean,100,0–100,percentage_points,true,,,,,,,,,,,,,,,,,,,0.4,1,1,0,1978,gemini_snapshot,0.4,1,1,0,1976,gemini_snapshot,0.4,1,1,0,1980,gemini_snapshot,,,,0.0,0.0,0.0
N4_strategy,gemini-3.8-flash-medium,poolact,restricted_search,task,phantom_seed3:1,f1_mi,fraction,4,cost_moderate,item_equal_weight_after_within_item_mean,100,0–100,percentage_points,true,,,,,,,,,,,,,,,,,,,1.0,1,1,0,1983,gemini_snapshot,1.0,1,1,0,1981,gemini_snapshot,1.0,1,1,0,1985,gemini_snapshot,,,,0.0,0.0,0.0
N4_strategy,gemini-3.8-flash-medium,poolact,restricted_search,task,phantom_seed3:1,f1_mi,fraction,4,cost_tight,item_equal_weight_after_within_item_mean,100,0–100,percentage_points,true,,,,,,,,,,,,,,,,,,,0.6666666666666666,1,1,0,1989,gemini_snapshot,0.6666666666666666,1,1,0,1987,gemini_snapshot,0.9166666666666666,1,1,0,1991,gemini_snapshot,,,,0E-16,0.2500000000000000,0.2500000000000000
N4_strategy,gemini-3.8-flash-medium,poolact,restricted_search,task,phantom_seed3:1,f1_mv,fraction,4,cost_moderate,item_equal_weight_after_within_item_mean,100,0–100,percentage_points,true,,,,,,,,,,,,,,,,,,,1.0,1,1,0,1984,gemini_snapshot,1.0,1,1,0,1982,gemini_snapshot,1.0,1,1,0,1986,gemini_snapshot,,,,0.0,0.0,0.0
N4_strategy,gemini-3.8-flash-medium,poolact,restricted_search,task,phantom_seed3:1,f1_mv,fraction,4,cost_tight,item_equal_weight_after_within_item_mean,100,0–100,percentage_points,true,,,,,,,,,,,,,,,,,,,0.6666666666666666,1,1,0,1990,gemini_snapshot,0.6666666666666666,1,1,0,1988,gemini_snapshot,1.0,1,1,0,1992,gemini_snapshot,,,,0E-16,0.3333333333333334,0.3333333333333334
N4_strategy,gemini-3.8-flash-medium,poolact,restricted_search,task,phantom_seed3:10,f1_mi,fraction,4,cost_moderate,item_equal_weight_after_within_item_mean,100,0–100,percentage_points,true,,,,,,,,,,,,,,,,,,,0.23529411764705882,1,1,0,1995,gemini_snapshot,0.23529411764705882,1,1,0,1993,gemini_snapshot,0.23529411764705882,1,1,0,1997,gemini_snapshot,,,,0E-17,0E-17,0E-17
N4_strategy,gemini-3.8-flash-medium,poolact,restricted_search,task,phantom_seed3:10,f1_mi,fraction,4,cost_tight,item_equal_weight_after_within_item_mean,100,0–100,percentage_points,true,,,,,,,,,,,,,,,,,,,0.23529411764705882,1,1,0,2001,gemini_snapshot,0.23529411764705882,1,1,0,1999,gemini_snapshot,0.23529411764705882,1,1,0,2003,gemini_snapshot,,,,0E-17,0E-17,0E-17
N4_strategy,gemini-3.8-flash-medium,poolact,restricted_search,task,phantom_seed3:10,f1_mv,fraction,4,cost_moderate,item_equal_weight_after_within_item_mean,100,0–100,percentage_points,true,,,,,,,,,,,,,,,,,,,0.23529411764705882,1,1,0,1996,gemini_snapshot,0.23529411764705882,1,1,0,1994,gemini_snapshot,0.23529411764705882,1,1,0,1998,gemini_snapshot,,,,0E-17,0E-17,0E-17
N4_strategy,gemini-3.8-flash-medium,poolact,restricted_search,task,phantom_seed3:10,f1_mv,fraction,4,cost_tight,item_equal_weight_after_within_item_mean,100,0–100,percentage_points,true,,,,,,,,,,,,,,,,,,,0.23529411764705882,1,1,0,2002,gemini_snapshot,0.23529411764705882,1,1,0,2000,gemini_snapshot,0.23529411764705882,1,1,0,2004,gemini_snapshot,,,,0E-17,0E-17,0E-17
N4_strategy,gemini-3.8-flash-medium,poolact,restricted_search,task,phantom_seed3:11,f1_mi,fraction,4,cost_moderate,item_equal_weight_after_within_item_mean,100,0–100,percentage_points,true,,,,,,,,,,,,,,,,,,,1.0,1,1,0,2007,gemini_snapshot,1.0,1,1,0,2005,gemini_snapshot,1.0,1,1,0,2009,gemini_snapshot,,,,0.0,0.0,0.0
N4_strategy,gemini-3.8-flash-medium,poolact,restricted_search,task,phantom_seed3:11,f1_mi,fraction,4,cost_tight,item_equal_weight_after_within_item_mean,100,0–100,percentage_points,true,,,,,,,,,,,,,,,,,,,1.0,1,1,0,2013,gemini_snapshot,1.0,1,1,0,2011,gemini_snapshot,1.0,1,1,0,2015,gemini_snapshot,,,,0.0,0.0,0.0
N4_strategy,gemini-3.8-flash-medium,poolact,restricted_search,task,phantom_seed3:11,f1_mv,fraction,4,cost_moderate,item_equal_weight_after_within_item_mean,100,0–100,percentage_points,true,,,,,,,,,,,,,,,,,,,1.0,1,1,0,2008,gemini_snapshot,1.0,1,1,0,2006,gemini_snapshot,1.0,1,1,0,2010,gemini_snapshot,,,,0.0,0.0,0.0
N4_strategy,gemini-3.8-flash-medium,poolact,restricted_search,task,phantom_seed3:11,f1_mv,fraction,4,cost_tight,item_equal_weight_after_within_item_mean,100,0–100,percentage_points,true,,,,,,,,,,,,,,,,,,,1.0,1,1,0,2014,gemini_snapshot,1.0,1,1,0,2012,gemini_snapshot,1.0,1,1,0,2016,gemini_snapshot,,,,0.0,0.0,0.0
N4_strategy,gemini-3.8-flash-medium,poolact,restricted_search,task,phantom_seed3:12,f1_mi,fraction,4,cost_moderate,item_equal_weight_after_within_item_mean,100,0–100,percentage_points,true,,,,,,,,,,,,,,,,,,,0.0,1,1,0,2019,gemini_snapshot,0.1,1,1,0,2017,gemini_snapshot,0.0,1,1,0,2021,gemini_snapshot,,,,0.1,0.0,-0.1
N4_strategy,gemini-3.8-flash-medium,poolact,restricted_search,task,phantom_seed3:12,f1_mi,fraction,4,cost_tight,item_equal_weight_after_within_item_mean,100,0–100,percentage_points,true,,,,,,,,,,,,,,,,,,,0.0,1,1,0,2025,gemini_snapshot,0.0,1,1,0,2023,gemini_snapshot,0.0,1,1,0,2027,gemini_snapshot,,,,0.0,0.0,0.0
N4_strategy,gemini-3.8-flash-medium,poolact,restricted_search,task,phantom_seed3:12,f1_mv,fraction,4,cost_moderate,item_equal_weight_after_within_item_mean,100,0–100,percentage_points,true,,,,,,,,,,,,,,,,,,,0.0,1,1,0,2020,gemini_snapshot,0.4,1,1,0,2018,gemini_snapshot,0.0,1,1,0,2022,gemini_snapshot,,,,0.4,0.0,-0.4
N4_strategy,gemini-3.8-flash-medium,poolact,restricted_search,task,phantom_seed3:12,f1_mv,fraction,4,cost_tight,item_equal_weight_after_within_item_mean,100,0–100,percentage_points,true,,,,,,,,,,,,,,,,,,,0.0,1,1,0,2026,gemini_snapshot,0.0,1,1,0,2024,gemini_snapshot,0.0,1,1,0,2028,gemini_snapshot,,,,0.0,0.0,0.0
N4_strategy,gemini-3.8-flash-medium,poolact,restricted_search,task,phantom_seed3:13,f1_mi,fraction,4,cost_moderate,item_equal_weight_after_within_item_mean,100,0–100,percentage_points,true,,,,,,,,,,,,,,,,,,,1.0,1,1,0,2031,gemini_snapshot,1.0,1,1,0,2029,gemini_snapshot,1.0,1,1,0,2033,gemini_snapshot,,,,0.0,0.0,0.0
N4_strategy,gemini-3.8-flash-medium,poolact,restricted_search,task,phantom_seed3:13,f1_mi,fraction,4,cost_tight,item_equal_weight_after_within_item_mean,100,0–100,percentage_points,true,,,,,,,,,,,,,,,,,,,0.25,1,1,0,2037,gemini_snapshot,0.0,1,1,0,2035,gemini_snapshot,0.75,1,1,0,2039,gemini_snapshot,,,,-0.25,0.50,0.75
N4_strategy,gemini-3.8-flash-medium,poolact,restricted_search,task,phantom_seed3:13,f1_mv,fraction,4,cost_moderate,item_equal_weight_after_within_item_mean,100,0–100,percentage_points,true,,,,,,,,,,,,,,,,,,,1.0,1,1,0,2032,gemini_snapshot,1.0,1,1,0,2030,gemini_snapshot,1.0,1,1,0,2034,gemini_snapshot,,,,0.0,0.0,0.0
N4_strategy,gemini-3.8-flash-medium,poolact,restricted_search,task,phantom_seed3:13,f1_mv,fraction,4,cost_tight,item_equal_weight_after_within_item_mean,100,0–100,percentage_points,true,,,,,,,,,,,,,,,,,,,0.0,1,1,0,2038,gemini_snapshot,0.0,1,1,0,2036,gemini_snapshot,1.0,1,1,0,2040,gemini_snapshot,,,,0.0,1.0,1.0
N4_strategy,gemini-3.8-flash-medium,poolact,restricted_search,task,phantom_seed3:14,f1_mi,fraction,4,cost_moderate,item_equal_weight_after_within_item_mean,100,0–100,percentage_points,true,,,,,,,,,,,,,,,,,,,1.0,1,1,0,2043,gemini_snapshot,1.0,1,1,0,2041,gemini_snapshot,1.0,1,1,0,2045,gemini_snapshot,,,,0.0,0.0,0.0
N4_strategy,gemini-3.8-flash-medium,poolact,restricted_search,task,phantom_seed3:14,f1_mi,fraction,4,cost_tight,item_equal_weight_after_within_item_mean,100,0–100,percentage_points,true,,,,,,,,,,,,,,,,,,,0.0,1,1,0,2049,gemini_snapshot,0.0,1,1,0,2047,gemini_snapshot,0.0,1,1,0,2051,gemini_snapshot,,,,0.0,0.0,0.0
N4_strategy,gemini-3.8-flash-medium,poolact,restricted_search,task,phantom_seed3:14,f1_mv,fraction,4,cost_moderate,item_equal_weight_after_within_item_mean,100,0–100,percentage_points,true,,,,,,,,,,,,,,,,,,,1.0,1,1,0,2044,gemini_snapshot,1.0,1,1,0,2042,gemini_snapshot,1.0,1,1,0,2046,gemini_snapshot,,,,0.0,0.0,0.0
N4_strategy,gemini-3.8-flash-medium,poolact,restricted_search,task,phantom_seed3:14,f1_mv,fraction,4,cost_tight,item_equal_weight_after_within_item_mean,100,0–100,percentage_points,true,,,,,,,,,,,,,,,,,,,0.0,1,1,0,2050,gemini_snapshot,0.0,1,1,0,2048,gemini_snapshot,0.0,1,1,0,2052,gemini_snapshot,,,,0.0,0.0,0.0
N4_strategy,gemini-3.8-flash-medium,poolact,restricted_search,task,phantom_seed3:15,f1_mi,fraction,4,cost_moderate,item_equal_weight_after_within_item_mean,100,0–100,percentage_points,true,,,,,,,,,,,,,,,,,,,0.0,1,1,0,2055,gemini_snapshot,0.0,1,1,0,2053,gemini_snapshot,0.0,1,1,0,2057,gemini_snapshot,,,,0.0,0.0,0.0
N4_strategy,gemini-3.8-flash-medium,poolact,restricted_search,task,phantom_seed3:15,f1_mi,fraction,4,cost_tight,item_equal_weight_after_within_item_mean,100,0–100,percentage_points,true,,,,,,,,,,,,,,,,,,,0.0,1,1,0,2061,gemini_snapshot,0.0,1,1,0,2059,gemini_snapshot,0.0,1,1,0,2063,gemini_snapshot,,,,0.0,0.0,0.0
N4_strategy,gemini-3.8-flash-medium,poolact,restricted_search,task,phantom_seed3:15,f1_mv,fraction,4,cost_moderate,item_equal_weight_after_within_item_mean,100,0–100,percentage_points,true,,,,,,,,,,,,,,,,,,,0.0,1,1,0,2056,gemini_snapshot,0.0,1,1,0,2054,gemini_snapshot,0.0,1,1,0,2058,gemini_snapshot,,,,0.0,0.0,0.0
N4_strategy,gemini-3.8-flash-medium,poolact,restricted_search,task,phantom_seed3:15,f1_mv,fraction,4,cost_tight,item_equal_weight_after_within_item_mean,100,0–100,percentage_points,true,,,,,,,,,,,,,,,,,,,0.0,1,1,0,2062,gemini_snapshot,0.0,1,1,0,2060,gemini_snapshot,0.0,1,1,0,2064,gemini_snapshot,,,,0.0,0.0,0.0
N4_strategy,gemini-3.8-flash-medium,poolact,restricted_search,task,phantom_seed3:16,f1_mi,fraction,4,cost_moderate,item_equal_weight_after_within_item_mean,100,0–100,percentage_points,true,,,,,,,,,,,,,,,,,,,0.511904761904762,1,1,0,2067,gemini_snapshot,0.5714285714285715,1,1,0,2065,gemini_snapshot,0.8095238095238095,1,1,0,2069,gemini_snapshot,,,,0.0595238095238095,0.2976190476190475,0.2380952380952380
N4_strategy,gemini-3.8-flash-medium,poolact,restricted_search,task,phantom_seed3:16,f1_mi,fraction,4,cost_tight,item_equal_weight_after_within_item_mean,100,0–100,percentage_points,true,,,,,,,,,,,,,,,,,,,0.04166666666666667,1,1,0,2073,gemini_snapshot,0.08712121212121213,1,1,0,2071,gemini_snapshot,0.0,1,1,0,2075,gemini_snapshot,,,,0.04545454545454546,-0.04166666666666667,-0.08712121212121213
N4_strategy,gemini-3.8-flash-medium,poolact,restricted_search,task,phantom_seed3:16,f1_mv,fraction,4,cost_moderate,item_equal_weight_after_within_item_mean,100,0–100,percentage_points,true,,,,,,,,,,,,,,,,,,,0.5714285714285715,1,1,0,2068,gemini_snapshot,0.5714285714285715,1,1,0,2066,gemini_snapshot,0.888888888888889,1,1,0,2070,gemini_snapshot,,,,0E-16,0.3174603174603175,0.3174603174603175
N4_strategy,gemini-3.8-flash-medium,poolact,restricted_search,task,phantom_seed3:16,f1_mv,fraction,4,cost_tight,item_equal_weight_after_within_item_mean,100,0–100,percentage_points,true,,,,,,,,,,,,,,,,,,,0.0,1,1,0,2074,gemini_snapshot,0.18181818181818182,1,1,0,2072,gemini_snapshot,0.0,1,1,0,2076,gemini_snapshot,,,,0.18181818181818182,0.0,-0.18181818181818182
N4_strategy,gemini-3.8-flash-medium,poolact,restricted_search,task,phantom_seed3:17,f1_mi,fraction,4,cost_moderate,item_equal_weight_after_within_item_mean,100,0–100,percentage_points,true,,,,,,,,,,,,,,,,,,,0.0,1,1,0,2079,gemini_snapshot,0.0,1,1,0,2077,gemini_snapshot,0.0,1,1,0,2081,gemini_snapshot,,,,0.0,0.0,0.0
N4_strategy,gemini-3.8-flash-medium,poolact,restricted_search,task,phantom_seed3:17,f1_mi,fraction,4,cost_tight,item_equal_weight_after_within_item_mean,100,0–100,percentage_points,true,,,,,,,,,,,,,,,,,,,0.0,1,1,0,2085,gemini_snapshot,0.0,1,1,0,2083,gemini_snapshot,0.0,1,1,0,2087,gemini_snapshot,,,,0.0,0.0,0.0
N4_strategy,gemini-3.8-flash-medium,poolact,restricted_search,task,phantom_seed3:17,f1_mv,fraction,4,cost_moderate,item_equal_weight_after_within_item_mean,100,0–100,percentage_points,true,,,,,,,,,,,,,,,,,,,0.0,1,1,0,2080,gemini_snapshot,0.0,1,1,0,2078,gemini_snapshot,0.0,1,1,0,2082,gemini_snapshot,,,,0.0,0.0,0.0
N4_strategy,gemini-3.8-flash-medium,poolact,restricted_search,task,phantom_seed3:17,f1_mv,fraction,4,cost_tight,item_equal_weight_after_within_item_mean,100,0–100,percentage_points,true,,,,,,,,,,,,,,,,,,,0.0,1,1,0,2086,gemini_snapshot,0.0,1,1,0,2084,gemini_snapshot,0.0,1,1,0,2088,gemini_snapshot,,,,0.0,0.0,0.0
N4_strategy,gemini-3.8-flash-medium,poolact,restricted_search,task,phantom_seed3:18,f1_mi,fraction,4,cost_moderate,item_equal_weight_after_within_item_mean,100,0–100,percentage_points,true,,,,,,,,,,,,,,,,,,,0.0,1,1,0,2091,gemini_snapshot,0.0,1,1,0,2089,gemini_snapshot,0.16666666666666666,1,1,0,2093,gemini_snapshot,,,,0.0,0.16666666666666666,0.16666666666666666
N4_strategy,gemini-3.8-flash-medium,poolact,restricted_search,task,phantom_seed3:18,f1_mi,fraction,4,cost_tight,item_equal_weight_after_within_item_mean,100,0–100,percentage_points,true,,,,,,,,,,,,,,,,,,,0.0,1,1,0,2097,gemini_snapshot,0.0,1,1,0,2095,gemini_snapshot,0.0,1,1,0,2099,gemini_snapshot,,,,0.0,0.0,0.0
N4_strategy,gemini-3.8-flash-medium,poolact,restricted_search,task,phantom_seed3:18,f1_mv,fraction,4,cost_moderate,item_equal_weight_after_within_item_mean,100,0–100,percentage_points,true,,,,,,,,,,,,,,,,,,,0.0,1,1,0,2092,gemini_snapshot,0.0,1,1,0,2090,gemini_snapshot,0.0,1,1,0,2094,gemini_snapshot,,,,0.0,0.0,0.0
N4_strategy,gemini-3.8-flash-medium,poolact,restricted_search,task,phantom_seed3:18,f1_mv,fraction,4,cost_tight,item_equal_weight_after_within_item_mean,100,0–100,percentage_points,true,,,,,,,,,,,,,,,,,,,0.0,1,1,0,2098,gemini_snapshot,0.0,1,1,0,2096,gemini_snapshot,0.0,1,1,0,2100,gemini_snapshot,,,,0.0,0.0,0.0
N4_strategy,gemini-3.8-flash-medium,poolact,restricted_search,task,phantom_seed3:2,f1_mi,fraction,4,cost_moderate,item_equal_weight_after_within_item_mean,100,0–100,percentage_points,true,,,,,,,,,,,,,,,,,,,1.0,1,1,0,2103,gemini_snapshot,1.0,1,1,0,2101,gemini_snapshot,1.0,1,1,0,2105,gemini_snapshot,,,,0.0,0.0,0.0
N4_strategy,gemini-3.8-flash-medium,poolact,restricted_search,task,phantom_seed3:2,f1_mi,fraction,4,cost_tight,item_equal_weight_after_within_item_mean,100,0–100,percentage_points,true,,,,,,,,,,,,,,,,,,,0.0,1,1,0,2109,gemini_snapshot,0.0,1,1,0,2107,gemini_snapshot,0.5,1,1,0,2111,gemini_snapshot,,,,0.0,0.5,0.5
N4_strategy,gemini-3.8-flash-medium,poolact,restricted_search,task,phantom_seed3:2,f1_mv,fraction,4,cost_moderate,item_equal_weight_after_within_item_mean,100,0–100,percentage_points,true,,,,,,,,,,,,,,,,,,,1.0,1,1,0,2104,gemini_snapshot,1.0,1,1,0,2102,gemini_snapshot,1.0,1,1,0,2106,gemini_snapshot,,,,0.0,0.0,0.0
N4_strategy,gemini-3.8-flash-medium,poolact,restricted_search,task,phantom_seed3:2,f1_mv,fraction,4,cost_tight,item_equal_weight_after_within_item_mean,100,0–100,percentage_points,true,,,,,,,,,,,,,,,,,,,0.0,1,1,0,2110,gemini_snapshot,0.0,1,1,0,2108,gemini_snapshot,1.0,1,1,0,2112,gemini_snapshot,,,,0.0,1.0,1.0
N4_strategy,gemini-3.8-flash-medium,poolact,restricted_search,task,phantom_seed3:3,f1_mi,fraction,4,cost_moderate,item_equal_weight_after_within_item_mean,100,0–100,percentage_points,true,,,,,,,,,,,,,,,,,,,1.0,1,1,0,2115,gemini_snapshot,1.0,1,1,0,2113,gemini_snapshot,1.0,1,1,0,2117,gemini_snapshot,,,,0.0,0.0,0.0
N4_strategy,gemini-3.8-flash-medium,poolact,restricted_search,task,phantom_seed3:3,f1_mi,fraction,4,cost_tight,item_equal_weight_after_within_item_mean,100,0–100,percentage_points,true,,,,,,,,,,,,,,,,,,,0.5,1,1,0,2121,gemini_snapshot,0.5,1,1,0,2119,gemini_snapshot,0.65,1,1,0,2123,gemini_snapshot,,,,0.0,0.15,0.15
N4_strategy,gemini-3.8-flash-medium,poolact,restricted_search,task,phantom_seed3:3,f1_mv,fraction,4,cost_moderate,item_equal_weight_after_within_item_mean,100,0–100,percentage_points,true,,,,,,,,,,,,,,,,,,,1.0,1,1,0,2116,gemini_snapshot,1.0,1,1,0,2114,gemini_snapshot,1.0,1,1,0,2118,gemini_snapshot,,,,0.0,0.0,0.0
N4_strategy,gemini-3.8-flash-medium,poolact,restricted_search,task,phantom_seed3:3,f1_mv,fraction,4,cost_tight,item_equal_weight_after_within_item_mean,100,0–100,percentage_points,true,,,,,,,,,,,,,,,,,,,0.5,1,1,0,2122,gemini_snapshot,0.5,1,1,0,2120,gemini_snapshot,0.5,1,1,0,2124,gemini_snapshot,,,,0.0,0.0,0.0
N4_strategy,gemini-3.8-flash-medium,poolact,restricted_search,task,phantom_seed3:4,f1_mi,fraction,4,cost_moderate,item_equal_weight_after_within_item_mean,100,0–100,percentage_points,true,,,,,,,,,,,,,,,,,,,1.0,1,1,0,2127,gemini_snapshot,1.0,1,1,0,2125,gemini_snapshot,1.0,1,1,0,2129,gemini_snapshot,,,,0.0,0.0,0.0
N4_strategy,gemini-3.8-flash-medium,poolact,restricted_search,task,phantom_seed3:4,f1_mi,fraction,4,cost_tight,item_equal_weight_after_within_item_mean,100,0–100,percentage_points,true,,,,,,,,,,,,,,,,,,,1.0,1,1,0,2133,gemini_snapshot,1.0,1,1,0,2131,gemini_snapshot,0.25,1,1,0,2135,gemini_snapshot,,,,0.0,-0.75,-0.75
N4_strategy,gemini-3.8-flash-medium,poolact,restricted_search,task,phantom_seed3:4,f1_mv,fraction,4,cost_moderate,item_equal_weight_after_within_item_mean,100,0–100,percentage_points,true,,,,,,,,,,,,,,,,,,,1.0,1,1,0,2128,gemini_snapshot,1.0,1,1,0,2126,gemini_snapshot,1.0,1,1,0,2130,gemini_snapshot,,,,0.0,0.0,0.0
N4_strategy,gemini-3.8-flash-medium,poolact,restricted_search,task,phantom_seed3:4,f1_mv,fraction,4,cost_tight,item_equal_weight_after_within_item_mean,100,0–100,percentage_points,true,,,,,,,,,,,,,,,,,,,1.0,1,1,0,2134,gemini_snapshot,1.0,1,1,0,2132,gemini_snapshot,0.0,1,1,0,2136,gemini_snapshot,,,,0.0,-1.0,-1.0
N4_strategy,gemini-3.8-flash-medium,poolact,restricted_search,task,phantom_seed3:5,f1_mi,fraction,4,cost_moderate,item_equal_weight_after_within_item_mean,100,0–100,percentage_points,true,,,,,,,,,,,,,,,,,,,0.95,1,1,0,2139,gemini_snapshot,1.0,1,1,0,2137,gemini_snapshot,1.0,1,1,0,2141,gemini_snapshot,,,,0.05,0.05,0.0
N4_strategy,gemini-3.8-flash-medium,poolact,restricted_search,task,phantom_seed3:5,f1_mi,fraction,4,cost_tight,item_equal_weight_after_within_item_mean,100,0–100,percentage_points,true,,,,,,,,,,,,,,,,,,,0.0,1,1,0,2145,gemini_snapshot,0.0,1,1,0,2143,gemini_snapshot,0.07142857142857142,1,1,0,2147,gemini_snapshot,,,,0.0,0.07142857142857142,0.07142857142857142
N4_strategy,gemini-3.8-flash-medium,poolact,restricted_search,task,phantom_seed3:5,f1_mv,fraction,4,cost_moderate,item_equal_weight_after_within_item_mean,100,0–100,percentage_points,true,,,,,,,,,,,,,,,,,,,1.0,1,1,0,2140,gemini_snapshot,1.0,1,1,0,2138,gemini_snapshot,1.0,1,1,0,2142,gemini_snapshot,,,,0.0,0.0,0.0
N4_strategy,gemini-3.8-flash-medium,poolact,restricted_search,task,phantom_seed3:5,f1_mv,fraction,4,cost_tight,item_equal_weight_after_within_item_mean,100,0–100,percentage_points,true,,,,,,,,,,,,,,,,,,,0.0,1,1,0,2146,gemini_snapshot,0.0,1,1,0,2144,gemini_snapshot,0.0,1,1,0,2148,gemini_snapshot,,,,0.0,0.0,0.0
N4_strategy,gemini-3.8-flash-medium,poolact,restricted_search,task,phantom_seed3:6,f1_mi,fraction,4,cost_moderate,item_equal_weight_after_within_item_mean,100,0–100,percentage_points,true,,,,,,,,,,,,,,,,,,,0.4,1,1,0,2151,gemini_snapshot,0.5142857142857142,1,1,0,2149,gemini_snapshot,0.8928571428571428,1,1,0,2153,gemini_snapshot,,,,0.1142857142857142,0.4928571428571428,0.3785714285714286
N4_strategy,gemini-3.8-flash-medium,poolact,restricted_search,task,phantom_seed3:6,f1_mi,fraction,4,cost_tight,item_equal_weight_after_within_item_mean,100,0–100,percentage_points,true,,,,,,,,,,,,,,,,,,,0.0,1,1,0,2157,gemini_snapshot,0.0,1,1,0,2155,gemini_snapshot,0.4,1,1,0,2159,gemini_snapshot,,,,0.0,0.4,0.4
N4_strategy,gemini-3.8-flash-medium,poolact,restricted_search,task,phantom_seed3:6,f1_mv,fraction,4,cost_moderate,item_equal_weight_after_within_item_mean,100,0–100,percentage_points,true,,,,,,,,,,,,,,,,,,,0.4,1,1,0,2152,gemini_snapshot,0.4,1,1,0,2150,gemini_snapshot,0.8571428571428571,1,1,0,2154,gemini_snapshot,,,,0.0,0.4571428571428571,0.4571428571428571
N4_strategy,gemini-3.8-flash-medium,poolact,restricted_search,task,phantom_seed3:6,f1_mv,fraction,4,cost_tight,item_equal_weight_after_within_item_mean,100,0–100,percentage_points,true,,,,,,,,,,,,,,,,,,,0.0,1,1,0,2158,gemini_snapshot,0.0,1,1,0,2156,gemini_snapshot,0.4,1,1,0,2160,gemini_snapshot,,,,0.0,0.4,0.4
N4_strategy,gemini-3.8-flash-medium,poolact,restricted_search,task,phantom_seed3:7,f1_mi,fraction,4,cost_moderate,item_equal_weight_after_within_item_mean,100,0–100,percentage_points,true,,,,,,,,,,,,,,,,,,,1.0,1,1,0,2163,gemini_snapshot,1.0,1,1,0,2161,gemini_snapshot,1.0,1,1,0,2165,gemini_snapshot,,,,0.0,0.0,0.0
N4_strategy,gemini-3.8-flash-medium,poolact,restricted_search,task,phantom_seed3:7,f1_mi,fraction,4,cost_tight,item_equal_weight_after_within_item_mean,100,0–100,percentage_points,true,,,,,,,,,,,,,,,,,,,0.0,1,1,0,2169,gemini_snapshot,0.0,1,1,0,2167,gemini_snapshot,0.7678571428571428,1,1,0,2171,gemini_snapshot,,,,0.0,0.7678571428571428,0.7678571428571428
N4_strategy,gemini-3.8-flash-medium,poolact,restricted_search,task,phantom_seed3:7,f1_mv,fraction,4,cost_moderate,item_equal_weight_after_within_item_mean,100,0–100,percentage_points,true,,,,,,,,,,,,,,,,,,,1.0,1,1,0,2164,gemini_snapshot,1.0,1,1,0,2162,gemini_snapshot,1.0,1,1,0,2166,gemini_snapshot,,,,0.0,0.0,0.0
N4_strategy,gemini-3.8-flash-medium,poolact,restricted_search,task,phantom_seed3:7,f1_mv,fraction,4,cost_tight,item_equal_weight_after_within_item_mean,100,0–100,percentage_points,true,,,,,,,,,,,,,,,,,,,0.0,1,1,0,2170,gemini_snapshot,0.0,1,1,0,2168,gemini_snapshot,0.8571428571428571,1,1,0,2172,gemini_snapshot,,,,0.0,0.8571428571428571,0.8571428571428571
N4_strategy,gemini-3.8-flash-medium,poolact,restricted_search,task,phantom_seed3:8,f1_mi,fraction,4,cost_moderate,item_equal_weight_after_within_item_mean,100,0–100,percentage_points,true,,,,,,,,,,,,,,,,,,,0.0,1,1,0,2175,gemini_snapshot,0.0,1,1,0,2173,gemini_snapshot,0.0,1,1,0,2177,gemini_snapshot,,,,0.0,0.0,0.0
N4_strategy,gemini-3.8-flash-medium,poolact,restricted_search,task,phantom_seed3:8,f1_mi,fraction,4,cost_tight,item_equal_weight_after_within_item_mean,100,0–100,percentage_points,true,,,,,,,,,,,,,,,,,,,0.16666666666666669,1,1,0,2181,gemini_snapshot,0.25,1,1,0,2179,gemini_snapshot,0.16666666666666669,1,1,0,2183,gemini_snapshot,,,,0.08333333333333331,0E-17,-0.08333333333333331
N4_strategy,gemini-3.8-flash-medium,poolact,restricted_search,task,phantom_seed3:8,f1_mv,fraction,4,cost_moderate,item_equal_weight_after_within_item_mean,100,0–100,percentage_points,true,,,,,,,,,,,,,,,,,,,0.0,1,1,0,2176,gemini_snapshot,0.0,1,1,0,2174,gemini_snapshot,0.0,1,1,0,2178,gemini_snapshot,,,,0.0,0.0,0.0
N4_strategy,gemini-3.8-flash-medium,poolact,restricted_search,task,phantom_seed3:8,f1_mv,fraction,4,cost_tight,item_equal_weight_after_within_item_mean,100,0–100,percentage_points,true,,,,,,,,,,,,,,,,,,,0.33333333333333337,1,1,0,2182,gemini_snapshot,0.33333333333333337,1,1,0,2180,gemini_snapshot,0.33333333333333337,1,1,0,2184,gemini_snapshot,,,,0E-17,0E-17,0E-17
N4_strategy,gemini-3.8-flash-medium,poolact,restricted_search,task,phantom_seed3:9,f1_mi,fraction,4,cost_moderate,item_equal_weight_after_within_item_mean,100,0–100,percentage_points,true,,,,,,,,,,,,,,,,,,,0.7,1,1,0,2187,gemini_snapshot,0.75,1,1,0,2185,gemini_snapshot,1.0,1,1,0,2189,gemini_snapshot,,,,0.05,0.3,0.25
N4_strategy,gemini-3.8-flash-medium,poolact,restricted_search,task,phantom_seed3:9,f1_mi,fraction,4,cost_tight,item_equal_weight_after_within_item_mean,100,0–100,percentage_points,true,,,,,,,,,,,,,,,,,,,0.0,1,1,0,2193,gemini_snapshot,0.0,1,1,0,2191,gemini_snapshot,0.0,1,1,0,2195,gemini_snapshot,,,,0.0,0.0,0.0
N4_strategy,gemini-3.8-flash-medium,poolact,restricted_search,task,phantom_seed3:9,f1_mv,fraction,4,cost_moderate,item_equal_weight_after_within_item_mean,100,0–100,percentage_points,true,,,,,,,,,,,,,,,,,,,1.0,1,1,0,2188,gemini_snapshot,1.0,1,1,0,2186,gemini_snapshot,1.0,1,1,0,2190,gemini_snapshot,,,,0.0,0.0,0.0
N4_strategy,gemini-3.8-flash-medium,poolact,restricted_search,task,phantom_seed3:9,f1_mv,fraction,4,cost_tight,item_equal_weight_after_within_item_mean,100,0–100,percentage_points,true,,,,,,,,,,,,,,,,,,,0.0,1,1,0,2194,gemini_snapshot,0.0,1,1,0,2192,gemini_snapshot,0.0,1,1,0,2196,gemini_snapshot,,,,0.0,0.0,0.0
N4_strategy,gemini-3.8-flash-medium,poolact,tuning,all,all,gap0_bon,Gap points,4,cost_moderate,item_equal_weight_after_within_item_mean,1,Gap points,Gap points,true,,,,,,,,,,,,,,,,,,,99.5014720470375,9,9,0,2203,gemini_openrouter_missing_main_20260917+gemini_snapshot,99.37882333796871,9,9,0,2197,gemini_openrouter_missing_main_20260917+gemini_snapshot,99.20040052995564,9,9,0,2209,gemini_openrouter_missing_main_20260917+gemini_snapshot,,,,-0.12264870906879,-0.30107151708186,-0.17842280801307
N4_strategy,gemini-3.8-flash-medium,poolact,tuning,all,all,gap0_bon,Gap points,4,cost_tight,item_equal_weight_after_within_item_mean,1,Gap points,Gap points,true,,,,,,,,,,,,,,,,,,,98.8830661457191,9,9,0,2221,gemini_snapshot,98.22301579466067,9,9,0,2215,gemini_openrouter_missing_main_20260917+gemini_snapshot,98.56271170382271,9,9,0,2227,gemini_openrouter_missing_main_20260917+gemini_snapshot,,,,-0.66005035105843,-0.32035444189639,0.33969590916204
N4_strategy,gemini-3.8-flash-medium,poolact,tuning,all,all,gap0_mi,Gap points,4,cost_moderate,item_equal_weight_after_within_item_mean,1,Gap points,Gap points,true,,,,,,,,,,,,,,,,,,,98.82487901510568,9,9,0,2204,gemini_openrouter_missing_main_20260917+gemini_snapshot,98.82435831031965,9,9,0,2198,gemini_openrouter_missing_main_20260917+gemini_snapshot,98.84083475590657,9,9,0,2210,gemini_openrouter_missing_main_20260917+gemini_snapshot,,,,-0.00052070478603,0.01595574080089,0.01647644558692
N4_strategy,gemini-3.8-flash-medium,poolact,tuning,all,all,gap0_mi,Gap points,4,cost_tight,item_equal_weight_after_within_item_mean,1,Gap points,Gap points,true,,,,,,,,,,,,,,,,,,,95.93106912372679,9,9,0,2222,gemini_snapshot,96.04525993998818,9,9,0,2216,gemini_openrouter_missing_main_20260917+gemini_snapshot,97.57123446933822,9,9,0,2228,gemini_openrouter_missing_main_20260917+gemini_snapshot,,,,0.11419081626139,1.64016534561143,1.52597452935004
N4_strategy,gemini-3.8-flash-medium,poolact,tuning,all,all,gap_bon,Gap points,4,cost_moderate,independent_single_or_N4_pool; item_equal_weighted,1,Gap points,Gap points,true,,,,,,,,,,,,,,,,,,,99.5014720470375,9,9,0,2205,gemini_openrouter_missing_main_20260917+gemini_snapshot,99.37882333796871,9,9,0,2199,gemini_openrouter_missing_main_20260917+gemini_snapshot,99.20040052995564,9,9,0,2211,gemini_openrouter_missing_main_20260917+gemini_snapshot,,,,-0.12264870906879,-0.30107151708186,-0.17842280801307
N4_strategy,gemini-3.8-flash-medium,poolact,tuning,all,all,gap_bon,Gap points,4,cost_tight,independent_single_or_N4_pool; item_equal_weighted,1,Gap points,Gap points,true,,,,,,,,,,,,,,,,,,,98.88306614571911,9,9,0,2223,gemini_snapshot,98.22301579466067,9,9,0,2217,gemini_openrouter_missing_main_20260917+gemini_snapshot,98.56271170382271,9,9,0,2229,gemini_openrouter_missing_main_20260917+gemini_snapshot,,,,-0.66005035105844,-0.32035444189640,0.33969590916204
N4_strategy,gemini-3.8-flash-medium,poolact,tuning,all,all,gap_mi,Gap points,4,cost_moderate,independent_single_or_N4_pool; item_equal_weighted,1,Gap points,Gap points,true,,,,,,,,,,,,,,,,,,,98.82487901510568,9,9,0,2206,gemini_openrouter_missing_main_20260917+gemini_snapshot,98.82435831031965,9,9,0,2200,gemini_openrouter_missing_main_20260917+gemini_snapshot,98.84083475590657,9,9,0,2212,gemini_openrouter_missing_main_20260917+gemini_snapshot,,,,-0.00052070478603,0.01595574080089,0.01647644558692
N4_strategy,gemini-3.8-flash-medium,poolact,tuning,all,all,gap_mi,Gap points,4,cost_tight,independent_single_or_N4_pool; item_equal_weighted,1,Gap points,Gap points,true,,,,,,,,,,,,,,,,,,,95.93106912372677,9,9,0,2224,gemini_snapshot,96.04525993998818,9,9,0,2218,gemini_openrouter_missing_main_20260917+gemini_snapshot,97.57123446933822,9,9,0,2230,gemini_openrouter_missing_main_20260917+gemini_snapshot,,,,0.11419081626141,1.64016534561145,1.52597452935004
N4_strategy,gemini-3.8-flash-medium,poolact,tuning,all,all,raw_perf_bon,fraction,4,cost_moderate,independent_single_or_N4_pool; item_equal_weighted,100,0–100,percentage_points,true,,,,,,,,,,,,,,,,,,,0.9452753950048376,9,9,0,2207,gemini_openrouter_missing_main_20260917+gemini_snapshot,0.9446447646176374,9,9,0,2201,gemini_openrouter_missing_main_20260917+gemini_snapshot,0.9441625078519185,9,9,0,2213,gemini_openrouter_missing_main_20260917+gemini_snapshot,,,,-0.0006306303872002,-0.0011128871529191,-0.0004822567657189
N4_strategy,gemini-3.8-flash-medium,poolact,tuning,all,all,raw_perf_bon,fraction,4,cost_tight,independent_single_or_N4_pool; item_equal_weighted,100,0–100,percentage_points,true,,,,,,,,,,,,,,,,,,,0.9422854317559137,9,9,0,2225,gemini_snapshot,0.9389022412123503,9,9,0,2219,gemini_openrouter_missing_main_20260917+gemini_snapshot,0.9413617341606705,9,9,0,2231,gemini_openrouter_missing_main_20260917+gemini_snapshot,,,,-0.0033831905435634,-0.0009236975952432,0.0024594929483202
N4_strategy,gemini-3.8-flash-medium,poolact,tuning,all,all,raw_perf_mi,fraction,4,cost_moderate,independent_single_or_N4_pool; item_equal_weighted,100,0–100,percentage_points,true,,,,,,,,,,,,,,,,,,,0.9425052282986818,9,9,0,2208,gemini_openrouter_missing_main_20260917+gemini_snapshot,0.9422854345153879,9,9,0,2202,gemini_openrouter_missing_main_20260917+gemini_snapshot,0.9426879292285001,9,9,0,2214,gemini_openrouter_missing_main_20260917+gemini_snapshot,,,,-0.0002197937832939,0.0001827009298183,0.0004024947131122
N4_strategy,gemini-3.8-flash-medium,poolact,tuning,all,all,raw_perf_mi,fraction,4,cost_tight,independent_single_or_N4_pool; item_equal_weighted,100,0–100,percentage_points,true,,,,,,,,,,,,,,,,,,,0.9237390900099719,9,9,0,2226,gemini_snapshot,0.9262486630015903,9,9,0,2220,gemini_openrouter_missing_main_20260917+gemini_snapshot,0.9369008916395681,9,9,0,2232,gemini_openrouter_missing_main_20260917+gemini_snapshot,,,,0.0025095729916184,0.0131618016295962,0.0106522286379778
N4_strategy,gemini-3.8-flash-medium,poolact,tuning,family,nasbench101,gap0_bon,Gap points,4,cost_moderate,item_equal_weight_after_within_item_mean,1,Gap points,Gap points,true,,,,,,,,,,,,,,,,,,,99.5014720470375,9,9,0,2239,gemini_openrouter_missing_main_20260917+gemini_snapshot,99.37882333796871,9,9,0,2233,gemini_openrouter_missing_main_20260917+gemini_snapshot,99.20040052995564,9,9,0,2245,gemini_openrouter_missing_main_20260917+gemini_snapshot,,,,-0.12264870906879,-0.30107151708186,-0.17842280801307
N4_strategy,gemini-3.8-flash-medium,poolact,tuning,family,nasbench101,gap0_bon,Gap points,4,cost_tight,item_equal_weight_after_within_item_mean,1,Gap points,Gap points,true,,,,,,,,,,,,,,,,,,,98.8830661457191,9,9,0,2257,gemini_snapshot,98.22301579466067,9,9,0,2251,gemini_openrouter_missing_main_20260917+gemini_snapshot,98.56271170382271,9,9,0,2263,gemini_openrouter_missing_main_20260917+gemini_snapshot,,,,-0.66005035105843,-0.32035444189639,0.33969590916204
N4_strategy,gemini-3.8-flash-medium,poolact,tuning,family,nasbench101,gap0_mi,Gap points,4,cost_moderate,item_equal_weight_after_within_item_mean,1,Gap points,Gap points,true,,,,,,,,,,,,,,,,,,,98.82487901510568,9,9,0,2240,gemini_openrouter_missing_main_20260917+gemini_snapshot,98.82435831031965,9,9,0,2234,gemini_openrouter_missing_main_20260917+gemini_snapshot,98.84083475590657,9,9,0,2246,gemini_openrouter_missing_main_20260917+gemini_snapshot,,,,-0.00052070478603,0.01595574080089,0.01647644558692
N4_strategy,gemini-3.8-flash-medium,poolact,tuning,family,nasbench101,gap0_mi,Gap points,4,cost_tight,item_equal_weight_after_within_item_mean,1,Gap points,Gap points,true,,,,,,,,,,,,,,,,,,,95.93106912372679,9,9,0,2258,gemini_snapshot,96.04525993998818,9,9,0,2252,gemini_openrouter_missing_main_20260917+gemini_snapshot,97.57123446933822,9,9,0,2264,gemini_openrouter_missing_main_20260917+gemini_snapshot,,,,0.11419081626139,1.64016534561143,1.52597452935004
N4_strategy,gemini-3.8-flash-medium,poolact,tuning,family,nasbench101,gap_bon,Gap points,4,cost_moderate,independent_single_or_N4_pool; item_equal_weighted,1,Gap points,Gap points,true,,,,,,,,,,,,,,,,,,,99.5014720470375,9,9,0,2241,gemini_openrouter_missing_main_20260917+gemini_snapshot,99.37882333796871,9,9,0,2235,gemini_openrouter_missing_main_20260917+gemini_snapshot,99.20040052995564,9,9,0,2247,gemini_openrouter_missing_main_20260917+gemini_snapshot,,,,-0.12264870906879,-0.30107151708186,-0.17842280801307
N4_strategy,gemini-3.8-flash-medium,poolact,tuning,family,nasbench101,gap_bon,Gap points,4,cost_tight,independent_single_or_N4_pool; item_equal_weighted,1,Gap points,Gap points,true,,,,,,,,,,,,,,,,,,,98.88306614571911,9,9,0,2259,gemini_snapshot,98.22301579466067,9,9,0,2253,gemini_openrouter_missing_main_20260917+gemini_snapshot,98.56271170382271,9,9,0,2265,gemini_openrouter_missing_main_20260917+gemini_snapshot,,,,-0.66005035105844,-0.32035444189640,0.33969590916204
N4_strategy,gemini-3.8-flash-medium,poolact,tuning,family,nasbench101,gap_mi,Gap points,4,cost_moderate,independent_single_or_N4_pool; item_equal_weighted,1,Gap points,Gap points,true,,,,,,,,,,,,,,,,,,,98.82487901510568,9,9,0,2242,gemini_openrouter_missing_main_20260917+gemini_snapshot,98.82435831031965,9,9,0,2236,gemini_openrouter_missing_main_20260917+gemini_snapshot,98.84083475590657,9,9,0,2248,gemini_openrouter_missing_main_20260917+gemini_snapshot,,,,-0.00052070478603,0.01595574080089,0.01647644558692
N4_strategy,gemini-3.8-flash-medium,poolact,tuning,family,nasbench101,gap_mi,Gap points,4,cost_tight,independent_single_or_N4_pool; item_equal_weighted,1,Gap points,Gap points,true,,,,,,,,,,,,,,,,,,,95.93106912372677,9,9,0,2260,gemini_snapshot,96.04525993998818,9,9,0,2254,gemini_openrouter_missing_main_20260917+gemini_snapshot,97.57123446933822,9,9,0,2266,gemini_openrouter_missing_main_20260917+gemini_snapshot,,,,0.11419081626141,1.64016534561145,1.52597452935004
N4_strategy,gemini-3.8-flash-medium,poolact,tuning,family,nasbench101,raw_perf_bon,fraction,4,cost_moderate,independent_single_or_N4_pool; item_equal_weighted,100,0–100,percentage_points,true,,,,,,,,,,,,,,,,,,,0.9452753950048376,9,9,0,2243,gemini_openrouter_missing_main_20260917+gemini_snapshot,0.9446447646176374,9,9,0,2237,gemini_openrouter_missing_main_20260917+gemini_snapshot,0.9441625078519185,9,9,0,2249,gemini_openrouter_missing_main_20260917+gemini_snapshot,,,,-0.0006306303872002,-0.0011128871529191,-0.0004822567657189
N4_strategy,gemini-3.8-flash-medium,poolact,tuning,family,nasbench101,raw_perf_bon,fraction,4,cost_tight,independent_single_or_N4_pool; item_equal_weighted,100,0–100,percentage_points,true,,,,,,,,,,,,,,,,,,,0.9422854317559137,9,9,0,2261,gemini_snapshot,0.9389022412123503,9,9,0,2255,gemini_openrouter_missing_main_20260917+gemini_snapshot,0.9413617341606705,9,9,0,2267,gemini_openrouter_missing_main_20260917+gemini_snapshot,,,,-0.0033831905435634,-0.0009236975952432,0.0024594929483202
N4_strategy,gemini-3.8-flash-medium,poolact,tuning,family,nasbench101,raw_perf_mi,fraction,4,cost_moderate,independent_single_or_N4_pool; item_equal_weighted,100,0–100,percentage_points,true,,,,,,,,,,,,,,,,,,,0.9425052282986818,9,9,0,2244,gemini_openrouter_missing_main_20260917+gemini_snapshot,0.9422854345153879,9,9,0,2238,gemini_openrouter_missing_main_20260917+gemini_snapshot,0.9426879292285001,9,9,0,2250,gemini_openrouter_missing_main_20260917+gemini_snapshot,,,,-0.0002197937832939,0.0001827009298183,0.0004024947131122
N4_strategy,gemini-3.8-flash-medium,poolact,tuning,family,nasbench101,raw_perf_mi,fraction,4,cost_tight,independent_single_or_N4_pool; item_equal_weighted,100,0–100,percentage_points,true,,,,,,,,,,,,,,,,,,,0.9237390900099719,9,9,0,2262,gemini_snapshot,0.9262486630015903,9,9,0,2256,gemini_openrouter_missing_main_20260917+gemini_snapshot,0.9369008916395681,9,9,0,2268,gemini_openrouter_missing_main_20260917+gemini_snapshot,,,,0.0025095729916184,0.0131618016295962,0.0106522286379778
N4_strategy,gemini-3.8-flash-medium,poolact,tuning,task,hpobench:nasbench101:A,gap0_bon,Gap points,4,cost_moderate,item_equal_weight_after_within_item_mean,1,Gap points,Gap points,true,,,,,,,,,,,,,,,,,,,99.77060071879488,3,3,0,2275,gemini_snapshot,99.41621851728499,3,3,0,2269,gemini_snapshot,99.7247206742585,3,3,0,2281,gemini_openrouter_missing_main_20260917+gemini_snapshot,,,,-0.35438220150989,-0.04588004453638,0.30850215697351
N4_strategy,gemini-3.8-flash-medium,poolact,tuning,task,hpobench:nasbench101:A,gap0_bon,Gap points,4,cost_tight,item_equal_weight_after_within_item_mean,1,Gap points,Gap points,true,,,,,,,,,,,,,,,,,,,99.07290996520126,3,3,0,2293,gemini_snapshot,98.25814469592622,3,3,0,2287,gemini_openrouter_missing_main_20260917+gemini_snapshot,99.07607332705061,3,3,0,2299,gemini_openrouter_missing_main_20260917+gemini_snapshot,,,,-0.81476526927504,0.00316336184935,0.81792863112439
N4_strategy,gemini-3.8-flash-medium,poolact,tuning,task,hpobench:nasbench101:A,gap0_mi,Gap points,4,cost_moderate,item_equal_weight_after_within_item_mean,1,Gap points,Gap points,true,,,,,,,,,,,,,,,,,,,99.30033190988135,3,3,0,2276,gemini_snapshot,99.15082705101453,3,3,0,2270,gemini_snapshot,99.50600056372514,3,3,0,2282,gemini_openrouter_missing_main_20260917+gemini_snapshot,,,,-0.14950485886682,0.20566865384379,0.35517351271061
N4_strategy,gemini-3.8-flash-medium,poolact,tuning,task,hpobench:nasbench101:A,gap0_mi,Gap points,4,cost_tight,item_equal_weight_after_within_item_mean,1,Gap points,Gap points,true,,,,,,,,,,,,,,,,,,,92.1921034322208,3,3,0,2294,gemini_snapshot,93.65907530152262,3,3,0,2288,gemini_openrouter_missing_main_20260917+gemini_snapshot,98.09558743889308,3,3,0,2300,gemini_openrouter_missing_main_20260917+gemini_snapshot,,,,1.46697186930182,5.90348400667228,4.43651213737046
N4_strategy,gemini-3.8-flash-medium,poolact,tuning,task,hpobench:nasbench101:A,gap_bon,Gap points,4,cost_moderate,item_equal_weight_after_within_item_mean,1,Gap points,Gap points,true,,,,,,,,,,,,,,,,,,,99.77060071879488,3,3,0,2277,gemini_snapshot,99.41621851728499,3,3,0,2271,gemini_snapshot,99.7247206742585,3,3,0,2283,gemini_openrouter_missing_main_20260917+gemini_snapshot,,,,-0.35438220150989,-0.04588004453638,0.30850215697351
N4_strategy,gemini-3.8-flash-medium,poolact,tuning,task,hpobench:nasbench101:A,gap_bon,Gap points,4,cost_tight,item_equal_weight_after_within_item_mean,1,Gap points,Gap points,true,,,,,,,,,,,,,,,,,,,99.07290996520126,3,3,0,2295,gemini_snapshot,98.25814469592622,3,3,0,2289,gemini_openrouter_missing_main_20260917+gemini_snapshot,99.07607332705061,3,3,0,2301,gemini_openrouter_missing_main_20260917+gemini_snapshot,,,,-0.81476526927504,0.00316336184935,0.81792863112439
N4_strategy,gemini-3.8-flash-medium,poolact,tuning,task,hpobench:nasbench101:A,gap_mi,Gap points,4,cost_moderate,item_equal_weight_after_within_item_mean,1,Gap points,Gap points,true,,,,,,,,,,,,,,,,,,,99.30033190988135,3,3,0,2278,gemini_snapshot,99.15082705101453,3,3,0,2272,gemini_snapshot,99.50600056372514,3,3,0,2284,gemini_openrouter_missing_main_20260917+gemini_snapshot,,,,-0.14950485886682,0.20566865384379,0.35517351271061
N4_strategy,gemini-3.8-flash-medium,poolact,tuning,task,hpobench:nasbench101:A,gap_mi,Gap points,4,cost_tight,item_equal_weight_after_within_item_mean,1,Gap points,Gap points,true,,,,,,,,,,,,,,,,,,,92.1921034322208,3,3,0,2296,gemini_snapshot,93.65907530152262,3,3,0,2290,gemini_openrouter_missing_main_20260917+gemini_snapshot,98.09558743889308,3,3,0,2302,gemini_openrouter_missing_main_20260917+gemini_snapshot,,,,1.46697186930182,5.90348400667228,4.43651213737046
N4_strategy,gemini-3.8-flash-medium,poolact,tuning,task,hpobench:nasbench101:A,raw_perf_bon,fraction,4,cost_moderate,item_equal_weight_after_within_item_mean,100,0–100,percentage_points,true,,,,,,,,,,,,,,,,,,,0.9444666968451606,3,3,0,2279,gemini_snapshot,0.9419738252957662,3,3,0,2273,gemini_snapshot,0.9441439575619167,3,3,0,2285,gemini_openrouter_missing_main_20260917+gemini_snapshot,,,,-0.0024928715493944,-0.0003227392832439,0.0021701322661505
N4_strategy,gemini-3.8-flash-medium,poolact,tuning,task,hpobench:nasbench101:A,raw_perf_bon,fraction,4,cost_tight,item_equal_weight_after_within_item_mean,100,0–100,percentage_points,true,,,,,,,,,,,,,,,,,,,0.9395588503943549,3,3,0,2297,gemini_snapshot,0.933827453189426,3,3,0,2291,gemini_openrouter_missing_main_20260917+gemini_snapshot,0.9395811027950711,3,3,0,2303,gemini_openrouter_missing_main_20260917+gemini_snapshot,,,,-0.0057313972049289,0.0000222524007162,0.0057536496056451
N4_strategy,gemini-3.8-flash-medium,poolact,tuning,task,hpobench:nasbench101:A,raw_perf_mi,fraction,4,cost_moderate,item_equal_weight_after_within_item_mean,100,0–100,percentage_points,true,,,,,,,,,,,,,,,,,,,0.9411586307817036,3,3,0,2280,gemini_snapshot,0.9401069515281253,3,3,0,2274,gemini_snapshot,0.9426053894890679,3,3,0,2286,gemini_openrouter_missing_main_20260917+gemini_snapshot,,,,-0.0010516792535783,0.0014467587073643,0.0024984379609426
N4_strategy,gemini-3.8-flash-medium,poolact,tuning,task,hpobench:nasbench101:A,raw_perf_mi,fraction,4,cost_tight,item_equal_weight_after_within_item_mean,100,0–100,percentage_points,true,,,,,,,,,,,,,,,,,,,0.8911564002434412,3,3,0,2298,gemini_snapshot,0.9014756894773907,3,3,0,2292,gemini_openrouter_missing_main_20260917+gemini_snapshot,0.932683957947625,3,3,0,2304,gemini_openrouter_missing_main_20260917+gemini_snapshot,,,,0.0103192892339495,0.0415275577041838,0.0312082684702343
N4_strategy,gemini-3.8-flash-medium,poolact,tuning,task,hpobench:nasbench101:B,gap0_bon,Gap points,4,cost_moderate,item_equal_weight_after_within_item_mean,1,Gap points,Gap points,true,,,,,,,,,,,,,,,,,,,98.71609469739805,3,3,0,2311,gemini_snapshot,98.49774584208663,3,3,0,2305,gemini_openrouter_missing_main_20260917+gemini_snapshot,98.12655018928486,3,3,0,2317,gemini_openrouter_missing_main_20260917+gemini_snapshot,,,,-0.21834885531142,-0.58954450811319,-0.37119565280177
N4_strategy,gemini-3.8-flash-medium,poolact,tuning,task,hpobench:nasbench101:B,gap0_bon,Gap points,4,cost_tight,item_equal_weight_after_within_item_mean,1,Gap points,Gap points,true,,,,,,,,,,,,,,,,,,,97.91693580794036,3,3,0,2329,gemini_snapshot,97.21821687217145,3,3,0,2323,gemini_openrouter_missing_main_20260917+gemini_snapshot,97.0610067358562,3,3,0,2335,gemini_snapshot,,,,-0.69871893576891,-0.85592907208416,-0.15721013631525
N4_strategy,gemini-3.8-flash-medium,poolact,tuning,task,hpobench:nasbench101:B,gap0_mi,Gap points,4,cost_moderate,item_equal_weight_after_within_item_mean,1,Gap points,Gap points,true,,,,,,,,,,,,,,,,,,,97.48787718872659,3,3,0,2312,gemini_snapshot,97.6308967284645,3,3,0,2306,gemini_openrouter_missing_main_20260917+gemini_snapshot,97.4900614569114,3,3,0,2318,gemini_openrouter_missing_main_20260917+gemini_snapshot,,,,0.14301953973791,0.00218426818481,-0.1408352715531
N4_strategy,gemini-3.8-flash-medium,poolact,tuning,task,hpobench:nasbench101:B,gap0_mi,Gap points,4,cost_tight,item_equal_weight_after_within_item_mean,1,Gap points,Gap points,true,,,,,,,,,,,,,,,,,,,96.65159678490944,3,3,0,2330,gemini_snapshot,95.50307582879493,3,3,0,2324,gemini_openrouter_missing_main_20260917+gemini_snapshot,95.51945264263638,3,3,0,2336,gemini_snapshot,,,,-1.14852095611451,-1.13214414227306,0.01637681384145
N4_strategy,gemini-3.8-flash-medium,poolact,tuning,task,hpobench:nasbench101:B,gap_bon,Gap points,4,cost_moderate,item_equal_weight_after_within_item_mean,1,Gap points,Gap points,true,,,,,,,,,,,,,,,,,,,98.71609469739805,3,3,0,2313,gemini_snapshot,98.49774584208663,3,3,0,2307,gemini_openrouter_missing_main_20260917+gemini_snapshot,98.12655018928486,3,3,0,2319,gemini_openrouter_missing_main_20260917+gemini_snapshot,,,,-0.21834885531142,-0.58954450811319,-0.37119565280177
N4_strategy,gemini-3.8-flash-medium,poolact,tuning,task,hpobench:nasbench101:B,gap_bon,Gap points,4,cost_tight,item_equal_weight_after_within_item_mean,1,Gap points,Gap points,true,,,,,,,,,,,,,,,,,,,97.91693580794036,3,3,0,2331,gemini_snapshot,97.21821687217145,3,3,0,2325,gemini_openrouter_missing_main_20260917+gemini_snapshot,97.0610067358562,3,3,0,2337,gemini_snapshot,,,,-0.69871893576891,-0.85592907208416,-0.15721013631525
N4_strategy,gemini-3.8-flash-medium,poolact,tuning,task,hpobench:nasbench101:B,gap_mi,Gap points,4,cost_moderate,item_equal_weight_after_within_item_mean,1,Gap points,Gap points,true,,,,,,,,,,,,,,,,,,,97.48787718872659,3,3,0,2314,gemini_snapshot,97.6308967284645,3,3,0,2308,gemini_openrouter_missing_main_20260917+gemini_snapshot,97.4900614569114,3,3,0,2320,gemini_openrouter_missing_main_20260917+gemini_snapshot,,,,0.14301953973791,0.00218426818481,-0.1408352715531
N4_strategy,gemini-3.8-flash-medium,poolact,tuning,task,hpobench:nasbench101:B,gap_mi,Gap points,4,cost_tight,item_equal_weight_after_within_item_mean,1,Gap points,Gap points,true,,,,,,,,,,,,,,,,,,,96.65159678490944,3,3,0,2332,gemini_snapshot,95.50307582879493,3,3,0,2326,gemini_openrouter_missing_main_20260917+gemini_snapshot,95.51945264263638,3,3,0,2338,gemini_snapshot,,,,-1.14852095611451,-1.13214414227306,0.01637681384145
N4_strategy,gemini-3.8-flash-medium,poolact,tuning,task,hpobench:nasbench101:B,raw_perf_bon,fraction,4,cost_moderate,item_equal_weight_after_within_item_mean,100,0–100,percentage_points,true,,,,,,,,,,,,,,,,,,,0.9456797440846761,3,3,0,2315,gemini_snapshot,0.9451233016120063,3,3,0,2309,gemini_openrouter_missing_main_20260917+gemini_snapshot,0.9441773427857293,3,3,0,2321,gemini_openrouter_missing_main_20260917+gemini_snapshot,,,,-0.0005564424726698,-0.0015024012989468,-0.0009459588262770
N4_strategy,gemini-3.8-flash-medium,poolact,tuning,task,hpobench:nasbench101:B,raw_perf_bon,fraction,4,cost_tight,item_equal_weight_after_within_item_mean,100,0–100,percentage_points,true,,,,,,,,,,,,,,,,,,,0.943643159336514,3,3,0,2333,gemini_snapshot,0.9418625368012322,3,3,0,2327,gemini_openrouter_missing_main_20260917+gemini_snapshot,0.9414619008700053,3,3,0,2339,gemini_snapshot,,,,-0.0017806225352818,-0.0021812584665087,-0.0004006359312269
N4_strategy,gemini-3.8-flash-medium,poolact,tuning,task,hpobench:nasbench101:B,raw_perf_mi,fraction,4,cost_moderate,item_equal_weight_after_within_item_mean,100,0–100,percentage_points,true,,,,,,,,,,,,,,,,,,,0.9425497419304318,3,3,0,2316,gemini_snapshot,0.9429142143991258,3,3,0,2310,gemini_openrouter_missing_main_20260917+gemini_snapshot,0.94255530834198,3,3,0,2322,gemini_openrouter_missing_main_20260917+gemini_snapshot,,,,0.0003644724686940,0.0000055664115482,-0.0003589060571458
N4_strategy,gemini-3.8-flash-medium,poolact,tuning,task,hpobench:nasbench101:B,raw_perf_mi,fraction,4,cost_tight,item_equal_weight_after_within_item_mean,100,0–100,percentage_points,true,,,,,,,,,,,,,,,,,,,0.9404185563325882,3,3,0,2334,gemini_snapshot,0.9374916536940469,3,3,0,2328,gemini_openrouter_missing_main_20260917+gemini_snapshot,0.9375333885351816,3,3,0,2340,gemini_snapshot,,,,-0.0029269026385413,-0.0028851677974066,0.0000417348411347
N4_strategy,gemini-3.8-flash-medium,poolact,tuning,task,hpobench:nasbench101:C,gap0_bon,Gap points,4,cost_moderate,item_equal_weight_after_within_item_mean,1,Gap points,Gap points,true,,,,,,,,,,,,,,,,,,,100.01772072491956,3,3,0,2347,gemini_openrouter_missing_main_20260917+gemini_snapshot,100.22250565453453,3,3,0,2341,gemini_openrouter_missing_main_20260917+gemini_snapshot,99.74993072632356,3,3,0,2353,gemini_openrouter_missing_main_20260917+gemini_snapshot,,,,0.20478492961497,-0.26778999859600,-0.47257492821097
N4_strategy,gemini-3.8-flash-medium,poolact,tuning,task,hpobench:nasbench101:C,gap0_bon,Gap points,4,cost_tight,item_equal_weight_after_within_item_mean,1,Gap points,Gap points,true,,,,,,,,,,,,,,,,,,,99.65935266401567,3,3,0,2365,gemini_snapshot,99.19268581588435,3,3,0,2359,gemini_snapshot,99.55105504856134,3,3,0,2371,gemini_snapshot,,,,-0.46666684813132,-0.10829761545433,0.35836923267699
N4_strategy,gemini-3.8-flash-medium,poolact,tuning,task,hpobench:nasbench101:C,gap0_mi,Gap points,4,cost_moderate,item_equal_weight_after_within_item_mean,1,Gap points,Gap points,true,,,,,,,,,,,,,,,,,,,99.6864279467091,3,3,0,2348,gemini_openrouter_missing_main_20260917+gemini_snapshot,99.69135115147994,3,3,0,2342,gemini_openrouter_missing_main_20260917+gemini_snapshot,99.52644224708318,3,3,0,2354,gemini_openrouter_missing_main_20260917+gemini_snapshot,,,,0.00492320477084,-0.15998569962592,-0.16490890439676
N4_strategy,gemini-3.8-flash-medium,poolact,tuning,task,hpobench:nasbench101:C,gap0_mi,Gap points,4,cost_tight,item_equal_weight_after_within_item_mean,1,Gap points,Gap points,true,,,,,,,,,,,,,,,,,,,98.9495071540501,3,3,0,2366,gemini_snapshot,98.97362868964699,3,3,0,2360,gemini_snapshot,99.0986633264852,3,3,0,2372,gemini_snapshot,,,,0.02412153559689,0.1491561724351,0.12503463683821
N4_strategy,gemini-3.8-flash-medium,poolact,tuning,task,hpobench:nasbench101:C,gap_bon,Gap points,4,cost_moderate,item_equal_weight_after_within_item_mean,1,Gap points,Gap points,true,,,,,,,,,,,,,,,,,,,100.01772072491956,3,3,0,2349,gemini_openrouter_missing_main_20260917+gemini_snapshot,100.22250565453453,3,3,0,2343,gemini_openrouter_missing_main_20260917+gemini_snapshot,99.74993072632356,3,3,0,2355,gemini_openrouter_missing_main_20260917+gemini_snapshot,,,,0.20478492961497,-0.26778999859600,-0.47257492821097
N4_strategy,gemini-3.8-flash-medium,poolact,tuning,task,hpobench:nasbench101:C,gap_bon,Gap points,4,cost_tight,item_equal_weight_after_within_item_mean,1,Gap points,Gap points,true,,,,,,,,,,,,,,,,,,,99.65935266401567,3,3,0,2367,gemini_snapshot,99.19268581588435,3,3,0,2361,gemini_snapshot,99.55105504856134,3,3,0,2373,gemini_snapshot,,,,-0.46666684813132,-0.10829761545433,0.35836923267699
N4_strategy,gemini-3.8-flash-medium,poolact,tuning,task,hpobench:nasbench101:C,gap_mi,Gap points,4,cost_moderate,item_equal_weight_after_within_item_mean,1,Gap points,Gap points,true,,,,,,,,,,,,,,,,,,,99.6864279467091,3,3,0,2350,gemini_openrouter_missing_main_20260917+gemini_snapshot,99.69135115147994,3,3,0,2344,gemini_openrouter_missing_main_20260917+gemini_snapshot,99.52644224708318,3,3,0,2356,gemini_openrouter_missing_main_20260917+gemini_snapshot,,,,0.00492320477084,-0.15998569962592,-0.16490890439676
N4_strategy,gemini-3.8-flash-medium,poolact,tuning,task,hpobench:nasbench101:C,gap_mi,Gap points,4,cost_tight,item_equal_weight_after_within_item_mean,1,Gap points,Gap points,true,,,,,,,,,,,,,,,,,,,98.9495071540501,3,3,0,2368,gemini_snapshot,98.97362868964699,3,3,0,2362,gemini_snapshot,99.0986633264852,3,3,0,2374,gemini_snapshot,,,,0.02412153559689,0.1491561724351,0.12503463683821
N4_strategy,gemini-3.8-flash-medium,poolact,tuning,task,hpobench:nasbench101:C,raw_perf_bon,fraction,4,cost_moderate,item_equal_weight_after_within_item_mean,100,0–100,percentage_points,true,,,,,,,,,,,,,,,,,,,0.9456797440846761,3,3,0,2351,gemini_openrouter_missing_main_20260917+gemini_snapshot,0.9468371669451395,3,3,0,2345,gemini_openrouter_missing_main_20260917+gemini_snapshot,0.9441662232081095,3,3,0,2357,gemini_openrouter_missing_main_20260917+gemini_snapshot,,,,0.0011574228604634,-0.0015135208765666,-0.0026709437370300
N4_strategy,gemini-3.8-flash-medium,poolact,tuning,task,hpobench:nasbench101:C,raw_perf_bon,fraction,4,cost_tight,item_equal_weight_after_within_item_mean,100,0–100,percentage_points,true,,,,,,,,,,,,,,,,,,,0.943654285536872,3,3,0,2369,gemini_snapshot,0.9410167336463928,3,3,0,2363,gemini_snapshot,0.9430421988169352,3,3,0,2375,gemini_snapshot,,,,-0.0026375518904792,-0.0006120867199368,0.0020254651705424
N4_strategy,gemini-3.8-flash-medium,poolact,tuning,task,hpobench:nasbench101:C,raw_perf_mi,fraction,4,cost_moderate,item_equal_weight_after_within_item_mean,100,0–100,percentage_points,true,,,,,,,,,,,,,,,,,,,0.94380731218391,3,3,0,2352,gemini_openrouter_missing_main_20260917+gemini_snapshot,0.9438351376189126,3,3,0,2346,gemini_openrouter_missing_main_20260917+gemini_snapshot,0.9429030898544524,3,3,0,2358,gemini_openrouter_missing_main_20260917+gemini_snapshot,,,,0.0000278254350026,-0.0009042223294576,-0.0009320477644602
N4_strategy,gemini-3.8-flash-medium,poolact,tuning,task,hpobench:nasbench101:C,raw_perf_mi,fraction,4,cost_tight,item_equal_weight_after_within_item_mean,100,0–100,percentage_points,true,,,,,,,,,,,,,,,,,,,0.9396423134538863,3,3,0,2370,gemini_snapshot,0.9397786458333334,3,3,0,2364,gemini_snapshot,0.9404853284358978,3,3,0,2376,gemini_snapshot,,,,0.0001363323794471,0.0008430149820115,0.0007066826025644
N1_budget,glm-5.3,expgym,evidence_audit,all,all,evidence_acc,fraction,1,,document_mean_3_fixed_orders,100,0–100,percentage_points,true,0.6847662141779789,13,13,0,2377,glm_original,0.6787330316742082,13,13,0,2379,glm_original,0.502262443438914,13,13,0,2381,glm_original,,,,,,,,,,,,,,,,,,,-0.0060331825037707,-0.1825037707390649,-0.1764705882352942,,,
N1_budget,glm-5.3,expgym,evidence_audit,all,all,label_acc,fraction,1,,document_mean_3_fixed_orders,100,0–100,percentage_points,true,0.6923076923076923,13,13,0,2378,glm_original,0.7601809954751131,13,13,0,2380,glm_original,0.7360482654600301,13,13,0,2382,glm_original,,,,,,,,,,,,,,,,,,,0.0678733031674208,0.0437405731523378,-0.0241327300150830,,,
N1_budget,glm-5.3,expgym,evidence_audit,family,evidence_audit,evidence_acc,fraction,1,,document_mean_3_fixed_orders,100,0–100,percentage_points,true,0.6847662141779789,13,13,0,2383,glm_original,0.6787330316742082,13,13,0,2385,glm_original,0.502262443438914,13,13,0,2387,glm_original,,,,,,,,,,,,,,,,,,,-0.0060331825037707,-0.1825037707390649,-0.1764705882352942,,,
N1_budget,glm-5.3,expgym,evidence_audit,family,evidence_audit,label_acc,fraction,1,,document_mean_3_fixed_orders,100,0–100,percentage_points,true,0.6923076923076923,13,13,0,2384,glm_original,0.7601809954751131,13,13,0,2386,glm_original,0.7360482654600301,13,13,0,2388,glm_original,,,,,,,,,,,,,,,,,,,0.0678733031674208,0.0437405731523378,-0.0241327300150830,,,
N1_budget,glm-5.3,expgym,restricted_search,all,all,f1,fraction,1,,single_trace,100,0–100,percentage_points,true,0.6511024967511672,73,73,0,2389,glm_original,0.5327608944768282,73,73,0,2390,glm_original,0.19234139483938034,73,73,0,2391,glm_original,,,,,,,,,,,,,,,,,,,-0.1183416022743390,-0.45876110191178686,-0.34041949963744786,,,
N1_budget,glm-5.3,expgym,restricted_search,family,whatis,f1,fraction,1,,single_trace,100,0–100,percentage_points,true,0.6149144972674384,34,34,0,2392,glm_original,0.40649122119710357,34,34,0,2393,glm_original,0.1484848484848485,34,34,0,2394,glm_original,,,,,,,,,,,,,,,,,,,-0.20842327607033483,-0.4664296487825899,-0.25800637271225507,,,
N1_budget,glm-5.3,expgym,restricted_search,family,whois,f1,fraction,1,,single_trace,100,0–100,percentage_points,true,0.6826510091215974,39,39,0,2395,glm_original,0.642842148105306,39,39,0,2396,glm_original,0.23057530704589527,39,39,0,2397,glm_original,,,,,,,,,,,,,,,,,,,-0.0398088610162914,-0.45207570207570213,-0.41226684105941073,,,
N1_budget,glm-5.3,expgym,tuning,all,all,gap,Gap points,1,,single_trace,1,Gap points,Gap points,true,97.91114276048467,27,27,0,2398,glm_original,96.15455969143889,27,27,0,2401,glm_original,86.06688865843708,27,27,0,2404,glm_original,,,,,,,,,,,,,,,,,,,-1.75658306904578,-11.84425410204759,-10.08767103300181,,,
N1_budget,glm-5.3,expgym,tuning,all,all,gap0,Gap points,1,,single_trace,1,Gap points,Gap points,true,97.91114276048467,27,27,0,2399,glm_original,96.15455969143889,27,27,0,2402,glm_original,86.06688865843708,27,27,0,2405,glm_original,,,,,,,,,,,,,,,,,,,-1.75658306904578,-11.84425410204759,-10.08767103300181,,,
N1_budget,glm-5.3,expgym,tuning,all,all,raw_perf,fraction,1,,single_trace,100,0–100,percentage_points,true,0.8291095460822065,27,27,0,2400,glm_original,0.8247661035481927,27,27,0,2403,glm_original,0.8019560234466865,27,27,0,2406,glm_original,,,,,,,,,,,,,,,,,,,-0.0043434425340138,-0.0271535226355200,-0.0228100801015062,,,
N1_budget,glm-5.3,expgym,tuning,family,nasbench101,gap,Gap points,1,,single_trace,1,Gap points,Gap points,true,99.05747572457256,9,9,0,2407,glm_original,97.73655857169163,9,9,0,2410,glm_original,90.76144263870238,9,9,0,2413,glm_original,,,,,,,,,,,,,,,,,,,-1.32091715288093,-8.29603308587018,-6.97511593298925,,,
N1_budget,glm-5.3,expgym,tuning,family,nasbench101,gap0,Gap points,1,,single_trace,1,Gap points,Gap points,true,99.05747572457256,9,9,0,2408,glm_original,97.73655857169163,9,9,0,2411,glm_original,90.76144263870238,9,9,0,2414,glm_original,,,,,,,,,,,,,,,,,,,-1.32091715288093,-8.29603308587018,-6.97511593298925,,,
N1_budget,glm-5.3,expgym,tuning,family,nasbench101,raw_perf,fraction,1,,single_trace,100,0–100,percentage_points,true,0.9434502676681236,9,9,0,2409,glm_original,0.9362387259801229,9,9,0,2412,glm_original,0.8984412065258732,9,9,0,2415,glm_original,,,,,,,,,,,,,,,,,,,-0.0072115416880007,-0.0450090611422504,-0.0377975194542497,,,
N1_budget,glm-5.3,expgym,tuning,family,nasbench201,gap,Gap points,1,,single_trace,1,Gap points,Gap points,true,98.63716414441365,9,9,0,2416,glm_original,96.4868516064718,9,9,0,2419,glm_original,88.0373312804968,9,9,0,2422,glm_original,,,,,,,,,,,,,,,,,,,-2.15031253794185,-10.59983286391685,-8.4495203259750,,,
N1_budget,glm-5.3,expgym,tuning,family,nasbench201,gap0,Gap points,1,,single_trace,1,Gap points,Gap points,true,98.63716414441365,9,9,0,2417,glm_original,96.4868516064718,9,9,0,2420,glm_original,88.0373312804968,9,9,0,2423,glm_original,,,,,,,,,,,,,,,,,,,-2.15031253794185,-10.59983286391685,-8.4495203259750,,,
N1_budget,glm-5.3,expgym,tuning,family,nasbench201,raw_perf,fraction,1,,single_trace,100,0–100,percentage_points,true,0.7048496294891734,9,9,0,2418,glm_original,0.7029738270643446,9,9,0,2421,glm_original,0.6921306172101056,9,9,0,2424,glm_original,,,,,,,,,,,,,,,,,,,-0.0018758024248288,-0.0127190122790678,-0.0108432098542390,,,
N1_budget,glm-5.3,expgym,tuning,family,paramnet,gap,Gap points,1,,single_trace,1,Gap points,Gap points,true,96.03878841246782,9,9,0,2425,glm_original,94.24026889615324,9,9,0,2428,glm_original,79.40189205611205,9,9,0,2431,glm_original,,,,,,,,,,,,,,,,,,,-1.79851951631458,-16.63689635635577,-14.83837684004119,,,
N1_budget,glm-5.3,expgym,tuning,family,paramnet,gap0,Gap points,1,,single_trace,1,Gap points,Gap points,true,96.03878841246782,9,9,0,2426,glm_original,94.24026889615324,9,9,0,2429,glm_original,79.40189205611205,9,9,0,2432,glm_original,,,,,,,,,,,,,,,,,,,-1.79851951631458,-16.63689635635577,-14.83837684004119,,,
N1_budget,glm-5.3,expgym,tuning,family,paramnet,raw_perf,fraction,1,,single_trace,100,0–100,percentage_points,true,0.8390287410893227,9,9,0,2427,glm_original,0.8350857576001104,9,9,0,2430,glm_original,0.8152962466040805,9,9,0,2433,glm_original,,,,,,,,,,,,,,,,,,,-0.0039429834892123,-0.0237324944852422,-0.0197895109960299,,,
N1_budget,glm-5.3,expgym,tuning,task,hpobench:nasbench101:A,gap,Gap points,1,,single_trace,1,Gap points,Gap points,true,99.57917213602603,3,3,0,2434,glm_original,99.00329905793436,3,3,0,2436,glm_original,85.75664976157574,3,3,0,2438,glm_original,,,,,,,,,,,,,,,,,,,-0.57587307809167,-13.82252237445029,-13.24664929635862,,,
N1_budget,glm-5.3,expgym,tuning,task,hpobench:nasbench101:A,raw_perf,fraction,1,,single_trace,100,0–100,percentage_points,true,0.943120108710395,3,3,0,2435,glm_original,0.9390691783693101,3,3,0,2437,glm_original,0.845886747042338,3,3,0,2439,glm_original,,,,,,,,,,,,,,,,,,,-0.0040509303410849,-0.097233361668057,-0.0931824313269721,,,
N1_budget,glm-5.3,expgym,tuning,task,hpobench:nasbench101:B,gap,Gap points,1,,single_trace,1,Gap points,Gap points,true,97.96934265174197,3,3,0,2440,glm_original,97.46713768575333,3,3,0,2442,glm_original,89.99519151983051,3,3,0,2444,glm_original,,,,,,,,,,,,,,,,,,,-0.50220496598864,-7.97415113191146,-7.47194616592282,,,
N1_budget,glm-5.3,expgym,tuning,task,hpobench:nasbench101:B,raw_perf,fraction,1,,single_trace,100,0–100,percentage_points,true,0.9437767134772407,3,3,0,2441,glm_original,0.9424968891673619,3,3,0,2443,glm_original,0.9234553045696683,3,3,0,2445,glm_original,,,,,,,,,,,,,,,,,,,-0.0012798243098788,-0.0203214089075724,-0.0190415845976936,,,
N1_budget,glm-5.3,expgym,tuning,task,hpobench:nasbench101:C,gap,Gap points,1,,single_trace,1,Gap points,Gap points,true,99.62391238594967,3,3,0,2446,glm_original,96.73923897138721,3,3,0,2448,glm_original,96.53248663470089,3,3,0,2450,glm_original,,,,,,,,,,,,,,,,,,,-2.88467341456246,-3.09142575124878,-0.20675233668632,,,
N1_budget,glm-5.3,expgym,tuning,task,hpobench:nasbench101:C,raw_perf,fraction,1,,single_trace,100,0–100,percentage_points,true,0.9434539808167351,3,3,0,2447,glm_original,0.9271501104036967,3,3,0,2449,glm_original,0.9259815679656135,3,3,0,2451,glm_original,,,,,,,,,,,,,,,,,,,-0.0163038704130384,-0.0174724128511216,-0.0011685424380832,,,
N1_budget,glm-5.3,expgym,tuning,task,hpobench:nasbench201:cifar10-valid,gap,Gap points,1,,single_trace,1,Gap points,Gap points,true,99.39140096130323,3,3,0,2452,glm_original,93.88050920060883,3,3,0,2454,glm_original,93.65717014610956,3,3,0,2456,glm_original,,,,,,,,,,,,,,,,,,,-5.51089176069440,-5.73423081519367,-0.22333905449927,,,
N1_budget,glm-5.3,expgym,tuning,task,hpobench:nasbench201:cifar10-valid,raw_perf,fraction,1,,single_trace,100,0–100,percentage_points,true,0.9155822220269098,3,3,0,2453,glm_original,0.9111955554253472,3,3,0,2455,glm_original,0.9110177776692707,3,3,0,2457,glm_original,,,,,,,,,,,,,,,,,,,-0.0043866666015626,-0.0045644443576391,-0.0001777777560765,,,
N1_budget,glm-5.3,expgym,tuning,task,hpobench:nasbench201:cifar100,gap,Gap points,1,,single_trace,1,Gap points,Gap points,true,99.17186308023172,3,3,0,2458,glm_original,99.17186308023172,3,3,0,2460,glm_original,90.98149793966635,3,3,0,2462,glm_original,,,,,,,,,,,,,,,,,,,0E-14,-8.19036514056537,-8.19036514056537,,,
N1_budget,glm-5.3,expgym,tuning,task,hpobench:nasbench201:cifar100,raw_perf,fraction,1,,single_trace,100,0–100,percentage_points,true,0.7340222222222222,3,3,0,2459,glm_original,0.7340222222222222,3,3,0,2461,glm_original,0.7240222222222222,3,3,0,2463,glm_original,,,,,,,,,,,,,,,,,,,0E-16,-0.0100000000000000,-0.0100000000000000,,,
N1_budget,glm-5.3,expgym,tuning,task,hpobench:nasbench201:imagenet16-120,gap,Gap points,1,,single_trace,1,Gap points,Gap points,true,97.34822839170597,3,3,0,2464,glm_original,96.40818253857485,3,3,0,2466,glm_original,79.47332575571448,3,3,0,2468,glm_original,,,,,,,,,,,,,,,,,,,-0.94004585313112,-17.87490263599149,-16.93485678286037,,,
N1_budget,glm-5.3,expgym,tuning,task,hpobench:nasbench201:imagenet16-120,raw_perf,fraction,1,,single_trace,100,0–100,percentage_points,true,0.46494444421838826,3,3,0,2465,glm_original,0.4637037035454645,3,3,0,2467,glm_original,0.4413518517388238,3,3,0,2469,glm_original,,,,,,,,,,,,,,,,,,,-0.00124074067292376,-0.02359259247956446,-0.0223518518066407,,,
N1_budget,glm-5.3,expgym,tuning,task,hpobench:paramnet:adult:steps,gap,Gap points,1,,single_trace,1,Gap points,Gap points,true,95.60158592858947,3,3,0,2470,glm_original,95.41426525408045,3,3,0,2472,glm_original,72.01344351468897,3,3,0,2474,glm_original,,,,,,,,,,,,,,,,,,,-0.18732067450902,-23.58814241390050,-23.40082173939148,,,
N1_budget,glm-5.3,expgym,tuning,task,hpobench:paramnet:adult:steps,raw_perf,fraction,1,,single_trace,100,0–100,percentage_points,true,0.8519197542214835,3,3,0,2471,glm_original,0.8518425960629994,3,3,0,2473,glm_original,0.8422037010656462,3,3,0,2475,glm_original,,,,,,,,,,,,,,,,,,,-0.0000771581584841,-0.0097160531558373,-0.0096388949973532,,,
N1_budget,glm-5.3,expgym,tuning,task,hpobench:paramnet:higgs:steps,gap,Gap points,1,,single_trace,1,Gap points,Gap points,true,95.82900839148611,3,3,0,2476,glm_original,92.26926912954784,3,3,0,2478,glm_original,78.31472925744879,3,3,0,2480,glm_original,,,,,,,,,,,,,,,,,,,-3.55973926193827,-17.51427913403732,-13.95453987209905,,,
N1_budget,glm-5.3,expgym,tuning,task,hpobench:paramnet:higgs:steps,raw_perf,fraction,1,,single_trace,100,0–100,percentage_points,true,0.717435427662558,3,3,0,2477,glm_original,0.7143373357617328,3,3,0,2479,glm_original,0.7021925004869287,3,3,0,2481,glm_original,,,,,,,,,,,,,,,,,,,-0.0030980919008252,-0.0152429271756293,-0.0121448352748041,,,
N1_budget,glm-5.3,expgym,tuning,task,hpobench:paramnet:letter:steps,gap,Gap points,1,,single_trace,1,Gap points,Gap points,true,96.68577091732787,3,3,0,2482,glm_original,95.03727230483142,3,3,0,2484,glm_original,87.87750339619836,3,3,0,2486,glm_original,,,,,,,,,,,,,,,,,,,-1.64849861249645,-8.80826752112951,-7.15976890863306,,,
N1_budget,glm-5.3,expgym,tuning,task,hpobench:paramnet:letter:steps,raw_perf,fraction,1,,single_trace,100,0–100,percentage_points,true,0.9477310413839266,3,3,0,2483,glm_original,0.9390773409755991,3,3,0,2485,glm_original,0.9014925382596667,3,3,0,2487,glm_original,,,,,,,,,,,,,,,,,,,-0.0086537004083275,-0.0462385031242599,-0.0375848027159324,,,
N4_strategy,glm-5.3,poolact,evidence_audit,all,all,evidence_acc_mi,fraction,4,cost_moderate,pool_aggregate_N4,100,0–100,percentage_points,true,,,,,,,,,,,,,,,,,,,0.6549773755656109,13,13,0,2492,glm_original,0.668552036199095,13,13,0,2488,glm_original,0.8020361990950227,13,13,0,2496,glm_original,,,,0.0135746606334841,0.1470588235294118,0.1334841628959277
N4_strategy,glm-5.3,poolact,evidence_audit,all,all,evidence_acc_mi,fraction,4,cost_tight,item_equal_weight_after_within_item_mean,100,0–100,percentage_points,true,,,,,,,,,,,,,,,,,,,0.6346153846153846,13,13,0,2504,glm_rerun_20260912,0.6289592760180995,13,13,0,2500,glm_rerun_20260912,0.7579185520361991,13,13,0,2508,glm_rerun_20260912,,,,-0.0056561085972851,0.1233031674208145,0.1289592760180996
N4_strategy,glm-5.3,poolact,evidence_audit,all,all,evidence_acc_mv,fraction,4,cost_moderate,pool_aggregate_N4,100,0–100,percentage_points,true,,,,,,,,,,,,,,,,,,,0.8099547511312217,13,13,0,2493,glm_original,0.8461538461538461,13,13,0,2489,glm_original,0.9773755656108597,13,13,0,2497,glm_original,,,,0.0361990950226244,0.1674208144796380,0.1312217194570136
N4_strategy,glm-5.3,poolact,evidence_audit,all,all,evidence_acc_mv,fraction,4,cost_tight,item_equal_weight_after_within_item_mean,100,0–100,percentage_points,true,,,,,,,,,,,,,,,,,,,0.6606334841628959,13,13,0,2505,glm_rerun_20260912,0.6561085972850679,13,13,0,2501,glm_rerun_20260912,0.8190045248868778,13,13,0,2509,glm_rerun_20260912,,,,-0.0045248868778280,0.1583710407239819,0.1628959276018099
N4_strategy,glm-5.3,poolact,evidence_audit,all,all,label_acc_mi,fraction,4,cost_moderate,pool_aggregate_N4,100,0–100,percentage_points,true,,,,,,,,,,,,,,,,,,,0.7579185520361991,13,13,0,2494,glm_original,0.753393665158371,13,13,0,2490,glm_original,0.8088235294117647,13,13,0,2498,glm_original,,,,-0.0045248868778281,0.0509049773755656,0.0554298642533937
N4_strategy,glm-5.3,poolact,evidence_audit,all,all,label_acc_mi,fraction,4,cost_tight,item_equal_weight_after_within_item_mean,100,0–100,percentage_points,true,,,,,,,,,,,,,,,,,,,0.8665158371040724,13,13,0,2506,glm_rerun_20260912,0.8665158371040724,13,13,0,2502,glm_rerun_20260912,0.8506787330316742,13,13,0,2510,glm_rerun_20260912,,,,0E-16,-0.0158371040723982,-0.0158371040723982
N4_strategy,glm-5.3,poolact,evidence_audit,all,all,label_acc_mv,fraction,4,cost_moderate,pool_aggregate_N4,100,0–100,percentage_points,true,,,,,,,,,,,,,,,,,,,0.9276018099547512,13,13,0,2495,glm_original,0.9366515837104072,13,13,0,2491,glm_original,0.9819004524886877,13,13,0,2499,glm_original,,,,0.0090497737556560,0.0542986425339365,0.0452488687782805
N4_strategy,glm-5.3,poolact,evidence_audit,all,all,label_acc_mv,fraction,4,cost_tight,item_equal_weight_after_within_item_mean,100,0–100,percentage_points,true,,,,,,,,,,,,,,,,,,,0.9049773755656109,13,13,0,2507,glm_rerun_20260912,0.8914027149321266,13,13,0,2503,glm_rerun_20260912,0.923076923076923,13,13,0,2511,glm_rerun_20260912,,,,-0.0135746606334843,0.0180995475113121,0.0316742081447964
N4_strategy,glm-5.3,poolact,evidence_audit,family,evidence_audit,evidence_acc_mi,fraction,4,cost_moderate,pool_aggregate_N4,100,0–100,percentage_points,true,,,,,,,,,,,,,,,,,,,0.6549773755656109,13,13,0,2516,glm_original,0.668552036199095,13,13,0,2512,glm_original,0.8020361990950227,13,13,0,2520,glm_original,,,,0.0135746606334841,0.1470588235294118,0.1334841628959277
N4_strategy,glm-5.3,poolact,evidence_audit,family,evidence_audit,evidence_acc_mi,fraction,4,cost_tight,item_equal_weight_after_within_item_mean,100,0–100,percentage_points,true,,,,,,,,,,,,,,,,,,,0.6346153846153846,13,13,0,2528,glm_rerun_20260912,0.6289592760180995,13,13,0,2524,glm_rerun_20260912,0.7579185520361991,13,13,0,2532,glm_rerun_20260912,,,,-0.0056561085972851,0.1233031674208145,0.1289592760180996
N4_strategy,glm-5.3,poolact,evidence_audit,family,evidence_audit,evidence_acc_mv,fraction,4,cost_moderate,pool_aggregate_N4,100,0–100,percentage_points,true,,,,,,,,,,,,,,,,,,,0.8099547511312217,13,13,0,2517,glm_original,0.8461538461538461,13,13,0,2513,glm_original,0.9773755656108597,13,13,0,2521,glm_original,,,,0.0361990950226244,0.1674208144796380,0.1312217194570136
N4_strategy,glm-5.3,poolact,evidence_audit,family,evidence_audit,evidence_acc_mv,fraction,4,cost_tight,item_equal_weight_after_within_item_mean,100,0–100,percentage_points,true,,,,,,,,,,,,,,,,,,,0.6606334841628959,13,13,0,2529,glm_rerun_20260912,0.6561085972850679,13,13,0,2525,glm_rerun_20260912,0.8190045248868778,13,13,0,2533,glm_rerun_20260912,,,,-0.0045248868778280,0.1583710407239819,0.1628959276018099
N4_strategy,glm-5.3,poolact,evidence_audit,family,evidence_audit,label_acc_mi,fraction,4,cost_moderate,pool_aggregate_N4,100,0–100,percentage_points,true,,,,,,,,,,,,,,,,,,,0.7579185520361991,13,13,0,2518,glm_original,0.753393665158371,13,13,0,2514,glm_original,0.8088235294117647,13,13,0,2522,glm_original,,,,-0.0045248868778281,0.0509049773755656,0.0554298642533937
N4_strategy,glm-5.3,poolact,evidence_audit,family,evidence_audit,label_acc_mi,fraction,4,cost_tight,item_equal_weight_after_within_item_mean,100,0–100,percentage_points,true,,,,,,,,,,,,,,,,,,,0.8665158371040724,13,13,0,2530,glm_rerun_20260912,0.8665158371040724,13,13,0,2526,glm_rerun_20260912,0.8506787330316742,13,13,0,2534,glm_rerun_20260912,,,,0E-16,-0.0158371040723982,-0.0158371040723982
N4_strategy,glm-5.3,poolact,evidence_audit,family,evidence_audit,label_acc_mv,fraction,4,cost_moderate,pool_aggregate_N4,100,0–100,percentage_points,true,,,,,,,,,,,,,,,,,,,0.9276018099547512,13,13,0,2519,glm_original,0.9366515837104072,13,13,0,2515,glm_original,0.9819004524886877,13,13,0,2523,glm_original,,,,0.0090497737556560,0.0542986425339365,0.0452488687782805
N4_strategy,glm-5.3,poolact,evidence_audit,family,evidence_audit,label_acc_mv,fraction,4,cost_tight,item_equal_weight_after_within_item_mean,100,0–100,percentage_points,true,,,,,,,,,,,,,,,,,,,0.9049773755656109,13,13,0,2531,glm_rerun_20260912,0.8914027149321266,13,13,0,2527,glm_rerun_20260912,0.923076923076923,13,13,0,2535,glm_rerun_20260912,,,,-0.0135746606334843,0.0180995475113121,0.0316742081447964
N4_strategy,glm-5.3,poolact,evidence_audit,task,cc-large:0,evidence_acc_mi,fraction,4,cost_tight,item_equal_weight_after_within_item_mean,100,0–100,percentage_points,true,,,,,,,,,,,,,,,,,,,0.4117647058823529,1,1,0,2540,glm_rerun_20260912,0.3970588235294118,1,1,0,2536,glm_rerun_20260912,0.38235294117647056,1,1,0,2544,glm_rerun_20260912,,,,-0.0147058823529411,-0.02941176470588234,-0.01470588235294124
N4_strategy,glm-5.3,poolact,evidence_audit,task,cc-large:0,evidence_acc_mv,fraction,4,cost_tight,item_equal_weight_after_within_item_mean,100,0–100,percentage_points,true,,,,,,,,,,,,,,,,,,,0.35294117647058826,1,1,0,2541,glm_rerun_20260912,0.35294117647058826,1,1,0,2537,glm_rerun_20260912,0.47058823529411764,1,1,0,2545,glm_rerun_20260912,,,,0E-17,0.11764705882352938,0.11764705882352938
N4_strategy,glm-5.3,poolact,evidence_audit,task,cc-large:0,label_acc_mi,fraction,4,cost_tight,item_equal_weight_after_within_item_mean,100,0–100,percentage_points,true,,,,,,,,,,,,,,,,,,,0.8970588235294117,1,1,0,2542,glm_rerun_20260912,0.8970588235294117,1,1,0,2538,glm_rerun_20260912,0.7058823529411764,1,1,0,2546,glm_rerun_20260912,,,,0E-16,-0.1911764705882353,-0.1911764705882353
N4_strategy,glm-5.3,poolact,evidence_audit,task,cc-large:0,label_acc_mv,fraction,4,cost_tight,item_equal_weight_after_within_item_mean,100,0–100,percentage_points,true,,,,,,,,,,,,,,,,,,,0.8823529411764706,1,1,0,2543,glm_rerun_20260912,0.8823529411764706,1,1,0,2539,glm_rerun_20260912,0.9411764705882353,1,1,0,2547,glm_rerun_20260912,,,,0E-16,0.0588235294117647,0.0588235294117647
N4_strategy,glm-5.3,poolact,evidence_audit,task,cc-large:1,evidence_acc_mi,fraction,4,cost_tight,item_equal_weight_after_within_item_mean,100,0–100,percentage_points,true,,,,,,,,,,,,,,,,,,,0.75,1,1,0,2552,glm_rerun_20260912,0.7205882352941176,1,1,0,2548,glm_rerun_20260912,0.8529411764705882,1,1,0,2556,glm_rerun_20260912,,,,-0.0294117647058824,0.1029411764705882,0.1323529411764706
N4_strategy,glm-5.3,poolact,evidence_audit,task,cc-large:1,evidence_acc_mv,fraction,4,cost_tight,item_equal_weight_after_within_item_mean,100,0–100,percentage_points,true,,,,,,,,,,,,,,,,,,,0.7647058823529411,1,1,0,2553,glm_rerun_20260912,0.7647058823529411,1,1,0,2549,glm_rerun_20260912,0.8235294117647058,1,1,0,2557,glm_rerun_20260912,,,,0E-16,0.0588235294117647,0.0588235294117647
N4_strategy,glm-5.3,poolact,evidence_audit,task,cc-large:1,label_acc_mi,fraction,4,cost_tight,item_equal_weight_after_within_item_mean,100,0–100,percentage_points,true,,,,,,,,,,,,,,,,,,,0.9264705882352942,1,1,0,2554,glm_rerun_20260912,0.8823529411764706,1,1,0,2550,glm_rerun_20260912,0.8823529411764706,1,1,0,2558,glm_rerun_20260912,,,,-0.0441176470588236,-0.0441176470588236,0E-16
N4_strategy,glm-5.3,poolact,evidence_audit,task,cc-large:1,label_acc_mv,fraction,4,cost_tight,item_equal_weight_after_within_item_mean,100,0–100,percentage_points,true,,,,,,,,,,,,,,,,,,,0.9411764705882353,1,1,0,2555,glm_rerun_20260912,0.8823529411764706,1,1,0,2551,glm_rerun_20260912,0.8823529411764706,1,1,0,2559,glm_rerun_20260912,,,,-0.0588235294117647,-0.0588235294117647,0E-16
N4_strategy,glm-5.3,poolact,evidence_audit,task,cc-large:10,evidence_acc_mi,fraction,4,cost_tight,item_equal_weight_after_within_item_mean,100,0–100,percentage_points,true,,,,,,,,,,,,,,,,,,,0.4411764705882353,1,1,0,2564,glm_rerun_20260912,0.3529411764705882,1,1,0,2560,glm_rerun_20260912,0.4264705882352941,1,1,0,2568,glm_rerun_20260912,,,,-0.0882352941176471,-0.0147058823529412,0.0735294117647059
N4_strategy,glm-5.3,poolact,evidence_audit,task,cc-large:10,evidence_acc_mv,fraction,4,cost_tight,item_equal_weight_after_within_item_mean,100,0–100,percentage_points,true,,,,,,,,,,,,,,,,,,,0.5294117647058824,1,1,0,2565,glm_rerun_20260912,0.35294117647058826,1,1,0,2561,glm_rerun_20260912,0.4117647058823529,1,1,0,2569,glm_rerun_20260912,,,,-0.17647058823529414,-0.1176470588235295,0.05882352941176464
N4_strategy,glm-5.3,poolact,evidence_audit,task,cc-large:10,label_acc_mi,fraction,4,cost_tight,item_equal_weight_after_within_item_mean,100,0–100,percentage_points,true,,,,,,,,,,,,,,,,,,,0.8823529411764706,1,1,0,2566,glm_rerun_20260912,0.8088235294117647,1,1,0,2562,glm_rerun_20260912,0.838235294117647,1,1,0,2570,glm_rerun_20260912,,,,-0.0735294117647059,-0.0441176470588236,0.0294117647058823
N4_strategy,glm-5.3,poolact,evidence_audit,task,cc-large:10,label_acc_mv,fraction,4,cost_tight,item_equal_weight_after_within_item_mean,100,0–100,percentage_points,true,,,,,,,,,,,,,,,,,,,0.8823529411764706,1,1,0,2567,glm_rerun_20260912,0.8235294117647058,1,1,0,2563,glm_rerun_20260912,0.8235294117647058,1,1,0,2571,glm_rerun_20260912,,,,-0.0588235294117648,-0.0588235294117648,0E-16
N4_strategy,glm-5.3,poolact,evidence_audit,task,cc-large:11,evidence_acc_mi,fraction,4,cost_tight,item_equal_weight_after_within_item_mean,100,0–100,percentage_points,true,,,,,,,,,,,,,,,,,,,0.45588235294117646,1,1,0,2576,glm_rerun_20260912,0.47058823529411764,1,1,0,2572,glm_rerun_20260912,0.5294117647058824,1,1,0,2580,glm_rerun_20260912,,,,0.01470588235294118,0.07352941176470594,0.05882352941176476
N4_strategy,glm-5.3,poolact,evidence_audit,task,cc-large:11,evidence_acc_mv,fraction,4,cost_tight,item_equal_weight_after_within_item_mean,100,0–100,percentage_points,true,,,,,,,,,,,,,,,,,,,0.47058823529411764,1,1,0,2577,glm_rerun_20260912,0.4117647058823529,1,1,0,2573,glm_rerun_20260912,0.7058823529411765,1,1,0,2581,glm_rerun_20260912,,,,-0.05882352941176474,0.23529411764705886,0.2941176470588236
N4_strategy,glm-5.3,poolact,evidence_audit,task,cc-large:11,label_acc_mi,fraction,4,cost_tight,item_equal_weight_after_within_item_mean,100,0–100,percentage_points,true,,,,,,,,,,,,,,,,,,,0.8676470588235294,1,1,0,2578,glm_rerun_20260912,0.8676470588235294,1,1,0,2574,glm_rerun_20260912,0.6617647058823529,1,1,0,2582,glm_rerun_20260912,,,,0E-16,-0.2058823529411765,-0.2058823529411765
N4_strategy,glm-5.3,poolact,evidence_audit,task,cc-large:11,label_acc_mv,fraction,4,cost_tight,item_equal_weight_after_within_item_mean,100,0–100,percentage_points,true,,,,,,,,,,,,,,,,,,,0.8823529411764706,1,1,0,2579,glm_rerun_20260912,0.8235294117647058,1,1,0,2575,glm_rerun_20260912,0.8823529411764706,1,1,0,2583,glm_rerun_20260912,,,,-0.0588235294117648,0E-16,0.0588235294117648
N4_strategy,glm-5.3,poolact,evidence_audit,task,cc-large:12,evidence_acc_mi,fraction,4,cost_tight,item_equal_weight_after_within_item_mean,100,0–100,percentage_points,true,,,,,,,,,,,,,,,,,,,0.5588235294117647,1,1,0,2588,glm_rerun_20260912,0.5588235294117647,1,1,0,2584,glm_rerun_20260912,0.8382352941176471,1,1,0,2592,glm_rerun_20260912,,,,0E-16,0.2794117647058824,0.2794117647058824
N4_strategy,glm-5.3,poolact,evidence_audit,task,cc-large:12,evidence_acc_mv,fraction,4,cost_tight,item_equal_weight_after_within_item_mean,100,0–100,percentage_points,true,,,,,,,,,,,,,,,,,,,0.5294117647058824,1,1,0,2589,glm_rerun_20260912,0.5882352941176471,1,1,0,2585,glm_rerun_20260912,0.8235294117647058,1,1,0,2593,glm_rerun_20260912,,,,0.0588235294117647,0.2941176470588234,0.2352941176470587
N4_strategy,glm-5.3,poolact,evidence_audit,task,cc-large:12,label_acc_mi,fraction,4,cost_tight,item_equal_weight_after_within_item_mean,100,0–100,percentage_points,true,,,,,,,,,,,,,,,,,,,0.8676470588235294,1,1,0,2590,glm_rerun_20260912,0.9117647058823529,1,1,0,2586,glm_rerun_20260912,0.9411764705882353,1,1,0,2594,glm_rerun_20260912,,,,0.0441176470588235,0.0735294117647059,0.0294117647058824
N4_strategy,glm-5.3,poolact,evidence_audit,task,cc-large:12,label_acc_mv,fraction,4,cost_tight,item_equal_weight_after_within_item_mean,100,0–100,percentage_points,true,,,,,,,,,,,,,,,,,,,0.8823529411764706,1,1,0,2591,glm_rerun_20260912,0.9411764705882353,1,1,0,2587,glm_rerun_20260912,0.9411764705882353,1,1,0,2595,glm_rerun_20260912,,,,0.0588235294117647,0.0588235294117647,0E-16
N4_strategy,glm-5.3,poolact,evidence_audit,task,cc-large:2,evidence_acc_mi,fraction,4,cost_tight,item_equal_weight_after_within_item_mean,100,0–100,percentage_points,true,,,,,,,,,,,,,,,,,,,0.8088235294117647,1,1,0,2600,glm_rerun_20260912,0.8235294117647058,1,1,0,2596,glm_rerun_20260912,0.8676470588235294,1,1,0,2604,glm_rerun_20260912,,,,0.0147058823529411,0.0588235294117647,0.0441176470588236
N4_strategy,glm-5.3,poolact,evidence_audit,task,cc-large:2,evidence_acc_mv,fraction,4,cost_tight,item_equal_weight_after_within_item_mean,100,0–100,percentage_points,true,,,,,,,,,,,,,,,,,,,0.8235294117647058,1,1,0,2601,glm_rerun_20260912,0.8235294117647058,1,1,0,2597,glm_rerun_20260912,0.8823529411764706,1,1,0,2605,glm_rerun_20260912,,,,0E-16,0.0588235294117648,0.0588235294117648
N4_strategy,glm-5.3,poolact,evidence_audit,task,cc-large:2,label_acc_mi,fraction,4,cost_tight,item_equal_weight_after_within_item_mean,100,0–100,percentage_points,true,,,,,,,,,,,,,,,,,,,0.8088235294117647,1,1,0,2602,glm_rerun_20260912,0.8088235294117647,1,1,0,2598,glm_rerun_20260912,0.8529411764705882,1,1,0,2606,glm_rerun_20260912,,,,0E-16,0.0441176470588235,0.0441176470588235
N4_strategy,glm-5.3,poolact,evidence_audit,task,cc-large:2,label_acc_mv,fraction,4,cost_tight,item_equal_weight_after_within_item_mean,100,0–100,percentage_points,true,,,,,,,,,,,,,,,,,,,0.8235294117647058,1,1,0,2603,glm_rerun_20260912,0.8235294117647058,1,1,0,2599,glm_rerun_20260912,0.8823529411764706,1,1,0,2607,glm_rerun_20260912,,,,0E-16,0.0588235294117648,0.0588235294117648
N4_strategy,glm-5.3,poolact,evidence_audit,task,cc-large:3,evidence_acc_mi,fraction,4,cost_tight,item_equal_weight_after_within_item_mean,100,0–100,percentage_points,true,,,,,,,,,,,,,,,,,,,0.7647058823529411,1,1,0,2612,glm_rerun_20260912,0.7352941176470589,1,1,0,2608,glm_rerun_20260912,0.9117647058823529,1,1,0,2616,glm_rerun_20260912,,,,-0.0294117647058822,0.1470588235294118,0.1764705882352940
N4_strategy,glm-5.3,poolact,evidence_audit,task,cc-large:3,evidence_acc_mv,fraction,4,cost_tight,item_equal_weight_after_within_item_mean,100,0–100,percentage_points,true,,,,,,,,,,,,,,,,,,,0.8235294117647058,1,1,0,2613,glm_rerun_20260912,0.7058823529411765,1,1,0,2609,glm_rerun_20260912,0.9411764705882353,1,1,0,2617,glm_rerun_20260912,,,,-0.1176470588235293,0.1176470588235295,0.2352941176470588
N4_strategy,glm-5.3,poolact,evidence_audit,task,cc-large:3,label_acc_mi,fraction,4,cost_tight,item_equal_weight_after_within_item_mean,100,0–100,percentage_points,true,,,,,,,,,,,,,,,,,,,0.8529411764705882,1,1,0,2614,glm_rerun_20260912,0.8235294117647058,1,1,0,2610,glm_rerun_20260912,0.8823529411764706,1,1,0,2618,glm_rerun_20260912,,,,-0.0294117647058824,0.0294117647058824,0.0588235294117648
N4_strategy,glm-5.3,poolact,evidence_audit,task,cc-large:3,label_acc_mv,fraction,4,cost_tight,item_equal_weight_after_within_item_mean,100,0–100,percentage_points,true,,,,,,,,,,,,,,,,,,,0.8823529411764706,1,1,0,2615,glm_rerun_20260912,0.8235294117647058,1,1,0,2611,glm_rerun_20260912,0.8823529411764706,1,1,0,2619,glm_rerun_20260912,,,,-0.0588235294117648,0E-16,0.0588235294117648
N4_strategy,glm-5.3,poolact,evidence_audit,task,cc-large:4,evidence_acc_mi,fraction,4,cost_tight,item_equal_weight_after_within_item_mean,100,0–100,percentage_points,true,,,,,,,,,,,,,,,,,,,0.6911764705882353,1,1,0,2624,glm_rerun_20260912,0.7352941176470589,1,1,0,2620,glm_rerun_20260912,0.8823529411764706,1,1,0,2628,glm_rerun_20260912,,,,0.0441176470588236,0.1911764705882353,0.1470588235294117
N4_strategy,glm-5.3,poolact,evidence_audit,task,cc-large:4,evidence_acc_mv,fraction,4,cost_tight,item_equal_weight_after_within_item_mean,100,0–100,percentage_points,true,,,,,,,,,,,,,,,,,,,0.6470588235294118,1,1,0,2625,glm_rerun_20260912,0.8235294117647058,1,1,0,2621,glm_rerun_20260912,0.8823529411764706,1,1,0,2629,glm_rerun_20260912,,,,0.1764705882352940,0.2352941176470588,0.0588235294117648
N4_strategy,glm-5.3,poolact,evidence_audit,task,cc-large:4,label_acc_mi,fraction,4,cost_tight,item_equal_weight_after_within_item_mean,100,0–100,percentage_points,true,,,,,,,,,,,,,,,,,,,0.9264705882352942,1,1,0,2626,glm_rerun_20260912,0.9558823529411764,1,1,0,2622,glm_rerun_20260912,1.0,1,1,0,2630,glm_rerun_20260912,,,,0.0294117647058822,0.0735294117647058,0.0441176470588236
N4_strategy,glm-5.3,poolact,evidence_audit,task,cc-large:4,label_acc_mv,fraction,4,cost_tight,item_equal_weight_after_within_item_mean,100,0–100,percentage_points,true,,,,,,,,,,,,,,,,,,,1.0,1,1,0,2627,glm_rerun_20260912,1.0,1,1,0,2623,glm_rerun_20260912,1.0,1,1,0,2631,glm_rerun_20260912,,,,0.0,0.0,0.0
N4_strategy,glm-5.3,poolact,evidence_audit,task,cc-large:5,evidence_acc_mi,fraction,4,cost_tight,item_equal_weight_after_within_item_mean,100,0–100,percentage_points,true,,,,,,,,,,,,,,,,,,,0.8529411764705882,1,1,0,2636,glm_rerun_20260912,0.8676470588235294,1,1,0,2632,glm_rerun_20260912,0.9264705882352942,1,1,0,2640,glm_rerun_20260912,,,,0.0147058823529412,0.0735294117647060,0.0588235294117648
N4_strategy,glm-5.3,poolact,evidence_audit,task,cc-large:5,evidence_acc_mv,fraction,4,cost_tight,item_equal_weight_after_within_item_mean,100,0–100,percentage_points,true,,,,,,,,,,,,,,,,,,,0.8823529411764706,1,1,0,2637,glm_rerun_20260912,0.9411764705882353,1,1,0,2633,glm_rerun_20260912,0.9411764705882353,1,1,0,2641,glm_rerun_20260912,,,,0.0588235294117647,0.0588235294117647,0E-16
N4_strategy,glm-5.3,poolact,evidence_audit,task,cc-large:5,label_acc_mi,fraction,4,cost_tight,item_equal_weight_after_within_item_mean,100,0–100,percentage_points,true,,,,,,,,,,,,,,,,,,,0.8529411764705882,1,1,0,2638,glm_rerun_20260912,0.8529411764705882,1,1,0,2634,glm_rerun_20260912,0.8529411764705882,1,1,0,2642,glm_rerun_20260912,,,,0E-16,0E-16,0E-16
N4_strategy,glm-5.3,poolact,evidence_audit,task,cc-large:5,label_acc_mv,fraction,4,cost_tight,item_equal_weight_after_within_item_mean,100,0–100,percentage_points,true,,,,,,,,,,,,,,,,,,,0.8823529411764706,1,1,0,2639,glm_rerun_20260912,0.8823529411764706,1,1,0,2635,glm_rerun_20260912,0.8823529411764706,1,1,0,2643,glm_rerun_20260912,,,,0E-16,0E-16,0E-16
N4_strategy,glm-5.3,poolact,evidence_audit,task,cc-large:6,evidence_acc_mi,fraction,4,cost_tight,item_equal_weight_after_within_item_mean,100,0–100,percentage_points,true,,,,,,,,,,,,,,,,,,,0.5294117647058824,1,1,0,2648,glm_rerun_20260912,0.5147058823529412,1,1,0,2644,glm_rerun_20260912,0.9117647058823529,1,1,0,2652,glm_rerun_20260912,,,,-0.0147058823529412,0.3823529411764705,0.3970588235294117
N4_strategy,glm-5.3,poolact,evidence_audit,task,cc-large:6,evidence_acc_mv,fraction,4,cost_tight,item_equal_weight_after_within_item_mean,100,0–100,percentage_points,true,,,,,,,,,,,,,,,,,,,0.7058823529411765,1,1,0,2649,glm_rerun_20260912,0.7058823529411765,1,1,0,2645,glm_rerun_20260912,1.0,1,1,0,2653,glm_rerun_20260912,,,,0E-16,0.2941176470588235,0.2941176470588235
N4_strategy,glm-5.3,poolact,evidence_audit,task,cc-large:6,label_acc_mi,fraction,4,cost_tight,item_equal_weight_after_within_item_mean,100,0–100,percentage_points,true,,,,,,,,,,,,,,,,,,,0.7058823529411764,1,1,0,2650,glm_rerun_20260912,0.6911764705882353,1,1,0,2646,glm_rerun_20260912,1.0,1,1,0,2654,glm_rerun_20260912,,,,-0.0147058823529411,0.2941176470588236,0.3088235294117647
N4_strategy,glm-5.3,poolact,evidence_audit,task,cc-large:6,label_acc_mv,fraction,4,cost_tight,item_equal_weight_after_within_item_mean,100,0–100,percentage_points,true,,,,,,,,,,,,,,,,,,,0.9411764705882353,1,1,0,2651,glm_rerun_20260912,0.9411764705882353,1,1,0,2647,glm_rerun_20260912,1.0,1,1,0,2655,glm_rerun_20260912,,,,0E-16,0.0588235294117647,0.0588235294117647
N4_strategy,glm-5.3,poolact,evidence_audit,task,cc-large:7,evidence_acc_mi,fraction,4,cost_tight,item_equal_weight_after_within_item_mean,100,0–100,percentage_points,true,,,,,,,,,,,,,,,,,,,0.7941176470588235,1,1,0,2660,glm_rerun_20260912,0.8676470588235294,1,1,0,2656,glm_rerun_20260912,0.9411764705882353,1,1,0,2664,glm_rerun_20260912,,,,0.0735294117647059,0.1470588235294118,0.0735294117647059
N4_strategy,glm-5.3,poolact,evidence_audit,task,cc-large:7,evidence_acc_mv,fraction,4,cost_tight,item_equal_weight_after_within_item_mean,100,0–100,percentage_points,true,,,,,,,,,,,,,,,,,,,0.8235294117647058,1,1,0,2661,glm_rerun_20260912,0.8823529411764706,1,1,0,2657,glm_rerun_20260912,0.9411764705882353,1,1,0,2665,glm_rerun_20260912,,,,0.0588235294117648,0.1176470588235295,0.0588235294117647
N4_strategy,glm-5.3,poolact,evidence_audit,task,cc-large:7,label_acc_mi,fraction,4,cost_tight,item_equal_weight_after_within_item_mean,100,0–100,percentage_points,true,,,,,,,,,,,,,,,,,,,0.8823529411764706,1,1,0,2662,glm_rerun_20260912,0.9411764705882353,1,1,0,2658,glm_rerun_20260912,1.0,1,1,0,2666,glm_rerun_20260912,,,,0.0588235294117647,0.1176470588235294,0.0588235294117647
N4_strategy,glm-5.3,poolact,evidence_audit,task,cc-large:7,label_acc_mv,fraction,4,cost_tight,item_equal_weight_after_within_item_mean,100,0–100,percentage_points,true,,,,,,,,,,,,,,,,,,,0.9411764705882353,1,1,0,2663,glm_rerun_20260912,0.9411764705882353,1,1,0,2659,glm_rerun_20260912,1.0,1,1,0,2667,glm_rerun_20260912,,,,0E-16,0.0588235294117647,0.0588235294117647
N4_strategy,glm-5.3,poolact,evidence_audit,task,cc-large:8,evidence_acc_mi,fraction,4,cost_tight,item_equal_weight_after_within_item_mean,100,0–100,percentage_points,true,,,,,,,,,,,,,,,,,,,0.7205882352941176,1,1,0,2672,glm_rerun_20260912,0.6176470588235294,1,1,0,2668,glm_rerun_20260912,0.9411764705882353,1,1,0,2676,glm_rerun_20260912,,,,-0.1029411764705882,0.2205882352941177,0.3235294117647059
N4_strategy,glm-5.3,poolact,evidence_audit,task,cc-large:8,evidence_acc_mv,fraction,4,cost_tight,item_equal_weight_after_within_item_mean,100,0–100,percentage_points,true,,,,,,,,,,,,,,,,,,,0.7647058823529411,1,1,0,2673,glm_rerun_20260912,0.7058823529411765,1,1,0,2669,glm_rerun_20260912,0.9411764705882353,1,1,0,2677,glm_rerun_20260912,,,,-0.0588235294117646,0.1764705882352942,0.2352941176470588
N4_strategy,glm-5.3,poolact,evidence_audit,task,cc-large:8,label_acc_mi,fraction,4,cost_tight,item_equal_weight_after_within_item_mean,100,0–100,percentage_points,true,,,,,,,,,,,,,,,,,,,0.9852941176470589,1,1,0,2674,glm_rerun_20260912,1.0,1,1,0,2670,glm_rerun_20260912,1.0,1,1,0,2678,glm_rerun_20260912,,,,0.0147058823529411,0.0147058823529411,0.0
N4_strategy,glm-5.3,poolact,evidence_audit,task,cc-large:8,label_acc_mv,fraction,4,cost_tight,item_equal_weight_after_within_item_mean,100,0–100,percentage_points,true,,,,,,,,,,,,,,,,,,,1.0,1,1,0,2675,glm_rerun_20260912,1.0,1,1,0,2671,glm_rerun_20260912,1.0,1,1,0,2679,glm_rerun_20260912,,,,0.0,0.0,0.0
N4_strategy,glm-5.3,poolact,evidence_audit,task,cc-large:9,evidence_acc_mi,fraction,4,cost_tight,item_equal_weight_after_within_item_mean,100,0–100,percentage_points,true,,,,,,,,,,,,,,,,,,,0.47058823529411764,1,1,0,2684,glm_rerun_20260912,0.5147058823529411,1,1,0,2680,glm_rerun_20260912,0.4411764705882353,1,1,0,2688,glm_rerun_20260912,,,,0.04411764705882346,-0.02941176470588234,-0.0735294117647058
N4_strategy,glm-5.3,poolact,evidence_audit,task,cc-large:9,evidence_acc_mv,fraction,4,cost_tight,item_equal_weight_after_within_item_mean,100,0–100,percentage_points,true,,,,,,,,,,,,,,,,,,,0.47058823529411764,1,1,0,2685,glm_rerun_20260912,0.47058823529411764,1,1,0,2681,glm_rerun_20260912,0.8823529411764706,1,1,0,2689,glm_rerun_20260912,,,,0E-17,0.41176470588235296,0.41176470588235296
N4_strategy,glm-5.3,poolact,evidence_audit,task,cc-large:9,label_acc_mi,fraction,4,cost_tight,item_equal_weight_after_within_item_mean,100,0–100,percentage_points,true,,,,,,,,,,,,,,,,,,,0.8088235294117647,1,1,0,2686,glm_rerun_20260912,0.8235294117647058,1,1,0,2682,glm_rerun_20260912,0.4411764705882353,1,1,0,2690,glm_rerun_20260912,,,,0.0147058823529411,-0.3676470588235294,-0.3823529411764705
N4_strategy,glm-5.3,poolact,evidence_audit,task,cc-large:9,label_acc_mv,fraction,4,cost_tight,item_equal_weight_after_within_item_mean,100,0–100,percentage_points,true,,,,,,,,,,,,,,,,,,,0.8235294117647058,1,1,0,2687,glm_rerun_20260912,0.8235294117647058,1,1,0,2683,glm_rerun_20260912,0.8823529411764706,1,1,0,2691,glm_rerun_20260912,,,,0E-16,0.0588235294117648,0.0588235294117648
N4_strategy,glm-5.3,poolact,restricted_search,all,all,f1_mi,fraction,4,cost_moderate,pool_aggregate_N4,100,0–100,percentage_points,true,,,,,,,,,,,,,,,,,,,0.5994055508761391,39,39,0,2694,glm_original,0.6201107715813599,39,39,0,2692,glm_original,0.6590892422042904,39,39,0,2696,glm_original,,,,0.0207052207052208,0.0596836913281513,0.0389784706229305
N4_strategy,glm-5.3,poolact,restricted_search,all,all,f1_mi,fraction,4,cost_tight,pool_aggregate_N4,100,0–100,percentage_points,true,,,,,,,,,,,,,,,,,,,0.20325540472599296,39,39,0,2700,glm_original,0.20325540472599296,39,39,0,2698,glm_original,0.24742512389571214,39,39,0,2702,glm_original,,,,0E-17,0.04416971916971918,0.04416971916971918
N4_strategy,glm-5.3,poolact,restricted_search,all,all,f1_mv,fraction,4,cost_moderate,pool_aggregate_N4,100,0–100,percentage_points,true,,,,,,,,,,,,,,,,,,,0.620278196748785,39,39,0,2695,glm_original,0.6567250831956715,39,39,0,2693,glm_original,0.6574188338894221,39,39,0,2697,glm_original,,,,0.0364468864468865,0.0371406371406371,0.0006937506937506
N4_strategy,glm-5.3,poolact,restricted_search,all,all,f1_mv,fraction,4,cost_tight,pool_aggregate_N4,100,0–100,percentage_points,true,,,,,,,,,,,,,,,,,,,0.2085972850678733,39,39,0,2701,glm_original,0.2085972850678733,39,39,0,2699,glm_original,0.30005027652086474,39,39,0,2703,glm_original,,,,0E-16,0.09145299145299144,0.09145299145299144
N4_strategy,glm-5.3,poolact,restricted_search,family,whois,f1_mi,fraction,4,cost_moderate,pool_aggregate_N4,100,0–100,percentage_points,true,,,,,,,,,,,,,,,,,,,0.5994055508761391,39,39,0,2706,glm_original,0.6201107715813599,39,39,0,2704,glm_original,0.6590892422042904,39,39,0,2708,glm_original,,,,0.0207052207052208,0.0596836913281513,0.0389784706229305
N4_strategy,glm-5.3,poolact,restricted_search,family,whois,f1_mi,fraction,4,cost_tight,pool_aggregate_N4,100,0–100,percentage_points,true,,,,,,,,,,,,,,,,,,,0.20325540472599296,39,39,0,2712,glm_original,0.20325540472599296,39,39,0,2710,glm_original,0.24742512389571214,39,39,0,2714,glm_original,,,,0E-17,0.04416971916971918,0.04416971916971918
N4_strategy,glm-5.3,poolact,restricted_search,family,whois,f1_mv,fraction,4,cost_moderate,pool_aggregate_N4,100,0–100,percentage_points,true,,,,,,,,,,,,,,,,,,,0.620278196748785,39,39,0,2707,glm_original,0.6567250831956715,39,39,0,2705,glm_original,0.6574188338894221,39,39,0,2709,glm_original,,,,0.0364468864468865,0.0371406371406371,0.0006937506937506
N4_strategy,glm-5.3,poolact,restricted_search,family,whois,f1_mv,fraction,4,cost_tight,pool_aggregate_N4,100,0–100,percentage_points,true,,,,,,,,,,,,,,,,,,,0.2085972850678733,39,39,0,2713,glm_original,0.2085972850678733,39,39,0,2711,glm_original,0.30005027652086474,39,39,0,2715,glm_original,,,,0E-16,0.09145299145299144,0.09145299145299144
N4_strategy,glm-5.3,poolact,tuning,all,all,gap0_bon,Gap points,4,cost_moderate,pool_aggregate_N4,1,Gap points,Gap points,true,,,,,,,,,,,,,,,,,,,99.00768631935762,9,9,0,2722,glm_original,99.11594132011041,9,9,0,2716,glm_original,99.3807389847863,9,9,0,2728,glm_original,,,,0.10825500075279,0.37305266542868,0.26479766467589
N4_strategy,glm-5.3,poolact,tuning,all,all,gap0_bon,Gap points,4,cost_tight,item_equal_weight_after_within_item_mean,1,Gap points,Gap points,true,,,,,,,,,,,,,,,,,,,93.13167526208728,9,9,0,2740,glm_rerun_20260912,94.86674861114906,9,9,0,2734,glm_rerun_20260912,98.36588204730796,9,9,0,2746,glm_rerun_20260912,,,,1.73507334906178,5.23420678522068,3.49913343615890
N4_strategy,glm-5.3,poolact,tuning,all,all,gap0_mi,Gap points,4,cost_moderate,pool_aggregate_N4,1,Gap points,Gap points,true,,,,,,,,,,,,,,,,,,,97.87332960162215,9,9,0,2723,glm_original,98.06133287597413,9,9,0,2717,glm_original,98.96582781948116,9,9,0,2729,glm_original,,,,0.18800327435198,1.09249821785901,0.90449494350703
N4_strategy,glm-5.3,poolact,tuning,all,all,gap0_mi,Gap points,4,cost_tight,item_equal_weight_after_within_item_mean,1,Gap points,Gap points,true,,,,,,,,,,,,,,,,,,,85.92950088398068,9,9,0,2741,glm_rerun_20260912,86.57074750139166,9,9,0,2735,glm_rerun_20260912,94.33103637151207,9,9,0,2747,glm_rerun_20260912,,,,0.64124661741098,8.40153548753139,7.76028887012041
N4_strategy,glm-5.3,poolact,tuning,all,all,gap_bon,Gap points,4,cost_moderate,pool_aggregate_N4,1,Gap points,Gap points,true,,,,,,,,,,,,,,,,,,,99.00768631935762,9,9,0,2724,glm_original,99.11594132011041,9,9,0,2718,glm_original,99.3807389847863,9,9,0,2730,glm_original,,,,0.10825500075279,0.37305266542868,0.26479766467589
N4_strategy,glm-5.3,poolact,tuning,all,all,gap_bon,Gap points,4,cost_tight,item_equal_weight_after_within_item_mean,1,Gap points,Gap points,true,,,,,,,,,,,,,,,,,,,93.13167526208728,9,9,0,2742,glm_rerun_20260912,94.86674861114906,9,9,0,2736,glm_rerun_20260912,98.36588204730796,9,9,0,2748,glm_rerun_20260912,,,,1.73507334906178,5.23420678522068,3.49913343615890
N4_strategy,glm-5.3,poolact,tuning,all,all,gap_mi,Gap points,4,cost_moderate,pool_aggregate_N4,1,Gap points,Gap points,true,,,,,,,,,,,,,,,,,,,97.87332960162215,9,9,0,2725,glm_original,98.06133287597413,9,9,0,2719,glm_original,98.96582781948116,9,9,0,2731,glm_original,,,,0.18800327435198,1.09249821785901,0.90449494350703
N4_strategy,glm-5.3,poolact,tuning,all,all,gap_mi,Gap points,4,cost_tight,item_equal_weight_after_within_item_mean,1,Gap points,Gap points,true,,,,,,,,,,,,,,,,,,,85.92950088398068,9,9,0,2743,glm_rerun_20260912,86.57074750139166,9,9,0,2737,glm_rerun_20260912,94.33103637151207,9,9,0,2749,glm_rerun_20260912,,,,0.64124661741098,8.40153548753139,7.76028887012041
N4_strategy,glm-5.3,poolact,tuning,all,all,raw_perf_bon,fraction,4,cost_moderate,pool_aggregate_N4,100,0–100,percentage_points,true,,,,,,,,,,,,,,,,,,,0.942712046481945,9,9,0,2726,glm_original,0.9433241354094611,9,9,0,2720,glm_original,0.9444778274606775,9,9,0,2732,glm_original,,,,0.0006120889275161,0.0017657809787325,0.0011536920512164
N4_strategy,glm-5.3,poolact,tuning,all,all,raw_perf_bon,fraction,4,cost_tight,item_equal_weight_after_within_item_mean,100,0–100,percentage_points,true,,,,,,,,,,,,,,,,,,,0.9067099889119467,9,9,0,2744,glm_rerun_20260912,0.917931647212417,9,9,0,2738,glm_rerun_20260912,0.938657405199828,9,9,0,2750,glm_rerun_20260912,,,,0.0112216583004703,0.0319474162878813,0.020725757987411
N4_strategy,glm-5.3,poolact,tuning,all,all,raw_perf_mi,fraction,4,cost_moderate,pool_aggregate_N4,100,0–100,percentage_points,true,,,,,,,,,,,,,,,,,,,0.9371726247999403,9,9,0,2727,glm_original,0.9381974118727225,9,9,0,2721,glm_original,0.9424208325368386,9,9,0,2733,glm_original,,,,0.0010247870727822,0.0052482077368983,0.0042234206641161
N4_strategy,glm-5.3,poolact,tuning,all,all,raw_perf_mi,fraction,4,cost_tight,item_equal_weight_after_within_item_mean,100,0–100,percentage_points,true,,,,,,,,,,,,,,,,,,,0.8841683687987151,9,9,0,2745,glm_rerun_20260912,0.8840737734679822,9,9,0,2739,glm_rerun_20260912,0.9219083846719176,9,9,0,2751,glm_rerun_20260912,,,,-0.0000945953307329,0.0377400158732025,0.0378346112039354
N4_strategy,glm-5.3,poolact,tuning,family,nasbench101,gap0_bon,Gap points,4,cost_moderate,pool_aggregate_N4,1,Gap points,Gap points,true,,,,,,,,,,,,,,,,,,,99.00768631935762,9,9,0,2758,glm_original,99.11594132011041,9,9,0,2752,glm_original,99.3807389847863,9,9,0,2764,glm_original,,,,0.10825500075279,0.37305266542868,0.26479766467589
N4_strategy,glm-5.3,poolact,tuning,family,nasbench101,gap0_bon,Gap points,4,cost_tight,item_equal_weight_after_within_item_mean,1,Gap points,Gap points,true,,,,,,,,,,,,,,,,,,,93.13167526208728,9,9,0,2776,glm_rerun_20260912,94.86674861114906,9,9,0,2770,glm_rerun_20260912,98.36588204730796,9,9,0,2782,glm_rerun_20260912,,,,1.73507334906178,5.23420678522068,3.49913343615890
N4_strategy,glm-5.3,poolact,tuning,family,nasbench101,gap0_mi,Gap points,4,cost_moderate,pool_aggregate_N4,1,Gap points,Gap points,true,,,,,,,,,,,,,,,,,,,97.87332960162215,9,9,0,2759,glm_original,98.06133287597413,9,9,0,2753,glm_original,98.96582781948116,9,9,0,2765,glm_original,,,,0.18800327435198,1.09249821785901,0.90449494350703
N4_strategy,glm-5.3,poolact,tuning,family,nasbench101,gap0_mi,Gap points,4,cost_tight,item_equal_weight_after_within_item_mean,1,Gap points,Gap points,true,,,,,,,,,,,,,,,,,,,85.92950088398068,9,9,0,2777,glm_rerun_20260912,86.57074750139166,9,9,0,2771,glm_rerun_20260912,94.33103637151207,9,9,0,2783,glm_rerun_20260912,,,,0.64124661741098,8.40153548753139,7.76028887012041
N4_strategy,glm-5.3,poolact,tuning,family,nasbench101,gap_bon,Gap points,4,cost_moderate,pool_aggregate_N4,1,Gap points,Gap points,true,,,,,,,,,,,,,,,,,,,99.00768631935762,9,9,0,2760,glm_original,99.11594132011041,9,9,0,2754,glm_original,99.3807389847863,9,9,0,2766,glm_original,,,,0.10825500075279,0.37305266542868,0.26479766467589
N4_strategy,glm-5.3,poolact,tuning,family,nasbench101,gap_bon,Gap points,4,cost_tight,item_equal_weight_after_within_item_mean,1,Gap points,Gap points,true,,,,,,,,,,,,,,,,,,,93.13167526208728,9,9,0,2778,glm_rerun_20260912,94.86674861114906,9,9,0,2772,glm_rerun_20260912,98.36588204730796,9,9,0,2784,glm_rerun_20260912,,,,1.73507334906178,5.23420678522068,3.49913343615890
N4_strategy,glm-5.3,poolact,tuning,family,nasbench101,gap_mi,Gap points,4,cost_moderate,pool_aggregate_N4,1,Gap points,Gap points,true,,,,,,,,,,,,,,,,,,,97.87332960162215,9,9,0,2761,glm_original,98.06133287597413,9,9,0,2755,glm_original,98.96582781948116,9,9,0,2767,glm_original,,,,0.18800327435198,1.09249821785901,0.90449494350703
N4_strategy,glm-5.3,poolact,tuning,family,nasbench101,gap_mi,Gap points,4,cost_tight,item_equal_weight_after_within_item_mean,1,Gap points,Gap points,true,,,,,,,,,,,,,,,,,,,85.92950088398068,9,9,0,2779,glm_rerun_20260912,86.57074750139166,9,9,0,2773,glm_rerun_20260912,94.33103637151207,9,9,0,2785,glm_rerun_20260912,,,,0.64124661741098,8.40153548753139,7.76028887012041
N4_strategy,glm-5.3,poolact,tuning,family,nasbench101,raw_perf_bon,fraction,4,cost_moderate,pool_aggregate_N4,100,0–100,percentage_points,true,,,,,,,,,,,,,,,,,,,0.942712046481945,9,9,0,2762,glm_original,0.9433241354094611,9,9,0,2756,glm_original,0.9444778274606775,9,9,0,2768,glm_original,,,,0.0006120889275161,0.0017657809787325,0.0011536920512164
N4_strategy,glm-5.3,poolact,tuning,family,nasbench101,raw_perf_bon,fraction,4,cost_tight,item_equal_weight_after_within_item_mean,100,0–100,percentage_points,true,,,,,,,,,,,,,,,,,,,0.9067099889119467,9,9,0,2780,glm_rerun_20260912,0.917931647212417,9,9,0,2774,glm_rerun_20260912,0.938657405199828,9,9,0,2786,glm_rerun_20260912,,,,0.0112216583004703,0.0319474162878813,0.020725757987411
N4_strategy,glm-5.3,poolact,tuning,family,nasbench101,raw_perf_mi,fraction,4,cost_moderate,pool_aggregate_N4,100,0–100,percentage_points,true,,,,,,,,,,,,,,,,,,,0.9371726247999403,9,9,0,2763,glm_original,0.9381974118727225,9,9,0,2757,glm_original,0.9424208325368386,9,9,0,2769,glm_original,,,,0.0010247870727822,0.0052482077368983,0.0042234206641161
N4_strategy,glm-5.3,poolact,tuning,family,nasbench101,raw_perf_mi,fraction,4,cost_tight,item_equal_weight_after_within_item_mean,100,0–100,percentage_points,true,,,,,,,,,,,,,,,,,,,0.8841683687987151,9,9,0,2781,glm_rerun_20260912,0.8840737734679822,9,9,0,2775,glm_rerun_20260912,0.9219083846719176,9,9,0,2787,glm_rerun_20260912,,,,-0.0000945953307329,0.0377400158732025,0.0378346112039354
N4_strategy,glm-5.3,poolact,tuning,task,hpobench:nasbench101:A,gap0_bon,Gap points,4,cost_tight,item_equal_weight_after_within_item_mean,1,Gap points,Gap points,true,,,,,,,,,,,,,,,,,,,86.30562673213406,3,3,0,2806,glm_rerun_20260912,90.12157318441591,3,3,0,2800,glm_rerun_20260912,97.7882706011363,3,3,0,2812,glm_rerun_20260912,,,,3.81594645228185,11.48264386900224,7.66669741672039
N4_strategy,glm-5.3,poolact,tuning,task,hpobench:nasbench101:A,gap0_mi,Gap points,4,cost_tight,item_equal_weight_after_within_item_mean,1,Gap points,Gap points,true,,,,,,,,,,,,,,,,,,,85.89389400421533,3,3,0,2807,glm_rerun_20260912,86.84788061728578,3,3,0,2801,glm_rerun_20260912,94.15782189889416,3,3,0,2813,glm_rerun_20260912,,,,0.95398661307045,8.26392789467883,7.30994128160838
N4_strategy,glm-5.3,poolact,tuning,task,hpobench:nasbench101:A,gap_bon,Gap points,4,cost_moderate,pool_aggregate_N4,1,Gap points,Gap points,true,,,,,,,,,,,,,,,,,,,99.21529702453788,3,3,0,2792,glm_original,99.049178160994,3,3,0,2788,glm_original,99.52063487818532,3,3,0,2796,glm_original,,,,-0.16611886354388,0.30533785364744,0.47145671719132
N4_strategy,glm-5.3,poolact,tuning,task,hpobench:nasbench101:A,gap_bon,Gap points,4,cost_tight,item_equal_weight_after_within_item_mean,1,Gap points,Gap points,true,,,,,,,,,,,,,,,,,,,86.30562673213406,3,3,0,2808,glm_rerun_20260912,90.12157318441591,3,3,0,2802,glm_rerun_20260912,97.7882706011363,3,3,0,2814,glm_rerun_20260912,,,,3.81594645228185,11.48264386900224,7.66669741672039
N4_strategy,glm-5.3,poolact,tuning,task,hpobench:nasbench101:A,gap_mi,Gap points,4,cost_moderate,pool_aggregate_N4,1,Gap points,Gap points,true,,,,,,,,,,,,,,,,,,,97.77165989162783,3,3,0,2793,glm_original,97.88082223677894,3,3,0,2789,glm_original,98.99380614795611,3,3,0,2797,glm_original,,,,0.10916234515111,1.22214625632828,1.11298391117717
N4_strategy,glm-5.3,poolact,tuning,task,hpobench:nasbench101:A,gap_mi,Gap points,4,cost_tight,item_equal_weight_after_within_item_mean,1,Gap points,Gap points,true,,,,,,,,,,,,,,,,,,,85.89389400421533,3,3,0,2809,glm_rerun_20260912,86.84788061728578,3,3,0,2803,glm_rerun_20260912,94.15782189889416,3,3,0,2815,glm_rerun_20260912,,,,0.95398661307045,8.26392789467883,7.30994128160838
N4_strategy,glm-5.3,poolact,tuning,task,hpobench:nasbench101:A,raw_perf_bon,fraction,4,cost_moderate,pool_aggregate_N4,100,0–100,percentage_points,true,,,,,,,,,,,,,,,,,,,0.9405604600906372,3,3,0,2794,glm_original,0.9393919110298157,3,3,0,2790,glm_original,0.9427083333333334,3,3,0,2798,glm_original,,,,-0.0011685490608215,0.0021478732426962,0.0033164223035177
N4_strategy,glm-5.3,poolact,tuning,task,hpobench:nasbench101:A,raw_perf_bon,fraction,4,cost_tight,item_equal_weight_after_within_item_mean,100,0–100,percentage_points,true,,,,,,,,,,,,,,,,,,,0.8497484789954292,3,3,0,2810,glm_rerun_20260912,0.8765914307700263,3,3,0,2804,glm_rerun_20260912,0.9305221637090048,3,3,0,2816,glm_rerun_20260912,,,,0.0268429517745971,0.0807736847135756,0.0539307329389785
N4_strategy,glm-5.3,poolact,tuning,task,hpobench:nasbench101:A,raw_perf_mi,fraction,4,cost_moderate,pool_aggregate_N4,100,0–100,percentage_points,true,,,,,,,,,,,,,,,,,,,0.9304053170813454,3,3,0,2795,glm_original,0.9311732103427252,3,3,0,2791,glm_original,0.9390024012989467,3,3,0,2799,glm_original,,,,0.0007678932613798,0.0085970842176013,0.0078291909562215
N4_strategy,glm-5.3,poolact,tuning,task,hpobench:nasbench101:A,raw_perf_mi,fraction,4,cost_tight,item_equal_weight_after_within_item_mean,100,0–100,percentage_points,true,,,,,,,,,,,,,,,,,,,0.8468521800306108,3,3,0,2811,glm_rerun_20260912,0.8535629179742601,3,3,0,2805,glm_rerun_20260912,0.9049840801291995,3,3,0,2817,glm_rerun_20260912,,,,0.0067107379436493,0.0581319000985887,0.0514211621549394
N4_strategy,glm-5.3,poolact,tuning,task,hpobench:nasbench101:B,gap0_bon,Gap points,4,cost_tight,item_equal_weight_after_within_item_mean,1,Gap points,Gap points,true,,,,,,,,,,,,,,,,,,,95.19629399788033,3,3,0,2836,glm_rerun_20260912,95.52818061967238,3,3,0,2830,glm_rerun_20260912,98.02611283436846,3,3,0,2842,glm_rerun_20260912,,,,0.33188662179205,2.82981883648813,2.49793221469608
N4_strategy,glm-5.3,poolact,tuning,task,hpobench:nasbench101:B,gap0_mi,Gap points,4,cost_tight,item_equal_weight_after_within_item_mean,1,Gap points,Gap points,true,,,,,,,,,,,,,,,,,,,77.45424822129564,3,3,0,2837,glm_rerun_20260912,81.47407416646881,3,3,0,2831,glm_rerun_20260912,90.55525945223113,3,3,0,2843,glm_rerun_20260912,,,,4.01982594517317,13.10101123093549,9.08118528576232
N4_strategy,glm-5.3,poolact,tuning,task,hpobench:nasbench101:B,gap_bon,Gap points,4,cost_moderate,pool_aggregate_N4,1,Gap points,Gap points,true,,,,,,,,,,,,,,,,,,,98.24883022604952,3,3,0,2822,glm_original,98.17459369426155,3,3,0,2818,glm_original,98.71609729617042,3,3,0,2826,glm_original,,,,-0.07423653178797,0.46726707012090,0.54150360190887
N4_strategy,glm-5.3,poolact,tuning,task,hpobench:nasbench101:B,gap_bon,Gap points,4,cost_tight,item_equal_weight_after_within_item_mean,1,Gap points,Gap points,true,,,,,,,,,,,,,,,,,,,95.19629399788033,3,3,0,2838,glm_rerun_20260912,95.52818061967238,3,3,0,2832,glm_rerun_20260912,98.02611283436846,3,3,0,2844,glm_rerun_20260912,,,,0.33188662179205,2.82981883648813,2.49793221469608
N4_strategy,glm-5.3,poolact,tuning,task,hpobench:nasbench101:B,gap_mi,Gap points,4,cost_moderate,pool_aggregate_N4,1,Gap points,Gap points,true,,,,,,,,,,,,,,,,,,,96.76295613044306,3,3,0,2823,glm_original,96.84811270376899,3,3,0,2819,glm_original,98.20297423772311,3,3,0,2827,glm_original,,,,0.08515657332593,1.44001810728005,1.35486153395412
N4_strategy,glm-5.3,poolact,tuning,task,hpobench:nasbench101:B,gap_mi,Gap points,4,cost_tight,item_equal_weight_after_within_item_mean,1,Gap points,Gap points,true,,,,,,,,,,,,,,,,,,,77.45424822129564,3,3,0,2839,glm_rerun_20260912,81.47407416646881,3,3,0,2833,glm_rerun_20260912,90.55525945223113,3,3,0,2845,glm_rerun_20260912,,,,4.01982594517317,13.10101123093549,9.08118528576232
N4_strategy,glm-5.3,poolact,tuning,task,hpobench:nasbench101:B,raw_perf_bon,fraction,4,cost_moderate,pool_aggregate_N4,100,0–100,percentage_points,true,,,,,,,,,,,,,,,,,,,0.9444889624913534,3,3,0,2824,glm_original,0.9442997773488363,3,3,0,2820,glm_original,0.9456797507074144,3,3,0,2828,glm_original,,,,-0.0001891851425171,0.0011907882160610,0.0013799733585781
N4_strategy,glm-5.3,poolact,tuning,task,hpobench:nasbench101:B,raw_perf_bon,fraction,4,cost_tight,item_equal_weight_after_within_item_mean,100,0–100,percentage_points,true,,,,,,,,,,,,,,,,,,,0.9367098477151659,3,3,0,2840,glm_rerun_20260912,0.9375556310017904,3,3,0,2834,glm_rerun_20260912,0.9439213871955872,3,3,0,2846,glm_rerun_20260912,,,,0.0008457832866245,0.0072115394804213,0.0063657561937968
N4_strategy,glm-5.3,poolact,tuning,task,hpobench:nasbench101:B,raw_perf_mi,fraction,4,cost_moderate,pool_aggregate_N4,100,0–100,percentage_points,true,,,,,,,,,,,,,,,,,,,0.9407023456361558,3,3,0,2825,glm_original,0.9409193595250448,3,3,0,2821,glm_original,0.9443721026182175,3,3,0,2829,glm_original,,,,0.0002170138888890,0.0036697569820617,0.0034527430931727
N4_strategy,glm-5.3,poolact,tuning,task,hpobench:nasbench101:B,raw_perf_mi,fraction,4,cost_tight,item_equal_weight_after_within_item_mean,100,0–100,percentage_points,true,,,,,,,,,,,,,,,,,,,0.8914958354499605,3,3,0,2841,glm_rerun_20260912,0.9017400013075935,3,3,0,2835,glm_rerun_20260912,0.9248825874593523,3,3,0,2847,glm_rerun_20260912,,,,0.0102441658576330,0.0333867520093918,0.0231425861517588
N4_strategy,glm-5.3,poolact,tuning,task,hpobench:nasbench101:C,gap0_bon,Gap points,4,cost_tight,item_equal_weight_after_within_item_mean,1,Gap points,Gap points,true,,,,,,,,,,,,,,,,,,,97.89310505624745,3,3,0,2866,glm_rerun_20260912,98.9504920293589,3,3,0,2860,glm_rerun_20260912,99.28326270641911,3,3,0,2872,glm_rerun_20260912,,,,1.05738697311145,1.39015765017166,0.33277067706021
N4_strategy,glm-5.3,poolact,tuning,task,hpobench:nasbench101:C,gap0_mi,Gap points,4,cost_tight,item_equal_weight_after_within_item_mean,1,Gap points,Gap points,true,,,,,,,,,,,,,,,,,,,94.44036042643107,3,3,0,2867,glm_rerun_20260912,91.39028772042042,3,3,0,2861,glm_rerun_20260912,98.28002776341091,3,3,0,2873,glm_rerun_20260912,,,,-3.05007270601065,3.83966733697984,6.88974004299049
N4_strategy,glm-5.3,poolact,tuning,task,hpobench:nasbench101:C,gap_bon,Gap points,4,cost_moderate,pool_aggregate_N4,1,Gap points,Gap points,true,,,,,,,,,,,,,,,,,,,99.55893170748544,3,3,0,2852,glm_original,100.12405210507566,3,3,0,2848,glm_original,99.90548478000316,3,3,0,2856,glm_original,,,,0.56512039759022,0.34655307251772,-0.21856732507250
N4_strategy,glm-5.3,poolact,tuning,task,hpobench:nasbench101:C,gap_bon,Gap points,4,cost_tight,item_equal_weight_after_within_item_mean,1,Gap points,Gap points,true,,,,,,,,,,,,,,,,,,,97.89310505624745,3,3,0,2868,glm_rerun_20260912,98.9504920293589,3,3,0,2862,glm_rerun_20260912,99.28326270641911,3,3,0,2874,glm_rerun_20260912,,,,1.05738697311145,1.39015765017166,0.33277067706021
N4_strategy,glm-5.3,poolact,tuning,task,hpobench:nasbench101:C,gap_mi,Gap points,4,cost_moderate,pool_aggregate_N4,1,Gap points,Gap points,true,,,,,,,,,,,,,,,,,,,99.08537278279553,3,3,0,2853,glm_original,99.45506368737445,3,3,0,2849,glm_original,99.70070307276427,3,3,0,2857,glm_original,,,,0.36969090457892,0.61533028996874,0.24563938538982
N4_strategy,glm-5.3,poolact,tuning,task,hpobench:nasbench101:C,gap_mi,Gap points,4,cost_tight,item_equal_weight_after_within_item_mean,1,Gap points,Gap points,true,,,,,,,,,,,,,,,,,,,94.44036042643107,3,3,0,2869,glm_rerun_20260912,91.39028772042042,3,3,0,2863,glm_rerun_20260912,98.28002776341091,3,3,0,2875,glm_rerun_20260912,,,,-3.05007270601065,3.83966733697984,6.88974004299049
N4_strategy,glm-5.3,poolact,tuning,task,hpobench:nasbench101:C,raw_perf_bon,fraction,4,cost_moderate,pool_aggregate_N4,100,0–100,percentage_points,true,,,,,,,,,,,,,,,,,,,0.9430867168638442,3,3,0,2854,glm_original,0.9462807178497314,3,3,0,2850,glm_original,0.9450453983412849,3,3,0,2858,glm_original,,,,0.0031940009858872,0.0019586814774407,-0.0012353195084465
N4_strategy,glm-5.3,poolact,tuning,task,hpobench:nasbench101:C,raw_perf_bon,fraction,4,cost_tight,item_equal_weight_after_within_item_mean,100,0–100,percentage_points,true,,,,,,,,,,,,,,,,,,,0.9336716400252448,3,3,0,2870,glm_rerun_20260912,0.9396478798654344,3,3,0,2864,glm_rerun_20260912,0.941528664694892,3,3,0,2876,glm_rerun_20260912,,,,0.0059762398401896,0.0078570246696472,0.0018807848294576
N4_strategy,glm-5.3,poolact,tuning,task,hpobench:nasbench101:C,raw_perf_mi,fraction,4,cost_moderate,pool_aggregate_N4,100,0–100,percentage_points,true,,,,,,,,,,,,,,,,,,,0.9404102116823196,3,3,0,2855,glm_original,0.9424996657503977,3,3,0,2851,glm_original,0.9438879936933517,3,3,0,2859,glm_original,,,,0.0020894540680781,0.0034777820110321,0.0013883279429540
N4_strategy,glm-5.3,poolact,tuning,task,hpobench:nasbench101:C,raw_perf_mi,fraction,4,cost_tight,item_equal_weight_after_within_item_mean,100,0–100,percentage_points,true,,,,,,,,,,,,,,,,,,,0.914157090915574,3,3,0,2871,glm_rerun_20260912,0.8969184011220932,3,3,0,2865,glm_rerun_20260912,0.9358584864272012,3,3,0,2877,glm_rerun_20260912,,,,-0.0172386897934808,0.0217013955116272,0.0389400853051080
N1_budget,gpt-5.6-sol,expgym,evidence_audit,all,all,evidence_acc,fraction,1,,document_mean_3_fixed_orders,100,0–100,percentage_points,true,0.7043740573152337,13,13,0,2878,gpt_original,0.6591251885369532,13,13,0,2880,gpt_original,0.5414781297134238,13,13,0,2882,gpt_original,,,,,,,,,,,,,,,,,,,-0.0452488687782805,-0.1628959276018099,-0.1176470588235294,,,
N1_budget,gpt-5.6-sol,expgym,evidence_audit,all,all,label_acc,fraction,1,,document_mean_3_fixed_orders,100,0–100,percentage_points,true,0.8597285067873303,13,13,0,2879,gpt_original,0.8793363499245852,13,13,0,2881,gpt_original,0.7873303167420814,13,13,0,2883,gpt_original,,,,,,,,,,,,,,,,,,,0.0196078431372549,-0.0723981900452489,-0.0920060331825038,,,
N1_budget,gpt-5.6-sol,expgym,evidence_audit,family,evidence_audit,evidence_acc,fraction,1,,document_mean_3_fixed_orders,100,0–100,percentage_points,true,0.7043740573152337,13,13,0,2884,gpt_original,0.6591251885369532,13,13,0,2886,gpt_original,0.5414781297134238,13,13,0,2888,gpt_original,,,,,,,,,,,,,,,,,,,-0.0452488687782805,-0.1628959276018099,-0.1176470588235294,,,
N1_budget,gpt-5.6-sol,expgym,evidence_audit,family,evidence_audit,label_acc,fraction,1,,document_mean_3_fixed_orders,100,0–100,percentage_points,true,0.8597285067873303,13,13,0,2885,gpt_original,0.8793363499245852,13,13,0,2887,gpt_original,0.7873303167420814,13,13,0,2889,gpt_original,,,,,,,,,,,,,,,,,,,0.0196078431372549,-0.0723981900452489,-0.0920060331825038,,,
N1_budget,gpt-5.6-sol,expgym,restricted_search,all,all,f1,fraction,1,,single_trace,100,0–100,percentage_points,true,0.6401135796784467,73,73,0,2890,gpt_original,0.5305997118648207,73,73,0,2891,gpt_original,0.1554855566136791,73,73,0,2892,gpt_original,,,,,,,,,,,,,,,,,,,-0.1095138678136260,-0.4846280230647676,-0.3751141552511416,,,
N1_budget,gpt-5.6-sol,expgym,restricted_search,family,whatis,f1,fraction,1,,single_trace,100,0–100,percentage_points,true,0.6542057999670456,34,34,0,2893,gpt_original,0.45387700534759357,34,34,0,2894,gpt_original,0.13868092691622103,34,34,0,2895,gpt_original,,,,,,,,,,,,,,,,,,,-0.20032879461945203,-0.51552487305082457,-0.31519607843137254,,,
N1_budget,gpt-5.6-sol,expgym,restricted_search,family,whois,f1,fraction,1,,single_trace,100,0–100,percentage_points,true,0.6278280542986425,39,39,0,2896,gpt_original,0.5974861739567622,39,39,0,2897,gpt_original,0.17013574660633485,39,39,0,2898,gpt_original,,,,,,,,,,,,,,,,,,,-0.0303418803418803,-0.45769230769230765,-0.42735042735042735,,,
N1_budget,gpt-5.6-sol,expgym,tuning,all,all,gap,Gap points,1,,single_trace,1,Gap points,Gap points,true,97.9732348609594,27,27,0,2899,gpt_original,96.61109513450062,27,27,0,2902,gpt_original,91.66092926519349,27,27,0,2905,gpt_original,,,,,,,,,,,,,,,,,,,-1.36213972645878,-6.31230559576591,-4.95016586930713,,,
N1_budget,gpt-5.6-sol,expgym,tuning,all,all,gap0,Gap points,1,,single_trace,1,Gap points,Gap points,true,97.9732348609594,27,27,0,2900,gpt_original,96.61109513450062,27,27,0,2903,gpt_original,91.66092926519349,27,27,0,2906,gpt_original,,,,,,,,,,,,,,,,,,,-1.36213972645878,-6.31230559576591,-4.95016586930713,,,
N1_budget,gpt-5.6-sol,expgym,tuning,all,all,raw_perf,fraction,1,,single_trace,100,0–100,percentage_points,true,0.82963529564379,27,27,0,2901,gpt_original,0.8274806679572211,27,27,0,2904,gpt_original,0.8205953473070042,27,27,0,2907,gpt_original,,,,,,,,,,,,,,,,,,,-0.0021546276865689,-0.0090399483367858,-0.0068853206502169,,,
N1_budget,gpt-5.6-sol,expgym,tuning,family,nasbench101,gap,Gap points,1,,single_trace,1,Gap points,Gap points,true,98.37784249896156,9,9,0,2908,gpt_original,98.3240016602899,9,9,0,2911,gpt_original,97.03084328092477,9,9,0,2914,gpt_original,,,,,,,,,,,,,,,,,,,-0.05384083867166,-1.34699921803679,-1.29315837936513,,,
N1_budget,gpt-5.6-sol,expgym,tuning,family,nasbench101,gap0,Gap points,1,,single_trace,1,Gap points,Gap points,true,98.37784249896156,9,9,0,2909,gpt_original,98.3240016602899,9,9,0,2912,gpt_original,97.03084328092477,9,9,0,2915,gpt_original,,,,,,,,,,,,,,,,,,,-0.05384083867166,-1.34699921803679,-1.29315837936513,,,
N1_budget,gpt-5.6-sol,expgym,tuning,family,nasbench101,raw_perf,fraction,1,,single_trace,100,0–100,percentage_points,true,0.9412059298268071,9,9,0,2910,gpt_original,0.9398852984110514,9,9,0,2913,gpt_original,0.933222786143974,9,9,0,2916,gpt_original,,,,,,,,,,,,,,,,,,,-0.0013206314157557,-0.0079831436828331,-0.0066625122670774,,,
N1_budget,gpt-5.6-sol,expgym,tuning,family,nasbench201,gap,Gap points,1,,single_trace,1,Gap points,Gap points,true,98.22953190702978,9,9,0,2917,gpt_original,96.23745766067792,9,9,0,2920,gpt_original,92.25786061606709,9,9,0,2923,gpt_original,,,,,,,,,,,,,,,,,,,-1.99207424635186,-5.97167129096269,-3.97959704461083,,,
N1_budget,gpt-5.6-sol,expgym,tuning,family,nasbench201,gap0,Gap points,1,,single_trace,1,Gap points,Gap points,true,98.22953190702978,9,9,0,2918,gpt_original,96.23745766067792,9,9,0,2921,gpt_original,92.25786061606709,9,9,0,2924,gpt_original,,,,,,,,,,,,,,,,,,,-1.99207424635186,-5.97167129096269,-3.97959704461083,,,
N1_budget,gpt-5.6-sol,expgym,tuning,family,nasbench201,raw_perf,fraction,1,,single_trace,100,0–100,percentage_points,true,0.7042728394930616,9,9,0,2919,gpt_original,0.7019382715625904,9,9,0,2922,gpt_original,0.6968617283879787,9,9,0,2925,gpt_original,,,,,,,,,,,,,,,,,,,-0.0023345679304712,-0.0074111111050829,-0.0050765431746117,,,
N1_budget,gpt-5.6-sol,expgym,tuning,family,paramnet,gap,Gap points,1,,single_trace,1,Gap points,Gap points,true,97.31233017688683,9,9,0,2926,gpt_original,95.27182608253405,9,9,0,2929,gpt_original,85.69408389858862,9,9,0,2932,gpt_original,,,,,,,,,,,,,,,,,,,-2.04050409435278,-11.61824627829821,-9.57774218394543,,,
N1_budget,gpt-5.6-sol,expgym,tuning,family,paramnet,gap0,Gap points,1,,single_trace,1,Gap points,Gap points,true,97.31233017688683,9,9,0,2927,gpt_original,95.27182608253405,9,9,0,2930,gpt_original,85.69408389858862,9,9,0,2933,gpt_original,,,,,,,,,,,,,,,,,,,-2.04050409435278,-11.61824627829821,-9.57774218394543,,,
N1_budget,gpt-5.6-sol,expgym,tuning,family,paramnet,raw_perf,fraction,1,,single_trace,100,0–100,percentage_points,true,0.8434271176115015,9,9,0,2928,gpt_original,0.8406184338980214,9,9,0,2931,gpt_original,0.83170152738906,9,9,0,2934,gpt_original,,,,,,,,,,,,,,,,,,,-0.0028086837134801,-0.0117255902224415,-0.0089169065089614,,,
N1_budget,gpt-5.6-sol,expgym,tuning,task,hpobench:nasbench101:A,gap,Gap points,1,,single_trace,1,Gap points,Gap points,true,99.43678507668942,3,3,0,2935,gpt_original,98.87831707910632,3,3,0,2937,gpt_original,96.61437714610061,3,3,0,2939,gpt_original,,,,,,,,,,,,,,,,,,,-0.55846799758310,-2.82240793058881,-2.26393993300571,,,
N1_budget,gpt-5.6-sol,expgym,tuning,task,hpobench:nasbench101:A,raw_perf,fraction,1,,single_trace,100,0–100,percentage_points,true,0.9421184990141127,3,3,0,2936,gpt_original,0.9381900032361349,3,3,0,2938,gpt_original,0.9222645097308688,3,3,0,2940,gpt_original,,,,,,,,,,,,,,,,,,,-0.0039284957779778,-0.0198539892832439,-0.0159254935052661,,,
N1_budget,gpt-5.6-sol,expgym,tuning,task,hpobench:nasbench101:B,gap,Gap points,1,,single_trace,1,Gap points,Gap points,true,96.36228260254255,3,3,0,2941,gpt_original,97.09593943417916,3,3,0,2943,gpt_original,95.4626811606237,3,3,0,2945,gpt_original,,,,,,,,,,,,,,,,,,,0.73365683163661,-0.89960144191885,-1.63325827355546,,,
N1_budget,gpt-5.6-sol,expgym,tuning,task,hpobench:nasbench101:B,raw_perf,fraction,1,,single_trace,100,0–100,percentage_points,true,0.939681265089247,3,3,0,2942,gpt_original,0.9415509237183465,3,3,0,2944,gpt_original,0.937388711505466,3,3,0,2946,gpt_original,,,,,,,,,,,,,,,,,,,0.0018696586290995,-0.002292553583781,-0.0041622122128805,,,
N1_budget,gpt-5.6-sol,expgym,tuning,task,hpobench:nasbench101:C,gap,Gap points,1,,single_trace,1,Gap points,Gap points,true,99.3344598176527,3,3,0,2947,gpt_original,98.99774846758419,3,3,0,2949,gpt_original,99.01547153604999,3,3,0,2951,gpt_original,,,,,,,,,,,,,,,,,,,-0.33671135006851,-0.31898828160271,0.01772306846580,,,
N1_budget,gpt-5.6-sol,expgym,tuning,task,hpobench:nasbench101:C,raw_perf,fraction,1,,single_trace,100,0–100,percentage_points,true,0.9418180253770616,3,3,0,2948,gpt_original,0.9399149682786729,3,3,0,2950,gpt_original,0.9400151371955872,3,3,0,2952,gpt_original,,,,,,,,,,,,,,,,,,,-0.0019030570983887,-0.0018028881814744,0.0001001689169143,,,
N1_budget,gpt-5.6-sol,expgym,tuning,task,hpobench:nasbench201:cifar10-valid,gap,Gap points,1,,single_trace,1,Gap points,Gap points,true,99.77666094550074,3,3,0,2953,gpt_original,98.8553873218363,3,3,0,2955,gpt_original,97.65493971987759,3,3,0,2957,gpt_original,,,,,,,,,,,,,,,,,,,-0.92127362366444,-2.12172122562315,-1.20044760195871,,,
N1_budget,gpt-5.6-sol,expgym,tuning,task,hpobench:nasbench201:cifar10-valid,raw_perf,fraction,1,,single_trace,100,0–100,percentage_points,true,0.9158888887478299,3,3,0,2954,gpt_original,0.9151555554850259,3,3,0,2956,gpt_original,0.9141999998996311,3,3,0,2958,gpt_original,,,,,,,,,,,,,,,,,,,-0.0007333332628040,-0.0016888888481988,-0.0009555555853948,,,
N1_budget,gpt-5.6-sol,expgym,tuning,task,hpobench:nasbench201:cifar100,gap,Gap points,1,,single_trace,1,Gap points,Gap points,true,98.30732453761647,3,3,0,2959,gpt_original,94.24854359018069,3,3,0,2961,gpt_original,95.26778902989552,3,3,0,2963,gpt_original,,,,,,,,,,,,,,,,,,,-4.05878094743578,-3.03953550772095,1.01924543971483,,,
N1_budget,gpt-5.6-sol,expgym,tuning,task,hpobench:nasbench201:cifar100,raw_perf,fraction,1,,single_trace,100,0–100,percentage_points,true,0.7329666666666667,3,3,0,2960,gpt_original,0.728011111111111,3,3,0,2962,gpt_original,0.7292555555555555,3,3,0,2964,gpt_original,,,,,,,,,,,,,,,,,,,-0.0049555555555557,-0.0037111111111112,0.0012444444444445,,,
N1_budget,gpt-5.6-sol,expgym,tuning,task,hpobench:nasbench201:imagenet16-120,gap,Gap points,1,,single_trace,1,Gap points,Gap points,true,96.60461023797212,3,3,0,2965,gpt_original,95.60844207001678,3,3,0,2967,gpt_original,83.85085309842816,3,3,0,2969,gpt_original,,,,,,,,,,,,,,,,,,,-0.99616816795534,-12.75375713954396,-11.75758897158862,,,
N1_budget,gpt-5.6-sol,expgym,tuning,task,hpobench:nasbench201:imagenet16-120,raw_perf,fraction,1,,single_trace,100,0–100,percentage_points,true,0.4639629630646882,3,3,0,2966,gpt_original,0.4626481480916342,3,3,0,2968,gpt_original,0.44712962970874925,3,3,0,2970,gpt_original,,,,,,,,,,,,,,,,,,,-0.0013148149730540,-0.01683333335593895,-0.01551851838288495,,,
N1_budget,gpt-5.6-sol,expgym,tuning,task,hpobench:paramnet:adult:steps,gap,Gap points,1,,single_trace,1,Gap points,Gap points,true,97.93942317721756,3,3,0,2971,gpt_original,90.92592336414813,3,3,0,2973,gpt_original,72.01344351468897,3,3,0,2975,gpt_original,,,,,,,,,,,,,,,,,,,-7.01349981306943,-25.92597966252859,-18.91247984945916,,,
N1_budget,gpt-5.6-sol,expgym,tuning,task,hpobench:paramnet:adult:steps,raw_perf,fraction,1,,single_trace,100,0–100,percentage_points,true,0.8528827190272235,3,3,0,2972,gpt_original,0.8499938295251793,3,3,0,2974,gpt_original,0.8422037010656462,3,3,0,2976,gpt_original,,,,,,,,,,,,,,,,,,,-0.0028888895020442,-0.0106790179615773,-0.0077901284595331,,,
N1_budget,gpt-5.6-sol,expgym,tuning,task,hpobench:paramnet:higgs:steps,gap,Gap points,1,,single_trace,1,Gap points,Gap points,true,94.81320083099271,3,3,0,2977,gpt_original,97.1469067315903,3,3,0,2979,gpt_original,89.70413390374331,3,3,0,2981,gpt_original,,,,,,,,,,,,,,,,,,,2.33370590059759,-5.10906692724940,-7.44277282784699,,,
N1_budget,gpt-5.6-sol,expgym,tuning,task,hpobench:paramnet:higgs:steps,raw_perf,fraction,1,,single_trace,100,0–100,percentage_points,true,0.716551355840329,3,3,0,2978,gpt_original,0.7185824134031272,3,3,0,2980,gpt_original,0.7121048619531709,3,3,0,2982,gpt_original,,,,,,,,,,,,,,,,,,,0.0020310575627982,-0.0044464938871581,-0.0064775514499563,,,
N1_budget,gpt-5.6-sol,expgym,tuning,task,hpobench:paramnet:letter:steps,gap,Gap points,1,,single_trace,1,Gap points,Gap points,true,99.18436652245022,3,3,0,2983,gpt_original,97.74264815186369,3,3,0,2985,gpt_original,95.36467427733355,3,3,0,2987,gpt_original,,,,,,,,,,,,,,,,,,,-1.44171837058653,-3.81969224511667,-2.37797387453014,,,
N1_budget,gpt-5.6-sol,expgym,tuning,task,hpobench:paramnet:letter:steps,raw_perf,fraction,1,,single_trace,100,0–100,percentage_points,true,0.9608472779669518,3,3,0,2984,gpt_original,0.9532790587657576,3,3,0,2986,gpt_original,0.9407960191483629,3,3,0,2988,gpt_original,,,,,,,,,,,,,,,,,,,-0.0075682192011942,-0.0200512588185889,-0.0124830396173947,,,
N4_strategy,gpt-5.6-sol,poolact,evidence_audit,all,all,evidence_acc_mi,fraction,4,cost_moderate,pool_aggregate_N4,100,0–100,percentage_points,true,,,,,,,,,,,,,,,,,,,0.6368778280542986,13,13,0,2993,gpt_original,0.5690045248868778,13,13,0,2989,gpt_original,0.5938914027149321,13,13,0,2997,gpt_original,,,,-0.0678733031674208,-0.0429864253393665,0.0248868778280543
N4_strategy,gpt-5.6-sol,poolact,evidence_audit,all,all,evidence_acc_mi,fraction,4,cost_tight,pool_aggregate_N4,100,0–100,percentage_points,true,,,,,,,,,,,,,,,,,,,0.497737556561086,13,13,0,3005,gpt_original,0.5237556561085973,13,13,0,3001,gpt_original,0.5916289592760181,13,13,0,3009,gpt_original,,,,0.0260180995475113,0.0938914027149321,0.0678733031674208
N4_strategy,gpt-5.6-sol,poolact,evidence_audit,all,all,evidence_acc_mv,fraction,4,cost_moderate,pool_aggregate_N4,100,0–100,percentage_points,true,,,,,,,,,,,,,,,,,,,0.6470588235294118,13,13,0,2994,gpt_original,0.6515837104072398,13,13,0,2990,gpt_original,0.6742081447963801,13,13,0,2998,gpt_original,,,,0.0045248868778280,0.0271493212669683,0.0226244343891403
N4_strategy,gpt-5.6-sol,poolact,evidence_audit,all,all,evidence_acc_mv,fraction,4,cost_tight,pool_aggregate_N4,100,0–100,percentage_points,true,,,,,,,,,,,,,,,,,,,0.5158371040723982,13,13,0,3006,gpt_original,0.5882352941176471,13,13,0,3002,gpt_original,0.6244343891402715,13,13,0,3010,gpt_original,,,,0.0723981900452489,0.1085972850678733,0.0361990950226244
N4_strategy,gpt-5.6-sol,poolact,evidence_audit,all,all,label_acc_mi,fraction,4,cost_moderate,pool_aggregate_N4,100,0–100,percentage_points,true,,,,,,,,,,,,,,,,,,,0.8438914027149321,13,13,0,2995,gpt_original,0.7861990950226244,13,13,0,2991,gpt_original,0.7816742081447964,13,13,0,2999,gpt_original,,,,-0.0576923076923077,-0.0622171945701357,-0.0045248868778280
N4_strategy,gpt-5.6-sol,poolact,evidence_audit,all,all,label_acc_mi,fraction,4,cost_tight,pool_aggregate_N4,100,0–100,percentage_points,true,,,,,,,,,,,,,,,,,,,0.7726244343891403,13,13,0,3007,gpt_original,0.7567873303167421,13,13,0,3003,gpt_original,0.8280542986425339,13,13,0,3011,gpt_original,,,,-0.0158371040723982,0.0554298642533936,0.0712669683257918
N4_strategy,gpt-5.6-sol,poolact,evidence_audit,all,all,label_acc_mv,fraction,4,cost_moderate,pool_aggregate_N4,100,0–100,percentage_points,true,,,,,,,,,,,,,,,,,,,0.8416289592760181,13,13,0,2996,gpt_original,0.8778280542986425,13,13,0,2992,gpt_original,0.8687782805429864,13,13,0,3000,gpt_original,,,,0.0361990950226244,0.0271493212669683,-0.0090497737556561
N4_strategy,gpt-5.6-sol,poolact,evidence_audit,all,all,label_acc_mv,fraction,4,cost_tight,pool_aggregate_N4,100,0–100,percentage_points,true,,,,,,,,,,,,,,,,,,,0.7918552036199095,13,13,0,3008,gpt_original,0.8371040723981901,13,13,0,3004,gpt_original,0.8597285067873303,13,13,0,3012,gpt_original,,,,0.0452488687782806,0.0678733031674208,0.0226244343891402
N4_strategy,gpt-5.6-sol,poolact,evidence_audit,family,evidence_audit,evidence_acc_mi,fraction,4,cost_moderate,pool_aggregate_N4,100,0–100,percentage_points,true,,,,,,,,,,,,,,,,,,,0.6368778280542986,13,13,0,3017,gpt_original,0.5690045248868778,13,13,0,3013,gpt_original,0.5938914027149321,13,13,0,3021,gpt_original,,,,-0.0678733031674208,-0.0429864253393665,0.0248868778280543
N4_strategy,gpt-5.6-sol,poolact,evidence_audit,family,evidence_audit,evidence_acc_mi,fraction,4,cost_tight,pool_aggregate_N4,100,0–100,percentage_points,true,,,,,,,,,,,,,,,,,,,0.497737556561086,13,13,0,3029,gpt_original,0.5237556561085973,13,13,0,3025,gpt_original,0.5916289592760181,13,13,0,3033,gpt_original,,,,0.0260180995475113,0.0938914027149321,0.0678733031674208
N4_strategy,gpt-5.6-sol,poolact,evidence_audit,family,evidence_audit,evidence_acc_mv,fraction,4,cost_moderate,pool_aggregate_N4,100,0–100,percentage_points,true,,,,,,,,,,,,,,,,,,,0.6470588235294118,13,13,0,3018,gpt_original,0.6515837104072398,13,13,0,3014,gpt_original,0.6742081447963801,13,13,0,3022,gpt_original,,,,0.0045248868778280,0.0271493212669683,0.0226244343891403
N4_strategy,gpt-5.6-sol,poolact,evidence_audit,family,evidence_audit,evidence_acc_mv,fraction,4,cost_tight,pool_aggregate_N4,100,0–100,percentage_points,true,,,,,,,,,,,,,,,,,,,0.5158371040723982,13,13,0,3030,gpt_original,0.5882352941176471,13,13,0,3026,gpt_original,0.6244343891402715,13,13,0,3034,gpt_original,,,,0.0723981900452489,0.1085972850678733,0.0361990950226244
N4_strategy,gpt-5.6-sol,poolact,evidence_audit,family,evidence_audit,label_acc_mi,fraction,4,cost_moderate,pool_aggregate_N4,100,0–100,percentage_points,true,,,,,,,,,,,,,,,,,,,0.8438914027149321,13,13,0,3019,gpt_original,0.7861990950226244,13,13,0,3015,gpt_original,0.7816742081447964,13,13,0,3023,gpt_original,,,,-0.0576923076923077,-0.0622171945701357,-0.0045248868778280
N4_strategy,gpt-5.6-sol,poolact,evidence_audit,family,evidence_audit,label_acc_mi,fraction,4,cost_tight,pool_aggregate_N4,100,0–100,percentage_points,true,,,,,,,,,,,,,,,,,,,0.7726244343891403,13,13,0,3031,gpt_original,0.7567873303167421,13,13,0,3027,gpt_original,0.8280542986425339,13,13,0,3035,gpt_original,,,,-0.0158371040723982,0.0554298642533936,0.0712669683257918
N4_strategy,gpt-5.6-sol,poolact,evidence_audit,family,evidence_audit,label_acc_mv,fraction,4,cost_moderate,pool_aggregate_N4,100,0–100,percentage_points,true,,,,,,,,,,,,,,,,,,,0.8416289592760181,13,13,0,3020,gpt_original,0.8778280542986425,13,13,0,3016,gpt_original,0.8687782805429864,13,13,0,3024,gpt_original,,,,0.0361990950226244,0.0271493212669683,-0.0090497737556561
N4_strategy,gpt-5.6-sol,poolact,evidence_audit,family,evidence_audit,label_acc_mv,fraction,4,cost_tight,pool_aggregate_N4,100,0–100,percentage_points,true,,,,,,,,,,,,,,,,,,,0.7918552036199095,13,13,0,3032,gpt_original,0.8371040723981901,13,13,0,3028,gpt_original,0.8597285067873303,13,13,0,3036,gpt_original,,,,0.0452488687782806,0.0678733031674208,0.0226244343891402
N4_strategy,gpt-5.6-sol,poolact,restricted_search,all,all,f1_mi,fraction,4,cost_moderate,pool_aggregate_N4,100,0–100,percentage_points,true,,,,,,,,,,,,,,,,,,,0.6139696904402787,39,39,0,3039,gpt_original,0.6264239028944911,39,39,0,3037,gpt_original,0.5774922789628671,39,39,0,3041,gpt_original,,,,0.0124542124542124,-0.0364774114774116,-0.0489316239316240
N4_strategy,gpt-5.6-sol,poolact,restricted_search,all,all,f1_mi,fraction,4,cost_tight,pool_aggregate_N4,100,0–100,percentage_points,true,,,,,,,,,,,,,,,,,,,0.19577677224736048,39,39,0,3045,gpt_original,0.19254666901725725,39,39,0,3043,gpt_original,0.23849924585218701,39,39,0,3047,gpt_original,,,,-0.00323010323010323,0.04272247360482653,0.04595257683492976
N4_strategy,gpt-5.6-sol,poolact,restricted_search,all,all,f1_mv,fraction,4,cost_moderate,pool_aggregate_N4,100,0–100,percentage_points,true,,,,,,,,,,,,,,,,,,,0.6231271995977878,39,39,0,3040,gpt_original,0.6377792142498024,39,39,0,3038,gpt_original,0.6060331825037707,39,39,0,3042,gpt_original,,,,0.0146520146520146,-0.0170940170940171,-0.0317460317460317
N4_strategy,gpt-5.6-sol,poolact,restricted_search,all,all,f1_mv,fraction,4,cost_tight,pool_aggregate_N4,100,0–100,percentage_points,true,,,,,,,,,,,,,,,,,,,0.1915032679738562,39,39,0,3046,gpt_original,0.20275867922926746,39,39,0,3044,gpt_original,0.21885369532428356,39,39,0,3048,gpt_original,,,,0.01125541125541126,0.02735042735042736,0.01609501609501610
N4_strategy,gpt-5.6-sol,poolact,restricted_search,family,whois,f1_mi,fraction,4,cost_moderate,pool_aggregate_N4,100,0–100,percentage_points,true,,,,,,,,,,,,,,,,,,,0.6139696904402787,39,39,0,3051,gpt_original,0.6264239028944911,39,39,0,3049,gpt_original,0.5774922789628671,39,39,0,3053,gpt_original,,,,0.0124542124542124,-0.0364774114774116,-0.0489316239316240
N4_strategy,gpt-5.6-sol,poolact,restricted_search,family,whois,f1_mi,fraction,4,cost_tight,pool_aggregate_N4,100,0–100,percentage_points,true,,,,,,,,,,,,,,,,,,,0.19577677224736048,39,39,0,3057,gpt_original,0.19254666901725725,39,39,0,3055,gpt_original,0.23849924585218701,39,39,0,3059,gpt_original,,,,-0.00323010323010323,0.04272247360482653,0.04595257683492976
N4_strategy,gpt-5.6-sol,poolact,restricted_search,family,whois,f1_mv,fraction,4,cost_moderate,pool_aggregate_N4,100,0–100,percentage_points,true,,,,,,,,,,,,,,,,,,,0.6231271995977878,39,39,0,3052,gpt_original,0.6377792142498024,39,39,0,3050,gpt_original,0.6060331825037707,39,39,0,3054,gpt_original,,,,0.0146520146520146,-0.0170940170940171,-0.0317460317460317
N4_strategy,gpt-5.6-sol,poolact,restricted_search,family,whois,f1_mv,fraction,4,cost_tight,pool_aggregate_N4,100,0–100,percentage_points,true,,,,,,,,,,,,,,,,,,,0.1915032679738562,39,39,0,3058,gpt_original,0.20275867922926746,39,39,0,3056,gpt_original,0.21885369532428356,39,39,0,3060,gpt_original,,,,0.01125541125541126,0.02735042735042736,0.01609501609501610
N4_strategy,gpt-5.6-sol,poolact,tuning,all,all,gap0_bon,Gap points,4,cost_moderate,item_equal_weight_after_within_item_mean,1,Gap points,Gap points,true,,,,,,,,,,,,,,,,,,,98.74364517782656,9,9,0,3067,gpt_rerun_20260912,99.01342731879956,9,9,0,3061,gpt_rerun_20260912,99.19172453569449,9,9,0,3073,gpt_rerun_20260912,,,,0.26978214097300,0.44807935786793,0.17829721689493
N4_strategy,gpt-5.6-sol,poolact,tuning,all,all,gap0_bon,Gap points,4,cost_tight,pool_aggregate_N4,1,Gap points,Gap points,true,,,,,,,,,,,,,,,,,,,98.19659228080707,9,9,0,3085,gpt_original,98.30047271684514,9,9,0,3079,gpt_original,98.08256105844583,9,9,0,3091,gpt_original,,,,0.10388043603807,-0.11403122236124,-0.21791165839931
N4_strategy,gpt-5.6-sol,poolact,tuning,all,all,gap0_mi,Gap points,4,cost_moderate,item_equal_weight_after_within_item_mean,1,Gap points,Gap points,true,,,,,,,,,,,,,,,,,,,98.10591772776527,9,9,0,3068,gpt_rerun_20260912,98.21139961323344,9,9,0,3062,gpt_rerun_20260912,97.96701760786793,9,9,0,3074,gpt_rerun_20260912,,,,0.10548188546817,-0.13890011989734,-0.24438200536551
N4_strategy,gpt-5.6-sol,poolact,tuning,all,all,gap0_mi,Gap points,4,cost_tight,pool_aggregate_N4,1,Gap points,Gap points,true,,,,,,,,,,,,,,,,,,,96.64101526358955,9,9,0,3086,gpt_original,96.04946232773469,9,9,0,3080,gpt_original,97.27071155025706,9,9,0,3092,gpt_original,,,,-0.59155293585486,0.62969628666751,1.22124922252237
N4_strategy,gpt-5.6-sol,poolact,tuning,all,all,gap_bon,Gap points,4,cost_moderate,item_equal_weight_after_within_item_mean,1,Gap points,Gap points,true,,,,,,,,,,,,,,,,,,,98.74364517782656,9,9,0,3069,gpt_rerun_20260912,99.01342731879956,9,9,0,3063,gpt_rerun_20260912,99.19172453569449,9,9,0,3075,gpt_rerun_20260912,,,,0.26978214097300,0.44807935786793,0.17829721689493
N4_strategy,gpt-5.6-sol,poolact,tuning,all,all,gap_bon,Gap points,4,cost_tight,pool_aggregate_N4,1,Gap points,Gap points,true,,,,,,,,,,,,,,,,,,,98.19659228080707,9,9,0,3087,gpt_original,98.30047271684514,9,9,0,3081,gpt_original,98.08256105844583,9,9,0,3093,gpt_original,,,,0.10388043603807,-0.11403122236124,-0.21791165839931
N4_strategy,gpt-5.6-sol,poolact,tuning,all,all,gap_mi,Gap points,4,cost_moderate,item_equal_weight_after_within_item_mean,1,Gap points,Gap points,true,,,,,,,,,,,,,,,,,,,98.10591772776527,9,9,0,3070,gpt_rerun_20260912,98.21139961323344,9,9,0,3064,gpt_rerun_20260912,97.96701760786793,9,9,0,3076,gpt_rerun_20260912,,,,0.10548188546817,-0.13890011989734,-0.24438200536551
N4_strategy,gpt-5.6-sol,poolact,tuning,all,all,gap_mi,Gap points,4,cost_tight,pool_aggregate_N4,1,Gap points,Gap points,true,,,,,,,,,,,,,,,,,,,96.64101526358955,9,9,0,3088,gpt_original,96.04946232773469,9,9,0,3082,gpt_original,97.27071155025706,9,9,0,3094,gpt_original,,,,-0.59155293585486,0.62969628666751,1.22124922252237
N4_strategy,gpt-5.6-sol,poolact,tuning,all,all,raw_perf_bon,fraction,4,cost_moderate,item_equal_weight_after_within_item_mean,100,0–100,percentage_points,true,,,,,,,,,,,,,,,,,,,0.9420999509316903,9,9,0,3071,gpt_rerun_20260912,0.9431200976724977,9,9,0,3065,gpt_rerun_20260912,0.9436542943671897,9,9,0,3077,gpt_rerun_20260912,,,,0.0010201467408074,0.0015543434354994,0.0005341966946920
N4_strategy,gpt-5.6-sol,poolact,tuning,all,all,raw_perf_bon,fraction,4,cost_tight,pool_aggregate_N4,100,0–100,percentage_points,true,,,,,,,,,,,,,,,,,,,0.9401412650390908,9,9,0,3089,gpt_original,0.9404788458788836,9,9,0,3083,gpt_original,0.9396293339905916,9,9,0,3095,gpt_original,,,,0.0003375808397928,-0.0005119310484992,-0.0008495118882920
N4_strategy,gpt-5.6-sol,poolact,tuning,all,all,raw_perf_mi,fraction,4,cost_moderate,item_equal_weight_after_within_item_mean,100,0–100,percentage_points,true,,,,,,,,,,,,,,,,,,,0.9392175608211093,9,9,0,3072,gpt_rerun_20260912,0.939643246156198,9,9,0,3066,gpt_rerun_20260912,0.9387455141102826,9,9,0,3078,gpt_rerun_20260912,,,,0.0004256853350887,-0.0004720467108267,-0.0008977320459154
N4_strategy,gpt-5.6-sol,poolact,tuning,all,all,raw_perf_mi,fraction,4,cost_tight,pool_aggregate_N4,100,0–100,percentage_points,true,,,,,,,,,,,,,,,,,,,0.9315367567318458,9,9,0,3090,gpt_original,0.9324048111836115,9,9,0,3084,gpt_original,0.9352074447605345,9,9,0,3096,gpt_original,,,,0.0008680544517657,0.0036706880286887,0.0028026335769230
N4_strategy,gpt-5.6-sol,poolact,tuning,family,nasbench101,gap0_bon,Gap points,4,cost_moderate,item_equal_weight_after_within_item_mean,1,Gap points,Gap points,true,,,,,,,,,,,,,,,,,,,98.74364517782656,9,9,0,3103,gpt_rerun_20260912,99.01342731879956,9,9,0,3097,gpt_rerun_20260912,99.19172453569449,9,9,0,3109,gpt_rerun_20260912,,,,0.26978214097300,0.44807935786793,0.17829721689493
N4_strategy,gpt-5.6-sol,poolact,tuning,family,nasbench101,gap0_bon,Gap points,4,cost_tight,pool_aggregate_N4,1,Gap points,Gap points,true,,,,,,,,,,,,,,,,,,,98.19659228080707,9,9,0,3121,gpt_original,98.30047271684514,9,9,0,3115,gpt_original,98.08256105844583,9,9,0,3127,gpt_original,,,,0.10388043603807,-0.11403122236124,-0.21791165839931
N4_strategy,gpt-5.6-sol,poolact,tuning,family,nasbench101,gap0_mi,Gap points,4,cost_moderate,item_equal_weight_after_within_item_mean,1,Gap points,Gap points,true,,,,,,,,,,,,,,,,,,,98.10591772776527,9,9,0,3104,gpt_rerun_20260912,98.21139961323344,9,9,0,3098,gpt_rerun_20260912,97.96701760786793,9,9,0,3110,gpt_rerun_20260912,,,,0.10548188546817,-0.13890011989734,-0.24438200536551
N4_strategy,gpt-5.6-sol,poolact,tuning,family,nasbench101,gap0_mi,Gap points,4,cost_tight,pool_aggregate_N4,1,Gap points,Gap points,true,,,,,,,,,,,,,,,,,,,96.64101526358955,9,9,0,3122,gpt_original,96.04946232773469,9,9,0,3116,gpt_original,97.27071155025706,9,9,0,3128,gpt_original,,,,-0.59155293585486,0.62969628666751,1.22124922252237
N4_strategy,gpt-5.6-sol,poolact,tuning,family,nasbench101,gap_bon,Gap points,4,cost_moderate,item_equal_weight_after_within_item_mean,1,Gap points,Gap points,true,,,,,,,,,,,,,,,,,,,98.74364517782656,9,9,0,3105,gpt_rerun_20260912,99.01342731879956,9,9,0,3099,gpt_rerun_20260912,99.19172453569449,9,9,0,3111,gpt_rerun_20260912,,,,0.26978214097300,0.44807935786793,0.17829721689493
N4_strategy,gpt-5.6-sol,poolact,tuning,family,nasbench101,gap_bon,Gap points,4,cost_tight,pool_aggregate_N4,1,Gap points,Gap points,true,,,,,,,,,,,,,,,,,,,98.19659228080707,9,9,0,3123,gpt_original,98.30047271684514,9,9,0,3117,gpt_original,98.08256105844583,9,9,0,3129,gpt_original,,,,0.10388043603807,-0.11403122236124,-0.21791165839931
N4_strategy,gpt-5.6-sol,poolact,tuning,family,nasbench101,gap_mi,Gap points,4,cost_moderate,item_equal_weight_after_within_item_mean,1,Gap points,Gap points,true,,,,,,,,,,,,,,,,,,,98.10591772776527,9,9,0,3106,gpt_rerun_20260912,98.21139961323344,9,9,0,3100,gpt_rerun_20260912,97.96701760786793,9,9,0,3112,gpt_rerun_20260912,,,,0.10548188546817,-0.13890011989734,-0.24438200536551
N4_strategy,gpt-5.6-sol,poolact,tuning,family,nasbench101,gap_mi,Gap points,4,cost_tight,pool_aggregate_N4,1,Gap points,Gap points,true,,,,,,,,,,,,,,,,,,,96.64101526358955,9,9,0,3124,gpt_original,96.04946232773469,9,9,0,3118,gpt_original,97.27071155025706,9,9,0,3130,gpt_original,,,,-0.59155293585486,0.62969628666751,1.22124922252237
N4_strategy,gpt-5.6-sol,poolact,tuning,family,nasbench101,raw_perf_bon,fraction,4,cost_moderate,item_equal_weight_after_within_item_mean,100,0–100,percentage_points,true,,,,,,,,,,,,,,,,,,,0.9420999509316903,9,9,0,3107,gpt_rerun_20260912,0.9431200976724977,9,9,0,3101,gpt_rerun_20260912,0.9436542943671897,9,9,0,3113,gpt_rerun_20260912,,,,0.0010201467408074,0.0015543434354994,0.0005341966946920
N4_strategy,gpt-5.6-sol,poolact,tuning,family,nasbench101,raw_perf_bon,fraction,4,cost_tight,pool_aggregate_N4,100,0–100,percentage_points,true,,,,,,,,,,,,,,,,,,,0.9401412650390908,9,9,0,3125,gpt_original,0.9404788458788836,9,9,0,3119,gpt_original,0.9396293339905916,9,9,0,3131,gpt_original,,,,0.0003375808397928,-0.0005119310484992,-0.0008495118882920
N4_strategy,gpt-5.6-sol,poolact,tuning,family,nasbench101,raw_perf_mi,fraction,4,cost_moderate,item_equal_weight_after_within_item_mean,100,0–100,percentage_points,true,,,,,,,,,,,,,,,,,,,0.9392175608211093,9,9,0,3108,gpt_rerun_20260912,0.939643246156198,9,9,0,3102,gpt_rerun_20260912,0.9387455141102826,9,9,0,3114,gpt_rerun_20260912,,,,0.0004256853350887,-0.0004720467108267,-0.0008977320459154
N4_strategy,gpt-5.6-sol,poolact,tuning,family,nasbench101,raw_perf_mi,fraction,4,cost_tight,pool_aggregate_N4,100,0–100,percentage_points,true,,,,,,,,,,,,,,,,,,,0.9315367567318458,9,9,0,3126,gpt_original,0.9324048111836115,9,9,0,3120,gpt_original,0.9352074447605345,9,9,0,3132,gpt_original,,,,0.0008680544517657,0.0036706880286887,0.0028026335769230
N4_strategy,gpt-5.6-sol,poolact,tuning,task,hpobench:nasbench101:A,gap0_bon,Gap points,4,cost_moderate,item_equal_weight_after_within_item_mean,1,Gap points,Gap points,true,,,,,,,,,,,,,,,,,,,99.31180121490789,3,3,0,3139,gpt_rerun_20260912,99.42254524098367,3,3,0,3133,gpt_rerun_20260912,99.26750473424967,3,3,0,3145,gpt_rerun_20260912,,,,0.11074402607578,-0.04429648065822,-0.15504050673400
N4_strategy,gpt-5.6-sol,poolact,tuning,task,hpobench:nasbench101:A,gap0_mi,Gap points,4,cost_moderate,item_equal_weight_after_within_item_mean,1,Gap points,Gap points,true,,,,,,,,,,,,,,,,,,,98.74383960123899,3,3,0,3140,gpt_rerun_20260912,98.67778888826773,3,3,0,3134,gpt_rerun_20260912,98.64614773796036,3,3,0,3146,gpt_rerun_20260912,,,,-0.06605071297126,-0.09769186327863,-0.03164115030737
N4_strategy,gpt-5.6-sol,poolact,tuning,task,hpobench:nasbench101:A,gap_bon,Gap points,4,cost_moderate,item_equal_weight_after_within_item_mean,1,Gap points,Gap points,true,,,,,,,,,,,,,,,,,,,99.31180121490789,3,3,0,3141,gpt_rerun_20260912,99.42254524098367,3,3,0,3135,gpt_rerun_20260912,99.26750473424967,3,3,0,3147,gpt_rerun_20260912,,,,0.11074402607578,-0.04429648065822,-0.15504050673400
N4_strategy,gpt-5.6-sol,poolact,tuning,task,hpobench:nasbench101:A,gap_bon,Gap points,4,cost_tight,pool_aggregate_N4,1,Gap points,Gap points,true,,,,,,,,,,,,,,,,,,,99.31021953398322,3,3,0,3155,gpt_original,99.13144722304197,3,3,0,3151,gpt_original,99.10771541883472,3,3,0,3159,gpt_original,,,,-0.17877231094125,-0.20250411514850,-0.02373180420725
N4_strategy,gpt-5.6-sol,poolact,tuning,task,hpobench:nasbench101:A,gap_mi,Gap points,4,cost_moderate,item_equal_weight_after_within_item_mean,1,Gap points,Gap points,true,,,,,,,,,,,,,,,,,,,98.74383960123899,3,3,0,3142,gpt_rerun_20260912,98.67778888826773,3,3,0,3136,gpt_rerun_20260912,98.64614773796036,3,3,0,3148,gpt_rerun_20260912,,,,-0.06605071297126,-0.09769186327863,-0.03164115030737
N4_strategy,gpt-5.6-sol,poolact,tuning,task,hpobench:nasbench101:A,gap_mi,Gap points,4,cost_tight,pool_aggregate_N4,1,Gap points,Gap points,true,,,,,,,,,,,,,,,,,,,97.16572781489185,3,3,0,3156,gpt_original,97.9227471375269,3,3,0,3152,gpt_original,97.87133003290825,3,3,0,3160,gpt_original,,,,0.75701932263505,0.70560221801640,-0.05141710461865
N4_strategy,gpt-5.6-sol,poolact,tuning,task,hpobench:nasbench101:A,raw_perf_bon,fraction,4,cost_moderate,item_equal_weight_after_within_item_mean,100,0–100,percentage_points,true,,,,,,,,,,,,,,,,,,,0.9412393106354607,3,3,0,3143,gpt_rerun_20260912,0.9420183300971985,3,3,0,3137,gpt_rerun_20260912,0.9409277107980516,3,3,0,3149,gpt_rerun_20260912,,,,0.0007790194617378,-0.0003115998374091,-0.0010906192991469
N4_strategy,gpt-5.6-sol,poolact,tuning,task,hpobench:nasbench101:A,raw_perf_bon,fraction,4,cost_tight,pool_aggregate_N4,100,0–100,percentage_points,true,,,,,,,,,,,,,,,,,,,0.9412281844351027,3,3,0,3157,gpt_original,0.9399706257714165,3,3,0,3153,gpt_original,0.9398036864068773,3,3,0,3161,gpt_original,,,,-0.0012575586636862,-0.0014244980282254,-0.0001669393645392
N4_strategy,gpt-5.6-sol,poolact,tuning,task,hpobench:nasbench101:A,raw_perf_mi,fraction,4,cost_moderate,item_equal_weight_after_within_item_mean,100,0–100,percentage_points,true,,,,,,,,,,,,,,,,,,,0.9372440328200657,3,3,0,3144,gpt_rerun_20260912,0.9367794046799341,3,3,0,3138,gpt_rerun_20260912,0.9365568276908662,3,3,0,3150,gpt_rerun_20260912,,,,-0.0004646281401316,-0.0006872051291995,-0.0002225769890679
N4_strategy,gpt-5.6-sol,poolact,tuning,task,hpobench:nasbench101:A,raw_perf_mi,fraction,4,cost_tight,pool_aggregate_N4,100,0–100,percentage_points,true,,,,,,,,,,,,,,,,,,,0.9261429392629199,3,3,0,3158,gpt_original,0.9314681275023354,3,3,0,3154,gpt_original,0.9311064382394155,3,3,0,3162,gpt_original,,,,0.0053251882394155,0.0049634989764956,-0.0003616892629199
N4_strategy,gpt-5.6-sol,poolact,tuning,task,hpobench:nasbench101:B,gap0_bon,Gap points,4,cost_moderate,item_equal_weight_after_within_item_mean,1,Gap points,Gap points,true,,,,,,,,,,,,,,,,,,,97.44093426385254,3,3,0,3169,gpt_rerun_20260912,97.9780745269365,3,3,0,3163,gpt_rerun_20260912,98.36673912767215,3,3,0,3175,gpt_rerun_20260912,,,,0.53714026308396,0.92580486381961,0.38866460073565
N4_strategy,gpt-5.6-sol,poolact,tuning,task,hpobench:nasbench101:B,gap0_mi,Gap points,4,cost_moderate,item_equal_weight_after_within_item_mean,1,Gap points,Gap points,true,,,,,,,,,,,,,,,,,,,96.49001811222452,3,3,0,3170,gpt_rerun_20260912,96.62539661147412,3,3,0,3164,gpt_rerun_20260912,96.14393374723112,3,3,0,3176,gpt_rerun_20260912,,,,0.13537849924960,-0.34608436499340,-0.48146286424300
N4_strategy,gpt-5.6-sol,poolact,tuning,task,hpobench:nasbench101:B,gap_bon,Gap points,4,cost_moderate,item_equal_weight_after_within_item_mean,1,Gap points,Gap points,true,,,,,,,,,,,,,,,,,,,97.44093426385254,3,3,0,3171,gpt_rerun_20260912,97.9780745269365,3,3,0,3165,gpt_rerun_20260912,98.36673912767215,3,3,0,3177,gpt_rerun_20260912,,,,0.53714026308396,0.92580486381961,0.38866460073565
N4_strategy,gpt-5.6-sol,poolact,tuning,task,hpobench:nasbench101:B,gap_bon,Gap points,4,cost_tight,pool_aggregate_N4,1,Gap points,Gap points,true,,,,,,,,,,,,,,,,,,,96.34481625338105,3,3,0,3185,gpt_original,96.50639752483835,3,3,0,3181,gpt_original,96.12646479929725,3,3,0,3189,gpt_original,,,,0.16158127145730,-0.21835145408380,-0.37993272554110
N4_strategy,gpt-5.6-sol,poolact,tuning,task,hpobench:nasbench101:B,gap_mi,Gap points,4,cost_moderate,item_equal_weight_after_within_item_mean,1,Gap points,Gap points,true,,,,,,,,,,,,,,,,,,,96.49001811222452,3,3,0,3172,gpt_rerun_20260912,96.62539661147412,3,3,0,3166,gpt_rerun_20260912,96.14393374723112,3,3,0,3178,gpt_rerun_20260912,,,,0.13537849924960,-0.34608436499340,-0.48146286424300
N4_strategy,gpt-5.6-sol,poolact,tuning,task,hpobench:nasbench101:B,gap_mi,Gap points,4,cost_tight,pool_aggregate_N4,1,Gap points,Gap points,true,,,,,,,,,,,,,,,,,,,95.20830292504525,3,3,0,3186,gpt_original,91.47451475996175,3,3,0,3182,gpt_original,95.41464415257795,3,3,0,3190,gpt_original,,,,-3.73378816508350,0.20634122753270,3.94012939261620
N4_strategy,gpt-5.6-sol,poolact,tuning,task,hpobench:nasbench101:B,raw_perf_bon,fraction,4,cost_moderate,item_equal_weight_after_within_item_mean,100,0–100,percentage_points,true,,,,,,,,,,,,,,,,,,,0.9424301120969985,3,3,0,3173,gpt_rerun_20260912,0.9437989658779568,3,3,0,3167,gpt_rerun_20260912,0.9447894427511427,3,3,0,3179,gpt_rerun_20260912,,,,0.0013688537809583,0.0023593306541442,0.0009904768731859
N4_strategy,gpt-5.6-sol,poolact,tuning,task,hpobench:nasbench101:B,raw_perf_bon,fraction,4,cost_tight,pool_aggregate_N4,100,0–100,percentage_points,true,,,,,,,,,,,,,,,,,,,0.9396367536650764,3,3,0,3187,gpt_original,0.940048529042138,3,3,0,3183,gpt_original,0.9390803045696683,3,3,0,3191,gpt_original,,,,0.0004117753770616,-0.0005564490954081,-0.0009682244724697
N4_strategy,gpt-5.6-sol,poolact,tuning,task,hpobench:nasbench101:B,raw_perf_mi,fraction,4,cost_moderate,item_equal_weight_after_within_item_mean,100,0–100,percentage_points,true,,,,,,,,,,,,,,,,,,,0.940006787578265,3,3,0,3174,gpt_rerun_20260912,0.9403517875406477,3,3,0,3168,gpt_rerun_20260912,0.9391248226165771,3,3,0,3180,gpt_rerun_20260912,,,,0.0003449999623827,-0.0008819649616879,-0.0012269649240706
N4_strategy,gpt-5.6-sol,poolact,tuning,task,hpobench:nasbench101:B,raw_perf_mi,fraction,4,cost_tight,pool_aggregate_N4,100,0–100,percentage_points,true,,,,,,,,,,,,,,,,,,,0.936740451388889,3,3,0,3188,gpt_original,0.927225227157275,3,3,0,3184,gpt_original,0.9372662934992049,3,3,0,3192,gpt_original,,,,-0.009515224231614,0.0005258421103159,0.0100410663419299
N4_strategy,gpt-5.6-sol,poolact,tuning,task,hpobench:nasbench101:C,gap0_bon,Gap points,4,cost_moderate,item_equal_weight_after_within_item_mean,1,Gap points,Gap points,true,,,,,,,,,,,,,,,,,,,99.47820005471925,3,3,0,3199,gpt_rerun_20260912,99.63966218847851,3,3,0,3193,gpt_rerun_20260912,99.94092974516165,3,3,0,3205,gpt_rerun_20260912,,,,0.16146213375926,0.46272969044240,0.30126755668314
N4_strategy,gpt-5.6-sol,poolact,tuning,task,hpobench:nasbench101:C,gap0_mi,Gap points,4,cost_moderate,item_equal_weight_after_within_item_mean,1,Gap points,Gap points,true,,,,,,,,,,,,,,,,,,,99.08389546983233,3,3,0,3200,gpt_rerun_20260912,99.33101333995847,3,3,0,3194,gpt_rerun_20260912,99.11097133841233,3,3,0,3206,gpt_rerun_20260912,,,,0.24711787012614,0.02707586858000,-0.22004200154614
N4_strategy,gpt-5.6-sol,poolact,tuning,task,hpobench:nasbench101:C,gap_bon,Gap points,4,cost_moderate,item_equal_weight_after_within_item_mean,1,Gap points,Gap points,true,,,,,,,,,,,,,,,,,,,99.47820005471925,3,3,0,3201,gpt_rerun_20260912,99.63966218847851,3,3,0,3195,gpt_rerun_20260912,99.94092974516165,3,3,0,3207,gpt_rerun_20260912,,,,0.16146213375926,0.46272969044240,0.30126755668314
N4_strategy,gpt-5.6-sol,poolact,tuning,task,hpobench:nasbench101:C,gap_bon,Gap points,4,cost_tight,pool_aggregate_N4,1,Gap points,Gap points,true,,,,,,,,,,,,,,,,,,,98.93474105505692,3,3,0,3215,gpt_original,99.26357340265507,3,3,0,3211,gpt_original,99.01350295720553,3,3,0,3219,gpt_original,,,,0.32883234759815,0.07876190214861,-0.25007044544954
N4_strategy,gpt-5.6-sol,poolact,tuning,task,hpobench:nasbench101:C,gap_mi,Gap points,4,cost_moderate,item_equal_weight_after_within_item_mean,1,Gap points,Gap points,true,,,,,,,,,,,,,,,,,,,99.08389546983233,3,3,0,3202,gpt_rerun_20260912,99.33101333995847,3,3,0,3196,gpt_rerun_20260912,99.11097133841233,3,3,0,3208,gpt_rerun_20260912,,,,0.24711787012614,0.02707586858000,-0.22004200154614
N4_strategy,gpt-5.6-sol,poolact,tuning,task,hpobench:nasbench101:C,gap_mi,Gap points,4,cost_tight,pool_aggregate_N4,1,Gap points,Gap points,true,,,,,,,,,,,,,,,,,,,97.54901505083156,3,3,0,3216,gpt_original,98.75112508571542,3,3,0,3212,gpt_original,98.52616046528497,3,3,0,3220,gpt_original,,,,1.20211003488386,0.97714541445341,-0.22496462043045
N4_strategy,gpt-5.6-sol,poolact,tuning,task,hpobench:nasbench101:C,raw_perf_bon,fraction,4,cost_moderate,item_equal_weight_after_within_item_mean,100,0–100,percentage_points,true,,,,,,,,,,,,,,,,,,,0.9426304300626118,3,3,0,3203,gpt_rerun_20260912,0.943542997042338,3,3,0,3197,gpt_rerun_20260912,0.945245729552375,3,3,0,3209,gpt_rerun_20260912,,,,0.0009125669797262,0.0026152994897632,0.001702732510037
N4_strategy,gpt-5.6-sol,poolact,tuning,task,hpobench:nasbench101:C,raw_perf_bon,fraction,4,cost_tight,pool_aggregate_N4,100,0–100,percentage_points,true,,,,,,,,,,,,,,,,,,,0.9395588570170932,3,3,0,3217,gpt_original,0.9414173828230964,3,3,0,3213,gpt_original,0.9400040109952291,3,3,0,3221,gpt_original,,,,0.0018585258060032,0.0004451539781359,-0.0014133718278673
N4_strategy,gpt-5.6-sol,poolact,tuning,task,hpobench:nasbench101:C,raw_perf_mi,fraction,4,cost_moderate,item_equal_weight_after_within_item_mean,100,0–100,percentage_points,true,,,,,,,,,,,,,,,,,,,0.9404018620649973,3,3,0,3204,gpt_rerun_20260912,0.9417985462480121,3,3,0,3198,gpt_rerun_20260912,0.9405548920234045,3,3,0,3210,gpt_rerun_20260912,,,,0.0013966841830148,0.0001530299584072,-0.0012436542246076
N4_strategy,gpt-5.6-sol,poolact,tuning,task,hpobench:nasbench101:C,raw_perf_mi,fraction,4,cost_tight,pool_aggregate_N4,100,0–100,percentage_points,true,,,,,,,,,,,,,,,,,,,0.9317268795437283,3,3,0,3218,gpt_original,0.9385210788912243,3,3,0,3214,gpt_original,0.9372496025429832,3,3,0,3222,gpt_original,,,,0.0067941993474960,0.0055227229992549,-0.0012714763482411
N1_budget,kimi-k3,expgym,evidence_audit,all,all,evidence_acc,fraction,1,,document_mean_3_fixed_orders,100,0–100,percentage_points,true,0.894419306184012,13,13,0,3223,kimi_original,0.6877828054298643,13,13,0,3225,kimi_original,0.5158371040723982,13,13,0,3227,kimi_original,,,,,,,,,,,,,,,,,,,-0.2066365007541477,-0.3785822021116138,-0.1719457013574661,,,
N1_budget,kimi-k3,expgym,evidence_audit,all,all,label_acc,fraction,1,,document_mean_3_fixed_orders,100,0–100,percentage_points,true,0.9260935143288085,13,13,0,3224,kimi_original,0.8536953242835595,13,13,0,3226,kimi_original,0.7948717948717948,13,13,0,3228,kimi_original,,,,,,,,,,,,,,,,,,,-0.0723981900452490,-0.1312217194570137,-0.0588235294117647,,,
N1_budget,kimi-k3,expgym,evidence_audit,family,evidence_audit,evidence_acc,fraction,1,,document_mean_3_fixed_orders,100,0–100,percentage_points,true,0.894419306184012,13,13,0,3229,kimi_original,0.6877828054298643,13,13,0,3231,kimi_original,0.5158371040723982,13,13,0,3233,kimi_original,,,,,,,,,,,,,,,,,,,-0.2066365007541477,-0.3785822021116138,-0.1719457013574661,,,
N1_budget,kimi-k3,expgym,evidence_audit,family,evidence_audit,label_acc,fraction,1,,document_mean_3_fixed_orders,100,0–100,percentage_points,true,0.9260935143288085,13,13,0,3230,kimi_original,0.8536953242835595,13,13,0,3232,kimi_original,0.7948717948717948,13,13,0,3234,kimi_original,,,,,,,,,,,,,,,,,,,-0.0723981900452490,-0.1312217194570137,-0.0588235294117647,,,
N1_budget,kimi-k3,expgym,restricted_search,all,all,f1,fraction,1,,single_trace,100,0–100,percentage_points,true,0.6359106490250729,73,73,0,3235,kimi_original,0.49616866256672865,73,73,0,3236,kimi_original,0.1575611066344346,73,73,0,3237,kimi_original,,,,,,,,,,,,,,,,,,,-0.13974198645834425,-0.4783495423906383,-0.33860755593229405,,,
N1_budget,kimi-k3,expgym,restricted_search,family,whatis,f1,fraction,1,,single_trace,100,0–100,percentage_points,true,0.6095842882607588,34,34,0,3238,kimi_original,0.4080341227400051,34,34,0,3239,kimi_original,0.14313725490196078,34,34,0,3240,kimi_original,,,,,,,,,,,,,,,,,,,-0.2015501655207537,-0.46644703335879802,-0.26489686783804432,,,
N1_budget,kimi-k3,expgym,restricted_search,family,whois,f1,fraction,1,,single_trace,100,0–100,percentage_points,true,0.6588618353324236,39,39,0,3241,kimi_original,0.5730039024156671,39,39,0,3242,kimi_original,0.17013574660633485,39,39,0,3243,kimi_original,,,,,,,,,,,,,,,,,,,-0.0858579329167565,-0.48872608872608875,-0.40286815580933225,,,
N1_budget,kimi-k3,expgym,tuning,all,all,gap,Gap points,1,,single_trace,1,Gap points,Gap points,true,98.51291031515852,27,27,0,3244,kimi_original,94.23010363061042,27,27,0,3247,kimi_original,89.68371695757193,27,27,0,3250,kimi_original,,,,,,,,,,,,,,,,,,,-4.28280668454810,-8.82919335758659,-4.54638667303849,,,
N1_budget,kimi-k3,expgym,tuning,all,all,gap0,Gap points,1,,single_trace,1,Gap points,Gap points,true,98.51291031515852,27,27,0,3245,kimi_original,94.23010363061042,27,27,0,3248,kimi_original,89.68371695757193,27,27,0,3251,kimi_original,,,,,,,,,,,,,,,,,,,-4.28280668454810,-8.82919335758659,-4.54638667303849,,,
N1_budget,kimi-k3,expgym,tuning,all,all,raw_perf,fraction,1,,single_trace,100,0–100,percentage_points,true,0.8304235219687047,27,27,0,3246,kimi_original,0.819970014675113,27,27,0,3249,kimi_original,0.814493704436506,27,27,0,3252,kimi_original,,,,,,,,,,,,,,,,,,,-0.0104535072935917,-0.0159298175321987,-0.005476310238607,,,
N1_budget,kimi-k3,expgym,tuning,family,nasbench101,gap,Gap points,1,,single_trace,1,Gap points,Gap points,true,98.69201330579891,9,9,0,3253,kimi_original,97.85718108169253,9,9,0,3256,kimi_original,94.96809853403244,9,9,0,3259,kimi_original,,,,,,,,,,,,,,,,,,,-0.83483222410638,-3.72391477176647,-2.88908254766009,,,
N1_budget,kimi-k3,expgym,tuning,family,nasbench101,gap0,Gap points,1,,single_trace,1,Gap points,Gap points,true,98.69201330579891,9,9,0,3254,kimi_original,97.85718108169253,9,9,0,3257,kimi_original,94.96809853403244,9,9,0,3260,kimi_original,,,,,,,,,,,,,,,,,,,-0.83483222410638,-3.72391477176647,-2.88908254766009,,,
N1_budget,kimi-k3,expgym,tuning,family,nasbench101,raw_perf,fraction,1,,single_trace,100,0–100,percentage_points,true,0.9417697919739617,9,9,0,3255,kimi_original,0.9374072551727295,9,9,0,3258,kimi_original,0.9184472958246866,9,9,0,3261,kimi_original,,,,,,,,,,,,,,,,,,,-0.0043625368012322,-0.0233224961492751,-0.0189599593480429,,,
N1_budget,kimi-k3,expgym,tuning,family,nasbench201,gap,Gap points,1,,single_trace,1,Gap points,Gap points,true,99.77083456336484,9,9,0,3262,kimi_original,97.07662908016032,9,9,0,3265,kimi_original,94.66056902635921,9,9,0,3268,kimi_original,,,,,,,,,,,,,,,,,,,-2.69420548320452,-5.11026553700563,-2.41606005380111,,,
N1_budget,kimi-k3,expgym,tuning,family,nasbench201,gap0,Gap points,1,,single_trace,1,Gap points,Gap points,true,99.77083456336484,9,9,0,3263,kimi_original,97.07662908016032,9,9,0,3266,kimi_original,94.66056902635921,9,9,0,3269,kimi_original,,,,,,,,,,,,,,,,,,,-2.69420548320452,-5.11026553700563,-2.41606005380111,,,
N1_budget,kimi-k3,expgym,tuning,family,nasbench201,raw_perf,fraction,1,,single_trace,100,0–100,percentage_points,true,0.7062123456699702,9,9,0,3264,kimi_original,0.7037639505622769,9,9,0,3267,kimi_original,0.7012607406042028,9,9,0,3270,kimi_original,,,,,,,,,,,,,,,,,,,-0.0024483951076933,-0.0049516050657674,-0.0025032099580741,,,
N1_budget,kimi-k3,expgym,tuning,family,paramnet,gap,Gap points,1,,single_trace,1,Gap points,Gap points,true,97.07588307631181,9,9,0,3271,kimi_original,87.7565007299784,9,9,0,3274,kimi_original,79.42248331232413,9,9,0,3277,kimi_original,,,,,,,,,,,,,,,,,,,-9.31938234633341,-17.65339976398768,-8.33401741765427,,,
N1_budget,kimi-k3,expgym,tuning,family,paramnet,gap0,Gap points,1,,single_trace,1,Gap points,Gap points,true,97.07588307631181,9,9,0,3272,kimi_original,87.7565007299784,9,9,0,3275,kimi_original,79.42248331232413,9,9,0,3278,kimi_original,,,,,,,,,,,,,,,,,,,-9.31938234633341,-17.65339976398768,-8.33401741765427,,,
N1_budget,kimi-k3,expgym,tuning,family,paramnet,raw_perf,fraction,1,,single_trace,100,0–100,percentage_points,true,0.8432884282621825,9,9,0,3273,kimi_original,0.8187388382903324,9,9,0,3276,kimi_original,0.8237730768806286,9,9,0,3279,kimi_original,,,,,,,,,,,,,,,,,,,-0.0245495899718501,-0.0195153513815539,0.0050342385902962,,,
N1_budget,kimi-k3,expgym,tuning,task,hpobench:nasbench101:A,gap,Gap points,1,,single_trace,1,Gap points,Gap points,true,99.25801088279468,3,3,0,3280,kimi_original,98.07937050203148,3,3,0,3282,kimi_original,90.51709132916491,3,3,0,3284,kimi_original,,,,,,,,,,,,,,,,,,,-1.17864038076320,-8.74091955362977,-7.56227917286657,,,
N1_budget,kimi-k3,expgym,tuning,task,hpobench:nasbench101:A,raw_perf,fraction,1,,single_trace,100,0–100,percentage_points,true,0.94086092710495,3,3,0,3281,kimi_original,0.9325698812802633,3,3,0,3283,kimi_original,0.8793736696243286,3,3,0,3285,kimi_original,,,,,,,,,,,,,,,,,,,-0.0082910458246867,-0.0614872574806214,-0.0531962116559347,,,
N1_budget,kimi-k3,expgym,tuning,task,hpobench:nasbench101:B,gap,Gap points,1,,single_trace,1,Gap points,Gap points,true,97.45403467541674,3,3,0,3286,kimi_original,96.5849999942236,3,3,0,3288,kimi_original,95.75963768286513,3,3,0,3290,kimi_original,,,,,,,,,,,,,,,,,,,-0.86903468119314,-1.69439699255161,-0.82536231135847,,,
N1_budget,kimi-k3,expgym,tuning,task,hpobench:nasbench101:B,raw_perf,fraction,1,,single_trace,100,0–100,percentage_points,true,0.9424634973208109,3,3,0,3287,kimi_original,0.9402488403850131,3,3,0,3289,kimi_original,0.9381454785664877,3,3,0,3291,kimi_original,,,,,,,,,,,,,,,,,,,-0.0022146569357978,-0.0043180187543232,-0.0021033618185254,,,
N1_budget,kimi-k3,expgym,tuning,task,hpobench:nasbench101:C,gap,Gap points,1,,single_trace,1,Gap points,Gap points,true,99.3639943591853,3,3,0,3292,kimi_original,98.90717274882253,3,3,0,3294,kimi_original,98.62756659006727,3,3,0,3296,kimi_original,,,,,,,,,,,,,,,,,,,-0.45682161036277,-0.73642776911803,-0.27960615875526,,,
N1_budget,kimi-k3,expgym,tuning,task,hpobench:nasbench101:C,raw_perf,fraction,1,,single_trace,100,0–100,percentage_points,true,0.9419849514961243,3,3,0,3293,kimi_original,0.9394030438529121,3,3,0,3295,kimi_original,0.9378227392832438,3,3,0,3297,kimi_original,,,,,,,,,,,,,,,,,,,-0.0025819076432122,-0.0041622122128805,-0.0015803045696683,,,
N1_budget,kimi-k3,expgym,tuning,task,hpobench:nasbench201:cifar10-valid,gap,Gap points,1,,single_trace,1,Gap points,Gap points,true,100.0,3,3,0,3298,kimi_original,93.65717014610956,3,3,0,3300,kimi_original,90.20658129539613,3,3,0,3302,kimi_original,,,,,,,,,,,,,,,,,,,-6.34282985389044,-9.79341870460387,-3.45058885071343,,,
N1_budget,kimi-k3,expgym,tuning,task,hpobench:nasbench201:cifar10-valid,raw_perf,fraction,1,,single_trace,100,0–100,percentage_points,true,0.9160666665039063,3,3,0,3299,kimi_original,0.9110177776692707,3,3,0,3301,kimi_original,0.9082711109727647,3,3,0,3303,kimi_original,,,,,,,,,,,,,,,,,,,-0.0050488888346356,-0.0077955555311416,-0.0027466666965060,,,
N1_budget,kimi-k3,expgym,tuning,task,hpobench:nasbench201:cifar100,gap,Gap points,1,,single_trace,1,Gap points,Gap points,true,100.0,3,3,0,3304,kimi_original,100.0,3,3,0,3306,kimi_original,97.47918761784821,3,3,0,3308,kimi_original,,,,,,,,,,,,,,,,,,,0.0,-2.52081238215179,-2.52081238215179,,,
N1_budget,kimi-k3,expgym,tuning,task,hpobench:nasbench201:cifar100,raw_perf,fraction,1,,single_trace,100,0–100,percentage_points,true,0.7350333333333333,3,3,0,3305,kimi_original,0.7350333333333333,3,3,0,3307,kimi_original,0.7319555555555556,3,3,0,3309,kimi_original,,,,,,,,,,,,,,,,,,,0E-16,-0.0030777777777777,-0.0030777777777777,,,
N1_budget,kimi-k3,expgym,tuning,task,hpobench:nasbench201:imagenet16-120,gap,Gap points,1,,single_trace,1,Gap points,Gap points,true,99.31250369009454,3,3,0,3310,kimi_original,97.57271709437138,3,3,0,3312,kimi_original,96.29593816583329,3,3,0,3314,kimi_original,,,,,,,,,,,,,,,,,,,-1.73978659572316,-3.01656552426125,-1.27677892853809,,,
N1_budget,kimi-k3,expgym,tuning,task,hpobench:nasbench201:imagenet16-120,raw_perf,fraction,1,,single_trace,100,0–100,percentage_points,true,0.4675370371726707,3,3,0,3311,kimi_original,0.4652407406842267,3,3,0,3313,kimi_original,0.46355555528428827,3,3,0,3315,kimi_original,,,,,,,,,,,,,,,,,,,-0.0022962964884440,-0.00398148188838243,-0.00168518539993843,,,
N1_budget,kimi-k3,expgym,tuning,task,hpobench:paramnet:adult:steps,gap,Gap points,1,,single_trace,1,Gap points,Gap points,true,97.8569945340694,3,3,0,3316,kimi_original,87.32925545715685,3,3,0,3318,kimi_original,77.35599318842411,3,3,0,3320,kimi_original,,,,,,,,,,,,,,,,,,,-10.52773907691255,-20.50100134564529,-9.97326226873274,,,
N1_budget,kimi-k3,expgym,tuning,task,hpobench:paramnet:adult:steps,raw_perf,fraction,1,,single_trace,100,0–100,percentage_points,true,0.8528487663291119,3,3,0,3317,kimi_original,0.8485123471788786,3,3,0,3319,kimi_original,0.8444043193130213,3,3,0,3321,kimi_original,,,,,,,,,,,,,,,,,,,-0.0043364191502333,-0.0084444470160906,-0.0041080278658573,,,
N1_budget,kimi-k3,expgym,tuning,task,hpobench:paramnet:higgs:steps,gap,Gap points,1,,single_trace,1,Gap points,Gap points,true,94.14895296787446,3,3,0,3322,kimi_original,89.08228548708622,3,3,0,3324,kimi_original,66.67976613652482,3,3,0,3326,kimi_original,,,,,,,,,,,,,,,,,,,-5.06666748078824,-27.46918683134964,-22.40251935056140,,,
N1_budget,kimi-k3,expgym,tuning,task,hpobench:paramnet:higgs:steps,raw_perf,fraction,1,,single_trace,100,0–100,percentage_points,true,0.7159732514418213,3,3,0,3323,kimi_original,0.7115636583982404,3,3,0,3325,kimi_original,0.6920664259744637,3,3,0,3327,kimi_original,,,,,,,,,,,,,,,,,,,-0.0044095930435809,-0.0239068254673576,-0.0194972324237767,,,
N1_budget,kimi-k3,expgym,tuning,task,hpobench:paramnet:letter:steps,gap,Gap points,1,,single_trace,1,Gap points,Gap points,true,99.22170172699158,3,3,0,3328,kimi_original,86.85796124569212,3,3,0,3330,kimi_original,94.23169061202348,3,3,0,3332,kimi_original,,,,,,,,,,,,,,,,,,,-12.36374048129946,-4.99001111496810,7.37372936633136,,,
N1_budget,kimi-k3,expgym,tuning,task,hpobench:paramnet:letter:steps,raw_perf,fraction,1,,single_trace,100,0–100,percentage_points,true,0.9610432670156143,3,3,0,3329,kimi_original,0.8961405092938783,3,3,0,3331,kimi_original,0.934848485354401,3,3,0,3333,kimi_original,,,,,,,,,,,,,,,,,,,-0.0649027577217360,-0.0261947816612133,0.0387079760605227,,,
N4_strategy,kimi-k3,poolact,evidence_audit,all,all,evidence_acc_mi,fraction,4,cost_moderate,pool_aggregate_N4,100,0–100,percentage_points,true,,,,,,,,,,,,,,,,,,,0.7024886877828054,13,13,0,3338,kimi_original,0.670814479638009,13,13,0,3334,kimi_original,0.9083710407239819,13,13,0,3342,kimi_original,,,,-0.0316742081447964,0.2058823529411765,0.2375565610859729
N4_strategy,kimi-k3,poolact,evidence_audit,all,all,evidence_acc_mi,fraction,4,cost_tight,pool_aggregate_N4,100,0–100,percentage_points,true,,,,,,,,,,,,,,,,,,,0.5452488687782806,13,13,0,3350,kimi_original,0.5429864253393665,13,13,0,3346,kimi_original,0.6029411764705882,13,13,0,3354,kimi_original,,,,-0.0022624434389141,0.0576923076923076,0.0599547511312217
N4_strategy,kimi-k3,poolact,evidence_audit,all,all,evidence_acc_mv,fraction,4,cost_moderate,pool_aggregate_N4,100,0–100,percentage_points,true,,,,,,,,,,,,,,,,,,,0.7375565610859728,13,13,0,3339,kimi_original,0.7647058823529411,13,13,0,3335,kimi_original,0.9366515837104072,13,13,0,3343,kimi_original,,,,0.0271493212669683,0.1990950226244344,0.1719457013574661
N4_strategy,kimi-k3,poolact,evidence_audit,all,all,evidence_acc_mv,fraction,4,cost_tight,pool_aggregate_N4,100,0–100,percentage_points,true,,,,,,,,,,,,,,,,,,,0.5520361990950227,13,13,0,3351,kimi_original,0.5475113122171946,13,13,0,3347,kimi_original,0.6289592760180995,13,13,0,3355,kimi_original,,,,-0.0045248868778281,0.0769230769230768,0.0814479638009049
N4_strategy,kimi-k3,poolact,evidence_audit,all,all,label_acc_mi,fraction,4,cost_moderate,pool_aggregate_N4,100,0–100,percentage_points,true,,,,,,,,,,,,,,,,,,,0.8947963800904978,13,13,0,3340,kimi_original,0.8404977375565611,13,13,0,3336,kimi_original,0.9287330316742082,13,13,0,3344,kimi_original,,,,-0.0542986425339367,0.0339366515837104,0.0882352941176471
N4_strategy,kimi-k3,poolact,evidence_audit,all,all,label_acc_mi,fraction,4,cost_tight,pool_aggregate_N4,100,0–100,percentage_points,true,,,,,,,,,,,,,,,,,,,0.8223981900452488,13,13,0,3352,kimi_original,0.8110859728506787,13,13,0,3348,kimi_original,0.8461538461538461,13,13,0,3356,kimi_original,,,,-0.0113122171945701,0.0237556561085973,0.0350678733031674
N4_strategy,kimi-k3,poolact,evidence_audit,all,all,label_acc_mv,fraction,4,cost_moderate,pool_aggregate_N4,100,0–100,percentage_points,true,,,,,,,,,,,,,,,,,,,0.923076923076923,13,13,0,3341,kimi_original,0.9366515837104072,13,13,0,3337,kimi_original,0.9728506787330317,13,13,0,3345,kimi_original,,,,0.0135746606334842,0.0497737556561087,0.0361990950226245
N4_strategy,kimi-k3,poolact,evidence_audit,all,all,label_acc_mv,fraction,4,cost_tight,pool_aggregate_N4,100,0–100,percentage_points,true,,,,,,,,,,,,,,,,,,,0.8416289592760181,13,13,0,3353,kimi_original,0.8371040723981901,13,13,0,3349,kimi_original,0.8733031674208145,13,13,0,3357,kimi_original,,,,-0.0045248868778280,0.0316742081447964,0.0361990950226244
N4_strategy,kimi-k3,poolact,evidence_audit,family,evidence_audit,evidence_acc_mi,fraction,4,cost_moderate,pool_aggregate_N4,100,0–100,percentage_points,true,,,,,,,,,,,,,,,,,,,0.7024886877828054,13,13,0,3362,kimi_original,0.670814479638009,13,13,0,3358,kimi_original,0.9083710407239819,13,13,0,3366,kimi_original,,,,-0.0316742081447964,0.2058823529411765,0.2375565610859729
N4_strategy,kimi-k3,poolact,evidence_audit,family,evidence_audit,evidence_acc_mi,fraction,4,cost_tight,pool_aggregate_N4,100,0–100,percentage_points,true,,,,,,,,,,,,,,,,,,,0.5452488687782806,13,13,0,3374,kimi_original,0.5429864253393665,13,13,0,3370,kimi_original,0.6029411764705882,13,13,0,3378,kimi_original,,,,-0.0022624434389141,0.0576923076923076,0.0599547511312217
N4_strategy,kimi-k3,poolact,evidence_audit,family,evidence_audit,evidence_acc_mv,fraction,4,cost_moderate,pool_aggregate_N4,100,0–100,percentage_points,true,,,,,,,,,,,,,,,,,,,0.7375565610859728,13,13,0,3363,kimi_original,0.7647058823529411,13,13,0,3359,kimi_original,0.9366515837104072,13,13,0,3367,kimi_original,,,,0.0271493212669683,0.1990950226244344,0.1719457013574661
N4_strategy,kimi-k3,poolact,evidence_audit,family,evidence_audit,evidence_acc_mv,fraction,4,cost_tight,pool_aggregate_N4,100,0–100,percentage_points,true,,,,,,,,,,,,,,,,,,,0.5520361990950227,13,13,0,3375,kimi_original,0.5475113122171946,13,13,0,3371,kimi_original,0.6289592760180995,13,13,0,3379,kimi_original,,,,-0.0045248868778281,0.0769230769230768,0.0814479638009049
N4_strategy,kimi-k3,poolact,evidence_audit,family,evidence_audit,label_acc_mi,fraction,4,cost_moderate,pool_aggregate_N4,100,0–100,percentage_points,true,,,,,,,,,,,,,,,,,,,0.8947963800904978,13,13,0,3364,kimi_original,0.8404977375565611,13,13,0,3360,kimi_original,0.9287330316742082,13,13,0,3368,kimi_original,,,,-0.0542986425339367,0.0339366515837104,0.0882352941176471
N4_strategy,kimi-k3,poolact,evidence_audit,family,evidence_audit,label_acc_mi,fraction,4,cost_tight,pool_aggregate_N4,100,0–100,percentage_points,true,,,,,,,,,,,,,,,,,,,0.8223981900452488,13,13,0,3376,kimi_original,0.8110859728506787,13,13,0,3372,kimi_original,0.8461538461538461,13,13,0,3380,kimi_original,,,,-0.0113122171945701,0.0237556561085973,0.0350678733031674
N4_strategy,kimi-k3,poolact,evidence_audit,family,evidence_audit,label_acc_mv,fraction,4,cost_moderate,pool_aggregate_N4,100,0–100,percentage_points,true,,,,,,,,,,,,,,,,,,,0.923076923076923,13,13,0,3365,kimi_original,0.9366515837104072,13,13,0,3361,kimi_original,0.9728506787330317,13,13,0,3369,kimi_original,,,,0.0135746606334842,0.0497737556561087,0.0361990950226245
N4_strategy,kimi-k3,poolact,evidence_audit,family,evidence_audit,label_acc_mv,fraction,4,cost_tight,pool_aggregate_N4,100,0–100,percentage_points,true,,,,,,,,,,,,,,,,,,,0.8416289592760181,13,13,0,3377,kimi_original,0.8371040723981901,13,13,0,3373,kimi_original,0.8733031674208145,13,13,0,3381,kimi_original,,,,-0.0045248868778280,0.0316742081447964,0.0361990950226244
N4_strategy,kimi-k3,poolact,restricted_search,all,all,f1_mi,fraction,4,cost_moderate,pool_aggregate_N4,100,0–100,percentage_points,true,,,,,,,,,,,,,,,,,,,0.6238699753405635,39,39,0,3384,kimi_original,0.6320236272442155,39,39,0,3382,kimi_original,0.6409135798841681,39,39,0,3386,kimi_original,,,,0.0081536519036520,0.0170436045436046,0.0088899526399526
N4_strategy,kimi-k3,poolact,restricted_search,all,all,f1_mi,fraction,4,cost_tight,pool_aggregate_N4,100,0–100,percentage_points,true,,,,,,,,,,,,,,,,,,,0.2010021024726907,39,39,0,3390,kimi_original,0.19251059398118223,39,39,0,3388,kimi_original,0.2723945988651871,39,39,0,3392,kimi_original,,,,-0.00849150849150847,0.0713924963924964,0.07988400488400487
N4_strategy,kimi-k3,poolact,restricted_search,all,all,f1_mv,fraction,4,cost_moderate,pool_aggregate_N4,100,0–100,percentage_points,true,,,,,,,,,,,,,,,,,,,0.6459192223898106,39,39,0,3385,kimi_original,0.6420342185048067,39,39,0,3383,kimi_original,0.6674088438794321,39,39,0,3387,kimi_original,,,,-0.0038850038850039,0.0214896214896215,0.0253746253746254
N4_strategy,kimi-k3,poolact,restricted_search,all,all,f1_mv,fraction,4,cost_tight,pool_aggregate_N4,100,0–100,percentage_points,true,,,,,,,,,,,,,,,,,,,0.21287078934137757,39,39,0,3391,kimi_original,0.18722976370035194,39,39,0,3389,kimi_original,0.304323780794369,39,39,0,3393,kimi_original,,,,-0.02564102564102563,0.09145299145299143,0.11709401709401706
N4_strategy,kimi-k3,poolact,restricted_search,family,whois,f1_mi,fraction,4,cost_moderate,pool_aggregate_N4,100,0–100,percentage_points,true,,,,,,,,,,,,,,,,,,,0.6238699753405635,39,39,0,3396,kimi_original,0.6320236272442155,39,39,0,3394,kimi_original,0.6409135798841681,39,39,0,3398,kimi_original,,,,0.0081536519036520,0.0170436045436046,0.0088899526399526
N4_strategy,kimi-k3,poolact,restricted_search,family,whois,f1_mi,fraction,4,cost_tight,pool_aggregate_N4,100,0–100,percentage_points,true,,,,,,,,,,,,,,,,,,,0.2010021024726907,39,39,0,3402,kimi_original,0.19251059398118223,39,39,0,3400,kimi_original,0.2723945988651871,39,39,0,3404,kimi_original,,,,-0.00849150849150847,0.0713924963924964,0.07988400488400487
N4_strategy,kimi-k3,poolact,restricted_search,family,whois,f1_mv,fraction,4,cost_moderate,pool_aggregate_N4,100,0–100,percentage_points,true,,,,,,,,,,,,,,,,,,,0.6459192223898106,39,39,0,3397,kimi_original,0.6420342185048067,39,39,0,3395,kimi_original,0.6674088438794321,39,39,0,3399,kimi_original,,,,-0.0038850038850039,0.0214896214896215,0.0253746253746254
N4_strategy,kimi-k3,poolact,restricted_search,family,whois,f1_mv,fraction,4,cost_tight,pool_aggregate_N4,100,0–100,percentage_points,true,,,,,,,,,,,,,,,,,,,0.21287078934137757,39,39,0,3403,kimi_original,0.18722976370035194,39,39,0,3401,kimi_original,0.304323780794369,39,39,0,3405,kimi_original,,,,-0.02564102564102563,0.09145299145299143,0.11709401709401706
N4_strategy,kimi-k3,poolact,tuning,all,all,gap0_bon,Gap points,4,cost_moderate,pool_aggregate_N4,1,Gap points,Gap points,true,,,,,,,,,,,,,,,,,,,98.98695455112885,9,9,0,3412,kimi_original,98.83932273799364,9,9,0,3406,kimi_original,98.871046094003,9,9,0,3418,kimi_original,,,,-0.14763181313521,-0.11590845712585,0.03172335600936
N4_strategy,kimi-k3,poolact,tuning,all,all,gap0_bon,Gap points,4,cost_tight,item_equal_weight_after_within_item_mean,1,Gap points,Gap points,true,,,,,,,,,,,,,,,,,,,96.15928775880599,9,9,0,3430,kimi_rerun_20260912,97.47898774006714,9,9,0,3424,kimi_rerun_20260912,98.19803323710529,9,9,0,3436,kimi_rerun_20260912,,,,1.31969998126115,2.03874547829930,0.71904549703815
N4_strategy,kimi-k3,poolact,tuning,all,all,gap0_mi,Gap points,4,cost_moderate,pool_aggregate_N4,1,Gap points,Gap points,true,,,,,,,,,,,,,,,,,,,98.03886592767417,9,9,0,3413,kimi_original,97.9611398348133,9,9,0,3407,kimi_original,98.5563281837845,9,9,0,3419,kimi_original,,,,-0.07772609286087,0.51746225611033,0.5951883489712
N4_strategy,kimi-k3,poolact,tuning,all,all,gap0_mi,Gap points,4,cost_tight,item_equal_weight_after_within_item_mean,1,Gap points,Gap points,true,,,,,,,,,,,,,,,,,,,93.64915826734827,9,9,0,3431,kimi_rerun_20260912,92.95336655015971,9,9,0,3425,kimi_rerun_20260912,95.52366392604269,9,9,0,3437,kimi_rerun_20260912,,,,-0.69579171718856,1.87450565869442,2.57029737588298
N4_strategy,kimi-k3,poolact,tuning,all,all,gap_bon,Gap points,4,cost_moderate,pool_aggregate_N4,1,Gap points,Gap points,true,,,,,,,,,,,,,,,,,,,98.98695455112885,9,9,0,3414,kimi_original,98.83932273799364,9,9,0,3408,kimi_original,98.871046094003,9,9,0,3420,kimi_original,,,,-0.14763181313521,-0.11590845712585,0.03172335600936
N4_strategy,kimi-k3,poolact,tuning,all,all,gap_bon,Gap points,4,cost_tight,item_equal_weight_after_within_item_mean,1,Gap points,Gap points,true,,,,,,,,,,,,,,,,,,,96.15928775880599,9,9,0,3432,kimi_rerun_20260912,97.47898774006714,9,9,0,3426,kimi_rerun_20260912,98.19803323710529,9,9,0,3438,kimi_rerun_20260912,,,,1.31969998126115,2.03874547829930,0.71904549703815
N4_strategy,kimi-k3,poolact,tuning,all,all,gap_mi,Gap points,4,cost_moderate,pool_aggregate_N4,1,Gap points,Gap points,true,,,,,,,,,,,,,,,,,,,98.03886592767417,9,9,0,3415,kimi_original,97.9611398348133,9,9,0,3409,kimi_original,98.5563281837845,9,9,0,3421,kimi_original,,,,-0.07772609286087,0.51746225611033,0.5951883489712
N4_strategy,kimi-k3,poolact,tuning,all,all,gap_mi,Gap points,4,cost_tight,item_equal_weight_after_within_item_mean,1,Gap points,Gap points,true,,,,,,,,,,,,,,,,,,,93.64915826734827,9,9,0,3433,kimi_rerun_20260912,92.95336655015971,9,9,0,3427,kimi_rerun_20260912,95.52366392604269,9,9,0,3439,kimi_rerun_20260912,,,,-0.69579171718856,1.87450565869442,2.57029737588298
N4_strategy,kimi-k3,poolact,tuning,all,all,raw_perf_bon,fraction,4,cost_moderate,pool_aggregate_N4,100,0–100,percentage_points,true,,,,,,,,,,,,,,,,,,,0.9431534873114692,9,9,0,3416,kimi_original,0.9423151038311146,9,9,0,3410,kimi_original,0.942804789101636,9,9,0,3422,kimi_original,,,,-0.0008383834803546,-0.0003486982098332,0.0004896852705214
N4_strategy,kimi-k3,poolact,tuning,all,all,raw_perf_bon,fraction,4,cost_tight,item_equal_weight_after_within_item_mean,100,0–100,percentage_points,true,,,,,,,,,,,,,,,,,,,0.9268051076818395,9,9,0,3434,kimi_rerun_20260912,0.9371883847095348,9,9,0,3428,kimi_rerun_20260912,0.9396441733395612,9,9,0,3440,kimi_rerun_20260912,,,,0.0103832770276953,0.0128390656577217,0.0024557886300264
N4_strategy,kimi-k3,poolact,tuning,all,all,raw_perf_mi,fraction,4,cost_moderate,pool_aggregate_N4,100,0–100,percentage_points,true,,,,,,,,,,,,,,,,,,,0.9382882990218975,9,9,0,3417,kimi_original,0.937575117305473,9,9,0,3411,kimi_original,0.9412560126295796,9,9,0,3423,kimi_original,,,,-0.0007131817164245,0.0029677136076821,0.0036808953241066
N4_strategy,kimi-k3,poolact,tuning,all,all,raw_perf_mi,fraction,4,cost_tight,item_equal_weight_after_within_item_mean,100,0–100,percentage_points,true,,,,,,,,,,,,,,,,,,,0.913787986393328,9,9,0,3435,kimi_rerun_20260912,0.9144186211956872,9,9,0,3429,kimi_rerun_20260912,0.926934947570165,9,9,0,3441,kimi_rerun_20260912,,,,0.0006306348023592,0.013146961176837,0.0125163263744778
N4_strategy,kimi-k3,poolact,tuning,family,nasbench101,gap0_bon,Gap points,4,cost_moderate,pool_aggregate_N4,1,Gap points,Gap points,true,,,,,,,,,,,,,,,,,,,98.98695455112885,9,9,0,3448,kimi_original,98.83932273799364,9,9,0,3442,kimi_original,98.871046094003,9,9,0,3454,kimi_original,,,,-0.14763181313521,-0.11590845712585,0.03172335600936
N4_strategy,kimi-k3,poolact,tuning,family,nasbench101,gap0_bon,Gap points,4,cost_tight,item_equal_weight_after_within_item_mean,1,Gap points,Gap points,true,,,,,,,,,,,,,,,,,,,96.15928775880599,9,9,0,3466,kimi_rerun_20260912,97.47898774006714,9,9,0,3460,kimi_rerun_20260912,98.19803323710529,9,9,0,3472,kimi_rerun_20260912,,,,1.31969998126115,2.03874547829930,0.71904549703815
N4_strategy,kimi-k3,poolact,tuning,family,nasbench101,gap0_mi,Gap points,4,cost_moderate,pool_aggregate_N4,1,Gap points,Gap points,true,,,,,,,,,,,,,,,,,,,98.03886592767417,9,9,0,3449,kimi_original,97.9611398348133,9,9,0,3443,kimi_original,98.5563281837845,9,9,0,3455,kimi_original,,,,-0.07772609286087,0.51746225611033,0.5951883489712
N4_strategy,kimi-k3,poolact,tuning,family,nasbench101,gap0_mi,Gap points,4,cost_tight,item_equal_weight_after_within_item_mean,1,Gap points,Gap points,true,,,,,,,,,,,,,,,,,,,93.64915826734827,9,9,0,3467,kimi_rerun_20260912,92.95336655015971,9,9,0,3461,kimi_rerun_20260912,95.52366392604269,9,9,0,3473,kimi_rerun_20260912,,,,-0.69579171718856,1.87450565869442,2.57029737588298
N4_strategy,kimi-k3,poolact,tuning,family,nasbench101,gap_bon,Gap points,4,cost_moderate,pool_aggregate_N4,1,Gap points,Gap points,true,,,,,,,,,,,,,,,,,,,98.98695455112885,9,9,0,3450,kimi_original,98.83932273799364,9,9,0,3444,kimi_original,98.871046094003,9,9,0,3456,kimi_original,,,,-0.14763181313521,-0.11590845712585,0.03172335600936
N4_strategy,kimi-k3,poolact,tuning,family,nasbench101,gap_bon,Gap points,4,cost_tight,item_equal_weight_after_within_item_mean,1,Gap points,Gap points,true,,,,,,,,,,,,,,,,,,,96.15928775880599,9,9,0,3468,kimi_rerun_20260912,97.47898774006714,9,9,0,3462,kimi_rerun_20260912,98.19803323710529,9,9,0,3474,kimi_rerun_20260912,,,,1.31969998126115,2.03874547829930,0.71904549703815
N4_strategy,kimi-k3,poolact,tuning,family,nasbench101,gap_mi,Gap points,4,cost_moderate,pool_aggregate_N4,1,Gap points,Gap points,true,,,,,,,,,,,,,,,,,,,98.03886592767417,9,9,0,3451,kimi_original,97.9611398348133,9,9,0,3445,kimi_original,98.5563281837845,9,9,0,3457,kimi_original,,,,-0.07772609286087,0.51746225611033,0.5951883489712
N4_strategy,kimi-k3,poolact,tuning,family,nasbench101,gap_mi,Gap points,4,cost_tight,item_equal_weight_after_within_item_mean,1,Gap points,Gap points,true,,,,,,,,,,,,,,,,,,,93.64915826734827,9,9,0,3469,kimi_rerun_20260912,92.95336655015971,9,9,0,3463,kimi_rerun_20260912,95.52366392604269,9,9,0,3475,kimi_rerun_20260912,,,,-0.69579171718856,1.87450565869442,2.57029737588298
N4_strategy,kimi-k3,poolact,tuning,family,nasbench101,raw_perf_bon,fraction,4,cost_moderate,pool_aggregate_N4,100,0–100,percentage_points,true,,,,,,,,,,,,,,,,,,,0.9431534873114692,9,9,0,3452,kimi_original,0.9423151038311146,9,9,0,3446,kimi_original,0.942804789101636,9,9,0,3458,kimi_original,,,,-0.0008383834803546,-0.0003486982098332,0.0004896852705214
N4_strategy,kimi-k3,poolact,tuning,family,nasbench101,raw_perf_bon,fraction,4,cost_tight,item_equal_weight_after_within_item_mean,100,0–100,percentage_points,true,,,,,,,,,,,,,,,,,,,0.9268051076818395,9,9,0,3470,kimi_rerun_20260912,0.9371883847095348,9,9,0,3464,kimi_rerun_20260912,0.9396441733395612,9,9,0,3476,kimi_rerun_20260912,,,,0.0103832770276953,0.0128390656577217,0.0024557886300264
N4_strategy,kimi-k3,poolact,tuning,family,nasbench101,raw_perf_mi,fraction,4,cost_moderate,pool_aggregate_N4,100,0–100,percentage_points,true,,,,,,,,,,,,,,,,,,,0.9382882990218975,9,9,0,3453,kimi_original,0.937575117305473,9,9,0,3447,kimi_original,0.9412560126295796,9,9,0,3459,kimi_original,,,,-0.0007131817164245,0.0029677136076821,0.0036808953241066
N4_strategy,kimi-k3,poolact,tuning,family,nasbench101,raw_perf_mi,fraction,4,cost_tight,item_equal_weight_after_within_item_mean,100,0–100,percentage_points,true,,,,,,,,,,,,,,,,,,,0.913787986393328,9,9,0,3471,kimi_rerun_20260912,0.9144186211956872,9,9,0,3465,kimi_rerun_20260912,0.926934947570165,9,9,0,3477,kimi_rerun_20260912,,,,0.0006306348023592,0.013146961176837,0.0125163263744778
N4_strategy,kimi-k3,poolact,tuning,task,hpobench:nasbench101:A,gap0_bon,Gap points,4,cost_tight,item_equal_weight_after_within_item_mean,1,Gap points,Gap points,true,,,,,,,,,,,,,,,,,,,93.77931200220746,3,3,0,3496,kimi_rerun_20260912,98.96849266282418,3,3,0,3490,kimi_rerun_20260912,98.81186953368878,3,3,0,3502,kimi_rerun_20260912,,,,5.18918066061672,5.03255753148132,-0.15662312913540
N4_strategy,kimi-k3,poolact,tuning,task,hpobench:nasbench101:A,gap0_mi,Gap points,4,cost_tight,item_equal_weight_after_within_item_mean,1,Gap points,Gap points,true,,,,,,,,,,,,,,,,,,,90.1983035387973,3,3,0,3497,kimi_rerun_20260912,92.98313736802695,3,3,0,3491,kimi_rerun_20260912,95.37917825623683,3,3,0,3503,kimi_rerun_20260912,,,,2.78483382922965,5.18087471743953,2.39604088820988
N4_strategy,kimi-k3,poolact,tuning,task,hpobench:nasbench101:A,gap_bon,Gap points,4,cost_moderate,pool_aggregate_N4,1,Gap points,Gap points,true,,,,,,,,,,,,,,,,,,,99.31971338543822,3,3,0,3482,kimi_original,99.13460964341456,3,3,0,3478,kimi_original,99.62188881871306,3,3,0,3486,kimi_original,,,,-0.18510374202366,0.30217543327484,0.48727917529850
N4_strategy,kimi-k3,poolact,tuning,task,hpobench:nasbench101:A,gap_bon,Gap points,4,cost_tight,item_equal_weight_after_within_item_mean,1,Gap points,Gap points,true,,,,,,,,,,,,,,,,,,,93.77931200220746,3,3,0,3498,kimi_rerun_20260912,98.96849266282418,3,3,0,3492,kimi_rerun_20260912,98.81186953368878,3,3,0,3504,kimi_rerun_20260912,,,,5.18918066061672,5.03255753148132,-0.15662312913540
N4_strategy,kimi-k3,poolact,tuning,task,hpobench:nasbench101:A,gap_mi,Gap points,4,cost_moderate,pool_aggregate_N4,1,Gap points,Gap points,true,,,,,,,,,,,,,,,,,,,98.28741426632331,3,3,0,3483,kimi_original,97.81318843066789,3,3,0,3479,kimi_original,99.26315417023008,3,3,0,3487,kimi_original,,,,-0.47422583565542,0.97573990390677,1.44996573956219
N4_strategy,kimi-k3,poolact,tuning,task,hpobench:nasbench101:A,gap_mi,Gap points,4,cost_tight,item_equal_weight_after_within_item_mean,1,Gap points,Gap points,true,,,,,,,,,,,,,,,,,,,90.1983035387973,3,3,0,3499,kimi_rerun_20260912,92.98313736802695,3,3,0,3493,kimi_rerun_20260912,95.37917825623683,3,3,0,3505,kimi_rerun_20260912,,,,2.78483382922965,5.18087471743953,2.39604088820988
N4_strategy,kimi-k3,poolact,tuning,task,hpobench:nasbench101:A,raw_perf_bon,fraction,4,cost_moderate,pool_aggregate_N4,100,0–100,percentage_points,true,,,,,,,,,,,,,,,,,,,0.9412949681282043,3,3,0,3484,kimi_original,0.9399928715493944,3,3,0,3480,kimi_original,0.9434205955929227,3,3,0,3488,kimi_original,,,,-0.0013020965788099,0.0021256274647184,0.0034277240435283
N4_strategy,kimi-k3,poolact,tuning,task,hpobench:nasbench101:A,raw_perf_bon,fraction,4,cost_tight,item_equal_weight_after_within_item_mean,100,0–100,percentage_points,true,,,,,,,,,,,,,,,,,,,0.9023214843538072,3,3,0,3500,kimi_rerun_20260912,0.9388243357340494,3,3,0,3494,kimi_rerun_20260912,0.9377225836118063,3,3,0,3506,kimi_rerun_20260912,,,,0.0365028513802422,0.0354010992579991,-0.0011017521222431
N4_strategy,kimi-k3,poolact,tuning,task,hpobench:nasbench101:A,raw_perf_mi,fraction,4,cost_moderate,pool_aggregate_N4,100,0–100,percentage_points,true,,,,,,,,,,,,,,,,,,,0.9340333475006951,3,3,0,3485,kimi_original,0.930697446068128,3,3,0,3481,kimi_original,0.9408971071243286,3,3,0,3489,kimi_original,,,,-0.0033359014325671,0.0068637596236335,0.0101996610562006
N4_strategy,kimi-k3,poolact,tuning,task,hpobench:nasbench101:A,raw_perf_mi,fraction,4,cost_tight,item_equal_weight_after_within_item_mean,100,0–100,percentage_points,true,,,,,,,,,,,,,,,,,,,0.8771311839421589,3,3,0,3501,kimi_rerun_20260912,0.8967208613952001,3,3,0,3495,kimi_rerun_20260912,0.9135756078693602,3,3,0,3507,kimi_rerun_20260912,,,,0.0195896774530412,0.0364444239272013,0.0168547464741601
N4_strategy,kimi-k3,poolact,tuning,task,hpobench:nasbench101:B,gap0_bon,Gap points,4,cost_tight,item_equal_weight_after_within_item_mean,1,Gap points,Gap points,true,,,,,,,,,,,,,,,,,,,95.64173138001486,3,3,0,3526,kimi_rerun_20260912,95.12641820614488,3,3,0,3520,kimi_rerun_20260912,96.6112034161244,3,3,0,3532,kimi_rerun_20260912,,,,-0.51531317386998,0.96947203610954,1.48478520997952
N4_strategy,kimi-k3,poolact,tuning,task,hpobench:nasbench101:B,gap0_mi,Gap points,4,cost_tight,item_equal_weight_after_within_item_mean,1,Gap points,Gap points,true,,,,,,,,,,,,,,,,,,,92.91562889949277,3,3,0,3527,kimi_rerun_20260912,89.7451798715424,3,3,0,3521,kimi_rerun_20260912,92.75622994714102,3,3,0,3533,kimi_rerun_20260912,,,,-3.17044902795037,-0.15939895235175,3.01105007559862
N4_strategy,kimi-k3,poolact,tuning,task,hpobench:nasbench101:B,gap_bon,Gap points,4,cost_moderate,pool_aggregate_N4,1,Gap points,Gap points,true,,,,,,,,,,,,,,,,,,,97.75535713525542,3,3,0,3512,kimi_original,97.67674946832543,3,3,0,3508,kimi_original,97.5937810613429,3,3,0,3516,kimi_original,,,,-0.07860766692999,-0.16157607391252,-0.08296840698253
N4_strategy,kimi-k3,poolact,tuning,task,hpobench:nasbench101:B,gap_bon,Gap points,4,cost_tight,item_equal_weight_after_within_item_mean,1,Gap points,Gap points,true,,,,,,,,,,,,,,,,,,,95.64173138001486,3,3,0,3528,kimi_rerun_20260912,95.12641820614488,3,3,0,3522,kimi_rerun_20260912,96.6112034161244,3,3,0,3534,kimi_rerun_20260912,,,,-0.51531317386998,0.96947203610954,1.48478520997952
N4_strategy,kimi-k3,poolact,tuning,task,hpobench:nasbench101:B,gap_mi,Gap points,4,cost_moderate,pool_aggregate_N4,1,Gap points,Gap points,true,,,,,,,,,,,,,,,,,,,96.81863547836333,3,3,0,3513,kimi_original,96.87212990840567,3,3,0,3509,kimi_original,97.21166666638935,3,3,0,3517,kimi_original,,,,0.05349443004234,0.39303118802602,0.33953675798368
N4_strategy,kimi-k3,poolact,tuning,task,hpobench:nasbench101:B,gap_mi,Gap points,4,cost_tight,item_equal_weight_after_within_item_mean,1,Gap points,Gap points,true,,,,,,,,,,,,,,,,,,,92.91562889949277,3,3,0,3529,kimi_rerun_20260912,89.7451798715424,3,3,0,3523,kimi_rerun_20260912,92.75622994714102,3,3,0,3535,kimi_rerun_20260912,,,,-3.17044902795037,-0.15939895235175,3.01105007559862
N4_strategy,kimi-k3,poolact,tuning,task,hpobench:nasbench101:B,raw_perf_bon,fraction,4,cost_moderate,pool_aggregate_N4,100,0–100,percentage_points,true,,,,,,,,,,,,,,,,,,,0.9432313905821906,3,3,0,3514,kimi_original,0.9430310659938388,3,3,0,3510,kimi_original,0.9428196284506056,3,3,0,3518,kimi_original,,,,-0.0002003245883518,-0.0004117621315850,-0.0002114375432332
N4_strategy,kimi-k3,poolact,tuning,task,hpobench:nasbench101:B,raw_perf_bon,fraction,4,cost_tight,item_equal_weight_after_within_item_mean,100,0–100,percentage_points,true,,,,,,,,,,,,,,,,,,,0.9378450049294366,3,3,0,3530,kimi_rerun_20260912,0.9365317755275302,3,3,0,3524,kimi_rerun_20260912,0.9403156174553765,3,3,0,3536,kimi_rerun_20260912,,,,-0.0013132294019064,0.0024706125259399,0.0037838419278463
N4_strategy,kimi-k3,poolact,tuning,task,hpobench:nasbench101:B,raw_perf_mi,fraction,4,cost_moderate,pool_aggregate_N4,100,0–100,percentage_points,true,,,,,,,,,,,,,,,,,,,0.9408442394600974,3,3,0,3515,kimi_original,0.9409805652168062,3,3,0,3511,kimi_original,0.9418458441893259,3,3,0,3519,kimi_original,,,,0.0001363257567088,0.0010016047292285,0.0008652789725197
N4_strategy,kimi-k3,poolact,tuning,task,hpobench:nasbench101:B,raw_perf_mi,fraction,4,cost_tight,item_equal_weight_after_within_item_mean,100,0–100,percentage_points,true,,,,,,,,,,,,,,,,,,,0.930897777279218,3,3,0,3531,kimi_rerun_20260912,0.9228181723091338,3,3,0,3525,kimi_rerun_20260912,0.9304915633466508,3,3,0,3537,kimi_rerun_20260912,,,,-0.0080796049700842,-0.0004062139325672,0.0076733910375170
N4_strategy,kimi-k3,poolact,tuning,task,hpobench:nasbench101:C,gap0_bon,Gap points,4,cost_tight,item_equal_weight_after_within_item_mean,1,Gap points,Gap points,true,,,,,,,,,,,,,,,,,,,99.05681989419564,3,3,0,3556,kimi_rerun_20260912,98.34205235123235,3,3,0,3550,kimi_rerun_20260912,99.17102676150272,3,3,0,3562,kimi_rerun_20260912,,,,-0.71476754296329,0.11420686730708,0.82897441027037
N4_strategy,kimi-k3,poolact,tuning,task,hpobench:nasbench101:C,gap0_mi,Gap points,4,cost_tight,item_equal_weight_after_within_item_mean,1,Gap points,Gap points,true,,,,,,,,,,,,,,,,,,,97.83354236375473,3,3,0,3557,kimi_rerun_20260912,96.13178241090978,3,3,0,3551,kimi_rerun_20260912,98.43558357475021,3,3,0,3563,kimi_rerun_20260912,,,,-1.70175995284495,0.60204121099548,2.30380116384043
N4_strategy,kimi-k3,poolact,tuning,task,hpobench:nasbench101:C,gap_bon,Gap points,4,cost_moderate,pool_aggregate_N4,1,Gap points,Gap points,true,,,,,,,,,,,,,,,,,,,99.8857931326929,3,3,0,3542,kimi_original,99.70660910224095,3,3,0,3538,kimi_original,99.39746840195308,3,3,0,3546,kimi_original,,,,-0.17918403045195,-0.48832473073982,-0.30914070028787
N4_strategy,kimi-k3,poolact,tuning,task,hpobench:nasbench101:C,gap_bon,Gap points,4,cost_tight,item_equal_weight_after_within_item_mean,1,Gap points,Gap points,true,,,,,,,,,,,,,,,,,,,99.05681989419564,3,3,0,3558,kimi_rerun_20260912,98.34205235123235,3,3,0,3552,kimi_rerun_20260912,99.17102676150272,3,3,0,3564,kimi_rerun_20260912,,,,-0.71476754296329,0.11420686730708,0.82897441027037
N4_strategy,kimi-k3,poolact,tuning,task,hpobench:nasbench101:C,gap_mi,Gap points,4,cost_moderate,pool_aggregate_N4,1,Gap points,Gap points,true,,,,,,,,,,,,,,,,,,,99.01054803833586,3,3,0,3543,kimi_original,99.19810116536631,3,3,0,3539,kimi_original,99.19416371473409,3,3,0,3547,kimi_original,,,,0.18755312703045,0.18361567639823,-0.00393745063222
N4_strategy,kimi-k3,poolact,tuning,task,hpobench:nasbench101:C,gap_mi,Gap points,4,cost_tight,item_equal_weight_after_within_item_mean,1,Gap points,Gap points,true,,,,,,,,,,,,,,,,,,,97.83354236375473,3,3,0,3559,kimi_rerun_20260912,96.13178241090978,3,3,0,3553,kimi_rerun_20260912,98.43558357475021,3,3,0,3565,kimi_rerun_20260912,,,,-1.70175995284495,0.60204121099548,2.30380116384043
N4_strategy,kimi-k3,poolact,tuning,task,hpobench:nasbench101:C,raw_perf_bon,fraction,4,cost_moderate,pool_aggregate_N4,100,0–100,percentage_points,true,,,,,,,,,,,,,,,,,,,0.9449341032240126,3,3,0,3544,kimi_original,0.9439213739501106,3,3,0,3540,kimi_original,0.9421741432613797,3,3,0,3548,kimi_original,,,,-0.0010127292739020,-0.0027599599626329,-0.0017472306887309
N4_strategy,kimi-k3,poolact,tuning,task,hpobench:nasbench101:C,raw_perf_bon,fraction,4,cost_tight,item_equal_weight_after_within_item_mean,100,0–100,percentage_points,true,,,,,,,,,,,,,,,,,,,0.9402488337622749,3,3,0,3560,kimi_rerun_20260912,0.9362090428670248,3,3,0,3554,kimi_rerun_20260912,0.9408943189515008,3,3,0,3566,kimi_rerun_20260912,,,,-0.0040397908952501,0.0006454851892259,0.0046852760844760
N4_strategy,kimi-k3,poolact,tuning,task,hpobench:nasbench101:C,raw_perf_mi,fraction,4,cost_moderate,pool_aggregate_N4,100,0–100,percentage_points,true,,,,,,,,,,,,,,,,,,,0.9399873101049,3,3,0,3545,kimi_original,0.941047340631485,3,3,0,3541,kimi_original,0.9410250865750842,3,3,0,3549,kimi_original,,,,0.001060030526585,0.0010377764701842,-0.0000222540564008
N4_strategy,kimi-k3,poolact,tuning,task,hpobench:nasbench101:C,raw_perf_mi,fraction,4,cost_tight,item_equal_weight_after_within_item_mean,100,0–100,percentage_points,true,,,,,,,,,,,,,,,,,,,0.9333349979586071,3,3,0,3561,kimi_rerun_20260912,0.9237168298827277,3,3,0,3555,kimi_rerun_20260912,0.936737671494484,3,3,0,3567,kimi_rerun_20260912,,,,-0.0096181680758794,0.0034026735358769,0.0130208416117563
N1_budget,qwen3.8-2.4t-a95b-fp8,expgym,evidence_audit,all,all,evidence_acc,fraction,1,,document_mean_3_fixed_orders,100,0–100,percentage_points,true,0.9185520361990951,13,13,0,3568,qwen_original,0.7496229260935142,13,13,0,3570,qwen_original,0.5837104072398189,13,13,0,3572,qwen_original,,,,,,,,,,,,,,,,,,,-0.1689291101055809,-0.3348416289592762,-0.1659125188536953,,,
N1_budget,qwen3.8-2.4t-a95b-fp8,expgym,evidence_audit,all,all,label_acc,fraction,1,,document_mean_3_fixed_orders,100,0–100,percentage_points,true,0.947209653092006,13,13,0,3569,qwen_original,0.8823529411764706,13,13,0,3571,qwen_original,0.8310708898944194,13,13,0,3573,qwen_original,,,,,,,,,,,,,,,,,,,-0.0648567119155354,-0.1161387631975866,-0.0512820512820512,,,
N1_budget,qwen3.8-2.4t-a95b-fp8,expgym,evidence_audit,family,evidence_audit,evidence_acc,fraction,1,,document_mean_3_fixed_orders,100,0–100,percentage_points,true,0.9185520361990951,13,13,0,3574,qwen_original,0.7496229260935142,13,13,0,3576,qwen_original,0.5837104072398189,13,13,0,3578,qwen_original,,,,,,,,,,,,,,,,,,,-0.1689291101055809,-0.3348416289592762,-0.1659125188536953,,,
N1_budget,qwen3.8-2.4t-a95b-fp8,expgym,evidence_audit,family,evidence_audit,label_acc,fraction,1,,document_mean_3_fixed_orders,100,0–100,percentage_points,true,0.947209653092006,13,13,0,3575,qwen_original,0.8823529411764706,13,13,0,3577,qwen_original,0.8310708898944194,13,13,0,3579,qwen_original,,,,,,,,,,,,,,,,,,,-0.0648567119155354,-0.1161387631975866,-0.0512820512820512,,,
N1_budget,qwen3.8-2.4t-a95b-fp8,expgym,restricted_search,all,all,f1,fraction,1,,single_trace,100,0–100,percentage_points,true,0.5814860781621458,73,73,0,3580,qwen_original,0.5098272195169858,73,73,0,3581,qwen_original,0.18470930090591656,73,73,0,3582,qwen_original,,,,,,,,,,,,,,,,,,,-0.0716588586451600,-0.39677677725622924,-0.32511791861106924,,,
N1_budget,qwen3.8-2.4t-a95b-fp8,expgym,restricted_search,family,whatis,f1,fraction,1,,single_trace,100,0–100,percentage_points,true,0.5131033182503771,34,34,0,3583,qwen_original,0.3934509118332648,34,34,0,3584,qwen_original,0.13770053475935828,34,34,0,3585,qwen_original,,,,,,,,,,,,,,,,,,,-0.1196524064171123,-0.37540278349101882,-0.25575037707390652,,,
N1_budget,qwen3.8-2.4t-a95b-fp8,expgym,restricted_search,family,whois,f1,fraction,1,,single_trace,100,0–100,percentage_points,true,0.6411018175724058,39,39,0,3586,qwen_original,0.6112834877540759,39,39,0,3587,qwen_original,0.22569130216189043,39,39,0,3588,qwen_original,,,,,,,,,,,,,,,,,,,-0.0298183298183299,-0.41541051541051537,-0.38559218559218547,,,
N1_budget,qwen3.8-2.4t-a95b-fp8,expgym,tuning,all,all,gap,Gap points,1,,single_trace,1,Gap points,Gap points,true,97.46520547494104,27,27,0,3589,qwen_original,95.13336915970626,27,27,0,3592,qwen_original,85.70999007309636,27,27,0,3595,qwen_original,,,,,,,,,,,,,,,,,,,-2.33183631523478,-11.75521540184468,-9.42337908660990,,,
N1_budget,qwen3.8-2.4t-a95b-fp8,expgym,tuning,all,all,gap0,Gap points,1,,single_trace,1,Gap points,Gap points,true,97.46520547494104,27,27,0,3590,qwen_original,95.13336915970626,27,27,0,3593,qwen_original,85.70999007309636,27,27,0,3596,qwen_original,,,,,,,,,,,,,,,,,,,-2.33183631523478,-11.75521540184468,-9.42337908660990,,,
N1_budget,qwen3.8-2.4t-a95b-fp8,expgym,tuning,all,all,raw_perf,fraction,1,,single_trace,100,0–100,percentage_points,true,0.8287119260830713,27,27,0,3591,qwen_original,0.8251547477478217,27,27,0,3594,qwen_original,0.8067829028221891,27,27,0,3597,qwen_original,,,,,,,,,,,,,,,,,,,-0.0035571783352496,-0.0219290232608822,-0.0183718449256326,,,
N1_budget,qwen3.8-2.4t-a95b-fp8,expgym,tuning,family,nasbench101,gap,Gap points,1,,single_trace,1,Gap points,Gap points,true,98.66176600805261,9,9,0,3598,qwen_original,96.51099706037206,9,9,0,3601,qwen_original,93.81515159593864,9,9,0,3604,qwen_original,,,,,,,,,,,,,,,,,,,-2.15076894768055,-4.84661441211397,-2.69584546443342,,,
N1_budget,qwen3.8-2.4t-a95b-fp8,expgym,tuning,family,nasbench101,gap0,Gap points,1,,single_trace,1,Gap points,Gap points,true,98.66176600805261,9,9,0,3599,qwen_original,96.51099706037206,9,9,0,3602,qwen_original,93.81515159593864,9,9,0,3605,qwen_original,,,,,,,,,,,,,,,,,,,-2.15076894768055,-4.84661441211397,-2.69584546443342,,,
N1_budget,qwen3.8-2.4t-a95b-fp8,expgym,tuning,family,nasbench101,raw_perf,fraction,1,,single_trace,100,0–100,percentage_points,true,0.942099948724111,9,9,0,3600,qwen_original,0.9339201980166966,9,9,0,3603,qwen_original,0.9141181442472671,9,9,0,3606,qwen_original,,,,,,,,,,,,,,,,,,,-0.0081797507074144,-0.0279818044768439,-0.0198020537694295,,,
N1_budget,qwen3.8-2.4t-a95b-fp8,expgym,tuning,family,nasbench201,gap,Gap points,1,,single_trace,1,Gap points,Gap points,true,98.45155983155821,9,9,0,3607,qwen_original,93.9364165262355,9,9,0,3610,qwen_original,85.4489732980693,9,9,0,3613,qwen_original,,,,,,,,,,,,,,,,,,,-4.51514330532271,-13.00258653348891,-8.4874432281662,,,
N1_budget,qwen3.8-2.4t-a95b-fp8,expgym,tuning,family,nasbench201,gap0,Gap points,1,,single_trace,1,Gap points,Gap points,true,98.45155983155821,9,9,0,3608,qwen_original,93.9364165262355,9,9,0,3611,qwen_original,85.4489732980693,9,9,0,3614,qwen_original,,,,,,,,,,,,,,,,,,,-4.51514330532271,-13.00258653348891,-8.4874432281662,,,
N1_budget,qwen3.8-2.4t-a95b-fp8,expgym,tuning,family,nasbench201,raw_perf,fraction,1,,single_trace,100,0–100,percentage_points,true,0.7046703703248577,9,9,0,3609,qwen_original,0.6996962962394808,9,9,0,3612,qwen_original,0.6882545678102093,9,9,0,3615,qwen_original,,,,,,,,,,,,,,,,,,,-0.0049740740853769,-0.0164158025146484,-0.0114417284292715,,,
N1_budget,qwen3.8-2.4t-a95b-fp8,expgym,tuning,family,paramnet,gap,Gap points,1,,single_trace,1,Gap points,Gap points,true,95.2822905852123,9,9,0,3616,qwen_original,94.9526938925112,9,9,0,3619,qwen_original,77.86584532528114,9,9,0,3622,qwen_original,,,,,,,,,,,,,,,,,,,-0.3295966927011,-17.41644525993116,-17.08684856723006,,,
N1_budget,qwen3.8-2.4t-a95b-fp8,expgym,tuning,family,paramnet,gap0,Gap points,1,,single_trace,1,Gap points,Gap points,true,95.2822905852123,9,9,0,3617,qwen_original,94.9526938925112,9,9,0,3620,qwen_original,77.86584532528114,9,9,0,3623,qwen_original,,,,,,,,,,,,,,,,,,,-0.3295966927011,-17.41644525993116,-17.08684856723006,,,
N1_budget,qwen3.8-2.4t-a95b-fp8,expgym,tuning,family,paramnet,raw_perf,fraction,1,,single_trace,100,0–100,percentage_points,true,0.8393654592002454,9,9,0,3618,qwen_original,0.8418477489872874,9,9,0,3621,qwen_original,0.8179759964090912,9,9,0,3624,qwen_original,,,,,,,,,,,,,,,,,,,0.0024822897870420,-0.0213894627911542,-0.0238717525781962,,,
N1_budget,qwen3.8-2.4t-a95b-fp8,expgym,tuning,task,hpobench:nasbench101:A,gap,Gap points,1,,single_trace,1,Gap points,Gap points,true,99.58075287547395,3,3,0,3625,qwen_original,98.19011641106074,3,3,0,3627,qwen_original,89.67543089383325,3,3,0,3629,qwen_original,,,,,,,,,,,,,,,,,,,-1.39063646441321,-9.90532198164070,-8.51468551722749,,,
N1_budget,qwen3.8-2.4t-a95b-fp8,expgym,tuning,task,hpobench:nasbench101:A,raw_perf,fraction,1,,single_trace,100,0–100,percentage_points,true,0.9431312282880148,3,3,0,3626,qwen_original,0.9333489139874777,3,3,0,3628,qwen_original,0.8734530806541443,3,3,0,3630,qwen_original,,,,,,,,,,,,,,,,,,,-0.0097823143005371,-0.0696781476338705,-0.0598958333333334,,,
N1_budget,qwen3.8-2.4t-a95b-fp8,expgym,tuning,task,hpobench:nasbench101:B,gap,Gap points,1,,single_trace,1,Gap points,Gap points,true,97.11340578334064,3,3,0,3631,qwen_original,92.6503286732971,3,3,0,3633,qwen_original,93.27044773845311,3,3,0,3635,qwen_original,,,,,,,,,,,,,,,,,,,-4.46307711004354,-3.84295804488753,0.62011906515601,,,
N1_budget,qwen3.8-2.4t-a95b-fp8,expgym,tuning,task,hpobench:nasbench101:B,raw_perf,fraction,1,,single_trace,100,0–100,percentage_points,true,0.9415954351425171,3,3,0,3632,qwen_original,0.9302216834492154,3,3,0,3634,qwen_original,0.9318020012643603,3,3,0,3636,qwen_original,,,,,,,,,,,,,,,,,,,-0.0113737516933017,-0.0097934338781568,0.0015803178151449,,,
N1_budget,qwen3.8-2.4t-a95b-fp8,expgym,tuning,task,hpobench:nasbench101:C,gap,Gap points,1,,single_trace,1,Gap points,Gap points,true,99.29113936534323,3,3,0,3637,qwen_original,98.69254609675835,3,3,0,3639,qwen_original,98.49957615552955,3,3,0,3641,qwen_original,,,,,,,,,,,,,,,,,,,-0.59859326858488,-0.79156320981368,-0.19296994122880,,,
N1_budget,qwen3.8-2.4t-a95b-fp8,expgym,tuning,task,hpobench:nasbench101:C,raw_perf,fraction,1,,single_trace,100,0–100,percentage_points,true,0.9415731827418009,3,3,0,3638,qwen_original,0.9381899966133966,3,3,0,3640,qwen_original,0.9370993508232965,3,3,0,3642,qwen_original,,,,,,,,,,,,,,,,,,,-0.0033831861284043,-0.0044738319185044,-0.0010906457901001,,,
N1_budget,qwen3.8-2.4t-a95b-fp8,expgym,tuning,task,hpobench:nasbench201:cifar10-valid,gap,Gap points,1,,single_trace,1,Gap points,Gap points,true,99.30206543083482,3,3,0,3643,qwen_original,93.21607545281341,3,3,0,3645,qwen_original,96.46007564267308,3,3,0,3647,qwen_original,,,,,,,,,,,,,,,,,,,-6.08598997802141,-2.84198978816174,3.24400018985967,,,
N1_budget,qwen3.8-2.4t-a95b-fp8,expgym,tuning,task,hpobench:nasbench201:cifar10-valid,raw_perf,fraction,1,,single_trace,100,0–100,percentage_points,true,0.9155111109971789,3,3,0,3644,qwen_original,0.9106666665527343,3,3,0,3646,qwen_original,0.9132488887966579,3,3,0,3648,qwen_original,,,,,,,,,,,,,,,,,,,-0.0048444444444446,-0.0022622222005210,0.0025822222439236,,,
N1_budget,qwen3.8-2.4t-a95b-fp8,expgym,tuning,task,hpobench:nasbench201:cifar100,gap,Gap points,1,,single_trace,1,Gap points,Gap points,true,97.65209532637124,3,3,0,3649,qwen_original,100.0,3,3,0,3651,qwen_original,90.08055777420418,3,3,0,3653,qwen_original,,,,,,,,,,,,,,,,,,,2.34790467362876,-7.57153755216706,-9.91944222579582,,,
N1_budget,qwen3.8-2.4t-a95b-fp8,expgym,tuning,task,hpobench:nasbench201:cifar100,raw_perf,fraction,1,,single_trace,100,0–100,percentage_points,true,0.7321666666666666,3,3,0,3650,qwen_original,0.7350333333333333,3,3,0,3652,qwen_original,0.7229222222222224,3,3,0,3654,qwen_original,,,,,,,,,,,,,,,,,,,0.0028666666666667,-0.0092444444444442,-0.0121111111111109,,,
N1_budget,qwen3.8-2.4t-a95b-fp8,expgym,tuning,task,hpobench:nasbench201:imagenet16-120,gap,Gap points,1,,single_trace,1,Gap points,Gap points,true,98.40051873746863,3,3,0,3655,qwen_original,88.5931741258931,3,3,0,3657,qwen_original,69.80628647733069,3,3,0,3659,qwen_original,,,,,,,,,,,,,,,,,,,-9.80734461157553,-28.59423226013794,-18.78688764856241,,,
N1_budget,qwen3.8-2.4t-a95b-fp8,expgym,tuning,task,hpobench:nasbench201:imagenet16-120,raw_perf,fraction,1,,single_trace,100,0–100,percentage_points,true,0.46633333331072774,3,3,0,3656,qwen_original,0.4533888888323749,3,3,0,3658,qwen_original,0.4285925924117477,3,3,0,3660,qwen_original,,,,,,,,,,,,,,,,,,,-0.01294444447835284,-0.03774074089898004,-0.0247962964206272,,,
N1_budget,qwen3.8-2.4t-a95b-fp8,expgym,tuning,task,hpobench:paramnet:adult:steps,gap,Gap points,1,,single_trace,1,Gap points,Gap points,true,94.59002233887401,3,3,0,3661,qwen_original,91.9824424772604,3,3,0,3663,qwen_original,76.92139571049695,3,3,0,3665,qwen_original,,,,,,,,,,,,,,,,,,,-2.60757986161361,-17.66862662837706,-15.06104676676345,,,
N1_budget,qwen3.8-2.4t-a95b-fp8,expgym,tuning,task,hpobench:paramnet:adult:steps,raw_perf,fraction,1,,single_trace,100,0–100,percentage_points,true,0.8515030870064173,3,3,0,3662,qwen_original,0.8504290141057638,3,3,0,3664,qwen_original,0.8442253068192506,3,3,0,3666,qwen_original,,,,,,,,,,,,,,,,,,,-0.0010740729006535,-0.0072777801871667,-0.0062037072865132,,,
N1_budget,qwen3.8-2.4t-a95b-fp8,expgym,tuning,task,hpobench:paramnet:higgs:steps,gap,Gap points,1,,single_trace,1,Gap points,Gap points,true,93.99525263666794,3,3,0,3667,qwen_original,93.9899555393,3,3,0,3669,qwen_original,65.53323093276968,3,3,0,3671,qwen_original,,,,,,,,,,,,,,,,,,,-0.00529709736794,-28.46202170389826,-28.45672460653032,,,
N1_budget,qwen3.8-2.4t-a95b-fp8,expgym,tuning,task,hpobench:paramnet:higgs:steps,raw_perf,fraction,1,,single_trace,100,0–100,percentage_points,true,0.715839483849246,3,3,0,3668,qwen_original,0.7158348737097819,3,3,0,3670,qwen_original,0.6910685800179509,3,3,0,3672,qwen_original,,,,,,,,,,,,,,,,,,,-0.0000046101394641,-0.0247709038312951,-0.0247662936918310,,,
N1_budget,qwen3.8-2.4t-a95b-fp8,expgym,tuning,task,hpobench:paramnet:letter:steps,gap,Gap points,1,,single_trace,1,Gap points,Gap points,true,97.26159678009492,3,3,0,3673,qwen_original,98.88568366097324,3,3,0,3675,qwen_original,91.14290933257679,3,3,0,3677,qwen_original,,,,,,,,,,,,,,,,,,,1.62408688087832,-6.11868744751813,-7.74277432839645,,,
N1_budget,qwen3.8-2.4t-a95b-fp8,expgym,tuning,task,hpobench:paramnet:letter:steps,raw_perf,fraction,1,,single_trace,100,0–100,percentage_points,true,0.9507538067450733,3,3,0,3674,qwen_original,0.9592793591463168,3,3,0,3676,qwen_original,0.9186341023900724,3,3,0,3678,qwen_original,,,,,,,,,,,,,,,,,,,0.0085255524012435,-0.0321197043550009,-0.0406452567562444,,,
N4_strategy,qwen3.8-2.4t-a95b-fp8,poolact,evidence_audit,all,all,evidence_acc_mi,fraction,4,cost_moderate,pool_aggregate_N4,100,0–100,percentage_points,true,,,,,,,,,,,,,,,,,,,0.6764705882352942,13,13,0,3683,qwen_original,0.7126696832579186,13,13,0,3679,qwen_original,0.9242081447963801,13,13,0,3687,qwen_original,,,,0.0361990950226244,0.2477375565610859,0.2115384615384615
N4_strategy,qwen3.8-2.4t-a95b-fp8,poolact,evidence_audit,all,all,evidence_acc_mi,fraction,4,cost_tight,pool_aggregate_N4,100,0–100,percentage_points,true,,,,,,,,,,,,,,,,,,,0.5520361990950227,13,13,0,3695,qwen_original,0.5904977375565611,13,13,0,3691,qwen_original,0.6323529411764706,13,13,0,3699,qwen_original,,,,0.0384615384615384,0.0803167420814479,0.0418552036199095
N4_strategy,qwen3.8-2.4t-a95b-fp8,poolact,evidence_audit,all,all,evidence_acc_mv,fraction,4,cost_moderate,pool_aggregate_N4,100,0–100,percentage_points,true,,,,,,,,,,,,,,,,,,,0.6877828054298643,13,13,0,3684,qwen_original,0.7466063348416289,13,13,0,3680,qwen_original,0.9366515837104072,13,13,0,3688,qwen_original,,,,0.0588235294117646,0.2488687782805429,0.1900452488687783
N4_strategy,qwen3.8-2.4t-a95b-fp8,poolact,evidence_audit,all,all,evidence_acc_mv,fraction,4,cost_tight,pool_aggregate_N4,100,0–100,percentage_points,true,,,,,,,,,,,,,,,,,,,0.5610859728506787,13,13,0,3696,qwen_original,0.6018099547511312,13,13,0,3692,qwen_original,0.6380090497737557,13,13,0,3700,qwen_original,,,,0.0407239819004525,0.0769230769230770,0.0361990950226245
N4_strategy,qwen3.8-2.4t-a95b-fp8,poolact,evidence_audit,all,all,label_acc_mi,fraction,4,cost_moderate,pool_aggregate_N4,100,0–100,percentage_points,true,,,,,,,,,,,,,,,,,,,0.8902714932126697,13,13,0,3685,qwen_original,0.8914027149321266,13,13,0,3681,qwen_original,0.9536199095022624,13,13,0,3689,qwen_original,,,,0.0011312217194569,0.0633484162895927,0.0622171945701358
N4_strategy,qwen3.8-2.4t-a95b-fp8,poolact,evidence_audit,all,all,label_acc_mi,fraction,4,cost_tight,pool_aggregate_N4,100,0–100,percentage_points,true,,,,,,,,,,,,,,,,,,,0.8167420814479638,13,13,0,3697,qwen_original,0.83710407239819,13,13,0,3693,qwen_original,0.8540723981900451,13,13,0,3701,qwen_original,,,,0.0203619909502262,0.0373303167420813,0.0169683257918551
N4_strategy,qwen3.8-2.4t-a95b-fp8,poolact,evidence_audit,all,all,label_acc_mv,fraction,4,cost_moderate,pool_aggregate_N4,100,0–100,percentage_points,true,,,,,,,,,,,,,,,,,,,0.9004524886877827,13,13,0,3686,qwen_original,0.8914027149321266,13,13,0,3682,qwen_original,0.9592760180995475,13,13,0,3690,qwen_original,,,,-0.0090497737556561,0.0588235294117648,0.0678733031674209
N4_strategy,qwen3.8-2.4t-a95b-fp8,poolact,evidence_audit,all,all,label_acc_mv,fraction,4,cost_tight,pool_aggregate_N4,100,0–100,percentage_points,true,,,,,,,,,,,,,,,,,,,0.8325791855203619,13,13,0,3698,qwen_original,0.8371040723981901,13,13,0,3694,qwen_original,0.8552036199095022,13,13,0,3702,qwen_original,,,,0.0045248868778282,0.0226244343891403,0.0180995475113121
N4_strategy,qwen3.8-2.4t-a95b-fp8,poolact,evidence_audit,family,evidence_audit,evidence_acc_mi,fraction,4,cost_moderate,pool_aggregate_N4,100,0–100,percentage_points,true,,,,,,,,,,,,,,,,,,,0.6764705882352942,13,13,0,3707,qwen_original,0.7126696832579186,13,13,0,3703,qwen_original,0.9242081447963801,13,13,0,3711,qwen_original,,,,0.0361990950226244,0.2477375565610859,0.2115384615384615
N4_strategy,qwen3.8-2.4t-a95b-fp8,poolact,evidence_audit,family,evidence_audit,evidence_acc_mi,fraction,4,cost_tight,pool_aggregate_N4,100,0–100,percentage_points,true,,,,,,,,,,,,,,,,,,,0.5520361990950227,13,13,0,3719,qwen_original,0.5904977375565611,13,13,0,3715,qwen_original,0.6323529411764706,13,13,0,3723,qwen_original,,,,0.0384615384615384,0.0803167420814479,0.0418552036199095
N4_strategy,qwen3.8-2.4t-a95b-fp8,poolact,evidence_audit,family,evidence_audit,evidence_acc_mv,fraction,4,cost_moderate,pool_aggregate_N4,100,0–100,percentage_points,true,,,,,,,,,,,,,,,,,,,0.6877828054298643,13,13,0,3708,qwen_original,0.7466063348416289,13,13,0,3704,qwen_original,0.9366515837104072,13,13,0,3712,qwen_original,,,,0.0588235294117646,0.2488687782805429,0.1900452488687783
N4_strategy,qwen3.8-2.4t-a95b-fp8,poolact,evidence_audit,family,evidence_audit,evidence_acc_mv,fraction,4,cost_tight,pool_aggregate_N4,100,0–100,percentage_points,true,,,,,,,,,,,,,,,,,,,0.5610859728506787,13,13,0,3720,qwen_original,0.6018099547511312,13,13,0,3716,qwen_original,0.6380090497737557,13,13,0,3724,qwen_original,,,,0.0407239819004525,0.0769230769230770,0.0361990950226245
N4_strategy,qwen3.8-2.4t-a95b-fp8,poolact,evidence_audit,family,evidence_audit,label_acc_mi,fraction,4,cost_moderate,pool_aggregate_N4,100,0–100,percentage_points,true,,,,,,,,,,,,,,,,,,,0.8902714932126697,13,13,0,3709,qwen_original,0.8914027149321266,13,13,0,3705,qwen_original,0.9536199095022624,13,13,0,3713,qwen_original,,,,0.0011312217194569,0.0633484162895927,0.0622171945701358
N4_strategy,qwen3.8-2.4t-a95b-fp8,poolact,evidence_audit,family,evidence_audit,label_acc_mi,fraction,4,cost_tight,pool_aggregate_N4,100,0–100,percentage_points,true,,,,,,,,,,,,,,,,,,,0.8167420814479638,13,13,0,3721,qwen_original,0.83710407239819,13,13,0,3717,qwen_original,0.8540723981900451,13,13,0,3725,qwen_original,,,,0.0203619909502262,0.0373303167420813,0.0169683257918551
N4_strategy,qwen3.8-2.4t-a95b-fp8,poolact,evidence_audit,family,evidence_audit,label_acc_mv,fraction,4,cost_moderate,pool_aggregate_N4,100,0–100,percentage_points,true,,,,,,,,,,,,,,,,,,,0.9004524886877827,13,13,0,3710,qwen_original,0.8914027149321266,13,13,0,3706,qwen_original,0.9592760180995475,13,13,0,3714,qwen_original,,,,-0.0090497737556561,0.0588235294117648,0.0678733031674209
N4_strategy,qwen3.8-2.4t-a95b-fp8,poolact,evidence_audit,family,evidence_audit,label_acc_mv,fraction,4,cost_tight,pool_aggregate_N4,100,0–100,percentage_points,true,,,,,,,,,,,,,,,,,,,0.8325791855203619,13,13,0,3722,qwen_original,0.8371040723981901,13,13,0,3718,qwen_original,0.8552036199095022,13,13,0,3726,qwen_original,,,,0.0045248868778282,0.0226244343891403,0.0180995475113121
N4_strategy,qwen3.8-2.4t-a95b-fp8,poolact,restricted_search,all,all,f1_mi,fraction,4,cost_moderate,pool_aggregate_N4,100,0–100,percentage_points,true,,,,,,,,,,,,,,,,,,,0.5888960712490124,39,39,0,3729,qwen_original,0.5906892671598555,39,39,0,3727,qwen_original,0.623277049747638,39,39,0,3731,qwen_original,,,,0.0017931959108431,0.0343809784986256,0.0325877825877825
N4_strategy,qwen3.8-2.4t-a95b-fp8,poolact,restricted_search,all,all,f1_mi,fraction,4,cost_tight,pool_aggregate_N4,100,0–100,percentage_points,true,,,,,,,,,,,,,,,,,,,0.18552036199095023,39,39,0,3735,qwen_original,0.22310222457281279,39,39,0,3733,qwen_original,0.2268997342526754,39,39,0,3737,qwen_original,,,,0.03758186258186256,0.04137937226172517,0.00379750967986261
N4_strategy,qwen3.8-2.4t-a95b-fp8,poolact,restricted_search,all,all,f1_mv,fraction,4,cost_moderate,pool_aggregate_N4,100,0–100,percentage_points,true,,,,,,,,,,,,,,,,,,,0.6121381886087769,39,39,0,3730,qwen_original,0.6117311882017764,39,39,0,3728,qwen_original,0.6348488113193996,39,39,0,3732,qwen_original,,,,-0.0004070004070005,0.0227106227106227,0.0231176231176232
N4_strategy,qwen3.8-2.4t-a95b-fp8,poolact,restricted_search,all,all,f1_mv,fraction,4,cost_tight,pool_aggregate_N4,100,0–100,percentage_points,true,,,,,,,,,,,,,,,,,,,0.18295625942684765,39,39,0,3736,qwen_original,0.23313940960999785,39,39,0,3734,qwen_original,0.20688788335847158,39,39,0,3738,qwen_original,,,,0.05018315018315020,0.02393162393162393,-0.02625152625152627
N4_strategy,qwen3.8-2.4t-a95b-fp8,poolact,restricted_search,family,whois,f1_mi,fraction,4,cost_moderate,pool_aggregate_N4,100,0–100,percentage_points,true,,,,,,,,,,,,,,,,,,,0.5888960712490124,39,39,0,3741,qwen_original,0.5906892671598555,39,39,0,3739,qwen_original,0.623277049747638,39,39,0,3743,qwen_original,,,,0.0017931959108431,0.0343809784986256,0.0325877825877825
N4_strategy,qwen3.8-2.4t-a95b-fp8,poolact,restricted_search,family,whois,f1_mi,fraction,4,cost_tight,pool_aggregate_N4,100,0–100,percentage_points,true,,,,,,,,,,,,,,,,,,,0.18552036199095023,39,39,0,3747,qwen_original,0.22310222457281279,39,39,0,3745,qwen_original,0.2268997342526754,39,39,0,3749,qwen_original,,,,0.03758186258186256,0.04137937226172517,0.00379750967986261
N4_strategy,qwen3.8-2.4t-a95b-fp8,poolact,restricted_search,family,whois,f1_mv,fraction,4,cost_moderate,pool_aggregate_N4,100,0–100,percentage_points,true,,,,,,,,,,,,,,,,,,,0.6121381886087769,39,39,0,3742,qwen_original,0.6117311882017764,39,39,0,3740,qwen_original,0.6348488113193996,39,39,0,3744,qwen_original,,,,-0.0004070004070005,0.0227106227106227,0.0231176231176232
N4_strategy,qwen3.8-2.4t-a95b-fp8,poolact,restricted_search,family,whois,f1_mv,fraction,4,cost_tight,pool_aggregate_N4,100,0–100,percentage_points,true,,,,,,,,,,,,,,,,,,,0.18295625942684765,39,39,0,3748,qwen_original,0.23313940960999785,39,39,0,3746,qwen_original,0.20688788335847158,39,39,0,3750,qwen_original,,,,0.05018315018315020,0.02393162393162393,-0.02625152625152627
N4_strategy,qwen3.8-2.4t-a95b-fp8,poolact,tuning,all,all,gap0_bon,Gap points,4,cost_moderate,pool_aggregate_N4,1,Gap points,Gap points,true,,,,,,,,,,,,,,,,,,,98.70087187800402,9,9,0,3757,qwen_original,99.0035293493019,9,9,0,3751,qwen_original,99.14793997188116,9,9,0,3763,qwen_original,,,,0.30265747129788,0.44706809387714,0.14441062257926
N4_strategy,qwen3.8-2.4t-a95b-fp8,poolact,tuning,all,all,gap0_bon,Gap points,4,cost_tight,pool_aggregate_N4,1,Gap points,Gap points,true,,,,,,,,,,,,,,,,,,,98.52428766519483,9,9,0,3775,qwen_original,98.15040950493965,9,9,0,3769,qwen_original,98.29110845706738,9,9,0,3781,qwen_original,,,,-0.37387816025518,-0.23317920812745,0.14069895212773
N4_strategy,qwen3.8-2.4t-a95b-fp8,poolact,tuning,all,all,gap0_mi,Gap points,4,cost_moderate,pool_aggregate_N4,1,Gap points,Gap points,true,,,,,,,,,,,,,,,,,,,96.92295141673004,9,9,0,3758,qwen_original,97.72333308119075,9,9,0,3752,qwen_original,98.86948406116441,9,9,0,3764,qwen_original,,,,0.80038166446071,1.94653264443437,1.14615097997366
N4_strategy,qwen3.8-2.4t-a95b-fp8,poolact,tuning,all,all,gap0_mi,Gap points,4,cost_tight,pool_aggregate_N4,1,Gap points,Gap points,true,,,,,,,,,,,,,,,,,,,90.62109028315723,9,9,0,3776,qwen_original,90.7576025727036,9,9,0,3770,qwen_original,96.27067313679852,9,9,0,3782,qwen_original,,,,0.13651228954637,5.64958285364129,5.51307056409492
N4_strategy,qwen3.8-2.4t-a95b-fp8,poolact,tuning,all,all,gap_bon,Gap points,4,cost_moderate,pool_aggregate_N4,1,Gap points,Gap points,true,,,,,,,,,,,,,,,,,,,98.70087187800402,9,9,0,3759,qwen_original,99.0035293493019,9,9,0,3753,qwen_original,99.14793997188116,9,9,0,3765,qwen_original,,,,0.30265747129788,0.44706809387714,0.14441062257926
N4_strategy,qwen3.8-2.4t-a95b-fp8,poolact,tuning,all,all,gap_bon,Gap points,4,cost_tight,pool_aggregate_N4,1,Gap points,Gap points,true,,,,,,,,,,,,,,,,,,,98.52428766519483,9,9,0,3777,qwen_original,98.15040950493965,9,9,0,3771,qwen_original,98.29110845706738,9,9,0,3783,qwen_original,,,,-0.37387816025518,-0.23317920812745,0.14069895212773
N4_strategy,qwen3.8-2.4t-a95b-fp8,poolact,tuning,all,all,gap_mi,Gap points,4,cost_moderate,pool_aggregate_N4,1,Gap points,Gap points,true,,,,,,,,,,,,,,,,,,,96.92295141673004,9,9,0,3760,qwen_original,97.72333308119075,9,9,0,3754,qwen_original,98.86948406116441,9,9,0,3766,qwen_original,,,,0.80038166446071,1.94653264443437,1.14615097997366
N4_strategy,qwen3.8-2.4t-a95b-fp8,poolact,tuning,all,all,gap_mi,Gap points,4,cost_tight,pool_aggregate_N4,1,Gap points,Gap points,true,,,,,,,,,,,,,,,,,,,90.62109028315723,9,9,0,3778,qwen_original,90.7576025727036,9,9,0,3772,qwen_original,96.27067313679852,9,9,0,3784,qwen_original,,,,0.13651228954637,5.64958285364129,5.51307056409492
N4_strategy,qwen3.8-2.4t-a95b-fp8,poolact,tuning,all,all,raw_perf_bon,fraction,4,cost_moderate,pool_aggregate_N4,100,0–100,percentage_points,true,,,,,,,,,,,,,,,,,,,0.9420591482409725,9,9,0,3761,qwen_original,0.9429160753885905,9,9,0,3755,qwen_original,0.9437544434158891,9,9,0,3767,qwen_original,,,,0.0008569271476180,0.0016952951749166,0.0008383680272986
N4_strategy,qwen3.8-2.4t-a95b-fp8,poolact,tuning,all,all,raw_perf_bon,fraction,4,cost_tight,pool_aggregate_N4,100,0–100,percentage_points,true,,,,,,,,,,,,,,,,,,,0.9412727046895909,9,9,0,3779,qwen_original,0.9379340299853571,9,9,0,3773,qwen_original,0.9388688537809583,9,9,0,3785,qwen_original,,,,-0.0033386747042338,-0.0024038509086326,0.0009348237956012
N4_strategy,qwen3.8-2.4t-a95b-fp8,poolact,tuning,all,all,raw_perf_mi,fraction,4,cost_moderate,pool_aggregate_N4,100,0–100,percentage_points,true,,,,,,,,,,,,,,,,,,,0.933884957322368,9,9,0,3762,qwen_original,0.9371883924360628,9,9,0,3756,qwen_original,0.9426610337363349,9,9,0,3768,qwen_original,,,,0.0033034351136948,0.0087760764139669,0.0054726413002721
N4_strategy,qwen3.8-2.4t-a95b-fp8,poolact,tuning,all,all,raw_perf_mi,fraction,4,cost_tight,pool_aggregate_N4,100,0–100,percentage_points,true,,,,,,,,,,,,,,,,,,,0.8917518026298947,9,9,0,3780,qwen_original,0.8996978490440934,9,9,0,3774,qwen_original,0.9307632948513384,9,9,0,3786,qwen_original,,,,0.0079460464141987,0.0390114922214437,0.0310654458072450
N4_strategy,qwen3.8-2.4t-a95b-fp8,poolact,tuning,family,nasbench101,gap0_bon,Gap points,4,cost_moderate,pool_aggregate_N4,1,Gap points,Gap points,true,,,,,,,,,,,,,,,,,,,98.70087187800402,9,9,0,3793,qwen_original,99.0035293493019,9,9,0,3787,qwen_original,99.14793997188116,9,9,0,3799,qwen_original,,,,0.30265747129788,0.44706809387714,0.14441062257926
N4_strategy,qwen3.8-2.4t-a95b-fp8,poolact,tuning,family,nasbench101,gap0_bon,Gap points,4,cost_tight,pool_aggregate_N4,1,Gap points,Gap points,true,,,,,,,,,,,,,,,,,,,98.52428766519483,9,9,0,3811,qwen_original,98.15040950493965,9,9,0,3805,qwen_original,98.29110845706738,9,9,0,3817,qwen_original,,,,-0.37387816025518,-0.23317920812745,0.14069895212773
N4_strategy,qwen3.8-2.4t-a95b-fp8,poolact,tuning,family,nasbench101,gap0_mi,Gap points,4,cost_moderate,pool_aggregate_N4,1,Gap points,Gap points,true,,,,,,,,,,,,,,,,,,,96.92295141673004,9,9,0,3794,qwen_original,97.72333308119075,9,9,0,3788,qwen_original,98.86948406116441,9,9,0,3800,qwen_original,,,,0.80038166446071,1.94653264443437,1.14615097997366
N4_strategy,qwen3.8-2.4t-a95b-fp8,poolact,tuning,family,nasbench101,gap0_mi,Gap points,4,cost_tight,pool_aggregate_N4,1,Gap points,Gap points,true,,,,,,,,,,,,,,,,,,,90.62109028315723,9,9,0,3812,qwen_original,90.7576025727036,9,9,0,3806,qwen_original,96.27067313679852,9,9,0,3818,qwen_original,,,,0.13651228954637,5.64958285364129,5.51307056409492
N4_strategy,qwen3.8-2.4t-a95b-fp8,poolact,tuning,family,nasbench101,gap_bon,Gap points,4,cost_moderate,pool_aggregate_N4,1,Gap points,Gap points,true,,,,,,,,,,,,,,,,,,,98.70087187800402,9,9,0,3795,qwen_original,99.0035293493019,9,9,0,3789,qwen_original,99.14793997188116,9,9,0,3801,qwen_original,,,,0.30265747129788,0.44706809387714,0.14441062257926
N4_strategy,qwen3.8-2.4t-a95b-fp8,poolact,tuning,family,nasbench101,gap_bon,Gap points,4,cost_tight,pool_aggregate_N4,1,Gap points,Gap points,true,,,,,,,,,,,,,,,,,,,98.52428766519483,9,9,0,3813,qwen_original,98.15040950493965,9,9,0,3807,qwen_original,98.29110845706738,9,9,0,3819,qwen_original,,,,-0.37387816025518,-0.23317920812745,0.14069895212773
N4_strategy,qwen3.8-2.4t-a95b-fp8,poolact,tuning,family,nasbench101,gap_mi,Gap points,4,cost_moderate,pool_aggregate_N4,1,Gap points,Gap points,true,,,,,,,,,,,,,,,,,,,96.92295141673004,9,9,0,3796,qwen_original,97.72333308119075,9,9,0,3790,qwen_original,98.86948406116441,9,9,0,3802,qwen_original,,,,0.80038166446071,1.94653264443437,1.14615097997366
N4_strategy,qwen3.8-2.4t-a95b-fp8,poolact,tuning,family,nasbench101,gap_mi,Gap points,4,cost_tight,pool_aggregate_N4,1,Gap points,Gap points,true,,,,,,,,,,,,,,,,,,,90.62109028315723,9,9,0,3814,qwen_original,90.7576025727036,9,9,0,3808,qwen_original,96.27067313679852,9,9,0,3820,qwen_original,,,,0.13651228954637,5.64958285364129,5.51307056409492
N4_strategy,qwen3.8-2.4t-a95b-fp8,poolact,tuning,family,nasbench101,raw_perf_bon,fraction,4,cost_moderate,pool_aggregate_N4,100,0–100,percentage_points,true,,,,,,,,,,,,,,,,,,,0.9420591482409725,9,9,0,3797,qwen_original,0.9429160753885905,9,9,0,3791,qwen_original,0.9437544434158891,9,9,0,3803,qwen_original,,,,0.0008569271476180,0.0016952951749166,0.0008383680272986
N4_strategy,qwen3.8-2.4t-a95b-fp8,poolact,tuning,family,nasbench101,raw_perf_bon,fraction,4,cost_tight,pool_aggregate_N4,100,0–100,percentage_points,true,,,,,,,,,,,,,,,,,,,0.9412727046895909,9,9,0,3815,qwen_original,0.9379340299853571,9,9,0,3809,qwen_original,0.9388688537809583,9,9,0,3821,qwen_original,,,,-0.0033386747042338,-0.0024038509086326,0.0009348237956012
N4_strategy,qwen3.8-2.4t-a95b-fp8,poolact,tuning,family,nasbench101,raw_perf_mi,fraction,4,cost_moderate,pool_aggregate_N4,100,0–100,percentage_points,true,,,,,,,,,,,,,,,,,,,0.933884957322368,9,9,0,3798,qwen_original,0.9371883924360628,9,9,0,3792,qwen_original,0.9426610337363349,9,9,0,3804,qwen_original,,,,0.0033034351136948,0.0087760764139669,0.0054726413002721
N4_strategy,qwen3.8-2.4t-a95b-fp8,poolact,tuning,family,nasbench101,raw_perf_mi,fraction,4,cost_tight,pool_aggregate_N4,100,0–100,percentage_points,true,,,,,,,,,,,,,,,,,,,0.8917518026298947,9,9,0,3816,qwen_original,0.8996978490440934,9,9,0,3810,qwen_original,0.9307632948513384,9,9,0,3822,qwen_original,,,,0.0079460464141987,0.0390114922214437,0.0310654458072450
N4_strategy,qwen3.8-2.4t-a95b-fp8,poolact,tuning,task,hpobench:nasbench101:A,gap_bon,Gap points,4,cost_moderate,pool_aggregate_N4,1,Gap points,Gap points,true,,,,,,,,,,,,,,,,,,,99.26750379277293,3,3,0,3827,qwen_original,99.35610051999633,3,3,0,3823,qwen_original,99.43361983188659,3,3,0,3831,qwen_original,,,,0.08859672722340,0.16611603911366,0.07751931189026
N4_strategy,qwen3.8-2.4t-a95b-fp8,poolact,tuning,task,hpobench:nasbench101:A,gap_bon,Gap points,4,cost_tight,pool_aggregate_N4,1,Gap points,Gap points,true,,,,,,,,,,,,,,,,,,,99.21687870546255,3,3,0,3839,qwen_original,97.75346514750287,3,3,0,3835,qwen_original,98.28187555865675,3,3,0,3843,qwen_original,,,,-1.46341355795968,-0.93500314680580,0.52841041115388
N4_strategy,qwen3.8-2.4t-a95b-fp8,poolact,tuning,task,hpobench:nasbench101:A,gap_mi,Gap points,4,cost_moderate,pool_aggregate_N4,1,Gap points,Gap points,true,,,,,,,,,,,,,,,,,,,97.3967097184984,3,3,0,3828,qwen_original,98.33922632043476,3,3,0,3824,qwen_original,99.28253352746428,3,3,0,3832,qwen_original,,,,0.94251660193636,1.88582380896588,0.94330720702952
N4_strategy,qwen3.8-2.4t-a95b-fp8,poolact,tuning,task,hpobench:nasbench101:A,gap_mi,Gap points,4,cost_tight,pool_aggregate_N4,1,Gap points,Gap points,true,,,,,,,,,,,,,,,,,,,85.56582112617372,3,3,0,3840,qwen_original,86.1533536962799,3,3,0,3836,qwen_original,96.66935420964569,3,3,0,3844,qwen_original,,,,0.58753257010618,11.10353308347197,10.51600051336579
N4_strategy,qwen3.8-2.4t-a95b-fp8,poolact,tuning,task,hpobench:nasbench101:A,raw_perf_bon,fraction,4,cost_moderate,pool_aggregate_N4,100,0–100,percentage_points,true,,,,,,,,,,,,,,,,,,,0.9409277041753134,3,3,0,3829,qwen_original,0.9415509303410848,3,3,0,3825,qwen_original,0.9420962333679199,3,3,0,3833,qwen_original,,,,0.0006232261657714,0.0011685291926065,0.0005453030268351
N4_strategy,qwen3.8-2.4t-a95b-fp8,poolact,tuning,task,hpobench:nasbench101:A,raw_perf_bon,fraction,4,cost_tight,pool_aggregate_N4,100,0–100,percentage_points,true,,,,,,,,,,,,,,,,,,,0.9405715862909952,3,3,0,3841,qwen_original,0.9302773276964823,3,3,0,3837,qwen_original,0.9339943859312269,3,3,0,3845,qwen_original,,,,-0.0102942585945129,-0.0065772003597683,0.0037170582347446
N4_strategy,qwen3.8-2.4t-a95b-fp8,poolact,tuning,task,hpobench:nasbench101:A,raw_perf_mi,fraction,4,cost_moderate,pool_aggregate_N4,100,0–100,percentage_points,true,,,,,,,,,,,,,,,,,,,0.927767761879497,3,3,0,3830,qwen_original,0.9343978150023354,3,3,0,3826,qwen_original,0.9410334295696682,3,3,0,3834,qwen_original,,,,0.0066300531228384,0.0132656676901712,0.0066356145673328
N4_strategy,qwen3.8-2.4t-a95b-fp8,poolact,tuning,task,hpobench:nasbench101:A,raw_perf_mi,fraction,4,cost_tight,pool_aggregate_N4,100,0–100,percentage_points,true,,,,,,,,,,,,,,,,,,,0.8243244737386703,3,3,0,3842,qwen_original,0.8486773272355398,3,3,0,3838,qwen_original,0.9226512412230173,3,3,0,3846,qwen_original,,,,0.0243528534968695,0.0983267674843470,0.0739739139874775
N4_strategy,qwen3.8-2.4t-a95b-fp8,poolact,tuning,task,hpobench:nasbench101:B,gap_bon,Gap points,4,cost_moderate,pool_aggregate_N4,1,Gap points,Gap points,true,,,,,,,,,,,,,,,,,,,97.22695394491079,3,3,0,3851,qwen_original,98.09161749096188,3,3,0,3847,qwen_original,98.10471530375372,3,3,0,3855,qwen_original,,,,0.86466354605109,0.87776135884293,0.01309781279184
N4_strategy,qwen3.8-2.4t-a95b-fp8,poolact,tuning,task,hpobench:nasbench101:B,gap_bon,Gap points,4,cost_tight,pool_aggregate_N4,1,Gap points,Gap points,true,,,,,,,,,,,,,,,,,,,96.99986541808767,3,3,0,3863,qwen_original,97.53264234234673,3,3,0,3859,qwen_original,97.63308229603552,3,3,0,3867,qwen_original,,,,0.53277692425906,0.63321687794785,0.10043995368879
N4_strategy,qwen3.8-2.4t-a95b-fp8,poolact,tuning,task,hpobench:nasbench101:B,gap_mi,Gap points,4,cost_moderate,pool_aggregate_N4,1,Gap points,Gap points,true,,,,,,,,,,,,,,,,,,,94.58163820195877,3,3,0,3852,qwen_original,96.18105396220439,3,3,0,3848,qwen_original,97.5730350614387,3,3,0,3856,qwen_original,,,,1.59941576024562,2.99139685947993,1.39198109923431
N4_strategy,qwen3.8-2.4t-a95b-fp8,poolact,tuning,task,hpobench:nasbench101:B,gap_mi,Gap points,4,cost_tight,pool_aggregate_N4,1,Gap points,Gap points,true,,,,,,,,,,,,,,,,,,,89.09449794381926,3,3,0,3864,qwen_original,88.9361924249461,3,3,0,3860,qwen_original,93.71151268605941,3,3,0,3868,qwen_original,,,,-0.15830551887316,4.61701474224015,4.77532026111331
N4_strategy,qwen3.8-2.4t-a95b-fp8,poolact,tuning,task,hpobench:nasbench101:B,raw_perf_bon,fraction,4,cost_moderate,pool_aggregate_N4,100,0–100,percentage_points,true,,,,,,,,,,,,,,,,,,,0.941884802447425,3,3,0,3853,qwen_original,0.9440883199373881,3,3,0,3849,qwen_original,0.9441216985384623,3,3,0,3857,qwen_original,,,,0.0022035174899631,0.0022368960910373,0.0000333786010742
N4_strategy,qwen3.8-2.4t-a95b-fp8,poolact,tuning,task,hpobench:nasbench101:B,raw_perf_bon,fraction,4,cost_tight,pool_aggregate_N4,100,0–100,percentage_points,true,,,,,,,,,,,,,,,,,,,0.941306087705824,3,3,0,3865,qwen_original,0.9426638219091626,3,3,0,3861,qwen_original,0.9429197841220431,3,3,0,3869,qwen_original,,,,0.0013577342033386,0.0016136964162191,0.0002559622128805
N4_strategy,qwen3.8-2.4t-a95b-fp8,poolact,tuning,task,hpobench:nasbench101:B,raw_perf_mi,fraction,4,cost_moderate,pool_aggregate_N4,100,0–100,percentage_points,true,,,,,,,,,,,,,,,,,,,0.9351434525516299,3,3,0,3854,qwen_original,0.9392194201548895,3,3,0,3850,qwen_original,0.94276675913069,3,3,0,3858,qwen_original,,,,0.0040759676032596,0.0076233065790601,0.0035473389758005
N4_strategy,qwen3.8-2.4t-a95b-fp8,poolact,tuning,task,hpobench:nasbench101:B,raw_perf_mi,fraction,4,cost_tight,pool_aggregate_N4,100,0–100,percentage_points,true,,,,,,,,,,,,,,,,,,,0.9211599677801132,3,3,0,3866,qwen_original,0.9207565403646893,3,3,0,3862,qwen_original,0.932926015721427,3,3,0,3870,qwen_original,,,,-0.0004034274154239,0.0117660479413138,0.0121694753567377
N4_strategy,qwen3.8-2.4t-a95b-fp8,poolact,tuning,task,hpobench:nasbench101:C,gap_bon,Gap points,4,cost_moderate,pool_aggregate_N4,1,Gap points,Gap points,true,,,,,,,,,,,,,,,,,,,99.60815789632834,3,3,0,3875,qwen_original,99.5628700369475,3,3,0,3871,qwen_original,99.90548478000318,3,3,0,3879,qwen_original,,,,-0.04528785938084,0.29732688367484,0.34261474305568
N4_strategy,qwen3.8-2.4t-a95b-fp8,poolact,tuning,task,hpobench:nasbench101:C,gap_bon,Gap points,4,cost_tight,pool_aggregate_N4,1,Gap points,Gap points,true,,,,,,,,,,,,,,,,,,,99.35611887203432,3,3,0,3887,qwen_original,99.16512102496932,3,3,0,3883,qwen_original,98.9583675165099,3,3,0,3891,qwen_original,,,,-0.19099784706500,-0.39775135552442,-0.20675350845942
N4_strategy,qwen3.8-2.4t-a95b-fp8,poolact,tuning,task,hpobench:nasbench101:C,gap_mi,Gap points,4,cost_moderate,pool_aggregate_N4,1,Gap points,Gap points,true,,,,,,,,,,,,,,,,,,,98.79050632973299,3,3,0,3876,qwen_original,98.64971896093311,3,3,0,3872,qwen_original,99.75288359459027,3,3,0,3880,qwen_original,,,,-0.14078736879988,0.96237726485728,1.10316463365716
N4_strategy,qwen3.8-2.4t-a95b-fp8,poolact,tuning,task,hpobench:nasbench101:C,gap_mi,Gap points,4,cost_tight,pool_aggregate_N4,1,Gap points,Gap points,true,,,,,,,,,,,,,,,,,,,97.20295177947871,3,3,0,3888,qwen_original,97.18326159688485,3,3,0,3884,qwen_original,98.43115251469048,3,3,0,3892,qwen_original,,,,-0.01969018259386,1.22820073521177,1.24789091780563
N4_strategy,qwen3.8-2.4t-a95b-fp8,poolact,tuning,task,hpobench:nasbench101:C,raw_perf_bon,fraction,4,cost_moderate,pool_aggregate_N4,100,0–100,percentage_points,true,,,,,,,,,,,,,,,,,,,0.9433649381001791,3,3,0,3877,qwen_original,0.9431089758872986,3,3,0,3873,qwen_original,0.9450453983412849,3,3,0,3881,qwen_original,,,,-0.0002559622128805,0.0016804602411058,0.0019364224539863
N4_strategy,qwen3.8-2.4t-a95b-fp8,poolact,tuning,task,hpobench:nasbench101:C,raw_perf_bon,fraction,4,cost_tight,pool_aggregate_N4,100,0–100,percentage_points,true,,,,,,,,,,,,,,,,,,,0.9419404400719537,3,3,0,3889,qwen_original,0.9408609403504266,3,3,0,3885,qwen_original,0.939692391289605,3,3,0,3893,qwen_original,,,,-0.0010794997215271,-0.0022480487823487,-0.0011685490608216
N4_strategy,qwen3.8-2.4t-a95b-fp8,poolact,tuning,task,hpobench:nasbench101:C,raw_perf_mi,fraction,4,cost_moderate,pool_aggregate_N4,100,0–100,percentage_points,true,,,,,,,,,,,,,,,,,,,0.9387436575359769,3,3,0,3878,qwen_original,0.9379479421509637,3,3,0,3874,qwen_original,0.9441829125086466,3,3,0,3882,qwen_original,,,,-0.0007957153850132,0.0054392549726697,0.0062349703576829
N4_strategy,qwen3.8-2.4t-a95b-fp8,poolact,tuning,task,hpobench:nasbench101:C,raw_perf_mi,fraction,4,cost_tight,pool_aggregate_N4,100,0–100,percentage_points,true,,,,,,,,,,,,,,,,,,,0.9297709663709005,3,3,0,3890,qwen_original,0.9296596795320511,3,3,0,3886,qwen_original,0.9367126276095709,3,3,0,3894,qwen_original,,,,-0.0001112868388494,0.0069416612386704,0.0070529480775198
