model,system,scenario,regime,strategy,metric,slice_kind,slice,source_input,source_row,selected,cohort_id,reason
deepseek-v4-flash-0731,poolact,evidence_audit,cost_moderate,cached,budget_utilization,all,all,old_absolute,568,False,deepseek_original,entire_registered_three_strategy_cell_superseded_by_20260912_rerun
deepseek-v4-flash-0731,poolact,evidence_audit,cost_moderate,cached,duplicate_action_attempts,all,all,old_absolute,569,False,deepseek_original,entire_registered_three_strategy_cell_superseded_by_20260912_rerun
deepseek-v4-flash-0731,poolact,evidence_audit,cost_moderate,cached,evidence_acc_mi,all,all,old_absolute,570,False,deepseek_original,entire_registered_three_strategy_cell_superseded_by_20260912_rerun
deepseek-v4-flash-0731,poolact,evidence_audit,cost_moderate,cached,evidence_acc_mv,all,all,old_absolute,571,False,deepseek_original,entire_registered_three_strategy_cell_superseded_by_20260912_rerun
deepseek-v4-flash-0731,poolact,evidence_audit,cost_moderate,cached,feedback_attempts,all,all,old_absolute,572,False,deepseek_original,entire_registered_three_strategy_cell_superseded_by_20260912_rerun
deepseek-v4-flash-0731,poolact,evidence_audit,cost_moderate,cached,feedback_cost_seconds,all,all,old_absolute,573,False,deepseek_original,entire_registered_three_strategy_cell_superseded_by_20260912_rerun
deepseek-v4-flash-0731,poolact,evidence_audit,cost_moderate,cached,feedback_visible,all,all,old_absolute,574,False,deepseek_original,entire_registered_three_strategy_cell_superseded_by_20260912_rerun
deepseek-v4-flash-0731,poolact,evidence_audit,cost_moderate,cached,input_tokens,all,all,old_absolute,575,False,deepseek_original,entire_registered_three_strategy_cell_superseded_by_20260912_rerun
deepseek-v4-flash-0731,poolact,evidence_audit,cost_moderate,cached,label_acc_mi,all,all,old_absolute,576,False,deepseek_original,entire_registered_three_strategy_cell_superseded_by_20260912_rerun
deepseek-v4-flash-0731,poolact,evidence_audit,cost_moderate,cached,label_acc_mv,all,all,old_absolute,577,False,deepseek_original,entire_registered_three_strategy_cell_superseded_by_20260912_rerun
deepseek-v4-flash-0731,poolact,evidence_audit,cost_moderate,cached,output_tokens,all,all,old_absolute,578,False,deepseek_original,entire_registered_three_strategy_cell_superseded_by_20260912_rerun
deepseek-v4-flash-0731,poolact,evidence_audit,cost_moderate,cached,protocol_failure_rate,all,all,old_absolute,579,False,deepseek_original,entire_registered_three_strategy_cell_superseded_by_20260912_rerun
deepseek-v4-flash-0731,poolact,evidence_audit,cost_moderate,cached,wall_time_seconds,all,all,old_absolute,580,False,deepseek_original,entire_registered_three_strategy_cell_superseded_by_20260912_rerun
deepseek-v4-flash-0731,poolact,evidence_audit,cost_moderate,naive,budget_utilization,all,all,old_absolute,581,False,deepseek_original,entire_registered_three_strategy_cell_superseded_by_20260912_rerun
deepseek-v4-flash-0731,poolact,evidence_audit,cost_moderate,naive,duplicate_action_attempts,all,all,old_absolute,582,False,deepseek_original,entire_registered_three_strategy_cell_superseded_by_20260912_rerun
deepseek-v4-flash-0731,poolact,evidence_audit,cost_moderate,naive,evidence_acc_mi,all,all,old_absolute,583,False,deepseek_original,entire_registered_three_strategy_cell_superseded_by_20260912_rerun
deepseek-v4-flash-0731,poolact,evidence_audit,cost_moderate,naive,evidence_acc_mv,all,all,old_absolute,584,False,deepseek_original,entire_registered_three_strategy_cell_superseded_by_20260912_rerun
deepseek-v4-flash-0731,poolact,evidence_audit,cost_moderate,naive,feedback_attempts,all,all,old_absolute,585,False,deepseek_original,entire_registered_three_strategy_cell_superseded_by_20260912_rerun
deepseek-v4-flash-0731,poolact,evidence_audit,cost_moderate,naive,feedback_cost_seconds,all,all,old_absolute,586,False,deepseek_original,entire_registered_three_strategy_cell_superseded_by_20260912_rerun
deepseek-v4-flash-0731,poolact,evidence_audit,cost_moderate,naive,feedback_visible,all,all,old_absolute,587,False,deepseek_original,entire_registered_three_strategy_cell_superseded_by_20260912_rerun
deepseek-v4-flash-0731,poolact,evidence_audit,cost_moderate,naive,input_tokens,all,all,old_absolute,588,False,deepseek_original,entire_registered_three_strategy_cell_superseded_by_20260912_rerun
deepseek-v4-flash-0731,poolact,evidence_audit,cost_moderate,naive,label_acc_mi,all,all,old_absolute,589,False,deepseek_original,entire_registered_three_strategy_cell_superseded_by_20260912_rerun
deepseek-v4-flash-0731,poolact,evidence_audit,cost_moderate,naive,label_acc_mv,all,all,old_absolute,590,False,deepseek_original,entire_registered_three_strategy_cell_superseded_by_20260912_rerun
deepseek-v4-flash-0731,poolact,evidence_audit,cost_moderate,naive,output_tokens,all,all,old_absolute,591,False,deepseek_original,entire_registered_three_strategy_cell_superseded_by_20260912_rerun
deepseek-v4-flash-0731,poolact,evidence_audit,cost_moderate,naive,protocol_failure_rate,all,all,old_absolute,592,False,deepseek_original,entire_registered_three_strategy_cell_superseded_by_20260912_rerun
deepseek-v4-flash-0731,poolact,evidence_audit,cost_moderate,naive,wall_time_seconds,all,all,old_absolute,593,False,deepseek_original,entire_registered_three_strategy_cell_superseded_by_20260912_rerun
deepseek-v4-flash-0731,poolact,evidence_audit,cost_moderate,poolact,budget_utilization,all,all,old_absolute,594,False,deepseek_original,entire_registered_three_strategy_cell_superseded_by_20260912_rerun
deepseek-v4-flash-0731,poolact,evidence_audit,cost_moderate,poolact,duplicate_action_attempts,all,all,old_absolute,595,False,deepseek_original,entire_registered_three_strategy_cell_superseded_by_20260912_rerun
deepseek-v4-flash-0731,poolact,evidence_audit,cost_moderate,poolact,evidence_acc_mi,all,all,old_absolute,596,False,deepseek_original,entire_registered_three_strategy_cell_superseded_by_20260912_rerun
deepseek-v4-flash-0731,poolact,evidence_audit,cost_moderate,poolact,evidence_acc_mv,all,all,old_absolute,597,False,deepseek_original,entire_registered_three_strategy_cell_superseded_by_20260912_rerun
deepseek-v4-flash-0731,poolact,evidence_audit,cost_moderate,poolact,feedback_attempts,all,all,old_absolute,598,False,deepseek_original,entire_registered_three_strategy_cell_superseded_by_20260912_rerun
deepseek-v4-flash-0731,poolact,evidence_audit,cost_moderate,poolact,feedback_cost_seconds,all,all,old_absolute,599,False,deepseek_original,entire_registered_three_strategy_cell_superseded_by_20260912_rerun
deepseek-v4-flash-0731,poolact,evidence_audit,cost_moderate,poolact,feedback_visible,all,all,old_absolute,600,False,deepseek_original,entire_registered_three_strategy_cell_superseded_by_20260912_rerun
deepseek-v4-flash-0731,poolact,evidence_audit,cost_moderate,poolact,input_tokens,all,all,old_absolute,601,False,deepseek_original,entire_registered_three_strategy_cell_superseded_by_20260912_rerun
deepseek-v4-flash-0731,poolact,evidence_audit,cost_moderate,poolact,label_acc_mi,all,all,old_absolute,602,False,deepseek_original,entire_registered_three_strategy_cell_superseded_by_20260912_rerun
deepseek-v4-flash-0731,poolact,evidence_audit,cost_moderate,poolact,label_acc_mv,all,all,old_absolute,603,False,deepseek_original,entire_registered_three_strategy_cell_superseded_by_20260912_rerun
deepseek-v4-flash-0731,poolact,evidence_audit,cost_moderate,poolact,output_tokens,all,all,old_absolute,604,False,deepseek_original,entire_registered_three_strategy_cell_superseded_by_20260912_rerun
deepseek-v4-flash-0731,poolact,evidence_audit,cost_moderate,poolact,protocol_failure_rate,all,all,old_absolute,605,False,deepseek_original,entire_registered_three_strategy_cell_superseded_by_20260912_rerun
deepseek-v4-flash-0731,poolact,evidence_audit,cost_moderate,poolact,wall_time_seconds,all,all,old_absolute,606,False,deepseek_original,entire_registered_three_strategy_cell_superseded_by_20260912_rerun
deepseek-v4-flash-0731,poolact,evidence_audit,cost_tight,cached,budget_utilization,all,all,old_absolute,607,False,deepseek_original,entire_registered_three_strategy_cell_superseded_by_20260912_rerun
deepseek-v4-flash-0731,poolact,evidence_audit,cost_tight,cached,duplicate_action_attempts,all,all,old_absolute,608,False,deepseek_original,entire_registered_three_strategy_cell_superseded_by_20260912_rerun
deepseek-v4-flash-0731,poolact,evidence_audit,cost_tight,cached,evidence_acc_mi,all,all,old_absolute,609,False,deepseek_original,entire_registered_three_strategy_cell_superseded_by_20260912_rerun
deepseek-v4-flash-0731,poolact,evidence_audit,cost_tight,cached,evidence_acc_mv,all,all,old_absolute,610,False,deepseek_original,entire_registered_three_strategy_cell_superseded_by_20260912_rerun
deepseek-v4-flash-0731,poolact,evidence_audit,cost_tight,cached,feedback_attempts,all,all,old_absolute,611,False,deepseek_original,entire_registered_three_strategy_cell_superseded_by_20260912_rerun
deepseek-v4-flash-0731,poolact,evidence_audit,cost_tight,cached,feedback_cost_seconds,all,all,old_absolute,612,False,deepseek_original,entire_registered_three_strategy_cell_superseded_by_20260912_rerun
deepseek-v4-flash-0731,poolact,evidence_audit,cost_tight,cached,feedback_visible,all,all,old_absolute,613,False,deepseek_original,entire_registered_three_strategy_cell_superseded_by_20260912_rerun
deepseek-v4-flash-0731,poolact,evidence_audit,cost_tight,cached,input_tokens,all,all,old_absolute,614,False,deepseek_original,entire_registered_three_strategy_cell_superseded_by_20260912_rerun
deepseek-v4-flash-0731,poolact,evidence_audit,cost_tight,cached,label_acc_mi,all,all,old_absolute,615,False,deepseek_original,entire_registered_three_strategy_cell_superseded_by_20260912_rerun
deepseek-v4-flash-0731,poolact,evidence_audit,cost_tight,cached,label_acc_mv,all,all,old_absolute,616,False,deepseek_original,entire_registered_three_strategy_cell_superseded_by_20260912_rerun
deepseek-v4-flash-0731,poolact,evidence_audit,cost_tight,cached,output_tokens,all,all,old_absolute,617,False,deepseek_original,entire_registered_three_strategy_cell_superseded_by_20260912_rerun
deepseek-v4-flash-0731,poolact,evidence_audit,cost_tight,cached,protocol_failure_rate,all,all,old_absolute,618,False,deepseek_original,entire_registered_three_strategy_cell_superseded_by_20260912_rerun
deepseek-v4-flash-0731,poolact,evidence_audit,cost_tight,cached,wall_time_seconds,all,all,old_absolute,619,False,deepseek_original,entire_registered_three_strategy_cell_superseded_by_20260912_rerun
deepseek-v4-flash-0731,poolact,evidence_audit,cost_tight,naive,budget_utilization,all,all,old_absolute,620,False,deepseek_original,entire_registered_three_strategy_cell_superseded_by_20260912_rerun
deepseek-v4-flash-0731,poolact,evidence_audit,cost_tight,naive,duplicate_action_attempts,all,all,old_absolute,621,False,deepseek_original,entire_registered_three_strategy_cell_superseded_by_20260912_rerun
deepseek-v4-flash-0731,poolact,evidence_audit,cost_tight,naive,evidence_acc_mi,all,all,old_absolute,622,False,deepseek_original,entire_registered_three_strategy_cell_superseded_by_20260912_rerun
deepseek-v4-flash-0731,poolact,evidence_audit,cost_tight,naive,evidence_acc_mv,all,all,old_absolute,623,False,deepseek_original,entire_registered_three_strategy_cell_superseded_by_20260912_rerun
deepseek-v4-flash-0731,poolact,evidence_audit,cost_tight,naive,feedback_attempts,all,all,old_absolute,624,False,deepseek_original,entire_registered_three_strategy_cell_superseded_by_20260912_rerun
deepseek-v4-flash-0731,poolact,evidence_audit,cost_tight,naive,feedback_cost_seconds,all,all,old_absolute,625,False,deepseek_original,entire_registered_three_strategy_cell_superseded_by_20260912_rerun
deepseek-v4-flash-0731,poolact,evidence_audit,cost_tight,naive,feedback_visible,all,all,old_absolute,626,False,deepseek_original,entire_registered_three_strategy_cell_superseded_by_20260912_rerun
deepseek-v4-flash-0731,poolact,evidence_audit,cost_tight,naive,input_tokens,all,all,old_absolute,627,False,deepseek_original,entire_registered_three_strategy_cell_superseded_by_20260912_rerun
deepseek-v4-flash-0731,poolact,evidence_audit,cost_tight,naive,label_acc_mi,all,all,old_absolute,628,False,deepseek_original,entire_registered_three_strategy_cell_superseded_by_20260912_rerun
deepseek-v4-flash-0731,poolact,evidence_audit,cost_tight,naive,label_acc_mv,all,all,old_absolute,629,False,deepseek_original,entire_registered_three_strategy_cell_superseded_by_20260912_rerun
deepseek-v4-flash-0731,poolact,evidence_audit,cost_tight,naive,output_tokens,all,all,old_absolute,630,False,deepseek_original,entire_registered_three_strategy_cell_superseded_by_20260912_rerun
deepseek-v4-flash-0731,poolact,evidence_audit,cost_tight,naive,protocol_failure_rate,all,all,old_absolute,631,False,deepseek_original,entire_registered_three_strategy_cell_superseded_by_20260912_rerun
deepseek-v4-flash-0731,poolact,evidence_audit,cost_tight,naive,wall_time_seconds,all,all,old_absolute,632,False,deepseek_original,entire_registered_three_strategy_cell_superseded_by_20260912_rerun
deepseek-v4-flash-0731,poolact,evidence_audit,cost_tight,poolact,budget_utilization,all,all,old_absolute,633,False,deepseek_original,entire_registered_three_strategy_cell_superseded_by_20260912_rerun
deepseek-v4-flash-0731,poolact,evidence_audit,cost_tight,poolact,duplicate_action_attempts,all,all,old_absolute,634,False,deepseek_original,entire_registered_three_strategy_cell_superseded_by_20260912_rerun
deepseek-v4-flash-0731,poolact,evidence_audit,cost_tight,poolact,evidence_acc_mi,all,all,old_absolute,635,False,deepseek_original,entire_registered_three_strategy_cell_superseded_by_20260912_rerun
deepseek-v4-flash-0731,poolact,evidence_audit,cost_tight,poolact,evidence_acc_mv,all,all,old_absolute,636,False,deepseek_original,entire_registered_three_strategy_cell_superseded_by_20260912_rerun
deepseek-v4-flash-0731,poolact,evidence_audit,cost_tight,poolact,feedback_attempts,all,all,old_absolute,637,False,deepseek_original,entire_registered_three_strategy_cell_superseded_by_20260912_rerun
deepseek-v4-flash-0731,poolact,evidence_audit,cost_tight,poolact,feedback_cost_seconds,all,all,old_absolute,638,False,deepseek_original,entire_registered_three_strategy_cell_superseded_by_20260912_rerun
deepseek-v4-flash-0731,poolact,evidence_audit,cost_tight,poolact,feedback_visible,all,all,old_absolute,639,False,deepseek_original,entire_registered_three_strategy_cell_superseded_by_20260912_rerun
deepseek-v4-flash-0731,poolact,evidence_audit,cost_tight,poolact,input_tokens,all,all,old_absolute,640,False,deepseek_original,entire_registered_three_strategy_cell_superseded_by_20260912_rerun
deepseek-v4-flash-0731,poolact,evidence_audit,cost_tight,poolact,label_acc_mi,all,all,old_absolute,641,False,deepseek_original,entire_registered_three_strategy_cell_superseded_by_20260912_rerun
deepseek-v4-flash-0731,poolact,evidence_audit,cost_tight,poolact,label_acc_mv,all,all,old_absolute,642,False,deepseek_original,entire_registered_three_strategy_cell_superseded_by_20260912_rerun
deepseek-v4-flash-0731,poolact,evidence_audit,cost_tight,poolact,output_tokens,all,all,old_absolute,643,False,deepseek_original,entire_registered_three_strategy_cell_superseded_by_20260912_rerun
deepseek-v4-flash-0731,poolact,evidence_audit,cost_tight,poolact,protocol_failure_rate,all,all,old_absolute,644,False,deepseek_original,entire_registered_three_strategy_cell_superseded_by_20260912_rerun
deepseek-v4-flash-0731,poolact,evidence_audit,cost_tight,poolact,wall_time_seconds,all,all,old_absolute,645,False,deepseek_original,entire_registered_three_strategy_cell_superseded_by_20260912_rerun
deepseek-v4-flash-0731,poolact,evidence_audit,cost_moderate,cached,budget_utilization,family,evidence_audit,old_absolute,646,False,deepseek_original,entire_registered_three_strategy_cell_superseded_by_20260912_rerun
deepseek-v4-flash-0731,poolact,evidence_audit,cost_moderate,cached,duplicate_action_attempts,family,evidence_audit,old_absolute,647,False,deepseek_original,entire_registered_three_strategy_cell_superseded_by_20260912_rerun
deepseek-v4-flash-0731,poolact,evidence_audit,cost_moderate,cached,evidence_acc_mi,family,evidence_audit,old_absolute,648,False,deepseek_original,entire_registered_three_strategy_cell_superseded_by_20260912_rerun
deepseek-v4-flash-0731,poolact,evidence_audit,cost_moderate,cached,evidence_acc_mv,family,evidence_audit,old_absolute,649,False,deepseek_original,entire_registered_three_strategy_cell_superseded_by_20260912_rerun
deepseek-v4-flash-0731,poolact,evidence_audit,cost_moderate,cached,feedback_attempts,family,evidence_audit,old_absolute,650,False,deepseek_original,entire_registered_three_strategy_cell_superseded_by_20260912_rerun
deepseek-v4-flash-0731,poolact,evidence_audit,cost_moderate,cached,feedback_cost_seconds,family,evidence_audit,old_absolute,651,False,deepseek_original,entire_registered_three_strategy_cell_superseded_by_20260912_rerun
deepseek-v4-flash-0731,poolact,evidence_audit,cost_moderate,cached,feedback_visible,family,evidence_audit,old_absolute,652,False,deepseek_original,entire_registered_three_strategy_cell_superseded_by_20260912_rerun
deepseek-v4-flash-0731,poolact,evidence_audit,cost_moderate,cached,input_tokens,family,evidence_audit,old_absolute,653,False,deepseek_original,entire_registered_three_strategy_cell_superseded_by_20260912_rerun
deepseek-v4-flash-0731,poolact,evidence_audit,cost_moderate,cached,label_acc_mi,family,evidence_audit,old_absolute,654,False,deepseek_original,entire_registered_three_strategy_cell_superseded_by_20260912_rerun
deepseek-v4-flash-0731,poolact,evidence_audit,cost_moderate,cached,label_acc_mv,family,evidence_audit,old_absolute,655,False,deepseek_original,entire_registered_three_strategy_cell_superseded_by_20260912_rerun
deepseek-v4-flash-0731,poolact,evidence_audit,cost_moderate,cached,output_tokens,family,evidence_audit,old_absolute,656,False,deepseek_original,entire_registered_three_strategy_cell_superseded_by_20260912_rerun
deepseek-v4-flash-0731,poolact,evidence_audit,cost_moderate,cached,protocol_failure_rate,family,evidence_audit,old_absolute,657,False,deepseek_original,entire_registered_three_strategy_cell_superseded_by_20260912_rerun
deepseek-v4-flash-0731,poolact,evidence_audit,cost_moderate,cached,wall_time_seconds,family,evidence_audit,old_absolute,658,False,deepseek_original,entire_registered_three_strategy_cell_superseded_by_20260912_rerun
deepseek-v4-flash-0731,poolact,evidence_audit,cost_moderate,naive,budget_utilization,family,evidence_audit,old_absolute,659,False,deepseek_original,entire_registered_three_strategy_cell_superseded_by_20260912_rerun
deepseek-v4-flash-0731,poolact,evidence_audit,cost_moderate,naive,duplicate_action_attempts,family,evidence_audit,old_absolute,660,False,deepseek_original,entire_registered_three_strategy_cell_superseded_by_20260912_rerun
deepseek-v4-flash-0731,poolact,evidence_audit,cost_moderate,naive,evidence_acc_mi,family,evidence_audit,old_absolute,661,False,deepseek_original,entire_registered_three_strategy_cell_superseded_by_20260912_rerun
deepseek-v4-flash-0731,poolact,evidence_audit,cost_moderate,naive,evidence_acc_mv,family,evidence_audit,old_absolute,662,False,deepseek_original,entire_registered_three_strategy_cell_superseded_by_20260912_rerun
deepseek-v4-flash-0731,poolact,evidence_audit,cost_moderate,naive,feedback_attempts,family,evidence_audit,old_absolute,663,False,deepseek_original,entire_registered_three_strategy_cell_superseded_by_20260912_rerun
deepseek-v4-flash-0731,poolact,evidence_audit,cost_moderate,naive,feedback_cost_seconds,family,evidence_audit,old_absolute,664,False,deepseek_original,entire_registered_three_strategy_cell_superseded_by_20260912_rerun
deepseek-v4-flash-0731,poolact,evidence_audit,cost_moderate,naive,feedback_visible,family,evidence_audit,old_absolute,665,False,deepseek_original,entire_registered_three_strategy_cell_superseded_by_20260912_rerun
deepseek-v4-flash-0731,poolact,evidence_audit,cost_moderate,naive,input_tokens,family,evidence_audit,old_absolute,666,False,deepseek_original,entire_registered_three_strategy_cell_superseded_by_20260912_rerun
deepseek-v4-flash-0731,poolact,evidence_audit,cost_moderate,naive,label_acc_mi,family,evidence_audit,old_absolute,667,False,deepseek_original,entire_registered_three_strategy_cell_superseded_by_20260912_rerun
deepseek-v4-flash-0731,poolact,evidence_audit,cost_moderate,naive,label_acc_mv,family,evidence_audit,old_absolute,668,False,deepseek_original,entire_registered_three_strategy_cell_superseded_by_20260912_rerun
deepseek-v4-flash-0731,poolact,evidence_audit,cost_moderate,naive,output_tokens,family,evidence_audit,old_absolute,669,False,deepseek_original,entire_registered_three_strategy_cell_superseded_by_20260912_rerun
deepseek-v4-flash-0731,poolact,evidence_audit,cost_moderate,naive,protocol_failure_rate,family,evidence_audit,old_absolute,670,False,deepseek_original,entire_registered_three_strategy_cell_superseded_by_20260912_rerun
deepseek-v4-flash-0731,poolact,evidence_audit,cost_moderate,naive,wall_time_seconds,family,evidence_audit,old_absolute,671,False,deepseek_original,entire_registered_three_strategy_cell_superseded_by_20260912_rerun
deepseek-v4-flash-0731,poolact,evidence_audit,cost_moderate,poolact,budget_utilization,family,evidence_audit,old_absolute,672,False,deepseek_original,entire_registered_three_strategy_cell_superseded_by_20260912_rerun
deepseek-v4-flash-0731,poolact,evidence_audit,cost_moderate,poolact,duplicate_action_attempts,family,evidence_audit,old_absolute,673,False,deepseek_original,entire_registered_three_strategy_cell_superseded_by_20260912_rerun
deepseek-v4-flash-0731,poolact,evidence_audit,cost_moderate,poolact,evidence_acc_mi,family,evidence_audit,old_absolute,674,False,deepseek_original,entire_registered_three_strategy_cell_superseded_by_20260912_rerun
deepseek-v4-flash-0731,poolact,evidence_audit,cost_moderate,poolact,evidence_acc_mv,family,evidence_audit,old_absolute,675,False,deepseek_original,entire_registered_three_strategy_cell_superseded_by_20260912_rerun
deepseek-v4-flash-0731,poolact,evidence_audit,cost_moderate,poolact,feedback_attempts,family,evidence_audit,old_absolute,676,False,deepseek_original,entire_registered_three_strategy_cell_superseded_by_20260912_rerun
deepseek-v4-flash-0731,poolact,evidence_audit,cost_moderate,poolact,feedback_cost_seconds,family,evidence_audit,old_absolute,677,False,deepseek_original,entire_registered_three_strategy_cell_superseded_by_20260912_rerun
deepseek-v4-flash-0731,poolact,evidence_audit,cost_moderate,poolact,feedback_visible,family,evidence_audit,old_absolute,678,False,deepseek_original,entire_registered_three_strategy_cell_superseded_by_20260912_rerun
deepseek-v4-flash-0731,poolact,evidence_audit,cost_moderate,poolact,input_tokens,family,evidence_audit,old_absolute,679,False,deepseek_original,entire_registered_three_strategy_cell_superseded_by_20260912_rerun
deepseek-v4-flash-0731,poolact,evidence_audit,cost_moderate,poolact,label_acc_mi,family,evidence_audit,old_absolute,680,False,deepseek_original,entire_registered_three_strategy_cell_superseded_by_20260912_rerun
deepseek-v4-flash-0731,poolact,evidence_audit,cost_moderate,poolact,label_acc_mv,family,evidence_audit,old_absolute,681,False,deepseek_original,entire_registered_three_strategy_cell_superseded_by_20260912_rerun
deepseek-v4-flash-0731,poolact,evidence_audit,cost_moderate,poolact,output_tokens,family,evidence_audit,old_absolute,682,False,deepseek_original,entire_registered_three_strategy_cell_superseded_by_20260912_rerun
deepseek-v4-flash-0731,poolact,evidence_audit,cost_moderate,poolact,protocol_failure_rate,family,evidence_audit,old_absolute,683,False,deepseek_original,entire_registered_three_strategy_cell_superseded_by_20260912_rerun
deepseek-v4-flash-0731,poolact,evidence_audit,cost_moderate,poolact,wall_time_seconds,family,evidence_audit,old_absolute,684,False,deepseek_original,entire_registered_three_strategy_cell_superseded_by_20260912_rerun
deepseek-v4-flash-0731,poolact,evidence_audit,cost_tight,cached,budget_utilization,family,evidence_audit,old_absolute,685,False,deepseek_original,entire_registered_three_strategy_cell_superseded_by_20260912_rerun
deepseek-v4-flash-0731,poolact,evidence_audit,cost_tight,cached,duplicate_action_attempts,family,evidence_audit,old_absolute,686,False,deepseek_original,entire_registered_three_strategy_cell_superseded_by_20260912_rerun
deepseek-v4-flash-0731,poolact,evidence_audit,cost_tight,cached,evidence_acc_mi,family,evidence_audit,old_absolute,687,False,deepseek_original,entire_registered_three_strategy_cell_superseded_by_20260912_rerun
deepseek-v4-flash-0731,poolact,evidence_audit,cost_tight,cached,evidence_acc_mv,family,evidence_audit,old_absolute,688,False,deepseek_original,entire_registered_three_strategy_cell_superseded_by_20260912_rerun
deepseek-v4-flash-0731,poolact,evidence_audit,cost_tight,cached,feedback_attempts,family,evidence_audit,old_absolute,689,False,deepseek_original,entire_registered_three_strategy_cell_superseded_by_20260912_rerun
deepseek-v4-flash-0731,poolact,evidence_audit,cost_tight,cached,feedback_cost_seconds,family,evidence_audit,old_absolute,690,False,deepseek_original,entire_registered_three_strategy_cell_superseded_by_20260912_rerun
deepseek-v4-flash-0731,poolact,evidence_audit,cost_tight,cached,feedback_visible,family,evidence_audit,old_absolute,691,False,deepseek_original,entire_registered_three_strategy_cell_superseded_by_20260912_rerun
deepseek-v4-flash-0731,poolact,evidence_audit,cost_tight,cached,input_tokens,family,evidence_audit,old_absolute,692,False,deepseek_original,entire_registered_three_strategy_cell_superseded_by_20260912_rerun
deepseek-v4-flash-0731,poolact,evidence_audit,cost_tight,cached,label_acc_mi,family,evidence_audit,old_absolute,693,False,deepseek_original,entire_registered_three_strategy_cell_superseded_by_20260912_rerun
deepseek-v4-flash-0731,poolact,evidence_audit,cost_tight,cached,label_acc_mv,family,evidence_audit,old_absolute,694,False,deepseek_original,entire_registered_three_strategy_cell_superseded_by_20260912_rerun
deepseek-v4-flash-0731,poolact,evidence_audit,cost_tight,cached,output_tokens,family,evidence_audit,old_absolute,695,False,deepseek_original,entire_registered_three_strategy_cell_superseded_by_20260912_rerun
deepseek-v4-flash-0731,poolact,evidence_audit,cost_tight,cached,protocol_failure_rate,family,evidence_audit,old_absolute,696,False,deepseek_original,entire_registered_three_strategy_cell_superseded_by_20260912_rerun
deepseek-v4-flash-0731,poolact,evidence_audit,cost_tight,cached,wall_time_seconds,family,evidence_audit,old_absolute,697,False,deepseek_original,entire_registered_three_strategy_cell_superseded_by_20260912_rerun
deepseek-v4-flash-0731,poolact,evidence_audit,cost_tight,naive,budget_utilization,family,evidence_audit,old_absolute,698,False,deepseek_original,entire_registered_three_strategy_cell_superseded_by_20260912_rerun
deepseek-v4-flash-0731,poolact,evidence_audit,cost_tight,naive,duplicate_action_attempts,family,evidence_audit,old_absolute,699,False,deepseek_original,entire_registered_three_strategy_cell_superseded_by_20260912_rerun
deepseek-v4-flash-0731,poolact,evidence_audit,cost_tight,naive,evidence_acc_mi,family,evidence_audit,old_absolute,700,False,deepseek_original,entire_registered_three_strategy_cell_superseded_by_20260912_rerun
deepseek-v4-flash-0731,poolact,evidence_audit,cost_tight,naive,evidence_acc_mv,family,evidence_audit,old_absolute,701,False,deepseek_original,entire_registered_three_strategy_cell_superseded_by_20260912_rerun
deepseek-v4-flash-0731,poolact,evidence_audit,cost_tight,naive,feedback_attempts,family,evidence_audit,old_absolute,702,False,deepseek_original,entire_registered_three_strategy_cell_superseded_by_20260912_rerun
deepseek-v4-flash-0731,poolact,evidence_audit,cost_tight,naive,feedback_cost_seconds,family,evidence_audit,old_absolute,703,False,deepseek_original,entire_registered_three_strategy_cell_superseded_by_20260912_rerun
deepseek-v4-flash-0731,poolact,evidence_audit,cost_tight,naive,feedback_visible,family,evidence_audit,old_absolute,704,False,deepseek_original,entire_registered_three_strategy_cell_superseded_by_20260912_rerun
deepseek-v4-flash-0731,poolact,evidence_audit,cost_tight,naive,input_tokens,family,evidence_audit,old_absolute,705,False,deepseek_original,entire_registered_three_strategy_cell_superseded_by_20260912_rerun
deepseek-v4-flash-0731,poolact,evidence_audit,cost_tight,naive,label_acc_mi,family,evidence_audit,old_absolute,706,False,deepseek_original,entire_registered_three_strategy_cell_superseded_by_20260912_rerun
deepseek-v4-flash-0731,poolact,evidence_audit,cost_tight,naive,label_acc_mv,family,evidence_audit,old_absolute,707,False,deepseek_original,entire_registered_three_strategy_cell_superseded_by_20260912_rerun
deepseek-v4-flash-0731,poolact,evidence_audit,cost_tight,naive,output_tokens,family,evidence_audit,old_absolute,708,False,deepseek_original,entire_registered_three_strategy_cell_superseded_by_20260912_rerun
deepseek-v4-flash-0731,poolact,evidence_audit,cost_tight,naive,protocol_failure_rate,family,evidence_audit,old_absolute,709,False,deepseek_original,entire_registered_three_strategy_cell_superseded_by_20260912_rerun
deepseek-v4-flash-0731,poolact,evidence_audit,cost_tight,naive,wall_time_seconds,family,evidence_audit,old_absolute,710,False,deepseek_original,entire_registered_three_strategy_cell_superseded_by_20260912_rerun
deepseek-v4-flash-0731,poolact,evidence_audit,cost_tight,poolact,budget_utilization,family,evidence_audit,old_absolute,711,False,deepseek_original,entire_registered_three_strategy_cell_superseded_by_20260912_rerun
deepseek-v4-flash-0731,poolact,evidence_audit,cost_tight,poolact,duplicate_action_attempts,family,evidence_audit,old_absolute,712,False,deepseek_original,entire_registered_three_strategy_cell_superseded_by_20260912_rerun
deepseek-v4-flash-0731,poolact,evidence_audit,cost_tight,poolact,evidence_acc_mi,family,evidence_audit,old_absolute,713,False,deepseek_original,entire_registered_three_strategy_cell_superseded_by_20260912_rerun
deepseek-v4-flash-0731,poolact,evidence_audit,cost_tight,poolact,evidence_acc_mv,family,evidence_audit,old_absolute,714,False,deepseek_original,entire_registered_three_strategy_cell_superseded_by_20260912_rerun
deepseek-v4-flash-0731,poolact,evidence_audit,cost_tight,poolact,feedback_attempts,family,evidence_audit,old_absolute,715,False,deepseek_original,entire_registered_three_strategy_cell_superseded_by_20260912_rerun
deepseek-v4-flash-0731,poolact,evidence_audit,cost_tight,poolact,feedback_cost_seconds,family,evidence_audit,old_absolute,716,False,deepseek_original,entire_registered_three_strategy_cell_superseded_by_20260912_rerun
deepseek-v4-flash-0731,poolact,evidence_audit,cost_tight,poolact,feedback_visible,family,evidence_audit,old_absolute,717,False,deepseek_original,entire_registered_three_strategy_cell_superseded_by_20260912_rerun
deepseek-v4-flash-0731,poolact,evidence_audit,cost_tight,poolact,input_tokens,family,evidence_audit,old_absolute,718,False,deepseek_original,entire_registered_three_strategy_cell_superseded_by_20260912_rerun
deepseek-v4-flash-0731,poolact,evidence_audit,cost_tight,poolact,label_acc_mi,family,evidence_audit,old_absolute,719,False,deepseek_original,entire_registered_three_strategy_cell_superseded_by_20260912_rerun
deepseek-v4-flash-0731,poolact,evidence_audit,cost_tight,poolact,label_acc_mv,family,evidence_audit,old_absolute,720,False,deepseek_original,entire_registered_three_strategy_cell_superseded_by_20260912_rerun
deepseek-v4-flash-0731,poolact,evidence_audit,cost_tight,poolact,output_tokens,family,evidence_audit,old_absolute,721,False,deepseek_original,entire_registered_three_strategy_cell_superseded_by_20260912_rerun
deepseek-v4-flash-0731,poolact,evidence_audit,cost_tight,poolact,protocol_failure_rate,family,evidence_audit,old_absolute,722,False,deepseek_original,entire_registered_three_strategy_cell_superseded_by_20260912_rerun
deepseek-v4-flash-0731,poolact,evidence_audit,cost_tight,poolact,wall_time_seconds,family,evidence_audit,old_absolute,723,False,deepseek_original,entire_registered_three_strategy_cell_superseded_by_20260912_rerun
deepseek-v4-flash-0731,poolact,restricted_search,cost_moderate,cached,budget_utilization,all,all,old_absolute,724,False,deepseek_original,entire_registered_three_strategy_cell_superseded_by_20260912_rerun
deepseek-v4-flash-0731,poolact,restricted_search,cost_moderate,cached,duplicate_action_attempts,all,all,old_absolute,725,False,deepseek_original,entire_registered_three_strategy_cell_superseded_by_20260912_rerun
deepseek-v4-flash-0731,poolact,restricted_search,cost_moderate,cached,f1_mi,all,all,old_absolute,726,False,deepseek_original,entire_registered_three_strategy_cell_superseded_by_20260912_rerun
deepseek-v4-flash-0731,poolact,restricted_search,cost_moderate,cached,f1_mv,all,all,old_absolute,727,False,deepseek_original,entire_registered_three_strategy_cell_superseded_by_20260912_rerun
deepseek-v4-flash-0731,poolact,restricted_search,cost_moderate,cached,feedback_attempts,all,all,old_absolute,728,False,deepseek_original,entire_registered_three_strategy_cell_superseded_by_20260912_rerun
deepseek-v4-flash-0731,poolact,restricted_search,cost_moderate,cached,feedback_cost_seconds,all,all,old_absolute,729,False,deepseek_original,entire_registered_three_strategy_cell_superseded_by_20260912_rerun
deepseek-v4-flash-0731,poolact,restricted_search,cost_moderate,cached,feedback_visible,all,all,old_absolute,730,False,deepseek_original,entire_registered_three_strategy_cell_superseded_by_20260912_rerun
deepseek-v4-flash-0731,poolact,restricted_search,cost_moderate,cached,input_tokens,all,all,old_absolute,731,False,deepseek_original,entire_registered_three_strategy_cell_superseded_by_20260912_rerun
deepseek-v4-flash-0731,poolact,restricted_search,cost_moderate,cached,output_tokens,all,all,old_absolute,732,False,deepseek_original,entire_registered_three_strategy_cell_superseded_by_20260912_rerun
deepseek-v4-flash-0731,poolact,restricted_search,cost_moderate,cached,protocol_failure_rate,all,all,old_absolute,733,False,deepseek_original,entire_registered_three_strategy_cell_superseded_by_20260912_rerun
deepseek-v4-flash-0731,poolact,restricted_search,cost_moderate,cached,wall_time_seconds,all,all,old_absolute,734,False,deepseek_original,entire_registered_three_strategy_cell_superseded_by_20260912_rerun
deepseek-v4-flash-0731,poolact,restricted_search,cost_moderate,naive,budget_utilization,all,all,old_absolute,735,False,deepseek_original,entire_registered_three_strategy_cell_superseded_by_20260912_rerun
deepseek-v4-flash-0731,poolact,restricted_search,cost_moderate,naive,duplicate_action_attempts,all,all,old_absolute,736,False,deepseek_original,entire_registered_three_strategy_cell_superseded_by_20260912_rerun
deepseek-v4-flash-0731,poolact,restricted_search,cost_moderate,naive,f1_mi,all,all,old_absolute,737,False,deepseek_original,entire_registered_three_strategy_cell_superseded_by_20260912_rerun
deepseek-v4-flash-0731,poolact,restricted_search,cost_moderate,naive,f1_mv,all,all,old_absolute,738,False,deepseek_original,entire_registered_three_strategy_cell_superseded_by_20260912_rerun
deepseek-v4-flash-0731,poolact,restricted_search,cost_moderate,naive,feedback_attempts,all,all,old_absolute,739,False,deepseek_original,entire_registered_three_strategy_cell_superseded_by_20260912_rerun
deepseek-v4-flash-0731,poolact,restricted_search,cost_moderate,naive,feedback_cost_seconds,all,all,old_absolute,740,False,deepseek_original,entire_registered_three_strategy_cell_superseded_by_20260912_rerun
deepseek-v4-flash-0731,poolact,restricted_search,cost_moderate,naive,feedback_visible,all,all,old_absolute,741,False,deepseek_original,entire_registered_three_strategy_cell_superseded_by_20260912_rerun
deepseek-v4-flash-0731,poolact,restricted_search,cost_moderate,naive,input_tokens,all,all,old_absolute,742,False,deepseek_original,entire_registered_three_strategy_cell_superseded_by_20260912_rerun
deepseek-v4-flash-0731,poolact,restricted_search,cost_moderate,naive,output_tokens,all,all,old_absolute,743,False,deepseek_original,entire_registered_three_strategy_cell_superseded_by_20260912_rerun
deepseek-v4-flash-0731,poolact,restricted_search,cost_moderate,naive,protocol_failure_rate,all,all,old_absolute,744,False,deepseek_original,entire_registered_three_strategy_cell_superseded_by_20260912_rerun
deepseek-v4-flash-0731,poolact,restricted_search,cost_moderate,naive,wall_time_seconds,all,all,old_absolute,745,False,deepseek_original,entire_registered_three_strategy_cell_superseded_by_20260912_rerun
deepseek-v4-flash-0731,poolact,restricted_search,cost_moderate,poolact,budget_utilization,all,all,old_absolute,746,False,deepseek_original,entire_registered_three_strategy_cell_superseded_by_20260912_rerun
deepseek-v4-flash-0731,poolact,restricted_search,cost_moderate,poolact,duplicate_action_attempts,all,all,old_absolute,747,False,deepseek_original,entire_registered_three_strategy_cell_superseded_by_20260912_rerun
deepseek-v4-flash-0731,poolact,restricted_search,cost_moderate,poolact,f1_mi,all,all,old_absolute,748,False,deepseek_original,entire_registered_three_strategy_cell_superseded_by_20260912_rerun
deepseek-v4-flash-0731,poolact,restricted_search,cost_moderate,poolact,f1_mv,all,all,old_absolute,749,False,deepseek_original,entire_registered_three_strategy_cell_superseded_by_20260912_rerun
deepseek-v4-flash-0731,poolact,restricted_search,cost_moderate,poolact,feedback_attempts,all,all,old_absolute,750,False,deepseek_original,entire_registered_three_strategy_cell_superseded_by_20260912_rerun
deepseek-v4-flash-0731,poolact,restricted_search,cost_moderate,poolact,feedback_cost_seconds,all,all,old_absolute,751,False,deepseek_original,entire_registered_three_strategy_cell_superseded_by_20260912_rerun
deepseek-v4-flash-0731,poolact,restricted_search,cost_moderate,poolact,feedback_visible,all,all,old_absolute,752,False,deepseek_original,entire_registered_three_strategy_cell_superseded_by_20260912_rerun
deepseek-v4-flash-0731,poolact,restricted_search,cost_moderate,poolact,input_tokens,all,all,old_absolute,753,False,deepseek_original,entire_registered_three_strategy_cell_superseded_by_20260912_rerun
deepseek-v4-flash-0731,poolact,restricted_search,cost_moderate,poolact,output_tokens,all,all,old_absolute,754,False,deepseek_original,entire_registered_three_strategy_cell_superseded_by_20260912_rerun
deepseek-v4-flash-0731,poolact,restricted_search,cost_moderate,poolact,protocol_failure_rate,all,all,old_absolute,755,False,deepseek_original,entire_registered_three_strategy_cell_superseded_by_20260912_rerun
deepseek-v4-flash-0731,poolact,restricted_search,cost_moderate,poolact,wall_time_seconds,all,all,old_absolute,756,False,deepseek_original,entire_registered_three_strategy_cell_superseded_by_20260912_rerun
deepseek-v4-flash-0731,poolact,restricted_search,cost_moderate,cached,budget_utilization,family,whois,old_absolute,790,False,deepseek_original,entire_registered_three_strategy_cell_superseded_by_20260912_rerun
deepseek-v4-flash-0731,poolact,restricted_search,cost_moderate,cached,duplicate_action_attempts,family,whois,old_absolute,791,False,deepseek_original,entire_registered_three_strategy_cell_superseded_by_20260912_rerun
deepseek-v4-flash-0731,poolact,restricted_search,cost_moderate,cached,f1_mi,family,whois,old_absolute,792,False,deepseek_original,entire_registered_three_strategy_cell_superseded_by_20260912_rerun
deepseek-v4-flash-0731,poolact,restricted_search,cost_moderate,cached,f1_mv,family,whois,old_absolute,793,False,deepseek_original,entire_registered_three_strategy_cell_superseded_by_20260912_rerun
deepseek-v4-flash-0731,poolact,restricted_search,cost_moderate,cached,feedback_attempts,family,whois,old_absolute,794,False,deepseek_original,entire_registered_three_strategy_cell_superseded_by_20260912_rerun
deepseek-v4-flash-0731,poolact,restricted_search,cost_moderate,cached,feedback_cost_seconds,family,whois,old_absolute,795,False,deepseek_original,entire_registered_three_strategy_cell_superseded_by_20260912_rerun
deepseek-v4-flash-0731,poolact,restricted_search,cost_moderate,cached,feedback_visible,family,whois,old_absolute,796,False,deepseek_original,entire_registered_three_strategy_cell_superseded_by_20260912_rerun
deepseek-v4-flash-0731,poolact,restricted_search,cost_moderate,cached,input_tokens,family,whois,old_absolute,797,False,deepseek_original,entire_registered_three_strategy_cell_superseded_by_20260912_rerun
deepseek-v4-flash-0731,poolact,restricted_search,cost_moderate,cached,output_tokens,family,whois,old_absolute,798,False,deepseek_original,entire_registered_three_strategy_cell_superseded_by_20260912_rerun
deepseek-v4-flash-0731,poolact,restricted_search,cost_moderate,cached,protocol_failure_rate,family,whois,old_absolute,799,False,deepseek_original,entire_registered_three_strategy_cell_superseded_by_20260912_rerun
deepseek-v4-flash-0731,poolact,restricted_search,cost_moderate,cached,wall_time_seconds,family,whois,old_absolute,800,False,deepseek_original,entire_registered_three_strategy_cell_superseded_by_20260912_rerun
deepseek-v4-flash-0731,poolact,restricted_search,cost_moderate,naive,budget_utilization,family,whois,old_absolute,801,False,deepseek_original,entire_registered_three_strategy_cell_superseded_by_20260912_rerun
deepseek-v4-flash-0731,poolact,restricted_search,cost_moderate,naive,duplicate_action_attempts,family,whois,old_absolute,802,False,deepseek_original,entire_registered_three_strategy_cell_superseded_by_20260912_rerun
deepseek-v4-flash-0731,poolact,restricted_search,cost_moderate,naive,f1_mi,family,whois,old_absolute,803,False,deepseek_original,entire_registered_three_strategy_cell_superseded_by_20260912_rerun
deepseek-v4-flash-0731,poolact,restricted_search,cost_moderate,naive,f1_mv,family,whois,old_absolute,804,False,deepseek_original,entire_registered_three_strategy_cell_superseded_by_20260912_rerun
deepseek-v4-flash-0731,poolact,restricted_search,cost_moderate,naive,feedback_attempts,family,whois,old_absolute,805,False,deepseek_original,entire_registered_three_strategy_cell_superseded_by_20260912_rerun
deepseek-v4-flash-0731,poolact,restricted_search,cost_moderate,naive,feedback_cost_seconds,family,whois,old_absolute,806,False,deepseek_original,entire_registered_three_strategy_cell_superseded_by_20260912_rerun
deepseek-v4-flash-0731,poolact,restricted_search,cost_moderate,naive,feedback_visible,family,whois,old_absolute,807,False,deepseek_original,entire_registered_three_strategy_cell_superseded_by_20260912_rerun
deepseek-v4-flash-0731,poolact,restricted_search,cost_moderate,naive,input_tokens,family,whois,old_absolute,808,False,deepseek_original,entire_registered_three_strategy_cell_superseded_by_20260912_rerun
deepseek-v4-flash-0731,poolact,restricted_search,cost_moderate,naive,output_tokens,family,whois,old_absolute,809,False,deepseek_original,entire_registered_three_strategy_cell_superseded_by_20260912_rerun
deepseek-v4-flash-0731,poolact,restricted_search,cost_moderate,naive,protocol_failure_rate,family,whois,old_absolute,810,False,deepseek_original,entire_registered_three_strategy_cell_superseded_by_20260912_rerun
deepseek-v4-flash-0731,poolact,restricted_search,cost_moderate,naive,wall_time_seconds,family,whois,old_absolute,811,False,deepseek_original,entire_registered_three_strategy_cell_superseded_by_20260912_rerun
deepseek-v4-flash-0731,poolact,restricted_search,cost_moderate,poolact,budget_utilization,family,whois,old_absolute,812,False,deepseek_original,entire_registered_three_strategy_cell_superseded_by_20260912_rerun
deepseek-v4-flash-0731,poolact,restricted_search,cost_moderate,poolact,duplicate_action_attempts,family,whois,old_absolute,813,False,deepseek_original,entire_registered_three_strategy_cell_superseded_by_20260912_rerun
deepseek-v4-flash-0731,poolact,restricted_search,cost_moderate,poolact,f1_mi,family,whois,old_absolute,814,False,deepseek_original,entire_registered_three_strategy_cell_superseded_by_20260912_rerun
deepseek-v4-flash-0731,poolact,restricted_search,cost_moderate,poolact,f1_mv,family,whois,old_absolute,815,False,deepseek_original,entire_registered_three_strategy_cell_superseded_by_20260912_rerun
deepseek-v4-flash-0731,poolact,restricted_search,cost_moderate,poolact,feedback_attempts,family,whois,old_absolute,816,False,deepseek_original,entire_registered_three_strategy_cell_superseded_by_20260912_rerun
deepseek-v4-flash-0731,poolact,restricted_search,cost_moderate,poolact,feedback_cost_seconds,family,whois,old_absolute,817,False,deepseek_original,entire_registered_three_strategy_cell_superseded_by_20260912_rerun
deepseek-v4-flash-0731,poolact,restricted_search,cost_moderate,poolact,feedback_visible,family,whois,old_absolute,818,False,deepseek_original,entire_registered_three_strategy_cell_superseded_by_20260912_rerun
deepseek-v4-flash-0731,poolact,restricted_search,cost_moderate,poolact,input_tokens,family,whois,old_absolute,819,False,deepseek_original,entire_registered_three_strategy_cell_superseded_by_20260912_rerun
deepseek-v4-flash-0731,poolact,restricted_search,cost_moderate,poolact,output_tokens,family,whois,old_absolute,820,False,deepseek_original,entire_registered_three_strategy_cell_superseded_by_20260912_rerun
deepseek-v4-flash-0731,poolact,restricted_search,cost_moderate,poolact,protocol_failure_rate,family,whois,old_absolute,821,False,deepseek_original,entire_registered_three_strategy_cell_superseded_by_20260912_rerun
deepseek-v4-flash-0731,poolact,restricted_search,cost_moderate,poolact,wall_time_seconds,family,whois,old_absolute,822,False,deepseek_original,entire_registered_three_strategy_cell_superseded_by_20260912_rerun
deepseek-v4-flash-0731,poolact,tuning,cost_moderate,cached,budget_utilization,all,all,old_absolute,856,False,deepseek_original,entire_registered_three_strategy_cell_superseded_by_20260912_rerun
deepseek-v4-flash-0731,poolact,tuning,cost_moderate,cached,duplicate_action_attempts,all,all,old_absolute,857,False,deepseek_original,entire_registered_three_strategy_cell_superseded_by_20260912_rerun
deepseek-v4-flash-0731,poolact,tuning,cost_moderate,cached,feedback_attempts,all,all,old_absolute,858,False,deepseek_original,entire_registered_three_strategy_cell_superseded_by_20260912_rerun
deepseek-v4-flash-0731,poolact,tuning,cost_moderate,cached,feedback_cost_seconds,all,all,old_absolute,859,False,deepseek_original,entire_registered_three_strategy_cell_superseded_by_20260912_rerun
deepseek-v4-flash-0731,poolact,tuning,cost_moderate,cached,feedback_visible,all,all,old_absolute,860,False,deepseek_original,entire_registered_three_strategy_cell_superseded_by_20260912_rerun
deepseek-v4-flash-0731,poolact,tuning,cost_moderate,cached,gap_bon,all,all,old_absolute,861,False,deepseek_original,entire_registered_three_strategy_cell_superseded_by_20260912_rerun
deepseek-v4-flash-0731,poolact,tuning,cost_moderate,cached,gap_mi,all,all,old_absolute,862,False,deepseek_original,entire_registered_three_strategy_cell_superseded_by_20260912_rerun
deepseek-v4-flash-0731,poolact,tuning,cost_moderate,cached,input_tokens,all,all,old_absolute,863,False,deepseek_original,entire_registered_three_strategy_cell_superseded_by_20260912_rerun
deepseek-v4-flash-0731,poolact,tuning,cost_moderate,cached,output_tokens,all,all,old_absolute,864,False,deepseek_original,entire_registered_three_strategy_cell_superseded_by_20260912_rerun
deepseek-v4-flash-0731,poolact,tuning,cost_moderate,cached,protocol_failure_rate,all,all,old_absolute,865,False,deepseek_original,entire_registered_three_strategy_cell_superseded_by_20260912_rerun
deepseek-v4-flash-0731,poolact,tuning,cost_moderate,cached,raw_perf_bon,all,all,old_absolute,866,False,deepseek_original,entire_registered_three_strategy_cell_superseded_by_20260912_rerun
deepseek-v4-flash-0731,poolact,tuning,cost_moderate,cached,raw_perf_mi,all,all,old_absolute,867,False,deepseek_original,entire_registered_three_strategy_cell_superseded_by_20260912_rerun
deepseek-v4-flash-0731,poolact,tuning,cost_moderate,cached,wall_time_seconds,all,all,old_absolute,868,False,deepseek_original,entire_registered_three_strategy_cell_superseded_by_20260912_rerun
deepseek-v4-flash-0731,poolact,tuning,cost_moderate,naive,budget_utilization,all,all,old_absolute,869,False,deepseek_original,entire_registered_three_strategy_cell_superseded_by_20260912_rerun
deepseek-v4-flash-0731,poolact,tuning,cost_moderate,naive,duplicate_action_attempts,all,all,old_absolute,870,False,deepseek_original,entire_registered_three_strategy_cell_superseded_by_20260912_rerun
deepseek-v4-flash-0731,poolact,tuning,cost_moderate,naive,feedback_attempts,all,all,old_absolute,871,False,deepseek_original,entire_registered_three_strategy_cell_superseded_by_20260912_rerun
deepseek-v4-flash-0731,poolact,tuning,cost_moderate,naive,feedback_cost_seconds,all,all,old_absolute,872,False,deepseek_original,entire_registered_three_strategy_cell_superseded_by_20260912_rerun
deepseek-v4-flash-0731,poolact,tuning,cost_moderate,naive,feedback_visible,all,all,old_absolute,873,False,deepseek_original,entire_registered_three_strategy_cell_superseded_by_20260912_rerun
deepseek-v4-flash-0731,poolact,tuning,cost_moderate,naive,gap_bon,all,all,old_absolute,874,False,deepseek_original,entire_registered_three_strategy_cell_superseded_by_20260912_rerun
deepseek-v4-flash-0731,poolact,tuning,cost_moderate,naive,gap_mi,all,all,old_absolute,875,False,deepseek_original,entire_registered_three_strategy_cell_superseded_by_20260912_rerun
deepseek-v4-flash-0731,poolact,tuning,cost_moderate,naive,input_tokens,all,all,old_absolute,876,False,deepseek_original,entire_registered_three_strategy_cell_superseded_by_20260912_rerun
deepseek-v4-flash-0731,poolact,tuning,cost_moderate,naive,output_tokens,all,all,old_absolute,877,False,deepseek_original,entire_registered_three_strategy_cell_superseded_by_20260912_rerun
deepseek-v4-flash-0731,poolact,tuning,cost_moderate,naive,protocol_failure_rate,all,all,old_absolute,878,False,deepseek_original,entire_registered_three_strategy_cell_superseded_by_20260912_rerun
deepseek-v4-flash-0731,poolact,tuning,cost_moderate,naive,raw_perf_bon,all,all,old_absolute,879,False,deepseek_original,entire_registered_three_strategy_cell_superseded_by_20260912_rerun
deepseek-v4-flash-0731,poolact,tuning,cost_moderate,naive,raw_perf_mi,all,all,old_absolute,880,False,deepseek_original,entire_registered_three_strategy_cell_superseded_by_20260912_rerun
deepseek-v4-flash-0731,poolact,tuning,cost_moderate,naive,wall_time_seconds,all,all,old_absolute,881,False,deepseek_original,entire_registered_three_strategy_cell_superseded_by_20260912_rerun
deepseek-v4-flash-0731,poolact,tuning,cost_moderate,poolact,budget_utilization,all,all,old_absolute,882,False,deepseek_original,entire_registered_three_strategy_cell_superseded_by_20260912_rerun
deepseek-v4-flash-0731,poolact,tuning,cost_moderate,poolact,duplicate_action_attempts,all,all,old_absolute,883,False,deepseek_original,entire_registered_three_strategy_cell_superseded_by_20260912_rerun
deepseek-v4-flash-0731,poolact,tuning,cost_moderate,poolact,feedback_attempts,all,all,old_absolute,884,False,deepseek_original,entire_registered_three_strategy_cell_superseded_by_20260912_rerun
deepseek-v4-flash-0731,poolact,tuning,cost_moderate,poolact,feedback_cost_seconds,all,all,old_absolute,885,False,deepseek_original,entire_registered_three_strategy_cell_superseded_by_20260912_rerun
deepseek-v4-flash-0731,poolact,tuning,cost_moderate,poolact,feedback_visible,all,all,old_absolute,886,False,deepseek_original,entire_registered_three_strategy_cell_superseded_by_20260912_rerun
deepseek-v4-flash-0731,poolact,tuning,cost_moderate,poolact,gap_bon,all,all,old_absolute,887,False,deepseek_original,entire_registered_three_strategy_cell_superseded_by_20260912_rerun
deepseek-v4-flash-0731,poolact,tuning,cost_moderate,poolact,gap_mi,all,all,old_absolute,888,False,deepseek_original,entire_registered_three_strategy_cell_superseded_by_20260912_rerun
deepseek-v4-flash-0731,poolact,tuning,cost_moderate,poolact,input_tokens,all,all,old_absolute,889,False,deepseek_original,entire_registered_three_strategy_cell_superseded_by_20260912_rerun
deepseek-v4-flash-0731,poolact,tuning,cost_moderate,poolact,output_tokens,all,all,old_absolute,890,False,deepseek_original,entire_registered_three_strategy_cell_superseded_by_20260912_rerun
deepseek-v4-flash-0731,poolact,tuning,cost_moderate,poolact,protocol_failure_rate,all,all,old_absolute,891,False,deepseek_original,entire_registered_three_strategy_cell_superseded_by_20260912_rerun
deepseek-v4-flash-0731,poolact,tuning,cost_moderate,poolact,raw_perf_bon,all,all,old_absolute,892,False,deepseek_original,entire_registered_three_strategy_cell_superseded_by_20260912_rerun
deepseek-v4-flash-0731,poolact,tuning,cost_moderate,poolact,raw_perf_mi,all,all,old_absolute,893,False,deepseek_original,entire_registered_three_strategy_cell_superseded_by_20260912_rerun
deepseek-v4-flash-0731,poolact,tuning,cost_moderate,poolact,wall_time_seconds,all,all,old_absolute,894,False,deepseek_original,entire_registered_three_strategy_cell_superseded_by_20260912_rerun
deepseek-v4-flash-0731,poolact,tuning,cost_tight,cached,budget_utilization,all,all,old_absolute,895,False,deepseek_original,entire_registered_three_strategy_cell_superseded_by_20260912_rerun
deepseek-v4-flash-0731,poolact,tuning,cost_tight,cached,duplicate_action_attempts,all,all,old_absolute,896,False,deepseek_original,entire_registered_three_strategy_cell_superseded_by_20260912_rerun
deepseek-v4-flash-0731,poolact,tuning,cost_tight,cached,feedback_attempts,all,all,old_absolute,897,False,deepseek_original,entire_registered_three_strategy_cell_superseded_by_20260912_rerun
deepseek-v4-flash-0731,poolact,tuning,cost_tight,cached,feedback_cost_seconds,all,all,old_absolute,898,False,deepseek_original,entire_registered_three_strategy_cell_superseded_by_20260912_rerun
deepseek-v4-flash-0731,poolact,tuning,cost_tight,cached,feedback_visible,all,all,old_absolute,899,False,deepseek_original,entire_registered_three_strategy_cell_superseded_by_20260912_rerun
deepseek-v4-flash-0731,poolact,tuning,cost_tight,cached,gap_bon,all,all,old_absolute,900,False,deepseek_original,entire_registered_three_strategy_cell_superseded_by_20260912_rerun
deepseek-v4-flash-0731,poolact,tuning,cost_tight,cached,gap_mi,all,all,old_absolute,901,False,deepseek_original,entire_registered_three_strategy_cell_superseded_by_20260912_rerun
deepseek-v4-flash-0731,poolact,tuning,cost_tight,cached,input_tokens,all,all,old_absolute,902,False,deepseek_original,entire_registered_three_strategy_cell_superseded_by_20260912_rerun
deepseek-v4-flash-0731,poolact,tuning,cost_tight,cached,output_tokens,all,all,old_absolute,903,False,deepseek_original,entire_registered_three_strategy_cell_superseded_by_20260912_rerun
deepseek-v4-flash-0731,poolact,tuning,cost_tight,cached,protocol_failure_rate,all,all,old_absolute,904,False,deepseek_original,entire_registered_three_strategy_cell_superseded_by_20260912_rerun
deepseek-v4-flash-0731,poolact,tuning,cost_tight,cached,raw_perf_bon,all,all,old_absolute,905,False,deepseek_original,entire_registered_three_strategy_cell_superseded_by_20260912_rerun
deepseek-v4-flash-0731,poolact,tuning,cost_tight,cached,raw_perf_mi,all,all,old_absolute,906,False,deepseek_original,entire_registered_three_strategy_cell_superseded_by_20260912_rerun
deepseek-v4-flash-0731,poolact,tuning,cost_tight,cached,wall_time_seconds,all,all,old_absolute,907,False,deepseek_original,entire_registered_three_strategy_cell_superseded_by_20260912_rerun
deepseek-v4-flash-0731,poolact,tuning,cost_tight,naive,budget_utilization,all,all,old_absolute,908,False,deepseek_original,entire_registered_three_strategy_cell_superseded_by_20260912_rerun
deepseek-v4-flash-0731,poolact,tuning,cost_tight,naive,duplicate_action_attempts,all,all,old_absolute,909,False,deepseek_original,entire_registered_three_strategy_cell_superseded_by_20260912_rerun
deepseek-v4-flash-0731,poolact,tuning,cost_tight,naive,feedback_attempts,all,all,old_absolute,910,False,deepseek_original,entire_registered_three_strategy_cell_superseded_by_20260912_rerun
deepseek-v4-flash-0731,poolact,tuning,cost_tight,naive,feedback_cost_seconds,all,all,old_absolute,911,False,deepseek_original,entire_registered_three_strategy_cell_superseded_by_20260912_rerun
deepseek-v4-flash-0731,poolact,tuning,cost_tight,naive,feedback_visible,all,all,old_absolute,912,False,deepseek_original,entire_registered_three_strategy_cell_superseded_by_20260912_rerun
deepseek-v4-flash-0731,poolact,tuning,cost_tight,naive,gap_bon,all,all,old_absolute,913,False,deepseek_original,entire_registered_three_strategy_cell_superseded_by_20260912_rerun
deepseek-v4-flash-0731,poolact,tuning,cost_tight,naive,gap_mi,all,all,old_absolute,914,False,deepseek_original,entire_registered_three_strategy_cell_superseded_by_20260912_rerun
deepseek-v4-flash-0731,poolact,tuning,cost_tight,naive,input_tokens,all,all,old_absolute,915,False,deepseek_original,entire_registered_three_strategy_cell_superseded_by_20260912_rerun
deepseek-v4-flash-0731,poolact,tuning,cost_tight,naive,output_tokens,all,all,old_absolute,916,False,deepseek_original,entire_registered_three_strategy_cell_superseded_by_20260912_rerun
deepseek-v4-flash-0731,poolact,tuning,cost_tight,naive,protocol_failure_rate,all,all,old_absolute,917,False,deepseek_original,entire_registered_three_strategy_cell_superseded_by_20260912_rerun
deepseek-v4-flash-0731,poolact,tuning,cost_tight,naive,raw_perf_bon,all,all,old_absolute,918,False,deepseek_original,entire_registered_three_strategy_cell_superseded_by_20260912_rerun
deepseek-v4-flash-0731,poolact,tuning,cost_tight,naive,raw_perf_mi,all,all,old_absolute,919,False,deepseek_original,entire_registered_three_strategy_cell_superseded_by_20260912_rerun
deepseek-v4-flash-0731,poolact,tuning,cost_tight,naive,wall_time_seconds,all,all,old_absolute,920,False,deepseek_original,entire_registered_three_strategy_cell_superseded_by_20260912_rerun
deepseek-v4-flash-0731,poolact,tuning,cost_tight,poolact,budget_utilization,all,all,old_absolute,921,False,deepseek_original,entire_registered_three_strategy_cell_superseded_by_20260912_rerun
deepseek-v4-flash-0731,poolact,tuning,cost_tight,poolact,duplicate_action_attempts,all,all,old_absolute,922,False,deepseek_original,entire_registered_three_strategy_cell_superseded_by_20260912_rerun
deepseek-v4-flash-0731,poolact,tuning,cost_tight,poolact,feedback_attempts,all,all,old_absolute,923,False,deepseek_original,entire_registered_three_strategy_cell_superseded_by_20260912_rerun
deepseek-v4-flash-0731,poolact,tuning,cost_tight,poolact,feedback_cost_seconds,all,all,old_absolute,924,False,deepseek_original,entire_registered_three_strategy_cell_superseded_by_20260912_rerun
deepseek-v4-flash-0731,poolact,tuning,cost_tight,poolact,feedback_visible,all,all,old_absolute,925,False,deepseek_original,entire_registered_three_strategy_cell_superseded_by_20260912_rerun
deepseek-v4-flash-0731,poolact,tuning,cost_tight,poolact,gap_bon,all,all,old_absolute,926,False,deepseek_original,entire_registered_three_strategy_cell_superseded_by_20260912_rerun
deepseek-v4-flash-0731,poolact,tuning,cost_tight,poolact,gap_mi,all,all,old_absolute,927,False,deepseek_original,entire_registered_three_strategy_cell_superseded_by_20260912_rerun
deepseek-v4-flash-0731,poolact,tuning,cost_tight,poolact,input_tokens,all,all,old_absolute,928,False,deepseek_original,entire_registered_three_strategy_cell_superseded_by_20260912_rerun
deepseek-v4-flash-0731,poolact,tuning,cost_tight,poolact,output_tokens,all,all,old_absolute,929,False,deepseek_original,entire_registered_three_strategy_cell_superseded_by_20260912_rerun
deepseek-v4-flash-0731,poolact,tuning,cost_tight,poolact,protocol_failure_rate,all,all,old_absolute,930,False,deepseek_original,entire_registered_three_strategy_cell_superseded_by_20260912_rerun
deepseek-v4-flash-0731,poolact,tuning,cost_tight,poolact,raw_perf_bon,all,all,old_absolute,931,False,deepseek_original,entire_registered_three_strategy_cell_superseded_by_20260912_rerun
deepseek-v4-flash-0731,poolact,tuning,cost_tight,poolact,raw_perf_mi,all,all,old_absolute,932,False,deepseek_original,entire_registered_three_strategy_cell_superseded_by_20260912_rerun
deepseek-v4-flash-0731,poolact,tuning,cost_tight,poolact,wall_time_seconds,all,all,old_absolute,933,False,deepseek_original,entire_registered_three_strategy_cell_superseded_by_20260912_rerun
deepseek-v4-flash-0731,poolact,tuning,cost_moderate,cached,budget_utilization,family,nasbench101,old_absolute,934,False,deepseek_original,entire_registered_three_strategy_cell_superseded_by_20260912_rerun
deepseek-v4-flash-0731,poolact,tuning,cost_moderate,cached,duplicate_action_attempts,family,nasbench101,old_absolute,935,False,deepseek_original,entire_registered_three_strategy_cell_superseded_by_20260912_rerun
deepseek-v4-flash-0731,poolact,tuning,cost_moderate,cached,feedback_attempts,family,nasbench101,old_absolute,936,False,deepseek_original,entire_registered_three_strategy_cell_superseded_by_20260912_rerun
deepseek-v4-flash-0731,poolact,tuning,cost_moderate,cached,feedback_cost_seconds,family,nasbench101,old_absolute,937,False,deepseek_original,entire_registered_three_strategy_cell_superseded_by_20260912_rerun
deepseek-v4-flash-0731,poolact,tuning,cost_moderate,cached,feedback_visible,family,nasbench101,old_absolute,938,False,deepseek_original,entire_registered_three_strategy_cell_superseded_by_20260912_rerun
deepseek-v4-flash-0731,poolact,tuning,cost_moderate,cached,gap_bon,family,nasbench101,old_absolute,939,False,deepseek_original,entire_registered_three_strategy_cell_superseded_by_20260912_rerun
deepseek-v4-flash-0731,poolact,tuning,cost_moderate,cached,gap_mi,family,nasbench101,old_absolute,940,False,deepseek_original,entire_registered_three_strategy_cell_superseded_by_20260912_rerun
deepseek-v4-flash-0731,poolact,tuning,cost_moderate,cached,input_tokens,family,nasbench101,old_absolute,941,False,deepseek_original,entire_registered_three_strategy_cell_superseded_by_20260912_rerun
deepseek-v4-flash-0731,poolact,tuning,cost_moderate,cached,output_tokens,family,nasbench101,old_absolute,942,False,deepseek_original,entire_registered_three_strategy_cell_superseded_by_20260912_rerun
deepseek-v4-flash-0731,poolact,tuning,cost_moderate,cached,protocol_failure_rate,family,nasbench101,old_absolute,943,False,deepseek_original,entire_registered_three_strategy_cell_superseded_by_20260912_rerun
deepseek-v4-flash-0731,poolact,tuning,cost_moderate,cached,raw_perf_bon,family,nasbench101,old_absolute,944,False,deepseek_original,entire_registered_three_strategy_cell_superseded_by_20260912_rerun
deepseek-v4-flash-0731,poolact,tuning,cost_moderate,cached,raw_perf_mi,family,nasbench101,old_absolute,945,False,deepseek_original,entire_registered_three_strategy_cell_superseded_by_20260912_rerun
deepseek-v4-flash-0731,poolact,tuning,cost_moderate,cached,wall_time_seconds,family,nasbench101,old_absolute,946,False,deepseek_original,entire_registered_three_strategy_cell_superseded_by_20260912_rerun
deepseek-v4-flash-0731,poolact,tuning,cost_moderate,naive,budget_utilization,family,nasbench101,old_absolute,947,False,deepseek_original,entire_registered_three_strategy_cell_superseded_by_20260912_rerun
deepseek-v4-flash-0731,poolact,tuning,cost_moderate,naive,duplicate_action_attempts,family,nasbench101,old_absolute,948,False,deepseek_original,entire_registered_three_strategy_cell_superseded_by_20260912_rerun
deepseek-v4-flash-0731,poolact,tuning,cost_moderate,naive,feedback_attempts,family,nasbench101,old_absolute,949,False,deepseek_original,entire_registered_three_strategy_cell_superseded_by_20260912_rerun
deepseek-v4-flash-0731,poolact,tuning,cost_moderate,naive,feedback_cost_seconds,family,nasbench101,old_absolute,950,False,deepseek_original,entire_registered_three_strategy_cell_superseded_by_20260912_rerun
deepseek-v4-flash-0731,poolact,tuning,cost_moderate,naive,feedback_visible,family,nasbench101,old_absolute,951,False,deepseek_original,entire_registered_three_strategy_cell_superseded_by_20260912_rerun
deepseek-v4-flash-0731,poolact,tuning,cost_moderate,naive,gap_bon,family,nasbench101,old_absolute,952,False,deepseek_original,entire_registered_three_strategy_cell_superseded_by_20260912_rerun
deepseek-v4-flash-0731,poolact,tuning,cost_moderate,naive,gap_mi,family,nasbench101,old_absolute,953,False,deepseek_original,entire_registered_three_strategy_cell_superseded_by_20260912_rerun
deepseek-v4-flash-0731,poolact,tuning,cost_moderate,naive,input_tokens,family,nasbench101,old_absolute,954,False,deepseek_original,entire_registered_three_strategy_cell_superseded_by_20260912_rerun
deepseek-v4-flash-0731,poolact,tuning,cost_moderate,naive,output_tokens,family,nasbench101,old_absolute,955,False,deepseek_original,entire_registered_three_strategy_cell_superseded_by_20260912_rerun
deepseek-v4-flash-0731,poolact,tuning,cost_moderate,naive,protocol_failure_rate,family,nasbench101,old_absolute,956,False,deepseek_original,entire_registered_three_strategy_cell_superseded_by_20260912_rerun
deepseek-v4-flash-0731,poolact,tuning,cost_moderate,naive,raw_perf_bon,family,nasbench101,old_absolute,957,False,deepseek_original,entire_registered_three_strategy_cell_superseded_by_20260912_rerun
deepseek-v4-flash-0731,poolact,tuning,cost_moderate,naive,raw_perf_mi,family,nasbench101,old_absolute,958,False,deepseek_original,entire_registered_three_strategy_cell_superseded_by_20260912_rerun
deepseek-v4-flash-0731,poolact,tuning,cost_moderate,naive,wall_time_seconds,family,nasbench101,old_absolute,959,False,deepseek_original,entire_registered_three_strategy_cell_superseded_by_20260912_rerun
deepseek-v4-flash-0731,poolact,tuning,cost_moderate,poolact,budget_utilization,family,nasbench101,old_absolute,960,False,deepseek_original,entire_registered_three_strategy_cell_superseded_by_20260912_rerun
deepseek-v4-flash-0731,poolact,tuning,cost_moderate,poolact,duplicate_action_attempts,family,nasbench101,old_absolute,961,False,deepseek_original,entire_registered_three_strategy_cell_superseded_by_20260912_rerun
deepseek-v4-flash-0731,poolact,tuning,cost_moderate,poolact,feedback_attempts,family,nasbench101,old_absolute,962,False,deepseek_original,entire_registered_three_strategy_cell_superseded_by_20260912_rerun
deepseek-v4-flash-0731,poolact,tuning,cost_moderate,poolact,feedback_cost_seconds,family,nasbench101,old_absolute,963,False,deepseek_original,entire_registered_three_strategy_cell_superseded_by_20260912_rerun
deepseek-v4-flash-0731,poolact,tuning,cost_moderate,poolact,feedback_visible,family,nasbench101,old_absolute,964,False,deepseek_original,entire_registered_three_strategy_cell_superseded_by_20260912_rerun
deepseek-v4-flash-0731,poolact,tuning,cost_moderate,poolact,gap_bon,family,nasbench101,old_absolute,965,False,deepseek_original,entire_registered_three_strategy_cell_superseded_by_20260912_rerun
deepseek-v4-flash-0731,poolact,tuning,cost_moderate,poolact,gap_mi,family,nasbench101,old_absolute,966,False,deepseek_original,entire_registered_three_strategy_cell_superseded_by_20260912_rerun
deepseek-v4-flash-0731,poolact,tuning,cost_moderate,poolact,input_tokens,family,nasbench101,old_absolute,967,False,deepseek_original,entire_registered_three_strategy_cell_superseded_by_20260912_rerun
deepseek-v4-flash-0731,poolact,tuning,cost_moderate,poolact,output_tokens,family,nasbench101,old_absolute,968,False,deepseek_original,entire_registered_three_strategy_cell_superseded_by_20260912_rerun
deepseek-v4-flash-0731,poolact,tuning,cost_moderate,poolact,protocol_failure_rate,family,nasbench101,old_absolute,969,False,deepseek_original,entire_registered_three_strategy_cell_superseded_by_20260912_rerun
deepseek-v4-flash-0731,poolact,tuning,cost_moderate,poolact,raw_perf_bon,family,nasbench101,old_absolute,970,False,deepseek_original,entire_registered_three_strategy_cell_superseded_by_20260912_rerun
deepseek-v4-flash-0731,poolact,tuning,cost_moderate,poolact,raw_perf_mi,family,nasbench101,old_absolute,971,False,deepseek_original,entire_registered_three_strategy_cell_superseded_by_20260912_rerun
deepseek-v4-flash-0731,poolact,tuning,cost_moderate,poolact,wall_time_seconds,family,nasbench101,old_absolute,972,False,deepseek_original,entire_registered_three_strategy_cell_superseded_by_20260912_rerun
deepseek-v4-flash-0731,poolact,tuning,cost_tight,cached,budget_utilization,family,nasbench101,old_absolute,973,False,deepseek_original,entire_registered_three_strategy_cell_superseded_by_20260912_rerun
deepseek-v4-flash-0731,poolact,tuning,cost_tight,cached,duplicate_action_attempts,family,nasbench101,old_absolute,974,False,deepseek_original,entire_registered_three_strategy_cell_superseded_by_20260912_rerun
deepseek-v4-flash-0731,poolact,tuning,cost_tight,cached,feedback_attempts,family,nasbench101,old_absolute,975,False,deepseek_original,entire_registered_three_strategy_cell_superseded_by_20260912_rerun
deepseek-v4-flash-0731,poolact,tuning,cost_tight,cached,feedback_cost_seconds,family,nasbench101,old_absolute,976,False,deepseek_original,entire_registered_three_strategy_cell_superseded_by_20260912_rerun
deepseek-v4-flash-0731,poolact,tuning,cost_tight,cached,feedback_visible,family,nasbench101,old_absolute,977,False,deepseek_original,entire_registered_three_strategy_cell_superseded_by_20260912_rerun
deepseek-v4-flash-0731,poolact,tuning,cost_tight,cached,gap_bon,family,nasbench101,old_absolute,978,False,deepseek_original,entire_registered_three_strategy_cell_superseded_by_20260912_rerun
deepseek-v4-flash-0731,poolact,tuning,cost_tight,cached,gap_mi,family,nasbench101,old_absolute,979,False,deepseek_original,entire_registered_three_strategy_cell_superseded_by_20260912_rerun
deepseek-v4-flash-0731,poolact,tuning,cost_tight,cached,input_tokens,family,nasbench101,old_absolute,980,False,deepseek_original,entire_registered_three_strategy_cell_superseded_by_20260912_rerun
deepseek-v4-flash-0731,poolact,tuning,cost_tight,cached,output_tokens,family,nasbench101,old_absolute,981,False,deepseek_original,entire_registered_three_strategy_cell_superseded_by_20260912_rerun
deepseek-v4-flash-0731,poolact,tuning,cost_tight,cached,protocol_failure_rate,family,nasbench101,old_absolute,982,False,deepseek_original,entire_registered_three_strategy_cell_superseded_by_20260912_rerun
deepseek-v4-flash-0731,poolact,tuning,cost_tight,cached,raw_perf_bon,family,nasbench101,old_absolute,983,False,deepseek_original,entire_registered_three_strategy_cell_superseded_by_20260912_rerun
deepseek-v4-flash-0731,poolact,tuning,cost_tight,cached,raw_perf_mi,family,nasbench101,old_absolute,984,False,deepseek_original,entire_registered_three_strategy_cell_superseded_by_20260912_rerun
deepseek-v4-flash-0731,poolact,tuning,cost_tight,cached,wall_time_seconds,family,nasbench101,old_absolute,985,False,deepseek_original,entire_registered_three_strategy_cell_superseded_by_20260912_rerun
deepseek-v4-flash-0731,poolact,tuning,cost_tight,naive,budget_utilization,family,nasbench101,old_absolute,986,False,deepseek_original,entire_registered_three_strategy_cell_superseded_by_20260912_rerun
deepseek-v4-flash-0731,poolact,tuning,cost_tight,naive,duplicate_action_attempts,family,nasbench101,old_absolute,987,False,deepseek_original,entire_registered_three_strategy_cell_superseded_by_20260912_rerun
deepseek-v4-flash-0731,poolact,tuning,cost_tight,naive,feedback_attempts,family,nasbench101,old_absolute,988,False,deepseek_original,entire_registered_three_strategy_cell_superseded_by_20260912_rerun
deepseek-v4-flash-0731,poolact,tuning,cost_tight,naive,feedback_cost_seconds,family,nasbench101,old_absolute,989,False,deepseek_original,entire_registered_three_strategy_cell_superseded_by_20260912_rerun
deepseek-v4-flash-0731,poolact,tuning,cost_tight,naive,feedback_visible,family,nasbench101,old_absolute,990,False,deepseek_original,entire_registered_three_strategy_cell_superseded_by_20260912_rerun
deepseek-v4-flash-0731,poolact,tuning,cost_tight,naive,gap_bon,family,nasbench101,old_absolute,991,False,deepseek_original,entire_registered_three_strategy_cell_superseded_by_20260912_rerun
deepseek-v4-flash-0731,poolact,tuning,cost_tight,naive,gap_mi,family,nasbench101,old_absolute,992,False,deepseek_original,entire_registered_three_strategy_cell_superseded_by_20260912_rerun
deepseek-v4-flash-0731,poolact,tuning,cost_tight,naive,input_tokens,family,nasbench101,old_absolute,993,False,deepseek_original,entire_registered_three_strategy_cell_superseded_by_20260912_rerun
deepseek-v4-flash-0731,poolact,tuning,cost_tight,naive,output_tokens,family,nasbench101,old_absolute,994,False,deepseek_original,entire_registered_three_strategy_cell_superseded_by_20260912_rerun
deepseek-v4-flash-0731,poolact,tuning,cost_tight,naive,protocol_failure_rate,family,nasbench101,old_absolute,995,False,deepseek_original,entire_registered_three_strategy_cell_superseded_by_20260912_rerun
deepseek-v4-flash-0731,poolact,tuning,cost_tight,naive,raw_perf_bon,family,nasbench101,old_absolute,996,False,deepseek_original,entire_registered_three_strategy_cell_superseded_by_20260912_rerun
deepseek-v4-flash-0731,poolact,tuning,cost_tight,naive,raw_perf_mi,family,nasbench101,old_absolute,997,False,deepseek_original,entire_registered_three_strategy_cell_superseded_by_20260912_rerun
deepseek-v4-flash-0731,poolact,tuning,cost_tight,naive,wall_time_seconds,family,nasbench101,old_absolute,998,False,deepseek_original,entire_registered_three_strategy_cell_superseded_by_20260912_rerun
deepseek-v4-flash-0731,poolact,tuning,cost_tight,poolact,budget_utilization,family,nasbench101,old_absolute,999,False,deepseek_original,entire_registered_three_strategy_cell_superseded_by_20260912_rerun
deepseek-v4-flash-0731,poolact,tuning,cost_tight,poolact,duplicate_action_attempts,family,nasbench101,old_absolute,1000,False,deepseek_original,entire_registered_three_strategy_cell_superseded_by_20260912_rerun
deepseek-v4-flash-0731,poolact,tuning,cost_tight,poolact,feedback_attempts,family,nasbench101,old_absolute,1001,False,deepseek_original,entire_registered_three_strategy_cell_superseded_by_20260912_rerun
deepseek-v4-flash-0731,poolact,tuning,cost_tight,poolact,feedback_cost_seconds,family,nasbench101,old_absolute,1002,False,deepseek_original,entire_registered_three_strategy_cell_superseded_by_20260912_rerun
deepseek-v4-flash-0731,poolact,tuning,cost_tight,poolact,feedback_visible,family,nasbench101,old_absolute,1003,False,deepseek_original,entire_registered_three_strategy_cell_superseded_by_20260912_rerun
deepseek-v4-flash-0731,poolact,tuning,cost_tight,poolact,gap_bon,family,nasbench101,old_absolute,1004,False,deepseek_original,entire_registered_three_strategy_cell_superseded_by_20260912_rerun
deepseek-v4-flash-0731,poolact,tuning,cost_tight,poolact,gap_mi,family,nasbench101,old_absolute,1005,False,deepseek_original,entire_registered_three_strategy_cell_superseded_by_20260912_rerun
deepseek-v4-flash-0731,poolact,tuning,cost_tight,poolact,input_tokens,family,nasbench101,old_absolute,1006,False,deepseek_original,entire_registered_three_strategy_cell_superseded_by_20260912_rerun
deepseek-v4-flash-0731,poolact,tuning,cost_tight,poolact,output_tokens,family,nasbench101,old_absolute,1007,False,deepseek_original,entire_registered_three_strategy_cell_superseded_by_20260912_rerun
deepseek-v4-flash-0731,poolact,tuning,cost_tight,poolact,protocol_failure_rate,family,nasbench101,old_absolute,1008,False,deepseek_original,entire_registered_three_strategy_cell_superseded_by_20260912_rerun
deepseek-v4-flash-0731,poolact,tuning,cost_tight,poolact,raw_perf_bon,family,nasbench101,old_absolute,1009,False,deepseek_original,entire_registered_three_strategy_cell_superseded_by_20260912_rerun
deepseek-v4-flash-0731,poolact,tuning,cost_tight,poolact,raw_perf_mi,family,nasbench101,old_absolute,1010,False,deepseek_original,entire_registered_three_strategy_cell_superseded_by_20260912_rerun
deepseek-v4-flash-0731,poolact,tuning,cost_tight,poolact,wall_time_seconds,family,nasbench101,old_absolute,1011,False,deepseek_original,entire_registered_three_strategy_cell_superseded_by_20260912_rerun
deepseek-v4-flash-0731,poolact,tuning,cost_moderate,cached,budget_utilization,task,hpobench:nasbench101:A,old_absolute,1012,False,deepseek_original,entire_registered_three_strategy_cell_superseded_by_20260912_rerun
deepseek-v4-flash-0731,poolact,tuning,cost_moderate,cached,duplicate_action_attempts,task,hpobench:nasbench101:A,old_absolute,1013,False,deepseek_original,entire_registered_three_strategy_cell_superseded_by_20260912_rerun
deepseek-v4-flash-0731,poolact,tuning,cost_moderate,cached,feedback_attempts,task,hpobench:nasbench101:A,old_absolute,1014,False,deepseek_original,entire_registered_three_strategy_cell_superseded_by_20260912_rerun
deepseek-v4-flash-0731,poolact,tuning,cost_moderate,cached,feedback_cost_seconds,task,hpobench:nasbench101:A,old_absolute,1015,False,deepseek_original,entire_registered_three_strategy_cell_superseded_by_20260912_rerun
deepseek-v4-flash-0731,poolact,tuning,cost_moderate,cached,feedback_visible,task,hpobench:nasbench101:A,old_absolute,1016,False,deepseek_original,entire_registered_three_strategy_cell_superseded_by_20260912_rerun
deepseek-v4-flash-0731,poolact,tuning,cost_moderate,cached,gap_bon,task,hpobench:nasbench101:A,old_absolute,1017,False,deepseek_original,entire_registered_three_strategy_cell_superseded_by_20260912_rerun
deepseek-v4-flash-0731,poolact,tuning,cost_moderate,cached,gap_mi,task,hpobench:nasbench101:A,old_absolute,1018,False,deepseek_original,entire_registered_three_strategy_cell_superseded_by_20260912_rerun
deepseek-v4-flash-0731,poolact,tuning,cost_moderate,cached,input_tokens,task,hpobench:nasbench101:A,old_absolute,1019,False,deepseek_original,entire_registered_three_strategy_cell_superseded_by_20260912_rerun
deepseek-v4-flash-0731,poolact,tuning,cost_moderate,cached,output_tokens,task,hpobench:nasbench101:A,old_absolute,1020,False,deepseek_original,entire_registered_three_strategy_cell_superseded_by_20260912_rerun
deepseek-v4-flash-0731,poolact,tuning,cost_moderate,cached,protocol_failure_rate,task,hpobench:nasbench101:A,old_absolute,1021,False,deepseek_original,entire_registered_three_strategy_cell_superseded_by_20260912_rerun
deepseek-v4-flash-0731,poolact,tuning,cost_moderate,cached,raw_perf_bon,task,hpobench:nasbench101:A,old_absolute,1022,False,deepseek_original,entire_registered_three_strategy_cell_superseded_by_20260912_rerun
deepseek-v4-flash-0731,poolact,tuning,cost_moderate,cached,raw_perf_mi,task,hpobench:nasbench101:A,old_absolute,1023,False,deepseek_original,entire_registered_three_strategy_cell_superseded_by_20260912_rerun
deepseek-v4-flash-0731,poolact,tuning,cost_moderate,cached,wall_time_seconds,task,hpobench:nasbench101:A,old_absolute,1024,False,deepseek_original,entire_registered_three_strategy_cell_superseded_by_20260912_rerun
deepseek-v4-flash-0731,poolact,tuning,cost_moderate,naive,budget_utilization,task,hpobench:nasbench101:A,old_absolute,1025,False,deepseek_original,entire_registered_three_strategy_cell_superseded_by_20260912_rerun
deepseek-v4-flash-0731,poolact,tuning,cost_moderate,naive,duplicate_action_attempts,task,hpobench:nasbench101:A,old_absolute,1026,False,deepseek_original,entire_registered_three_strategy_cell_superseded_by_20260912_rerun
deepseek-v4-flash-0731,poolact,tuning,cost_moderate,naive,feedback_attempts,task,hpobench:nasbench101:A,old_absolute,1027,False,deepseek_original,entire_registered_three_strategy_cell_superseded_by_20260912_rerun
deepseek-v4-flash-0731,poolact,tuning,cost_moderate,naive,feedback_cost_seconds,task,hpobench:nasbench101:A,old_absolute,1028,False,deepseek_original,entire_registered_three_strategy_cell_superseded_by_20260912_rerun
deepseek-v4-flash-0731,poolact,tuning,cost_moderate,naive,feedback_visible,task,hpobench:nasbench101:A,old_absolute,1029,False,deepseek_original,entire_registered_three_strategy_cell_superseded_by_20260912_rerun
deepseek-v4-flash-0731,poolact,tuning,cost_moderate,naive,gap_bon,task,hpobench:nasbench101:A,old_absolute,1030,False,deepseek_original,entire_registered_three_strategy_cell_superseded_by_20260912_rerun
deepseek-v4-flash-0731,poolact,tuning,cost_moderate,naive,gap_mi,task,hpobench:nasbench101:A,old_absolute,1031,False,deepseek_original,entire_registered_three_strategy_cell_superseded_by_20260912_rerun
deepseek-v4-flash-0731,poolact,tuning,cost_moderate,naive,input_tokens,task,hpobench:nasbench101:A,old_absolute,1032,False,deepseek_original,entire_registered_three_strategy_cell_superseded_by_20260912_rerun
deepseek-v4-flash-0731,poolact,tuning,cost_moderate,naive,output_tokens,task,hpobench:nasbench101:A,old_absolute,1033,False,deepseek_original,entire_registered_three_strategy_cell_superseded_by_20260912_rerun
deepseek-v4-flash-0731,poolact,tuning,cost_moderate,naive,protocol_failure_rate,task,hpobench:nasbench101:A,old_absolute,1034,False,deepseek_original,entire_registered_three_strategy_cell_superseded_by_20260912_rerun
deepseek-v4-flash-0731,poolact,tuning,cost_moderate,naive,raw_perf_bon,task,hpobench:nasbench101:A,old_absolute,1035,False,deepseek_original,entire_registered_three_strategy_cell_superseded_by_20260912_rerun
deepseek-v4-flash-0731,poolact,tuning,cost_moderate,naive,raw_perf_mi,task,hpobench:nasbench101:A,old_absolute,1036,False,deepseek_original,entire_registered_three_strategy_cell_superseded_by_20260912_rerun
deepseek-v4-flash-0731,poolact,tuning,cost_moderate,naive,wall_time_seconds,task,hpobench:nasbench101:A,old_absolute,1037,False,deepseek_original,entire_registered_three_strategy_cell_superseded_by_20260912_rerun
deepseek-v4-flash-0731,poolact,tuning,cost_moderate,poolact,budget_utilization,task,hpobench:nasbench101:A,old_absolute,1038,False,deepseek_original,entire_registered_three_strategy_cell_superseded_by_20260912_rerun
deepseek-v4-flash-0731,poolact,tuning,cost_moderate,poolact,duplicate_action_attempts,task,hpobench:nasbench101:A,old_absolute,1039,False,deepseek_original,entire_registered_three_strategy_cell_superseded_by_20260912_rerun
deepseek-v4-flash-0731,poolact,tuning,cost_moderate,poolact,feedback_attempts,task,hpobench:nasbench101:A,old_absolute,1040,False,deepseek_original,entire_registered_three_strategy_cell_superseded_by_20260912_rerun
deepseek-v4-flash-0731,poolact,tuning,cost_moderate,poolact,feedback_cost_seconds,task,hpobench:nasbench101:A,old_absolute,1041,False,deepseek_original,entire_registered_three_strategy_cell_superseded_by_20260912_rerun
deepseek-v4-flash-0731,poolact,tuning,cost_moderate,poolact,feedback_visible,task,hpobench:nasbench101:A,old_absolute,1042,False,deepseek_original,entire_registered_three_strategy_cell_superseded_by_20260912_rerun
deepseek-v4-flash-0731,poolact,tuning,cost_moderate,poolact,gap_bon,task,hpobench:nasbench101:A,old_absolute,1043,False,deepseek_original,entire_registered_three_strategy_cell_superseded_by_20260912_rerun
deepseek-v4-flash-0731,poolact,tuning,cost_moderate,poolact,gap_mi,task,hpobench:nasbench101:A,old_absolute,1044,False,deepseek_original,entire_registered_three_strategy_cell_superseded_by_20260912_rerun
deepseek-v4-flash-0731,poolact,tuning,cost_moderate,poolact,input_tokens,task,hpobench:nasbench101:A,old_absolute,1045,False,deepseek_original,entire_registered_three_strategy_cell_superseded_by_20260912_rerun
deepseek-v4-flash-0731,poolact,tuning,cost_moderate,poolact,output_tokens,task,hpobench:nasbench101:A,old_absolute,1046,False,deepseek_original,entire_registered_three_strategy_cell_superseded_by_20260912_rerun
deepseek-v4-flash-0731,poolact,tuning,cost_moderate,poolact,protocol_failure_rate,task,hpobench:nasbench101:A,old_absolute,1047,False,deepseek_original,entire_registered_three_strategy_cell_superseded_by_20260912_rerun
deepseek-v4-flash-0731,poolact,tuning,cost_moderate,poolact,raw_perf_bon,task,hpobench:nasbench101:A,old_absolute,1048,False,deepseek_original,entire_registered_three_strategy_cell_superseded_by_20260912_rerun
deepseek-v4-flash-0731,poolact,tuning,cost_moderate,poolact,raw_perf_mi,task,hpobench:nasbench101:A,old_absolute,1049,False,deepseek_original,entire_registered_three_strategy_cell_superseded_by_20260912_rerun
deepseek-v4-flash-0731,poolact,tuning,cost_moderate,poolact,wall_time_seconds,task,hpobench:nasbench101:A,old_absolute,1050,False,deepseek_original,entire_registered_three_strategy_cell_superseded_by_20260912_rerun
deepseek-v4-flash-0731,poolact,tuning,cost_tight,cached,budget_utilization,task,hpobench:nasbench101:A,old_absolute,1051,False,deepseek_original,entire_registered_three_strategy_cell_superseded_by_20260912_rerun
deepseek-v4-flash-0731,poolact,tuning,cost_tight,cached,duplicate_action_attempts,task,hpobench:nasbench101:A,old_absolute,1052,False,deepseek_original,entire_registered_three_strategy_cell_superseded_by_20260912_rerun
deepseek-v4-flash-0731,poolact,tuning,cost_tight,cached,feedback_attempts,task,hpobench:nasbench101:A,old_absolute,1053,False,deepseek_original,entire_registered_three_strategy_cell_superseded_by_20260912_rerun
deepseek-v4-flash-0731,poolact,tuning,cost_tight,cached,feedback_cost_seconds,task,hpobench:nasbench101:A,old_absolute,1054,False,deepseek_original,entire_registered_three_strategy_cell_superseded_by_20260912_rerun
deepseek-v4-flash-0731,poolact,tuning,cost_tight,cached,feedback_visible,task,hpobench:nasbench101:A,old_absolute,1055,False,deepseek_original,entire_registered_three_strategy_cell_superseded_by_20260912_rerun
deepseek-v4-flash-0731,poolact,tuning,cost_tight,cached,gap_bon,task,hpobench:nasbench101:A,old_absolute,1056,False,deepseek_original,entire_registered_three_strategy_cell_superseded_by_20260912_rerun
deepseek-v4-flash-0731,poolact,tuning,cost_tight,cached,gap_mi,task,hpobench:nasbench101:A,old_absolute,1057,False,deepseek_original,entire_registered_three_strategy_cell_superseded_by_20260912_rerun
deepseek-v4-flash-0731,poolact,tuning,cost_tight,cached,input_tokens,task,hpobench:nasbench101:A,old_absolute,1058,False,deepseek_original,entire_registered_three_strategy_cell_superseded_by_20260912_rerun
deepseek-v4-flash-0731,poolact,tuning,cost_tight,cached,output_tokens,task,hpobench:nasbench101:A,old_absolute,1059,False,deepseek_original,entire_registered_three_strategy_cell_superseded_by_20260912_rerun
deepseek-v4-flash-0731,poolact,tuning,cost_tight,cached,protocol_failure_rate,task,hpobench:nasbench101:A,old_absolute,1060,False,deepseek_original,entire_registered_three_strategy_cell_superseded_by_20260912_rerun
deepseek-v4-flash-0731,poolact,tuning,cost_tight,cached,raw_perf_bon,task,hpobench:nasbench101:A,old_absolute,1061,False,deepseek_original,entire_registered_three_strategy_cell_superseded_by_20260912_rerun
deepseek-v4-flash-0731,poolact,tuning,cost_tight,cached,raw_perf_mi,task,hpobench:nasbench101:A,old_absolute,1062,False,deepseek_original,entire_registered_three_strategy_cell_superseded_by_20260912_rerun
deepseek-v4-flash-0731,poolact,tuning,cost_tight,cached,wall_time_seconds,task,hpobench:nasbench101:A,old_absolute,1063,False,deepseek_original,entire_registered_three_strategy_cell_superseded_by_20260912_rerun
deepseek-v4-flash-0731,poolact,tuning,cost_tight,naive,budget_utilization,task,hpobench:nasbench101:A,old_absolute,1064,False,deepseek_original,entire_registered_three_strategy_cell_superseded_by_20260912_rerun
deepseek-v4-flash-0731,poolact,tuning,cost_tight,naive,duplicate_action_attempts,task,hpobench:nasbench101:A,old_absolute,1065,False,deepseek_original,entire_registered_three_strategy_cell_superseded_by_20260912_rerun
deepseek-v4-flash-0731,poolact,tuning,cost_tight,naive,feedback_attempts,task,hpobench:nasbench101:A,old_absolute,1066,False,deepseek_original,entire_registered_three_strategy_cell_superseded_by_20260912_rerun
deepseek-v4-flash-0731,poolact,tuning,cost_tight,naive,feedback_cost_seconds,task,hpobench:nasbench101:A,old_absolute,1067,False,deepseek_original,entire_registered_three_strategy_cell_superseded_by_20260912_rerun
deepseek-v4-flash-0731,poolact,tuning,cost_tight,naive,feedback_visible,task,hpobench:nasbench101:A,old_absolute,1068,False,deepseek_original,entire_registered_three_strategy_cell_superseded_by_20260912_rerun
deepseek-v4-flash-0731,poolact,tuning,cost_tight,naive,gap_bon,task,hpobench:nasbench101:A,old_absolute,1069,False,deepseek_original,entire_registered_three_strategy_cell_superseded_by_20260912_rerun
deepseek-v4-flash-0731,poolact,tuning,cost_tight,naive,gap_mi,task,hpobench:nasbench101:A,old_absolute,1070,False,deepseek_original,entire_registered_three_strategy_cell_superseded_by_20260912_rerun
deepseek-v4-flash-0731,poolact,tuning,cost_tight,naive,input_tokens,task,hpobench:nasbench101:A,old_absolute,1071,False,deepseek_original,entire_registered_three_strategy_cell_superseded_by_20260912_rerun
deepseek-v4-flash-0731,poolact,tuning,cost_tight,naive,output_tokens,task,hpobench:nasbench101:A,old_absolute,1072,False,deepseek_original,entire_registered_three_strategy_cell_superseded_by_20260912_rerun
deepseek-v4-flash-0731,poolact,tuning,cost_tight,naive,protocol_failure_rate,task,hpobench:nasbench101:A,old_absolute,1073,False,deepseek_original,entire_registered_three_strategy_cell_superseded_by_20260912_rerun
deepseek-v4-flash-0731,poolact,tuning,cost_tight,naive,raw_perf_bon,task,hpobench:nasbench101:A,old_absolute,1074,False,deepseek_original,entire_registered_three_strategy_cell_superseded_by_20260912_rerun
deepseek-v4-flash-0731,poolact,tuning,cost_tight,naive,raw_perf_mi,task,hpobench:nasbench101:A,old_absolute,1075,False,deepseek_original,entire_registered_three_strategy_cell_superseded_by_20260912_rerun
deepseek-v4-flash-0731,poolact,tuning,cost_tight,naive,wall_time_seconds,task,hpobench:nasbench101:A,old_absolute,1076,False,deepseek_original,entire_registered_three_strategy_cell_superseded_by_20260912_rerun
deepseek-v4-flash-0731,poolact,tuning,cost_tight,poolact,budget_utilization,task,hpobench:nasbench101:A,old_absolute,1077,False,deepseek_original,entire_registered_three_strategy_cell_superseded_by_20260912_rerun
deepseek-v4-flash-0731,poolact,tuning,cost_tight,poolact,duplicate_action_attempts,task,hpobench:nasbench101:A,old_absolute,1078,False,deepseek_original,entire_registered_three_strategy_cell_superseded_by_20260912_rerun
deepseek-v4-flash-0731,poolact,tuning,cost_tight,poolact,feedback_attempts,task,hpobench:nasbench101:A,old_absolute,1079,False,deepseek_original,entire_registered_three_strategy_cell_superseded_by_20260912_rerun
deepseek-v4-flash-0731,poolact,tuning,cost_tight,poolact,feedback_cost_seconds,task,hpobench:nasbench101:A,old_absolute,1080,False,deepseek_original,entire_registered_three_strategy_cell_superseded_by_20260912_rerun
deepseek-v4-flash-0731,poolact,tuning,cost_tight,poolact,feedback_visible,task,hpobench:nasbench101:A,old_absolute,1081,False,deepseek_original,entire_registered_three_strategy_cell_superseded_by_20260912_rerun
deepseek-v4-flash-0731,poolact,tuning,cost_tight,poolact,gap_bon,task,hpobench:nasbench101:A,old_absolute,1082,False,deepseek_original,entire_registered_three_strategy_cell_superseded_by_20260912_rerun
deepseek-v4-flash-0731,poolact,tuning,cost_tight,poolact,gap_mi,task,hpobench:nasbench101:A,old_absolute,1083,False,deepseek_original,entire_registered_three_strategy_cell_superseded_by_20260912_rerun
deepseek-v4-flash-0731,poolact,tuning,cost_tight,poolact,input_tokens,task,hpobench:nasbench101:A,old_absolute,1084,False,deepseek_original,entire_registered_three_strategy_cell_superseded_by_20260912_rerun
deepseek-v4-flash-0731,poolact,tuning,cost_tight,poolact,output_tokens,task,hpobench:nasbench101:A,old_absolute,1085,False,deepseek_original,entire_registered_three_strategy_cell_superseded_by_20260912_rerun
deepseek-v4-flash-0731,poolact,tuning,cost_tight,poolact,protocol_failure_rate,task,hpobench:nasbench101:A,old_absolute,1086,False,deepseek_original,entire_registered_three_strategy_cell_superseded_by_20260912_rerun
deepseek-v4-flash-0731,poolact,tuning,cost_tight,poolact,raw_perf_bon,task,hpobench:nasbench101:A,old_absolute,1087,False,deepseek_original,entire_registered_three_strategy_cell_superseded_by_20260912_rerun
deepseek-v4-flash-0731,poolact,tuning,cost_tight,poolact,raw_perf_mi,task,hpobench:nasbench101:A,old_absolute,1088,False,deepseek_original,entire_registered_three_strategy_cell_superseded_by_20260912_rerun
deepseek-v4-flash-0731,poolact,tuning,cost_tight,poolact,wall_time_seconds,task,hpobench:nasbench101:A,old_absolute,1089,False,deepseek_original,entire_registered_three_strategy_cell_superseded_by_20260912_rerun
deepseek-v4-flash-0731,poolact,tuning,cost_moderate,cached,budget_utilization,task,hpobench:nasbench101:B,old_absolute,1090,False,deepseek_original,entire_registered_three_strategy_cell_superseded_by_20260912_rerun
deepseek-v4-flash-0731,poolact,tuning,cost_moderate,cached,duplicate_action_attempts,task,hpobench:nasbench101:B,old_absolute,1091,False,deepseek_original,entire_registered_three_strategy_cell_superseded_by_20260912_rerun
deepseek-v4-flash-0731,poolact,tuning,cost_moderate,cached,feedback_attempts,task,hpobench:nasbench101:B,old_absolute,1092,False,deepseek_original,entire_registered_three_strategy_cell_superseded_by_20260912_rerun
deepseek-v4-flash-0731,poolact,tuning,cost_moderate,cached,feedback_cost_seconds,task,hpobench:nasbench101:B,old_absolute,1093,False,deepseek_original,entire_registered_three_strategy_cell_superseded_by_20260912_rerun
deepseek-v4-flash-0731,poolact,tuning,cost_moderate,cached,feedback_visible,task,hpobench:nasbench101:B,old_absolute,1094,False,deepseek_original,entire_registered_three_strategy_cell_superseded_by_20260912_rerun
deepseek-v4-flash-0731,poolact,tuning,cost_moderate,cached,gap_bon,task,hpobench:nasbench101:B,old_absolute,1095,False,deepseek_original,entire_registered_three_strategy_cell_superseded_by_20260912_rerun
deepseek-v4-flash-0731,poolact,tuning,cost_moderate,cached,gap_mi,task,hpobench:nasbench101:B,old_absolute,1096,False,deepseek_original,entire_registered_three_strategy_cell_superseded_by_20260912_rerun
deepseek-v4-flash-0731,poolact,tuning,cost_moderate,cached,input_tokens,task,hpobench:nasbench101:B,old_absolute,1097,False,deepseek_original,entire_registered_three_strategy_cell_superseded_by_20260912_rerun
deepseek-v4-flash-0731,poolact,tuning,cost_moderate,cached,output_tokens,task,hpobench:nasbench101:B,old_absolute,1098,False,deepseek_original,entire_registered_three_strategy_cell_superseded_by_20260912_rerun
deepseek-v4-flash-0731,poolact,tuning,cost_moderate,cached,protocol_failure_rate,task,hpobench:nasbench101:B,old_absolute,1099,False,deepseek_original,entire_registered_three_strategy_cell_superseded_by_20260912_rerun
deepseek-v4-flash-0731,poolact,tuning,cost_moderate,cached,raw_perf_bon,task,hpobench:nasbench101:B,old_absolute,1100,False,deepseek_original,entire_registered_three_strategy_cell_superseded_by_20260912_rerun
deepseek-v4-flash-0731,poolact,tuning,cost_moderate,cached,raw_perf_mi,task,hpobench:nasbench101:B,old_absolute,1101,False,deepseek_original,entire_registered_three_strategy_cell_superseded_by_20260912_rerun
deepseek-v4-flash-0731,poolact,tuning,cost_moderate,cached,wall_time_seconds,task,hpobench:nasbench101:B,old_absolute,1102,False,deepseek_original,entire_registered_three_strategy_cell_superseded_by_20260912_rerun
deepseek-v4-flash-0731,poolact,tuning,cost_moderate,naive,budget_utilization,task,hpobench:nasbench101:B,old_absolute,1103,False,deepseek_original,entire_registered_three_strategy_cell_superseded_by_20260912_rerun
deepseek-v4-flash-0731,poolact,tuning,cost_moderate,naive,duplicate_action_attempts,task,hpobench:nasbench101:B,old_absolute,1104,False,deepseek_original,entire_registered_three_strategy_cell_superseded_by_20260912_rerun
deepseek-v4-flash-0731,poolact,tuning,cost_moderate,naive,feedback_attempts,task,hpobench:nasbench101:B,old_absolute,1105,False,deepseek_original,entire_registered_three_strategy_cell_superseded_by_20260912_rerun
deepseek-v4-flash-0731,poolact,tuning,cost_moderate,naive,feedback_cost_seconds,task,hpobench:nasbench101:B,old_absolute,1106,False,deepseek_original,entire_registered_three_strategy_cell_superseded_by_20260912_rerun
deepseek-v4-flash-0731,poolact,tuning,cost_moderate,naive,feedback_visible,task,hpobench:nasbench101:B,old_absolute,1107,False,deepseek_original,entire_registered_three_strategy_cell_superseded_by_20260912_rerun
deepseek-v4-flash-0731,poolact,tuning,cost_moderate,naive,gap_bon,task,hpobench:nasbench101:B,old_absolute,1108,False,deepseek_original,entire_registered_three_strategy_cell_superseded_by_20260912_rerun
deepseek-v4-flash-0731,poolact,tuning,cost_moderate,naive,gap_mi,task,hpobench:nasbench101:B,old_absolute,1109,False,deepseek_original,entire_registered_three_strategy_cell_superseded_by_20260912_rerun
deepseek-v4-flash-0731,poolact,tuning,cost_moderate,naive,input_tokens,task,hpobench:nasbench101:B,old_absolute,1110,False,deepseek_original,entire_registered_three_strategy_cell_superseded_by_20260912_rerun
deepseek-v4-flash-0731,poolact,tuning,cost_moderate,naive,output_tokens,task,hpobench:nasbench101:B,old_absolute,1111,False,deepseek_original,entire_registered_three_strategy_cell_superseded_by_20260912_rerun
deepseek-v4-flash-0731,poolact,tuning,cost_moderate,naive,protocol_failure_rate,task,hpobench:nasbench101:B,old_absolute,1112,False,deepseek_original,entire_registered_three_strategy_cell_superseded_by_20260912_rerun
deepseek-v4-flash-0731,poolact,tuning,cost_moderate,naive,raw_perf_bon,task,hpobench:nasbench101:B,old_absolute,1113,False,deepseek_original,entire_registered_three_strategy_cell_superseded_by_20260912_rerun
deepseek-v4-flash-0731,poolact,tuning,cost_moderate,naive,raw_perf_mi,task,hpobench:nasbench101:B,old_absolute,1114,False,deepseek_original,entire_registered_three_strategy_cell_superseded_by_20260912_rerun
deepseek-v4-flash-0731,poolact,tuning,cost_moderate,naive,wall_time_seconds,task,hpobench:nasbench101:B,old_absolute,1115,False,deepseek_original,entire_registered_three_strategy_cell_superseded_by_20260912_rerun
deepseek-v4-flash-0731,poolact,tuning,cost_moderate,poolact,budget_utilization,task,hpobench:nasbench101:B,old_absolute,1116,False,deepseek_original,entire_registered_three_strategy_cell_superseded_by_20260912_rerun
deepseek-v4-flash-0731,poolact,tuning,cost_moderate,poolact,duplicate_action_attempts,task,hpobench:nasbench101:B,old_absolute,1117,False,deepseek_original,entire_registered_three_strategy_cell_superseded_by_20260912_rerun
deepseek-v4-flash-0731,poolact,tuning,cost_moderate,poolact,feedback_attempts,task,hpobench:nasbench101:B,old_absolute,1118,False,deepseek_original,entire_registered_three_strategy_cell_superseded_by_20260912_rerun
deepseek-v4-flash-0731,poolact,tuning,cost_moderate,poolact,feedback_cost_seconds,task,hpobench:nasbench101:B,old_absolute,1119,False,deepseek_original,entire_registered_three_strategy_cell_superseded_by_20260912_rerun
deepseek-v4-flash-0731,poolact,tuning,cost_moderate,poolact,feedback_visible,task,hpobench:nasbench101:B,old_absolute,1120,False,deepseek_original,entire_registered_three_strategy_cell_superseded_by_20260912_rerun
deepseek-v4-flash-0731,poolact,tuning,cost_moderate,poolact,gap_bon,task,hpobench:nasbench101:B,old_absolute,1121,False,deepseek_original,entire_registered_three_strategy_cell_superseded_by_20260912_rerun
deepseek-v4-flash-0731,poolact,tuning,cost_moderate,poolact,gap_mi,task,hpobench:nasbench101:B,old_absolute,1122,False,deepseek_original,entire_registered_three_strategy_cell_superseded_by_20260912_rerun
deepseek-v4-flash-0731,poolact,tuning,cost_moderate,poolact,input_tokens,task,hpobench:nasbench101:B,old_absolute,1123,False,deepseek_original,entire_registered_three_strategy_cell_superseded_by_20260912_rerun
deepseek-v4-flash-0731,poolact,tuning,cost_moderate,poolact,output_tokens,task,hpobench:nasbench101:B,old_absolute,1124,False,deepseek_original,entire_registered_three_strategy_cell_superseded_by_20260912_rerun
deepseek-v4-flash-0731,poolact,tuning,cost_moderate,poolact,protocol_failure_rate,task,hpobench:nasbench101:B,old_absolute,1125,False,deepseek_original,entire_registered_three_strategy_cell_superseded_by_20260912_rerun
deepseek-v4-flash-0731,poolact,tuning,cost_moderate,poolact,raw_perf_bon,task,hpobench:nasbench101:B,old_absolute,1126,False,deepseek_original,entire_registered_three_strategy_cell_superseded_by_20260912_rerun
deepseek-v4-flash-0731,poolact,tuning,cost_moderate,poolact,raw_perf_mi,task,hpobench:nasbench101:B,old_absolute,1127,False,deepseek_original,entire_registered_three_strategy_cell_superseded_by_20260912_rerun
deepseek-v4-flash-0731,poolact,tuning,cost_moderate,poolact,wall_time_seconds,task,hpobench:nasbench101:B,old_absolute,1128,False,deepseek_original,entire_registered_three_strategy_cell_superseded_by_20260912_rerun
deepseek-v4-flash-0731,poolact,tuning,cost_tight,cached,budget_utilization,task,hpobench:nasbench101:B,old_absolute,1129,False,deepseek_original,entire_registered_three_strategy_cell_superseded_by_20260912_rerun
deepseek-v4-flash-0731,poolact,tuning,cost_tight,cached,duplicate_action_attempts,task,hpobench:nasbench101:B,old_absolute,1130,False,deepseek_original,entire_registered_three_strategy_cell_superseded_by_20260912_rerun
deepseek-v4-flash-0731,poolact,tuning,cost_tight,cached,feedback_attempts,task,hpobench:nasbench101:B,old_absolute,1131,False,deepseek_original,entire_registered_three_strategy_cell_superseded_by_20260912_rerun
deepseek-v4-flash-0731,poolact,tuning,cost_tight,cached,feedback_cost_seconds,task,hpobench:nasbench101:B,old_absolute,1132,False,deepseek_original,entire_registered_three_strategy_cell_superseded_by_20260912_rerun
deepseek-v4-flash-0731,poolact,tuning,cost_tight,cached,feedback_visible,task,hpobench:nasbench101:B,old_absolute,1133,False,deepseek_original,entire_registered_three_strategy_cell_superseded_by_20260912_rerun
deepseek-v4-flash-0731,poolact,tuning,cost_tight,cached,gap_bon,task,hpobench:nasbench101:B,old_absolute,1134,False,deepseek_original,entire_registered_three_strategy_cell_superseded_by_20260912_rerun
deepseek-v4-flash-0731,poolact,tuning,cost_tight,cached,gap_mi,task,hpobench:nasbench101:B,old_absolute,1135,False,deepseek_original,entire_registered_three_strategy_cell_superseded_by_20260912_rerun
deepseek-v4-flash-0731,poolact,tuning,cost_tight,cached,input_tokens,task,hpobench:nasbench101:B,old_absolute,1136,False,deepseek_original,entire_registered_three_strategy_cell_superseded_by_20260912_rerun
deepseek-v4-flash-0731,poolact,tuning,cost_tight,cached,output_tokens,task,hpobench:nasbench101:B,old_absolute,1137,False,deepseek_original,entire_registered_three_strategy_cell_superseded_by_20260912_rerun
deepseek-v4-flash-0731,poolact,tuning,cost_tight,cached,protocol_failure_rate,task,hpobench:nasbench101:B,old_absolute,1138,False,deepseek_original,entire_registered_three_strategy_cell_superseded_by_20260912_rerun
deepseek-v4-flash-0731,poolact,tuning,cost_tight,cached,raw_perf_bon,task,hpobench:nasbench101:B,old_absolute,1139,False,deepseek_original,entire_registered_three_strategy_cell_superseded_by_20260912_rerun
deepseek-v4-flash-0731,poolact,tuning,cost_tight,cached,raw_perf_mi,task,hpobench:nasbench101:B,old_absolute,1140,False,deepseek_original,entire_registered_three_strategy_cell_superseded_by_20260912_rerun
deepseek-v4-flash-0731,poolact,tuning,cost_tight,cached,wall_time_seconds,task,hpobench:nasbench101:B,old_absolute,1141,False,deepseek_original,entire_registered_three_strategy_cell_superseded_by_20260912_rerun
deepseek-v4-flash-0731,poolact,tuning,cost_tight,naive,budget_utilization,task,hpobench:nasbench101:B,old_absolute,1142,False,deepseek_original,entire_registered_three_strategy_cell_superseded_by_20260912_rerun
deepseek-v4-flash-0731,poolact,tuning,cost_tight,naive,duplicate_action_attempts,task,hpobench:nasbench101:B,old_absolute,1143,False,deepseek_original,entire_registered_three_strategy_cell_superseded_by_20260912_rerun
deepseek-v4-flash-0731,poolact,tuning,cost_tight,naive,feedback_attempts,task,hpobench:nasbench101:B,old_absolute,1144,False,deepseek_original,entire_registered_three_strategy_cell_superseded_by_20260912_rerun
deepseek-v4-flash-0731,poolact,tuning,cost_tight,naive,feedback_cost_seconds,task,hpobench:nasbench101:B,old_absolute,1145,False,deepseek_original,entire_registered_three_strategy_cell_superseded_by_20260912_rerun
deepseek-v4-flash-0731,poolact,tuning,cost_tight,naive,feedback_visible,task,hpobench:nasbench101:B,old_absolute,1146,False,deepseek_original,entire_registered_three_strategy_cell_superseded_by_20260912_rerun
deepseek-v4-flash-0731,poolact,tuning,cost_tight,naive,gap_bon,task,hpobench:nasbench101:B,old_absolute,1147,False,deepseek_original,entire_registered_three_strategy_cell_superseded_by_20260912_rerun
deepseek-v4-flash-0731,poolact,tuning,cost_tight,naive,gap_mi,task,hpobench:nasbench101:B,old_absolute,1148,False,deepseek_original,entire_registered_three_strategy_cell_superseded_by_20260912_rerun
deepseek-v4-flash-0731,poolact,tuning,cost_tight,naive,input_tokens,task,hpobench:nasbench101:B,old_absolute,1149,False,deepseek_original,entire_registered_three_strategy_cell_superseded_by_20260912_rerun
deepseek-v4-flash-0731,poolact,tuning,cost_tight,naive,output_tokens,task,hpobench:nasbench101:B,old_absolute,1150,False,deepseek_original,entire_registered_three_strategy_cell_superseded_by_20260912_rerun
deepseek-v4-flash-0731,poolact,tuning,cost_tight,naive,protocol_failure_rate,task,hpobench:nasbench101:B,old_absolute,1151,False,deepseek_original,entire_registered_three_strategy_cell_superseded_by_20260912_rerun
deepseek-v4-flash-0731,poolact,tuning,cost_tight,naive,raw_perf_bon,task,hpobench:nasbench101:B,old_absolute,1152,False,deepseek_original,entire_registered_three_strategy_cell_superseded_by_20260912_rerun
deepseek-v4-flash-0731,poolact,tuning,cost_tight,naive,raw_perf_mi,task,hpobench:nasbench101:B,old_absolute,1153,False,deepseek_original,entire_registered_three_strategy_cell_superseded_by_20260912_rerun
deepseek-v4-flash-0731,poolact,tuning,cost_tight,naive,wall_time_seconds,task,hpobench:nasbench101:B,old_absolute,1154,False,deepseek_original,entire_registered_three_strategy_cell_superseded_by_20260912_rerun
deepseek-v4-flash-0731,poolact,tuning,cost_tight,poolact,budget_utilization,task,hpobench:nasbench101:B,old_absolute,1155,False,deepseek_original,entire_registered_three_strategy_cell_superseded_by_20260912_rerun
deepseek-v4-flash-0731,poolact,tuning,cost_tight,poolact,duplicate_action_attempts,task,hpobench:nasbench101:B,old_absolute,1156,False,deepseek_original,entire_registered_three_strategy_cell_superseded_by_20260912_rerun
deepseek-v4-flash-0731,poolact,tuning,cost_tight,poolact,feedback_attempts,task,hpobench:nasbench101:B,old_absolute,1157,False,deepseek_original,entire_registered_three_strategy_cell_superseded_by_20260912_rerun
deepseek-v4-flash-0731,poolact,tuning,cost_tight,poolact,feedback_cost_seconds,task,hpobench:nasbench101:B,old_absolute,1158,False,deepseek_original,entire_registered_three_strategy_cell_superseded_by_20260912_rerun
deepseek-v4-flash-0731,poolact,tuning,cost_tight,poolact,feedback_visible,task,hpobench:nasbench101:B,old_absolute,1159,False,deepseek_original,entire_registered_three_strategy_cell_superseded_by_20260912_rerun
deepseek-v4-flash-0731,poolact,tuning,cost_tight,poolact,gap_bon,task,hpobench:nasbench101:B,old_absolute,1160,False,deepseek_original,entire_registered_three_strategy_cell_superseded_by_20260912_rerun
deepseek-v4-flash-0731,poolact,tuning,cost_tight,poolact,gap_mi,task,hpobench:nasbench101:B,old_absolute,1161,False,deepseek_original,entire_registered_three_strategy_cell_superseded_by_20260912_rerun
deepseek-v4-flash-0731,poolact,tuning,cost_tight,poolact,input_tokens,task,hpobench:nasbench101:B,old_absolute,1162,False,deepseek_original,entire_registered_three_strategy_cell_superseded_by_20260912_rerun
deepseek-v4-flash-0731,poolact,tuning,cost_tight,poolact,output_tokens,task,hpobench:nasbench101:B,old_absolute,1163,False,deepseek_original,entire_registered_three_strategy_cell_superseded_by_20260912_rerun
deepseek-v4-flash-0731,poolact,tuning,cost_tight,poolact,protocol_failure_rate,task,hpobench:nasbench101:B,old_absolute,1164,False,deepseek_original,entire_registered_three_strategy_cell_superseded_by_20260912_rerun
deepseek-v4-flash-0731,poolact,tuning,cost_tight,poolact,raw_perf_bon,task,hpobench:nasbench101:B,old_absolute,1165,False,deepseek_original,entire_registered_three_strategy_cell_superseded_by_20260912_rerun
deepseek-v4-flash-0731,poolact,tuning,cost_tight,poolact,raw_perf_mi,task,hpobench:nasbench101:B,old_absolute,1166,False,deepseek_original,entire_registered_three_strategy_cell_superseded_by_20260912_rerun
deepseek-v4-flash-0731,poolact,tuning,cost_tight,poolact,wall_time_seconds,task,hpobench:nasbench101:B,old_absolute,1167,False,deepseek_original,entire_registered_three_strategy_cell_superseded_by_20260912_rerun
deepseek-v4-flash-0731,poolact,tuning,cost_moderate,cached,budget_utilization,task,hpobench:nasbench101:C,old_absolute,1168,False,deepseek_original,entire_registered_three_strategy_cell_superseded_by_20260912_rerun
deepseek-v4-flash-0731,poolact,tuning,cost_moderate,cached,duplicate_action_attempts,task,hpobench:nasbench101:C,old_absolute,1169,False,deepseek_original,entire_registered_three_strategy_cell_superseded_by_20260912_rerun
deepseek-v4-flash-0731,poolact,tuning,cost_moderate,cached,feedback_attempts,task,hpobench:nasbench101:C,old_absolute,1170,False,deepseek_original,entire_registered_three_strategy_cell_superseded_by_20260912_rerun
deepseek-v4-flash-0731,poolact,tuning,cost_moderate,cached,feedback_cost_seconds,task,hpobench:nasbench101:C,old_absolute,1171,False,deepseek_original,entire_registered_three_strategy_cell_superseded_by_20260912_rerun
deepseek-v4-flash-0731,poolact,tuning,cost_moderate,cached,feedback_visible,task,hpobench:nasbench101:C,old_absolute,1172,False,deepseek_original,entire_registered_three_strategy_cell_superseded_by_20260912_rerun
deepseek-v4-flash-0731,poolact,tuning,cost_moderate,cached,gap_bon,task,hpobench:nasbench101:C,old_absolute,1173,False,deepseek_original,entire_registered_three_strategy_cell_superseded_by_20260912_rerun
deepseek-v4-flash-0731,poolact,tuning,cost_moderate,cached,gap_mi,task,hpobench:nasbench101:C,old_absolute,1174,False,deepseek_original,entire_registered_three_strategy_cell_superseded_by_20260912_rerun
deepseek-v4-flash-0731,poolact,tuning,cost_moderate,cached,input_tokens,task,hpobench:nasbench101:C,old_absolute,1175,False,deepseek_original,entire_registered_three_strategy_cell_superseded_by_20260912_rerun
deepseek-v4-flash-0731,poolact,tuning,cost_moderate,cached,output_tokens,task,hpobench:nasbench101:C,old_absolute,1176,False,deepseek_original,entire_registered_three_strategy_cell_superseded_by_20260912_rerun
deepseek-v4-flash-0731,poolact,tuning,cost_moderate,cached,protocol_failure_rate,task,hpobench:nasbench101:C,old_absolute,1177,False,deepseek_original,entire_registered_three_strategy_cell_superseded_by_20260912_rerun
deepseek-v4-flash-0731,poolact,tuning,cost_moderate,cached,raw_perf_bon,task,hpobench:nasbench101:C,old_absolute,1178,False,deepseek_original,entire_registered_three_strategy_cell_superseded_by_20260912_rerun
deepseek-v4-flash-0731,poolact,tuning,cost_moderate,cached,raw_perf_mi,task,hpobench:nasbench101:C,old_absolute,1179,False,deepseek_original,entire_registered_three_strategy_cell_superseded_by_20260912_rerun
deepseek-v4-flash-0731,poolact,tuning,cost_moderate,cached,wall_time_seconds,task,hpobench:nasbench101:C,old_absolute,1180,False,deepseek_original,entire_registered_three_strategy_cell_superseded_by_20260912_rerun
deepseek-v4-flash-0731,poolact,tuning,cost_moderate,naive,budget_utilization,task,hpobench:nasbench101:C,old_absolute,1181,False,deepseek_original,entire_registered_three_strategy_cell_superseded_by_20260912_rerun
deepseek-v4-flash-0731,poolact,tuning,cost_moderate,naive,duplicate_action_attempts,task,hpobench:nasbench101:C,old_absolute,1182,False,deepseek_original,entire_registered_three_strategy_cell_superseded_by_20260912_rerun
deepseek-v4-flash-0731,poolact,tuning,cost_moderate,naive,feedback_attempts,task,hpobench:nasbench101:C,old_absolute,1183,False,deepseek_original,entire_registered_three_strategy_cell_superseded_by_20260912_rerun
deepseek-v4-flash-0731,poolact,tuning,cost_moderate,naive,feedback_cost_seconds,task,hpobench:nasbench101:C,old_absolute,1184,False,deepseek_original,entire_registered_three_strategy_cell_superseded_by_20260912_rerun
deepseek-v4-flash-0731,poolact,tuning,cost_moderate,naive,feedback_visible,task,hpobench:nasbench101:C,old_absolute,1185,False,deepseek_original,entire_registered_three_strategy_cell_superseded_by_20260912_rerun
deepseek-v4-flash-0731,poolact,tuning,cost_moderate,naive,gap_bon,task,hpobench:nasbench101:C,old_absolute,1186,False,deepseek_original,entire_registered_three_strategy_cell_superseded_by_20260912_rerun
deepseek-v4-flash-0731,poolact,tuning,cost_moderate,naive,gap_mi,task,hpobench:nasbench101:C,old_absolute,1187,False,deepseek_original,entire_registered_three_strategy_cell_superseded_by_20260912_rerun
deepseek-v4-flash-0731,poolact,tuning,cost_moderate,naive,input_tokens,task,hpobench:nasbench101:C,old_absolute,1188,False,deepseek_original,entire_registered_three_strategy_cell_superseded_by_20260912_rerun
deepseek-v4-flash-0731,poolact,tuning,cost_moderate,naive,output_tokens,task,hpobench:nasbench101:C,old_absolute,1189,False,deepseek_original,entire_registered_three_strategy_cell_superseded_by_20260912_rerun
deepseek-v4-flash-0731,poolact,tuning,cost_moderate,naive,protocol_failure_rate,task,hpobench:nasbench101:C,old_absolute,1190,False,deepseek_original,entire_registered_three_strategy_cell_superseded_by_20260912_rerun
deepseek-v4-flash-0731,poolact,tuning,cost_moderate,naive,raw_perf_bon,task,hpobench:nasbench101:C,old_absolute,1191,False,deepseek_original,entire_registered_three_strategy_cell_superseded_by_20260912_rerun
deepseek-v4-flash-0731,poolact,tuning,cost_moderate,naive,raw_perf_mi,task,hpobench:nasbench101:C,old_absolute,1192,False,deepseek_original,entire_registered_three_strategy_cell_superseded_by_20260912_rerun
deepseek-v4-flash-0731,poolact,tuning,cost_moderate,naive,wall_time_seconds,task,hpobench:nasbench101:C,old_absolute,1193,False,deepseek_original,entire_registered_three_strategy_cell_superseded_by_20260912_rerun
deepseek-v4-flash-0731,poolact,tuning,cost_moderate,poolact,budget_utilization,task,hpobench:nasbench101:C,old_absolute,1194,False,deepseek_original,entire_registered_three_strategy_cell_superseded_by_20260912_rerun
deepseek-v4-flash-0731,poolact,tuning,cost_moderate,poolact,duplicate_action_attempts,task,hpobench:nasbench101:C,old_absolute,1195,False,deepseek_original,entire_registered_three_strategy_cell_superseded_by_20260912_rerun
deepseek-v4-flash-0731,poolact,tuning,cost_moderate,poolact,feedback_attempts,task,hpobench:nasbench101:C,old_absolute,1196,False,deepseek_original,entire_registered_three_strategy_cell_superseded_by_20260912_rerun
deepseek-v4-flash-0731,poolact,tuning,cost_moderate,poolact,feedback_cost_seconds,task,hpobench:nasbench101:C,old_absolute,1197,False,deepseek_original,entire_registered_three_strategy_cell_superseded_by_20260912_rerun
deepseek-v4-flash-0731,poolact,tuning,cost_moderate,poolact,feedback_visible,task,hpobench:nasbench101:C,old_absolute,1198,False,deepseek_original,entire_registered_three_strategy_cell_superseded_by_20260912_rerun
deepseek-v4-flash-0731,poolact,tuning,cost_moderate,poolact,gap_bon,task,hpobench:nasbench101:C,old_absolute,1199,False,deepseek_original,entire_registered_three_strategy_cell_superseded_by_20260912_rerun
deepseek-v4-flash-0731,poolact,tuning,cost_moderate,poolact,gap_mi,task,hpobench:nasbench101:C,old_absolute,1200,False,deepseek_original,entire_registered_three_strategy_cell_superseded_by_20260912_rerun
deepseek-v4-flash-0731,poolact,tuning,cost_moderate,poolact,input_tokens,task,hpobench:nasbench101:C,old_absolute,1201,False,deepseek_original,entire_registered_three_strategy_cell_superseded_by_20260912_rerun
deepseek-v4-flash-0731,poolact,tuning,cost_moderate,poolact,output_tokens,task,hpobench:nasbench101:C,old_absolute,1202,False,deepseek_original,entire_registered_three_strategy_cell_superseded_by_20260912_rerun
deepseek-v4-flash-0731,poolact,tuning,cost_moderate,poolact,protocol_failure_rate,task,hpobench:nasbench101:C,old_absolute,1203,False,deepseek_original,entire_registered_three_strategy_cell_superseded_by_20260912_rerun
deepseek-v4-flash-0731,poolact,tuning,cost_moderate,poolact,raw_perf_bon,task,hpobench:nasbench101:C,old_absolute,1204,False,deepseek_original,entire_registered_three_strategy_cell_superseded_by_20260912_rerun
deepseek-v4-flash-0731,poolact,tuning,cost_moderate,poolact,raw_perf_mi,task,hpobench:nasbench101:C,old_absolute,1205,False,deepseek_original,entire_registered_three_strategy_cell_superseded_by_20260912_rerun
deepseek-v4-flash-0731,poolact,tuning,cost_moderate,poolact,wall_time_seconds,task,hpobench:nasbench101:C,old_absolute,1206,False,deepseek_original,entire_registered_three_strategy_cell_superseded_by_20260912_rerun
deepseek-v4-flash-0731,poolact,tuning,cost_tight,cached,budget_utilization,task,hpobench:nasbench101:C,old_absolute,1207,False,deepseek_original,entire_registered_three_strategy_cell_superseded_by_20260912_rerun
deepseek-v4-flash-0731,poolact,tuning,cost_tight,cached,duplicate_action_attempts,task,hpobench:nasbench101:C,old_absolute,1208,False,deepseek_original,entire_registered_three_strategy_cell_superseded_by_20260912_rerun
deepseek-v4-flash-0731,poolact,tuning,cost_tight,cached,feedback_attempts,task,hpobench:nasbench101:C,old_absolute,1209,False,deepseek_original,entire_registered_three_strategy_cell_superseded_by_20260912_rerun
deepseek-v4-flash-0731,poolact,tuning,cost_tight,cached,feedback_cost_seconds,task,hpobench:nasbench101:C,old_absolute,1210,False,deepseek_original,entire_registered_three_strategy_cell_superseded_by_20260912_rerun
deepseek-v4-flash-0731,poolact,tuning,cost_tight,cached,feedback_visible,task,hpobench:nasbench101:C,old_absolute,1211,False,deepseek_original,entire_registered_three_strategy_cell_superseded_by_20260912_rerun
deepseek-v4-flash-0731,poolact,tuning,cost_tight,cached,gap_bon,task,hpobench:nasbench101:C,old_absolute,1212,False,deepseek_original,entire_registered_three_strategy_cell_superseded_by_20260912_rerun
deepseek-v4-flash-0731,poolact,tuning,cost_tight,cached,gap_mi,task,hpobench:nasbench101:C,old_absolute,1213,False,deepseek_original,entire_registered_three_strategy_cell_superseded_by_20260912_rerun
deepseek-v4-flash-0731,poolact,tuning,cost_tight,cached,input_tokens,task,hpobench:nasbench101:C,old_absolute,1214,False,deepseek_original,entire_registered_three_strategy_cell_superseded_by_20260912_rerun
deepseek-v4-flash-0731,poolact,tuning,cost_tight,cached,output_tokens,task,hpobench:nasbench101:C,old_absolute,1215,False,deepseek_original,entire_registered_three_strategy_cell_superseded_by_20260912_rerun
deepseek-v4-flash-0731,poolact,tuning,cost_tight,cached,protocol_failure_rate,task,hpobench:nasbench101:C,old_absolute,1216,False,deepseek_original,entire_registered_three_strategy_cell_superseded_by_20260912_rerun
deepseek-v4-flash-0731,poolact,tuning,cost_tight,cached,raw_perf_bon,task,hpobench:nasbench101:C,old_absolute,1217,False,deepseek_original,entire_registered_three_strategy_cell_superseded_by_20260912_rerun
deepseek-v4-flash-0731,poolact,tuning,cost_tight,cached,raw_perf_mi,task,hpobench:nasbench101:C,old_absolute,1218,False,deepseek_original,entire_registered_three_strategy_cell_superseded_by_20260912_rerun
deepseek-v4-flash-0731,poolact,tuning,cost_tight,cached,wall_time_seconds,task,hpobench:nasbench101:C,old_absolute,1219,False,deepseek_original,entire_registered_three_strategy_cell_superseded_by_20260912_rerun
deepseek-v4-flash-0731,poolact,tuning,cost_tight,naive,budget_utilization,task,hpobench:nasbench101:C,old_absolute,1220,False,deepseek_original,entire_registered_three_strategy_cell_superseded_by_20260912_rerun
deepseek-v4-flash-0731,poolact,tuning,cost_tight,naive,duplicate_action_attempts,task,hpobench:nasbench101:C,old_absolute,1221,False,deepseek_original,entire_registered_three_strategy_cell_superseded_by_20260912_rerun
deepseek-v4-flash-0731,poolact,tuning,cost_tight,naive,feedback_attempts,task,hpobench:nasbench101:C,old_absolute,1222,False,deepseek_original,entire_registered_three_strategy_cell_superseded_by_20260912_rerun
deepseek-v4-flash-0731,poolact,tuning,cost_tight,naive,feedback_cost_seconds,task,hpobench:nasbench101:C,old_absolute,1223,False,deepseek_original,entire_registered_three_strategy_cell_superseded_by_20260912_rerun
deepseek-v4-flash-0731,poolact,tuning,cost_tight,naive,feedback_visible,task,hpobench:nasbench101:C,old_absolute,1224,False,deepseek_original,entire_registered_three_strategy_cell_superseded_by_20260912_rerun
deepseek-v4-flash-0731,poolact,tuning,cost_tight,naive,gap_bon,task,hpobench:nasbench101:C,old_absolute,1225,False,deepseek_original,entire_registered_three_strategy_cell_superseded_by_20260912_rerun
deepseek-v4-flash-0731,poolact,tuning,cost_tight,naive,gap_mi,task,hpobench:nasbench101:C,old_absolute,1226,False,deepseek_original,entire_registered_three_strategy_cell_superseded_by_20260912_rerun
deepseek-v4-flash-0731,poolact,tuning,cost_tight,naive,input_tokens,task,hpobench:nasbench101:C,old_absolute,1227,False,deepseek_original,entire_registered_three_strategy_cell_superseded_by_20260912_rerun
deepseek-v4-flash-0731,poolact,tuning,cost_tight,naive,output_tokens,task,hpobench:nasbench101:C,old_absolute,1228,False,deepseek_original,entire_registered_three_strategy_cell_superseded_by_20260912_rerun
deepseek-v4-flash-0731,poolact,tuning,cost_tight,naive,protocol_failure_rate,task,hpobench:nasbench101:C,old_absolute,1229,False,deepseek_original,entire_registered_three_strategy_cell_superseded_by_20260912_rerun
deepseek-v4-flash-0731,poolact,tuning,cost_tight,naive,raw_perf_bon,task,hpobench:nasbench101:C,old_absolute,1230,False,deepseek_original,entire_registered_three_strategy_cell_superseded_by_20260912_rerun
deepseek-v4-flash-0731,poolact,tuning,cost_tight,naive,raw_perf_mi,task,hpobench:nasbench101:C,old_absolute,1231,False,deepseek_original,entire_registered_three_strategy_cell_superseded_by_20260912_rerun
deepseek-v4-flash-0731,poolact,tuning,cost_tight,naive,wall_time_seconds,task,hpobench:nasbench101:C,old_absolute,1232,False,deepseek_original,entire_registered_three_strategy_cell_superseded_by_20260912_rerun
deepseek-v4-flash-0731,poolact,tuning,cost_tight,poolact,budget_utilization,task,hpobench:nasbench101:C,old_absolute,1233,False,deepseek_original,entire_registered_three_strategy_cell_superseded_by_20260912_rerun
deepseek-v4-flash-0731,poolact,tuning,cost_tight,poolact,duplicate_action_attempts,task,hpobench:nasbench101:C,old_absolute,1234,False,deepseek_original,entire_registered_three_strategy_cell_superseded_by_20260912_rerun
deepseek-v4-flash-0731,poolact,tuning,cost_tight,poolact,feedback_attempts,task,hpobench:nasbench101:C,old_absolute,1235,False,deepseek_original,entire_registered_three_strategy_cell_superseded_by_20260912_rerun
deepseek-v4-flash-0731,poolact,tuning,cost_tight,poolact,feedback_cost_seconds,task,hpobench:nasbench101:C,old_absolute,1236,False,deepseek_original,entire_registered_three_strategy_cell_superseded_by_20260912_rerun
deepseek-v4-flash-0731,poolact,tuning,cost_tight,poolact,feedback_visible,task,hpobench:nasbench101:C,old_absolute,1237,False,deepseek_original,entire_registered_three_strategy_cell_superseded_by_20260912_rerun
deepseek-v4-flash-0731,poolact,tuning,cost_tight,poolact,gap_bon,task,hpobench:nasbench101:C,old_absolute,1238,False,deepseek_original,entire_registered_three_strategy_cell_superseded_by_20260912_rerun
deepseek-v4-flash-0731,poolact,tuning,cost_tight,poolact,gap_mi,task,hpobench:nasbench101:C,old_absolute,1239,False,deepseek_original,entire_registered_three_strategy_cell_superseded_by_20260912_rerun
deepseek-v4-flash-0731,poolact,tuning,cost_tight,poolact,input_tokens,task,hpobench:nasbench101:C,old_absolute,1240,False,deepseek_original,entire_registered_three_strategy_cell_superseded_by_20260912_rerun
deepseek-v4-flash-0731,poolact,tuning,cost_tight,poolact,output_tokens,task,hpobench:nasbench101:C,old_absolute,1241,False,deepseek_original,entire_registered_three_strategy_cell_superseded_by_20260912_rerun
deepseek-v4-flash-0731,poolact,tuning,cost_tight,poolact,protocol_failure_rate,task,hpobench:nasbench101:C,old_absolute,1242,False,deepseek_original,entire_registered_three_strategy_cell_superseded_by_20260912_rerun
deepseek-v4-flash-0731,poolact,tuning,cost_tight,poolact,raw_perf_bon,task,hpobench:nasbench101:C,old_absolute,1243,False,deepseek_original,entire_registered_three_strategy_cell_superseded_by_20260912_rerun
deepseek-v4-flash-0731,poolact,tuning,cost_tight,poolact,raw_perf_mi,task,hpobench:nasbench101:C,old_absolute,1244,False,deepseek_original,entire_registered_three_strategy_cell_superseded_by_20260912_rerun
deepseek-v4-flash-0731,poolact,tuning,cost_tight,poolact,wall_time_seconds,task,hpobench:nasbench101:C,old_absolute,1245,False,deepseek_original,entire_registered_three_strategy_cell_superseded_by_20260912_rerun
glm-5.3,poolact,evidence_audit,cost_tight,cached,budget_utilization,all,all,old_absolute,1820,False,glm_original,entire_registered_three_strategy_cell_superseded_by_20260912_rerun
glm-5.3,poolact,evidence_audit,cost_tight,cached,duplicate_action_attempts,all,all,old_absolute,1821,False,glm_original,entire_registered_three_strategy_cell_superseded_by_20260912_rerun
glm-5.3,poolact,evidence_audit,cost_tight,cached,evidence_acc_mi,all,all,old_absolute,1822,False,glm_original,entire_registered_three_strategy_cell_superseded_by_20260912_rerun
glm-5.3,poolact,evidence_audit,cost_tight,cached,evidence_acc_mv,all,all,old_absolute,1823,False,glm_original,entire_registered_three_strategy_cell_superseded_by_20260912_rerun
glm-5.3,poolact,evidence_audit,cost_tight,cached,feedback_attempts,all,all,old_absolute,1824,False,glm_original,entire_registered_three_strategy_cell_superseded_by_20260912_rerun
glm-5.3,poolact,evidence_audit,cost_tight,cached,feedback_cost_seconds,all,all,old_absolute,1825,False,glm_original,entire_registered_three_strategy_cell_superseded_by_20260912_rerun
glm-5.3,poolact,evidence_audit,cost_tight,cached,feedback_visible,all,all,old_absolute,1826,False,glm_original,entire_registered_three_strategy_cell_superseded_by_20260912_rerun
glm-5.3,poolact,evidence_audit,cost_tight,cached,input_tokens,all,all,old_absolute,1827,False,glm_original,entire_registered_three_strategy_cell_superseded_by_20260912_rerun
glm-5.3,poolact,evidence_audit,cost_tight,cached,label_acc_mi,all,all,old_absolute,1828,False,glm_original,entire_registered_three_strategy_cell_superseded_by_20260912_rerun
glm-5.3,poolact,evidence_audit,cost_tight,cached,label_acc_mv,all,all,old_absolute,1829,False,glm_original,entire_registered_three_strategy_cell_superseded_by_20260912_rerun
glm-5.3,poolact,evidence_audit,cost_tight,cached,output_tokens,all,all,old_absolute,1830,False,glm_original,entire_registered_three_strategy_cell_superseded_by_20260912_rerun
glm-5.3,poolact,evidence_audit,cost_tight,cached,protocol_failure_rate,all,all,old_absolute,1831,False,glm_original,entire_registered_three_strategy_cell_superseded_by_20260912_rerun
glm-5.3,poolact,evidence_audit,cost_tight,cached,wall_time_seconds,all,all,old_absolute,1832,False,glm_original,entire_registered_three_strategy_cell_superseded_by_20260912_rerun
glm-5.3,poolact,evidence_audit,cost_tight,naive,budget_utilization,all,all,old_absolute,1833,False,glm_original,entire_registered_three_strategy_cell_superseded_by_20260912_rerun
glm-5.3,poolact,evidence_audit,cost_tight,naive,duplicate_action_attempts,all,all,old_absolute,1834,False,glm_original,entire_registered_three_strategy_cell_superseded_by_20260912_rerun
glm-5.3,poolact,evidence_audit,cost_tight,naive,evidence_acc_mi,all,all,old_absolute,1835,False,glm_original,entire_registered_three_strategy_cell_superseded_by_20260912_rerun
glm-5.3,poolact,evidence_audit,cost_tight,naive,evidence_acc_mv,all,all,old_absolute,1836,False,glm_original,entire_registered_three_strategy_cell_superseded_by_20260912_rerun
glm-5.3,poolact,evidence_audit,cost_tight,naive,feedback_attempts,all,all,old_absolute,1837,False,glm_original,entire_registered_three_strategy_cell_superseded_by_20260912_rerun
glm-5.3,poolact,evidence_audit,cost_tight,naive,feedback_cost_seconds,all,all,old_absolute,1838,False,glm_original,entire_registered_three_strategy_cell_superseded_by_20260912_rerun
glm-5.3,poolact,evidence_audit,cost_tight,naive,feedback_visible,all,all,old_absolute,1839,False,glm_original,entire_registered_three_strategy_cell_superseded_by_20260912_rerun
glm-5.3,poolact,evidence_audit,cost_tight,naive,input_tokens,all,all,old_absolute,1840,False,glm_original,entire_registered_three_strategy_cell_superseded_by_20260912_rerun
glm-5.3,poolact,evidence_audit,cost_tight,naive,label_acc_mi,all,all,old_absolute,1841,False,glm_original,entire_registered_three_strategy_cell_superseded_by_20260912_rerun
glm-5.3,poolact,evidence_audit,cost_tight,naive,label_acc_mv,all,all,old_absolute,1842,False,glm_original,entire_registered_three_strategy_cell_superseded_by_20260912_rerun
glm-5.3,poolact,evidence_audit,cost_tight,naive,output_tokens,all,all,old_absolute,1843,False,glm_original,entire_registered_three_strategy_cell_superseded_by_20260912_rerun
glm-5.3,poolact,evidence_audit,cost_tight,naive,protocol_failure_rate,all,all,old_absolute,1844,False,glm_original,entire_registered_three_strategy_cell_superseded_by_20260912_rerun
glm-5.3,poolact,evidence_audit,cost_tight,naive,wall_time_seconds,all,all,old_absolute,1845,False,glm_original,entire_registered_three_strategy_cell_superseded_by_20260912_rerun
glm-5.3,poolact,evidence_audit,cost_tight,poolact,budget_utilization,all,all,old_absolute,1846,False,glm_original,entire_registered_three_strategy_cell_superseded_by_20260912_rerun
glm-5.3,poolact,evidence_audit,cost_tight,poolact,duplicate_action_attempts,all,all,old_absolute,1847,False,glm_original,entire_registered_three_strategy_cell_superseded_by_20260912_rerun
glm-5.3,poolact,evidence_audit,cost_tight,poolact,evidence_acc_mi,all,all,old_absolute,1848,False,glm_original,entire_registered_three_strategy_cell_superseded_by_20260912_rerun
glm-5.3,poolact,evidence_audit,cost_tight,poolact,evidence_acc_mv,all,all,old_absolute,1849,False,glm_original,entire_registered_three_strategy_cell_superseded_by_20260912_rerun
glm-5.3,poolact,evidence_audit,cost_tight,poolact,feedback_attempts,all,all,old_absolute,1850,False,glm_original,entire_registered_three_strategy_cell_superseded_by_20260912_rerun
glm-5.3,poolact,evidence_audit,cost_tight,poolact,feedback_cost_seconds,all,all,old_absolute,1851,False,glm_original,entire_registered_three_strategy_cell_superseded_by_20260912_rerun
glm-5.3,poolact,evidence_audit,cost_tight,poolact,feedback_visible,all,all,old_absolute,1852,False,glm_original,entire_registered_three_strategy_cell_superseded_by_20260912_rerun
glm-5.3,poolact,evidence_audit,cost_tight,poolact,input_tokens,all,all,old_absolute,1853,False,glm_original,entire_registered_three_strategy_cell_superseded_by_20260912_rerun
glm-5.3,poolact,evidence_audit,cost_tight,poolact,label_acc_mi,all,all,old_absolute,1854,False,glm_original,entire_registered_three_strategy_cell_superseded_by_20260912_rerun
glm-5.3,poolact,evidence_audit,cost_tight,poolact,label_acc_mv,all,all,old_absolute,1855,False,glm_original,entire_registered_three_strategy_cell_superseded_by_20260912_rerun
glm-5.3,poolact,evidence_audit,cost_tight,poolact,output_tokens,all,all,old_absolute,1856,False,glm_original,entire_registered_three_strategy_cell_superseded_by_20260912_rerun
glm-5.3,poolact,evidence_audit,cost_tight,poolact,protocol_failure_rate,all,all,old_absolute,1857,False,glm_original,entire_registered_three_strategy_cell_superseded_by_20260912_rerun
glm-5.3,poolact,evidence_audit,cost_tight,poolact,wall_time_seconds,all,all,old_absolute,1858,False,glm_original,entire_registered_three_strategy_cell_superseded_by_20260912_rerun
glm-5.3,poolact,tuning,cost_tight,cached,budget_utilization,all,all,old_absolute,2030,False,glm_original,entire_registered_three_strategy_cell_superseded_by_20260912_rerun
glm-5.3,poolact,tuning,cost_tight,cached,duplicate_action_attempts,all,all,old_absolute,2031,False,glm_original,entire_registered_three_strategy_cell_superseded_by_20260912_rerun
glm-5.3,poolact,tuning,cost_tight,cached,feedback_attempts,all,all,old_absolute,2032,False,glm_original,entire_registered_three_strategy_cell_superseded_by_20260912_rerun
glm-5.3,poolact,tuning,cost_tight,cached,feedback_cost_seconds,all,all,old_absolute,2033,False,glm_original,entire_registered_three_strategy_cell_superseded_by_20260912_rerun
glm-5.3,poolact,tuning,cost_tight,cached,feedback_visible,all,all,old_absolute,2034,False,glm_original,entire_registered_three_strategy_cell_superseded_by_20260912_rerun
glm-5.3,poolact,tuning,cost_tight,cached,gap_bon,all,all,old_absolute,2035,False,glm_original,entire_registered_three_strategy_cell_superseded_by_20260912_rerun
glm-5.3,poolact,tuning,cost_tight,cached,gap_mi,all,all,old_absolute,2036,False,glm_original,entire_registered_three_strategy_cell_superseded_by_20260912_rerun
glm-5.3,poolact,tuning,cost_tight,cached,input_tokens,all,all,old_absolute,2037,False,glm_original,entire_registered_three_strategy_cell_superseded_by_20260912_rerun
glm-5.3,poolact,tuning,cost_tight,cached,output_tokens,all,all,old_absolute,2038,False,glm_original,entire_registered_three_strategy_cell_superseded_by_20260912_rerun
glm-5.3,poolact,tuning,cost_tight,cached,protocol_failure_rate,all,all,old_absolute,2039,False,glm_original,entire_registered_three_strategy_cell_superseded_by_20260912_rerun
glm-5.3,poolact,tuning,cost_tight,cached,raw_perf_bon,all,all,old_absolute,2040,False,glm_original,entire_registered_three_strategy_cell_superseded_by_20260912_rerun
glm-5.3,poolact,tuning,cost_tight,cached,raw_perf_mi,all,all,old_absolute,2041,False,glm_original,entire_registered_three_strategy_cell_superseded_by_20260912_rerun
glm-5.3,poolact,tuning,cost_tight,cached,wall_time_seconds,all,all,old_absolute,2042,False,glm_original,entire_registered_three_strategy_cell_superseded_by_20260912_rerun
glm-5.3,poolact,tuning,cost_tight,naive,budget_utilization,all,all,old_absolute,2043,False,glm_original,entire_registered_three_strategy_cell_superseded_by_20260912_rerun
glm-5.3,poolact,tuning,cost_tight,naive,duplicate_action_attempts,all,all,old_absolute,2044,False,glm_original,entire_registered_three_strategy_cell_superseded_by_20260912_rerun
glm-5.3,poolact,tuning,cost_tight,naive,feedback_attempts,all,all,old_absolute,2045,False,glm_original,entire_registered_three_strategy_cell_superseded_by_20260912_rerun
glm-5.3,poolact,tuning,cost_tight,naive,feedback_cost_seconds,all,all,old_absolute,2046,False,glm_original,entire_registered_three_strategy_cell_superseded_by_20260912_rerun
glm-5.3,poolact,tuning,cost_tight,naive,feedback_visible,all,all,old_absolute,2047,False,glm_original,entire_registered_three_strategy_cell_superseded_by_20260912_rerun
glm-5.3,poolact,tuning,cost_tight,naive,gap_bon,all,all,old_absolute,2048,False,glm_original,entire_registered_three_strategy_cell_superseded_by_20260912_rerun
glm-5.3,poolact,tuning,cost_tight,naive,gap_mi,all,all,old_absolute,2049,False,glm_original,entire_registered_three_strategy_cell_superseded_by_20260912_rerun
glm-5.3,poolact,tuning,cost_tight,naive,input_tokens,all,all,old_absolute,2050,False,glm_original,entire_registered_three_strategy_cell_superseded_by_20260912_rerun
glm-5.3,poolact,tuning,cost_tight,naive,output_tokens,all,all,old_absolute,2051,False,glm_original,entire_registered_three_strategy_cell_superseded_by_20260912_rerun
glm-5.3,poolact,tuning,cost_tight,naive,protocol_failure_rate,all,all,old_absolute,2052,False,glm_original,entire_registered_three_strategy_cell_superseded_by_20260912_rerun
glm-5.3,poolact,tuning,cost_tight,naive,raw_perf_bon,all,all,old_absolute,2053,False,glm_original,entire_registered_three_strategy_cell_superseded_by_20260912_rerun
glm-5.3,poolact,tuning,cost_tight,naive,raw_perf_mi,all,all,old_absolute,2054,False,glm_original,entire_registered_three_strategy_cell_superseded_by_20260912_rerun
glm-5.3,poolact,tuning,cost_tight,naive,wall_time_seconds,all,all,old_absolute,2055,False,glm_original,entire_registered_three_strategy_cell_superseded_by_20260912_rerun
glm-5.3,poolact,tuning,cost_tight,poolact,budget_utilization,all,all,old_absolute,2056,False,glm_original,entire_registered_three_strategy_cell_superseded_by_20260912_rerun
glm-5.3,poolact,tuning,cost_tight,poolact,duplicate_action_attempts,all,all,old_absolute,2057,False,glm_original,entire_registered_three_strategy_cell_superseded_by_20260912_rerun
glm-5.3,poolact,tuning,cost_tight,poolact,feedback_attempts,all,all,old_absolute,2058,False,glm_original,entire_registered_three_strategy_cell_superseded_by_20260912_rerun
glm-5.3,poolact,tuning,cost_tight,poolact,feedback_cost_seconds,all,all,old_absolute,2059,False,glm_original,entire_registered_three_strategy_cell_superseded_by_20260912_rerun
glm-5.3,poolact,tuning,cost_tight,poolact,feedback_visible,all,all,old_absolute,2060,False,glm_original,entire_registered_three_strategy_cell_superseded_by_20260912_rerun
glm-5.3,poolact,tuning,cost_tight,poolact,gap_bon,all,all,old_absolute,2061,False,glm_original,entire_registered_three_strategy_cell_superseded_by_20260912_rerun
glm-5.3,poolact,tuning,cost_tight,poolact,gap_mi,all,all,old_absolute,2062,False,glm_original,entire_registered_three_strategy_cell_superseded_by_20260912_rerun
glm-5.3,poolact,tuning,cost_tight,poolact,input_tokens,all,all,old_absolute,2063,False,glm_original,entire_registered_three_strategy_cell_superseded_by_20260912_rerun
glm-5.3,poolact,tuning,cost_tight,poolact,output_tokens,all,all,old_absolute,2064,False,glm_original,entire_registered_three_strategy_cell_superseded_by_20260912_rerun
glm-5.3,poolact,tuning,cost_tight,poolact,protocol_failure_rate,all,all,old_absolute,2065,False,glm_original,entire_registered_three_strategy_cell_superseded_by_20260912_rerun
glm-5.3,poolact,tuning,cost_tight,poolact,raw_perf_bon,all,all,old_absolute,2066,False,glm_original,entire_registered_three_strategy_cell_superseded_by_20260912_rerun
glm-5.3,poolact,tuning,cost_tight,poolact,raw_perf_mi,all,all,old_absolute,2067,False,glm_original,entire_registered_three_strategy_cell_superseded_by_20260912_rerun
glm-5.3,poolact,tuning,cost_tight,poolact,wall_time_seconds,all,all,old_absolute,2068,False,glm_original,entire_registered_three_strategy_cell_superseded_by_20260912_rerun
glm-5.3,poolact,tuning,cost_tight,cached,budget_utilization,family,nasbench101,old_absolute,2108,False,glm_original,entire_registered_three_strategy_cell_superseded_by_20260912_rerun
glm-5.3,poolact,tuning,cost_tight,cached,duplicate_action_attempts,family,nasbench101,old_absolute,2109,False,glm_original,entire_registered_three_strategy_cell_superseded_by_20260912_rerun
glm-5.3,poolact,tuning,cost_tight,cached,feedback_attempts,family,nasbench101,old_absolute,2110,False,glm_original,entire_registered_three_strategy_cell_superseded_by_20260912_rerun
glm-5.3,poolact,tuning,cost_tight,cached,feedback_cost_seconds,family,nasbench101,old_absolute,2111,False,glm_original,entire_registered_three_strategy_cell_superseded_by_20260912_rerun
glm-5.3,poolact,tuning,cost_tight,cached,feedback_visible,family,nasbench101,old_absolute,2112,False,glm_original,entire_registered_three_strategy_cell_superseded_by_20260912_rerun
glm-5.3,poolact,tuning,cost_tight,cached,gap_bon,family,nasbench101,old_absolute,2113,False,glm_original,entire_registered_three_strategy_cell_superseded_by_20260912_rerun
glm-5.3,poolact,tuning,cost_tight,cached,gap_mi,family,nasbench101,old_absolute,2114,False,glm_original,entire_registered_three_strategy_cell_superseded_by_20260912_rerun
glm-5.3,poolact,tuning,cost_tight,cached,input_tokens,family,nasbench101,old_absolute,2115,False,glm_original,entire_registered_three_strategy_cell_superseded_by_20260912_rerun
glm-5.3,poolact,tuning,cost_tight,cached,output_tokens,family,nasbench101,old_absolute,2116,False,glm_original,entire_registered_three_strategy_cell_superseded_by_20260912_rerun
glm-5.3,poolact,tuning,cost_tight,cached,protocol_failure_rate,family,nasbench101,old_absolute,2117,False,glm_original,entire_registered_three_strategy_cell_superseded_by_20260912_rerun
glm-5.3,poolact,tuning,cost_tight,cached,raw_perf_bon,family,nasbench101,old_absolute,2118,False,glm_original,entire_registered_three_strategy_cell_superseded_by_20260912_rerun
glm-5.3,poolact,tuning,cost_tight,cached,raw_perf_mi,family,nasbench101,old_absolute,2119,False,glm_original,entire_registered_three_strategy_cell_superseded_by_20260912_rerun
glm-5.3,poolact,tuning,cost_tight,cached,wall_time_seconds,family,nasbench101,old_absolute,2120,False,glm_original,entire_registered_three_strategy_cell_superseded_by_20260912_rerun
glm-5.3,poolact,tuning,cost_tight,naive,budget_utilization,family,nasbench101,old_absolute,2121,False,glm_original,entire_registered_three_strategy_cell_superseded_by_20260912_rerun
glm-5.3,poolact,tuning,cost_tight,naive,duplicate_action_attempts,family,nasbench101,old_absolute,2122,False,glm_original,entire_registered_three_strategy_cell_superseded_by_20260912_rerun
glm-5.3,poolact,tuning,cost_tight,naive,feedback_attempts,family,nasbench101,old_absolute,2123,False,glm_original,entire_registered_three_strategy_cell_superseded_by_20260912_rerun
glm-5.3,poolact,tuning,cost_tight,naive,feedback_cost_seconds,family,nasbench101,old_absolute,2124,False,glm_original,entire_registered_three_strategy_cell_superseded_by_20260912_rerun
glm-5.3,poolact,tuning,cost_tight,naive,feedback_visible,family,nasbench101,old_absolute,2125,False,glm_original,entire_registered_three_strategy_cell_superseded_by_20260912_rerun
glm-5.3,poolact,tuning,cost_tight,naive,gap_bon,family,nasbench101,old_absolute,2126,False,glm_original,entire_registered_three_strategy_cell_superseded_by_20260912_rerun
glm-5.3,poolact,tuning,cost_tight,naive,gap_mi,family,nasbench101,old_absolute,2127,False,glm_original,entire_registered_three_strategy_cell_superseded_by_20260912_rerun
glm-5.3,poolact,tuning,cost_tight,naive,input_tokens,family,nasbench101,old_absolute,2128,False,glm_original,entire_registered_three_strategy_cell_superseded_by_20260912_rerun
glm-5.3,poolact,tuning,cost_tight,naive,output_tokens,family,nasbench101,old_absolute,2129,False,glm_original,entire_registered_three_strategy_cell_superseded_by_20260912_rerun
glm-5.3,poolact,tuning,cost_tight,naive,protocol_failure_rate,family,nasbench101,old_absolute,2130,False,glm_original,entire_registered_three_strategy_cell_superseded_by_20260912_rerun
glm-5.3,poolact,tuning,cost_tight,naive,raw_perf_bon,family,nasbench101,old_absolute,2131,False,glm_original,entire_registered_three_strategy_cell_superseded_by_20260912_rerun
glm-5.3,poolact,tuning,cost_tight,naive,raw_perf_mi,family,nasbench101,old_absolute,2132,False,glm_original,entire_registered_three_strategy_cell_superseded_by_20260912_rerun
glm-5.3,poolact,tuning,cost_tight,naive,wall_time_seconds,family,nasbench101,old_absolute,2133,False,glm_original,entire_registered_three_strategy_cell_superseded_by_20260912_rerun
glm-5.3,poolact,tuning,cost_tight,poolact,budget_utilization,family,nasbench101,old_absolute,2134,False,glm_original,entire_registered_three_strategy_cell_superseded_by_20260912_rerun
glm-5.3,poolact,tuning,cost_tight,poolact,duplicate_action_attempts,family,nasbench101,old_absolute,2135,False,glm_original,entire_registered_three_strategy_cell_superseded_by_20260912_rerun
glm-5.3,poolact,tuning,cost_tight,poolact,feedback_attempts,family,nasbench101,old_absolute,2136,False,glm_original,entire_registered_three_strategy_cell_superseded_by_20260912_rerun
glm-5.3,poolact,tuning,cost_tight,poolact,feedback_cost_seconds,family,nasbench101,old_absolute,2137,False,glm_original,entire_registered_three_strategy_cell_superseded_by_20260912_rerun
glm-5.3,poolact,tuning,cost_tight,poolact,feedback_visible,family,nasbench101,old_absolute,2138,False,glm_original,entire_registered_three_strategy_cell_superseded_by_20260912_rerun
glm-5.3,poolact,tuning,cost_tight,poolact,gap_bon,family,nasbench101,old_absolute,2139,False,glm_original,entire_registered_three_strategy_cell_superseded_by_20260912_rerun
glm-5.3,poolact,tuning,cost_tight,poolact,gap_mi,family,nasbench101,old_absolute,2140,False,glm_original,entire_registered_three_strategy_cell_superseded_by_20260912_rerun
glm-5.3,poolact,tuning,cost_tight,poolact,input_tokens,family,nasbench101,old_absolute,2141,False,glm_original,entire_registered_three_strategy_cell_superseded_by_20260912_rerun
glm-5.3,poolact,tuning,cost_tight,poolact,output_tokens,family,nasbench101,old_absolute,2142,False,glm_original,entire_registered_three_strategy_cell_superseded_by_20260912_rerun
glm-5.3,poolact,tuning,cost_tight,poolact,protocol_failure_rate,family,nasbench101,old_absolute,2143,False,glm_original,entire_registered_three_strategy_cell_superseded_by_20260912_rerun
glm-5.3,poolact,tuning,cost_tight,poolact,raw_perf_bon,family,nasbench101,old_absolute,2144,False,glm_original,entire_registered_three_strategy_cell_superseded_by_20260912_rerun
glm-5.3,poolact,tuning,cost_tight,poolact,raw_perf_mi,family,nasbench101,old_absolute,2145,False,glm_original,entire_registered_three_strategy_cell_superseded_by_20260912_rerun
glm-5.3,poolact,tuning,cost_tight,poolact,wall_time_seconds,family,nasbench101,old_absolute,2146,False,glm_original,entire_registered_three_strategy_cell_superseded_by_20260912_rerun
glm-5.3,poolact,tuning,cost_tight,cached,budget_utilization,task,hpobench:nasbench101:A,old_absolute,2186,False,glm_original,entire_registered_three_strategy_cell_superseded_by_20260912_rerun
glm-5.3,poolact,tuning,cost_tight,cached,duplicate_action_attempts,task,hpobench:nasbench101:A,old_absolute,2187,False,glm_original,entire_registered_three_strategy_cell_superseded_by_20260912_rerun
glm-5.3,poolact,tuning,cost_tight,cached,feedback_attempts,task,hpobench:nasbench101:A,old_absolute,2188,False,glm_original,entire_registered_three_strategy_cell_superseded_by_20260912_rerun
glm-5.3,poolact,tuning,cost_tight,cached,feedback_cost_seconds,task,hpobench:nasbench101:A,old_absolute,2189,False,glm_original,entire_registered_three_strategy_cell_superseded_by_20260912_rerun
glm-5.3,poolact,tuning,cost_tight,cached,feedback_visible,task,hpobench:nasbench101:A,old_absolute,2190,False,glm_original,entire_registered_three_strategy_cell_superseded_by_20260912_rerun
glm-5.3,poolact,tuning,cost_tight,cached,gap_bon,task,hpobench:nasbench101:A,old_absolute,2191,False,glm_original,entire_registered_three_strategy_cell_superseded_by_20260912_rerun
glm-5.3,poolact,tuning,cost_tight,cached,gap_mi,task,hpobench:nasbench101:A,old_absolute,2192,False,glm_original,entire_registered_three_strategy_cell_superseded_by_20260912_rerun
glm-5.3,poolact,tuning,cost_tight,cached,input_tokens,task,hpobench:nasbench101:A,old_absolute,2193,False,glm_original,entire_registered_three_strategy_cell_superseded_by_20260912_rerun
glm-5.3,poolact,tuning,cost_tight,cached,output_tokens,task,hpobench:nasbench101:A,old_absolute,2194,False,glm_original,entire_registered_three_strategy_cell_superseded_by_20260912_rerun
glm-5.3,poolact,tuning,cost_tight,cached,protocol_failure_rate,task,hpobench:nasbench101:A,old_absolute,2195,False,glm_original,entire_registered_three_strategy_cell_superseded_by_20260912_rerun
glm-5.3,poolact,tuning,cost_tight,cached,raw_perf_bon,task,hpobench:nasbench101:A,old_absolute,2196,False,glm_original,entire_registered_three_strategy_cell_superseded_by_20260912_rerun
glm-5.3,poolact,tuning,cost_tight,cached,raw_perf_mi,task,hpobench:nasbench101:A,old_absolute,2197,False,glm_original,entire_registered_three_strategy_cell_superseded_by_20260912_rerun
glm-5.3,poolact,tuning,cost_tight,cached,wall_time_seconds,task,hpobench:nasbench101:A,old_absolute,2198,False,glm_original,entire_registered_three_strategy_cell_superseded_by_20260912_rerun
glm-5.3,poolact,tuning,cost_tight,naive,budget_utilization,task,hpobench:nasbench101:A,old_absolute,2199,False,glm_original,entire_registered_three_strategy_cell_superseded_by_20260912_rerun
glm-5.3,poolact,tuning,cost_tight,naive,duplicate_action_attempts,task,hpobench:nasbench101:A,old_absolute,2200,False,glm_original,entire_registered_three_strategy_cell_superseded_by_20260912_rerun
glm-5.3,poolact,tuning,cost_tight,naive,feedback_attempts,task,hpobench:nasbench101:A,old_absolute,2201,False,glm_original,entire_registered_three_strategy_cell_superseded_by_20260912_rerun
glm-5.3,poolact,tuning,cost_tight,naive,feedback_cost_seconds,task,hpobench:nasbench101:A,old_absolute,2202,False,glm_original,entire_registered_three_strategy_cell_superseded_by_20260912_rerun
glm-5.3,poolact,tuning,cost_tight,naive,feedback_visible,task,hpobench:nasbench101:A,old_absolute,2203,False,glm_original,entire_registered_three_strategy_cell_superseded_by_20260912_rerun
glm-5.3,poolact,tuning,cost_tight,naive,gap_bon,task,hpobench:nasbench101:A,old_absolute,2204,False,glm_original,entire_registered_three_strategy_cell_superseded_by_20260912_rerun
glm-5.3,poolact,tuning,cost_tight,naive,gap_mi,task,hpobench:nasbench101:A,old_absolute,2205,False,glm_original,entire_registered_three_strategy_cell_superseded_by_20260912_rerun
glm-5.3,poolact,tuning,cost_tight,naive,input_tokens,task,hpobench:nasbench101:A,old_absolute,2206,False,glm_original,entire_registered_three_strategy_cell_superseded_by_20260912_rerun
glm-5.3,poolact,tuning,cost_tight,naive,output_tokens,task,hpobench:nasbench101:A,old_absolute,2207,False,glm_original,entire_registered_three_strategy_cell_superseded_by_20260912_rerun
glm-5.3,poolact,tuning,cost_tight,naive,protocol_failure_rate,task,hpobench:nasbench101:A,old_absolute,2208,False,glm_original,entire_registered_three_strategy_cell_superseded_by_20260912_rerun
glm-5.3,poolact,tuning,cost_tight,naive,raw_perf_bon,task,hpobench:nasbench101:A,old_absolute,2209,False,glm_original,entire_registered_three_strategy_cell_superseded_by_20260912_rerun
glm-5.3,poolact,tuning,cost_tight,naive,raw_perf_mi,task,hpobench:nasbench101:A,old_absolute,2210,False,glm_original,entire_registered_three_strategy_cell_superseded_by_20260912_rerun
glm-5.3,poolact,tuning,cost_tight,naive,wall_time_seconds,task,hpobench:nasbench101:A,old_absolute,2211,False,glm_original,entire_registered_three_strategy_cell_superseded_by_20260912_rerun
glm-5.3,poolact,tuning,cost_tight,poolact,budget_utilization,task,hpobench:nasbench101:A,old_absolute,2212,False,glm_original,entire_registered_three_strategy_cell_superseded_by_20260912_rerun
glm-5.3,poolact,tuning,cost_tight,poolact,duplicate_action_attempts,task,hpobench:nasbench101:A,old_absolute,2213,False,glm_original,entire_registered_three_strategy_cell_superseded_by_20260912_rerun
glm-5.3,poolact,tuning,cost_tight,poolact,feedback_attempts,task,hpobench:nasbench101:A,old_absolute,2214,False,glm_original,entire_registered_three_strategy_cell_superseded_by_20260912_rerun
glm-5.3,poolact,tuning,cost_tight,poolact,feedback_cost_seconds,task,hpobench:nasbench101:A,old_absolute,2215,False,glm_original,entire_registered_three_strategy_cell_superseded_by_20260912_rerun
glm-5.3,poolact,tuning,cost_tight,poolact,feedback_visible,task,hpobench:nasbench101:A,old_absolute,2216,False,glm_original,entire_registered_three_strategy_cell_superseded_by_20260912_rerun
glm-5.3,poolact,tuning,cost_tight,poolact,gap_bon,task,hpobench:nasbench101:A,old_absolute,2217,False,glm_original,entire_registered_three_strategy_cell_superseded_by_20260912_rerun
glm-5.3,poolact,tuning,cost_tight,poolact,gap_mi,task,hpobench:nasbench101:A,old_absolute,2218,False,glm_original,entire_registered_three_strategy_cell_superseded_by_20260912_rerun
glm-5.3,poolact,tuning,cost_tight,poolact,input_tokens,task,hpobench:nasbench101:A,old_absolute,2219,False,glm_original,entire_registered_three_strategy_cell_superseded_by_20260912_rerun
glm-5.3,poolact,tuning,cost_tight,poolact,output_tokens,task,hpobench:nasbench101:A,old_absolute,2220,False,glm_original,entire_registered_three_strategy_cell_superseded_by_20260912_rerun
glm-5.3,poolact,tuning,cost_tight,poolact,protocol_failure_rate,task,hpobench:nasbench101:A,old_absolute,2221,False,glm_original,entire_registered_three_strategy_cell_superseded_by_20260912_rerun
glm-5.3,poolact,tuning,cost_tight,poolact,raw_perf_bon,task,hpobench:nasbench101:A,old_absolute,2222,False,glm_original,entire_registered_three_strategy_cell_superseded_by_20260912_rerun
glm-5.3,poolact,tuning,cost_tight,poolact,raw_perf_mi,task,hpobench:nasbench101:A,old_absolute,2223,False,glm_original,entire_registered_three_strategy_cell_superseded_by_20260912_rerun
glm-5.3,poolact,tuning,cost_tight,poolact,wall_time_seconds,task,hpobench:nasbench101:A,old_absolute,2224,False,glm_original,entire_registered_three_strategy_cell_superseded_by_20260912_rerun
glm-5.3,poolact,tuning,cost_tight,cached,budget_utilization,task,hpobench:nasbench101:B,old_absolute,2264,False,glm_original,entire_registered_three_strategy_cell_superseded_by_20260912_rerun
glm-5.3,poolact,tuning,cost_tight,cached,duplicate_action_attempts,task,hpobench:nasbench101:B,old_absolute,2265,False,glm_original,entire_registered_three_strategy_cell_superseded_by_20260912_rerun
glm-5.3,poolact,tuning,cost_tight,cached,feedback_attempts,task,hpobench:nasbench101:B,old_absolute,2266,False,glm_original,entire_registered_three_strategy_cell_superseded_by_20260912_rerun
glm-5.3,poolact,tuning,cost_tight,cached,feedback_cost_seconds,task,hpobench:nasbench101:B,old_absolute,2267,False,glm_original,entire_registered_three_strategy_cell_superseded_by_20260912_rerun
glm-5.3,poolact,tuning,cost_tight,cached,feedback_visible,task,hpobench:nasbench101:B,old_absolute,2268,False,glm_original,entire_registered_three_strategy_cell_superseded_by_20260912_rerun
glm-5.3,poolact,tuning,cost_tight,cached,gap_bon,task,hpobench:nasbench101:B,old_absolute,2269,False,glm_original,entire_registered_three_strategy_cell_superseded_by_20260912_rerun
glm-5.3,poolact,tuning,cost_tight,cached,gap_mi,task,hpobench:nasbench101:B,old_absolute,2270,False,glm_original,entire_registered_three_strategy_cell_superseded_by_20260912_rerun
glm-5.3,poolact,tuning,cost_tight,cached,input_tokens,task,hpobench:nasbench101:B,old_absolute,2271,False,glm_original,entire_registered_three_strategy_cell_superseded_by_20260912_rerun
glm-5.3,poolact,tuning,cost_tight,cached,output_tokens,task,hpobench:nasbench101:B,old_absolute,2272,False,glm_original,entire_registered_three_strategy_cell_superseded_by_20260912_rerun
glm-5.3,poolact,tuning,cost_tight,cached,protocol_failure_rate,task,hpobench:nasbench101:B,old_absolute,2273,False,glm_original,entire_registered_three_strategy_cell_superseded_by_20260912_rerun
glm-5.3,poolact,tuning,cost_tight,cached,raw_perf_bon,task,hpobench:nasbench101:B,old_absolute,2274,False,glm_original,entire_registered_three_strategy_cell_superseded_by_20260912_rerun
glm-5.3,poolact,tuning,cost_tight,cached,raw_perf_mi,task,hpobench:nasbench101:B,old_absolute,2275,False,glm_original,entire_registered_three_strategy_cell_superseded_by_20260912_rerun
glm-5.3,poolact,tuning,cost_tight,cached,wall_time_seconds,task,hpobench:nasbench101:B,old_absolute,2276,False,glm_original,entire_registered_three_strategy_cell_superseded_by_20260912_rerun
glm-5.3,poolact,tuning,cost_tight,naive,budget_utilization,task,hpobench:nasbench101:B,old_absolute,2277,False,glm_original,entire_registered_three_strategy_cell_superseded_by_20260912_rerun
glm-5.3,poolact,tuning,cost_tight,naive,duplicate_action_attempts,task,hpobench:nasbench101:B,old_absolute,2278,False,glm_original,entire_registered_three_strategy_cell_superseded_by_20260912_rerun
glm-5.3,poolact,tuning,cost_tight,naive,feedback_attempts,task,hpobench:nasbench101:B,old_absolute,2279,False,glm_original,entire_registered_three_strategy_cell_superseded_by_20260912_rerun
glm-5.3,poolact,tuning,cost_tight,naive,feedback_cost_seconds,task,hpobench:nasbench101:B,old_absolute,2280,False,glm_original,entire_registered_three_strategy_cell_superseded_by_20260912_rerun
glm-5.3,poolact,tuning,cost_tight,naive,feedback_visible,task,hpobench:nasbench101:B,old_absolute,2281,False,glm_original,entire_registered_three_strategy_cell_superseded_by_20260912_rerun
glm-5.3,poolact,tuning,cost_tight,naive,gap_bon,task,hpobench:nasbench101:B,old_absolute,2282,False,glm_original,entire_registered_three_strategy_cell_superseded_by_20260912_rerun
glm-5.3,poolact,tuning,cost_tight,naive,gap_mi,task,hpobench:nasbench101:B,old_absolute,2283,False,glm_original,entire_registered_three_strategy_cell_superseded_by_20260912_rerun
glm-5.3,poolact,tuning,cost_tight,naive,input_tokens,task,hpobench:nasbench101:B,old_absolute,2284,False,glm_original,entire_registered_three_strategy_cell_superseded_by_20260912_rerun
glm-5.3,poolact,tuning,cost_tight,naive,output_tokens,task,hpobench:nasbench101:B,old_absolute,2285,False,glm_original,entire_registered_three_strategy_cell_superseded_by_20260912_rerun
glm-5.3,poolact,tuning,cost_tight,naive,protocol_failure_rate,task,hpobench:nasbench101:B,old_absolute,2286,False,glm_original,entire_registered_three_strategy_cell_superseded_by_20260912_rerun
glm-5.3,poolact,tuning,cost_tight,naive,raw_perf_bon,task,hpobench:nasbench101:B,old_absolute,2287,False,glm_original,entire_registered_three_strategy_cell_superseded_by_20260912_rerun
glm-5.3,poolact,tuning,cost_tight,naive,raw_perf_mi,task,hpobench:nasbench101:B,old_absolute,2288,False,glm_original,entire_registered_three_strategy_cell_superseded_by_20260912_rerun
glm-5.3,poolact,tuning,cost_tight,naive,wall_time_seconds,task,hpobench:nasbench101:B,old_absolute,2289,False,glm_original,entire_registered_three_strategy_cell_superseded_by_20260912_rerun
glm-5.3,poolact,tuning,cost_tight,poolact,budget_utilization,task,hpobench:nasbench101:B,old_absolute,2290,False,glm_original,entire_registered_three_strategy_cell_superseded_by_20260912_rerun
glm-5.3,poolact,tuning,cost_tight,poolact,duplicate_action_attempts,task,hpobench:nasbench101:B,old_absolute,2291,False,glm_original,entire_registered_three_strategy_cell_superseded_by_20260912_rerun
glm-5.3,poolact,tuning,cost_tight,poolact,feedback_attempts,task,hpobench:nasbench101:B,old_absolute,2292,False,glm_original,entire_registered_three_strategy_cell_superseded_by_20260912_rerun
glm-5.3,poolact,tuning,cost_tight,poolact,feedback_cost_seconds,task,hpobench:nasbench101:B,old_absolute,2293,False,glm_original,entire_registered_three_strategy_cell_superseded_by_20260912_rerun
glm-5.3,poolact,tuning,cost_tight,poolact,feedback_visible,task,hpobench:nasbench101:B,old_absolute,2294,False,glm_original,entire_registered_three_strategy_cell_superseded_by_20260912_rerun
glm-5.3,poolact,tuning,cost_tight,poolact,gap_bon,task,hpobench:nasbench101:B,old_absolute,2295,False,glm_original,entire_registered_three_strategy_cell_superseded_by_20260912_rerun
glm-5.3,poolact,tuning,cost_tight,poolact,gap_mi,task,hpobench:nasbench101:B,old_absolute,2296,False,glm_original,entire_registered_three_strategy_cell_superseded_by_20260912_rerun
glm-5.3,poolact,tuning,cost_tight,poolact,input_tokens,task,hpobench:nasbench101:B,old_absolute,2297,False,glm_original,entire_registered_three_strategy_cell_superseded_by_20260912_rerun
glm-5.3,poolact,tuning,cost_tight,poolact,output_tokens,task,hpobench:nasbench101:B,old_absolute,2298,False,glm_original,entire_registered_three_strategy_cell_superseded_by_20260912_rerun
glm-5.3,poolact,tuning,cost_tight,poolact,protocol_failure_rate,task,hpobench:nasbench101:B,old_absolute,2299,False,glm_original,entire_registered_three_strategy_cell_superseded_by_20260912_rerun
glm-5.3,poolact,tuning,cost_tight,poolact,raw_perf_bon,task,hpobench:nasbench101:B,old_absolute,2300,False,glm_original,entire_registered_three_strategy_cell_superseded_by_20260912_rerun
glm-5.3,poolact,tuning,cost_tight,poolact,raw_perf_mi,task,hpobench:nasbench101:B,old_absolute,2301,False,glm_original,entire_registered_three_strategy_cell_superseded_by_20260912_rerun
glm-5.3,poolact,tuning,cost_tight,poolact,wall_time_seconds,task,hpobench:nasbench101:B,old_absolute,2302,False,glm_original,entire_registered_three_strategy_cell_superseded_by_20260912_rerun
glm-5.3,poolact,tuning,cost_tight,cached,budget_utilization,task,hpobench:nasbench101:C,old_absolute,2342,False,glm_original,entire_registered_three_strategy_cell_superseded_by_20260912_rerun
glm-5.3,poolact,tuning,cost_tight,cached,duplicate_action_attempts,task,hpobench:nasbench101:C,old_absolute,2343,False,glm_original,entire_registered_three_strategy_cell_superseded_by_20260912_rerun
glm-5.3,poolact,tuning,cost_tight,cached,feedback_attempts,task,hpobench:nasbench101:C,old_absolute,2344,False,glm_original,entire_registered_three_strategy_cell_superseded_by_20260912_rerun
glm-5.3,poolact,tuning,cost_tight,cached,feedback_cost_seconds,task,hpobench:nasbench101:C,old_absolute,2345,False,glm_original,entire_registered_three_strategy_cell_superseded_by_20260912_rerun
glm-5.3,poolact,tuning,cost_tight,cached,feedback_visible,task,hpobench:nasbench101:C,old_absolute,2346,False,glm_original,entire_registered_three_strategy_cell_superseded_by_20260912_rerun
glm-5.3,poolact,tuning,cost_tight,cached,gap_bon,task,hpobench:nasbench101:C,old_absolute,2347,False,glm_original,entire_registered_three_strategy_cell_superseded_by_20260912_rerun
glm-5.3,poolact,tuning,cost_tight,cached,gap_mi,task,hpobench:nasbench101:C,old_absolute,2348,False,glm_original,entire_registered_three_strategy_cell_superseded_by_20260912_rerun
glm-5.3,poolact,tuning,cost_tight,cached,input_tokens,task,hpobench:nasbench101:C,old_absolute,2349,False,glm_original,entire_registered_three_strategy_cell_superseded_by_20260912_rerun
glm-5.3,poolact,tuning,cost_tight,cached,output_tokens,task,hpobench:nasbench101:C,old_absolute,2350,False,glm_original,entire_registered_three_strategy_cell_superseded_by_20260912_rerun
glm-5.3,poolact,tuning,cost_tight,cached,protocol_failure_rate,task,hpobench:nasbench101:C,old_absolute,2351,False,glm_original,entire_registered_three_strategy_cell_superseded_by_20260912_rerun
glm-5.3,poolact,tuning,cost_tight,cached,raw_perf_bon,task,hpobench:nasbench101:C,old_absolute,2352,False,glm_original,entire_registered_three_strategy_cell_superseded_by_20260912_rerun
glm-5.3,poolact,tuning,cost_tight,cached,raw_perf_mi,task,hpobench:nasbench101:C,old_absolute,2353,False,glm_original,entire_registered_three_strategy_cell_superseded_by_20260912_rerun
glm-5.3,poolact,tuning,cost_tight,cached,wall_time_seconds,task,hpobench:nasbench101:C,old_absolute,2354,False,glm_original,entire_registered_three_strategy_cell_superseded_by_20260912_rerun
glm-5.3,poolact,tuning,cost_tight,naive,budget_utilization,task,hpobench:nasbench101:C,old_absolute,2355,False,glm_original,entire_registered_three_strategy_cell_superseded_by_20260912_rerun
glm-5.3,poolact,tuning,cost_tight,naive,duplicate_action_attempts,task,hpobench:nasbench101:C,old_absolute,2356,False,glm_original,entire_registered_three_strategy_cell_superseded_by_20260912_rerun
glm-5.3,poolact,tuning,cost_tight,naive,feedback_attempts,task,hpobench:nasbench101:C,old_absolute,2357,False,glm_original,entire_registered_three_strategy_cell_superseded_by_20260912_rerun
glm-5.3,poolact,tuning,cost_tight,naive,feedback_cost_seconds,task,hpobench:nasbench101:C,old_absolute,2358,False,glm_original,entire_registered_three_strategy_cell_superseded_by_20260912_rerun
glm-5.3,poolact,tuning,cost_tight,naive,feedback_visible,task,hpobench:nasbench101:C,old_absolute,2359,False,glm_original,entire_registered_three_strategy_cell_superseded_by_20260912_rerun
glm-5.3,poolact,tuning,cost_tight,naive,gap_bon,task,hpobench:nasbench101:C,old_absolute,2360,False,glm_original,entire_registered_three_strategy_cell_superseded_by_20260912_rerun
glm-5.3,poolact,tuning,cost_tight,naive,gap_mi,task,hpobench:nasbench101:C,old_absolute,2361,False,glm_original,entire_registered_three_strategy_cell_superseded_by_20260912_rerun
glm-5.3,poolact,tuning,cost_tight,naive,input_tokens,task,hpobench:nasbench101:C,old_absolute,2362,False,glm_original,entire_registered_three_strategy_cell_superseded_by_20260912_rerun
glm-5.3,poolact,tuning,cost_tight,naive,output_tokens,task,hpobench:nasbench101:C,old_absolute,2363,False,glm_original,entire_registered_three_strategy_cell_superseded_by_20260912_rerun
glm-5.3,poolact,tuning,cost_tight,naive,protocol_failure_rate,task,hpobench:nasbench101:C,old_absolute,2364,False,glm_original,entire_registered_three_strategy_cell_superseded_by_20260912_rerun
glm-5.3,poolact,tuning,cost_tight,naive,raw_perf_bon,task,hpobench:nasbench101:C,old_absolute,2365,False,glm_original,entire_registered_three_strategy_cell_superseded_by_20260912_rerun
glm-5.3,poolact,tuning,cost_tight,naive,raw_perf_mi,task,hpobench:nasbench101:C,old_absolute,2366,False,glm_original,entire_registered_three_strategy_cell_superseded_by_20260912_rerun
glm-5.3,poolact,tuning,cost_tight,naive,wall_time_seconds,task,hpobench:nasbench101:C,old_absolute,2367,False,glm_original,entire_registered_three_strategy_cell_superseded_by_20260912_rerun
glm-5.3,poolact,tuning,cost_tight,poolact,budget_utilization,task,hpobench:nasbench101:C,old_absolute,2368,False,glm_original,entire_registered_three_strategy_cell_superseded_by_20260912_rerun
glm-5.3,poolact,tuning,cost_tight,poolact,duplicate_action_attempts,task,hpobench:nasbench101:C,old_absolute,2369,False,glm_original,entire_registered_three_strategy_cell_superseded_by_20260912_rerun
glm-5.3,poolact,tuning,cost_tight,poolact,feedback_attempts,task,hpobench:nasbench101:C,old_absolute,2370,False,glm_original,entire_registered_three_strategy_cell_superseded_by_20260912_rerun
glm-5.3,poolact,tuning,cost_tight,poolact,feedback_cost_seconds,task,hpobench:nasbench101:C,old_absolute,2371,False,glm_original,entire_registered_three_strategy_cell_superseded_by_20260912_rerun
glm-5.3,poolact,tuning,cost_tight,poolact,feedback_visible,task,hpobench:nasbench101:C,old_absolute,2372,False,glm_original,entire_registered_three_strategy_cell_superseded_by_20260912_rerun
glm-5.3,poolact,tuning,cost_tight,poolact,gap_bon,task,hpobench:nasbench101:C,old_absolute,2373,False,glm_original,entire_registered_three_strategy_cell_superseded_by_20260912_rerun
glm-5.3,poolact,tuning,cost_tight,poolact,gap_mi,task,hpobench:nasbench101:C,old_absolute,2374,False,glm_original,entire_registered_three_strategy_cell_superseded_by_20260912_rerun
glm-5.3,poolact,tuning,cost_tight,poolact,input_tokens,task,hpobench:nasbench101:C,old_absolute,2375,False,glm_original,entire_registered_three_strategy_cell_superseded_by_20260912_rerun
glm-5.3,poolact,tuning,cost_tight,poolact,output_tokens,task,hpobench:nasbench101:C,old_absolute,2376,False,glm_original,entire_registered_three_strategy_cell_superseded_by_20260912_rerun
glm-5.3,poolact,tuning,cost_tight,poolact,protocol_failure_rate,task,hpobench:nasbench101:C,old_absolute,2377,False,glm_original,entire_registered_three_strategy_cell_superseded_by_20260912_rerun
glm-5.3,poolact,tuning,cost_tight,poolact,raw_perf_bon,task,hpobench:nasbench101:C,old_absolute,2378,False,glm_original,entire_registered_three_strategy_cell_superseded_by_20260912_rerun
glm-5.3,poolact,tuning,cost_tight,poolact,raw_perf_mi,task,hpobench:nasbench101:C,old_absolute,2379,False,glm_original,entire_registered_three_strategy_cell_superseded_by_20260912_rerun
glm-5.3,poolact,tuning,cost_tight,poolact,wall_time_seconds,task,hpobench:nasbench101:C,old_absolute,2380,False,glm_original,entire_registered_three_strategy_cell_superseded_by_20260912_rerun
gpt-5.6-sol,poolact,tuning,cost_moderate,cached,gap_bon,all,all,old_absolute,2552,False,gpt_original,entire_registered_three_strategy_cell_superseded_by_20260912_rerun
gpt-5.6-sol,poolact,tuning,cost_moderate,cached,gap_mi,all,all,old_absolute,2553,False,gpt_original,entire_registered_three_strategy_cell_superseded_by_20260912_rerun
gpt-5.6-sol,poolact,tuning,cost_moderate,cached,raw_perf_bon,all,all,old_absolute,2554,False,gpt_original,entire_registered_three_strategy_cell_superseded_by_20260912_rerun
gpt-5.6-sol,poolact,tuning,cost_moderate,cached,raw_perf_mi,all,all,old_absolute,2555,False,gpt_original,entire_registered_three_strategy_cell_superseded_by_20260912_rerun
gpt-5.6-sol,poolact,tuning,cost_moderate,naive,gap_bon,all,all,old_absolute,2556,False,gpt_original,entire_registered_three_strategy_cell_superseded_by_20260912_rerun
gpt-5.6-sol,poolact,tuning,cost_moderate,naive,gap_mi,all,all,old_absolute,2557,False,gpt_original,entire_registered_three_strategy_cell_superseded_by_20260912_rerun
gpt-5.6-sol,poolact,tuning,cost_moderate,naive,raw_perf_bon,all,all,old_absolute,2558,False,gpt_original,entire_registered_three_strategy_cell_superseded_by_20260912_rerun
gpt-5.6-sol,poolact,tuning,cost_moderate,naive,raw_perf_mi,all,all,old_absolute,2559,False,gpt_original,entire_registered_three_strategy_cell_superseded_by_20260912_rerun
gpt-5.6-sol,poolact,tuning,cost_moderate,poolact,gap_bon,all,all,old_absolute,2560,False,gpt_original,entire_registered_three_strategy_cell_superseded_by_20260912_rerun
gpt-5.6-sol,poolact,tuning,cost_moderate,poolact,gap_mi,all,all,old_absolute,2561,False,gpt_original,entire_registered_three_strategy_cell_superseded_by_20260912_rerun
gpt-5.6-sol,poolact,tuning,cost_moderate,poolact,raw_perf_bon,all,all,old_absolute,2562,False,gpt_original,entire_registered_three_strategy_cell_superseded_by_20260912_rerun
gpt-5.6-sol,poolact,tuning,cost_moderate,poolact,raw_perf_mi,all,all,old_absolute,2563,False,gpt_original,entire_registered_three_strategy_cell_superseded_by_20260912_rerun
gpt-5.6-sol,poolact,tuning,cost_moderate,cached,gap_bon,family,nasbench101,old_absolute,2576,False,gpt_original,entire_registered_three_strategy_cell_superseded_by_20260912_rerun
gpt-5.6-sol,poolact,tuning,cost_moderate,cached,gap_mi,family,nasbench101,old_absolute,2577,False,gpt_original,entire_registered_three_strategy_cell_superseded_by_20260912_rerun
gpt-5.6-sol,poolact,tuning,cost_moderate,cached,raw_perf_bon,family,nasbench101,old_absolute,2578,False,gpt_original,entire_registered_three_strategy_cell_superseded_by_20260912_rerun
gpt-5.6-sol,poolact,tuning,cost_moderate,cached,raw_perf_mi,family,nasbench101,old_absolute,2579,False,gpt_original,entire_registered_three_strategy_cell_superseded_by_20260912_rerun
gpt-5.6-sol,poolact,tuning,cost_moderate,naive,gap_bon,family,nasbench101,old_absolute,2580,False,gpt_original,entire_registered_three_strategy_cell_superseded_by_20260912_rerun
gpt-5.6-sol,poolact,tuning,cost_moderate,naive,gap_mi,family,nasbench101,old_absolute,2581,False,gpt_original,entire_registered_three_strategy_cell_superseded_by_20260912_rerun
gpt-5.6-sol,poolact,tuning,cost_moderate,naive,raw_perf_bon,family,nasbench101,old_absolute,2582,False,gpt_original,entire_registered_three_strategy_cell_superseded_by_20260912_rerun
gpt-5.6-sol,poolact,tuning,cost_moderate,naive,raw_perf_mi,family,nasbench101,old_absolute,2583,False,gpt_original,entire_registered_three_strategy_cell_superseded_by_20260912_rerun
gpt-5.6-sol,poolact,tuning,cost_moderate,poolact,gap_bon,family,nasbench101,old_absolute,2584,False,gpt_original,entire_registered_three_strategy_cell_superseded_by_20260912_rerun
gpt-5.6-sol,poolact,tuning,cost_moderate,poolact,gap_mi,family,nasbench101,old_absolute,2585,False,gpt_original,entire_registered_three_strategy_cell_superseded_by_20260912_rerun
gpt-5.6-sol,poolact,tuning,cost_moderate,poolact,raw_perf_bon,family,nasbench101,old_absolute,2586,False,gpt_original,entire_registered_three_strategy_cell_superseded_by_20260912_rerun
gpt-5.6-sol,poolact,tuning,cost_moderate,poolact,raw_perf_mi,family,nasbench101,old_absolute,2587,False,gpt_original,entire_registered_three_strategy_cell_superseded_by_20260912_rerun
gpt-5.6-sol,poolact,tuning,cost_moderate,cached,gap_bon,task,hpobench:nasbench101:A,old_absolute,2600,False,gpt_original,entire_registered_three_strategy_cell_superseded_by_20260912_rerun
gpt-5.6-sol,poolact,tuning,cost_moderate,cached,gap_mi,task,hpobench:nasbench101:A,old_absolute,2601,False,gpt_original,entire_registered_three_strategy_cell_superseded_by_20260912_rerun
gpt-5.6-sol,poolact,tuning,cost_moderate,cached,raw_perf_bon,task,hpobench:nasbench101:A,old_absolute,2602,False,gpt_original,entire_registered_three_strategy_cell_superseded_by_20260912_rerun
gpt-5.6-sol,poolact,tuning,cost_moderate,cached,raw_perf_mi,task,hpobench:nasbench101:A,old_absolute,2603,False,gpt_original,entire_registered_three_strategy_cell_superseded_by_20260912_rerun
gpt-5.6-sol,poolact,tuning,cost_moderate,naive,gap_bon,task,hpobench:nasbench101:A,old_absolute,2604,False,gpt_original,entire_registered_three_strategy_cell_superseded_by_20260912_rerun
gpt-5.6-sol,poolact,tuning,cost_moderate,naive,gap_mi,task,hpobench:nasbench101:A,old_absolute,2605,False,gpt_original,entire_registered_three_strategy_cell_superseded_by_20260912_rerun
gpt-5.6-sol,poolact,tuning,cost_moderate,naive,raw_perf_bon,task,hpobench:nasbench101:A,old_absolute,2606,False,gpt_original,entire_registered_three_strategy_cell_superseded_by_20260912_rerun
gpt-5.6-sol,poolact,tuning,cost_moderate,naive,raw_perf_mi,task,hpobench:nasbench101:A,old_absolute,2607,False,gpt_original,entire_registered_three_strategy_cell_superseded_by_20260912_rerun
gpt-5.6-sol,poolact,tuning,cost_moderate,poolact,gap_bon,task,hpobench:nasbench101:A,old_absolute,2608,False,gpt_original,entire_registered_three_strategy_cell_superseded_by_20260912_rerun
gpt-5.6-sol,poolact,tuning,cost_moderate,poolact,gap_mi,task,hpobench:nasbench101:A,old_absolute,2609,False,gpt_original,entire_registered_three_strategy_cell_superseded_by_20260912_rerun
gpt-5.6-sol,poolact,tuning,cost_moderate,poolact,raw_perf_bon,task,hpobench:nasbench101:A,old_absolute,2610,False,gpt_original,entire_registered_three_strategy_cell_superseded_by_20260912_rerun
gpt-5.6-sol,poolact,tuning,cost_moderate,poolact,raw_perf_mi,task,hpobench:nasbench101:A,old_absolute,2611,False,gpt_original,entire_registered_three_strategy_cell_superseded_by_20260912_rerun
gpt-5.6-sol,poolact,tuning,cost_moderate,cached,gap_bon,task,hpobench:nasbench101:B,old_absolute,2624,False,gpt_original,entire_registered_three_strategy_cell_superseded_by_20260912_rerun
gpt-5.6-sol,poolact,tuning,cost_moderate,cached,gap_mi,task,hpobench:nasbench101:B,old_absolute,2625,False,gpt_original,entire_registered_three_strategy_cell_superseded_by_20260912_rerun
gpt-5.6-sol,poolact,tuning,cost_moderate,cached,raw_perf_bon,task,hpobench:nasbench101:B,old_absolute,2626,False,gpt_original,entire_registered_three_strategy_cell_superseded_by_20260912_rerun
gpt-5.6-sol,poolact,tuning,cost_moderate,cached,raw_perf_mi,task,hpobench:nasbench101:B,old_absolute,2627,False,gpt_original,entire_registered_three_strategy_cell_superseded_by_20260912_rerun
gpt-5.6-sol,poolact,tuning,cost_moderate,naive,gap_bon,task,hpobench:nasbench101:B,old_absolute,2628,False,gpt_original,entire_registered_three_strategy_cell_superseded_by_20260912_rerun
gpt-5.6-sol,poolact,tuning,cost_moderate,naive,gap_mi,task,hpobench:nasbench101:B,old_absolute,2629,False,gpt_original,entire_registered_three_strategy_cell_superseded_by_20260912_rerun
gpt-5.6-sol,poolact,tuning,cost_moderate,naive,raw_perf_bon,task,hpobench:nasbench101:B,old_absolute,2630,False,gpt_original,entire_registered_three_strategy_cell_superseded_by_20260912_rerun
gpt-5.6-sol,poolact,tuning,cost_moderate,naive,raw_perf_mi,task,hpobench:nasbench101:B,old_absolute,2631,False,gpt_original,entire_registered_three_strategy_cell_superseded_by_20260912_rerun
gpt-5.6-sol,poolact,tuning,cost_moderate,poolact,gap_bon,task,hpobench:nasbench101:B,old_absolute,2632,False,gpt_original,entire_registered_three_strategy_cell_superseded_by_20260912_rerun
gpt-5.6-sol,poolact,tuning,cost_moderate,poolact,gap_mi,task,hpobench:nasbench101:B,old_absolute,2633,False,gpt_original,entire_registered_three_strategy_cell_superseded_by_20260912_rerun
gpt-5.6-sol,poolact,tuning,cost_moderate,poolact,raw_perf_bon,task,hpobench:nasbench101:B,old_absolute,2634,False,gpt_original,entire_registered_three_strategy_cell_superseded_by_20260912_rerun
gpt-5.6-sol,poolact,tuning,cost_moderate,poolact,raw_perf_mi,task,hpobench:nasbench101:B,old_absolute,2635,False,gpt_original,entire_registered_three_strategy_cell_superseded_by_20260912_rerun
gpt-5.6-sol,poolact,tuning,cost_moderate,cached,gap_bon,task,hpobench:nasbench101:C,old_absolute,2648,False,gpt_original,entire_registered_three_strategy_cell_superseded_by_20260912_rerun
gpt-5.6-sol,poolact,tuning,cost_moderate,cached,gap_mi,task,hpobench:nasbench101:C,old_absolute,2649,False,gpt_original,entire_registered_three_strategy_cell_superseded_by_20260912_rerun
gpt-5.6-sol,poolact,tuning,cost_moderate,cached,raw_perf_bon,task,hpobench:nasbench101:C,old_absolute,2650,False,gpt_original,entire_registered_three_strategy_cell_superseded_by_20260912_rerun
gpt-5.6-sol,poolact,tuning,cost_moderate,cached,raw_perf_mi,task,hpobench:nasbench101:C,old_absolute,2651,False,gpt_original,entire_registered_three_strategy_cell_superseded_by_20260912_rerun
gpt-5.6-sol,poolact,tuning,cost_moderate,naive,gap_bon,task,hpobench:nasbench101:C,old_absolute,2652,False,gpt_original,entire_registered_three_strategy_cell_superseded_by_20260912_rerun
gpt-5.6-sol,poolact,tuning,cost_moderate,naive,gap_mi,task,hpobench:nasbench101:C,old_absolute,2653,False,gpt_original,entire_registered_three_strategy_cell_superseded_by_20260912_rerun
gpt-5.6-sol,poolact,tuning,cost_moderate,naive,raw_perf_bon,task,hpobench:nasbench101:C,old_absolute,2654,False,gpt_original,entire_registered_three_strategy_cell_superseded_by_20260912_rerun
gpt-5.6-sol,poolact,tuning,cost_moderate,naive,raw_perf_mi,task,hpobench:nasbench101:C,old_absolute,2655,False,gpt_original,entire_registered_three_strategy_cell_superseded_by_20260912_rerun
gpt-5.6-sol,poolact,tuning,cost_moderate,poolact,gap_bon,task,hpobench:nasbench101:C,old_absolute,2656,False,gpt_original,entire_registered_three_strategy_cell_superseded_by_20260912_rerun
gpt-5.6-sol,poolact,tuning,cost_moderate,poolact,gap_mi,task,hpobench:nasbench101:C,old_absolute,2657,False,gpt_original,entire_registered_three_strategy_cell_superseded_by_20260912_rerun
gpt-5.6-sol,poolact,tuning,cost_moderate,poolact,raw_perf_bon,task,hpobench:nasbench101:C,old_absolute,2658,False,gpt_original,entire_registered_three_strategy_cell_superseded_by_20260912_rerun
gpt-5.6-sol,poolact,tuning,cost_moderate,poolact,raw_perf_mi,task,hpobench:nasbench101:C,old_absolute,2659,False,gpt_original,entire_registered_three_strategy_cell_superseded_by_20260912_rerun
kimi-k3,poolact,tuning,cost_tight,cached,budget_utilization,all,all,old_absolute,3456,False,kimi_original,entire_registered_three_strategy_cell_superseded_by_20260912_rerun
kimi-k3,poolact,tuning,cost_tight,cached,duplicate_action_attempts,all,all,old_absolute,3457,False,kimi_original,entire_registered_three_strategy_cell_superseded_by_20260912_rerun
kimi-k3,poolact,tuning,cost_tight,cached,feedback_attempts,all,all,old_absolute,3458,False,kimi_original,entire_registered_three_strategy_cell_superseded_by_20260912_rerun
kimi-k3,poolact,tuning,cost_tight,cached,feedback_cost_seconds,all,all,old_absolute,3459,False,kimi_original,entire_registered_three_strategy_cell_superseded_by_20260912_rerun
kimi-k3,poolact,tuning,cost_tight,cached,feedback_visible,all,all,old_absolute,3460,False,kimi_original,entire_registered_three_strategy_cell_superseded_by_20260912_rerun
kimi-k3,poolact,tuning,cost_tight,cached,gap_bon,all,all,old_absolute,3461,False,kimi_original,entire_registered_three_strategy_cell_superseded_by_20260912_rerun
kimi-k3,poolact,tuning,cost_tight,cached,gap_mi,all,all,old_absolute,3462,False,kimi_original,entire_registered_three_strategy_cell_superseded_by_20260912_rerun
kimi-k3,poolact,tuning,cost_tight,cached,input_tokens,all,all,old_absolute,3463,False,kimi_original,entire_registered_three_strategy_cell_superseded_by_20260912_rerun
kimi-k3,poolact,tuning,cost_tight,cached,output_tokens,all,all,old_absolute,3464,False,kimi_original,entire_registered_three_strategy_cell_superseded_by_20260912_rerun
kimi-k3,poolact,tuning,cost_tight,cached,protocol_failure_rate,all,all,old_absolute,3465,False,kimi_original,entire_registered_three_strategy_cell_superseded_by_20260912_rerun
kimi-k3,poolact,tuning,cost_tight,cached,raw_perf_bon,all,all,old_absolute,3466,False,kimi_original,entire_registered_three_strategy_cell_superseded_by_20260912_rerun
kimi-k3,poolact,tuning,cost_tight,cached,raw_perf_mi,all,all,old_absolute,3467,False,kimi_original,entire_registered_three_strategy_cell_superseded_by_20260912_rerun
kimi-k3,poolact,tuning,cost_tight,cached,wall_time_seconds,all,all,old_absolute,3468,False,kimi_original,entire_registered_three_strategy_cell_superseded_by_20260912_rerun
kimi-k3,poolact,tuning,cost_tight,naive,budget_utilization,all,all,old_absolute,3469,False,kimi_original,entire_registered_three_strategy_cell_superseded_by_20260912_rerun
kimi-k3,poolact,tuning,cost_tight,naive,duplicate_action_attempts,all,all,old_absolute,3470,False,kimi_original,entire_registered_three_strategy_cell_superseded_by_20260912_rerun
kimi-k3,poolact,tuning,cost_tight,naive,feedback_attempts,all,all,old_absolute,3471,False,kimi_original,entire_registered_three_strategy_cell_superseded_by_20260912_rerun
kimi-k3,poolact,tuning,cost_tight,naive,feedback_cost_seconds,all,all,old_absolute,3472,False,kimi_original,entire_registered_three_strategy_cell_superseded_by_20260912_rerun
kimi-k3,poolact,tuning,cost_tight,naive,feedback_visible,all,all,old_absolute,3473,False,kimi_original,entire_registered_three_strategy_cell_superseded_by_20260912_rerun
kimi-k3,poolact,tuning,cost_tight,naive,gap_bon,all,all,old_absolute,3474,False,kimi_original,entire_registered_three_strategy_cell_superseded_by_20260912_rerun
kimi-k3,poolact,tuning,cost_tight,naive,gap_mi,all,all,old_absolute,3475,False,kimi_original,entire_registered_three_strategy_cell_superseded_by_20260912_rerun
kimi-k3,poolact,tuning,cost_tight,naive,input_tokens,all,all,old_absolute,3476,False,kimi_original,entire_registered_three_strategy_cell_superseded_by_20260912_rerun
kimi-k3,poolact,tuning,cost_tight,naive,output_tokens,all,all,old_absolute,3477,False,kimi_original,entire_registered_three_strategy_cell_superseded_by_20260912_rerun
kimi-k3,poolact,tuning,cost_tight,naive,protocol_failure_rate,all,all,old_absolute,3478,False,kimi_original,entire_registered_three_strategy_cell_superseded_by_20260912_rerun
kimi-k3,poolact,tuning,cost_tight,naive,raw_perf_bon,all,all,old_absolute,3479,False,kimi_original,entire_registered_three_strategy_cell_superseded_by_20260912_rerun
kimi-k3,poolact,tuning,cost_tight,naive,raw_perf_mi,all,all,old_absolute,3480,False,kimi_original,entire_registered_three_strategy_cell_superseded_by_20260912_rerun
kimi-k3,poolact,tuning,cost_tight,naive,wall_time_seconds,all,all,old_absolute,3481,False,kimi_original,entire_registered_three_strategy_cell_superseded_by_20260912_rerun
kimi-k3,poolact,tuning,cost_tight,poolact,budget_utilization,all,all,old_absolute,3482,False,kimi_original,entire_registered_three_strategy_cell_superseded_by_20260912_rerun
kimi-k3,poolact,tuning,cost_tight,poolact,duplicate_action_attempts,all,all,old_absolute,3483,False,kimi_original,entire_registered_three_strategy_cell_superseded_by_20260912_rerun
kimi-k3,poolact,tuning,cost_tight,poolact,feedback_attempts,all,all,old_absolute,3484,False,kimi_original,entire_registered_three_strategy_cell_superseded_by_20260912_rerun
kimi-k3,poolact,tuning,cost_tight,poolact,feedback_cost_seconds,all,all,old_absolute,3485,False,kimi_original,entire_registered_three_strategy_cell_superseded_by_20260912_rerun
kimi-k3,poolact,tuning,cost_tight,poolact,feedback_visible,all,all,old_absolute,3486,False,kimi_original,entire_registered_three_strategy_cell_superseded_by_20260912_rerun
kimi-k3,poolact,tuning,cost_tight,poolact,gap_bon,all,all,old_absolute,3487,False,kimi_original,entire_registered_three_strategy_cell_superseded_by_20260912_rerun
kimi-k3,poolact,tuning,cost_tight,poolact,gap_mi,all,all,old_absolute,3488,False,kimi_original,entire_registered_three_strategy_cell_superseded_by_20260912_rerun
kimi-k3,poolact,tuning,cost_tight,poolact,input_tokens,all,all,old_absolute,3489,False,kimi_original,entire_registered_three_strategy_cell_superseded_by_20260912_rerun
kimi-k3,poolact,tuning,cost_tight,poolact,output_tokens,all,all,old_absolute,3490,False,kimi_original,entire_registered_three_strategy_cell_superseded_by_20260912_rerun
kimi-k3,poolact,tuning,cost_tight,poolact,protocol_failure_rate,all,all,old_absolute,3491,False,kimi_original,entire_registered_three_strategy_cell_superseded_by_20260912_rerun
kimi-k3,poolact,tuning,cost_tight,poolact,raw_perf_bon,all,all,old_absolute,3492,False,kimi_original,entire_registered_three_strategy_cell_superseded_by_20260912_rerun
kimi-k3,poolact,tuning,cost_tight,poolact,raw_perf_mi,all,all,old_absolute,3493,False,kimi_original,entire_registered_three_strategy_cell_superseded_by_20260912_rerun
kimi-k3,poolact,tuning,cost_tight,poolact,wall_time_seconds,all,all,old_absolute,3494,False,kimi_original,entire_registered_three_strategy_cell_superseded_by_20260912_rerun
kimi-k3,poolact,tuning,cost_tight,cached,budget_utilization,family,nasbench101,old_absolute,3534,False,kimi_original,entire_registered_three_strategy_cell_superseded_by_20260912_rerun
kimi-k3,poolact,tuning,cost_tight,cached,duplicate_action_attempts,family,nasbench101,old_absolute,3535,False,kimi_original,entire_registered_three_strategy_cell_superseded_by_20260912_rerun
kimi-k3,poolact,tuning,cost_tight,cached,feedback_attempts,family,nasbench101,old_absolute,3536,False,kimi_original,entire_registered_three_strategy_cell_superseded_by_20260912_rerun
kimi-k3,poolact,tuning,cost_tight,cached,feedback_cost_seconds,family,nasbench101,old_absolute,3537,False,kimi_original,entire_registered_three_strategy_cell_superseded_by_20260912_rerun
kimi-k3,poolact,tuning,cost_tight,cached,feedback_visible,family,nasbench101,old_absolute,3538,False,kimi_original,entire_registered_three_strategy_cell_superseded_by_20260912_rerun
kimi-k3,poolact,tuning,cost_tight,cached,gap_bon,family,nasbench101,old_absolute,3539,False,kimi_original,entire_registered_three_strategy_cell_superseded_by_20260912_rerun
kimi-k3,poolact,tuning,cost_tight,cached,gap_mi,family,nasbench101,old_absolute,3540,False,kimi_original,entire_registered_three_strategy_cell_superseded_by_20260912_rerun
kimi-k3,poolact,tuning,cost_tight,cached,input_tokens,family,nasbench101,old_absolute,3541,False,kimi_original,entire_registered_three_strategy_cell_superseded_by_20260912_rerun
kimi-k3,poolact,tuning,cost_tight,cached,output_tokens,family,nasbench101,old_absolute,3542,False,kimi_original,entire_registered_three_strategy_cell_superseded_by_20260912_rerun
kimi-k3,poolact,tuning,cost_tight,cached,protocol_failure_rate,family,nasbench101,old_absolute,3543,False,kimi_original,entire_registered_three_strategy_cell_superseded_by_20260912_rerun
kimi-k3,poolact,tuning,cost_tight,cached,raw_perf_bon,family,nasbench101,old_absolute,3544,False,kimi_original,entire_registered_three_strategy_cell_superseded_by_20260912_rerun
kimi-k3,poolact,tuning,cost_tight,cached,raw_perf_mi,family,nasbench101,old_absolute,3545,False,kimi_original,entire_registered_three_strategy_cell_superseded_by_20260912_rerun
kimi-k3,poolact,tuning,cost_tight,cached,wall_time_seconds,family,nasbench101,old_absolute,3546,False,kimi_original,entire_registered_three_strategy_cell_superseded_by_20260912_rerun
kimi-k3,poolact,tuning,cost_tight,naive,budget_utilization,family,nasbench101,old_absolute,3547,False,kimi_original,entire_registered_three_strategy_cell_superseded_by_20260912_rerun
kimi-k3,poolact,tuning,cost_tight,naive,duplicate_action_attempts,family,nasbench101,old_absolute,3548,False,kimi_original,entire_registered_three_strategy_cell_superseded_by_20260912_rerun
kimi-k3,poolact,tuning,cost_tight,naive,feedback_attempts,family,nasbench101,old_absolute,3549,False,kimi_original,entire_registered_three_strategy_cell_superseded_by_20260912_rerun
kimi-k3,poolact,tuning,cost_tight,naive,feedback_cost_seconds,family,nasbench101,old_absolute,3550,False,kimi_original,entire_registered_three_strategy_cell_superseded_by_20260912_rerun
kimi-k3,poolact,tuning,cost_tight,naive,feedback_visible,family,nasbench101,old_absolute,3551,False,kimi_original,entire_registered_three_strategy_cell_superseded_by_20260912_rerun
kimi-k3,poolact,tuning,cost_tight,naive,gap_bon,family,nasbench101,old_absolute,3552,False,kimi_original,entire_registered_three_strategy_cell_superseded_by_20260912_rerun
kimi-k3,poolact,tuning,cost_tight,naive,gap_mi,family,nasbench101,old_absolute,3553,False,kimi_original,entire_registered_three_strategy_cell_superseded_by_20260912_rerun
kimi-k3,poolact,tuning,cost_tight,naive,input_tokens,family,nasbench101,old_absolute,3554,False,kimi_original,entire_registered_three_strategy_cell_superseded_by_20260912_rerun
kimi-k3,poolact,tuning,cost_tight,naive,output_tokens,family,nasbench101,old_absolute,3555,False,kimi_original,entire_registered_three_strategy_cell_superseded_by_20260912_rerun
kimi-k3,poolact,tuning,cost_tight,naive,protocol_failure_rate,family,nasbench101,old_absolute,3556,False,kimi_original,entire_registered_three_strategy_cell_superseded_by_20260912_rerun
kimi-k3,poolact,tuning,cost_tight,naive,raw_perf_bon,family,nasbench101,old_absolute,3557,False,kimi_original,entire_registered_three_strategy_cell_superseded_by_20260912_rerun
kimi-k3,poolact,tuning,cost_tight,naive,raw_perf_mi,family,nasbench101,old_absolute,3558,False,kimi_original,entire_registered_three_strategy_cell_superseded_by_20260912_rerun
kimi-k3,poolact,tuning,cost_tight,naive,wall_time_seconds,family,nasbench101,old_absolute,3559,False,kimi_original,entire_registered_three_strategy_cell_superseded_by_20260912_rerun
kimi-k3,poolact,tuning,cost_tight,poolact,budget_utilization,family,nasbench101,old_absolute,3560,False,kimi_original,entire_registered_three_strategy_cell_superseded_by_20260912_rerun
kimi-k3,poolact,tuning,cost_tight,poolact,duplicate_action_attempts,family,nasbench101,old_absolute,3561,False,kimi_original,entire_registered_three_strategy_cell_superseded_by_20260912_rerun
kimi-k3,poolact,tuning,cost_tight,poolact,feedback_attempts,family,nasbench101,old_absolute,3562,False,kimi_original,entire_registered_three_strategy_cell_superseded_by_20260912_rerun
kimi-k3,poolact,tuning,cost_tight,poolact,feedback_cost_seconds,family,nasbench101,old_absolute,3563,False,kimi_original,entire_registered_three_strategy_cell_superseded_by_20260912_rerun
kimi-k3,poolact,tuning,cost_tight,poolact,feedback_visible,family,nasbench101,old_absolute,3564,False,kimi_original,entire_registered_three_strategy_cell_superseded_by_20260912_rerun
kimi-k3,poolact,tuning,cost_tight,poolact,gap_bon,family,nasbench101,old_absolute,3565,False,kimi_original,entire_registered_three_strategy_cell_superseded_by_20260912_rerun
kimi-k3,poolact,tuning,cost_tight,poolact,gap_mi,family,nasbench101,old_absolute,3566,False,kimi_original,entire_registered_three_strategy_cell_superseded_by_20260912_rerun
kimi-k3,poolact,tuning,cost_tight,poolact,input_tokens,family,nasbench101,old_absolute,3567,False,kimi_original,entire_registered_three_strategy_cell_superseded_by_20260912_rerun
kimi-k3,poolact,tuning,cost_tight,poolact,output_tokens,family,nasbench101,old_absolute,3568,False,kimi_original,entire_registered_three_strategy_cell_superseded_by_20260912_rerun
kimi-k3,poolact,tuning,cost_tight,poolact,protocol_failure_rate,family,nasbench101,old_absolute,3569,False,kimi_original,entire_registered_three_strategy_cell_superseded_by_20260912_rerun
kimi-k3,poolact,tuning,cost_tight,poolact,raw_perf_bon,family,nasbench101,old_absolute,3570,False,kimi_original,entire_registered_three_strategy_cell_superseded_by_20260912_rerun
kimi-k3,poolact,tuning,cost_tight,poolact,raw_perf_mi,family,nasbench101,old_absolute,3571,False,kimi_original,entire_registered_three_strategy_cell_superseded_by_20260912_rerun
kimi-k3,poolact,tuning,cost_tight,poolact,wall_time_seconds,family,nasbench101,old_absolute,3572,False,kimi_original,entire_registered_three_strategy_cell_superseded_by_20260912_rerun
kimi-k3,poolact,tuning,cost_tight,cached,budget_utilization,task,hpobench:nasbench101:A,old_absolute,3612,False,kimi_original,entire_registered_three_strategy_cell_superseded_by_20260912_rerun
kimi-k3,poolact,tuning,cost_tight,cached,duplicate_action_attempts,task,hpobench:nasbench101:A,old_absolute,3613,False,kimi_original,entire_registered_three_strategy_cell_superseded_by_20260912_rerun
kimi-k3,poolact,tuning,cost_tight,cached,feedback_attempts,task,hpobench:nasbench101:A,old_absolute,3614,False,kimi_original,entire_registered_three_strategy_cell_superseded_by_20260912_rerun
kimi-k3,poolact,tuning,cost_tight,cached,feedback_cost_seconds,task,hpobench:nasbench101:A,old_absolute,3615,False,kimi_original,entire_registered_three_strategy_cell_superseded_by_20260912_rerun
kimi-k3,poolact,tuning,cost_tight,cached,feedback_visible,task,hpobench:nasbench101:A,old_absolute,3616,False,kimi_original,entire_registered_three_strategy_cell_superseded_by_20260912_rerun
kimi-k3,poolact,tuning,cost_tight,cached,gap_bon,task,hpobench:nasbench101:A,old_absolute,3617,False,kimi_original,entire_registered_three_strategy_cell_superseded_by_20260912_rerun
kimi-k3,poolact,tuning,cost_tight,cached,gap_mi,task,hpobench:nasbench101:A,old_absolute,3618,False,kimi_original,entire_registered_three_strategy_cell_superseded_by_20260912_rerun
kimi-k3,poolact,tuning,cost_tight,cached,input_tokens,task,hpobench:nasbench101:A,old_absolute,3619,False,kimi_original,entire_registered_three_strategy_cell_superseded_by_20260912_rerun
kimi-k3,poolact,tuning,cost_tight,cached,output_tokens,task,hpobench:nasbench101:A,old_absolute,3620,False,kimi_original,entire_registered_three_strategy_cell_superseded_by_20260912_rerun
kimi-k3,poolact,tuning,cost_tight,cached,protocol_failure_rate,task,hpobench:nasbench101:A,old_absolute,3621,False,kimi_original,entire_registered_three_strategy_cell_superseded_by_20260912_rerun
kimi-k3,poolact,tuning,cost_tight,cached,raw_perf_bon,task,hpobench:nasbench101:A,old_absolute,3622,False,kimi_original,entire_registered_three_strategy_cell_superseded_by_20260912_rerun
kimi-k3,poolact,tuning,cost_tight,cached,raw_perf_mi,task,hpobench:nasbench101:A,old_absolute,3623,False,kimi_original,entire_registered_three_strategy_cell_superseded_by_20260912_rerun
kimi-k3,poolact,tuning,cost_tight,cached,wall_time_seconds,task,hpobench:nasbench101:A,old_absolute,3624,False,kimi_original,entire_registered_three_strategy_cell_superseded_by_20260912_rerun
kimi-k3,poolact,tuning,cost_tight,naive,budget_utilization,task,hpobench:nasbench101:A,old_absolute,3625,False,kimi_original,entire_registered_three_strategy_cell_superseded_by_20260912_rerun
kimi-k3,poolact,tuning,cost_tight,naive,duplicate_action_attempts,task,hpobench:nasbench101:A,old_absolute,3626,False,kimi_original,entire_registered_three_strategy_cell_superseded_by_20260912_rerun
kimi-k3,poolact,tuning,cost_tight,naive,feedback_attempts,task,hpobench:nasbench101:A,old_absolute,3627,False,kimi_original,entire_registered_three_strategy_cell_superseded_by_20260912_rerun
kimi-k3,poolact,tuning,cost_tight,naive,feedback_cost_seconds,task,hpobench:nasbench101:A,old_absolute,3628,False,kimi_original,entire_registered_three_strategy_cell_superseded_by_20260912_rerun
kimi-k3,poolact,tuning,cost_tight,naive,feedback_visible,task,hpobench:nasbench101:A,old_absolute,3629,False,kimi_original,entire_registered_three_strategy_cell_superseded_by_20260912_rerun
kimi-k3,poolact,tuning,cost_tight,naive,gap_bon,task,hpobench:nasbench101:A,old_absolute,3630,False,kimi_original,entire_registered_three_strategy_cell_superseded_by_20260912_rerun
kimi-k3,poolact,tuning,cost_tight,naive,gap_mi,task,hpobench:nasbench101:A,old_absolute,3631,False,kimi_original,entire_registered_three_strategy_cell_superseded_by_20260912_rerun
kimi-k3,poolact,tuning,cost_tight,naive,input_tokens,task,hpobench:nasbench101:A,old_absolute,3632,False,kimi_original,entire_registered_three_strategy_cell_superseded_by_20260912_rerun
kimi-k3,poolact,tuning,cost_tight,naive,output_tokens,task,hpobench:nasbench101:A,old_absolute,3633,False,kimi_original,entire_registered_three_strategy_cell_superseded_by_20260912_rerun
kimi-k3,poolact,tuning,cost_tight,naive,protocol_failure_rate,task,hpobench:nasbench101:A,old_absolute,3634,False,kimi_original,entire_registered_three_strategy_cell_superseded_by_20260912_rerun
kimi-k3,poolact,tuning,cost_tight,naive,raw_perf_bon,task,hpobench:nasbench101:A,old_absolute,3635,False,kimi_original,entire_registered_three_strategy_cell_superseded_by_20260912_rerun
kimi-k3,poolact,tuning,cost_tight,naive,raw_perf_mi,task,hpobench:nasbench101:A,old_absolute,3636,False,kimi_original,entire_registered_three_strategy_cell_superseded_by_20260912_rerun
kimi-k3,poolact,tuning,cost_tight,naive,wall_time_seconds,task,hpobench:nasbench101:A,old_absolute,3637,False,kimi_original,entire_registered_three_strategy_cell_superseded_by_20260912_rerun
kimi-k3,poolact,tuning,cost_tight,poolact,budget_utilization,task,hpobench:nasbench101:A,old_absolute,3638,False,kimi_original,entire_registered_three_strategy_cell_superseded_by_20260912_rerun
kimi-k3,poolact,tuning,cost_tight,poolact,duplicate_action_attempts,task,hpobench:nasbench101:A,old_absolute,3639,False,kimi_original,entire_registered_three_strategy_cell_superseded_by_20260912_rerun
kimi-k3,poolact,tuning,cost_tight,poolact,feedback_attempts,task,hpobench:nasbench101:A,old_absolute,3640,False,kimi_original,entire_registered_three_strategy_cell_superseded_by_20260912_rerun
kimi-k3,poolact,tuning,cost_tight,poolact,feedback_cost_seconds,task,hpobench:nasbench101:A,old_absolute,3641,False,kimi_original,entire_registered_three_strategy_cell_superseded_by_20260912_rerun
kimi-k3,poolact,tuning,cost_tight,poolact,feedback_visible,task,hpobench:nasbench101:A,old_absolute,3642,False,kimi_original,entire_registered_three_strategy_cell_superseded_by_20260912_rerun
kimi-k3,poolact,tuning,cost_tight,poolact,gap_bon,task,hpobench:nasbench101:A,old_absolute,3643,False,kimi_original,entire_registered_three_strategy_cell_superseded_by_20260912_rerun
kimi-k3,poolact,tuning,cost_tight,poolact,gap_mi,task,hpobench:nasbench101:A,old_absolute,3644,False,kimi_original,entire_registered_three_strategy_cell_superseded_by_20260912_rerun
kimi-k3,poolact,tuning,cost_tight,poolact,input_tokens,task,hpobench:nasbench101:A,old_absolute,3645,False,kimi_original,entire_registered_three_strategy_cell_superseded_by_20260912_rerun
kimi-k3,poolact,tuning,cost_tight,poolact,output_tokens,task,hpobench:nasbench101:A,old_absolute,3646,False,kimi_original,entire_registered_three_strategy_cell_superseded_by_20260912_rerun
kimi-k3,poolact,tuning,cost_tight,poolact,protocol_failure_rate,task,hpobench:nasbench101:A,old_absolute,3647,False,kimi_original,entire_registered_three_strategy_cell_superseded_by_20260912_rerun
kimi-k3,poolact,tuning,cost_tight,poolact,raw_perf_bon,task,hpobench:nasbench101:A,old_absolute,3648,False,kimi_original,entire_registered_three_strategy_cell_superseded_by_20260912_rerun
kimi-k3,poolact,tuning,cost_tight,poolact,raw_perf_mi,task,hpobench:nasbench101:A,old_absolute,3649,False,kimi_original,entire_registered_three_strategy_cell_superseded_by_20260912_rerun
kimi-k3,poolact,tuning,cost_tight,poolact,wall_time_seconds,task,hpobench:nasbench101:A,old_absolute,3650,False,kimi_original,entire_registered_three_strategy_cell_superseded_by_20260912_rerun
kimi-k3,poolact,tuning,cost_tight,cached,budget_utilization,task,hpobench:nasbench101:B,old_absolute,3690,False,kimi_original,entire_registered_three_strategy_cell_superseded_by_20260912_rerun
kimi-k3,poolact,tuning,cost_tight,cached,duplicate_action_attempts,task,hpobench:nasbench101:B,old_absolute,3691,False,kimi_original,entire_registered_three_strategy_cell_superseded_by_20260912_rerun
kimi-k3,poolact,tuning,cost_tight,cached,feedback_attempts,task,hpobench:nasbench101:B,old_absolute,3692,False,kimi_original,entire_registered_three_strategy_cell_superseded_by_20260912_rerun
kimi-k3,poolact,tuning,cost_tight,cached,feedback_cost_seconds,task,hpobench:nasbench101:B,old_absolute,3693,False,kimi_original,entire_registered_three_strategy_cell_superseded_by_20260912_rerun
kimi-k3,poolact,tuning,cost_tight,cached,feedback_visible,task,hpobench:nasbench101:B,old_absolute,3694,False,kimi_original,entire_registered_three_strategy_cell_superseded_by_20260912_rerun
kimi-k3,poolact,tuning,cost_tight,cached,gap_bon,task,hpobench:nasbench101:B,old_absolute,3695,False,kimi_original,entire_registered_three_strategy_cell_superseded_by_20260912_rerun
kimi-k3,poolact,tuning,cost_tight,cached,gap_mi,task,hpobench:nasbench101:B,old_absolute,3696,False,kimi_original,entire_registered_three_strategy_cell_superseded_by_20260912_rerun
kimi-k3,poolact,tuning,cost_tight,cached,input_tokens,task,hpobench:nasbench101:B,old_absolute,3697,False,kimi_original,entire_registered_three_strategy_cell_superseded_by_20260912_rerun
kimi-k3,poolact,tuning,cost_tight,cached,output_tokens,task,hpobench:nasbench101:B,old_absolute,3698,False,kimi_original,entire_registered_three_strategy_cell_superseded_by_20260912_rerun
kimi-k3,poolact,tuning,cost_tight,cached,protocol_failure_rate,task,hpobench:nasbench101:B,old_absolute,3699,False,kimi_original,entire_registered_three_strategy_cell_superseded_by_20260912_rerun
kimi-k3,poolact,tuning,cost_tight,cached,raw_perf_bon,task,hpobench:nasbench101:B,old_absolute,3700,False,kimi_original,entire_registered_three_strategy_cell_superseded_by_20260912_rerun
kimi-k3,poolact,tuning,cost_tight,cached,raw_perf_mi,task,hpobench:nasbench101:B,old_absolute,3701,False,kimi_original,entire_registered_three_strategy_cell_superseded_by_20260912_rerun
kimi-k3,poolact,tuning,cost_tight,cached,wall_time_seconds,task,hpobench:nasbench101:B,old_absolute,3702,False,kimi_original,entire_registered_three_strategy_cell_superseded_by_20260912_rerun
kimi-k3,poolact,tuning,cost_tight,naive,budget_utilization,task,hpobench:nasbench101:B,old_absolute,3703,False,kimi_original,entire_registered_three_strategy_cell_superseded_by_20260912_rerun
kimi-k3,poolact,tuning,cost_tight,naive,duplicate_action_attempts,task,hpobench:nasbench101:B,old_absolute,3704,False,kimi_original,entire_registered_three_strategy_cell_superseded_by_20260912_rerun
kimi-k3,poolact,tuning,cost_tight,naive,feedback_attempts,task,hpobench:nasbench101:B,old_absolute,3705,False,kimi_original,entire_registered_three_strategy_cell_superseded_by_20260912_rerun
kimi-k3,poolact,tuning,cost_tight,naive,feedback_cost_seconds,task,hpobench:nasbench101:B,old_absolute,3706,False,kimi_original,entire_registered_three_strategy_cell_superseded_by_20260912_rerun
kimi-k3,poolact,tuning,cost_tight,naive,feedback_visible,task,hpobench:nasbench101:B,old_absolute,3707,False,kimi_original,entire_registered_three_strategy_cell_superseded_by_20260912_rerun
kimi-k3,poolact,tuning,cost_tight,naive,gap_bon,task,hpobench:nasbench101:B,old_absolute,3708,False,kimi_original,entire_registered_three_strategy_cell_superseded_by_20260912_rerun
kimi-k3,poolact,tuning,cost_tight,naive,gap_mi,task,hpobench:nasbench101:B,old_absolute,3709,False,kimi_original,entire_registered_three_strategy_cell_superseded_by_20260912_rerun
kimi-k3,poolact,tuning,cost_tight,naive,input_tokens,task,hpobench:nasbench101:B,old_absolute,3710,False,kimi_original,entire_registered_three_strategy_cell_superseded_by_20260912_rerun
kimi-k3,poolact,tuning,cost_tight,naive,output_tokens,task,hpobench:nasbench101:B,old_absolute,3711,False,kimi_original,entire_registered_three_strategy_cell_superseded_by_20260912_rerun
kimi-k3,poolact,tuning,cost_tight,naive,protocol_failure_rate,task,hpobench:nasbench101:B,old_absolute,3712,False,kimi_original,entire_registered_three_strategy_cell_superseded_by_20260912_rerun
kimi-k3,poolact,tuning,cost_tight,naive,raw_perf_bon,task,hpobench:nasbench101:B,old_absolute,3713,False,kimi_original,entire_registered_three_strategy_cell_superseded_by_20260912_rerun
kimi-k3,poolact,tuning,cost_tight,naive,raw_perf_mi,task,hpobench:nasbench101:B,old_absolute,3714,False,kimi_original,entire_registered_three_strategy_cell_superseded_by_20260912_rerun
kimi-k3,poolact,tuning,cost_tight,naive,wall_time_seconds,task,hpobench:nasbench101:B,old_absolute,3715,False,kimi_original,entire_registered_three_strategy_cell_superseded_by_20260912_rerun
kimi-k3,poolact,tuning,cost_tight,poolact,budget_utilization,task,hpobench:nasbench101:B,old_absolute,3716,False,kimi_original,entire_registered_three_strategy_cell_superseded_by_20260912_rerun
kimi-k3,poolact,tuning,cost_tight,poolact,duplicate_action_attempts,task,hpobench:nasbench101:B,old_absolute,3717,False,kimi_original,entire_registered_three_strategy_cell_superseded_by_20260912_rerun
kimi-k3,poolact,tuning,cost_tight,poolact,feedback_attempts,task,hpobench:nasbench101:B,old_absolute,3718,False,kimi_original,entire_registered_three_strategy_cell_superseded_by_20260912_rerun
kimi-k3,poolact,tuning,cost_tight,poolact,feedback_cost_seconds,task,hpobench:nasbench101:B,old_absolute,3719,False,kimi_original,entire_registered_three_strategy_cell_superseded_by_20260912_rerun
kimi-k3,poolact,tuning,cost_tight,poolact,feedback_visible,task,hpobench:nasbench101:B,old_absolute,3720,False,kimi_original,entire_registered_three_strategy_cell_superseded_by_20260912_rerun
kimi-k3,poolact,tuning,cost_tight,poolact,gap_bon,task,hpobench:nasbench101:B,old_absolute,3721,False,kimi_original,entire_registered_three_strategy_cell_superseded_by_20260912_rerun
kimi-k3,poolact,tuning,cost_tight,poolact,gap_mi,task,hpobench:nasbench101:B,old_absolute,3722,False,kimi_original,entire_registered_three_strategy_cell_superseded_by_20260912_rerun
kimi-k3,poolact,tuning,cost_tight,poolact,input_tokens,task,hpobench:nasbench101:B,old_absolute,3723,False,kimi_original,entire_registered_three_strategy_cell_superseded_by_20260912_rerun
kimi-k3,poolact,tuning,cost_tight,poolact,output_tokens,task,hpobench:nasbench101:B,old_absolute,3724,False,kimi_original,entire_registered_three_strategy_cell_superseded_by_20260912_rerun
kimi-k3,poolact,tuning,cost_tight,poolact,protocol_failure_rate,task,hpobench:nasbench101:B,old_absolute,3725,False,kimi_original,entire_registered_three_strategy_cell_superseded_by_20260912_rerun
kimi-k3,poolact,tuning,cost_tight,poolact,raw_perf_bon,task,hpobench:nasbench101:B,old_absolute,3726,False,kimi_original,entire_registered_three_strategy_cell_superseded_by_20260912_rerun
kimi-k3,poolact,tuning,cost_tight,poolact,raw_perf_mi,task,hpobench:nasbench101:B,old_absolute,3727,False,kimi_original,entire_registered_three_strategy_cell_superseded_by_20260912_rerun
kimi-k3,poolact,tuning,cost_tight,poolact,wall_time_seconds,task,hpobench:nasbench101:B,old_absolute,3728,False,kimi_original,entire_registered_three_strategy_cell_superseded_by_20260912_rerun
kimi-k3,poolact,tuning,cost_tight,cached,budget_utilization,task,hpobench:nasbench101:C,old_absolute,3768,False,kimi_original,entire_registered_three_strategy_cell_superseded_by_20260912_rerun
kimi-k3,poolact,tuning,cost_tight,cached,duplicate_action_attempts,task,hpobench:nasbench101:C,old_absolute,3769,False,kimi_original,entire_registered_three_strategy_cell_superseded_by_20260912_rerun
kimi-k3,poolact,tuning,cost_tight,cached,feedback_attempts,task,hpobench:nasbench101:C,old_absolute,3770,False,kimi_original,entire_registered_three_strategy_cell_superseded_by_20260912_rerun
kimi-k3,poolact,tuning,cost_tight,cached,feedback_cost_seconds,task,hpobench:nasbench101:C,old_absolute,3771,False,kimi_original,entire_registered_three_strategy_cell_superseded_by_20260912_rerun
kimi-k3,poolact,tuning,cost_tight,cached,feedback_visible,task,hpobench:nasbench101:C,old_absolute,3772,False,kimi_original,entire_registered_three_strategy_cell_superseded_by_20260912_rerun
kimi-k3,poolact,tuning,cost_tight,cached,gap_bon,task,hpobench:nasbench101:C,old_absolute,3773,False,kimi_original,entire_registered_three_strategy_cell_superseded_by_20260912_rerun
kimi-k3,poolact,tuning,cost_tight,cached,gap_mi,task,hpobench:nasbench101:C,old_absolute,3774,False,kimi_original,entire_registered_three_strategy_cell_superseded_by_20260912_rerun
kimi-k3,poolact,tuning,cost_tight,cached,input_tokens,task,hpobench:nasbench101:C,old_absolute,3775,False,kimi_original,entire_registered_three_strategy_cell_superseded_by_20260912_rerun
kimi-k3,poolact,tuning,cost_tight,cached,output_tokens,task,hpobench:nasbench101:C,old_absolute,3776,False,kimi_original,entire_registered_three_strategy_cell_superseded_by_20260912_rerun
kimi-k3,poolact,tuning,cost_tight,cached,protocol_failure_rate,task,hpobench:nasbench101:C,old_absolute,3777,False,kimi_original,entire_registered_three_strategy_cell_superseded_by_20260912_rerun
kimi-k3,poolact,tuning,cost_tight,cached,raw_perf_bon,task,hpobench:nasbench101:C,old_absolute,3778,False,kimi_original,entire_registered_three_strategy_cell_superseded_by_20260912_rerun
kimi-k3,poolact,tuning,cost_tight,cached,raw_perf_mi,task,hpobench:nasbench101:C,old_absolute,3779,False,kimi_original,entire_registered_three_strategy_cell_superseded_by_20260912_rerun
kimi-k3,poolact,tuning,cost_tight,cached,wall_time_seconds,task,hpobench:nasbench101:C,old_absolute,3780,False,kimi_original,entire_registered_three_strategy_cell_superseded_by_20260912_rerun
kimi-k3,poolact,tuning,cost_tight,naive,budget_utilization,task,hpobench:nasbench101:C,old_absolute,3781,False,kimi_original,entire_registered_three_strategy_cell_superseded_by_20260912_rerun
kimi-k3,poolact,tuning,cost_tight,naive,duplicate_action_attempts,task,hpobench:nasbench101:C,old_absolute,3782,False,kimi_original,entire_registered_three_strategy_cell_superseded_by_20260912_rerun
kimi-k3,poolact,tuning,cost_tight,naive,feedback_attempts,task,hpobench:nasbench101:C,old_absolute,3783,False,kimi_original,entire_registered_three_strategy_cell_superseded_by_20260912_rerun
kimi-k3,poolact,tuning,cost_tight,naive,feedback_cost_seconds,task,hpobench:nasbench101:C,old_absolute,3784,False,kimi_original,entire_registered_three_strategy_cell_superseded_by_20260912_rerun
kimi-k3,poolact,tuning,cost_tight,naive,feedback_visible,task,hpobench:nasbench101:C,old_absolute,3785,False,kimi_original,entire_registered_three_strategy_cell_superseded_by_20260912_rerun
kimi-k3,poolact,tuning,cost_tight,naive,gap_bon,task,hpobench:nasbench101:C,old_absolute,3786,False,kimi_original,entire_registered_three_strategy_cell_superseded_by_20260912_rerun
kimi-k3,poolact,tuning,cost_tight,naive,gap_mi,task,hpobench:nasbench101:C,old_absolute,3787,False,kimi_original,entire_registered_three_strategy_cell_superseded_by_20260912_rerun
kimi-k3,poolact,tuning,cost_tight,naive,input_tokens,task,hpobench:nasbench101:C,old_absolute,3788,False,kimi_original,entire_registered_three_strategy_cell_superseded_by_20260912_rerun
kimi-k3,poolact,tuning,cost_tight,naive,output_tokens,task,hpobench:nasbench101:C,old_absolute,3789,False,kimi_original,entire_registered_three_strategy_cell_superseded_by_20260912_rerun
kimi-k3,poolact,tuning,cost_tight,naive,protocol_failure_rate,task,hpobench:nasbench101:C,old_absolute,3790,False,kimi_original,entire_registered_three_strategy_cell_superseded_by_20260912_rerun
kimi-k3,poolact,tuning,cost_tight,naive,raw_perf_bon,task,hpobench:nasbench101:C,old_absolute,3791,False,kimi_original,entire_registered_three_strategy_cell_superseded_by_20260912_rerun
kimi-k3,poolact,tuning,cost_tight,naive,raw_perf_mi,task,hpobench:nasbench101:C,old_absolute,3792,False,kimi_original,entire_registered_three_strategy_cell_superseded_by_20260912_rerun
kimi-k3,poolact,tuning,cost_tight,naive,wall_time_seconds,task,hpobench:nasbench101:C,old_absolute,3793,False,kimi_original,entire_registered_three_strategy_cell_superseded_by_20260912_rerun
kimi-k3,poolact,tuning,cost_tight,poolact,budget_utilization,task,hpobench:nasbench101:C,old_absolute,3794,False,kimi_original,entire_registered_three_strategy_cell_superseded_by_20260912_rerun
kimi-k3,poolact,tuning,cost_tight,poolact,duplicate_action_attempts,task,hpobench:nasbench101:C,old_absolute,3795,False,kimi_original,entire_registered_three_strategy_cell_superseded_by_20260912_rerun
kimi-k3,poolact,tuning,cost_tight,poolact,feedback_attempts,task,hpobench:nasbench101:C,old_absolute,3796,False,kimi_original,entire_registered_three_strategy_cell_superseded_by_20260912_rerun
kimi-k3,poolact,tuning,cost_tight,poolact,feedback_cost_seconds,task,hpobench:nasbench101:C,old_absolute,3797,False,kimi_original,entire_registered_three_strategy_cell_superseded_by_20260912_rerun
kimi-k3,poolact,tuning,cost_tight,poolact,feedback_visible,task,hpobench:nasbench101:C,old_absolute,3798,False,kimi_original,entire_registered_three_strategy_cell_superseded_by_20260912_rerun
kimi-k3,poolact,tuning,cost_tight,poolact,gap_bon,task,hpobench:nasbench101:C,old_absolute,3799,False,kimi_original,entire_registered_three_strategy_cell_superseded_by_20260912_rerun
kimi-k3,poolact,tuning,cost_tight,poolact,gap_mi,task,hpobench:nasbench101:C,old_absolute,3800,False,kimi_original,entire_registered_three_strategy_cell_superseded_by_20260912_rerun
kimi-k3,poolact,tuning,cost_tight,poolact,input_tokens,task,hpobench:nasbench101:C,old_absolute,3801,False,kimi_original,entire_registered_three_strategy_cell_superseded_by_20260912_rerun
kimi-k3,poolact,tuning,cost_tight,poolact,output_tokens,task,hpobench:nasbench101:C,old_absolute,3802,False,kimi_original,entire_registered_three_strategy_cell_superseded_by_20260912_rerun
kimi-k3,poolact,tuning,cost_tight,poolact,protocol_failure_rate,task,hpobench:nasbench101:C,old_absolute,3803,False,kimi_original,entire_registered_three_strategy_cell_superseded_by_20260912_rerun
kimi-k3,poolact,tuning,cost_tight,poolact,raw_perf_bon,task,hpobench:nasbench101:C,old_absolute,3804,False,kimi_original,entire_registered_three_strategy_cell_superseded_by_20260912_rerun
kimi-k3,poolact,tuning,cost_tight,poolact,raw_perf_mi,task,hpobench:nasbench101:C,old_absolute,3805,False,kimi_original,entire_registered_three_strategy_cell_superseded_by_20260912_rerun
kimi-k3,poolact,tuning,cost_tight,poolact,wall_time_seconds,task,hpobench:nasbench101:C,old_absolute,3806,False,kimi_original,entire_registered_three_strategy_cell_superseded_by_20260912_rerun
deepseek-v4-flash-0731,expgym,evidence_audit,cost_free,single,evidence_acc,all,all,old_absolute,2,True,deepseek_original,latest_available_not_rerun
deepseek-v4-flash-0731,expgym,evidence_audit,cost_free,single,label_acc,all,all,old_absolute,7,True,deepseek_original,latest_available_not_rerun
deepseek-v4-flash-0731,expgym,evidence_audit,cost_moderate,single,evidence_acc,all,all,old_absolute,13,True,deepseek_original,latest_available_not_rerun
deepseek-v4-flash-0731,expgym,evidence_audit,cost_moderate,single,label_acc,all,all,old_absolute,18,True,deepseek_original,latest_available_not_rerun
deepseek-v4-flash-0731,expgym,evidence_audit,cost_tight,single,evidence_acc,all,all,old_absolute,24,True,deepseek_original,latest_available_not_rerun
deepseek-v4-flash-0731,expgym,evidence_audit,cost_tight,single,label_acc,all,all,old_absolute,29,True,deepseek_original,latest_available_not_rerun
deepseek-v4-flash-0731,expgym,evidence_audit,cost_free,single,evidence_acc,family,evidence_audit,old_absolute,34,True,deepseek_original,latest_available_not_rerun
deepseek-v4-flash-0731,expgym,evidence_audit,cost_free,single,label_acc,family,evidence_audit,old_absolute,39,True,deepseek_original,latest_available_not_rerun
deepseek-v4-flash-0731,expgym,evidence_audit,cost_moderate,single,evidence_acc,family,evidence_audit,old_absolute,45,True,deepseek_original,latest_available_not_rerun
deepseek-v4-flash-0731,expgym,evidence_audit,cost_moderate,single,label_acc,family,evidence_audit,old_absolute,50,True,deepseek_original,latest_available_not_rerun
deepseek-v4-flash-0731,expgym,evidence_audit,cost_tight,single,evidence_acc,family,evidence_audit,old_absolute,56,True,deepseek_original,latest_available_not_rerun
deepseek-v4-flash-0731,expgym,evidence_audit,cost_tight,single,label_acc,family,evidence_audit,old_absolute,61,True,deepseek_original,latest_available_not_rerun
deepseek-v4-flash-0731,expgym,restricted_search,cost_free,single,f1,all,all,old_absolute,66,True,deepseek_original,latest_available_not_rerun
deepseek-v4-flash-0731,expgym,restricted_search,cost_moderate,single,f1,all,all,old_absolute,76,True,deepseek_original,latest_available_not_rerun
deepseek-v4-flash-0731,expgym,restricted_search,cost_tight,single,f1,all,all,old_absolute,86,True,deepseek_original,latest_available_not_rerun
deepseek-v4-flash-0731,expgym,restricted_search,cost_free,single,f1,family,whatis,old_absolute,95,True,deepseek_original,latest_available_not_rerun
deepseek-v4-flash-0731,expgym,restricted_search,cost_moderate,single,f1,family,whatis,old_absolute,105,True,deepseek_original,latest_available_not_rerun
deepseek-v4-flash-0731,expgym,restricted_search,cost_tight,single,f1,family,whatis,old_absolute,115,True,deepseek_original,latest_available_not_rerun
deepseek-v4-flash-0731,expgym,restricted_search,cost_free,single,f1,family,whois,old_absolute,124,True,deepseek_original,latest_available_not_rerun
deepseek-v4-flash-0731,expgym,restricted_search,cost_moderate,single,f1,family,whois,old_absolute,134,True,deepseek_original,latest_available_not_rerun
deepseek-v4-flash-0731,expgym,restricted_search,cost_tight,single,f1,family,whois,old_absolute,144,True,deepseek_original,latest_available_not_rerun
deepseek-v4-flash-0731,expgym,tuning,cost_free,single,gap,all,all,old_absolute,156,True,deepseek_original,latest_available_not_rerun
deepseek-v4-flash-0731,expgym,tuning,cost_free,single,gap0,all,all,old_gap0,73,True,deepseek_original,latest_available_not_rerun
deepseek-v4-flash-0731,expgym,tuning,cost_free,single,raw_perf,all,all,old_absolute,160,True,deepseek_original,latest_available_not_rerun
deepseek-v4-flash-0731,expgym,tuning,cost_moderate,single,gap,all,all,old_absolute,167,True,deepseek_original,latest_available_not_rerun
deepseek-v4-flash-0731,expgym,tuning,cost_moderate,single,gap0,all,all,old_gap0,74,True,deepseek_original,latest_available_not_rerun
deepseek-v4-flash-0731,expgym,tuning,cost_moderate,single,raw_perf,all,all,old_absolute,171,True,deepseek_original,latest_available_not_rerun
deepseek-v4-flash-0731,expgym,tuning,cost_tight,single,gap,all,all,old_absolute,178,True,deepseek_original,latest_available_not_rerun
deepseek-v4-flash-0731,expgym,tuning,cost_tight,single,gap0,all,all,old_gap0,75,True,deepseek_original,latest_available_not_rerun
deepseek-v4-flash-0731,expgym,tuning,cost_tight,single,raw_perf,all,all,old_absolute,182,True,deepseek_original,latest_available_not_rerun
deepseek-v4-flash-0731,expgym,tuning,cost_free,single,gap,family,nasbench101,old_absolute,188,True,deepseek_original,latest_available_not_rerun
deepseek-v4-flash-0731,expgym,tuning,cost_free,single,gap0,family,nasbench101,old_gap0,76,True,deepseek_original,latest_available_not_rerun
deepseek-v4-flash-0731,expgym,tuning,cost_free,single,raw_perf,family,nasbench101,old_absolute,192,True,deepseek_original,latest_available_not_rerun
deepseek-v4-flash-0731,expgym,tuning,cost_moderate,single,gap,family,nasbench101,old_absolute,199,True,deepseek_original,latest_available_not_rerun
deepseek-v4-flash-0731,expgym,tuning,cost_moderate,single,gap0,family,nasbench101,old_gap0,77,True,deepseek_original,latest_available_not_rerun
deepseek-v4-flash-0731,expgym,tuning,cost_moderate,single,raw_perf,family,nasbench101,old_absolute,203,True,deepseek_original,latest_available_not_rerun
deepseek-v4-flash-0731,expgym,tuning,cost_tight,single,gap,family,nasbench101,old_absolute,210,True,deepseek_original,latest_available_not_rerun
deepseek-v4-flash-0731,expgym,tuning,cost_tight,single,gap0,family,nasbench101,old_gap0,78,True,deepseek_original,latest_available_not_rerun
deepseek-v4-flash-0731,expgym,tuning,cost_tight,single,raw_perf,family,nasbench101,old_absolute,214,True,deepseek_original,latest_available_not_rerun
deepseek-v4-flash-0731,expgym,tuning,cost_free,single,gap,family,nasbench201,old_absolute,220,True,deepseek_original,latest_available_not_rerun
deepseek-v4-flash-0731,expgym,tuning,cost_free,single,gap0,family,nasbench201,old_gap0,79,True,deepseek_original,latest_available_not_rerun
deepseek-v4-flash-0731,expgym,tuning,cost_free,single,raw_perf,family,nasbench201,old_absolute,224,True,deepseek_original,latest_available_not_rerun
deepseek-v4-flash-0731,expgym,tuning,cost_moderate,single,gap,family,nasbench201,old_absolute,231,True,deepseek_original,latest_available_not_rerun
deepseek-v4-flash-0731,expgym,tuning,cost_moderate,single,gap0,family,nasbench201,old_gap0,80,True,deepseek_original,latest_available_not_rerun
deepseek-v4-flash-0731,expgym,tuning,cost_moderate,single,raw_perf,family,nasbench201,old_absolute,235,True,deepseek_original,latest_available_not_rerun
deepseek-v4-flash-0731,expgym,tuning,cost_tight,single,gap,family,nasbench201,old_absolute,242,True,deepseek_original,latest_available_not_rerun
deepseek-v4-flash-0731,expgym,tuning,cost_tight,single,gap0,family,nasbench201,old_gap0,81,True,deepseek_original,latest_available_not_rerun
deepseek-v4-flash-0731,expgym,tuning,cost_tight,single,raw_perf,family,nasbench201,old_absolute,246,True,deepseek_original,latest_available_not_rerun
deepseek-v4-flash-0731,expgym,tuning,cost_free,single,gap,family,paramnet,old_absolute,252,True,deepseek_original,latest_available_not_rerun
deepseek-v4-flash-0731,expgym,tuning,cost_free,single,gap0,family,paramnet,old_gap0,82,True,deepseek_original,latest_available_not_rerun
deepseek-v4-flash-0731,expgym,tuning,cost_free,single,raw_perf,family,paramnet,old_absolute,256,True,deepseek_original,latest_available_not_rerun
deepseek-v4-flash-0731,expgym,tuning,cost_moderate,single,gap,family,paramnet,old_absolute,263,True,deepseek_original,latest_available_not_rerun
deepseek-v4-flash-0731,expgym,tuning,cost_moderate,single,gap0,family,paramnet,old_gap0,83,True,deepseek_original,latest_available_not_rerun
deepseek-v4-flash-0731,expgym,tuning,cost_moderate,single,raw_perf,family,paramnet,old_absolute,267,True,deepseek_original,latest_available_not_rerun
deepseek-v4-flash-0731,expgym,tuning,cost_tight,single,gap,family,paramnet,old_absolute,274,True,deepseek_original,latest_available_not_rerun
deepseek-v4-flash-0731,expgym,tuning,cost_tight,single,gap0,family,paramnet,old_gap0,84,True,deepseek_original,latest_available_not_rerun
deepseek-v4-flash-0731,expgym,tuning,cost_tight,single,raw_perf,family,paramnet,old_absolute,278,True,deepseek_original,latest_available_not_rerun
deepseek-v4-flash-0731,expgym,tuning,cost_free,single,gap,task,hpobench:nasbench101:A,old_absolute,284,True,deepseek_original,latest_available_not_rerun
deepseek-v4-flash-0731,expgym,tuning,cost_free,single,raw_perf,task,hpobench:nasbench101:A,old_absolute,288,True,deepseek_original,latest_available_not_rerun
deepseek-v4-flash-0731,expgym,tuning,cost_moderate,single,gap,task,hpobench:nasbench101:A,old_absolute,295,True,deepseek_original,latest_available_not_rerun
deepseek-v4-flash-0731,expgym,tuning,cost_moderate,single,raw_perf,task,hpobench:nasbench101:A,old_absolute,299,True,deepseek_original,latest_available_not_rerun
deepseek-v4-flash-0731,expgym,tuning,cost_tight,single,gap,task,hpobench:nasbench101:A,old_absolute,306,True,deepseek_original,latest_available_not_rerun
deepseek-v4-flash-0731,expgym,tuning,cost_tight,single,raw_perf,task,hpobench:nasbench101:A,old_absolute,310,True,deepseek_original,latest_available_not_rerun
deepseek-v4-flash-0731,expgym,tuning,cost_free,single,gap,task,hpobench:nasbench101:B,old_absolute,316,True,deepseek_original,latest_available_not_rerun
deepseek-v4-flash-0731,expgym,tuning,cost_free,single,raw_perf,task,hpobench:nasbench101:B,old_absolute,320,True,deepseek_original,latest_available_not_rerun
deepseek-v4-flash-0731,expgym,tuning,cost_moderate,single,gap,task,hpobench:nasbench101:B,old_absolute,327,True,deepseek_original,latest_available_not_rerun
deepseek-v4-flash-0731,expgym,tuning,cost_moderate,single,raw_perf,task,hpobench:nasbench101:B,old_absolute,331,True,deepseek_original,latest_available_not_rerun
deepseek-v4-flash-0731,expgym,tuning,cost_tight,single,gap,task,hpobench:nasbench101:B,old_absolute,338,True,deepseek_original,latest_available_not_rerun
deepseek-v4-flash-0731,expgym,tuning,cost_tight,single,raw_perf,task,hpobench:nasbench101:B,old_absolute,342,True,deepseek_original,latest_available_not_rerun
deepseek-v4-flash-0731,expgym,tuning,cost_free,single,gap,task,hpobench:nasbench101:C,old_absolute,348,True,deepseek_original,latest_available_not_rerun
deepseek-v4-flash-0731,expgym,tuning,cost_free,single,raw_perf,task,hpobench:nasbench101:C,old_absolute,352,True,deepseek_original,latest_available_not_rerun
deepseek-v4-flash-0731,expgym,tuning,cost_moderate,single,gap,task,hpobench:nasbench101:C,old_absolute,359,True,deepseek_original,latest_available_not_rerun
deepseek-v4-flash-0731,expgym,tuning,cost_moderate,single,raw_perf,task,hpobench:nasbench101:C,old_absolute,363,True,deepseek_original,latest_available_not_rerun
deepseek-v4-flash-0731,expgym,tuning,cost_tight,single,gap,task,hpobench:nasbench101:C,old_absolute,370,True,deepseek_original,latest_available_not_rerun
deepseek-v4-flash-0731,expgym,tuning,cost_tight,single,raw_perf,task,hpobench:nasbench101:C,old_absolute,374,True,deepseek_original,latest_available_not_rerun
deepseek-v4-flash-0731,expgym,tuning,cost_free,single,gap,task,hpobench:nasbench201:cifar10-valid,old_absolute,380,True,deepseek_original,latest_available_not_rerun
deepseek-v4-flash-0731,expgym,tuning,cost_free,single,raw_perf,task,hpobench:nasbench201:cifar10-valid,old_absolute,384,True,deepseek_original,latest_available_not_rerun
deepseek-v4-flash-0731,expgym,tuning,cost_moderate,single,gap,task,hpobench:nasbench201:cifar10-valid,old_absolute,391,True,deepseek_original,latest_available_not_rerun
deepseek-v4-flash-0731,expgym,tuning,cost_moderate,single,raw_perf,task,hpobench:nasbench201:cifar10-valid,old_absolute,395,True,deepseek_original,latest_available_not_rerun
deepseek-v4-flash-0731,expgym,tuning,cost_tight,single,gap,task,hpobench:nasbench201:cifar10-valid,old_absolute,402,True,deepseek_original,latest_available_not_rerun
deepseek-v4-flash-0731,expgym,tuning,cost_tight,single,raw_perf,task,hpobench:nasbench201:cifar10-valid,old_absolute,406,True,deepseek_original,latest_available_not_rerun
deepseek-v4-flash-0731,expgym,tuning,cost_free,single,gap,task,hpobench:nasbench201:cifar100,old_absolute,412,True,deepseek_original,latest_available_not_rerun
deepseek-v4-flash-0731,expgym,tuning,cost_free,single,raw_perf,task,hpobench:nasbench201:cifar100,old_absolute,416,True,deepseek_original,latest_available_not_rerun
deepseek-v4-flash-0731,expgym,tuning,cost_moderate,single,gap,task,hpobench:nasbench201:cifar100,old_absolute,423,True,deepseek_original,latest_available_not_rerun
deepseek-v4-flash-0731,expgym,tuning,cost_moderate,single,raw_perf,task,hpobench:nasbench201:cifar100,old_absolute,427,True,deepseek_original,latest_available_not_rerun
deepseek-v4-flash-0731,expgym,tuning,cost_tight,single,gap,task,hpobench:nasbench201:cifar100,old_absolute,434,True,deepseek_original,latest_available_not_rerun
deepseek-v4-flash-0731,expgym,tuning,cost_tight,single,raw_perf,task,hpobench:nasbench201:cifar100,old_absolute,438,True,deepseek_original,latest_available_not_rerun
deepseek-v4-flash-0731,expgym,tuning,cost_free,single,gap,task,hpobench:nasbench201:imagenet16-120,old_absolute,444,True,deepseek_original,latest_available_not_rerun
deepseek-v4-flash-0731,expgym,tuning,cost_free,single,raw_perf,task,hpobench:nasbench201:imagenet16-120,old_absolute,448,True,deepseek_original,latest_available_not_rerun
deepseek-v4-flash-0731,expgym,tuning,cost_moderate,single,gap,task,hpobench:nasbench201:imagenet16-120,old_absolute,455,True,deepseek_original,latest_available_not_rerun
deepseek-v4-flash-0731,expgym,tuning,cost_moderate,single,raw_perf,task,hpobench:nasbench201:imagenet16-120,old_absolute,459,True,deepseek_original,latest_available_not_rerun
deepseek-v4-flash-0731,expgym,tuning,cost_tight,single,gap,task,hpobench:nasbench201:imagenet16-120,old_absolute,466,True,deepseek_original,latest_available_not_rerun
deepseek-v4-flash-0731,expgym,tuning,cost_tight,single,raw_perf,task,hpobench:nasbench201:imagenet16-120,old_absolute,470,True,deepseek_original,latest_available_not_rerun
deepseek-v4-flash-0731,expgym,tuning,cost_free,single,gap,task,hpobench:paramnet:adult:steps,old_absolute,476,True,deepseek_original,latest_available_not_rerun
deepseek-v4-flash-0731,expgym,tuning,cost_free,single,raw_perf,task,hpobench:paramnet:adult:steps,old_absolute,480,True,deepseek_original,latest_available_not_rerun
deepseek-v4-flash-0731,expgym,tuning,cost_moderate,single,gap,task,hpobench:paramnet:adult:steps,old_absolute,487,True,deepseek_original,latest_available_not_rerun
deepseek-v4-flash-0731,expgym,tuning,cost_moderate,single,raw_perf,task,hpobench:paramnet:adult:steps,old_absolute,491,True,deepseek_original,latest_available_not_rerun
deepseek-v4-flash-0731,expgym,tuning,cost_tight,single,gap,task,hpobench:paramnet:adult:steps,old_absolute,498,True,deepseek_original,latest_available_not_rerun
deepseek-v4-flash-0731,expgym,tuning,cost_tight,single,raw_perf,task,hpobench:paramnet:adult:steps,old_absolute,502,True,deepseek_original,latest_available_not_rerun
deepseek-v4-flash-0731,expgym,tuning,cost_free,single,gap,task,hpobench:paramnet:higgs:steps,old_absolute,508,True,deepseek_original,latest_available_not_rerun
deepseek-v4-flash-0731,expgym,tuning,cost_free,single,raw_perf,task,hpobench:paramnet:higgs:steps,old_absolute,512,True,deepseek_original,latest_available_not_rerun
deepseek-v4-flash-0731,expgym,tuning,cost_moderate,single,gap,task,hpobench:paramnet:higgs:steps,old_absolute,519,True,deepseek_original,latest_available_not_rerun
deepseek-v4-flash-0731,expgym,tuning,cost_moderate,single,raw_perf,task,hpobench:paramnet:higgs:steps,old_absolute,523,True,deepseek_original,latest_available_not_rerun
deepseek-v4-flash-0731,expgym,tuning,cost_tight,single,gap,task,hpobench:paramnet:higgs:steps,old_absolute,530,True,deepseek_original,latest_available_not_rerun
deepseek-v4-flash-0731,expgym,tuning,cost_tight,single,raw_perf,task,hpobench:paramnet:higgs:steps,old_absolute,534,True,deepseek_original,latest_available_not_rerun
deepseek-v4-flash-0731,expgym,tuning,cost_free,single,gap,task,hpobench:paramnet:letter:steps,old_absolute,540,True,deepseek_original,latest_available_not_rerun
deepseek-v4-flash-0731,expgym,tuning,cost_free,single,raw_perf,task,hpobench:paramnet:letter:steps,old_absolute,544,True,deepseek_original,latest_available_not_rerun
deepseek-v4-flash-0731,expgym,tuning,cost_moderate,single,gap,task,hpobench:paramnet:letter:steps,old_absolute,551,True,deepseek_original,latest_available_not_rerun
deepseek-v4-flash-0731,expgym,tuning,cost_moderate,single,raw_perf,task,hpobench:paramnet:letter:steps,old_absolute,555,True,deepseek_original,latest_available_not_rerun
deepseek-v4-flash-0731,expgym,tuning,cost_tight,single,gap,task,hpobench:paramnet:letter:steps,old_absolute,562,True,deepseek_original,latest_available_not_rerun
deepseek-v4-flash-0731,expgym,tuning,cost_tight,single,raw_perf,task,hpobench:paramnet:letter:steps,old_absolute,566,True,deepseek_original,latest_available_not_rerun
deepseek-v4-flash-0731,poolact,evidence_audit,cost_moderate,cached,evidence_acc_mi,all,all,rerun_aggregate,1,True,deepseek_rerun_20260912,latest_registered_three_strategy_rerun
deepseek-v4-flash-0731,poolact,evidence_audit,cost_moderate,cached,evidence_acc_mv,all,all,rerun_aggregate,2,True,deepseek_rerun_20260912,latest_registered_three_strategy_rerun
deepseek-v4-flash-0731,poolact,evidence_audit,cost_moderate,cached,label_acc_mi,all,all,rerun_aggregate,3,True,deepseek_rerun_20260912,latest_registered_three_strategy_rerun
deepseek-v4-flash-0731,poolact,evidence_audit,cost_moderate,cached,label_acc_mv,all,all,rerun_aggregate,4,True,deepseek_rerun_20260912,latest_registered_three_strategy_rerun
deepseek-v4-flash-0731,poolact,evidence_audit,cost_moderate,naive,evidence_acc_mi,all,all,rerun_aggregate,5,True,deepseek_rerun_20260912,latest_registered_three_strategy_rerun
deepseek-v4-flash-0731,poolact,evidence_audit,cost_moderate,naive,evidence_acc_mv,all,all,rerun_aggregate,6,True,deepseek_rerun_20260912,latest_registered_three_strategy_rerun
deepseek-v4-flash-0731,poolact,evidence_audit,cost_moderate,naive,label_acc_mi,all,all,rerun_aggregate,7,True,deepseek_rerun_20260912,latest_registered_three_strategy_rerun
deepseek-v4-flash-0731,poolact,evidence_audit,cost_moderate,naive,label_acc_mv,all,all,rerun_aggregate,8,True,deepseek_rerun_20260912,latest_registered_three_strategy_rerun
deepseek-v4-flash-0731,poolact,evidence_audit,cost_moderate,poolact,evidence_acc_mi,all,all,rerun_aggregate,9,True,deepseek_rerun_20260912,latest_registered_three_strategy_rerun
deepseek-v4-flash-0731,poolact,evidence_audit,cost_moderate,poolact,evidence_acc_mv,all,all,rerun_aggregate,10,True,deepseek_rerun_20260912,latest_registered_three_strategy_rerun
deepseek-v4-flash-0731,poolact,evidence_audit,cost_moderate,poolact,label_acc_mi,all,all,rerun_aggregate,11,True,deepseek_rerun_20260912,latest_registered_three_strategy_rerun
deepseek-v4-flash-0731,poolact,evidence_audit,cost_moderate,poolact,label_acc_mv,all,all,rerun_aggregate,12,True,deepseek_rerun_20260912,latest_registered_three_strategy_rerun
deepseek-v4-flash-0731,poolact,evidence_audit,cost_tight,cached,evidence_acc_mi,all,all,rerun_aggregate,13,True,deepseek_rerun_20260912,latest_registered_three_strategy_rerun
deepseek-v4-flash-0731,poolact,evidence_audit,cost_tight,cached,evidence_acc_mv,all,all,rerun_aggregate,14,True,deepseek_rerun_20260912,latest_registered_three_strategy_rerun
deepseek-v4-flash-0731,poolact,evidence_audit,cost_tight,cached,label_acc_mi,all,all,rerun_aggregate,15,True,deepseek_rerun_20260912,latest_registered_three_strategy_rerun
deepseek-v4-flash-0731,poolact,evidence_audit,cost_tight,cached,label_acc_mv,all,all,rerun_aggregate,16,True,deepseek_rerun_20260912,latest_registered_three_strategy_rerun
deepseek-v4-flash-0731,poolact,evidence_audit,cost_tight,naive,evidence_acc_mi,all,all,rerun_aggregate,17,True,deepseek_rerun_20260912,latest_registered_three_strategy_rerun
deepseek-v4-flash-0731,poolact,evidence_audit,cost_tight,naive,evidence_acc_mv,all,all,rerun_aggregate,18,True,deepseek_rerun_20260912,latest_registered_three_strategy_rerun
deepseek-v4-flash-0731,poolact,evidence_audit,cost_tight,naive,label_acc_mi,all,all,rerun_aggregate,19,True,deepseek_rerun_20260912,latest_registered_three_strategy_rerun
deepseek-v4-flash-0731,poolact,evidence_audit,cost_tight,naive,label_acc_mv,all,all,rerun_aggregate,20,True,deepseek_rerun_20260912,latest_registered_three_strategy_rerun
deepseek-v4-flash-0731,poolact,evidence_audit,cost_tight,poolact,evidence_acc_mi,all,all,rerun_aggregate,21,True,deepseek_rerun_20260912,latest_registered_three_strategy_rerun
deepseek-v4-flash-0731,poolact,evidence_audit,cost_tight,poolact,evidence_acc_mv,all,all,rerun_aggregate,22,True,deepseek_rerun_20260912,latest_registered_three_strategy_rerun
deepseek-v4-flash-0731,poolact,evidence_audit,cost_tight,poolact,label_acc_mi,all,all,rerun_aggregate,23,True,deepseek_rerun_20260912,latest_registered_three_strategy_rerun
deepseek-v4-flash-0731,poolact,evidence_audit,cost_tight,poolact,label_acc_mv,all,all,rerun_aggregate,24,True,deepseek_rerun_20260912,latest_registered_three_strategy_rerun
deepseek-v4-flash-0731,poolact,evidence_audit,cost_moderate,cached,evidence_acc_mi,family,evidence_audit,rerun_aggregate,1,True,deepseek_rerun_20260912,latest_registered_three_strategy_rerun
deepseek-v4-flash-0731,poolact,evidence_audit,cost_moderate,cached,evidence_acc_mv,family,evidence_audit,rerun_aggregate,2,True,deepseek_rerun_20260912,latest_registered_three_strategy_rerun
deepseek-v4-flash-0731,poolact,evidence_audit,cost_moderate,cached,label_acc_mi,family,evidence_audit,rerun_aggregate,3,True,deepseek_rerun_20260912,latest_registered_three_strategy_rerun
deepseek-v4-flash-0731,poolact,evidence_audit,cost_moderate,cached,label_acc_mv,family,evidence_audit,rerun_aggregate,4,True,deepseek_rerun_20260912,latest_registered_three_strategy_rerun
deepseek-v4-flash-0731,poolact,evidence_audit,cost_moderate,naive,evidence_acc_mi,family,evidence_audit,rerun_aggregate,5,True,deepseek_rerun_20260912,latest_registered_three_strategy_rerun
deepseek-v4-flash-0731,poolact,evidence_audit,cost_moderate,naive,evidence_acc_mv,family,evidence_audit,rerun_aggregate,6,True,deepseek_rerun_20260912,latest_registered_three_strategy_rerun
deepseek-v4-flash-0731,poolact,evidence_audit,cost_moderate,naive,label_acc_mi,family,evidence_audit,rerun_aggregate,7,True,deepseek_rerun_20260912,latest_registered_three_strategy_rerun
deepseek-v4-flash-0731,poolact,evidence_audit,cost_moderate,naive,label_acc_mv,family,evidence_audit,rerun_aggregate,8,True,deepseek_rerun_20260912,latest_registered_three_strategy_rerun
deepseek-v4-flash-0731,poolact,evidence_audit,cost_moderate,poolact,evidence_acc_mi,family,evidence_audit,rerun_aggregate,9,True,deepseek_rerun_20260912,latest_registered_three_strategy_rerun
deepseek-v4-flash-0731,poolact,evidence_audit,cost_moderate,poolact,evidence_acc_mv,family,evidence_audit,rerun_aggregate,10,True,deepseek_rerun_20260912,latest_registered_three_strategy_rerun
deepseek-v4-flash-0731,poolact,evidence_audit,cost_moderate,poolact,label_acc_mi,family,evidence_audit,rerun_aggregate,11,True,deepseek_rerun_20260912,latest_registered_three_strategy_rerun
deepseek-v4-flash-0731,poolact,evidence_audit,cost_moderate,poolact,label_acc_mv,family,evidence_audit,rerun_aggregate,12,True,deepseek_rerun_20260912,latest_registered_three_strategy_rerun
deepseek-v4-flash-0731,poolact,evidence_audit,cost_tight,cached,evidence_acc_mi,family,evidence_audit,rerun_aggregate,13,True,deepseek_rerun_20260912,latest_registered_three_strategy_rerun
deepseek-v4-flash-0731,poolact,evidence_audit,cost_tight,cached,evidence_acc_mv,family,evidence_audit,rerun_aggregate,14,True,deepseek_rerun_20260912,latest_registered_three_strategy_rerun
deepseek-v4-flash-0731,poolact,evidence_audit,cost_tight,cached,label_acc_mi,family,evidence_audit,rerun_aggregate,15,True,deepseek_rerun_20260912,latest_registered_three_strategy_rerun
deepseek-v4-flash-0731,poolact,evidence_audit,cost_tight,cached,label_acc_mv,family,evidence_audit,rerun_aggregate,16,True,deepseek_rerun_20260912,latest_registered_three_strategy_rerun
deepseek-v4-flash-0731,poolact,evidence_audit,cost_tight,naive,evidence_acc_mi,family,evidence_audit,rerun_aggregate,17,True,deepseek_rerun_20260912,latest_registered_three_strategy_rerun
deepseek-v4-flash-0731,poolact,evidence_audit,cost_tight,naive,evidence_acc_mv,family,evidence_audit,rerun_aggregate,18,True,deepseek_rerun_20260912,latest_registered_three_strategy_rerun
deepseek-v4-flash-0731,poolact,evidence_audit,cost_tight,naive,label_acc_mi,family,evidence_audit,rerun_aggregate,19,True,deepseek_rerun_20260912,latest_registered_three_strategy_rerun
deepseek-v4-flash-0731,poolact,evidence_audit,cost_tight,naive,label_acc_mv,family,evidence_audit,rerun_aggregate,20,True,deepseek_rerun_20260912,latest_registered_three_strategy_rerun
deepseek-v4-flash-0731,poolact,evidence_audit,cost_tight,poolact,evidence_acc_mi,family,evidence_audit,rerun_aggregate,21,True,deepseek_rerun_20260912,latest_registered_three_strategy_rerun
deepseek-v4-flash-0731,poolact,evidence_audit,cost_tight,poolact,evidence_acc_mv,family,evidence_audit,rerun_aggregate,22,True,deepseek_rerun_20260912,latest_registered_three_strategy_rerun
deepseek-v4-flash-0731,poolact,evidence_audit,cost_tight,poolact,label_acc_mi,family,evidence_audit,rerun_aggregate,23,True,deepseek_rerun_20260912,latest_registered_three_strategy_rerun
deepseek-v4-flash-0731,poolact,evidence_audit,cost_tight,poolact,label_acc_mv,family,evidence_audit,rerun_aggregate,24,True,deepseek_rerun_20260912,latest_registered_three_strategy_rerun
deepseek-v4-flash-0731,poolact,evidence_audit,cost_moderate,cached,evidence_acc_mi,task,cc-large:0,rerun_items,1,True,deepseek_rerun_20260912,latest_registered_three_strategy_rerun
deepseek-v4-flash-0731,poolact,evidence_audit,cost_moderate,cached,evidence_acc_mv,task,cc-large:0,rerun_items,14,True,deepseek_rerun_20260912,latest_registered_three_strategy_rerun
deepseek-v4-flash-0731,poolact,evidence_audit,cost_moderate,cached,label_acc_mi,task,cc-large:0,rerun_items,27,True,deepseek_rerun_20260912,latest_registered_three_strategy_rerun
deepseek-v4-flash-0731,poolact,evidence_audit,cost_moderate,cached,label_acc_mv,task,cc-large:0,rerun_items,40,True,deepseek_rerun_20260912,latest_registered_three_strategy_rerun
deepseek-v4-flash-0731,poolact,evidence_audit,cost_moderate,naive,evidence_acc_mi,task,cc-large:0,rerun_items,53,True,deepseek_rerun_20260912,latest_registered_three_strategy_rerun
deepseek-v4-flash-0731,poolact,evidence_audit,cost_moderate,naive,evidence_acc_mv,task,cc-large:0,rerun_items,66,True,deepseek_rerun_20260912,latest_registered_three_strategy_rerun
deepseek-v4-flash-0731,poolact,evidence_audit,cost_moderate,naive,label_acc_mi,task,cc-large:0,rerun_items,79,True,deepseek_rerun_20260912,latest_registered_three_strategy_rerun
deepseek-v4-flash-0731,poolact,evidence_audit,cost_moderate,naive,label_acc_mv,task,cc-large:0,rerun_items,92,True,deepseek_rerun_20260912,latest_registered_three_strategy_rerun
deepseek-v4-flash-0731,poolact,evidence_audit,cost_moderate,poolact,evidence_acc_mi,task,cc-large:0,rerun_items,105,True,deepseek_rerun_20260912,latest_registered_three_strategy_rerun
deepseek-v4-flash-0731,poolact,evidence_audit,cost_moderate,poolact,evidence_acc_mv,task,cc-large:0,rerun_items,118,True,deepseek_rerun_20260912,latest_registered_three_strategy_rerun
deepseek-v4-flash-0731,poolact,evidence_audit,cost_moderate,poolact,label_acc_mi,task,cc-large:0,rerun_items,131,True,deepseek_rerun_20260912,latest_registered_three_strategy_rerun
deepseek-v4-flash-0731,poolact,evidence_audit,cost_moderate,poolact,label_acc_mv,task,cc-large:0,rerun_items,144,True,deepseek_rerun_20260912,latest_registered_three_strategy_rerun
deepseek-v4-flash-0731,poolact,evidence_audit,cost_tight,cached,evidence_acc_mi,task,cc-large:0,rerun_items,157,True,deepseek_rerun_20260912,latest_registered_three_strategy_rerun
deepseek-v4-flash-0731,poolact,evidence_audit,cost_tight,cached,evidence_acc_mv,task,cc-large:0,rerun_items,170,True,deepseek_rerun_20260912,latest_registered_three_strategy_rerun
deepseek-v4-flash-0731,poolact,evidence_audit,cost_tight,cached,label_acc_mi,task,cc-large:0,rerun_items,183,True,deepseek_rerun_20260912,latest_registered_three_strategy_rerun
deepseek-v4-flash-0731,poolact,evidence_audit,cost_tight,cached,label_acc_mv,task,cc-large:0,rerun_items,196,True,deepseek_rerun_20260912,latest_registered_three_strategy_rerun
deepseek-v4-flash-0731,poolact,evidence_audit,cost_tight,naive,evidence_acc_mi,task,cc-large:0,rerun_items,209,True,deepseek_rerun_20260912,latest_registered_three_strategy_rerun
deepseek-v4-flash-0731,poolact,evidence_audit,cost_tight,naive,evidence_acc_mv,task,cc-large:0,rerun_items,222,True,deepseek_rerun_20260912,latest_registered_three_strategy_rerun
deepseek-v4-flash-0731,poolact,evidence_audit,cost_tight,naive,label_acc_mi,task,cc-large:0,rerun_items,235,True,deepseek_rerun_20260912,latest_registered_three_strategy_rerun
deepseek-v4-flash-0731,poolact,evidence_audit,cost_tight,naive,label_acc_mv,task,cc-large:0,rerun_items,248,True,deepseek_rerun_20260912,latest_registered_three_strategy_rerun
deepseek-v4-flash-0731,poolact,evidence_audit,cost_tight,poolact,evidence_acc_mi,task,cc-large:0,rerun_items,261,True,deepseek_rerun_20260912,latest_registered_three_strategy_rerun
deepseek-v4-flash-0731,poolact,evidence_audit,cost_tight,poolact,evidence_acc_mv,task,cc-large:0,rerun_items,274,True,deepseek_rerun_20260912,latest_registered_three_strategy_rerun
deepseek-v4-flash-0731,poolact,evidence_audit,cost_tight,poolact,label_acc_mi,task,cc-large:0,rerun_items,287,True,deepseek_rerun_20260912,latest_registered_three_strategy_rerun
deepseek-v4-flash-0731,poolact,evidence_audit,cost_tight,poolact,label_acc_mv,task,cc-large:0,rerun_items,300,True,deepseek_rerun_20260912,latest_registered_three_strategy_rerun
deepseek-v4-flash-0731,poolact,evidence_audit,cost_moderate,cached,evidence_acc_mi,task,cc-large:1,rerun_items,2,True,deepseek_rerun_20260912,latest_registered_three_strategy_rerun
deepseek-v4-flash-0731,poolact,evidence_audit,cost_moderate,cached,evidence_acc_mv,task,cc-large:1,rerun_items,15,True,deepseek_rerun_20260912,latest_registered_three_strategy_rerun
deepseek-v4-flash-0731,poolact,evidence_audit,cost_moderate,cached,label_acc_mi,task,cc-large:1,rerun_items,28,True,deepseek_rerun_20260912,latest_registered_three_strategy_rerun
deepseek-v4-flash-0731,poolact,evidence_audit,cost_moderate,cached,label_acc_mv,task,cc-large:1,rerun_items,41,True,deepseek_rerun_20260912,latest_registered_three_strategy_rerun
deepseek-v4-flash-0731,poolact,evidence_audit,cost_moderate,naive,evidence_acc_mi,task,cc-large:1,rerun_items,54,True,deepseek_rerun_20260912,latest_registered_three_strategy_rerun
deepseek-v4-flash-0731,poolact,evidence_audit,cost_moderate,naive,evidence_acc_mv,task,cc-large:1,rerun_items,67,True,deepseek_rerun_20260912,latest_registered_three_strategy_rerun
deepseek-v4-flash-0731,poolact,evidence_audit,cost_moderate,naive,label_acc_mi,task,cc-large:1,rerun_items,80,True,deepseek_rerun_20260912,latest_registered_three_strategy_rerun
deepseek-v4-flash-0731,poolact,evidence_audit,cost_moderate,naive,label_acc_mv,task,cc-large:1,rerun_items,93,True,deepseek_rerun_20260912,latest_registered_three_strategy_rerun
deepseek-v4-flash-0731,poolact,evidence_audit,cost_moderate,poolact,evidence_acc_mi,task,cc-large:1,rerun_items,106,True,deepseek_rerun_20260912,latest_registered_three_strategy_rerun
deepseek-v4-flash-0731,poolact,evidence_audit,cost_moderate,poolact,evidence_acc_mv,task,cc-large:1,rerun_items,119,True,deepseek_rerun_20260912,latest_registered_three_strategy_rerun
deepseek-v4-flash-0731,poolact,evidence_audit,cost_moderate,poolact,label_acc_mi,task,cc-large:1,rerun_items,132,True,deepseek_rerun_20260912,latest_registered_three_strategy_rerun
deepseek-v4-flash-0731,poolact,evidence_audit,cost_moderate,poolact,label_acc_mv,task,cc-large:1,rerun_items,145,True,deepseek_rerun_20260912,latest_registered_three_strategy_rerun
deepseek-v4-flash-0731,poolact,evidence_audit,cost_tight,cached,evidence_acc_mi,task,cc-large:1,rerun_items,158,True,deepseek_rerun_20260912,latest_registered_three_strategy_rerun
deepseek-v4-flash-0731,poolact,evidence_audit,cost_tight,cached,evidence_acc_mv,task,cc-large:1,rerun_items,171,True,deepseek_rerun_20260912,latest_registered_three_strategy_rerun
deepseek-v4-flash-0731,poolact,evidence_audit,cost_tight,cached,label_acc_mi,task,cc-large:1,rerun_items,184,True,deepseek_rerun_20260912,latest_registered_three_strategy_rerun
deepseek-v4-flash-0731,poolact,evidence_audit,cost_tight,cached,label_acc_mv,task,cc-large:1,rerun_items,197,True,deepseek_rerun_20260912,latest_registered_three_strategy_rerun
deepseek-v4-flash-0731,poolact,evidence_audit,cost_tight,naive,evidence_acc_mi,task,cc-large:1,rerun_items,210,True,deepseek_rerun_20260912,latest_registered_three_strategy_rerun
deepseek-v4-flash-0731,poolact,evidence_audit,cost_tight,naive,evidence_acc_mv,task,cc-large:1,rerun_items,223,True,deepseek_rerun_20260912,latest_registered_three_strategy_rerun
deepseek-v4-flash-0731,poolact,evidence_audit,cost_tight,naive,label_acc_mi,task,cc-large:1,rerun_items,236,True,deepseek_rerun_20260912,latest_registered_three_strategy_rerun
deepseek-v4-flash-0731,poolact,evidence_audit,cost_tight,naive,label_acc_mv,task,cc-large:1,rerun_items,249,True,deepseek_rerun_20260912,latest_registered_three_strategy_rerun
deepseek-v4-flash-0731,poolact,evidence_audit,cost_tight,poolact,evidence_acc_mi,task,cc-large:1,rerun_items,262,True,deepseek_rerun_20260912,latest_registered_three_strategy_rerun
deepseek-v4-flash-0731,poolact,evidence_audit,cost_tight,poolact,evidence_acc_mv,task,cc-large:1,rerun_items,275,True,deepseek_rerun_20260912,latest_registered_three_strategy_rerun
deepseek-v4-flash-0731,poolact,evidence_audit,cost_tight,poolact,label_acc_mi,task,cc-large:1,rerun_items,288,True,deepseek_rerun_20260912,latest_registered_three_strategy_rerun
deepseek-v4-flash-0731,poolact,evidence_audit,cost_tight,poolact,label_acc_mv,task,cc-large:1,rerun_items,301,True,deepseek_rerun_20260912,latest_registered_three_strategy_rerun
deepseek-v4-flash-0731,poolact,evidence_audit,cost_moderate,cached,evidence_acc_mi,task,cc-large:10,rerun_items,3,True,deepseek_rerun_20260912,latest_registered_three_strategy_rerun
deepseek-v4-flash-0731,poolact,evidence_audit,cost_moderate,cached,evidence_acc_mv,task,cc-large:10,rerun_items,16,True,deepseek_rerun_20260912,latest_registered_three_strategy_rerun
deepseek-v4-flash-0731,poolact,evidence_audit,cost_moderate,cached,label_acc_mi,task,cc-large:10,rerun_items,29,True,deepseek_rerun_20260912,latest_registered_three_strategy_rerun
deepseek-v4-flash-0731,poolact,evidence_audit,cost_moderate,cached,label_acc_mv,task,cc-large:10,rerun_items,42,True,deepseek_rerun_20260912,latest_registered_three_strategy_rerun
deepseek-v4-flash-0731,poolact,evidence_audit,cost_moderate,naive,evidence_acc_mi,task,cc-large:10,rerun_items,55,True,deepseek_rerun_20260912,latest_registered_three_strategy_rerun
deepseek-v4-flash-0731,poolact,evidence_audit,cost_moderate,naive,evidence_acc_mv,task,cc-large:10,rerun_items,68,True,deepseek_rerun_20260912,latest_registered_three_strategy_rerun
deepseek-v4-flash-0731,poolact,evidence_audit,cost_moderate,naive,label_acc_mi,task,cc-large:10,rerun_items,81,True,deepseek_rerun_20260912,latest_registered_three_strategy_rerun
deepseek-v4-flash-0731,poolact,evidence_audit,cost_moderate,naive,label_acc_mv,task,cc-large:10,rerun_items,94,True,deepseek_rerun_20260912,latest_registered_three_strategy_rerun
deepseek-v4-flash-0731,poolact,evidence_audit,cost_moderate,poolact,evidence_acc_mi,task,cc-large:10,rerun_items,107,True,deepseek_rerun_20260912,latest_registered_three_strategy_rerun
deepseek-v4-flash-0731,poolact,evidence_audit,cost_moderate,poolact,evidence_acc_mv,task,cc-large:10,rerun_items,120,True,deepseek_rerun_20260912,latest_registered_three_strategy_rerun
deepseek-v4-flash-0731,poolact,evidence_audit,cost_moderate,poolact,label_acc_mi,task,cc-large:10,rerun_items,133,True,deepseek_rerun_20260912,latest_registered_three_strategy_rerun
deepseek-v4-flash-0731,poolact,evidence_audit,cost_moderate,poolact,label_acc_mv,task,cc-large:10,rerun_items,146,True,deepseek_rerun_20260912,latest_registered_three_strategy_rerun
deepseek-v4-flash-0731,poolact,evidence_audit,cost_tight,cached,evidence_acc_mi,task,cc-large:10,rerun_items,159,True,deepseek_rerun_20260912,latest_registered_three_strategy_rerun
deepseek-v4-flash-0731,poolact,evidence_audit,cost_tight,cached,evidence_acc_mv,task,cc-large:10,rerun_items,172,True,deepseek_rerun_20260912,latest_registered_three_strategy_rerun
deepseek-v4-flash-0731,poolact,evidence_audit,cost_tight,cached,label_acc_mi,task,cc-large:10,rerun_items,185,True,deepseek_rerun_20260912,latest_registered_three_strategy_rerun
deepseek-v4-flash-0731,poolact,evidence_audit,cost_tight,cached,label_acc_mv,task,cc-large:10,rerun_items,198,True,deepseek_rerun_20260912,latest_registered_three_strategy_rerun
deepseek-v4-flash-0731,poolact,evidence_audit,cost_tight,naive,evidence_acc_mi,task,cc-large:10,rerun_items,211,True,deepseek_rerun_20260912,latest_registered_three_strategy_rerun
deepseek-v4-flash-0731,poolact,evidence_audit,cost_tight,naive,evidence_acc_mv,task,cc-large:10,rerun_items,224,True,deepseek_rerun_20260912,latest_registered_three_strategy_rerun
deepseek-v4-flash-0731,poolact,evidence_audit,cost_tight,naive,label_acc_mi,task,cc-large:10,rerun_items,237,True,deepseek_rerun_20260912,latest_registered_three_strategy_rerun
deepseek-v4-flash-0731,poolact,evidence_audit,cost_tight,naive,label_acc_mv,task,cc-large:10,rerun_items,250,True,deepseek_rerun_20260912,latest_registered_three_strategy_rerun
deepseek-v4-flash-0731,poolact,evidence_audit,cost_tight,poolact,evidence_acc_mi,task,cc-large:10,rerun_items,263,True,deepseek_rerun_20260912,latest_registered_three_strategy_rerun
deepseek-v4-flash-0731,poolact,evidence_audit,cost_tight,poolact,evidence_acc_mv,task,cc-large:10,rerun_items,276,True,deepseek_rerun_20260912,latest_registered_three_strategy_rerun
deepseek-v4-flash-0731,poolact,evidence_audit,cost_tight,poolact,label_acc_mi,task,cc-large:10,rerun_items,289,True,deepseek_rerun_20260912,latest_registered_three_strategy_rerun
deepseek-v4-flash-0731,poolact,evidence_audit,cost_tight,poolact,label_acc_mv,task,cc-large:10,rerun_items,302,True,deepseek_rerun_20260912,latest_registered_three_strategy_rerun
deepseek-v4-flash-0731,poolact,evidence_audit,cost_moderate,cached,evidence_acc_mi,task,cc-large:11,rerun_items,4,True,deepseek_rerun_20260912,latest_registered_three_strategy_rerun
deepseek-v4-flash-0731,poolact,evidence_audit,cost_moderate,cached,evidence_acc_mv,task,cc-large:11,rerun_items,17,True,deepseek_rerun_20260912,latest_registered_three_strategy_rerun
deepseek-v4-flash-0731,poolact,evidence_audit,cost_moderate,cached,label_acc_mi,task,cc-large:11,rerun_items,30,True,deepseek_rerun_20260912,latest_registered_three_strategy_rerun
deepseek-v4-flash-0731,poolact,evidence_audit,cost_moderate,cached,label_acc_mv,task,cc-large:11,rerun_items,43,True,deepseek_rerun_20260912,latest_registered_three_strategy_rerun
deepseek-v4-flash-0731,poolact,evidence_audit,cost_moderate,naive,evidence_acc_mi,task,cc-large:11,rerun_items,56,True,deepseek_rerun_20260912,latest_registered_three_strategy_rerun
deepseek-v4-flash-0731,poolact,evidence_audit,cost_moderate,naive,evidence_acc_mv,task,cc-large:11,rerun_items,69,True,deepseek_rerun_20260912,latest_registered_three_strategy_rerun
deepseek-v4-flash-0731,poolact,evidence_audit,cost_moderate,naive,label_acc_mi,task,cc-large:11,rerun_items,82,True,deepseek_rerun_20260912,latest_registered_three_strategy_rerun
deepseek-v4-flash-0731,poolact,evidence_audit,cost_moderate,naive,label_acc_mv,task,cc-large:11,rerun_items,95,True,deepseek_rerun_20260912,latest_registered_three_strategy_rerun
deepseek-v4-flash-0731,poolact,evidence_audit,cost_moderate,poolact,evidence_acc_mi,task,cc-large:11,rerun_items,108,True,deepseek_rerun_20260912,latest_registered_three_strategy_rerun
deepseek-v4-flash-0731,poolact,evidence_audit,cost_moderate,poolact,evidence_acc_mv,task,cc-large:11,rerun_items,121,True,deepseek_rerun_20260912,latest_registered_three_strategy_rerun
deepseek-v4-flash-0731,poolact,evidence_audit,cost_moderate,poolact,label_acc_mi,task,cc-large:11,rerun_items,134,True,deepseek_rerun_20260912,latest_registered_three_strategy_rerun
deepseek-v4-flash-0731,poolact,evidence_audit,cost_moderate,poolact,label_acc_mv,task,cc-large:11,rerun_items,147,True,deepseek_rerun_20260912,latest_registered_three_strategy_rerun
deepseek-v4-flash-0731,poolact,evidence_audit,cost_tight,cached,evidence_acc_mi,task,cc-large:11,rerun_items,160,True,deepseek_rerun_20260912,latest_registered_three_strategy_rerun
deepseek-v4-flash-0731,poolact,evidence_audit,cost_tight,cached,evidence_acc_mv,task,cc-large:11,rerun_items,173,True,deepseek_rerun_20260912,latest_registered_three_strategy_rerun
deepseek-v4-flash-0731,poolact,evidence_audit,cost_tight,cached,label_acc_mi,task,cc-large:11,rerun_items,186,True,deepseek_rerun_20260912,latest_registered_three_strategy_rerun
deepseek-v4-flash-0731,poolact,evidence_audit,cost_tight,cached,label_acc_mv,task,cc-large:11,rerun_items,199,True,deepseek_rerun_20260912,latest_registered_three_strategy_rerun
deepseek-v4-flash-0731,poolact,evidence_audit,cost_tight,naive,evidence_acc_mi,task,cc-large:11,rerun_items,212,True,deepseek_rerun_20260912,latest_registered_three_strategy_rerun
deepseek-v4-flash-0731,poolact,evidence_audit,cost_tight,naive,evidence_acc_mv,task,cc-large:11,rerun_items,225,True,deepseek_rerun_20260912,latest_registered_three_strategy_rerun
deepseek-v4-flash-0731,poolact,evidence_audit,cost_tight,naive,label_acc_mi,task,cc-large:11,rerun_items,238,True,deepseek_rerun_20260912,latest_registered_three_strategy_rerun
deepseek-v4-flash-0731,poolact,evidence_audit,cost_tight,naive,label_acc_mv,task,cc-large:11,rerun_items,251,True,deepseek_rerun_20260912,latest_registered_three_strategy_rerun
deepseek-v4-flash-0731,poolact,evidence_audit,cost_tight,poolact,evidence_acc_mi,task,cc-large:11,rerun_items,264,True,deepseek_rerun_20260912,latest_registered_three_strategy_rerun
deepseek-v4-flash-0731,poolact,evidence_audit,cost_tight,poolact,evidence_acc_mv,task,cc-large:11,rerun_items,277,True,deepseek_rerun_20260912,latest_registered_three_strategy_rerun
deepseek-v4-flash-0731,poolact,evidence_audit,cost_tight,poolact,label_acc_mi,task,cc-large:11,rerun_items,290,True,deepseek_rerun_20260912,latest_registered_three_strategy_rerun
deepseek-v4-flash-0731,poolact,evidence_audit,cost_tight,poolact,label_acc_mv,task,cc-large:11,rerun_items,303,True,deepseek_rerun_20260912,latest_registered_three_strategy_rerun
deepseek-v4-flash-0731,poolact,evidence_audit,cost_moderate,cached,evidence_acc_mi,task,cc-large:12,rerun_items,5,True,deepseek_rerun_20260912,latest_registered_three_strategy_rerun
deepseek-v4-flash-0731,poolact,evidence_audit,cost_moderate,cached,evidence_acc_mv,task,cc-large:12,rerun_items,18,True,deepseek_rerun_20260912,latest_registered_three_strategy_rerun
deepseek-v4-flash-0731,poolact,evidence_audit,cost_moderate,cached,label_acc_mi,task,cc-large:12,rerun_items,31,True,deepseek_rerun_20260912,latest_registered_three_strategy_rerun
deepseek-v4-flash-0731,poolact,evidence_audit,cost_moderate,cached,label_acc_mv,task,cc-large:12,rerun_items,44,True,deepseek_rerun_20260912,latest_registered_three_strategy_rerun
deepseek-v4-flash-0731,poolact,evidence_audit,cost_moderate,naive,evidence_acc_mi,task,cc-large:12,rerun_items,57,True,deepseek_rerun_20260912,latest_registered_three_strategy_rerun
deepseek-v4-flash-0731,poolact,evidence_audit,cost_moderate,naive,evidence_acc_mv,task,cc-large:12,rerun_items,70,True,deepseek_rerun_20260912,latest_registered_three_strategy_rerun
deepseek-v4-flash-0731,poolact,evidence_audit,cost_moderate,naive,label_acc_mi,task,cc-large:12,rerun_items,83,True,deepseek_rerun_20260912,latest_registered_three_strategy_rerun
deepseek-v4-flash-0731,poolact,evidence_audit,cost_moderate,naive,label_acc_mv,task,cc-large:12,rerun_items,96,True,deepseek_rerun_20260912,latest_registered_three_strategy_rerun
deepseek-v4-flash-0731,poolact,evidence_audit,cost_moderate,poolact,evidence_acc_mi,task,cc-large:12,rerun_items,109,True,deepseek_rerun_20260912,latest_registered_three_strategy_rerun
deepseek-v4-flash-0731,poolact,evidence_audit,cost_moderate,poolact,evidence_acc_mv,task,cc-large:12,rerun_items,122,True,deepseek_rerun_20260912,latest_registered_three_strategy_rerun
deepseek-v4-flash-0731,poolact,evidence_audit,cost_moderate,poolact,label_acc_mi,task,cc-large:12,rerun_items,135,True,deepseek_rerun_20260912,latest_registered_three_strategy_rerun
deepseek-v4-flash-0731,poolact,evidence_audit,cost_moderate,poolact,label_acc_mv,task,cc-large:12,rerun_items,148,True,deepseek_rerun_20260912,latest_registered_three_strategy_rerun
deepseek-v4-flash-0731,poolact,evidence_audit,cost_tight,cached,evidence_acc_mi,task,cc-large:12,rerun_items,161,True,deepseek_rerun_20260912,latest_registered_three_strategy_rerun
deepseek-v4-flash-0731,poolact,evidence_audit,cost_tight,cached,evidence_acc_mv,task,cc-large:12,rerun_items,174,True,deepseek_rerun_20260912,latest_registered_three_strategy_rerun
deepseek-v4-flash-0731,poolact,evidence_audit,cost_tight,cached,label_acc_mi,task,cc-large:12,rerun_items,187,True,deepseek_rerun_20260912,latest_registered_three_strategy_rerun
deepseek-v4-flash-0731,poolact,evidence_audit,cost_tight,cached,label_acc_mv,task,cc-large:12,rerun_items,200,True,deepseek_rerun_20260912,latest_registered_three_strategy_rerun
deepseek-v4-flash-0731,poolact,evidence_audit,cost_tight,naive,evidence_acc_mi,task,cc-large:12,rerun_items,213,True,deepseek_rerun_20260912,latest_registered_three_strategy_rerun
deepseek-v4-flash-0731,poolact,evidence_audit,cost_tight,naive,evidence_acc_mv,task,cc-large:12,rerun_items,226,True,deepseek_rerun_20260912,latest_registered_three_strategy_rerun
deepseek-v4-flash-0731,poolact,evidence_audit,cost_tight,naive,label_acc_mi,task,cc-large:12,rerun_items,239,True,deepseek_rerun_20260912,latest_registered_three_strategy_rerun
deepseek-v4-flash-0731,poolact,evidence_audit,cost_tight,naive,label_acc_mv,task,cc-large:12,rerun_items,252,True,deepseek_rerun_20260912,latest_registered_three_strategy_rerun
deepseek-v4-flash-0731,poolact,evidence_audit,cost_tight,poolact,evidence_acc_mi,task,cc-large:12,rerun_items,265,True,deepseek_rerun_20260912,latest_registered_three_strategy_rerun
deepseek-v4-flash-0731,poolact,evidence_audit,cost_tight,poolact,evidence_acc_mv,task,cc-large:12,rerun_items,278,True,deepseek_rerun_20260912,latest_registered_three_strategy_rerun
deepseek-v4-flash-0731,poolact,evidence_audit,cost_tight,poolact,label_acc_mi,task,cc-large:12,rerun_items,291,True,deepseek_rerun_20260912,latest_registered_three_strategy_rerun
deepseek-v4-flash-0731,poolact,evidence_audit,cost_tight,poolact,label_acc_mv,task,cc-large:12,rerun_items,304,True,deepseek_rerun_20260912,latest_registered_three_strategy_rerun
deepseek-v4-flash-0731,poolact,evidence_audit,cost_moderate,cached,evidence_acc_mi,task,cc-large:2,rerun_items,6,True,deepseek_rerun_20260912,latest_registered_three_strategy_rerun
deepseek-v4-flash-0731,poolact,evidence_audit,cost_moderate,cached,evidence_acc_mv,task,cc-large:2,rerun_items,19,True,deepseek_rerun_20260912,latest_registered_three_strategy_rerun
deepseek-v4-flash-0731,poolact,evidence_audit,cost_moderate,cached,label_acc_mi,task,cc-large:2,rerun_items,32,True,deepseek_rerun_20260912,latest_registered_three_strategy_rerun
deepseek-v4-flash-0731,poolact,evidence_audit,cost_moderate,cached,label_acc_mv,task,cc-large:2,rerun_items,45,True,deepseek_rerun_20260912,latest_registered_three_strategy_rerun
deepseek-v4-flash-0731,poolact,evidence_audit,cost_moderate,naive,evidence_acc_mi,task,cc-large:2,rerun_items,58,True,deepseek_rerun_20260912,latest_registered_three_strategy_rerun
deepseek-v4-flash-0731,poolact,evidence_audit,cost_moderate,naive,evidence_acc_mv,task,cc-large:2,rerun_items,71,True,deepseek_rerun_20260912,latest_registered_three_strategy_rerun
deepseek-v4-flash-0731,poolact,evidence_audit,cost_moderate,naive,label_acc_mi,task,cc-large:2,rerun_items,84,True,deepseek_rerun_20260912,latest_registered_three_strategy_rerun
deepseek-v4-flash-0731,poolact,evidence_audit,cost_moderate,naive,label_acc_mv,task,cc-large:2,rerun_items,97,True,deepseek_rerun_20260912,latest_registered_three_strategy_rerun
deepseek-v4-flash-0731,poolact,evidence_audit,cost_moderate,poolact,evidence_acc_mi,task,cc-large:2,rerun_items,110,True,deepseek_rerun_20260912,latest_registered_three_strategy_rerun
deepseek-v4-flash-0731,poolact,evidence_audit,cost_moderate,poolact,evidence_acc_mv,task,cc-large:2,rerun_items,123,True,deepseek_rerun_20260912,latest_registered_three_strategy_rerun
deepseek-v4-flash-0731,poolact,evidence_audit,cost_moderate,poolact,label_acc_mi,task,cc-large:2,rerun_items,136,True,deepseek_rerun_20260912,latest_registered_three_strategy_rerun
deepseek-v4-flash-0731,poolact,evidence_audit,cost_moderate,poolact,label_acc_mv,task,cc-large:2,rerun_items,149,True,deepseek_rerun_20260912,latest_registered_three_strategy_rerun
deepseek-v4-flash-0731,poolact,evidence_audit,cost_tight,cached,evidence_acc_mi,task,cc-large:2,rerun_items,162,True,deepseek_rerun_20260912,latest_registered_three_strategy_rerun
deepseek-v4-flash-0731,poolact,evidence_audit,cost_tight,cached,evidence_acc_mv,task,cc-large:2,rerun_items,175,True,deepseek_rerun_20260912,latest_registered_three_strategy_rerun
deepseek-v4-flash-0731,poolact,evidence_audit,cost_tight,cached,label_acc_mi,task,cc-large:2,rerun_items,188,True,deepseek_rerun_20260912,latest_registered_three_strategy_rerun
deepseek-v4-flash-0731,poolact,evidence_audit,cost_tight,cached,label_acc_mv,task,cc-large:2,rerun_items,201,True,deepseek_rerun_20260912,latest_registered_three_strategy_rerun
deepseek-v4-flash-0731,poolact,evidence_audit,cost_tight,naive,evidence_acc_mi,task,cc-large:2,rerun_items,214,True,deepseek_rerun_20260912,latest_registered_three_strategy_rerun
deepseek-v4-flash-0731,poolact,evidence_audit,cost_tight,naive,evidence_acc_mv,task,cc-large:2,rerun_items,227,True,deepseek_rerun_20260912,latest_registered_three_strategy_rerun
deepseek-v4-flash-0731,poolact,evidence_audit,cost_tight,naive,label_acc_mi,task,cc-large:2,rerun_items,240,True,deepseek_rerun_20260912,latest_registered_three_strategy_rerun
deepseek-v4-flash-0731,poolact,evidence_audit,cost_tight,naive,label_acc_mv,task,cc-large:2,rerun_items,253,True,deepseek_rerun_20260912,latest_registered_three_strategy_rerun
deepseek-v4-flash-0731,poolact,evidence_audit,cost_tight,poolact,evidence_acc_mi,task,cc-large:2,rerun_items,266,True,deepseek_rerun_20260912,latest_registered_three_strategy_rerun
deepseek-v4-flash-0731,poolact,evidence_audit,cost_tight,poolact,evidence_acc_mv,task,cc-large:2,rerun_items,279,True,deepseek_rerun_20260912,latest_registered_three_strategy_rerun
deepseek-v4-flash-0731,poolact,evidence_audit,cost_tight,poolact,label_acc_mi,task,cc-large:2,rerun_items,292,True,deepseek_rerun_20260912,latest_registered_three_strategy_rerun
deepseek-v4-flash-0731,poolact,evidence_audit,cost_tight,poolact,label_acc_mv,task,cc-large:2,rerun_items,305,True,deepseek_rerun_20260912,latest_registered_three_strategy_rerun
deepseek-v4-flash-0731,poolact,evidence_audit,cost_moderate,cached,evidence_acc_mi,task,cc-large:3,rerun_items,7,True,deepseek_rerun_20260912,latest_registered_three_strategy_rerun
deepseek-v4-flash-0731,poolact,evidence_audit,cost_moderate,cached,evidence_acc_mv,task,cc-large:3,rerun_items,20,True,deepseek_rerun_20260912,latest_registered_three_strategy_rerun
deepseek-v4-flash-0731,poolact,evidence_audit,cost_moderate,cached,label_acc_mi,task,cc-large:3,rerun_items,33,True,deepseek_rerun_20260912,latest_registered_three_strategy_rerun
deepseek-v4-flash-0731,poolact,evidence_audit,cost_moderate,cached,label_acc_mv,task,cc-large:3,rerun_items,46,True,deepseek_rerun_20260912,latest_registered_three_strategy_rerun
deepseek-v4-flash-0731,poolact,evidence_audit,cost_moderate,naive,evidence_acc_mi,task,cc-large:3,rerun_items,59,True,deepseek_rerun_20260912,latest_registered_three_strategy_rerun
deepseek-v4-flash-0731,poolact,evidence_audit,cost_moderate,naive,evidence_acc_mv,task,cc-large:3,rerun_items,72,True,deepseek_rerun_20260912,latest_registered_three_strategy_rerun
deepseek-v4-flash-0731,poolact,evidence_audit,cost_moderate,naive,label_acc_mi,task,cc-large:3,rerun_items,85,True,deepseek_rerun_20260912,latest_registered_three_strategy_rerun
deepseek-v4-flash-0731,poolact,evidence_audit,cost_moderate,naive,label_acc_mv,task,cc-large:3,rerun_items,98,True,deepseek_rerun_20260912,latest_registered_three_strategy_rerun
deepseek-v4-flash-0731,poolact,evidence_audit,cost_moderate,poolact,evidence_acc_mi,task,cc-large:3,rerun_items,111,True,deepseek_rerun_20260912,latest_registered_three_strategy_rerun
deepseek-v4-flash-0731,poolact,evidence_audit,cost_moderate,poolact,evidence_acc_mv,task,cc-large:3,rerun_items,124,True,deepseek_rerun_20260912,latest_registered_three_strategy_rerun
deepseek-v4-flash-0731,poolact,evidence_audit,cost_moderate,poolact,label_acc_mi,task,cc-large:3,rerun_items,137,True,deepseek_rerun_20260912,latest_registered_three_strategy_rerun
deepseek-v4-flash-0731,poolact,evidence_audit,cost_moderate,poolact,label_acc_mv,task,cc-large:3,rerun_items,150,True,deepseek_rerun_20260912,latest_registered_three_strategy_rerun
deepseek-v4-flash-0731,poolact,evidence_audit,cost_tight,cached,evidence_acc_mi,task,cc-large:3,rerun_items,163,True,deepseek_rerun_20260912,latest_registered_three_strategy_rerun
deepseek-v4-flash-0731,poolact,evidence_audit,cost_tight,cached,evidence_acc_mv,task,cc-large:3,rerun_items,176,True,deepseek_rerun_20260912,latest_registered_three_strategy_rerun
deepseek-v4-flash-0731,poolact,evidence_audit,cost_tight,cached,label_acc_mi,task,cc-large:3,rerun_items,189,True,deepseek_rerun_20260912,latest_registered_three_strategy_rerun
deepseek-v4-flash-0731,poolact,evidence_audit,cost_tight,cached,label_acc_mv,task,cc-large:3,rerun_items,202,True,deepseek_rerun_20260912,latest_registered_three_strategy_rerun
deepseek-v4-flash-0731,poolact,evidence_audit,cost_tight,naive,evidence_acc_mi,task,cc-large:3,rerun_items,215,True,deepseek_rerun_20260912,latest_registered_three_strategy_rerun
deepseek-v4-flash-0731,poolact,evidence_audit,cost_tight,naive,evidence_acc_mv,task,cc-large:3,rerun_items,228,True,deepseek_rerun_20260912,latest_registered_three_strategy_rerun
deepseek-v4-flash-0731,poolact,evidence_audit,cost_tight,naive,label_acc_mi,task,cc-large:3,rerun_items,241,True,deepseek_rerun_20260912,latest_registered_three_strategy_rerun
deepseek-v4-flash-0731,poolact,evidence_audit,cost_tight,naive,label_acc_mv,task,cc-large:3,rerun_items,254,True,deepseek_rerun_20260912,latest_registered_three_strategy_rerun
deepseek-v4-flash-0731,poolact,evidence_audit,cost_tight,poolact,evidence_acc_mi,task,cc-large:3,rerun_items,267,True,deepseek_rerun_20260912,latest_registered_three_strategy_rerun
deepseek-v4-flash-0731,poolact,evidence_audit,cost_tight,poolact,evidence_acc_mv,task,cc-large:3,rerun_items,280,True,deepseek_rerun_20260912,latest_registered_three_strategy_rerun
deepseek-v4-flash-0731,poolact,evidence_audit,cost_tight,poolact,label_acc_mi,task,cc-large:3,rerun_items,293,True,deepseek_rerun_20260912,latest_registered_three_strategy_rerun
deepseek-v4-flash-0731,poolact,evidence_audit,cost_tight,poolact,label_acc_mv,task,cc-large:3,rerun_items,306,True,deepseek_rerun_20260912,latest_registered_three_strategy_rerun
deepseek-v4-flash-0731,poolact,evidence_audit,cost_moderate,cached,evidence_acc_mi,task,cc-large:4,rerun_items,8,True,deepseek_rerun_20260912,latest_registered_three_strategy_rerun
deepseek-v4-flash-0731,poolact,evidence_audit,cost_moderate,cached,evidence_acc_mv,task,cc-large:4,rerun_items,21,True,deepseek_rerun_20260912,latest_registered_three_strategy_rerun
deepseek-v4-flash-0731,poolact,evidence_audit,cost_moderate,cached,label_acc_mi,task,cc-large:4,rerun_items,34,True,deepseek_rerun_20260912,latest_registered_three_strategy_rerun
deepseek-v4-flash-0731,poolact,evidence_audit,cost_moderate,cached,label_acc_mv,task,cc-large:4,rerun_items,47,True,deepseek_rerun_20260912,latest_registered_three_strategy_rerun
deepseek-v4-flash-0731,poolact,evidence_audit,cost_moderate,naive,evidence_acc_mi,task,cc-large:4,rerun_items,60,True,deepseek_rerun_20260912,latest_registered_three_strategy_rerun
deepseek-v4-flash-0731,poolact,evidence_audit,cost_moderate,naive,evidence_acc_mv,task,cc-large:4,rerun_items,73,True,deepseek_rerun_20260912,latest_registered_three_strategy_rerun
deepseek-v4-flash-0731,poolact,evidence_audit,cost_moderate,naive,label_acc_mi,task,cc-large:4,rerun_items,86,True,deepseek_rerun_20260912,latest_registered_three_strategy_rerun
deepseek-v4-flash-0731,poolact,evidence_audit,cost_moderate,naive,label_acc_mv,task,cc-large:4,rerun_items,99,True,deepseek_rerun_20260912,latest_registered_three_strategy_rerun
deepseek-v4-flash-0731,poolact,evidence_audit,cost_moderate,poolact,evidence_acc_mi,task,cc-large:4,rerun_items,112,True,deepseek_rerun_20260912,latest_registered_three_strategy_rerun
deepseek-v4-flash-0731,poolact,evidence_audit,cost_moderate,poolact,evidence_acc_mv,task,cc-large:4,rerun_items,125,True,deepseek_rerun_20260912,latest_registered_three_strategy_rerun
deepseek-v4-flash-0731,poolact,evidence_audit,cost_moderate,poolact,label_acc_mi,task,cc-large:4,rerun_items,138,True,deepseek_rerun_20260912,latest_registered_three_strategy_rerun
deepseek-v4-flash-0731,poolact,evidence_audit,cost_moderate,poolact,label_acc_mv,task,cc-large:4,rerun_items,151,True,deepseek_rerun_20260912,latest_registered_three_strategy_rerun
deepseek-v4-flash-0731,poolact,evidence_audit,cost_tight,cached,evidence_acc_mi,task,cc-large:4,rerun_items,164,True,deepseek_rerun_20260912,latest_registered_three_strategy_rerun
deepseek-v4-flash-0731,poolact,evidence_audit,cost_tight,cached,evidence_acc_mv,task,cc-large:4,rerun_items,177,True,deepseek_rerun_20260912,latest_registered_three_strategy_rerun
deepseek-v4-flash-0731,poolact,evidence_audit,cost_tight,cached,label_acc_mi,task,cc-large:4,rerun_items,190,True,deepseek_rerun_20260912,latest_registered_three_strategy_rerun
deepseek-v4-flash-0731,poolact,evidence_audit,cost_tight,cached,label_acc_mv,task,cc-large:4,rerun_items,203,True,deepseek_rerun_20260912,latest_registered_three_strategy_rerun
deepseek-v4-flash-0731,poolact,evidence_audit,cost_tight,naive,evidence_acc_mi,task,cc-large:4,rerun_items,216,True,deepseek_rerun_20260912,latest_registered_three_strategy_rerun
deepseek-v4-flash-0731,poolact,evidence_audit,cost_tight,naive,evidence_acc_mv,task,cc-large:4,rerun_items,229,True,deepseek_rerun_20260912,latest_registered_three_strategy_rerun
deepseek-v4-flash-0731,poolact,evidence_audit,cost_tight,naive,label_acc_mi,task,cc-large:4,rerun_items,242,True,deepseek_rerun_20260912,latest_registered_three_strategy_rerun
deepseek-v4-flash-0731,poolact,evidence_audit,cost_tight,naive,label_acc_mv,task,cc-large:4,rerun_items,255,True,deepseek_rerun_20260912,latest_registered_three_strategy_rerun
deepseek-v4-flash-0731,poolact,evidence_audit,cost_tight,poolact,evidence_acc_mi,task,cc-large:4,rerun_items,268,True,deepseek_rerun_20260912,latest_registered_three_strategy_rerun
deepseek-v4-flash-0731,poolact,evidence_audit,cost_tight,poolact,evidence_acc_mv,task,cc-large:4,rerun_items,281,True,deepseek_rerun_20260912,latest_registered_three_strategy_rerun
deepseek-v4-flash-0731,poolact,evidence_audit,cost_tight,poolact,label_acc_mi,task,cc-large:4,rerun_items,294,True,deepseek_rerun_20260912,latest_registered_three_strategy_rerun
deepseek-v4-flash-0731,poolact,evidence_audit,cost_tight,poolact,label_acc_mv,task,cc-large:4,rerun_items,307,True,deepseek_rerun_20260912,latest_registered_three_strategy_rerun
deepseek-v4-flash-0731,poolact,evidence_audit,cost_moderate,cached,evidence_acc_mi,task,cc-large:5,rerun_items,9,True,deepseek_rerun_20260912,latest_registered_three_strategy_rerun
deepseek-v4-flash-0731,poolact,evidence_audit,cost_moderate,cached,evidence_acc_mv,task,cc-large:5,rerun_items,22,True,deepseek_rerun_20260912,latest_registered_three_strategy_rerun
deepseek-v4-flash-0731,poolact,evidence_audit,cost_moderate,cached,label_acc_mi,task,cc-large:5,rerun_items,35,True,deepseek_rerun_20260912,latest_registered_three_strategy_rerun
deepseek-v4-flash-0731,poolact,evidence_audit,cost_moderate,cached,label_acc_mv,task,cc-large:5,rerun_items,48,True,deepseek_rerun_20260912,latest_registered_three_strategy_rerun
deepseek-v4-flash-0731,poolact,evidence_audit,cost_moderate,naive,evidence_acc_mi,task,cc-large:5,rerun_items,61,True,deepseek_rerun_20260912,latest_registered_three_strategy_rerun
deepseek-v4-flash-0731,poolact,evidence_audit,cost_moderate,naive,evidence_acc_mv,task,cc-large:5,rerun_items,74,True,deepseek_rerun_20260912,latest_registered_three_strategy_rerun
deepseek-v4-flash-0731,poolact,evidence_audit,cost_moderate,naive,label_acc_mi,task,cc-large:5,rerun_items,87,True,deepseek_rerun_20260912,latest_registered_three_strategy_rerun
deepseek-v4-flash-0731,poolact,evidence_audit,cost_moderate,naive,label_acc_mv,task,cc-large:5,rerun_items,100,True,deepseek_rerun_20260912,latest_registered_three_strategy_rerun
deepseek-v4-flash-0731,poolact,evidence_audit,cost_moderate,poolact,evidence_acc_mi,task,cc-large:5,rerun_items,113,True,deepseek_rerun_20260912,latest_registered_three_strategy_rerun
deepseek-v4-flash-0731,poolact,evidence_audit,cost_moderate,poolact,evidence_acc_mv,task,cc-large:5,rerun_items,126,True,deepseek_rerun_20260912,latest_registered_three_strategy_rerun
deepseek-v4-flash-0731,poolact,evidence_audit,cost_moderate,poolact,label_acc_mi,task,cc-large:5,rerun_items,139,True,deepseek_rerun_20260912,latest_registered_three_strategy_rerun
deepseek-v4-flash-0731,poolact,evidence_audit,cost_moderate,poolact,label_acc_mv,task,cc-large:5,rerun_items,152,True,deepseek_rerun_20260912,latest_registered_three_strategy_rerun
deepseek-v4-flash-0731,poolact,evidence_audit,cost_tight,cached,evidence_acc_mi,task,cc-large:5,rerun_items,165,True,deepseek_rerun_20260912,latest_registered_three_strategy_rerun
deepseek-v4-flash-0731,poolact,evidence_audit,cost_tight,cached,evidence_acc_mv,task,cc-large:5,rerun_items,178,True,deepseek_rerun_20260912,latest_registered_three_strategy_rerun
deepseek-v4-flash-0731,poolact,evidence_audit,cost_tight,cached,label_acc_mi,task,cc-large:5,rerun_items,191,True,deepseek_rerun_20260912,latest_registered_three_strategy_rerun
deepseek-v4-flash-0731,poolact,evidence_audit,cost_tight,cached,label_acc_mv,task,cc-large:5,rerun_items,204,True,deepseek_rerun_20260912,latest_registered_three_strategy_rerun
deepseek-v4-flash-0731,poolact,evidence_audit,cost_tight,naive,evidence_acc_mi,task,cc-large:5,rerun_items,217,True,deepseek_rerun_20260912,latest_registered_three_strategy_rerun
deepseek-v4-flash-0731,poolact,evidence_audit,cost_tight,naive,evidence_acc_mv,task,cc-large:5,rerun_items,230,True,deepseek_rerun_20260912,latest_registered_three_strategy_rerun
deepseek-v4-flash-0731,poolact,evidence_audit,cost_tight,naive,label_acc_mi,task,cc-large:5,rerun_items,243,True,deepseek_rerun_20260912,latest_registered_three_strategy_rerun
deepseek-v4-flash-0731,poolact,evidence_audit,cost_tight,naive,label_acc_mv,task,cc-large:5,rerun_items,256,True,deepseek_rerun_20260912,latest_registered_three_strategy_rerun
deepseek-v4-flash-0731,poolact,evidence_audit,cost_tight,poolact,evidence_acc_mi,task,cc-large:5,rerun_items,269,True,deepseek_rerun_20260912,latest_registered_three_strategy_rerun
deepseek-v4-flash-0731,poolact,evidence_audit,cost_tight,poolact,evidence_acc_mv,task,cc-large:5,rerun_items,282,True,deepseek_rerun_20260912,latest_registered_three_strategy_rerun
deepseek-v4-flash-0731,poolact,evidence_audit,cost_tight,poolact,label_acc_mi,task,cc-large:5,rerun_items,295,True,deepseek_rerun_20260912,latest_registered_three_strategy_rerun
deepseek-v4-flash-0731,poolact,evidence_audit,cost_tight,poolact,label_acc_mv,task,cc-large:5,rerun_items,308,True,deepseek_rerun_20260912,latest_registered_three_strategy_rerun
deepseek-v4-flash-0731,poolact,evidence_audit,cost_moderate,cached,evidence_acc_mi,task,cc-large:6,rerun_items,10,True,deepseek_rerun_20260912,latest_registered_three_strategy_rerun
deepseek-v4-flash-0731,poolact,evidence_audit,cost_moderate,cached,evidence_acc_mv,task,cc-large:6,rerun_items,23,True,deepseek_rerun_20260912,latest_registered_three_strategy_rerun
deepseek-v4-flash-0731,poolact,evidence_audit,cost_moderate,cached,label_acc_mi,task,cc-large:6,rerun_items,36,True,deepseek_rerun_20260912,latest_registered_three_strategy_rerun
deepseek-v4-flash-0731,poolact,evidence_audit,cost_moderate,cached,label_acc_mv,task,cc-large:6,rerun_items,49,True,deepseek_rerun_20260912,latest_registered_three_strategy_rerun
deepseek-v4-flash-0731,poolact,evidence_audit,cost_moderate,naive,evidence_acc_mi,task,cc-large:6,rerun_items,62,True,deepseek_rerun_20260912,latest_registered_three_strategy_rerun
deepseek-v4-flash-0731,poolact,evidence_audit,cost_moderate,naive,evidence_acc_mv,task,cc-large:6,rerun_items,75,True,deepseek_rerun_20260912,latest_registered_three_strategy_rerun
deepseek-v4-flash-0731,poolact,evidence_audit,cost_moderate,naive,label_acc_mi,task,cc-large:6,rerun_items,88,True,deepseek_rerun_20260912,latest_registered_three_strategy_rerun
deepseek-v4-flash-0731,poolact,evidence_audit,cost_moderate,naive,label_acc_mv,task,cc-large:6,rerun_items,101,True,deepseek_rerun_20260912,latest_registered_three_strategy_rerun
deepseek-v4-flash-0731,poolact,evidence_audit,cost_moderate,poolact,evidence_acc_mi,task,cc-large:6,rerun_items,114,True,deepseek_rerun_20260912,latest_registered_three_strategy_rerun
deepseek-v4-flash-0731,poolact,evidence_audit,cost_moderate,poolact,evidence_acc_mv,task,cc-large:6,rerun_items,127,True,deepseek_rerun_20260912,latest_registered_three_strategy_rerun
deepseek-v4-flash-0731,poolact,evidence_audit,cost_moderate,poolact,label_acc_mi,task,cc-large:6,rerun_items,140,True,deepseek_rerun_20260912,latest_registered_three_strategy_rerun
deepseek-v4-flash-0731,poolact,evidence_audit,cost_moderate,poolact,label_acc_mv,task,cc-large:6,rerun_items,153,True,deepseek_rerun_20260912,latest_registered_three_strategy_rerun
deepseek-v4-flash-0731,poolact,evidence_audit,cost_tight,cached,evidence_acc_mi,task,cc-large:6,rerun_items,166,True,deepseek_rerun_20260912,latest_registered_three_strategy_rerun
deepseek-v4-flash-0731,poolact,evidence_audit,cost_tight,cached,evidence_acc_mv,task,cc-large:6,rerun_items,179,True,deepseek_rerun_20260912,latest_registered_three_strategy_rerun
deepseek-v4-flash-0731,poolact,evidence_audit,cost_tight,cached,label_acc_mi,task,cc-large:6,rerun_items,192,True,deepseek_rerun_20260912,latest_registered_three_strategy_rerun
deepseek-v4-flash-0731,poolact,evidence_audit,cost_tight,cached,label_acc_mv,task,cc-large:6,rerun_items,205,True,deepseek_rerun_20260912,latest_registered_three_strategy_rerun
deepseek-v4-flash-0731,poolact,evidence_audit,cost_tight,naive,evidence_acc_mi,task,cc-large:6,rerun_items,218,True,deepseek_rerun_20260912,latest_registered_three_strategy_rerun
deepseek-v4-flash-0731,poolact,evidence_audit,cost_tight,naive,evidence_acc_mv,task,cc-large:6,rerun_items,231,True,deepseek_rerun_20260912,latest_registered_three_strategy_rerun
deepseek-v4-flash-0731,poolact,evidence_audit,cost_tight,naive,label_acc_mi,task,cc-large:6,rerun_items,244,True,deepseek_rerun_20260912,latest_registered_three_strategy_rerun
deepseek-v4-flash-0731,poolact,evidence_audit,cost_tight,naive,label_acc_mv,task,cc-large:6,rerun_items,257,True,deepseek_rerun_20260912,latest_registered_three_strategy_rerun
deepseek-v4-flash-0731,poolact,evidence_audit,cost_tight,poolact,evidence_acc_mi,task,cc-large:6,rerun_items,270,True,deepseek_rerun_20260912,latest_registered_three_strategy_rerun
deepseek-v4-flash-0731,poolact,evidence_audit,cost_tight,poolact,evidence_acc_mv,task,cc-large:6,rerun_items,283,True,deepseek_rerun_20260912,latest_registered_three_strategy_rerun
deepseek-v4-flash-0731,poolact,evidence_audit,cost_tight,poolact,label_acc_mi,task,cc-large:6,rerun_items,296,True,deepseek_rerun_20260912,latest_registered_three_strategy_rerun
deepseek-v4-flash-0731,poolact,evidence_audit,cost_tight,poolact,label_acc_mv,task,cc-large:6,rerun_items,309,True,deepseek_rerun_20260912,latest_registered_three_strategy_rerun
deepseek-v4-flash-0731,poolact,evidence_audit,cost_moderate,cached,evidence_acc_mi,task,cc-large:7,rerun_items,11,True,deepseek_rerun_20260912,latest_registered_three_strategy_rerun
deepseek-v4-flash-0731,poolact,evidence_audit,cost_moderate,cached,evidence_acc_mv,task,cc-large:7,rerun_items,24,True,deepseek_rerun_20260912,latest_registered_three_strategy_rerun
deepseek-v4-flash-0731,poolact,evidence_audit,cost_moderate,cached,label_acc_mi,task,cc-large:7,rerun_items,37,True,deepseek_rerun_20260912,latest_registered_three_strategy_rerun
deepseek-v4-flash-0731,poolact,evidence_audit,cost_moderate,cached,label_acc_mv,task,cc-large:7,rerun_items,50,True,deepseek_rerun_20260912,latest_registered_three_strategy_rerun
deepseek-v4-flash-0731,poolact,evidence_audit,cost_moderate,naive,evidence_acc_mi,task,cc-large:7,rerun_items,63,True,deepseek_rerun_20260912,latest_registered_three_strategy_rerun
deepseek-v4-flash-0731,poolact,evidence_audit,cost_moderate,naive,evidence_acc_mv,task,cc-large:7,rerun_items,76,True,deepseek_rerun_20260912,latest_registered_three_strategy_rerun
deepseek-v4-flash-0731,poolact,evidence_audit,cost_moderate,naive,label_acc_mi,task,cc-large:7,rerun_items,89,True,deepseek_rerun_20260912,latest_registered_three_strategy_rerun
deepseek-v4-flash-0731,poolact,evidence_audit,cost_moderate,naive,label_acc_mv,task,cc-large:7,rerun_items,102,True,deepseek_rerun_20260912,latest_registered_three_strategy_rerun
deepseek-v4-flash-0731,poolact,evidence_audit,cost_moderate,poolact,evidence_acc_mi,task,cc-large:7,rerun_items,115,True,deepseek_rerun_20260912,latest_registered_three_strategy_rerun
deepseek-v4-flash-0731,poolact,evidence_audit,cost_moderate,poolact,evidence_acc_mv,task,cc-large:7,rerun_items,128,True,deepseek_rerun_20260912,latest_registered_three_strategy_rerun
deepseek-v4-flash-0731,poolact,evidence_audit,cost_moderate,poolact,label_acc_mi,task,cc-large:7,rerun_items,141,True,deepseek_rerun_20260912,latest_registered_three_strategy_rerun
deepseek-v4-flash-0731,poolact,evidence_audit,cost_moderate,poolact,label_acc_mv,task,cc-large:7,rerun_items,154,True,deepseek_rerun_20260912,latest_registered_three_strategy_rerun
deepseek-v4-flash-0731,poolact,evidence_audit,cost_tight,cached,evidence_acc_mi,task,cc-large:7,rerun_items,167,True,deepseek_rerun_20260912,latest_registered_three_strategy_rerun
deepseek-v4-flash-0731,poolact,evidence_audit,cost_tight,cached,evidence_acc_mv,task,cc-large:7,rerun_items,180,True,deepseek_rerun_20260912,latest_registered_three_strategy_rerun
deepseek-v4-flash-0731,poolact,evidence_audit,cost_tight,cached,label_acc_mi,task,cc-large:7,rerun_items,193,True,deepseek_rerun_20260912,latest_registered_three_strategy_rerun
deepseek-v4-flash-0731,poolact,evidence_audit,cost_tight,cached,label_acc_mv,task,cc-large:7,rerun_items,206,True,deepseek_rerun_20260912,latest_registered_three_strategy_rerun
deepseek-v4-flash-0731,poolact,evidence_audit,cost_tight,naive,evidence_acc_mi,task,cc-large:7,rerun_items,219,True,deepseek_rerun_20260912,latest_registered_three_strategy_rerun
deepseek-v4-flash-0731,poolact,evidence_audit,cost_tight,naive,evidence_acc_mv,task,cc-large:7,rerun_items,232,True,deepseek_rerun_20260912,latest_registered_three_strategy_rerun
deepseek-v4-flash-0731,poolact,evidence_audit,cost_tight,naive,label_acc_mi,task,cc-large:7,rerun_items,245,True,deepseek_rerun_20260912,latest_registered_three_strategy_rerun
deepseek-v4-flash-0731,poolact,evidence_audit,cost_tight,naive,label_acc_mv,task,cc-large:7,rerun_items,258,True,deepseek_rerun_20260912,latest_registered_three_strategy_rerun
deepseek-v4-flash-0731,poolact,evidence_audit,cost_tight,poolact,evidence_acc_mi,task,cc-large:7,rerun_items,271,True,deepseek_rerun_20260912,latest_registered_three_strategy_rerun
deepseek-v4-flash-0731,poolact,evidence_audit,cost_tight,poolact,evidence_acc_mv,task,cc-large:7,rerun_items,284,True,deepseek_rerun_20260912,latest_registered_three_strategy_rerun
deepseek-v4-flash-0731,poolact,evidence_audit,cost_tight,poolact,label_acc_mi,task,cc-large:7,rerun_items,297,True,deepseek_rerun_20260912,latest_registered_three_strategy_rerun
deepseek-v4-flash-0731,poolact,evidence_audit,cost_tight,poolact,label_acc_mv,task,cc-large:7,rerun_items,310,True,deepseek_rerun_20260912,latest_registered_three_strategy_rerun
deepseek-v4-flash-0731,poolact,evidence_audit,cost_moderate,cached,evidence_acc_mi,task,cc-large:8,rerun_items,12,True,deepseek_rerun_20260912,latest_registered_three_strategy_rerun
deepseek-v4-flash-0731,poolact,evidence_audit,cost_moderate,cached,evidence_acc_mv,task,cc-large:8,rerun_items,25,True,deepseek_rerun_20260912,latest_registered_three_strategy_rerun
deepseek-v4-flash-0731,poolact,evidence_audit,cost_moderate,cached,label_acc_mi,task,cc-large:8,rerun_items,38,True,deepseek_rerun_20260912,latest_registered_three_strategy_rerun
deepseek-v4-flash-0731,poolact,evidence_audit,cost_moderate,cached,label_acc_mv,task,cc-large:8,rerun_items,51,True,deepseek_rerun_20260912,latest_registered_three_strategy_rerun
deepseek-v4-flash-0731,poolact,evidence_audit,cost_moderate,naive,evidence_acc_mi,task,cc-large:8,rerun_items,64,True,deepseek_rerun_20260912,latest_registered_three_strategy_rerun
deepseek-v4-flash-0731,poolact,evidence_audit,cost_moderate,naive,evidence_acc_mv,task,cc-large:8,rerun_items,77,True,deepseek_rerun_20260912,latest_registered_three_strategy_rerun
deepseek-v4-flash-0731,poolact,evidence_audit,cost_moderate,naive,label_acc_mi,task,cc-large:8,rerun_items,90,True,deepseek_rerun_20260912,latest_registered_three_strategy_rerun
deepseek-v4-flash-0731,poolact,evidence_audit,cost_moderate,naive,label_acc_mv,task,cc-large:8,rerun_items,103,True,deepseek_rerun_20260912,latest_registered_three_strategy_rerun
deepseek-v4-flash-0731,poolact,evidence_audit,cost_moderate,poolact,evidence_acc_mi,task,cc-large:8,rerun_items,116,True,deepseek_rerun_20260912,latest_registered_three_strategy_rerun
deepseek-v4-flash-0731,poolact,evidence_audit,cost_moderate,poolact,evidence_acc_mv,task,cc-large:8,rerun_items,129,True,deepseek_rerun_20260912,latest_registered_three_strategy_rerun
deepseek-v4-flash-0731,poolact,evidence_audit,cost_moderate,poolact,label_acc_mi,task,cc-large:8,rerun_items,142,True,deepseek_rerun_20260912,latest_registered_three_strategy_rerun
deepseek-v4-flash-0731,poolact,evidence_audit,cost_moderate,poolact,label_acc_mv,task,cc-large:8,rerun_items,155,True,deepseek_rerun_20260912,latest_registered_three_strategy_rerun
deepseek-v4-flash-0731,poolact,evidence_audit,cost_tight,cached,evidence_acc_mi,task,cc-large:8,rerun_items,168,True,deepseek_rerun_20260912,latest_registered_three_strategy_rerun
deepseek-v4-flash-0731,poolact,evidence_audit,cost_tight,cached,evidence_acc_mv,task,cc-large:8,rerun_items,181,True,deepseek_rerun_20260912,latest_registered_three_strategy_rerun
deepseek-v4-flash-0731,poolact,evidence_audit,cost_tight,cached,label_acc_mi,task,cc-large:8,rerun_items,194,True,deepseek_rerun_20260912,latest_registered_three_strategy_rerun
deepseek-v4-flash-0731,poolact,evidence_audit,cost_tight,cached,label_acc_mv,task,cc-large:8,rerun_items,207,True,deepseek_rerun_20260912,latest_registered_three_strategy_rerun
deepseek-v4-flash-0731,poolact,evidence_audit,cost_tight,naive,evidence_acc_mi,task,cc-large:8,rerun_items,220,True,deepseek_rerun_20260912,latest_registered_three_strategy_rerun
deepseek-v4-flash-0731,poolact,evidence_audit,cost_tight,naive,evidence_acc_mv,task,cc-large:8,rerun_items,233,True,deepseek_rerun_20260912,latest_registered_three_strategy_rerun
deepseek-v4-flash-0731,poolact,evidence_audit,cost_tight,naive,label_acc_mi,task,cc-large:8,rerun_items,246,True,deepseek_rerun_20260912,latest_registered_three_strategy_rerun
deepseek-v4-flash-0731,poolact,evidence_audit,cost_tight,naive,label_acc_mv,task,cc-large:8,rerun_items,259,True,deepseek_rerun_20260912,latest_registered_three_strategy_rerun
deepseek-v4-flash-0731,poolact,evidence_audit,cost_tight,poolact,evidence_acc_mi,task,cc-large:8,rerun_items,272,True,deepseek_rerun_20260912,latest_registered_three_strategy_rerun
deepseek-v4-flash-0731,poolact,evidence_audit,cost_tight,poolact,evidence_acc_mv,task,cc-large:8,rerun_items,285,True,deepseek_rerun_20260912,latest_registered_three_strategy_rerun
deepseek-v4-flash-0731,poolact,evidence_audit,cost_tight,poolact,label_acc_mi,task,cc-large:8,rerun_items,298,True,deepseek_rerun_20260912,latest_registered_three_strategy_rerun
deepseek-v4-flash-0731,poolact,evidence_audit,cost_tight,poolact,label_acc_mv,task,cc-large:8,rerun_items,311,True,deepseek_rerun_20260912,latest_registered_three_strategy_rerun
deepseek-v4-flash-0731,poolact,evidence_audit,cost_moderate,cached,evidence_acc_mi,task,cc-large:9,rerun_items,13,True,deepseek_rerun_20260912,latest_registered_three_strategy_rerun
deepseek-v4-flash-0731,poolact,evidence_audit,cost_moderate,cached,evidence_acc_mv,task,cc-large:9,rerun_items,26,True,deepseek_rerun_20260912,latest_registered_three_strategy_rerun
deepseek-v4-flash-0731,poolact,evidence_audit,cost_moderate,cached,label_acc_mi,task,cc-large:9,rerun_items,39,True,deepseek_rerun_20260912,latest_registered_three_strategy_rerun
deepseek-v4-flash-0731,poolact,evidence_audit,cost_moderate,cached,label_acc_mv,task,cc-large:9,rerun_items,52,True,deepseek_rerun_20260912,latest_registered_three_strategy_rerun
deepseek-v4-flash-0731,poolact,evidence_audit,cost_moderate,naive,evidence_acc_mi,task,cc-large:9,rerun_items,65,True,deepseek_rerun_20260912,latest_registered_three_strategy_rerun
deepseek-v4-flash-0731,poolact,evidence_audit,cost_moderate,naive,evidence_acc_mv,task,cc-large:9,rerun_items,78,True,deepseek_rerun_20260912,latest_registered_three_strategy_rerun
deepseek-v4-flash-0731,poolact,evidence_audit,cost_moderate,naive,label_acc_mi,task,cc-large:9,rerun_items,91,True,deepseek_rerun_20260912,latest_registered_three_strategy_rerun
deepseek-v4-flash-0731,poolact,evidence_audit,cost_moderate,naive,label_acc_mv,task,cc-large:9,rerun_items,104,True,deepseek_rerun_20260912,latest_registered_three_strategy_rerun
deepseek-v4-flash-0731,poolact,evidence_audit,cost_moderate,poolact,evidence_acc_mi,task,cc-large:9,rerun_items,117,True,deepseek_rerun_20260912,latest_registered_three_strategy_rerun
deepseek-v4-flash-0731,poolact,evidence_audit,cost_moderate,poolact,evidence_acc_mv,task,cc-large:9,rerun_items,130,True,deepseek_rerun_20260912,latest_registered_three_strategy_rerun
deepseek-v4-flash-0731,poolact,evidence_audit,cost_moderate,poolact,label_acc_mi,task,cc-large:9,rerun_items,143,True,deepseek_rerun_20260912,latest_registered_three_strategy_rerun
deepseek-v4-flash-0731,poolact,evidence_audit,cost_moderate,poolact,label_acc_mv,task,cc-large:9,rerun_items,156,True,deepseek_rerun_20260912,latest_registered_three_strategy_rerun
deepseek-v4-flash-0731,poolact,evidence_audit,cost_tight,cached,evidence_acc_mi,task,cc-large:9,rerun_items,169,True,deepseek_rerun_20260912,latest_registered_three_strategy_rerun
deepseek-v4-flash-0731,poolact,evidence_audit,cost_tight,cached,evidence_acc_mv,task,cc-large:9,rerun_items,182,True,deepseek_rerun_20260912,latest_registered_three_strategy_rerun
deepseek-v4-flash-0731,poolact,evidence_audit,cost_tight,cached,label_acc_mi,task,cc-large:9,rerun_items,195,True,deepseek_rerun_20260912,latest_registered_three_strategy_rerun
deepseek-v4-flash-0731,poolact,evidence_audit,cost_tight,cached,label_acc_mv,task,cc-large:9,rerun_items,208,True,deepseek_rerun_20260912,latest_registered_three_strategy_rerun
deepseek-v4-flash-0731,poolact,evidence_audit,cost_tight,naive,evidence_acc_mi,task,cc-large:9,rerun_items,221,True,deepseek_rerun_20260912,latest_registered_three_strategy_rerun
deepseek-v4-flash-0731,poolact,evidence_audit,cost_tight,naive,evidence_acc_mv,task,cc-large:9,rerun_items,234,True,deepseek_rerun_20260912,latest_registered_three_strategy_rerun
deepseek-v4-flash-0731,poolact,evidence_audit,cost_tight,naive,label_acc_mi,task,cc-large:9,rerun_items,247,True,deepseek_rerun_20260912,latest_registered_three_strategy_rerun
deepseek-v4-flash-0731,poolact,evidence_audit,cost_tight,naive,label_acc_mv,task,cc-large:9,rerun_items,260,True,deepseek_rerun_20260912,latest_registered_three_strategy_rerun
deepseek-v4-flash-0731,poolact,evidence_audit,cost_tight,poolact,evidence_acc_mi,task,cc-large:9,rerun_items,273,True,deepseek_rerun_20260912,latest_registered_three_strategy_rerun
deepseek-v4-flash-0731,poolact,evidence_audit,cost_tight,poolact,evidence_acc_mv,task,cc-large:9,rerun_items,286,True,deepseek_rerun_20260912,latest_registered_three_strategy_rerun
deepseek-v4-flash-0731,poolact,evidence_audit,cost_tight,poolact,label_acc_mi,task,cc-large:9,rerun_items,299,True,deepseek_rerun_20260912,latest_registered_three_strategy_rerun
deepseek-v4-flash-0731,poolact,evidence_audit,cost_tight,poolact,label_acc_mv,task,cc-large:9,rerun_items,312,True,deepseek_rerun_20260912,latest_registered_three_strategy_rerun
deepseek-v4-flash-0731,poolact,restricted_search,cost_moderate,cached,f1_mi,all,all,rerun_aggregate,25,True,deepseek_rerun_20260912,latest_registered_three_strategy_rerun
deepseek-v4-flash-0731,poolact,restricted_search,cost_moderate,cached,f1_mv,all,all,rerun_aggregate,26,True,deepseek_rerun_20260912,latest_registered_three_strategy_rerun
deepseek-v4-flash-0731,poolact,restricted_search,cost_moderate,naive,f1_mi,all,all,rerun_aggregate,27,True,deepseek_rerun_20260912,latest_registered_three_strategy_rerun
deepseek-v4-flash-0731,poolact,restricted_search,cost_moderate,naive,f1_mv,all,all,rerun_aggregate,28,True,deepseek_rerun_20260912,latest_registered_three_strategy_rerun
deepseek-v4-flash-0731,poolact,restricted_search,cost_moderate,poolact,f1_mi,all,all,rerun_aggregate,29,True,deepseek_rerun_20260912,latest_registered_three_strategy_rerun
deepseek-v4-flash-0731,poolact,restricted_search,cost_moderate,poolact,f1_mv,all,all,rerun_aggregate,30,True,deepseek_rerun_20260912,latest_registered_three_strategy_rerun
deepseek-v4-flash-0731,poolact,restricted_search,cost_tight,cached,f1_mi,all,all,old_absolute,759,True,deepseek_original,latest_available_not_rerun
deepseek-v4-flash-0731,poolact,restricted_search,cost_tight,cached,f1_mv,all,all,old_absolute,760,True,deepseek_original,latest_available_not_rerun
deepseek-v4-flash-0731,poolact,restricted_search,cost_tight,naive,f1_mi,all,all,old_absolute,770,True,deepseek_original,latest_available_not_rerun
deepseek-v4-flash-0731,poolact,restricted_search,cost_tight,naive,f1_mv,all,all,old_absolute,771,True,deepseek_original,latest_available_not_rerun
deepseek-v4-flash-0731,poolact,restricted_search,cost_tight,poolact,f1_mi,all,all,old_absolute,781,True,deepseek_original,latest_available_not_rerun
deepseek-v4-flash-0731,poolact,restricted_search,cost_tight,poolact,f1_mv,all,all,old_absolute,782,True,deepseek_original,latest_available_not_rerun
deepseek-v4-flash-0731,poolact,restricted_search,cost_moderate,cached,f1_mi,family,whois,rerun_aggregate,25,True,deepseek_rerun_20260912,latest_registered_three_strategy_rerun
deepseek-v4-flash-0731,poolact,restricted_search,cost_moderate,cached,f1_mv,family,whois,rerun_aggregate,26,True,deepseek_rerun_20260912,latest_registered_three_strategy_rerun
deepseek-v4-flash-0731,poolact,restricted_search,cost_moderate,naive,f1_mi,family,whois,rerun_aggregate,27,True,deepseek_rerun_20260912,latest_registered_three_strategy_rerun
deepseek-v4-flash-0731,poolact,restricted_search,cost_moderate,naive,f1_mv,family,whois,rerun_aggregate,28,True,deepseek_rerun_20260912,latest_registered_three_strategy_rerun
deepseek-v4-flash-0731,poolact,restricted_search,cost_moderate,poolact,f1_mi,family,whois,rerun_aggregate,29,True,deepseek_rerun_20260912,latest_registered_three_strategy_rerun
deepseek-v4-flash-0731,poolact,restricted_search,cost_moderate,poolact,f1_mv,family,whois,rerun_aggregate,30,True,deepseek_rerun_20260912,latest_registered_three_strategy_rerun
deepseek-v4-flash-0731,poolact,restricted_search,cost_tight,cached,f1_mi,family,whois,old_absolute,825,True,deepseek_original,latest_available_not_rerun
deepseek-v4-flash-0731,poolact,restricted_search,cost_tight,cached,f1_mv,family,whois,old_absolute,826,True,deepseek_original,latest_available_not_rerun
deepseek-v4-flash-0731,poolact,restricted_search,cost_tight,naive,f1_mi,family,whois,old_absolute,836,True,deepseek_original,latest_available_not_rerun
deepseek-v4-flash-0731,poolact,restricted_search,cost_tight,naive,f1_mv,family,whois,old_absolute,837,True,deepseek_original,latest_available_not_rerun
deepseek-v4-flash-0731,poolact,restricted_search,cost_tight,poolact,f1_mi,family,whois,old_absolute,847,True,deepseek_original,latest_available_not_rerun
deepseek-v4-flash-0731,poolact,restricted_search,cost_tight,poolact,f1_mv,family,whois,old_absolute,848,True,deepseek_original,latest_available_not_rerun
deepseek-v4-flash-0731,poolact,restricted_search,cost_moderate,cached,f1_mi,task,phantom_seed2:0,rerun_items,313,True,deepseek_rerun_20260912,latest_registered_three_strategy_rerun
deepseek-v4-flash-0731,poolact,restricted_search,cost_moderate,cached,f1_mv,task,phantom_seed2:0,rerun_items,352,True,deepseek_rerun_20260912,latest_registered_three_strategy_rerun
deepseek-v4-flash-0731,poolact,restricted_search,cost_moderate,naive,f1_mi,task,phantom_seed2:0,rerun_items,391,True,deepseek_rerun_20260912,latest_registered_three_strategy_rerun
deepseek-v4-flash-0731,poolact,restricted_search,cost_moderate,naive,f1_mv,task,phantom_seed2:0,rerun_items,430,True,deepseek_rerun_20260912,latest_registered_three_strategy_rerun
deepseek-v4-flash-0731,poolact,restricted_search,cost_moderate,poolact,f1_mi,task,phantom_seed2:0,rerun_items,469,True,deepseek_rerun_20260912,latest_registered_three_strategy_rerun
deepseek-v4-flash-0731,poolact,restricted_search,cost_moderate,poolact,f1_mv,task,phantom_seed2:0,rerun_items,508,True,deepseek_rerun_20260912,latest_registered_three_strategy_rerun
deepseek-v4-flash-0731,poolact,restricted_search,cost_moderate,cached,f1_mi,task,phantom_seed2:1,rerun_items,314,True,deepseek_rerun_20260912,latest_registered_three_strategy_rerun
deepseek-v4-flash-0731,poolact,restricted_search,cost_moderate,cached,f1_mv,task,phantom_seed2:1,rerun_items,353,True,deepseek_rerun_20260912,latest_registered_three_strategy_rerun
deepseek-v4-flash-0731,poolact,restricted_search,cost_moderate,naive,f1_mi,task,phantom_seed2:1,rerun_items,392,True,deepseek_rerun_20260912,latest_registered_three_strategy_rerun
deepseek-v4-flash-0731,poolact,restricted_search,cost_moderate,naive,f1_mv,task,phantom_seed2:1,rerun_items,431,True,deepseek_rerun_20260912,latest_registered_three_strategy_rerun
deepseek-v4-flash-0731,poolact,restricted_search,cost_moderate,poolact,f1_mi,task,phantom_seed2:1,rerun_items,470,True,deepseek_rerun_20260912,latest_registered_three_strategy_rerun
deepseek-v4-flash-0731,poolact,restricted_search,cost_moderate,poolact,f1_mv,task,phantom_seed2:1,rerun_items,509,True,deepseek_rerun_20260912,latest_registered_three_strategy_rerun
deepseek-v4-flash-0731,poolact,restricted_search,cost_moderate,cached,f1_mi,task,phantom_seed2:10,rerun_items,315,True,deepseek_rerun_20260912,latest_registered_three_strategy_rerun
deepseek-v4-flash-0731,poolact,restricted_search,cost_moderate,cached,f1_mv,task,phantom_seed2:10,rerun_items,354,True,deepseek_rerun_20260912,latest_registered_three_strategy_rerun
deepseek-v4-flash-0731,poolact,restricted_search,cost_moderate,naive,f1_mi,task,phantom_seed2:10,rerun_items,393,True,deepseek_rerun_20260912,latest_registered_three_strategy_rerun
deepseek-v4-flash-0731,poolact,restricted_search,cost_moderate,naive,f1_mv,task,phantom_seed2:10,rerun_items,432,True,deepseek_rerun_20260912,latest_registered_three_strategy_rerun
deepseek-v4-flash-0731,poolact,restricted_search,cost_moderate,poolact,f1_mi,task,phantom_seed2:10,rerun_items,471,True,deepseek_rerun_20260912,latest_registered_three_strategy_rerun
deepseek-v4-flash-0731,poolact,restricted_search,cost_moderate,poolact,f1_mv,task,phantom_seed2:10,rerun_items,510,True,deepseek_rerun_20260912,latest_registered_three_strategy_rerun
deepseek-v4-flash-0731,poolact,restricted_search,cost_moderate,cached,f1_mi,task,phantom_seed2:11,rerun_items,316,True,deepseek_rerun_20260912,latest_registered_three_strategy_rerun
deepseek-v4-flash-0731,poolact,restricted_search,cost_moderate,cached,f1_mv,task,phantom_seed2:11,rerun_items,355,True,deepseek_rerun_20260912,latest_registered_three_strategy_rerun
deepseek-v4-flash-0731,poolact,restricted_search,cost_moderate,naive,f1_mi,task,phantom_seed2:11,rerun_items,394,True,deepseek_rerun_20260912,latest_registered_three_strategy_rerun
deepseek-v4-flash-0731,poolact,restricted_search,cost_moderate,naive,f1_mv,task,phantom_seed2:11,rerun_items,433,True,deepseek_rerun_20260912,latest_registered_three_strategy_rerun
deepseek-v4-flash-0731,poolact,restricted_search,cost_moderate,poolact,f1_mi,task,phantom_seed2:11,rerun_items,472,True,deepseek_rerun_20260912,latest_registered_three_strategy_rerun
deepseek-v4-flash-0731,poolact,restricted_search,cost_moderate,poolact,f1_mv,task,phantom_seed2:11,rerun_items,511,True,deepseek_rerun_20260912,latest_registered_three_strategy_rerun
deepseek-v4-flash-0731,poolact,restricted_search,cost_moderate,cached,f1_mi,task,phantom_seed2:12,rerun_items,317,True,deepseek_rerun_20260912,latest_registered_three_strategy_rerun
deepseek-v4-flash-0731,poolact,restricted_search,cost_moderate,cached,f1_mv,task,phantom_seed2:12,rerun_items,356,True,deepseek_rerun_20260912,latest_registered_three_strategy_rerun
deepseek-v4-flash-0731,poolact,restricted_search,cost_moderate,naive,f1_mi,task,phantom_seed2:12,rerun_items,395,True,deepseek_rerun_20260912,latest_registered_three_strategy_rerun
deepseek-v4-flash-0731,poolact,restricted_search,cost_moderate,naive,f1_mv,task,phantom_seed2:12,rerun_items,434,True,deepseek_rerun_20260912,latest_registered_three_strategy_rerun
deepseek-v4-flash-0731,poolact,restricted_search,cost_moderate,poolact,f1_mi,task,phantom_seed2:12,rerun_items,473,True,deepseek_rerun_20260912,latest_registered_three_strategy_rerun
deepseek-v4-flash-0731,poolact,restricted_search,cost_moderate,poolact,f1_mv,task,phantom_seed2:12,rerun_items,512,True,deepseek_rerun_20260912,latest_registered_three_strategy_rerun
deepseek-v4-flash-0731,poolact,restricted_search,cost_moderate,cached,f1_mi,task,phantom_seed2:13,rerun_items,318,True,deepseek_rerun_20260912,latest_registered_three_strategy_rerun
deepseek-v4-flash-0731,poolact,restricted_search,cost_moderate,cached,f1_mv,task,phantom_seed2:13,rerun_items,357,True,deepseek_rerun_20260912,latest_registered_three_strategy_rerun
deepseek-v4-flash-0731,poolact,restricted_search,cost_moderate,naive,f1_mi,task,phantom_seed2:13,rerun_items,396,True,deepseek_rerun_20260912,latest_registered_three_strategy_rerun
deepseek-v4-flash-0731,poolact,restricted_search,cost_moderate,naive,f1_mv,task,phantom_seed2:13,rerun_items,435,True,deepseek_rerun_20260912,latest_registered_three_strategy_rerun
deepseek-v4-flash-0731,poolact,restricted_search,cost_moderate,poolact,f1_mi,task,phantom_seed2:13,rerun_items,474,True,deepseek_rerun_20260912,latest_registered_three_strategy_rerun
deepseek-v4-flash-0731,poolact,restricted_search,cost_moderate,poolact,f1_mv,task,phantom_seed2:13,rerun_items,513,True,deepseek_rerun_20260912,latest_registered_three_strategy_rerun
deepseek-v4-flash-0731,poolact,restricted_search,cost_moderate,cached,f1_mi,task,phantom_seed2:14,rerun_items,319,True,deepseek_rerun_20260912,latest_registered_three_strategy_rerun
deepseek-v4-flash-0731,poolact,restricted_search,cost_moderate,cached,f1_mv,task,phantom_seed2:14,rerun_items,358,True,deepseek_rerun_20260912,latest_registered_three_strategy_rerun
deepseek-v4-flash-0731,poolact,restricted_search,cost_moderate,naive,f1_mi,task,phantom_seed2:14,rerun_items,397,True,deepseek_rerun_20260912,latest_registered_three_strategy_rerun
deepseek-v4-flash-0731,poolact,restricted_search,cost_moderate,naive,f1_mv,task,phantom_seed2:14,rerun_items,436,True,deepseek_rerun_20260912,latest_registered_three_strategy_rerun
deepseek-v4-flash-0731,poolact,restricted_search,cost_moderate,poolact,f1_mi,task,phantom_seed2:14,rerun_items,475,True,deepseek_rerun_20260912,latest_registered_three_strategy_rerun
deepseek-v4-flash-0731,poolact,restricted_search,cost_moderate,poolact,f1_mv,task,phantom_seed2:14,rerun_items,514,True,deepseek_rerun_20260912,latest_registered_three_strategy_rerun
deepseek-v4-flash-0731,poolact,restricted_search,cost_moderate,cached,f1_mi,task,phantom_seed2:15,rerun_items,320,True,deepseek_rerun_20260912,latest_registered_three_strategy_rerun
deepseek-v4-flash-0731,poolact,restricted_search,cost_moderate,cached,f1_mv,task,phantom_seed2:15,rerun_items,359,True,deepseek_rerun_20260912,latest_registered_three_strategy_rerun
deepseek-v4-flash-0731,poolact,restricted_search,cost_moderate,naive,f1_mi,task,phantom_seed2:15,rerun_items,398,True,deepseek_rerun_20260912,latest_registered_three_strategy_rerun
deepseek-v4-flash-0731,poolact,restricted_search,cost_moderate,naive,f1_mv,task,phantom_seed2:15,rerun_items,437,True,deepseek_rerun_20260912,latest_registered_three_strategy_rerun
deepseek-v4-flash-0731,poolact,restricted_search,cost_moderate,poolact,f1_mi,task,phantom_seed2:15,rerun_items,476,True,deepseek_rerun_20260912,latest_registered_three_strategy_rerun
deepseek-v4-flash-0731,poolact,restricted_search,cost_moderate,poolact,f1_mv,task,phantom_seed2:15,rerun_items,515,True,deepseek_rerun_20260912,latest_registered_three_strategy_rerun
deepseek-v4-flash-0731,poolact,restricted_search,cost_moderate,cached,f1_mi,task,phantom_seed2:16,rerun_items,321,True,deepseek_rerun_20260912,latest_registered_three_strategy_rerun
deepseek-v4-flash-0731,poolact,restricted_search,cost_moderate,cached,f1_mv,task,phantom_seed2:16,rerun_items,360,True,deepseek_rerun_20260912,latest_registered_three_strategy_rerun
deepseek-v4-flash-0731,poolact,restricted_search,cost_moderate,naive,f1_mi,task,phantom_seed2:16,rerun_items,399,True,deepseek_rerun_20260912,latest_registered_three_strategy_rerun
deepseek-v4-flash-0731,poolact,restricted_search,cost_moderate,naive,f1_mv,task,phantom_seed2:16,rerun_items,438,True,deepseek_rerun_20260912,latest_registered_three_strategy_rerun
deepseek-v4-flash-0731,poolact,restricted_search,cost_moderate,poolact,f1_mi,task,phantom_seed2:16,rerun_items,477,True,deepseek_rerun_20260912,latest_registered_three_strategy_rerun
deepseek-v4-flash-0731,poolact,restricted_search,cost_moderate,poolact,f1_mv,task,phantom_seed2:16,rerun_items,516,True,deepseek_rerun_20260912,latest_registered_three_strategy_rerun
deepseek-v4-flash-0731,poolact,restricted_search,cost_moderate,cached,f1_mi,task,phantom_seed2:17,rerun_items,322,True,deepseek_rerun_20260912,latest_registered_three_strategy_rerun
deepseek-v4-flash-0731,poolact,restricted_search,cost_moderate,cached,f1_mv,task,phantom_seed2:17,rerun_items,361,True,deepseek_rerun_20260912,latest_registered_three_strategy_rerun
deepseek-v4-flash-0731,poolact,restricted_search,cost_moderate,naive,f1_mi,task,phantom_seed2:17,rerun_items,400,True,deepseek_rerun_20260912,latest_registered_three_strategy_rerun
deepseek-v4-flash-0731,poolact,restricted_search,cost_moderate,naive,f1_mv,task,phantom_seed2:17,rerun_items,439,True,deepseek_rerun_20260912,latest_registered_three_strategy_rerun
deepseek-v4-flash-0731,poolact,restricted_search,cost_moderate,poolact,f1_mi,task,phantom_seed2:17,rerun_items,478,True,deepseek_rerun_20260912,latest_registered_three_strategy_rerun
deepseek-v4-flash-0731,poolact,restricted_search,cost_moderate,poolact,f1_mv,task,phantom_seed2:17,rerun_items,517,True,deepseek_rerun_20260912,latest_registered_three_strategy_rerun
deepseek-v4-flash-0731,poolact,restricted_search,cost_moderate,cached,f1_mi,task,phantom_seed2:18,rerun_items,323,True,deepseek_rerun_20260912,latest_registered_three_strategy_rerun
deepseek-v4-flash-0731,poolact,restricted_search,cost_moderate,cached,f1_mv,task,phantom_seed2:18,rerun_items,362,True,deepseek_rerun_20260912,latest_registered_three_strategy_rerun
deepseek-v4-flash-0731,poolact,restricted_search,cost_moderate,naive,f1_mi,task,phantom_seed2:18,rerun_items,401,True,deepseek_rerun_20260912,latest_registered_three_strategy_rerun
deepseek-v4-flash-0731,poolact,restricted_search,cost_moderate,naive,f1_mv,task,phantom_seed2:18,rerun_items,440,True,deepseek_rerun_20260912,latest_registered_three_strategy_rerun
deepseek-v4-flash-0731,poolact,restricted_search,cost_moderate,poolact,f1_mi,task,phantom_seed2:18,rerun_items,479,True,deepseek_rerun_20260912,latest_registered_three_strategy_rerun
deepseek-v4-flash-0731,poolact,restricted_search,cost_moderate,poolact,f1_mv,task,phantom_seed2:18,rerun_items,518,True,deepseek_rerun_20260912,latest_registered_three_strategy_rerun
deepseek-v4-flash-0731,poolact,restricted_search,cost_moderate,cached,f1_mi,task,phantom_seed2:19,rerun_items,324,True,deepseek_rerun_20260912,latest_registered_three_strategy_rerun
deepseek-v4-flash-0731,poolact,restricted_search,cost_moderate,cached,f1_mv,task,phantom_seed2:19,rerun_items,363,True,deepseek_rerun_20260912,latest_registered_three_strategy_rerun
deepseek-v4-flash-0731,poolact,restricted_search,cost_moderate,naive,f1_mi,task,phantom_seed2:19,rerun_items,402,True,deepseek_rerun_20260912,latest_registered_three_strategy_rerun
deepseek-v4-flash-0731,poolact,restricted_search,cost_moderate,naive,f1_mv,task,phantom_seed2:19,rerun_items,441,True,deepseek_rerun_20260912,latest_registered_three_strategy_rerun
deepseek-v4-flash-0731,poolact,restricted_search,cost_moderate,poolact,f1_mi,task,phantom_seed2:19,rerun_items,480,True,deepseek_rerun_20260912,latest_registered_three_strategy_rerun
deepseek-v4-flash-0731,poolact,restricted_search,cost_moderate,poolact,f1_mv,task,phantom_seed2:19,rerun_items,519,True,deepseek_rerun_20260912,latest_registered_three_strategy_rerun
deepseek-v4-flash-0731,poolact,restricted_search,cost_moderate,cached,f1_mi,task,phantom_seed2:2,rerun_items,325,True,deepseek_rerun_20260912,latest_registered_three_strategy_rerun
deepseek-v4-flash-0731,poolact,restricted_search,cost_moderate,cached,f1_mv,task,phantom_seed2:2,rerun_items,364,True,deepseek_rerun_20260912,latest_registered_three_strategy_rerun
deepseek-v4-flash-0731,poolact,restricted_search,cost_moderate,naive,f1_mi,task,phantom_seed2:2,rerun_items,403,True,deepseek_rerun_20260912,latest_registered_three_strategy_rerun
deepseek-v4-flash-0731,poolact,restricted_search,cost_moderate,naive,f1_mv,task,phantom_seed2:2,rerun_items,442,True,deepseek_rerun_20260912,latest_registered_three_strategy_rerun
deepseek-v4-flash-0731,poolact,restricted_search,cost_moderate,poolact,f1_mi,task,phantom_seed2:2,rerun_items,481,True,deepseek_rerun_20260912,latest_registered_three_strategy_rerun
deepseek-v4-flash-0731,poolact,restricted_search,cost_moderate,poolact,f1_mv,task,phantom_seed2:2,rerun_items,520,True,deepseek_rerun_20260912,latest_registered_three_strategy_rerun
deepseek-v4-flash-0731,poolact,restricted_search,cost_moderate,cached,f1_mi,task,phantom_seed2:3,rerun_items,326,True,deepseek_rerun_20260912,latest_registered_three_strategy_rerun
deepseek-v4-flash-0731,poolact,restricted_search,cost_moderate,cached,f1_mv,task,phantom_seed2:3,rerun_items,365,True,deepseek_rerun_20260912,latest_registered_three_strategy_rerun
deepseek-v4-flash-0731,poolact,restricted_search,cost_moderate,naive,f1_mi,task,phantom_seed2:3,rerun_items,404,True,deepseek_rerun_20260912,latest_registered_three_strategy_rerun
deepseek-v4-flash-0731,poolact,restricted_search,cost_moderate,naive,f1_mv,task,phantom_seed2:3,rerun_items,443,True,deepseek_rerun_20260912,latest_registered_three_strategy_rerun
deepseek-v4-flash-0731,poolact,restricted_search,cost_moderate,poolact,f1_mi,task,phantom_seed2:3,rerun_items,482,True,deepseek_rerun_20260912,latest_registered_three_strategy_rerun
deepseek-v4-flash-0731,poolact,restricted_search,cost_moderate,poolact,f1_mv,task,phantom_seed2:3,rerun_items,521,True,deepseek_rerun_20260912,latest_registered_three_strategy_rerun
deepseek-v4-flash-0731,poolact,restricted_search,cost_moderate,cached,f1_mi,task,phantom_seed2:4,rerun_items,327,True,deepseek_rerun_20260912,latest_registered_three_strategy_rerun
deepseek-v4-flash-0731,poolact,restricted_search,cost_moderate,cached,f1_mv,task,phantom_seed2:4,rerun_items,366,True,deepseek_rerun_20260912,latest_registered_three_strategy_rerun
deepseek-v4-flash-0731,poolact,restricted_search,cost_moderate,naive,f1_mi,task,phantom_seed2:4,rerun_items,405,True,deepseek_rerun_20260912,latest_registered_three_strategy_rerun
deepseek-v4-flash-0731,poolact,restricted_search,cost_moderate,naive,f1_mv,task,phantom_seed2:4,rerun_items,444,True,deepseek_rerun_20260912,latest_registered_three_strategy_rerun
deepseek-v4-flash-0731,poolact,restricted_search,cost_moderate,poolact,f1_mi,task,phantom_seed2:4,rerun_items,483,True,deepseek_rerun_20260912,latest_registered_three_strategy_rerun
deepseek-v4-flash-0731,poolact,restricted_search,cost_moderate,poolact,f1_mv,task,phantom_seed2:4,rerun_items,522,True,deepseek_rerun_20260912,latest_registered_three_strategy_rerun
deepseek-v4-flash-0731,poolact,restricted_search,cost_moderate,cached,f1_mi,task,phantom_seed2:5,rerun_items,328,True,deepseek_rerun_20260912,latest_registered_three_strategy_rerun
deepseek-v4-flash-0731,poolact,restricted_search,cost_moderate,cached,f1_mv,task,phantom_seed2:5,rerun_items,367,True,deepseek_rerun_20260912,latest_registered_three_strategy_rerun
deepseek-v4-flash-0731,poolact,restricted_search,cost_moderate,naive,f1_mi,task,phantom_seed2:5,rerun_items,406,True,deepseek_rerun_20260912,latest_registered_three_strategy_rerun
deepseek-v4-flash-0731,poolact,restricted_search,cost_moderate,naive,f1_mv,task,phantom_seed2:5,rerun_items,445,True,deepseek_rerun_20260912,latest_registered_three_strategy_rerun
deepseek-v4-flash-0731,poolact,restricted_search,cost_moderate,poolact,f1_mi,task,phantom_seed2:5,rerun_items,484,True,deepseek_rerun_20260912,latest_registered_three_strategy_rerun
deepseek-v4-flash-0731,poolact,restricted_search,cost_moderate,poolact,f1_mv,task,phantom_seed2:5,rerun_items,523,True,deepseek_rerun_20260912,latest_registered_three_strategy_rerun
deepseek-v4-flash-0731,poolact,restricted_search,cost_moderate,cached,f1_mi,task,phantom_seed2:6,rerun_items,329,True,deepseek_rerun_20260912,latest_registered_three_strategy_rerun
deepseek-v4-flash-0731,poolact,restricted_search,cost_moderate,cached,f1_mv,task,phantom_seed2:6,rerun_items,368,True,deepseek_rerun_20260912,latest_registered_three_strategy_rerun
deepseek-v4-flash-0731,poolact,restricted_search,cost_moderate,naive,f1_mi,task,phantom_seed2:6,rerun_items,407,True,deepseek_rerun_20260912,latest_registered_three_strategy_rerun
deepseek-v4-flash-0731,poolact,restricted_search,cost_moderate,naive,f1_mv,task,phantom_seed2:6,rerun_items,446,True,deepseek_rerun_20260912,latest_registered_three_strategy_rerun
deepseek-v4-flash-0731,poolact,restricted_search,cost_moderate,poolact,f1_mi,task,phantom_seed2:6,rerun_items,485,True,deepseek_rerun_20260912,latest_registered_three_strategy_rerun
deepseek-v4-flash-0731,poolact,restricted_search,cost_moderate,poolact,f1_mv,task,phantom_seed2:6,rerun_items,524,True,deepseek_rerun_20260912,latest_registered_three_strategy_rerun
deepseek-v4-flash-0731,poolact,restricted_search,cost_moderate,cached,f1_mi,task,phantom_seed2:7,rerun_items,330,True,deepseek_rerun_20260912,latest_registered_three_strategy_rerun
deepseek-v4-flash-0731,poolact,restricted_search,cost_moderate,cached,f1_mv,task,phantom_seed2:7,rerun_items,369,True,deepseek_rerun_20260912,latest_registered_three_strategy_rerun
deepseek-v4-flash-0731,poolact,restricted_search,cost_moderate,naive,f1_mi,task,phantom_seed2:7,rerun_items,408,True,deepseek_rerun_20260912,latest_registered_three_strategy_rerun
deepseek-v4-flash-0731,poolact,restricted_search,cost_moderate,naive,f1_mv,task,phantom_seed2:7,rerun_items,447,True,deepseek_rerun_20260912,latest_registered_three_strategy_rerun
deepseek-v4-flash-0731,poolact,restricted_search,cost_moderate,poolact,f1_mi,task,phantom_seed2:7,rerun_items,486,True,deepseek_rerun_20260912,latest_registered_three_strategy_rerun
deepseek-v4-flash-0731,poolact,restricted_search,cost_moderate,poolact,f1_mv,task,phantom_seed2:7,rerun_items,525,True,deepseek_rerun_20260912,latest_registered_three_strategy_rerun
deepseek-v4-flash-0731,poolact,restricted_search,cost_moderate,cached,f1_mi,task,phantom_seed2:8,rerun_items,331,True,deepseek_rerun_20260912,latest_registered_three_strategy_rerun
deepseek-v4-flash-0731,poolact,restricted_search,cost_moderate,cached,f1_mv,task,phantom_seed2:8,rerun_items,370,True,deepseek_rerun_20260912,latest_registered_three_strategy_rerun
deepseek-v4-flash-0731,poolact,restricted_search,cost_moderate,naive,f1_mi,task,phantom_seed2:8,rerun_items,409,True,deepseek_rerun_20260912,latest_registered_three_strategy_rerun
deepseek-v4-flash-0731,poolact,restricted_search,cost_moderate,naive,f1_mv,task,phantom_seed2:8,rerun_items,448,True,deepseek_rerun_20260912,latest_registered_three_strategy_rerun
deepseek-v4-flash-0731,poolact,restricted_search,cost_moderate,poolact,f1_mi,task,phantom_seed2:8,rerun_items,487,True,deepseek_rerun_20260912,latest_registered_three_strategy_rerun
deepseek-v4-flash-0731,poolact,restricted_search,cost_moderate,poolact,f1_mv,task,phantom_seed2:8,rerun_items,526,True,deepseek_rerun_20260912,latest_registered_three_strategy_rerun
deepseek-v4-flash-0731,poolact,restricted_search,cost_moderate,cached,f1_mi,task,phantom_seed2:9,rerun_items,332,True,deepseek_rerun_20260912,latest_registered_three_strategy_rerun
deepseek-v4-flash-0731,poolact,restricted_search,cost_moderate,cached,f1_mv,task,phantom_seed2:9,rerun_items,371,True,deepseek_rerun_20260912,latest_registered_three_strategy_rerun
deepseek-v4-flash-0731,poolact,restricted_search,cost_moderate,naive,f1_mi,task,phantom_seed2:9,rerun_items,410,True,deepseek_rerun_20260912,latest_registered_three_strategy_rerun
deepseek-v4-flash-0731,poolact,restricted_search,cost_moderate,naive,f1_mv,task,phantom_seed2:9,rerun_items,449,True,deepseek_rerun_20260912,latest_registered_three_strategy_rerun
deepseek-v4-flash-0731,poolact,restricted_search,cost_moderate,poolact,f1_mi,task,phantom_seed2:9,rerun_items,488,True,deepseek_rerun_20260912,latest_registered_three_strategy_rerun
deepseek-v4-flash-0731,poolact,restricted_search,cost_moderate,poolact,f1_mv,task,phantom_seed2:9,rerun_items,527,True,deepseek_rerun_20260912,latest_registered_three_strategy_rerun
deepseek-v4-flash-0731,poolact,restricted_search,cost_moderate,cached,f1_mi,task,phantom_seed3:0,rerun_items,333,True,deepseek_rerun_20260912,latest_registered_three_strategy_rerun
deepseek-v4-flash-0731,poolact,restricted_search,cost_moderate,cached,f1_mv,task,phantom_seed3:0,rerun_items,372,True,deepseek_rerun_20260912,latest_registered_three_strategy_rerun
deepseek-v4-flash-0731,poolact,restricted_search,cost_moderate,naive,f1_mi,task,phantom_seed3:0,rerun_items,411,True,deepseek_rerun_20260912,latest_registered_three_strategy_rerun
deepseek-v4-flash-0731,poolact,restricted_search,cost_moderate,naive,f1_mv,task,phantom_seed3:0,rerun_items,450,True,deepseek_rerun_20260912,latest_registered_three_strategy_rerun
deepseek-v4-flash-0731,poolact,restricted_search,cost_moderate,poolact,f1_mi,task,phantom_seed3:0,rerun_items,489,True,deepseek_rerun_20260912,latest_registered_three_strategy_rerun
deepseek-v4-flash-0731,poolact,restricted_search,cost_moderate,poolact,f1_mv,task,phantom_seed3:0,rerun_items,528,True,deepseek_rerun_20260912,latest_registered_three_strategy_rerun
deepseek-v4-flash-0731,poolact,restricted_search,cost_moderate,cached,f1_mi,task,phantom_seed3:1,rerun_items,334,True,deepseek_rerun_20260912,latest_registered_three_strategy_rerun
deepseek-v4-flash-0731,poolact,restricted_search,cost_moderate,cached,f1_mv,task,phantom_seed3:1,rerun_items,373,True,deepseek_rerun_20260912,latest_registered_three_strategy_rerun
deepseek-v4-flash-0731,poolact,restricted_search,cost_moderate,naive,f1_mi,task,phantom_seed3:1,rerun_items,412,True,deepseek_rerun_20260912,latest_registered_three_strategy_rerun
deepseek-v4-flash-0731,poolact,restricted_search,cost_moderate,naive,f1_mv,task,phantom_seed3:1,rerun_items,451,True,deepseek_rerun_20260912,latest_registered_three_strategy_rerun
deepseek-v4-flash-0731,poolact,restricted_search,cost_moderate,poolact,f1_mi,task,phantom_seed3:1,rerun_items,490,True,deepseek_rerun_20260912,latest_registered_three_strategy_rerun
deepseek-v4-flash-0731,poolact,restricted_search,cost_moderate,poolact,f1_mv,task,phantom_seed3:1,rerun_items,529,True,deepseek_rerun_20260912,latest_registered_three_strategy_rerun
deepseek-v4-flash-0731,poolact,restricted_search,cost_moderate,cached,f1_mi,task,phantom_seed3:10,rerun_items,335,True,deepseek_rerun_20260912,latest_registered_three_strategy_rerun
deepseek-v4-flash-0731,poolact,restricted_search,cost_moderate,cached,f1_mv,task,phantom_seed3:10,rerun_items,374,True,deepseek_rerun_20260912,latest_registered_three_strategy_rerun
deepseek-v4-flash-0731,poolact,restricted_search,cost_moderate,naive,f1_mi,task,phantom_seed3:10,rerun_items,413,True,deepseek_rerun_20260912,latest_registered_three_strategy_rerun
deepseek-v4-flash-0731,poolact,restricted_search,cost_moderate,naive,f1_mv,task,phantom_seed3:10,rerun_items,452,True,deepseek_rerun_20260912,latest_registered_three_strategy_rerun
deepseek-v4-flash-0731,poolact,restricted_search,cost_moderate,poolact,f1_mi,task,phantom_seed3:10,rerun_items,491,True,deepseek_rerun_20260912,latest_registered_three_strategy_rerun
deepseek-v4-flash-0731,poolact,restricted_search,cost_moderate,poolact,f1_mv,task,phantom_seed3:10,rerun_items,530,True,deepseek_rerun_20260912,latest_registered_three_strategy_rerun
deepseek-v4-flash-0731,poolact,restricted_search,cost_moderate,cached,f1_mi,task,phantom_seed3:11,rerun_items,336,True,deepseek_rerun_20260912,latest_registered_three_strategy_rerun
deepseek-v4-flash-0731,poolact,restricted_search,cost_moderate,cached,f1_mv,task,phantom_seed3:11,rerun_items,375,True,deepseek_rerun_20260912,latest_registered_three_strategy_rerun
deepseek-v4-flash-0731,poolact,restricted_search,cost_moderate,naive,f1_mi,task,phantom_seed3:11,rerun_items,414,True,deepseek_rerun_20260912,latest_registered_three_strategy_rerun
deepseek-v4-flash-0731,poolact,restricted_search,cost_moderate,naive,f1_mv,task,phantom_seed3:11,rerun_items,453,True,deepseek_rerun_20260912,latest_registered_three_strategy_rerun
deepseek-v4-flash-0731,poolact,restricted_search,cost_moderate,poolact,f1_mi,task,phantom_seed3:11,rerun_items,492,True,deepseek_rerun_20260912,latest_registered_three_strategy_rerun
deepseek-v4-flash-0731,poolact,restricted_search,cost_moderate,poolact,f1_mv,task,phantom_seed3:11,rerun_items,531,True,deepseek_rerun_20260912,latest_registered_three_strategy_rerun
deepseek-v4-flash-0731,poolact,restricted_search,cost_moderate,cached,f1_mi,task,phantom_seed3:12,rerun_items,337,True,deepseek_rerun_20260912,latest_registered_three_strategy_rerun
deepseek-v4-flash-0731,poolact,restricted_search,cost_moderate,cached,f1_mv,task,phantom_seed3:12,rerun_items,376,True,deepseek_rerun_20260912,latest_registered_three_strategy_rerun
deepseek-v4-flash-0731,poolact,restricted_search,cost_moderate,naive,f1_mi,task,phantom_seed3:12,rerun_items,415,True,deepseek_rerun_20260912,latest_registered_three_strategy_rerun
deepseek-v4-flash-0731,poolact,restricted_search,cost_moderate,naive,f1_mv,task,phantom_seed3:12,rerun_items,454,True,deepseek_rerun_20260912,latest_registered_three_strategy_rerun
deepseek-v4-flash-0731,poolact,restricted_search,cost_moderate,poolact,f1_mi,task,phantom_seed3:12,rerun_items,493,True,deepseek_rerun_20260912,latest_registered_three_strategy_rerun
deepseek-v4-flash-0731,poolact,restricted_search,cost_moderate,poolact,f1_mv,task,phantom_seed3:12,rerun_items,532,True,deepseek_rerun_20260912,latest_registered_three_strategy_rerun
deepseek-v4-flash-0731,poolact,restricted_search,cost_moderate,cached,f1_mi,task,phantom_seed3:13,rerun_items,338,True,deepseek_rerun_20260912,latest_registered_three_strategy_rerun
deepseek-v4-flash-0731,poolact,restricted_search,cost_moderate,cached,f1_mv,task,phantom_seed3:13,rerun_items,377,True,deepseek_rerun_20260912,latest_registered_three_strategy_rerun
deepseek-v4-flash-0731,poolact,restricted_search,cost_moderate,naive,f1_mi,task,phantom_seed3:13,rerun_items,416,True,deepseek_rerun_20260912,latest_registered_three_strategy_rerun
deepseek-v4-flash-0731,poolact,restricted_search,cost_moderate,naive,f1_mv,task,phantom_seed3:13,rerun_items,455,True,deepseek_rerun_20260912,latest_registered_three_strategy_rerun
deepseek-v4-flash-0731,poolact,restricted_search,cost_moderate,poolact,f1_mi,task,phantom_seed3:13,rerun_items,494,True,deepseek_rerun_20260912,latest_registered_three_strategy_rerun
deepseek-v4-flash-0731,poolact,restricted_search,cost_moderate,poolact,f1_mv,task,phantom_seed3:13,rerun_items,533,True,deepseek_rerun_20260912,latest_registered_three_strategy_rerun
deepseek-v4-flash-0731,poolact,restricted_search,cost_moderate,cached,f1_mi,task,phantom_seed3:14,rerun_items,339,True,deepseek_rerun_20260912,latest_registered_three_strategy_rerun
deepseek-v4-flash-0731,poolact,restricted_search,cost_moderate,cached,f1_mv,task,phantom_seed3:14,rerun_items,378,True,deepseek_rerun_20260912,latest_registered_three_strategy_rerun
deepseek-v4-flash-0731,poolact,restricted_search,cost_moderate,naive,f1_mi,task,phantom_seed3:14,rerun_items,417,True,deepseek_rerun_20260912,latest_registered_three_strategy_rerun
deepseek-v4-flash-0731,poolact,restricted_search,cost_moderate,naive,f1_mv,task,phantom_seed3:14,rerun_items,456,True,deepseek_rerun_20260912,latest_registered_three_strategy_rerun
deepseek-v4-flash-0731,poolact,restricted_search,cost_moderate,poolact,f1_mi,task,phantom_seed3:14,rerun_items,495,True,deepseek_rerun_20260912,latest_registered_three_strategy_rerun
deepseek-v4-flash-0731,poolact,restricted_search,cost_moderate,poolact,f1_mv,task,phantom_seed3:14,rerun_items,534,True,deepseek_rerun_20260912,latest_registered_three_strategy_rerun
deepseek-v4-flash-0731,poolact,restricted_search,cost_moderate,cached,f1_mi,task,phantom_seed3:15,rerun_items,340,True,deepseek_rerun_20260912,latest_registered_three_strategy_rerun
deepseek-v4-flash-0731,poolact,restricted_search,cost_moderate,cached,f1_mv,task,phantom_seed3:15,rerun_items,379,True,deepseek_rerun_20260912,latest_registered_three_strategy_rerun
deepseek-v4-flash-0731,poolact,restricted_search,cost_moderate,naive,f1_mi,task,phantom_seed3:15,rerun_items,418,True,deepseek_rerun_20260912,latest_registered_three_strategy_rerun
deepseek-v4-flash-0731,poolact,restricted_search,cost_moderate,naive,f1_mv,task,phantom_seed3:15,rerun_items,457,True,deepseek_rerun_20260912,latest_registered_three_strategy_rerun
deepseek-v4-flash-0731,poolact,restricted_search,cost_moderate,poolact,f1_mi,task,phantom_seed3:15,rerun_items,496,True,deepseek_rerun_20260912,latest_registered_three_strategy_rerun
deepseek-v4-flash-0731,poolact,restricted_search,cost_moderate,poolact,f1_mv,task,phantom_seed3:15,rerun_items,535,True,deepseek_rerun_20260912,latest_registered_three_strategy_rerun
deepseek-v4-flash-0731,poolact,restricted_search,cost_moderate,cached,f1_mi,task,phantom_seed3:16,rerun_items,341,True,deepseek_rerun_20260912,latest_registered_three_strategy_rerun
deepseek-v4-flash-0731,poolact,restricted_search,cost_moderate,cached,f1_mv,task,phantom_seed3:16,rerun_items,380,True,deepseek_rerun_20260912,latest_registered_three_strategy_rerun
deepseek-v4-flash-0731,poolact,restricted_search,cost_moderate,naive,f1_mi,task,phantom_seed3:16,rerun_items,419,True,deepseek_rerun_20260912,latest_registered_three_strategy_rerun
deepseek-v4-flash-0731,poolact,restricted_search,cost_moderate,naive,f1_mv,task,phantom_seed3:16,rerun_items,458,True,deepseek_rerun_20260912,latest_registered_three_strategy_rerun
deepseek-v4-flash-0731,poolact,restricted_search,cost_moderate,poolact,f1_mi,task,phantom_seed3:16,rerun_items,497,True,deepseek_rerun_20260912,latest_registered_three_strategy_rerun
deepseek-v4-flash-0731,poolact,restricted_search,cost_moderate,poolact,f1_mv,task,phantom_seed3:16,rerun_items,536,True,deepseek_rerun_20260912,latest_registered_three_strategy_rerun
deepseek-v4-flash-0731,poolact,restricted_search,cost_moderate,cached,f1_mi,task,phantom_seed3:17,rerun_items,342,True,deepseek_rerun_20260912,latest_registered_three_strategy_rerun
deepseek-v4-flash-0731,poolact,restricted_search,cost_moderate,cached,f1_mv,task,phantom_seed3:17,rerun_items,381,True,deepseek_rerun_20260912,latest_registered_three_strategy_rerun
deepseek-v4-flash-0731,poolact,restricted_search,cost_moderate,naive,f1_mi,task,phantom_seed3:17,rerun_items,420,True,deepseek_rerun_20260912,latest_registered_three_strategy_rerun
deepseek-v4-flash-0731,poolact,restricted_search,cost_moderate,naive,f1_mv,task,phantom_seed3:17,rerun_items,459,True,deepseek_rerun_20260912,latest_registered_three_strategy_rerun
deepseek-v4-flash-0731,poolact,restricted_search,cost_moderate,poolact,f1_mi,task,phantom_seed3:17,rerun_items,498,True,deepseek_rerun_20260912,latest_registered_three_strategy_rerun
deepseek-v4-flash-0731,poolact,restricted_search,cost_moderate,poolact,f1_mv,task,phantom_seed3:17,rerun_items,537,True,deepseek_rerun_20260912,latest_registered_three_strategy_rerun
deepseek-v4-flash-0731,poolact,restricted_search,cost_moderate,cached,f1_mi,task,phantom_seed3:18,rerun_items,343,True,deepseek_rerun_20260912,latest_registered_three_strategy_rerun
deepseek-v4-flash-0731,poolact,restricted_search,cost_moderate,cached,f1_mv,task,phantom_seed3:18,rerun_items,382,True,deepseek_rerun_20260912,latest_registered_three_strategy_rerun
deepseek-v4-flash-0731,poolact,restricted_search,cost_moderate,naive,f1_mi,task,phantom_seed3:18,rerun_items,421,True,deepseek_rerun_20260912,latest_registered_three_strategy_rerun
deepseek-v4-flash-0731,poolact,restricted_search,cost_moderate,naive,f1_mv,task,phantom_seed3:18,rerun_items,460,True,deepseek_rerun_20260912,latest_registered_three_strategy_rerun
deepseek-v4-flash-0731,poolact,restricted_search,cost_moderate,poolact,f1_mi,task,phantom_seed3:18,rerun_items,499,True,deepseek_rerun_20260912,latest_registered_three_strategy_rerun
deepseek-v4-flash-0731,poolact,restricted_search,cost_moderate,poolact,f1_mv,task,phantom_seed3:18,rerun_items,538,True,deepseek_rerun_20260912,latest_registered_three_strategy_rerun
deepseek-v4-flash-0731,poolact,restricted_search,cost_moderate,cached,f1_mi,task,phantom_seed3:2,rerun_items,344,True,deepseek_rerun_20260912,latest_registered_three_strategy_rerun
deepseek-v4-flash-0731,poolact,restricted_search,cost_moderate,cached,f1_mv,task,phantom_seed3:2,rerun_items,383,True,deepseek_rerun_20260912,latest_registered_three_strategy_rerun
deepseek-v4-flash-0731,poolact,restricted_search,cost_moderate,naive,f1_mi,task,phantom_seed3:2,rerun_items,422,True,deepseek_rerun_20260912,latest_registered_three_strategy_rerun
deepseek-v4-flash-0731,poolact,restricted_search,cost_moderate,naive,f1_mv,task,phantom_seed3:2,rerun_items,461,True,deepseek_rerun_20260912,latest_registered_three_strategy_rerun
deepseek-v4-flash-0731,poolact,restricted_search,cost_moderate,poolact,f1_mi,task,phantom_seed3:2,rerun_items,500,True,deepseek_rerun_20260912,latest_registered_three_strategy_rerun
deepseek-v4-flash-0731,poolact,restricted_search,cost_moderate,poolact,f1_mv,task,phantom_seed3:2,rerun_items,539,True,deepseek_rerun_20260912,latest_registered_three_strategy_rerun
deepseek-v4-flash-0731,poolact,restricted_search,cost_moderate,cached,f1_mi,task,phantom_seed3:3,rerun_items,345,True,deepseek_rerun_20260912,latest_registered_three_strategy_rerun
deepseek-v4-flash-0731,poolact,restricted_search,cost_moderate,cached,f1_mv,task,phantom_seed3:3,rerun_items,384,True,deepseek_rerun_20260912,latest_registered_three_strategy_rerun
deepseek-v4-flash-0731,poolact,restricted_search,cost_moderate,naive,f1_mi,task,phantom_seed3:3,rerun_items,423,True,deepseek_rerun_20260912,latest_registered_three_strategy_rerun
deepseek-v4-flash-0731,poolact,restricted_search,cost_moderate,naive,f1_mv,task,phantom_seed3:3,rerun_items,462,True,deepseek_rerun_20260912,latest_registered_three_strategy_rerun
deepseek-v4-flash-0731,poolact,restricted_search,cost_moderate,poolact,f1_mi,task,phantom_seed3:3,rerun_items,501,True,deepseek_rerun_20260912,latest_registered_three_strategy_rerun
deepseek-v4-flash-0731,poolact,restricted_search,cost_moderate,poolact,f1_mv,task,phantom_seed3:3,rerun_items,540,True,deepseek_rerun_20260912,latest_registered_three_strategy_rerun
deepseek-v4-flash-0731,poolact,restricted_search,cost_moderate,cached,f1_mi,task,phantom_seed3:4,rerun_items,346,True,deepseek_rerun_20260912,latest_registered_three_strategy_rerun
deepseek-v4-flash-0731,poolact,restricted_search,cost_moderate,cached,f1_mv,task,phantom_seed3:4,rerun_items,385,True,deepseek_rerun_20260912,latest_registered_three_strategy_rerun
deepseek-v4-flash-0731,poolact,restricted_search,cost_moderate,naive,f1_mi,task,phantom_seed3:4,rerun_items,424,True,deepseek_rerun_20260912,latest_registered_three_strategy_rerun
deepseek-v4-flash-0731,poolact,restricted_search,cost_moderate,naive,f1_mv,task,phantom_seed3:4,rerun_items,463,True,deepseek_rerun_20260912,latest_registered_three_strategy_rerun
deepseek-v4-flash-0731,poolact,restricted_search,cost_moderate,poolact,f1_mi,task,phantom_seed3:4,rerun_items,502,True,deepseek_rerun_20260912,latest_registered_three_strategy_rerun
deepseek-v4-flash-0731,poolact,restricted_search,cost_moderate,poolact,f1_mv,task,phantom_seed3:4,rerun_items,541,True,deepseek_rerun_20260912,latest_registered_three_strategy_rerun
deepseek-v4-flash-0731,poolact,restricted_search,cost_moderate,cached,f1_mi,task,phantom_seed3:5,rerun_items,347,True,deepseek_rerun_20260912,latest_registered_three_strategy_rerun
deepseek-v4-flash-0731,poolact,restricted_search,cost_moderate,cached,f1_mv,task,phantom_seed3:5,rerun_items,386,True,deepseek_rerun_20260912,latest_registered_three_strategy_rerun
deepseek-v4-flash-0731,poolact,restricted_search,cost_moderate,naive,f1_mi,task,phantom_seed3:5,rerun_items,425,True,deepseek_rerun_20260912,latest_registered_three_strategy_rerun
deepseek-v4-flash-0731,poolact,restricted_search,cost_moderate,naive,f1_mv,task,phantom_seed3:5,rerun_items,464,True,deepseek_rerun_20260912,latest_registered_three_strategy_rerun
deepseek-v4-flash-0731,poolact,restricted_search,cost_moderate,poolact,f1_mi,task,phantom_seed3:5,rerun_items,503,True,deepseek_rerun_20260912,latest_registered_three_strategy_rerun
deepseek-v4-flash-0731,poolact,restricted_search,cost_moderate,poolact,f1_mv,task,phantom_seed3:5,rerun_items,542,True,deepseek_rerun_20260912,latest_registered_three_strategy_rerun
deepseek-v4-flash-0731,poolact,restricted_search,cost_moderate,cached,f1_mi,task,phantom_seed3:6,rerun_items,348,True,deepseek_rerun_20260912,latest_registered_three_strategy_rerun
deepseek-v4-flash-0731,poolact,restricted_search,cost_moderate,cached,f1_mv,task,phantom_seed3:6,rerun_items,387,True,deepseek_rerun_20260912,latest_registered_three_strategy_rerun
deepseek-v4-flash-0731,poolact,restricted_search,cost_moderate,naive,f1_mi,task,phantom_seed3:6,rerun_items,426,True,deepseek_rerun_20260912,latest_registered_three_strategy_rerun
deepseek-v4-flash-0731,poolact,restricted_search,cost_moderate,naive,f1_mv,task,phantom_seed3:6,rerun_items,465,True,deepseek_rerun_20260912,latest_registered_three_strategy_rerun
deepseek-v4-flash-0731,poolact,restricted_search,cost_moderate,poolact,f1_mi,task,phantom_seed3:6,rerun_items,504,True,deepseek_rerun_20260912,latest_registered_three_strategy_rerun
deepseek-v4-flash-0731,poolact,restricted_search,cost_moderate,poolact,f1_mv,task,phantom_seed3:6,rerun_items,543,True,deepseek_rerun_20260912,latest_registered_three_strategy_rerun
deepseek-v4-flash-0731,poolact,restricted_search,cost_moderate,cached,f1_mi,task,phantom_seed3:7,rerun_items,349,True,deepseek_rerun_20260912,latest_registered_three_strategy_rerun
deepseek-v4-flash-0731,poolact,restricted_search,cost_moderate,cached,f1_mv,task,phantom_seed3:7,rerun_items,388,True,deepseek_rerun_20260912,latest_registered_three_strategy_rerun
deepseek-v4-flash-0731,poolact,restricted_search,cost_moderate,naive,f1_mi,task,phantom_seed3:7,rerun_items,427,True,deepseek_rerun_20260912,latest_registered_three_strategy_rerun
deepseek-v4-flash-0731,poolact,restricted_search,cost_moderate,naive,f1_mv,task,phantom_seed3:7,rerun_items,466,True,deepseek_rerun_20260912,latest_registered_three_strategy_rerun
deepseek-v4-flash-0731,poolact,restricted_search,cost_moderate,poolact,f1_mi,task,phantom_seed3:7,rerun_items,505,True,deepseek_rerun_20260912,latest_registered_three_strategy_rerun
deepseek-v4-flash-0731,poolact,restricted_search,cost_moderate,poolact,f1_mv,task,phantom_seed3:7,rerun_items,544,True,deepseek_rerun_20260912,latest_registered_three_strategy_rerun
deepseek-v4-flash-0731,poolact,restricted_search,cost_moderate,cached,f1_mi,task,phantom_seed3:8,rerun_items,350,True,deepseek_rerun_20260912,latest_registered_three_strategy_rerun
deepseek-v4-flash-0731,poolact,restricted_search,cost_moderate,cached,f1_mv,task,phantom_seed3:8,rerun_items,389,True,deepseek_rerun_20260912,latest_registered_three_strategy_rerun
deepseek-v4-flash-0731,poolact,restricted_search,cost_moderate,naive,f1_mi,task,phantom_seed3:8,rerun_items,428,True,deepseek_rerun_20260912,latest_registered_three_strategy_rerun
deepseek-v4-flash-0731,poolact,restricted_search,cost_moderate,naive,f1_mv,task,phantom_seed3:8,rerun_items,467,True,deepseek_rerun_20260912,latest_registered_three_strategy_rerun
deepseek-v4-flash-0731,poolact,restricted_search,cost_moderate,poolact,f1_mi,task,phantom_seed3:8,rerun_items,506,True,deepseek_rerun_20260912,latest_registered_three_strategy_rerun
deepseek-v4-flash-0731,poolact,restricted_search,cost_moderate,poolact,f1_mv,task,phantom_seed3:8,rerun_items,545,True,deepseek_rerun_20260912,latest_registered_three_strategy_rerun
deepseek-v4-flash-0731,poolact,restricted_search,cost_moderate,cached,f1_mi,task,phantom_seed3:9,rerun_items,351,True,deepseek_rerun_20260912,latest_registered_three_strategy_rerun
deepseek-v4-flash-0731,poolact,restricted_search,cost_moderate,cached,f1_mv,task,phantom_seed3:9,rerun_items,390,True,deepseek_rerun_20260912,latest_registered_three_strategy_rerun
deepseek-v4-flash-0731,poolact,restricted_search,cost_moderate,naive,f1_mi,task,phantom_seed3:9,rerun_items,429,True,deepseek_rerun_20260912,latest_registered_three_strategy_rerun
deepseek-v4-flash-0731,poolact,restricted_search,cost_moderate,naive,f1_mv,task,phantom_seed3:9,rerun_items,468,True,deepseek_rerun_20260912,latest_registered_three_strategy_rerun
deepseek-v4-flash-0731,poolact,restricted_search,cost_moderate,poolact,f1_mi,task,phantom_seed3:9,rerun_items,507,True,deepseek_rerun_20260912,latest_registered_three_strategy_rerun
deepseek-v4-flash-0731,poolact,restricted_search,cost_moderate,poolact,f1_mv,task,phantom_seed3:9,rerun_items,546,True,deepseek_rerun_20260912,latest_registered_three_strategy_rerun
deepseek-v4-flash-0731,poolact,tuning,cost_moderate,cached,gap0_bon,all,all,rerun_aggregate,31,True,deepseek_rerun_20260912,latest_registered_three_strategy_rerun
deepseek-v4-flash-0731,poolact,tuning,cost_moderate,cached,gap0_mi,all,all,rerun_aggregate,32,True,deepseek_rerun_20260912,latest_registered_three_strategy_rerun
deepseek-v4-flash-0731,poolact,tuning,cost_moderate,cached,gap_bon,all,all,rerun_aggregate,33,True,deepseek_rerun_20260912,latest_registered_three_strategy_rerun
deepseek-v4-flash-0731,poolact,tuning,cost_moderate,cached,gap_mi,all,all,rerun_aggregate,34,True,deepseek_rerun_20260912,latest_registered_three_strategy_rerun
deepseek-v4-flash-0731,poolact,tuning,cost_moderate,cached,raw_perf_bon,all,all,rerun_aggregate,35,True,deepseek_rerun_20260912,latest_registered_three_strategy_rerun
deepseek-v4-flash-0731,poolact,tuning,cost_moderate,cached,raw_perf_mi,all,all,rerun_aggregate,36,True,deepseek_rerun_20260912,latest_registered_three_strategy_rerun
deepseek-v4-flash-0731,poolact,tuning,cost_moderate,naive,gap0_bon,all,all,rerun_aggregate,37,True,deepseek_rerun_20260912,latest_registered_three_strategy_rerun
deepseek-v4-flash-0731,poolact,tuning,cost_moderate,naive,gap0_mi,all,all,rerun_aggregate,38,True,deepseek_rerun_20260912,latest_registered_three_strategy_rerun
deepseek-v4-flash-0731,poolact,tuning,cost_moderate,naive,gap_bon,all,all,rerun_aggregate,39,True,deepseek_rerun_20260912,latest_registered_three_strategy_rerun
deepseek-v4-flash-0731,poolact,tuning,cost_moderate,naive,gap_mi,all,all,rerun_aggregate,40,True,deepseek_rerun_20260912,latest_registered_three_strategy_rerun
deepseek-v4-flash-0731,poolact,tuning,cost_moderate,naive,raw_perf_bon,all,all,rerun_aggregate,41,True,deepseek_rerun_20260912,latest_registered_three_strategy_rerun
deepseek-v4-flash-0731,poolact,tuning,cost_moderate,naive,raw_perf_mi,all,all,rerun_aggregate,42,True,deepseek_rerun_20260912,latest_registered_three_strategy_rerun
deepseek-v4-flash-0731,poolact,tuning,cost_moderate,poolact,gap0_bon,all,all,rerun_aggregate,43,True,deepseek_rerun_20260912,latest_registered_three_strategy_rerun
deepseek-v4-flash-0731,poolact,tuning,cost_moderate,poolact,gap0_mi,all,all,rerun_aggregate,44,True,deepseek_rerun_20260912,latest_registered_three_strategy_rerun
deepseek-v4-flash-0731,poolact,tuning,cost_moderate,poolact,gap_bon,all,all,rerun_aggregate,45,True,deepseek_rerun_20260912,latest_registered_three_strategy_rerun
deepseek-v4-flash-0731,poolact,tuning,cost_moderate,poolact,gap_mi,all,all,rerun_aggregate,46,True,deepseek_rerun_20260912,latest_registered_three_strategy_rerun
deepseek-v4-flash-0731,poolact,tuning,cost_moderate,poolact,raw_perf_bon,all,all,rerun_aggregate,47,True,deepseek_rerun_20260912,latest_registered_three_strategy_rerun
deepseek-v4-flash-0731,poolact,tuning,cost_moderate,poolact,raw_perf_mi,all,all,rerun_aggregate,48,True,deepseek_rerun_20260912,latest_registered_three_strategy_rerun
deepseek-v4-flash-0731,poolact,tuning,cost_tight,cached,gap0_bon,all,all,rerun_aggregate,49,True,deepseek_rerun_20260912,latest_registered_three_strategy_rerun
deepseek-v4-flash-0731,poolact,tuning,cost_tight,cached,gap0_mi,all,all,rerun_aggregate,50,True,deepseek_rerun_20260912,latest_registered_three_strategy_rerun
deepseek-v4-flash-0731,poolact,tuning,cost_tight,cached,gap_bon,all,all,rerun_aggregate,51,True,deepseek_rerun_20260912,latest_registered_three_strategy_rerun
deepseek-v4-flash-0731,poolact,tuning,cost_tight,cached,gap_mi,all,all,rerun_aggregate,52,True,deepseek_rerun_20260912,latest_registered_three_strategy_rerun
deepseek-v4-flash-0731,poolact,tuning,cost_tight,cached,raw_perf_bon,all,all,rerun_aggregate,53,True,deepseek_rerun_20260912,latest_registered_three_strategy_rerun
deepseek-v4-flash-0731,poolact,tuning,cost_tight,cached,raw_perf_mi,all,all,rerun_aggregate,54,True,deepseek_rerun_20260912,latest_registered_three_strategy_rerun
deepseek-v4-flash-0731,poolact,tuning,cost_tight,naive,gap0_bon,all,all,rerun_aggregate,55,True,deepseek_rerun_20260912,latest_registered_three_strategy_rerun
deepseek-v4-flash-0731,poolact,tuning,cost_tight,naive,gap0_mi,all,all,rerun_aggregate,56,True,deepseek_rerun_20260912,latest_registered_three_strategy_rerun
deepseek-v4-flash-0731,poolact,tuning,cost_tight,naive,gap_bon,all,all,rerun_aggregate,57,True,deepseek_rerun_20260912,latest_registered_three_strategy_rerun
deepseek-v4-flash-0731,poolact,tuning,cost_tight,naive,gap_mi,all,all,rerun_aggregate,58,True,deepseek_rerun_20260912,latest_registered_three_strategy_rerun
deepseek-v4-flash-0731,poolact,tuning,cost_tight,naive,raw_perf_bon,all,all,rerun_aggregate,59,True,deepseek_rerun_20260912,latest_registered_three_strategy_rerun
deepseek-v4-flash-0731,poolact,tuning,cost_tight,naive,raw_perf_mi,all,all,rerun_aggregate,60,True,deepseek_rerun_20260912,latest_registered_three_strategy_rerun
deepseek-v4-flash-0731,poolact,tuning,cost_tight,poolact,gap0_bon,all,all,rerun_aggregate,61,True,deepseek_rerun_20260912,latest_registered_three_strategy_rerun
deepseek-v4-flash-0731,poolact,tuning,cost_tight,poolact,gap0_mi,all,all,rerun_aggregate,62,True,deepseek_rerun_20260912,latest_registered_three_strategy_rerun
deepseek-v4-flash-0731,poolact,tuning,cost_tight,poolact,gap_bon,all,all,rerun_aggregate,63,True,deepseek_rerun_20260912,latest_registered_three_strategy_rerun
deepseek-v4-flash-0731,poolact,tuning,cost_tight,poolact,gap_mi,all,all,rerun_aggregate,64,True,deepseek_rerun_20260912,latest_registered_three_strategy_rerun
deepseek-v4-flash-0731,poolact,tuning,cost_tight,poolact,raw_perf_bon,all,all,rerun_aggregate,65,True,deepseek_rerun_20260912,latest_registered_three_strategy_rerun
deepseek-v4-flash-0731,poolact,tuning,cost_tight,poolact,raw_perf_mi,all,all,rerun_aggregate,66,True,deepseek_rerun_20260912,latest_registered_three_strategy_rerun
deepseek-v4-flash-0731,poolact,tuning,cost_moderate,cached,gap0_bon,family,nasbench101,rerun_aggregate,31,True,deepseek_rerun_20260912,latest_registered_three_strategy_rerun
deepseek-v4-flash-0731,poolact,tuning,cost_moderate,cached,gap0_mi,family,nasbench101,rerun_aggregate,32,True,deepseek_rerun_20260912,latest_registered_three_strategy_rerun
deepseek-v4-flash-0731,poolact,tuning,cost_moderate,cached,gap_bon,family,nasbench101,rerun_aggregate,33,True,deepseek_rerun_20260912,latest_registered_three_strategy_rerun
deepseek-v4-flash-0731,poolact,tuning,cost_moderate,cached,gap_mi,family,nasbench101,rerun_aggregate,34,True,deepseek_rerun_20260912,latest_registered_three_strategy_rerun
deepseek-v4-flash-0731,poolact,tuning,cost_moderate,cached,raw_perf_bon,family,nasbench101,rerun_aggregate,35,True,deepseek_rerun_20260912,latest_registered_three_strategy_rerun
deepseek-v4-flash-0731,poolact,tuning,cost_moderate,cached,raw_perf_mi,family,nasbench101,rerun_aggregate,36,True,deepseek_rerun_20260912,latest_registered_three_strategy_rerun
deepseek-v4-flash-0731,poolact,tuning,cost_moderate,naive,gap0_bon,family,nasbench101,rerun_aggregate,37,True,deepseek_rerun_20260912,latest_registered_three_strategy_rerun
deepseek-v4-flash-0731,poolact,tuning,cost_moderate,naive,gap0_mi,family,nasbench101,rerun_aggregate,38,True,deepseek_rerun_20260912,latest_registered_three_strategy_rerun
deepseek-v4-flash-0731,poolact,tuning,cost_moderate,naive,gap_bon,family,nasbench101,rerun_aggregate,39,True,deepseek_rerun_20260912,latest_registered_three_strategy_rerun
deepseek-v4-flash-0731,poolact,tuning,cost_moderate,naive,gap_mi,family,nasbench101,rerun_aggregate,40,True,deepseek_rerun_20260912,latest_registered_three_strategy_rerun
deepseek-v4-flash-0731,poolact,tuning,cost_moderate,naive,raw_perf_bon,family,nasbench101,rerun_aggregate,41,True,deepseek_rerun_20260912,latest_registered_three_strategy_rerun
deepseek-v4-flash-0731,poolact,tuning,cost_moderate,naive,raw_perf_mi,family,nasbench101,rerun_aggregate,42,True,deepseek_rerun_20260912,latest_registered_three_strategy_rerun
deepseek-v4-flash-0731,poolact,tuning,cost_moderate,poolact,gap0_bon,family,nasbench101,rerun_aggregate,43,True,deepseek_rerun_20260912,latest_registered_three_strategy_rerun
deepseek-v4-flash-0731,poolact,tuning,cost_moderate,poolact,gap0_mi,family,nasbench101,rerun_aggregate,44,True,deepseek_rerun_20260912,latest_registered_three_strategy_rerun
deepseek-v4-flash-0731,poolact,tuning,cost_moderate,poolact,gap_bon,family,nasbench101,rerun_aggregate,45,True,deepseek_rerun_20260912,latest_registered_three_strategy_rerun
deepseek-v4-flash-0731,poolact,tuning,cost_moderate,poolact,gap_mi,family,nasbench101,rerun_aggregate,46,True,deepseek_rerun_20260912,latest_registered_three_strategy_rerun
deepseek-v4-flash-0731,poolact,tuning,cost_moderate,poolact,raw_perf_bon,family,nasbench101,rerun_aggregate,47,True,deepseek_rerun_20260912,latest_registered_three_strategy_rerun
deepseek-v4-flash-0731,poolact,tuning,cost_moderate,poolact,raw_perf_mi,family,nasbench101,rerun_aggregate,48,True,deepseek_rerun_20260912,latest_registered_three_strategy_rerun
deepseek-v4-flash-0731,poolact,tuning,cost_tight,cached,gap0_bon,family,nasbench101,rerun_aggregate,49,True,deepseek_rerun_20260912,latest_registered_three_strategy_rerun
deepseek-v4-flash-0731,poolact,tuning,cost_tight,cached,gap0_mi,family,nasbench101,rerun_aggregate,50,True,deepseek_rerun_20260912,latest_registered_three_strategy_rerun
deepseek-v4-flash-0731,poolact,tuning,cost_tight,cached,gap_bon,family,nasbench101,rerun_aggregate,51,True,deepseek_rerun_20260912,latest_registered_three_strategy_rerun
deepseek-v4-flash-0731,poolact,tuning,cost_tight,cached,gap_mi,family,nasbench101,rerun_aggregate,52,True,deepseek_rerun_20260912,latest_registered_three_strategy_rerun
deepseek-v4-flash-0731,poolact,tuning,cost_tight,cached,raw_perf_bon,family,nasbench101,rerun_aggregate,53,True,deepseek_rerun_20260912,latest_registered_three_strategy_rerun
deepseek-v4-flash-0731,poolact,tuning,cost_tight,cached,raw_perf_mi,family,nasbench101,rerun_aggregate,54,True,deepseek_rerun_20260912,latest_registered_three_strategy_rerun
deepseek-v4-flash-0731,poolact,tuning,cost_tight,naive,gap0_bon,family,nasbench101,rerun_aggregate,55,True,deepseek_rerun_20260912,latest_registered_three_strategy_rerun
deepseek-v4-flash-0731,poolact,tuning,cost_tight,naive,gap0_mi,family,nasbench101,rerun_aggregate,56,True,deepseek_rerun_20260912,latest_registered_three_strategy_rerun
deepseek-v4-flash-0731,poolact,tuning,cost_tight,naive,gap_bon,family,nasbench101,rerun_aggregate,57,True,deepseek_rerun_20260912,latest_registered_three_strategy_rerun
deepseek-v4-flash-0731,poolact,tuning,cost_tight,naive,gap_mi,family,nasbench101,rerun_aggregate,58,True,deepseek_rerun_20260912,latest_registered_three_strategy_rerun
deepseek-v4-flash-0731,poolact,tuning,cost_tight,naive,raw_perf_bon,family,nasbench101,rerun_aggregate,59,True,deepseek_rerun_20260912,latest_registered_three_strategy_rerun
deepseek-v4-flash-0731,poolact,tuning,cost_tight,naive,raw_perf_mi,family,nasbench101,rerun_aggregate,60,True,deepseek_rerun_20260912,latest_registered_three_strategy_rerun
deepseek-v4-flash-0731,poolact,tuning,cost_tight,poolact,gap0_bon,family,nasbench101,rerun_aggregate,61,True,deepseek_rerun_20260912,latest_registered_three_strategy_rerun
deepseek-v4-flash-0731,poolact,tuning,cost_tight,poolact,gap0_mi,family,nasbench101,rerun_aggregate,62,True,deepseek_rerun_20260912,latest_registered_three_strategy_rerun
deepseek-v4-flash-0731,poolact,tuning,cost_tight,poolact,gap_bon,family,nasbench101,rerun_aggregate,63,True,deepseek_rerun_20260912,latest_registered_three_strategy_rerun
deepseek-v4-flash-0731,poolact,tuning,cost_tight,poolact,gap_mi,family,nasbench101,rerun_aggregate,64,True,deepseek_rerun_20260912,latest_registered_three_strategy_rerun
deepseek-v4-flash-0731,poolact,tuning,cost_tight,poolact,raw_perf_bon,family,nasbench101,rerun_aggregate,65,True,deepseek_rerun_20260912,latest_registered_three_strategy_rerun
deepseek-v4-flash-0731,poolact,tuning,cost_tight,poolact,raw_perf_mi,family,nasbench101,rerun_aggregate,66,True,deepseek_rerun_20260912,latest_registered_three_strategy_rerun
deepseek-v4-flash-0731,poolact,tuning,cost_moderate,cached,gap0_bon,task,hpobench:nasbench101:A,rerun_items,547,True,deepseek_rerun_20260912,latest_registered_three_strategy_rerun
deepseek-v4-flash-0731,poolact,tuning,cost_moderate,cached,gap0_mi,task,hpobench:nasbench101:A,rerun_items,550,True,deepseek_rerun_20260912,latest_registered_three_strategy_rerun
deepseek-v4-flash-0731,poolact,tuning,cost_moderate,cached,gap_bon,task,hpobench:nasbench101:A,rerun_items,553,True,deepseek_rerun_20260912,latest_registered_three_strategy_rerun
deepseek-v4-flash-0731,poolact,tuning,cost_moderate,cached,gap_mi,task,hpobench:nasbench101:A,rerun_items,556,True,deepseek_rerun_20260912,latest_registered_three_strategy_rerun
deepseek-v4-flash-0731,poolact,tuning,cost_moderate,cached,raw_perf_bon,task,hpobench:nasbench101:A,rerun_items,559,True,deepseek_rerun_20260912,latest_registered_three_strategy_rerun
deepseek-v4-flash-0731,poolact,tuning,cost_moderate,cached,raw_perf_mi,task,hpobench:nasbench101:A,rerun_items,562,True,deepseek_rerun_20260912,latest_registered_three_strategy_rerun
deepseek-v4-flash-0731,poolact,tuning,cost_moderate,naive,gap0_bon,task,hpobench:nasbench101:A,rerun_items,565,True,deepseek_rerun_20260912,latest_registered_three_strategy_rerun
deepseek-v4-flash-0731,poolact,tuning,cost_moderate,naive,gap0_mi,task,hpobench:nasbench101:A,rerun_items,568,True,deepseek_rerun_20260912,latest_registered_three_strategy_rerun
deepseek-v4-flash-0731,poolact,tuning,cost_moderate,naive,gap_bon,task,hpobench:nasbench101:A,rerun_items,571,True,deepseek_rerun_20260912,latest_registered_three_strategy_rerun
deepseek-v4-flash-0731,poolact,tuning,cost_moderate,naive,gap_mi,task,hpobench:nasbench101:A,rerun_items,574,True,deepseek_rerun_20260912,latest_registered_three_strategy_rerun
deepseek-v4-flash-0731,poolact,tuning,cost_moderate,naive,raw_perf_bon,task,hpobench:nasbench101:A,rerun_items,577,True,deepseek_rerun_20260912,latest_registered_three_strategy_rerun
deepseek-v4-flash-0731,poolact,tuning,cost_moderate,naive,raw_perf_mi,task,hpobench:nasbench101:A,rerun_items,580,True,deepseek_rerun_20260912,latest_registered_three_strategy_rerun
deepseek-v4-flash-0731,poolact,tuning,cost_moderate,poolact,gap0_bon,task,hpobench:nasbench101:A,rerun_items,583,True,deepseek_rerun_20260912,latest_registered_three_strategy_rerun
deepseek-v4-flash-0731,poolact,tuning,cost_moderate,poolact,gap0_mi,task,hpobench:nasbench101:A,rerun_items,586,True,deepseek_rerun_20260912,latest_registered_three_strategy_rerun
deepseek-v4-flash-0731,poolact,tuning,cost_moderate,poolact,gap_bon,task,hpobench:nasbench101:A,rerun_items,589,True,deepseek_rerun_20260912,latest_registered_three_strategy_rerun
deepseek-v4-flash-0731,poolact,tuning,cost_moderate,poolact,gap_mi,task,hpobench:nasbench101:A,rerun_items,592,True,deepseek_rerun_20260912,latest_registered_three_strategy_rerun
deepseek-v4-flash-0731,poolact,tuning,cost_moderate,poolact,raw_perf_bon,task,hpobench:nasbench101:A,rerun_items,595,True,deepseek_rerun_20260912,latest_registered_three_strategy_rerun
deepseek-v4-flash-0731,poolact,tuning,cost_moderate,poolact,raw_perf_mi,task,hpobench:nasbench101:A,rerun_items,598,True,deepseek_rerun_20260912,latest_registered_three_strategy_rerun
deepseek-v4-flash-0731,poolact,tuning,cost_tight,cached,gap0_bon,task,hpobench:nasbench101:A,rerun_items,601,True,deepseek_rerun_20260912,latest_registered_three_strategy_rerun
deepseek-v4-flash-0731,poolact,tuning,cost_tight,cached,gap0_mi,task,hpobench:nasbench101:A,rerun_items,604,True,deepseek_rerun_20260912,latest_registered_three_strategy_rerun
deepseek-v4-flash-0731,poolact,tuning,cost_tight,cached,gap_bon,task,hpobench:nasbench101:A,rerun_items,607,True,deepseek_rerun_20260912,latest_registered_three_strategy_rerun
deepseek-v4-flash-0731,poolact,tuning,cost_tight,cached,gap_mi,task,hpobench:nasbench101:A,rerun_items,610,True,deepseek_rerun_20260912,latest_registered_three_strategy_rerun
deepseek-v4-flash-0731,poolact,tuning,cost_tight,cached,raw_perf_bon,task,hpobench:nasbench101:A,rerun_items,613,True,deepseek_rerun_20260912,latest_registered_three_strategy_rerun
deepseek-v4-flash-0731,poolact,tuning,cost_tight,cached,raw_perf_mi,task,hpobench:nasbench101:A,rerun_items,616,True,deepseek_rerun_20260912,latest_registered_three_strategy_rerun
deepseek-v4-flash-0731,poolact,tuning,cost_tight,naive,gap0_bon,task,hpobench:nasbench101:A,rerun_items,619,True,deepseek_rerun_20260912,latest_registered_three_strategy_rerun
deepseek-v4-flash-0731,poolact,tuning,cost_tight,naive,gap0_mi,task,hpobench:nasbench101:A,rerun_items,622,True,deepseek_rerun_20260912,latest_registered_three_strategy_rerun
deepseek-v4-flash-0731,poolact,tuning,cost_tight,naive,gap_bon,task,hpobench:nasbench101:A,rerun_items,625,True,deepseek_rerun_20260912,latest_registered_three_strategy_rerun
deepseek-v4-flash-0731,poolact,tuning,cost_tight,naive,gap_mi,task,hpobench:nasbench101:A,rerun_items,628,True,deepseek_rerun_20260912,latest_registered_three_strategy_rerun
deepseek-v4-flash-0731,poolact,tuning,cost_tight,naive,raw_perf_bon,task,hpobench:nasbench101:A,rerun_items,631,True,deepseek_rerun_20260912,latest_registered_three_strategy_rerun
deepseek-v4-flash-0731,poolact,tuning,cost_tight,naive,raw_perf_mi,task,hpobench:nasbench101:A,rerun_items,634,True,deepseek_rerun_20260912,latest_registered_three_strategy_rerun
deepseek-v4-flash-0731,poolact,tuning,cost_tight,poolact,gap0_bon,task,hpobench:nasbench101:A,rerun_items,637,True,deepseek_rerun_20260912,latest_registered_three_strategy_rerun
deepseek-v4-flash-0731,poolact,tuning,cost_tight,poolact,gap0_mi,task,hpobench:nasbench101:A,rerun_items,640,True,deepseek_rerun_20260912,latest_registered_three_strategy_rerun
deepseek-v4-flash-0731,poolact,tuning,cost_tight,poolact,gap_bon,task,hpobench:nasbench101:A,rerun_items,643,True,deepseek_rerun_20260912,latest_registered_three_strategy_rerun
deepseek-v4-flash-0731,poolact,tuning,cost_tight,poolact,gap_mi,task,hpobench:nasbench101:A,rerun_items,646,True,deepseek_rerun_20260912,latest_registered_three_strategy_rerun
deepseek-v4-flash-0731,poolact,tuning,cost_tight,poolact,raw_perf_bon,task,hpobench:nasbench101:A,rerun_items,649,True,deepseek_rerun_20260912,latest_registered_three_strategy_rerun
deepseek-v4-flash-0731,poolact,tuning,cost_tight,poolact,raw_perf_mi,task,hpobench:nasbench101:A,rerun_items,652,True,deepseek_rerun_20260912,latest_registered_three_strategy_rerun
deepseek-v4-flash-0731,poolact,tuning,cost_moderate,cached,gap0_bon,task,hpobench:nasbench101:B,rerun_items,548,True,deepseek_rerun_20260912,latest_registered_three_strategy_rerun
deepseek-v4-flash-0731,poolact,tuning,cost_moderate,cached,gap0_mi,task,hpobench:nasbench101:B,rerun_items,551,True,deepseek_rerun_20260912,latest_registered_three_strategy_rerun
deepseek-v4-flash-0731,poolact,tuning,cost_moderate,cached,gap_bon,task,hpobench:nasbench101:B,rerun_items,554,True,deepseek_rerun_20260912,latest_registered_three_strategy_rerun
deepseek-v4-flash-0731,poolact,tuning,cost_moderate,cached,gap_mi,task,hpobench:nasbench101:B,rerun_items,557,True,deepseek_rerun_20260912,latest_registered_three_strategy_rerun
deepseek-v4-flash-0731,poolact,tuning,cost_moderate,cached,raw_perf_bon,task,hpobench:nasbench101:B,rerun_items,560,True,deepseek_rerun_20260912,latest_registered_three_strategy_rerun
deepseek-v4-flash-0731,poolact,tuning,cost_moderate,cached,raw_perf_mi,task,hpobench:nasbench101:B,rerun_items,563,True,deepseek_rerun_20260912,latest_registered_three_strategy_rerun
deepseek-v4-flash-0731,poolact,tuning,cost_moderate,naive,gap0_bon,task,hpobench:nasbench101:B,rerun_items,566,True,deepseek_rerun_20260912,latest_registered_three_strategy_rerun
deepseek-v4-flash-0731,poolact,tuning,cost_moderate,naive,gap0_mi,task,hpobench:nasbench101:B,rerun_items,569,True,deepseek_rerun_20260912,latest_registered_three_strategy_rerun
deepseek-v4-flash-0731,poolact,tuning,cost_moderate,naive,gap_bon,task,hpobench:nasbench101:B,rerun_items,572,True,deepseek_rerun_20260912,latest_registered_three_strategy_rerun
deepseek-v4-flash-0731,poolact,tuning,cost_moderate,naive,gap_mi,task,hpobench:nasbench101:B,rerun_items,575,True,deepseek_rerun_20260912,latest_registered_three_strategy_rerun
deepseek-v4-flash-0731,poolact,tuning,cost_moderate,naive,raw_perf_bon,task,hpobench:nasbench101:B,rerun_items,578,True,deepseek_rerun_20260912,latest_registered_three_strategy_rerun
deepseek-v4-flash-0731,poolact,tuning,cost_moderate,naive,raw_perf_mi,task,hpobench:nasbench101:B,rerun_items,581,True,deepseek_rerun_20260912,latest_registered_three_strategy_rerun
deepseek-v4-flash-0731,poolact,tuning,cost_moderate,poolact,gap0_bon,task,hpobench:nasbench101:B,rerun_items,584,True,deepseek_rerun_20260912,latest_registered_three_strategy_rerun
deepseek-v4-flash-0731,poolact,tuning,cost_moderate,poolact,gap0_mi,task,hpobench:nasbench101:B,rerun_items,587,True,deepseek_rerun_20260912,latest_registered_three_strategy_rerun
deepseek-v4-flash-0731,poolact,tuning,cost_moderate,poolact,gap_bon,task,hpobench:nasbench101:B,rerun_items,590,True,deepseek_rerun_20260912,latest_registered_three_strategy_rerun
deepseek-v4-flash-0731,poolact,tuning,cost_moderate,poolact,gap_mi,task,hpobench:nasbench101:B,rerun_items,593,True,deepseek_rerun_20260912,latest_registered_three_strategy_rerun
deepseek-v4-flash-0731,poolact,tuning,cost_moderate,poolact,raw_perf_bon,task,hpobench:nasbench101:B,rerun_items,596,True,deepseek_rerun_20260912,latest_registered_three_strategy_rerun
deepseek-v4-flash-0731,poolact,tuning,cost_moderate,poolact,raw_perf_mi,task,hpobench:nasbench101:B,rerun_items,599,True,deepseek_rerun_20260912,latest_registered_three_strategy_rerun
deepseek-v4-flash-0731,poolact,tuning,cost_tight,cached,gap0_bon,task,hpobench:nasbench101:B,rerun_items,602,True,deepseek_rerun_20260912,latest_registered_three_strategy_rerun
deepseek-v4-flash-0731,poolact,tuning,cost_tight,cached,gap0_mi,task,hpobench:nasbench101:B,rerun_items,605,True,deepseek_rerun_20260912,latest_registered_three_strategy_rerun
deepseek-v4-flash-0731,poolact,tuning,cost_tight,cached,gap_bon,task,hpobench:nasbench101:B,rerun_items,608,True,deepseek_rerun_20260912,latest_registered_three_strategy_rerun
deepseek-v4-flash-0731,poolact,tuning,cost_tight,cached,gap_mi,task,hpobench:nasbench101:B,rerun_items,611,True,deepseek_rerun_20260912,latest_registered_three_strategy_rerun
deepseek-v4-flash-0731,poolact,tuning,cost_tight,cached,raw_perf_bon,task,hpobench:nasbench101:B,rerun_items,614,True,deepseek_rerun_20260912,latest_registered_three_strategy_rerun
deepseek-v4-flash-0731,poolact,tuning,cost_tight,cached,raw_perf_mi,task,hpobench:nasbench101:B,rerun_items,617,True,deepseek_rerun_20260912,latest_registered_three_strategy_rerun
deepseek-v4-flash-0731,poolact,tuning,cost_tight,naive,gap0_bon,task,hpobench:nasbench101:B,rerun_items,620,True,deepseek_rerun_20260912,latest_registered_three_strategy_rerun
deepseek-v4-flash-0731,poolact,tuning,cost_tight,naive,gap0_mi,task,hpobench:nasbench101:B,rerun_items,623,True,deepseek_rerun_20260912,latest_registered_three_strategy_rerun
deepseek-v4-flash-0731,poolact,tuning,cost_tight,naive,gap_bon,task,hpobench:nasbench101:B,rerun_items,626,True,deepseek_rerun_20260912,latest_registered_three_strategy_rerun
deepseek-v4-flash-0731,poolact,tuning,cost_tight,naive,gap_mi,task,hpobench:nasbench101:B,rerun_items,629,True,deepseek_rerun_20260912,latest_registered_three_strategy_rerun
deepseek-v4-flash-0731,poolact,tuning,cost_tight,naive,raw_perf_bon,task,hpobench:nasbench101:B,rerun_items,632,True,deepseek_rerun_20260912,latest_registered_three_strategy_rerun
deepseek-v4-flash-0731,poolact,tuning,cost_tight,naive,raw_perf_mi,task,hpobench:nasbench101:B,rerun_items,635,True,deepseek_rerun_20260912,latest_registered_three_strategy_rerun
deepseek-v4-flash-0731,poolact,tuning,cost_tight,poolact,gap0_bon,task,hpobench:nasbench101:B,rerun_items,638,True,deepseek_rerun_20260912,latest_registered_three_strategy_rerun
deepseek-v4-flash-0731,poolact,tuning,cost_tight,poolact,gap0_mi,task,hpobench:nasbench101:B,rerun_items,641,True,deepseek_rerun_20260912,latest_registered_three_strategy_rerun
deepseek-v4-flash-0731,poolact,tuning,cost_tight,poolact,gap_bon,task,hpobench:nasbench101:B,rerun_items,644,True,deepseek_rerun_20260912,latest_registered_three_strategy_rerun
deepseek-v4-flash-0731,poolact,tuning,cost_tight,poolact,gap_mi,task,hpobench:nasbench101:B,rerun_items,647,True,deepseek_rerun_20260912,latest_registered_three_strategy_rerun
deepseek-v4-flash-0731,poolact,tuning,cost_tight,poolact,raw_perf_bon,task,hpobench:nasbench101:B,rerun_items,650,True,deepseek_rerun_20260912,latest_registered_three_strategy_rerun
deepseek-v4-flash-0731,poolact,tuning,cost_tight,poolact,raw_perf_mi,task,hpobench:nasbench101:B,rerun_items,653,True,deepseek_rerun_20260912,latest_registered_three_strategy_rerun
deepseek-v4-flash-0731,poolact,tuning,cost_moderate,cached,gap0_bon,task,hpobench:nasbench101:C,rerun_items,549,True,deepseek_rerun_20260912,latest_registered_three_strategy_rerun
deepseek-v4-flash-0731,poolact,tuning,cost_moderate,cached,gap0_mi,task,hpobench:nasbench101:C,rerun_items,552,True,deepseek_rerun_20260912,latest_registered_three_strategy_rerun
deepseek-v4-flash-0731,poolact,tuning,cost_moderate,cached,gap_bon,task,hpobench:nasbench101:C,rerun_items,555,True,deepseek_rerun_20260912,latest_registered_three_strategy_rerun
deepseek-v4-flash-0731,poolact,tuning,cost_moderate,cached,gap_mi,task,hpobench:nasbench101:C,rerun_items,558,True,deepseek_rerun_20260912,latest_registered_three_strategy_rerun
deepseek-v4-flash-0731,poolact,tuning,cost_moderate,cached,raw_perf_bon,task,hpobench:nasbench101:C,rerun_items,561,True,deepseek_rerun_20260912,latest_registered_three_strategy_rerun
deepseek-v4-flash-0731,poolact,tuning,cost_moderate,cached,raw_perf_mi,task,hpobench:nasbench101:C,rerun_items,564,True,deepseek_rerun_20260912,latest_registered_three_strategy_rerun
deepseek-v4-flash-0731,poolact,tuning,cost_moderate,naive,gap0_bon,task,hpobench:nasbench101:C,rerun_items,567,True,deepseek_rerun_20260912,latest_registered_three_strategy_rerun
deepseek-v4-flash-0731,poolact,tuning,cost_moderate,naive,gap0_mi,task,hpobench:nasbench101:C,rerun_items,570,True,deepseek_rerun_20260912,latest_registered_three_strategy_rerun
deepseek-v4-flash-0731,poolact,tuning,cost_moderate,naive,gap_bon,task,hpobench:nasbench101:C,rerun_items,573,True,deepseek_rerun_20260912,latest_registered_three_strategy_rerun
deepseek-v4-flash-0731,poolact,tuning,cost_moderate,naive,gap_mi,task,hpobench:nasbench101:C,rerun_items,576,True,deepseek_rerun_20260912,latest_registered_three_strategy_rerun
deepseek-v4-flash-0731,poolact,tuning,cost_moderate,naive,raw_perf_bon,task,hpobench:nasbench101:C,rerun_items,579,True,deepseek_rerun_20260912,latest_registered_three_strategy_rerun
deepseek-v4-flash-0731,poolact,tuning,cost_moderate,naive,raw_perf_mi,task,hpobench:nasbench101:C,rerun_items,582,True,deepseek_rerun_20260912,latest_registered_three_strategy_rerun
deepseek-v4-flash-0731,poolact,tuning,cost_moderate,poolact,gap0_bon,task,hpobench:nasbench101:C,rerun_items,585,True,deepseek_rerun_20260912,latest_registered_three_strategy_rerun
deepseek-v4-flash-0731,poolact,tuning,cost_moderate,poolact,gap0_mi,task,hpobench:nasbench101:C,rerun_items,588,True,deepseek_rerun_20260912,latest_registered_three_strategy_rerun
deepseek-v4-flash-0731,poolact,tuning,cost_moderate,poolact,gap_bon,task,hpobench:nasbench101:C,rerun_items,591,True,deepseek_rerun_20260912,latest_registered_three_strategy_rerun
deepseek-v4-flash-0731,poolact,tuning,cost_moderate,poolact,gap_mi,task,hpobench:nasbench101:C,rerun_items,594,True,deepseek_rerun_20260912,latest_registered_three_strategy_rerun
deepseek-v4-flash-0731,poolact,tuning,cost_moderate,poolact,raw_perf_bon,task,hpobench:nasbench101:C,rerun_items,597,True,deepseek_rerun_20260912,latest_registered_three_strategy_rerun
deepseek-v4-flash-0731,poolact,tuning,cost_moderate,poolact,raw_perf_mi,task,hpobench:nasbench101:C,rerun_items,600,True,deepseek_rerun_20260912,latest_registered_three_strategy_rerun
deepseek-v4-flash-0731,poolact,tuning,cost_tight,cached,gap0_bon,task,hpobench:nasbench101:C,rerun_items,603,True,deepseek_rerun_20260912,latest_registered_three_strategy_rerun
deepseek-v4-flash-0731,poolact,tuning,cost_tight,cached,gap0_mi,task,hpobench:nasbench101:C,rerun_items,606,True,deepseek_rerun_20260912,latest_registered_three_strategy_rerun
deepseek-v4-flash-0731,poolact,tuning,cost_tight,cached,gap_bon,task,hpobench:nasbench101:C,rerun_items,609,True,deepseek_rerun_20260912,latest_registered_three_strategy_rerun
deepseek-v4-flash-0731,poolact,tuning,cost_tight,cached,gap_mi,task,hpobench:nasbench101:C,rerun_items,612,True,deepseek_rerun_20260912,latest_registered_three_strategy_rerun
deepseek-v4-flash-0731,poolact,tuning,cost_tight,cached,raw_perf_bon,task,hpobench:nasbench101:C,rerun_items,615,True,deepseek_rerun_20260912,latest_registered_three_strategy_rerun
deepseek-v4-flash-0731,poolact,tuning,cost_tight,cached,raw_perf_mi,task,hpobench:nasbench101:C,rerun_items,618,True,deepseek_rerun_20260912,latest_registered_three_strategy_rerun
deepseek-v4-flash-0731,poolact,tuning,cost_tight,naive,gap0_bon,task,hpobench:nasbench101:C,rerun_items,621,True,deepseek_rerun_20260912,latest_registered_three_strategy_rerun
deepseek-v4-flash-0731,poolact,tuning,cost_tight,naive,gap0_mi,task,hpobench:nasbench101:C,rerun_items,624,True,deepseek_rerun_20260912,latest_registered_three_strategy_rerun
deepseek-v4-flash-0731,poolact,tuning,cost_tight,naive,gap_bon,task,hpobench:nasbench101:C,rerun_items,627,True,deepseek_rerun_20260912,latest_registered_three_strategy_rerun
deepseek-v4-flash-0731,poolact,tuning,cost_tight,naive,gap_mi,task,hpobench:nasbench101:C,rerun_items,630,True,deepseek_rerun_20260912,latest_registered_three_strategy_rerun
deepseek-v4-flash-0731,poolact,tuning,cost_tight,naive,raw_perf_bon,task,hpobench:nasbench101:C,rerun_items,633,True,deepseek_rerun_20260912,latest_registered_three_strategy_rerun
deepseek-v4-flash-0731,poolact,tuning,cost_tight,naive,raw_perf_mi,task,hpobench:nasbench101:C,rerun_items,636,True,deepseek_rerun_20260912,latest_registered_three_strategy_rerun
deepseek-v4-flash-0731,poolact,tuning,cost_tight,poolact,gap0_bon,task,hpobench:nasbench101:C,rerun_items,639,True,deepseek_rerun_20260912,latest_registered_three_strategy_rerun
deepseek-v4-flash-0731,poolact,tuning,cost_tight,poolact,gap0_mi,task,hpobench:nasbench101:C,rerun_items,642,True,deepseek_rerun_20260912,latest_registered_three_strategy_rerun
deepseek-v4-flash-0731,poolact,tuning,cost_tight,poolact,gap_bon,task,hpobench:nasbench101:C,rerun_items,645,True,deepseek_rerun_20260912,latest_registered_three_strategy_rerun
deepseek-v4-flash-0731,poolact,tuning,cost_tight,poolact,gap_mi,task,hpobench:nasbench101:C,rerun_items,648,True,deepseek_rerun_20260912,latest_registered_three_strategy_rerun
deepseek-v4-flash-0731,poolact,tuning,cost_tight,poolact,raw_perf_bon,task,hpobench:nasbench101:C,rerun_items,651,True,deepseek_rerun_20260912,latest_registered_three_strategy_rerun
deepseek-v4-flash-0731,poolact,tuning,cost_tight,poolact,raw_perf_mi,task,hpobench:nasbench101:C,rerun_items,654,True,deepseek_rerun_20260912,latest_registered_three_strategy_rerun
gemini-3.8-flash-medium,expgym,evidence_audit,cost_free,single,evidence_acc,all,all,gemini_absolute,1,True,gemini_snapshot,latest_effective_composite_or_current_snapshot
gemini-3.8-flash-medium,expgym,evidence_audit,cost_free,single,label_acc,all,all,gemini_absolute,3,True,gemini_snapshot,latest_effective_composite_or_current_snapshot
gemini-3.8-flash-medium,expgym,evidence_audit,cost_moderate,single,evidence_acc,all,all,gemini_absolute,5,True,gemini_snapshot,latest_effective_composite_or_current_snapshot
gemini-3.8-flash-medium,expgym,evidence_audit,cost_moderate,single,label_acc,all,all,gemini_absolute,7,True,gemini_snapshot,latest_effective_composite_or_current_snapshot
gemini-3.8-flash-medium,expgym,evidence_audit,cost_tight,single,evidence_acc,all,all,gemini_absolute,9,True,gemini_snapshot,latest_effective_composite_or_current_snapshot
gemini-3.8-flash-medium,expgym,evidence_audit,cost_tight,single,label_acc,all,all,gemini_absolute,11,True,gemini_snapshot,latest_effective_composite_or_current_snapshot
gemini-3.8-flash-medium,expgym,evidence_audit,cost_free,single,evidence_acc,family,evidence_audit,gemini_absolute,2,True,gemini_snapshot,latest_effective_composite_or_current_snapshot
gemini-3.8-flash-medium,expgym,evidence_audit,cost_free,single,label_acc,family,evidence_audit,gemini_absolute,4,True,gemini_snapshot,latest_effective_composite_or_current_snapshot
gemini-3.8-flash-medium,expgym,evidence_audit,cost_moderate,single,evidence_acc,family,evidence_audit,gemini_absolute,6,True,gemini_snapshot,latest_effective_composite_or_current_snapshot
gemini-3.8-flash-medium,expgym,evidence_audit,cost_moderate,single,label_acc,family,evidence_audit,gemini_absolute,8,True,gemini_snapshot,latest_effective_composite_or_current_snapshot
gemini-3.8-flash-medium,expgym,evidence_audit,cost_tight,single,evidence_acc,family,evidence_audit,gemini_absolute,10,True,gemini_snapshot,latest_effective_composite_or_current_snapshot
gemini-3.8-flash-medium,expgym,evidence_audit,cost_tight,single,label_acc,family,evidence_audit,gemini_absolute,12,True,gemini_snapshot,latest_effective_composite_or_current_snapshot
gemini-3.8-flash-medium,expgym,evidence_audit,cost_free,single,evidence_acc,task,cc-large:0,gemini_metrics,"[41,43,45]",True,gemini_snapshot,derived_from_all_registered_saved_scalars; unknown_not_dropped
gemini-3.8-flash-medium,expgym,evidence_audit,cost_free,single,label_acc,task,cc-large:0,gemini_metrics,"[42,44,46]",True,gemini_snapshot,derived_from_all_registered_saved_scalars; unknown_not_dropped
gemini-3.8-flash-medium,expgym,evidence_audit,cost_moderate,single,evidence_acc,task,cc-large:0,gemini_metrics,"[565,567,569]",True,gemini_snapshot,derived_from_all_registered_saved_scalars; unknown_not_dropped
gemini-3.8-flash-medium,expgym,evidence_audit,cost_moderate,single,label_acc,task,cc-large:0,gemini_metrics,"[566,568,570]",True,gemini_snapshot,derived_from_all_registered_saved_scalars; unknown_not_dropped
gemini-3.8-flash-medium,expgym,evidence_audit,cost_tight,single,evidence_acc,task,cc-large:0,gemini_metrics,"[770,772,774]",True,gemini_snapshot,derived_from_all_registered_saved_scalars; unknown_not_dropped
gemini-3.8-flash-medium,expgym,evidence_audit,cost_tight,single,label_acc,task,cc-large:0,gemini_metrics,"[771,773,775]",True,gemini_snapshot,derived_from_all_registered_saved_scalars; unknown_not_dropped
gemini-3.8-flash-medium,expgym,evidence_audit,cost_free,single,evidence_acc,task,cc-large:1,gemini_metrics,"[764,766,768]",True,gemini_snapshot,derived_from_all_registered_saved_scalars; unknown_not_dropped
gemini-3.8-flash-medium,expgym,evidence_audit,cost_free,single,label_acc,task,cc-large:1,gemini_metrics,"[765,767,769]",True,gemini_snapshot,derived_from_all_registered_saved_scalars; unknown_not_dropped
gemini-3.8-flash-medium,expgym,evidence_audit,cost_moderate,single,evidence_acc,task,cc-large:1,gemini_metrics,"[1191,1193,1195]",True,gemini_snapshot,derived_from_all_registered_saved_scalars; unknown_not_dropped
gemini-3.8-flash-medium,expgym,evidence_audit,cost_moderate,single,label_acc,task,cc-large:1,gemini_metrics,"[1192,1194,1196]",True,gemini_snapshot,derived_from_all_registered_saved_scalars; unknown_not_dropped
gemini-3.8-flash-medium,expgym,evidence_audit,cost_tight,single,evidence_acc,task,cc-large:1,gemini_metrics,"[1081,1083,1085]",True,gemini_snapshot,derived_from_all_registered_saved_scalars; unknown_not_dropped
gemini-3.8-flash-medium,expgym,evidence_audit,cost_tight,single,label_acc,task,cc-large:1,gemini_metrics,"[1082,1084,1086]",True,gemini_snapshot,derived_from_all_registered_saved_scalars; unknown_not_dropped
gemini-3.8-flash-medium,expgym,evidence_audit,cost_free,single,evidence_acc,task,cc-large:10,gemini_metrics,"[534,536,538]",True,gemini_snapshot,derived_from_all_registered_saved_scalars; unknown_not_dropped
gemini-3.8-flash-medium,expgym,evidence_audit,cost_free,single,label_acc,task,cc-large:10,gemini_metrics,"[535,537,539]",True,gemini_snapshot,derived_from_all_registered_saved_scalars; unknown_not_dropped
gemini-3.8-flash-medium,expgym,evidence_audit,cost_moderate,single,evidence_acc,task,cc-large:10,gemini_metrics,"[1151,1153,1155]",True,gemini_snapshot,derived_from_all_registered_saved_scalars; unknown_not_dropped
gemini-3.8-flash-medium,expgym,evidence_audit,cost_moderate,single,label_acc,task,cc-large:10,gemini_metrics,"[1152,1154,1156]",True,gemini_snapshot,derived_from_all_registered_saved_scalars; unknown_not_dropped
gemini-3.8-flash-medium,expgym,evidence_audit,cost_tight,single,evidence_acc,task,cc-large:10,gemini_metrics,"[878,880,882]",True,gemini_snapshot,derived_from_all_registered_saved_scalars; unknown_not_dropped
gemini-3.8-flash-medium,expgym,evidence_audit,cost_tight,single,label_acc,task,cc-large:10,gemini_metrics,"[879,881,883]",True,gemini_snapshot,derived_from_all_registered_saved_scalars; unknown_not_dropped
gemini-3.8-flash-medium,expgym,evidence_audit,cost_free,single,evidence_acc,task,cc-large:11,gemini_metrics,"[399,401,403]",True,gemini_snapshot,derived_from_all_registered_saved_scalars; unknown_not_dropped
gemini-3.8-flash-medium,expgym,evidence_audit,cost_free,single,label_acc,task,cc-large:11,gemini_metrics,"[400,402,404]",True,gemini_snapshot,derived_from_all_registered_saved_scalars; unknown_not_dropped
gemini-3.8-flash-medium,expgym,evidence_audit,cost_moderate,single,evidence_acc,task,cc-large:11,gemini_metrics,"[625,627,629]",True,gemini_snapshot,derived_from_all_registered_saved_scalars; unknown_not_dropped
gemini-3.8-flash-medium,expgym,evidence_audit,cost_moderate,single,label_acc,task,cc-large:11,gemini_metrics,"[626,628,630]",True,gemini_snapshot,derived_from_all_registered_saved_scalars; unknown_not_dropped
gemini-3.8-flash-medium,expgym,evidence_audit,cost_tight,single,evidence_acc,task,cc-large:11,gemini_metrics,"[600,602,604]",True,gemini_snapshot,derived_from_all_registered_saved_scalars; unknown_not_dropped
gemini-3.8-flash-medium,expgym,evidence_audit,cost_tight,single,label_acc,task,cc-large:11,gemini_metrics,"[601,603,605]",True,gemini_snapshot,derived_from_all_registered_saved_scalars; unknown_not_dropped
gemini-3.8-flash-medium,expgym,evidence_audit,cost_free,single,evidence_acc,task,cc-large:12,gemini_metrics,"[167,169,171]",True,gemini_snapshot,derived_from_all_registered_saved_scalars; unknown_not_dropped
gemini-3.8-flash-medium,expgym,evidence_audit,cost_free,single,label_acc,task,cc-large:12,gemini_metrics,"[168,170,172]",True,gemini_snapshot,derived_from_all_registered_saved_scalars; unknown_not_dropped
gemini-3.8-flash-medium,expgym,evidence_audit,cost_moderate,single,evidence_acc,task,cc-large:12,gemini_metrics,"[35,37,39]",True,gemini_snapshot,derived_from_all_registered_saved_scalars; unknown_not_dropped
gemini-3.8-flash-medium,expgym,evidence_audit,cost_moderate,single,label_acc,task,cc-large:12,gemini_metrics,"[36,38,40]",True,gemini_snapshot,derived_from_all_registered_saved_scalars; unknown_not_dropped
gemini-3.8-flash-medium,expgym,evidence_audit,cost_tight,single,evidence_acc,task,cc-large:12,gemini_metrics,"[540,542,544]",True,gemini_snapshot,derived_from_all_registered_saved_scalars; unknown_not_dropped
gemini-3.8-flash-medium,expgym,evidence_audit,cost_tight,single,label_acc,task,cc-large:12,gemini_metrics,"[541,543,545]",True,gemini_snapshot,derived_from_all_registered_saved_scalars; unknown_not_dropped
gemini-3.8-flash-medium,expgym,evidence_audit,cost_free,single,evidence_acc,task,cc-large:2,gemini_metrics,"[206,208,210]",True,gemini_snapshot,derived_from_all_registered_saved_scalars; unknown_not_dropped
gemini-3.8-flash-medium,expgym,evidence_audit,cost_free,single,label_acc,task,cc-large:2,gemini_metrics,"[207,209,211]",True,gemini_snapshot,derived_from_all_registered_saved_scalars; unknown_not_dropped
gemini-3.8-flash-medium,expgym,evidence_audit,cost_moderate,single,evidence_acc,task,cc-large:2,gemini_metrics,"[1112,1114,1116]",True,gemini_snapshot,derived_from_all_registered_saved_scalars; unknown_not_dropped
gemini-3.8-flash-medium,expgym,evidence_audit,cost_moderate,single,label_acc,task,cc-large:2,gemini_metrics,"[1113,1115,1117]",True,gemini_snapshot,derived_from_all_registered_saved_scalars; unknown_not_dropped
gemini-3.8-flash-medium,expgym,evidence_audit,cost_tight,single,evidence_acc,task,cc-large:2,gemini_metrics,"[845,847,849]",True,gemini_snapshot,derived_from_all_registered_saved_scalars; unknown_not_dropped
gemini-3.8-flash-medium,expgym,evidence_audit,cost_tight,single,label_acc,task,cc-large:2,gemini_metrics,"[846,848,850]",True,gemini_snapshot,derived_from_all_registered_saved_scalars; unknown_not_dropped
gemini-3.8-flash-medium,expgym,evidence_audit,cost_free,single,evidence_acc,task,cc-large:3,gemini_metrics,"[956,958,960]",True,gemini_snapshot,derived_from_all_registered_saved_scalars; unknown_not_dropped
gemini-3.8-flash-medium,expgym,evidence_audit,cost_free,single,label_acc,task,cc-large:3,gemini_metrics,"[957,959,961]",True,gemini_snapshot,derived_from_all_registered_saved_scalars; unknown_not_dropped
gemini-3.8-flash-medium,expgym,evidence_audit,cost_moderate,single,evidence_acc,task,cc-large:3,gemini_metrics,"[377,379,381]",True,gemini_snapshot,derived_from_all_registered_saved_scalars; unknown_not_dropped
gemini-3.8-flash-medium,expgym,evidence_audit,cost_moderate,single,label_acc,task,cc-large:3,gemini_metrics,"[378,380,382]",True,gemini_snapshot,derived_from_all_registered_saved_scalars; unknown_not_dropped
gemini-3.8-flash-medium,expgym,evidence_audit,cost_tight,single,evidence_acc,task,cc-large:3,gemini_metrics,"[492,494,496]",True,gemini_snapshot,derived_from_all_registered_saved_scalars; unknown_not_dropped
gemini-3.8-flash-medium,expgym,evidence_audit,cost_tight,single,label_acc,task,cc-large:3,gemini_metrics,"[493,495,497]",True,gemini_snapshot,derived_from_all_registered_saved_scalars; unknown_not_dropped
gemini-3.8-flash-medium,expgym,evidence_audit,cost_free,single,evidence_acc,task,cc-large:4,gemini_metrics,"[226,228,230]",True,gemini_snapshot,derived_from_all_registered_saved_scalars; unknown_not_dropped
gemini-3.8-flash-medium,expgym,evidence_audit,cost_free,single,label_acc,task,cc-large:4,gemini_metrics,"[227,229,231]",True,gemini_snapshot,derived_from_all_registered_saved_scalars; unknown_not_dropped
gemini-3.8-flash-medium,expgym,evidence_audit,cost_moderate,single,evidence_acc,task,cc-large:4,gemini_metrics,"[608,610,612]",True,gemini_snapshot,derived_from_all_registered_saved_scalars; unknown_not_dropped
gemini-3.8-flash-medium,expgym,evidence_audit,cost_moderate,single,label_acc,task,cc-large:4,gemini_metrics,"[609,611,613]",True,gemini_snapshot,derived_from_all_registered_saved_scalars; unknown_not_dropped
gemini-3.8-flash-medium,expgym,evidence_audit,cost_tight,single,evidence_acc,task,cc-large:4,gemini_metrics,"[805,807,809]",True,gemini_snapshot,derived_from_all_registered_saved_scalars; unknown_not_dropped
gemini-3.8-flash-medium,expgym,evidence_audit,cost_tight,single,label_acc,task,cc-large:4,gemini_metrics,"[806,808,810]",True,gemini_snapshot,derived_from_all_registered_saved_scalars; unknown_not_dropped
gemini-3.8-flash-medium,expgym,evidence_audit,cost_free,single,evidence_acc,task,cc-large:5,gemini_metrics,"[888,890,892]",True,gemini_snapshot,derived_from_all_registered_saved_scalars; unknown_not_dropped
gemini-3.8-flash-medium,expgym,evidence_audit,cost_free,single,label_acc,task,cc-large:5,gemini_metrics,"[889,891,893]",True,gemini_snapshot,derived_from_all_registered_saved_scalars; unknown_not_dropped
gemini-3.8-flash-medium,expgym,evidence_audit,cost_moderate,single,evidence_acc,task,cc-large:5,gemini_metrics,"[25,27,29]",True,gemini_snapshot,derived_from_all_registered_saved_scalars; unknown_not_dropped
gemini-3.8-flash-medium,expgym,evidence_audit,cost_moderate,single,label_acc,task,cc-large:5,gemini_metrics,"[26,28,30]",True,gemini_snapshot,derived_from_all_registered_saved_scalars; unknown_not_dropped
gemini-3.8-flash-medium,expgym,evidence_audit,cost_tight,single,evidence_acc,task,cc-large:5,gemini_metrics,"[1126,1128,1130]",True,gemini_snapshot,derived_from_all_registered_saved_scalars; unknown_not_dropped
gemini-3.8-flash-medium,expgym,evidence_audit,cost_tight,single,label_acc,task,cc-large:5,gemini_metrics,"[1127,1129,1131]",True,gemini_snapshot,derived_from_all_registered_saved_scalars; unknown_not_dropped
gemini-3.8-flash-medium,expgym,evidence_audit,cost_free,single,evidence_acc,task,cc-large:6,gemini_metrics,"[1323,1325,1327]",True,gemini_snapshot,derived_from_all_registered_saved_scalars; unknown_not_dropped
gemini-3.8-flash-medium,expgym,evidence_audit,cost_free,single,label_acc,task,cc-large:6,gemini_metrics,"[1324,1326,1328]",True,gemini_snapshot,derived_from_all_registered_saved_scalars; unknown_not_dropped
gemini-3.8-flash-medium,expgym,evidence_audit,cost_moderate,single,evidence_acc,task,cc-large:6,gemini_metrics,"[311,313,315]",True,gemini_snapshot,derived_from_all_registered_saved_scalars; unknown_not_dropped
gemini-3.8-flash-medium,expgym,evidence_audit,cost_moderate,single,label_acc,task,cc-large:6,gemini_metrics,"[312,314,316]",True,gemini_snapshot,derived_from_all_registered_saved_scalars; unknown_not_dropped
gemini-3.8-flash-medium,expgym,evidence_audit,cost_tight,single,evidence_acc,task,cc-large:6,gemini_metrics,"[1068,1070,1072]",True,gemini_snapshot,derived_from_all_registered_saved_scalars; unknown_not_dropped
gemini-3.8-flash-medium,expgym,evidence_audit,cost_tight,single,label_acc,task,cc-large:6,gemini_metrics,"[1069,1071,1073]",True,gemini_snapshot,derived_from_all_registered_saved_scalars; unknown_not_dropped
gemini-3.8-flash-medium,expgym,evidence_audit,cost_free,single,evidence_acc,task,cc-large:7,gemini_metrics,"[136,138,140]",True,gemini_snapshot,derived_from_all_registered_saved_scalars; unknown_not_dropped
gemini-3.8-flash-medium,expgym,evidence_audit,cost_free,single,label_acc,task,cc-large:7,gemini_metrics,"[137,139,141]",True,gemini_snapshot,derived_from_all_registered_saved_scalars; unknown_not_dropped
gemini-3.8-flash-medium,expgym,evidence_audit,cost_moderate,single,evidence_acc,task,cc-large:7,gemini_metrics,"[85,87,89]",True,gemini_snapshot,derived_from_all_registered_saved_scalars; unknown_not_dropped
gemini-3.8-flash-medium,expgym,evidence_audit,cost_moderate,single,label_acc,task,cc-large:7,gemini_metrics,"[86,88,90]",True,gemini_snapshot,derived_from_all_registered_saved_scalars; unknown_not_dropped
gemini-3.8-flash-medium,expgym,evidence_audit,cost_tight,single,evidence_acc,task,cc-large:7,gemini_metrics,"[108,110,112]",True,gemini_snapshot,derived_from_all_registered_saved_scalars; unknown_not_dropped
gemini-3.8-flash-medium,expgym,evidence_audit,cost_tight,single,label_acc,task,cc-large:7,gemini_metrics,"[109,111,113]",True,gemini_snapshot,derived_from_all_registered_saved_scalars; unknown_not_dropped
gemini-3.8-flash-medium,expgym,evidence_audit,cost_free,single,evidence_acc,task,cc-large:8,gemini_metrics,"[431,433,435]",True,gemini_snapshot,derived_from_all_registered_saved_scalars; unknown_not_dropped
gemini-3.8-flash-medium,expgym,evidence_audit,cost_free,single,label_acc,task,cc-large:8,gemini_metrics,"[432,434,436]",True,gemini_snapshot,derived_from_all_registered_saved_scalars; unknown_not_dropped
gemini-3.8-flash-medium,expgym,evidence_audit,cost_moderate,single,evidence_acc,task,cc-large:8,gemini_metrics,"[963,965,967]",True,gemini_snapshot,derived_from_all_registered_saved_scalars; unknown_not_dropped
gemini-3.8-flash-medium,expgym,evidence_audit,cost_moderate,single,label_acc,task,cc-large:8,gemini_metrics,"[964,966,968]",True,gemini_snapshot,derived_from_all_registered_saved_scalars; unknown_not_dropped
gemini-3.8-flash-medium,expgym,evidence_audit,cost_tight,single,evidence_acc,task,cc-large:8,gemini_metrics,"[479,481,483]",True,gemini_snapshot,derived_from_all_registered_saved_scalars; unknown_not_dropped
gemini-3.8-flash-medium,expgym,evidence_audit,cost_tight,single,label_acc,task,cc-large:8,gemini_metrics,"[480,482,484]",True,gemini_snapshot,derived_from_all_registered_saved_scalars; unknown_not_dropped
gemini-3.8-flash-medium,expgym,evidence_audit,cost_free,single,evidence_acc,task,cc-large:9,gemini_metrics,"[340,342,344]",True,gemini_snapshot,derived_from_all_registered_saved_scalars; unknown_not_dropped
gemini-3.8-flash-medium,expgym,evidence_audit,cost_free,single,label_acc,task,cc-large:9,gemini_metrics,"[341,343,345]",True,gemini_snapshot,derived_from_all_registered_saved_scalars; unknown_not_dropped
gemini-3.8-flash-medium,expgym,evidence_audit,cost_moderate,single,evidence_acc,task,cc-large:9,gemini_metrics,"[1054,1056,1058]",True,gemini_snapshot,derived_from_all_registered_saved_scalars; unknown_not_dropped
gemini-3.8-flash-medium,expgym,evidence_audit,cost_moderate,single,label_acc,task,cc-large:9,gemini_metrics,"[1055,1057,1059]",True,gemini_snapshot,derived_from_all_registered_saved_scalars; unknown_not_dropped
gemini-3.8-flash-medium,expgym,evidence_audit,cost_tight,single,evidence_acc,task,cc-large:9,gemini_metrics,"[1061,1063,1065]",True,gemini_snapshot,derived_from_all_registered_saved_scalars; unknown_not_dropped
gemini-3.8-flash-medium,expgym,evidence_audit,cost_tight,single,label_acc,task,cc-large:9,gemini_metrics,"[1062,1064,1066]",True,gemini_snapshot,derived_from_all_registered_saved_scalars; unknown_not_dropped
gemini-3.8-flash-medium,expgym,restricted_search,cost_free,single,f1,all,all,gemini_absolute,13,True,gemini_snapshot,latest_effective_composite_or_current_snapshot
gemini-3.8-flash-medium,expgym,restricted_search,cost_moderate,single,f1,all,all,gemini_absolute,16,True,gemini_snapshot,latest_effective_composite_or_current_snapshot
gemini-3.8-flash-medium,expgym,restricted_search,cost_tight,single,f1,all,all,gemini_absolute,19,True,gemini_snapshot,latest_effective_composite_or_current_snapshot
gemini-3.8-flash-medium,expgym,restricted_search,cost_free,single,f1,family,whatis,gemini_absolute,14,True,gemini_snapshot,latest_effective_composite_or_current_snapshot
gemini-3.8-flash-medium,expgym,restricted_search,cost_moderate,single,f1,family,whatis,gemini_absolute,17,True,gemini_snapshot,latest_effective_composite_or_current_snapshot
gemini-3.8-flash-medium,expgym,restricted_search,cost_tight,single,f1,family,whatis,gemini_absolute,20,True,gemini_snapshot,latest_effective_composite_or_current_snapshot
gemini-3.8-flash-medium,expgym,restricted_search,cost_free,single,f1,family,whois,gemini_absolute,15,True,gemini_snapshot,latest_effective_composite_or_current_snapshot
gemini-3.8-flash-medium,expgym,restricted_search,cost_moderate,single,f1,family,whois,gemini_absolute,18,True,gemini_snapshot,latest_effective_composite_or_current_snapshot
gemini-3.8-flash-medium,expgym,restricted_search,cost_tight,single,f1,family,whois,gemini_absolute,21,True,gemini_snapshot,latest_effective_composite_or_current_snapshot
gemini-3.8-flash-medium,expgym,restricted_search,cost_free,single,f1,task,phantom_seed2:0,gemini_metrics,[953],True,gemini_snapshot,derived_from_all_registered_saved_scalars; unknown_not_dropped
gemini-3.8-flash-medium,expgym,restricted_search,cost_moderate,single,f1,task,phantom_seed2:0,gemini_metrics,[816],True,gemini_snapshot,derived_from_all_registered_saved_scalars; unknown_not_dropped
gemini-3.8-flash-medium,expgym,restricted_search,cost_tight,single,f1,task,phantom_seed2:0,gemini_metrics,[514],True,gemini_snapshot,derived_from_all_registered_saved_scalars; unknown_not_dropped
gemini-3.8-flash-medium,expgym,restricted_search,cost_free,single,f1,task,phantom_seed2:1,gemini_metrics,[836],True,gemini_snapshot,derived_from_all_registered_saved_scalars; unknown_not_dropped
gemini-3.8-flash-medium,expgym,restricted_search,cost_moderate,single,f1,task,phantom_seed2:1,gemini_metrics,[1317],True,gemini_snapshot,derived_from_all_registered_saved_scalars; unknown_not_dropped
gemini-3.8-flash-medium,expgym,restricted_search,cost_tight,single,f1,task,phantom_seed2:1,gemini_metrics,[201],True,gemini_snapshot,derived_from_all_registered_saved_scalars; unknown_not_dropped
gemini-3.8-flash-medium,expgym,restricted_search,cost_free,single,f1,task,phantom_seed2:10,gemini_metrics,[830],True,gemini_snapshot,derived_from_all_registered_saved_scalars; unknown_not_dropped
gemini-3.8-flash-medium,expgym,restricted_search,cost_moderate,single,f1,task,phantom_seed2:10,gemini_metrics,[269],True,gemini_snapshot,derived_from_all_registered_saved_scalars; unknown_not_dropped
gemini-3.8-flash-medium,expgym,restricted_search,cost_tight,single,f1,task,phantom_seed2:10,gemini_metrics,[1107],True,gemini_snapshot,derived_from_all_registered_saved_scalars; unknown_not_dropped
gemini-3.8-flash-medium,expgym,restricted_search,cost_free,single,f1,task,phantom_seed2:11,gemini_metrics,[1138],True,gemini_snapshot,derived_from_all_registered_saved_scalars; unknown_not_dropped
gemini-3.8-flash-medium,expgym,restricted_search,cost_moderate,single,f1,task,phantom_seed2:11,gemini_metrics,[861],True,gemini_snapshot,derived_from_all_registered_saved_scalars; unknown_not_dropped
gemini-3.8-flash-medium,expgym,restricted_search,cost_tight,single,f1,task,phantom_seed2:11,gemini_metrics,[449],True,gemini_snapshot,derived_from_all_registered_saved_scalars; unknown_not_dropped
gemini-3.8-flash-medium,expgym,restricted_search,cost_free,single,f1,task,phantom_seed2:12,gemini_metrics,[842],True,gemini_snapshot,derived_from_all_registered_saved_scalars; unknown_not_dropped
gemini-3.8-flash-medium,expgym,restricted_search,cost_moderate,single,f1,task,phantom_seed2:12,gemini_metrics,[104],True,gemini_snapshot,derived_from_all_registered_saved_scalars; unknown_not_dropped
gemini-3.8-flash-medium,expgym,restricted_search,cost_tight,single,f1,task,phantom_seed2:12,gemini_metrics,[688],True,gemini_snapshot,derived_from_all_registered_saved_scalars; unknown_not_dropped
gemini-3.8-flash-medium,expgym,restricted_search,cost_free,single,f1,task,phantom_seed2:13,gemini_metrics,[837],True,gemini_snapshot,derived_from_all_registered_saved_scalars; unknown_not_dropped
gemini-3.8-flash-medium,expgym,restricted_search,cost_moderate,single,f1,task,phantom_seed2:13,gemini_metrics,[620],True,gemini_snapshot,derived_from_all_registered_saved_scalars; unknown_not_dropped
gemini-3.8-flash-medium,expgym,restricted_search,cost_tight,single,f1,task,phantom_seed2:13,gemini_metrics,[405],True,gemini_snapshot,derived_from_all_registered_saved_scalars; unknown_not_dropped
gemini-3.8-flash-medium,expgym,restricted_search,cost_free,single,f1,task,phantom_seed2:14,gemini_metrics,[595],True,gemini_snapshot,derived_from_all_registered_saved_scalars; unknown_not_dropped
gemini-3.8-flash-medium,expgym,restricted_search,cost_moderate,single,f1,task,phantom_seed2:14,gemini_metrics,[193],True,gemini_snapshot,derived_from_all_registered_saved_scalars; unknown_not_dropped
gemini-3.8-flash-medium,expgym,restricted_search,cost_tight,single,f1,task,phantom_seed2:14,gemini_metrics,[62],True,gemini_snapshot,derived_from_all_registered_saved_scalars; unknown_not_dropped
gemini-3.8-flash-medium,expgym,restricted_search,cost_free,single,f1,task,phantom_seed2:15,gemini_metrics,[355],True,gemini_snapshot,derived_from_all_registered_saved_scalars; unknown_not_dropped
gemini-3.8-flash-medium,expgym,restricted_search,cost_moderate,single,f1,task,phantom_seed2:15,gemini_metrics,[955],True,gemini_snapshot,derived_from_all_registered_saved_scalars; unknown_not_dropped
gemini-3.8-flash-medium,expgym,restricted_search,cost_tight,single,f1,task,phantom_seed2:15,gemini_metrics,[1331],True,gemini_snapshot,derived_from_all_registered_saved_scalars; unknown_not_dropped
gemini-3.8-flash-medium,expgym,restricted_search,cost_free,single,f1,task,phantom_seed2:16,gemini_metrics,[1218],True,gemini_snapshot,derived_from_all_registered_saved_scalars; unknown_not_dropped
gemini-3.8-flash-medium,expgym,restricted_search,cost_moderate,single,f1,task,phantom_seed2:16,gemini_metrics,[721],True,gemini_snapshot,derived_from_all_registered_saved_scalars; unknown_not_dropped
gemini-3.8-flash-medium,expgym,restricted_search,cost_tight,single,f1,task,phantom_seed2:16,gemini_metrics,[354],True,gemini_snapshot,derived_from_all_registered_saved_scalars; unknown_not_dropped
gemini-3.8-flash-medium,expgym,restricted_search,cost_free,single,f1,task,phantom_seed2:17,gemini_metrics,[334],True,gemini_snapshot,derived_from_all_registered_saved_scalars; unknown_not_dropped
gemini-3.8-flash-medium,expgym,restricted_search,cost_moderate,single,f1,task,phantom_seed2:17,gemini_metrics,[1046],True,gemini_snapshot,derived_from_all_registered_saved_scalars; unknown_not_dropped
gemini-3.8-flash-medium,expgym,restricted_search,cost_tight,single,f1,task,phantom_seed2:17,gemini_metrics,[57],True,gemini_snapshot,derived_from_all_registered_saved_scalars; unknown_not_dropped
gemini-3.8-flash-medium,expgym,restricted_search,cost_free,single,f1,task,phantom_seed2:18,gemini_metrics,[817],True,gemini_snapshot,derived_from_all_registered_saved_scalars; unknown_not_dropped
gemini-3.8-flash-medium,expgym,restricted_search,cost_moderate,single,f1,task,phantom_seed2:18,gemini_metrics,[1213],True,gemini_snapshot,derived_from_all_registered_saved_scalars; unknown_not_dropped
gemini-3.8-flash-medium,expgym,restricted_search,cost_tight,single,f1,task,phantom_seed2:18,gemini_metrics,[491],True,gemini_snapshot,derived_from_all_registered_saved_scalars; unknown_not_dropped
gemini-3.8-flash-medium,expgym,restricted_search,cost_free,single,f1,task,phantom_seed2:19,gemini_metrics,[1305],True,gemini_snapshot,derived_from_all_registered_saved_scalars; unknown_not_dropped
gemini-3.8-flash-medium,expgym,restricted_search,cost_moderate,single,f1,task,phantom_seed2:19,gemini_metrics,[423],True,gemini_snapshot,derived_from_all_registered_saved_scalars; unknown_not_dropped
gemini-3.8-flash-medium,expgym,restricted_search,cost_tight,single,f1,task,phantom_seed2:19,gemini_metrics,[1198],True,gemini_snapshot,derived_from_all_registered_saved_scalars; unknown_not_dropped
gemini-3.8-flash-medium,expgym,restricted_search,cost_free,single,f1,task,phantom_seed2:2,gemini_metrics,[1002],True,gemini_snapshot,derived_from_all_registered_saved_scalars; unknown_not_dropped
gemini-3.8-flash-medium,expgym,restricted_search,cost_moderate,single,f1,task,phantom_seed2:2,gemini_metrics,[56],True,gemini_snapshot,derived_from_all_registered_saved_scalars; unknown_not_dropped
gemini-3.8-flash-medium,expgym,restricted_search,cost_tight,single,f1,task,phantom_seed2:2,gemini_metrics,[363],True,gemini_snapshot,derived_from_all_registered_saved_scalars; unknown_not_dropped
gemini-3.8-flash-medium,expgym,restricted_search,cost_free,single,f1,task,phantom_seed2:20,gemini_metrics,[1301],True,gemini_snapshot,derived_from_all_registered_saved_scalars; unknown_not_dropped
gemini-3.8-flash-medium,expgym,restricted_search,cost_moderate,single,f1,task,phantom_seed2:20,gemini_metrics,[614],True,gemini_snapshot,derived_from_all_registered_saved_scalars; unknown_not_dropped
gemini-3.8-flash-medium,expgym,restricted_search,cost_tight,single,f1,task,phantom_seed2:20,gemini_metrics,[488],True,gemini_snapshot,derived_from_all_registered_saved_scalars; unknown_not_dropped
gemini-3.8-flash-medium,expgym,restricted_search,cost_free,single,f1,task,phantom_seed2:21,gemini_metrics,[657],True,gemini_snapshot,derived_from_all_registered_saved_scalars; unknown_not_dropped
gemini-3.8-flash-medium,expgym,restricted_search,cost_moderate,single,f1,task,phantom_seed2:21,gemini_metrics,[802],True,gemini_snapshot,derived_from_all_registered_saved_scalars; unknown_not_dropped
gemini-3.8-flash-medium,expgym,restricted_search,cost_tight,single,f1,task,phantom_seed2:21,gemini_metrics,[188],True,gemini_snapshot,derived_from_all_registered_saved_scalars; unknown_not_dropped
gemini-3.8-flash-medium,expgym,restricted_search,cost_free,single,f1,task,phantom_seed2:22,gemini_metrics,[954],True,gemini_snapshot,derived_from_all_registered_saved_scalars; unknown_not_dropped
gemini-3.8-flash-medium,expgym,restricted_search,cost_moderate,single,f1,task,phantom_seed2:22,gemini_metrics,[1078],True,gemini_snapshot,derived_from_all_registered_saved_scalars; unknown_not_dropped
gemini-3.8-flash-medium,expgym,restricted_search,cost_tight,single,f1,task,phantom_seed2:22,gemini_metrics,[1079],True,gemini_snapshot,derived_from_all_registered_saved_scalars; unknown_not_dropped
gemini-3.8-flash-medium,expgym,restricted_search,cost_free,single,f1,task,phantom_seed2:23,gemini_metrics,[1008],True,gemini_snapshot,derived_from_all_registered_saved_scalars; unknown_not_dropped
gemini-3.8-flash-medium,expgym,restricted_search,cost_moderate,single,f1,task,phantom_seed2:23,gemini_metrics,[557],True,gemini_snapshot,derived_from_all_registered_saved_scalars; unknown_not_dropped
gemini-3.8-flash-medium,expgym,restricted_search,cost_tight,single,f1,task,phantom_seed2:23,gemini_metrics,[1274],True,gemini_snapshot,derived_from_all_registered_saved_scalars; unknown_not_dropped
gemini-3.8-flash-medium,expgym,restricted_search,cost_free,single,f1,task,phantom_seed2:24,gemini_metrics,[574],True,gemini_snapshot,derived_from_all_registered_saved_scalars; unknown_not_dropped
gemini-3.8-flash-medium,expgym,restricted_search,cost_moderate,single,f1,task,phantom_seed2:24,gemini_metrics,[546],True,gemini_snapshot,derived_from_all_registered_saved_scalars; unknown_not_dropped
gemini-3.8-flash-medium,expgym,restricted_search,cost_tight,single,f1,task,phantom_seed2:24,gemini_metrics,[551],True,gemini_snapshot,derived_from_all_registered_saved_scalars; unknown_not_dropped
gemini-3.8-flash-medium,expgym,restricted_search,cost_free,single,f1,task,phantom_seed2:25,gemini_metrics,[1053],True,gemini_snapshot,derived_from_all_registered_saved_scalars; unknown_not_dropped
gemini-3.8-flash-medium,expgym,restricted_search,cost_moderate,single,f1,task,phantom_seed2:25,gemini_metrics,[1353],True,gemini_snapshot,derived_from_all_registered_saved_scalars; unknown_not_dropped
gemini-3.8-flash-medium,expgym,restricted_search,cost_tight,single,f1,task,phantom_seed2:25,gemini_metrics,[687],True,gemini_snapshot,derived_from_all_registered_saved_scalars; unknown_not_dropped
gemini-3.8-flash-medium,expgym,restricted_search,cost_free,single,f1,task,phantom_seed2:26,gemini_metrics,[1157],True,gemini_snapshot,derived_from_all_registered_saved_scalars; unknown_not_dropped
gemini-3.8-flash-medium,expgym,restricted_search,cost_moderate,single,f1,task,phantom_seed2:26,gemini_metrics,[241],True,gemini_snapshot,derived_from_all_registered_saved_scalars; unknown_not_dropped
gemini-3.8-flash-medium,expgym,restricted_search,cost_tight,single,f1,task,phantom_seed2:26,gemini_metrics,[1337],True,gemini_snapshot,derived_from_all_registered_saved_scalars; unknown_not_dropped
gemini-3.8-flash-medium,expgym,restricted_search,cost_free,single,f1,task,phantom_seed2:27,gemini_metrics,[1181],True,gemini_snapshot,derived_from_all_registered_saved_scalars; unknown_not_dropped
gemini-3.8-flash-medium,expgym,restricted_search,cost_moderate,single,f1,task,phantom_seed2:27,gemini_metrics,[907],True,gemini_snapshot,derived_from_all_registered_saved_scalars; unknown_not_dropped
gemini-3.8-flash-medium,expgym,restricted_search,cost_tight,single,f1,task,phantom_seed2:27,gemini_metrics,[1223],True,gemini_snapshot,derived_from_all_registered_saved_scalars; unknown_not_dropped
gemini-3.8-flash-medium,expgym,restricted_search,cost_free,single,f1,task,phantom_seed2:28,gemini_metrics,[1080],True,gemini_snapshot,derived_from_all_registered_saved_scalars; unknown_not_dropped
gemini-3.8-flash-medium,expgym,restricted_search,cost_moderate,single,f1,task,phantom_seed2:28,gemini_metrics,[1006],True,gemini_snapshot,derived_from_all_registered_saved_scalars; unknown_not_dropped
gemini-3.8-flash-medium,expgym,restricted_search,cost_tight,single,f1,task,phantom_seed2:28,gemini_metrics,[744],True,gemini_snapshot,derived_from_all_registered_saved_scalars; unknown_not_dropped
gemini-3.8-flash-medium,expgym,restricted_search,cost_free,single,f1,task,phantom_seed2:29,gemini_metrics,[912],True,gemini_snapshot,derived_from_all_registered_saved_scalars; unknown_not_dropped
gemini-3.8-flash-medium,expgym,restricted_search,cost_moderate,single,f1,task,phantom_seed2:29,gemini_metrics,[577],True,gemini_snapshot,derived_from_all_registered_saved_scalars; unknown_not_dropped
gemini-3.8-flash-medium,expgym,restricted_search,cost_tight,single,f1,task,phantom_seed2:29,gemini_metrics,[1318],True,gemini_snapshot,derived_from_all_registered_saved_scalars; unknown_not_dropped
gemini-3.8-flash-medium,expgym,restricted_search,cost_free,single,f1,task,phantom_seed2:3,gemini_metrics,[1291],True,gemini_snapshot,derived_from_all_registered_saved_scalars; unknown_not_dropped
gemini-3.8-flash-medium,expgym,restricted_search,cost_moderate,single,f1,task,phantom_seed2:3,gemini_metrics,[558],True,gemini_snapshot,derived_from_all_registered_saved_scalars; unknown_not_dropped
gemini-3.8-flash-medium,expgym,restricted_search,cost_tight,single,f1,task,phantom_seed2:3,gemini_metrics,[1076],True,gemini_snapshot,derived_from_all_registered_saved_scalars; unknown_not_dropped
gemini-3.8-flash-medium,expgym,restricted_search,cost_free,single,f1,task,phantom_seed2:30,gemini_metrics,[197],True,gemini_snapshot,derived_from_all_registered_saved_scalars; unknown_not_dropped
gemini-3.8-flash-medium,expgym,restricted_search,cost_moderate,single,f1,task,phantom_seed2:30,gemini_metrics,[858],True,gemini_snapshot,derived_from_all_registered_saved_scalars; unknown_not_dropped
gemini-3.8-flash-medium,expgym,restricted_search,cost_tight,single,f1,task,phantom_seed2:30,gemini_metrics,[900],True,gemini_snapshot,derived_from_all_registered_saved_scalars; unknown_not_dropped
gemini-3.8-flash-medium,expgym,restricted_search,cost_free,single,f1,task,phantom_seed2:31,gemini_metrics,[51],True,gemini_snapshot,derived_from_all_registered_saved_scalars; unknown_not_dropped
gemini-3.8-flash-medium,expgym,restricted_search,cost_moderate,single,f1,task,phantom_seed2:31,gemini_metrics,[1007],True,gemini_snapshot,derived_from_all_registered_saved_scalars; unknown_not_dropped
gemini-3.8-flash-medium,expgym,restricted_search,cost_tight,single,f1,task,phantom_seed2:31,gemini_metrics,[376],True,gemini_snapshot,derived_from_all_registered_saved_scalars; unknown_not_dropped
gemini-3.8-flash-medium,expgym,restricted_search,cost_free,single,f1,task,phantom_seed2:32,gemini_metrics,[686],True,gemini_snapshot,derived_from_all_registered_saved_scalars; unknown_not_dropped
gemini-3.8-flash-medium,expgym,restricted_search,cost_moderate,single,f1,task,phantom_seed2:32,gemini_metrics,[245],True,gemini_snapshot,derived_from_all_registered_saved_scalars; unknown_not_dropped
gemini-3.8-flash-medium,expgym,restricted_search,cost_tight,single,f1,task,phantom_seed2:32,gemini_metrics,[516],True,gemini_snapshot,derived_from_all_registered_saved_scalars; unknown_not_dropped
gemini-3.8-flash-medium,expgym,restricted_search,cost_free,single,f1,task,phantom_seed2:33,gemini_metrics,[1145],True,gemini_snapshot,derived_from_all_registered_saved_scalars; unknown_not_dropped
gemini-3.8-flash-medium,expgym,restricted_search,cost_moderate,single,f1,task,phantom_seed2:33,gemini_metrics,[554],True,gemini_snapshot,derived_from_all_registered_saved_scalars; unknown_not_dropped
gemini-3.8-flash-medium,expgym,restricted_search,cost_tight,single,f1,task,phantom_seed2:33,gemini_metrics,[12],True,gemini_snapshot,derived_from_all_registered_saved_scalars; unknown_not_dropped
gemini-3.8-flash-medium,expgym,restricted_search,cost_free,single,f1,task,phantom_seed2:34,gemini_metrics,[179],True,gemini_snapshot,derived_from_all_registered_saved_scalars; unknown_not_dropped
gemini-3.8-flash-medium,expgym,restricted_search,cost_moderate,single,f1,task,phantom_seed2:34,gemini_metrics,[811],True,gemini_snapshot,derived_from_all_registered_saved_scalars; unknown_not_dropped
gemini-3.8-flash-medium,expgym,restricted_search,cost_tight,single,f1,task,phantom_seed2:34,gemini_metrics,[324],True,gemini_snapshot,derived_from_all_registered_saved_scalars; unknown_not_dropped
gemini-3.8-flash-medium,expgym,restricted_search,cost_free,single,f1,task,phantom_seed2:35,gemini_metrics,[1034],True,gemini_snapshot,derived_from_all_registered_saved_scalars; unknown_not_dropped
gemini-3.8-flash-medium,expgym,restricted_search,cost_moderate,single,f1,task,phantom_seed2:35,gemini_metrics,[259],True,gemini_snapshot,derived_from_all_registered_saved_scalars; unknown_not_dropped
gemini-3.8-flash-medium,expgym,restricted_search,cost_tight,single,f1,task,phantom_seed2:35,gemini_metrics,[843],True,gemini_snapshot,derived_from_all_registered_saved_scalars; unknown_not_dropped
gemini-3.8-flash-medium,expgym,restricted_search,cost_free,single,f1,task,phantom_seed2:4,gemini_metrics,[123],True,gemini_snapshot,derived_from_all_registered_saved_scalars; unknown_not_dropped
gemini-3.8-flash-medium,expgym,restricted_search,cost_moderate,single,f1,task,phantom_seed2:4,gemini_metrics,[1190],True,gemini_snapshot,derived_from_all_registered_saved_scalars; unknown_not_dropped
gemini-3.8-flash-medium,expgym,restricted_search,cost_tight,single,f1,task,phantom_seed2:4,gemini_metrics,[253],True,gemini_snapshot,derived_from_all_registered_saved_scalars; unknown_not_dropped
gemini-3.8-flash-medium,expgym,restricted_search,cost_free,single,f1,task,phantom_seed2:5,gemini_metrics,[993],True,gemini_snapshot,derived_from_all_registered_saved_scalars; unknown_not_dropped
gemini-3.8-flash-medium,expgym,restricted_search,cost_moderate,single,f1,task,phantom_seed2:5,gemini_metrics,[1040],True,gemini_snapshot,derived_from_all_registered_saved_scalars; unknown_not_dropped
gemini-3.8-flash-medium,expgym,restricted_search,cost_tight,single,f1,task,phantom_seed2:5,gemini_metrics,[1241],True,gemini_snapshot,derived_from_all_registered_saved_scalars; unknown_not_dropped
gemini-3.8-flash-medium,expgym,restricted_search,cost_free,single,f1,task,phantom_seed2:6,gemini_metrics,[1123],True,gemini_snapshot,derived_from_all_registered_saved_scalars; unknown_not_dropped
gemini-3.8-flash-medium,expgym,restricted_search,cost_moderate,single,f1,task,phantom_seed2:6,gemini_metrics,[466],True,gemini_snapshot,derived_from_all_registered_saved_scalars; unknown_not_dropped
gemini-3.8-flash-medium,expgym,restricted_search,cost_tight,single,f1,task,phantom_seed2:6,gemini_metrics,[915],True,gemini_snapshot,derived_from_all_registered_saved_scalars; unknown_not_dropped
gemini-3.8-flash-medium,expgym,restricted_search,cost_free,single,f1,task,phantom_seed2:7,gemini_metrics,[983],True,gemini_snapshot,derived_from_all_registered_saved_scalars; unknown_not_dropped
gemini-3.8-flash-medium,expgym,restricted_search,cost_moderate,single,f1,task,phantom_seed2:7,gemini_metrics,[1255],True,gemini_snapshot,derived_from_all_registered_saved_scalars; unknown_not_dropped
gemini-3.8-flash-medium,expgym,restricted_search,cost_tight,single,f1,task,phantom_seed2:7,gemini_metrics,[1258],True,gemini_snapshot,derived_from_all_registered_saved_scalars; unknown_not_dropped
gemini-3.8-flash-medium,expgym,restricted_search,cost_free,single,f1,task,phantom_seed2:8,gemini_metrics,[1288],True,gemini_snapshot,derived_from_all_registered_saved_scalars; unknown_not_dropped
gemini-3.8-flash-medium,expgym,restricted_search,cost_moderate,single,f1,task,phantom_seed2:8,gemini_metrics,[118],True,gemini_snapshot,derived_from_all_registered_saved_scalars; unknown_not_dropped
gemini-3.8-flash-medium,expgym,restricted_search,cost_tight,single,f1,task,phantom_seed2:8,gemini_metrics,[841],True,gemini_snapshot,derived_from_all_registered_saved_scalars; unknown_not_dropped
gemini-3.8-flash-medium,expgym,restricted_search,cost_free,single,f1,task,phantom_seed2:9,gemini_metrics,[1060],True,gemini_snapshot,derived_from_all_registered_saved_scalars; unknown_not_dropped
gemini-3.8-flash-medium,expgym,restricted_search,cost_moderate,single,f1,task,phantom_seed2:9,gemini_metrics,[1014],True,gemini_snapshot,derived_from_all_registered_saved_scalars; unknown_not_dropped
gemini-3.8-flash-medium,expgym,restricted_search,cost_tight,single,f1,task,phantom_seed2:9,gemini_metrics,[1141],True,gemini_snapshot,derived_from_all_registered_saved_scalars; unknown_not_dropped
gemini-3.8-flash-medium,expgym,restricted_search,cost_free,single,f1,task,phantom_seed3:0,gemini_metrics,[61],True,gemini_snapshot,derived_from_all_registered_saved_scalars; unknown_not_dropped
gemini-3.8-flash-medium,expgym,restricted_search,cost_moderate,single,f1,task,phantom_seed3:0,gemini_metrics,[119],True,gemini_snapshot,derived_from_all_registered_saved_scalars; unknown_not_dropped
gemini-3.8-flash-medium,expgym,restricted_search,cost_tight,single,f1,task,phantom_seed3:0,gemini_metrics,[1011],True,gemini_snapshot,derived_from_all_registered_saved_scalars; unknown_not_dropped
gemini-3.8-flash-medium,expgym,restricted_search,cost_free,single,f1,task,phantom_seed3:1,gemini_metrics,[122],True,gemini_snapshot,derived_from_all_registered_saved_scalars; unknown_not_dropped
gemini-3.8-flash-medium,expgym,restricted_search,cost_moderate,single,f1,task,phantom_seed3:1,gemini_metrics,[1067],True,gemini_snapshot,derived_from_all_registered_saved_scalars; unknown_not_dropped
gemini-3.8-flash-medium,expgym,restricted_search,cost_tight,single,f1,task,phantom_seed3:1,gemini_metrics,[884],True,gemini_snapshot,derived_from_all_registered_saved_scalars; unknown_not_dropped
gemini-3.8-flash-medium,expgym,restricted_search,cost_free,single,f1,task,phantom_seed3:10,gemini_metrics,[992],True,gemini_snapshot,derived_from_all_registered_saved_scalars; unknown_not_dropped
gemini-3.8-flash-medium,expgym,restricted_search,cost_moderate,single,f1,task,phantom_seed3:10,gemini_metrics,[198],True,gemini_snapshot,derived_from_all_registered_saved_scalars; unknown_not_dropped
gemini-3.8-flash-medium,expgym,restricted_search,cost_tight,single,f1,task,phantom_seed3:10,gemini_metrics,[194],True,gemini_snapshot,derived_from_all_registered_saved_scalars; unknown_not_dropped
gemini-3.8-flash-medium,expgym,restricted_search,cost_free,single,f1,task,phantom_seed3:11,gemini_metrics,[146],True,gemini_snapshot,derived_from_all_registered_saved_scalars; unknown_not_dropped
gemini-3.8-flash-medium,expgym,restricted_search,cost_moderate,single,f1,task,phantom_seed3:11,gemini_metrics,[1005],True,gemini_snapshot,derived_from_all_registered_saved_scalars; unknown_not_dropped
gemini-3.8-flash-medium,expgym,restricted_search,cost_tight,single,f1,task,phantom_seed3:11,gemini_metrics,[252],True,gemini_snapshot,derived_from_all_registered_saved_scalars; unknown_not_dropped
gemini-3.8-flash-medium,expgym,restricted_search,cost_free,single,f1,task,phantom_seed3:12,gemini_metrics,[838],True,gemini_snapshot,derived_from_all_registered_saved_scalars; unknown_not_dropped
gemini-3.8-flash-medium,expgym,restricted_search,cost_moderate,single,f1,task,phantom_seed3:12,gemini_metrics,[365],True,gemini_snapshot,derived_from_all_registered_saved_scalars; unknown_not_dropped
gemini-3.8-flash-medium,expgym,restricted_search,cost_tight,single,f1,task,phantom_seed3:12,gemini_metrics,[571],True,gemini_snapshot,derived_from_all_registered_saved_scalars; unknown_not_dropped
gemini-3.8-flash-medium,expgym,restricted_search,cost_free,single,f1,task,phantom_seed3:13,gemini_metrics,[1244],True,gemini_snapshot,derived_from_all_registered_saved_scalars; unknown_not_dropped
gemini-3.8-flash-medium,expgym,restricted_search,cost_moderate,single,f1,task,phantom_seed3:13,gemini_metrics,[1052],True,gemini_snapshot,derived_from_all_registered_saved_scalars; unknown_not_dropped
gemini-3.8-flash-medium,expgym,restricted_search,cost_tight,single,f1,task,phantom_seed3:13,gemini_metrics,[1103],True,gemini_snapshot,derived_from_all_registered_saved_scalars; unknown_not_dropped
gemini-3.8-flash-medium,expgym,restricted_search,cost_free,single,f1,task,phantom_seed3:14,gemini_metrics,[515],True,gemini_snapshot,derived_from_all_registered_saved_scalars; unknown_not_dropped
gemini-3.8-flash-medium,expgym,restricted_search,cost_moderate,single,f1,task,phantom_seed3:14,gemini_metrics,[1354],True,gemini_snapshot,derived_from_all_registered_saved_scalars; unknown_not_dropped
gemini-3.8-flash-medium,expgym,restricted_search,cost_tight,single,f1,task,phantom_seed3:14,gemini_metrics,[424],True,gemini_snapshot,derived_from_all_registered_saved_scalars; unknown_not_dropped
gemini-3.8-flash-medium,expgym,restricted_search,cost_free,single,f1,task,phantom_seed3:15,gemini_metrics,[356],True,gemini_snapshot,derived_from_all_registered_saved_scalars; unknown_not_dropped
gemini-3.8-flash-medium,expgym,restricted_search,cost_moderate,single,f1,task,phantom_seed3:15,gemini_metrics,[897],True,gemini_snapshot,derived_from_all_registered_saved_scalars; unknown_not_dropped
gemini-3.8-flash-medium,expgym,restricted_search,cost_tight,single,f1,task,phantom_seed3:15,gemini_metrics,[962],True,gemini_snapshot,derived_from_all_registered_saved_scalars; unknown_not_dropped
gemini-3.8-flash-medium,expgym,restricted_search,cost_free,single,f1,task,phantom_seed3:16,gemini_metrics,[333],True,gemini_snapshot,derived_from_all_registered_saved_scalars; unknown_not_dropped
gemini-3.8-flash-medium,expgym,restricted_search,cost_moderate,single,f1,task,phantom_seed3:16,gemini_metrics,[887],True,gemini_snapshot,derived_from_all_registered_saved_scalars; unknown_not_dropped
gemini-3.8-flash-medium,expgym,restricted_search,cost_tight,single,f1,task,phantom_seed3:16,gemini_metrics,[128],True,gemini_snapshot,derived_from_all_registered_saved_scalars; unknown_not_dropped
gemini-3.8-flash-medium,expgym,restricted_search,cost_free,single,f1,task,phantom_seed3:17,gemini_metrics,[896],True,gemini_snapshot,derived_from_all_registered_saved_scalars; unknown_not_dropped
gemini-3.8-flash-medium,expgym,restricted_search,cost_moderate,single,f1,task,phantom_seed3:17,gemini_metrics,[1],True,gemini_snapshot,derived_from_all_registered_saved_scalars; unknown_not_dropped
gemini-3.8-flash-medium,expgym,restricted_search,cost_tight,single,f1,task,phantom_seed3:17,gemini_metrics,[579],True,gemini_snapshot,derived_from_all_registered_saved_scalars; unknown_not_dropped
gemini-3.8-flash-medium,expgym,restricted_search,cost_free,single,f1,task,phantom_seed3:18,gemini_metrics,[1312],True,gemini_snapshot,derived_from_all_registered_saved_scalars; unknown_not_dropped
gemini-3.8-flash-medium,expgym,restricted_search,cost_moderate,single,f1,task,phantom_seed3:18,gemini_metrics,[980],True,gemini_snapshot,derived_from_all_registered_saved_scalars; unknown_not_dropped
gemini-3.8-flash-medium,expgym,restricted_search,cost_tight,single,f1,task,phantom_seed3:18,gemini_metrics,[133],True,gemini_snapshot,derived_from_all_registered_saved_scalars; unknown_not_dropped
gemini-3.8-flash-medium,expgym,restricted_search,cost_free,single,f1,task,phantom_seed3:19,gemini_metrics,[906],True,gemini_snapshot,derived_from_all_registered_saved_scalars; unknown_not_dropped
gemini-3.8-flash-medium,expgym,restricted_search,cost_moderate,single,f1,task,phantom_seed3:19,gemini_metrics,[1197],True,gemini_snapshot,derived_from_all_registered_saved_scalars; unknown_not_dropped
gemini-3.8-flash-medium,expgym,restricted_search,cost_tight,single,f1,task,phantom_seed3:19,gemini_metrics,[948],True,gemini_snapshot,derived_from_all_registered_saved_scalars; unknown_not_dropped
gemini-3.8-flash-medium,expgym,restricted_search,cost_free,single,f1,task,phantom_seed3:2,gemini_metrics,[1230],True,gemini_snapshot,derived_from_all_registered_saved_scalars; unknown_not_dropped
gemini-3.8-flash-medium,expgym,restricted_search,cost_moderate,single,f1,task,phantom_seed3:2,gemini_metrics,[1267],True,gemini_snapshot,derived_from_all_registered_saved_scalars; unknown_not_dropped
gemini-3.8-flash-medium,expgym,restricted_search,cost_tight,single,f1,task,phantom_seed3:2,gemini_metrics,[1340],True,gemini_snapshot,derived_from_all_registered_saved_scalars; unknown_not_dropped
gemini-3.8-flash-medium,expgym,restricted_search,cost_free,single,f1,task,phantom_seed3:20,gemini_metrics,[1120],True,gemini_snapshot,derived_from_all_registered_saved_scalars; unknown_not_dropped
gemini-3.8-flash-medium,expgym,restricted_search,cost_moderate,single,f1,task,phantom_seed3:20,gemini_metrics,[1242],True,gemini_snapshot,derived_from_all_registered_saved_scalars; unknown_not_dropped
gemini-3.8-flash-medium,expgym,restricted_search,cost_tight,single,f1,task,phantom_seed3:20,gemini_metrics,[851],True,gemini_snapshot,derived_from_all_registered_saved_scalars; unknown_not_dropped
gemini-3.8-flash-medium,expgym,restricted_search,cost_free,single,f1,task,phantom_seed3:21,gemini_metrics,[323],True,gemini_snapshot,derived_from_all_registered_saved_scalars; unknown_not_dropped
gemini-3.8-flash-medium,expgym,restricted_search,cost_moderate,single,f1,task,phantom_seed3:21,gemini_metrics,[107],True,gemini_snapshot,derived_from_all_registered_saved_scalars; unknown_not_dropped
gemini-3.8-flash-medium,expgym,restricted_search,cost_tight,single,f1,task,phantom_seed3:21,gemini_metrics,[578],True,gemini_snapshot,derived_from_all_registered_saved_scalars; unknown_not_dropped
gemini-3.8-flash-medium,expgym,restricted_search,cost_free,single,f1,task,phantom_seed3:22,gemini_metrics,[309],True,gemini_snapshot,derived_from_all_registered_saved_scalars; unknown_not_dropped
gemini-3.8-flash-medium,expgym,restricted_search,cost_moderate,single,f1,task,phantom_seed3:22,gemini_metrics,[1237],True,gemini_snapshot,derived_from_all_registered_saved_scalars; unknown_not_dropped
gemini-3.8-flash-medium,expgym,restricted_search,cost_tight,single,f1,task,phantom_seed3:22,gemini_metrics,[1148],True,gemini_snapshot,derived_from_all_registered_saved_scalars; unknown_not_dropped
gemini-3.8-flash-medium,expgym,restricted_search,cost_free,single,f1,task,phantom_seed3:23,gemini_metrics,[903],True,gemini_snapshot,derived_from_all_registered_saved_scalars; unknown_not_dropped
gemini-3.8-flash-medium,expgym,restricted_search,cost_moderate,single,f1,task,phantom_seed3:23,gemini_metrics,[1304],True,gemini_snapshot,derived_from_all_registered_saved_scalars; unknown_not_dropped
gemini-3.8-flash-medium,expgym,restricted_search,cost_tight,single,f1,task,phantom_seed3:23,gemini_metrics,[521],True,gemini_snapshot,derived_from_all_registered_saved_scalars; unknown_not_dropped
gemini-3.8-flash-medium,expgym,restricted_search,cost_free,single,f1,task,phantom_seed3:24,gemini_metrics,[1352],True,gemini_snapshot,derived_from_all_registered_saved_scalars; unknown_not_dropped
gemini-3.8-flash-medium,expgym,restricted_search,cost_moderate,single,f1,task,phantom_seed3:24,gemini_metrics,[487],True,gemini_snapshot,derived_from_all_registered_saved_scalars; unknown_not_dropped
gemini-3.8-flash-medium,expgym,restricted_search,cost_tight,single,f1,task,phantom_seed3:24,gemini_metrics,[1355],True,gemini_snapshot,derived_from_all_registered_saved_scalars; unknown_not_dropped
gemini-3.8-flash-medium,expgym,restricted_search,cost_free,single,f1,task,phantom_seed3:25,gemini_metrics,[1240],True,gemini_snapshot,derived_from_all_registered_saved_scalars; unknown_not_dropped
gemini-3.8-flash-medium,expgym,restricted_search,cost_moderate,single,f1,task,phantom_seed3:25,gemini_metrics,[831],True,gemini_snapshot,derived_from_all_registered_saved_scalars; unknown_not_dropped
gemini-3.8-flash-medium,expgym,restricted_search,cost_tight,single,f1,task,phantom_seed3:25,gemini_metrics,[1077],True,gemini_snapshot,derived_from_all_registered_saved_scalars; unknown_not_dropped
gemini-3.8-flash-medium,expgym,restricted_search,cost_free,single,f1,task,phantom_seed3:26,gemini_metrics,[827],True,gemini_snapshot,derived_from_all_registered_saved_scalars; unknown_not_dropped
gemini-3.8-flash-medium,expgym,restricted_search,cost_moderate,single,f1,task,phantom_seed3:26,gemini_metrics,[364],True,gemini_snapshot,derived_from_all_registered_saved_scalars; unknown_not_dropped
gemini-3.8-flash-medium,expgym,restricted_search,cost_tight,single,f1,task,phantom_seed3:26,gemini_metrics,[234],True,gemini_snapshot,derived_from_all_registered_saved_scalars; unknown_not_dropped
gemini-3.8-flash-medium,expgym,restricted_search,cost_free,single,f1,task,phantom_seed3:27,gemini_metrics,[63],True,gemini_snapshot,derived_from_all_registered_saved_scalars; unknown_not_dropped
gemini-3.8-flash-medium,expgym,restricted_search,cost_moderate,single,f1,task,phantom_seed3:27,gemini_metrics,[828],True,gemini_snapshot,derived_from_all_registered_saved_scalars; unknown_not_dropped
gemini-3.8-flash-medium,expgym,restricted_search,cost_tight,single,f1,task,phantom_seed3:27,gemini_metrics,[1351],True,gemini_snapshot,derived_from_all_registered_saved_scalars; unknown_not_dropped
gemini-3.8-flash-medium,expgym,restricted_search,cost_free,single,f1,task,phantom_seed3:28,gemini_metrics,[242],True,gemini_snapshot,derived_from_all_registered_saved_scalars; unknown_not_dropped
gemini-3.8-flash-medium,expgym,restricted_search,cost_moderate,single,f1,task,phantom_seed3:28,gemini_metrics,[1259],True,gemini_snapshot,derived_from_all_registered_saved_scalars; unknown_not_dropped
gemini-3.8-flash-medium,expgym,restricted_search,cost_tight,single,f1,task,phantom_seed3:28,gemini_metrics,[1266],True,gemini_snapshot,derived_from_all_registered_saved_scalars; unknown_not_dropped
gemini-3.8-flash-medium,expgym,restricted_search,cost_free,single,f1,task,phantom_seed3:29,gemini_metrics,[677],True,gemini_snapshot,derived_from_all_registered_saved_scalars; unknown_not_dropped
gemini-3.8-flash-medium,expgym,restricted_search,cost_moderate,single,f1,task,phantom_seed3:29,gemini_metrics,[1025],True,gemini_snapshot,derived_from_all_registered_saved_scalars; unknown_not_dropped
gemini-3.8-flash-medium,expgym,restricted_search,cost_tight,single,f1,task,phantom_seed3:29,gemini_metrics,[1045],True,gemini_snapshot,derived_from_all_registered_saved_scalars; unknown_not_dropped
gemini-3.8-flash-medium,expgym,restricted_search,cost_free,single,f1,task,phantom_seed3:3,gemini_metrics,[310],True,gemini_snapshot,derived_from_all_registered_saved_scalars; unknown_not_dropped
gemini-3.8-flash-medium,expgym,restricted_search,cost_moderate,single,f1,task,phantom_seed3:3,gemini_metrics,[844],True,gemini_snapshot,derived_from_all_registered_saved_scalars; unknown_not_dropped
gemini-3.8-flash-medium,expgym,restricted_search,cost_tight,single,f1,task,phantom_seed3:3,gemini_metrics,[337],True,gemini_snapshot,derived_from_all_registered_saved_scalars; unknown_not_dropped
gemini-3.8-flash-medium,expgym,restricted_search,cost_free,single,f1,task,phantom_seed3:30,gemini_metrics,[973],True,gemini_snapshot,derived_from_all_registered_saved_scalars; unknown_not_dropped
gemini-3.8-flash-medium,expgym,restricted_search,cost_moderate,single,f1,task,phantom_seed3:30,gemini_metrics,[852],True,gemini_snapshot,derived_from_all_registered_saved_scalars; unknown_not_dropped
gemini-3.8-flash-medium,expgym,restricted_search,cost_tight,single,f1,task,phantom_seed3:30,gemini_metrics,[464],True,gemini_snapshot,derived_from_all_registered_saved_scalars; unknown_not_dropped
gemini-3.8-flash-medium,expgym,restricted_search,cost_free,single,f1,task,phantom_seed3:31,gemini_metrics,[528],True,gemini_snapshot,derived_from_all_registered_saved_scalars; unknown_not_dropped
gemini-3.8-flash-medium,expgym,restricted_search,cost_moderate,single,f1,task,phantom_seed3:31,gemini_metrics,[1294],True,gemini_snapshot,derived_from_all_registered_saved_scalars; unknown_not_dropped
gemini-3.8-flash-medium,expgym,restricted_search,cost_tight,single,f1,task,phantom_seed3:31,gemini_metrics,[465],True,gemini_snapshot,derived_from_all_registered_saved_scalars; unknown_not_dropped
gemini-3.8-flash-medium,expgym,restricted_search,cost_free,single,f1,task,phantom_seed3:32,gemini_metrics,[1257],True,gemini_snapshot,derived_from_all_registered_saved_scalars; unknown_not_dropped
gemini-3.8-flash-medium,expgym,restricted_search,cost_moderate,single,f1,task,phantom_seed3:32,gemini_metrics,[580],True,gemini_snapshot,derived_from_all_registered_saved_scalars; unknown_not_dropped
gemini-3.8-flash-medium,expgym,restricted_search,cost_tight,single,f1,task,phantom_seed3:32,gemini_metrics,[504],True,gemini_snapshot,derived_from_all_registered_saved_scalars; unknown_not_dropped
gemini-3.8-flash-medium,expgym,restricted_search,cost_free,single,f1,task,phantom_seed3:33,gemini_metrics,[1160],True,gemini_snapshot,derived_from_all_registered_saved_scalars; unknown_not_dropped
gemini-3.8-flash-medium,expgym,restricted_search,cost_moderate,single,f1,task,phantom_seed3:33,gemini_metrics,[264],True,gemini_snapshot,derived_from_all_registered_saved_scalars; unknown_not_dropped
gemini-3.8-flash-medium,expgym,restricted_search,cost_tight,single,f1,task,phantom_seed3:33,gemini_metrics,[1051],True,gemini_snapshot,derived_from_all_registered_saved_scalars; unknown_not_dropped
gemini-3.8-flash-medium,expgym,restricted_search,cost_free,single,f1,task,phantom_seed3:34,gemini_metrics,[1208],True,gemini_snapshot,derived_from_all_registered_saved_scalars; unknown_not_dropped
gemini-3.8-flash-medium,expgym,restricted_search,cost_moderate,single,f1,task,phantom_seed3:34,gemini_metrics,[1039],True,gemini_snapshot,derived_from_all_registered_saved_scalars; unknown_not_dropped
gemini-3.8-flash-medium,expgym,restricted_search,cost_tight,single,f1,task,phantom_seed3:34,gemini_metrics,[99],True,gemini_snapshot,derived_from_all_registered_saved_scalars; unknown_not_dropped
gemini-3.8-flash-medium,expgym,restricted_search,cost_free,single,f1,task,phantom_seed3:35,gemini_metrics,[1281],True,gemini_snapshot,derived_from_all_registered_saved_scalars; unknown_not_dropped
gemini-3.8-flash-medium,expgym,restricted_search,cost_moderate,single,f1,task,phantom_seed3:35,gemini_metrics,[513],True,gemini_snapshot,derived_from_all_registered_saved_scalars; unknown_not_dropped
gemini-3.8-flash-medium,expgym,restricted_search,cost_tight,single,f1,task,phantom_seed3:35,gemini_metrics,[258],True,gemini_snapshot,derived_from_all_registered_saved_scalars; unknown_not_dropped
gemini-3.8-flash-medium,expgym,restricted_search,cost_free,single,f1,task,phantom_seed3:36,gemini_metrics,[751],True,gemini_snapshot,derived_from_all_registered_saved_scalars; unknown_not_dropped
gemini-3.8-flash-medium,expgym,restricted_search,cost_moderate,single,f1,task,phantom_seed3:36,gemini_metrics,[829],True,gemini_snapshot,derived_from_all_registered_saved_scalars; unknown_not_dropped
gemini-3.8-flash-medium,expgym,restricted_search,cost_tight,single,f1,task,phantom_seed3:36,gemini_metrics,[1207],True,gemini_snapshot,derived_from_all_registered_saved_scalars; unknown_not_dropped
gemini-3.8-flash-medium,expgym,restricted_search,cost_free,single,f1,task,phantom_seed3:4,gemini_metrics,[282],True,gemini_snapshot,derived_from_all_registered_saved_scalars; unknown_not_dropped
gemini-3.8-flash-medium,expgym,restricted_search,cost_moderate,single,f1,task,phantom_seed3:4,gemini_metrics,[670],True,gemini_snapshot,derived_from_all_registered_saved_scalars; unknown_not_dropped
gemini-3.8-flash-medium,expgym,restricted_search,cost_tight,single,f1,task,phantom_seed3:4,gemini_metrics,[64],True,gemini_snapshot,derived_from_all_registered_saved_scalars; unknown_not_dropped
gemini-3.8-flash-medium,expgym,restricted_search,cost_free,single,f1,task,phantom_seed3:5,gemini_metrics,[1334],True,gemini_snapshot,derived_from_all_registered_saved_scalars; unknown_not_dropped
gemini-3.8-flash-medium,expgym,restricted_search,cost_moderate,single,f1,task,phantom_seed3:5,gemini_metrics,[1256],True,gemini_snapshot,derived_from_all_registered_saved_scalars; unknown_not_dropped
gemini-3.8-flash-medium,expgym,restricted_search,cost_tight,single,f1,task,phantom_seed3:5,gemini_metrics,[416],True,gemini_snapshot,derived_from_all_registered_saved_scalars; unknown_not_dropped
gemini-3.8-flash-medium,expgym,restricted_search,cost_free,single,f1,task,phantom_seed3:6,gemini_metrics,[857],True,gemini_snapshot,derived_from_all_registered_saved_scalars; unknown_not_dropped
gemini-3.8-flash-medium,expgym,restricted_search,cost_moderate,single,f1,task,phantom_seed3:6,gemini_metrics,[1271],True,gemini_snapshot,derived_from_all_registered_saved_scalars; unknown_not_dropped
gemini-3.8-flash-medium,expgym,restricted_search,cost_tight,single,f1,task,phantom_seed3:6,gemini_metrics,[818],True,gemini_snapshot,derived_from_all_registered_saved_scalars; unknown_not_dropped
gemini-3.8-flash-medium,expgym,restricted_search,cost_free,single,f1,task,phantom_seed3:7,gemini_metrics,[619],True,gemini_snapshot,derived_from_all_registered_saved_scalars; unknown_not_dropped
gemini-3.8-flash-medium,expgym,restricted_search,cost_moderate,single,f1,task,phantom_seed3:7,gemini_metrics,[1186],True,gemini_snapshot,derived_from_all_registered_saved_scalars; unknown_not_dropped
gemini-3.8-flash-medium,expgym,restricted_search,cost_tight,single,f1,task,phantom_seed3:7,gemini_metrics,[1187],True,gemini_snapshot,derived_from_all_registered_saved_scalars; unknown_not_dropped
gemini-3.8-flash-medium,expgym,restricted_search,cost_free,single,f1,task,phantom_seed3:8,gemini_metrics,[60],True,gemini_snapshot,derived_from_all_registered_saved_scalars; unknown_not_dropped
gemini-3.8-flash-medium,expgym,restricted_search,cost_moderate,single,f1,task,phantom_seed3:8,gemini_metrics,[1106],True,gemini_snapshot,derived_from_all_registered_saved_scalars; unknown_not_dropped
gemini-3.8-flash-medium,expgym,restricted_search,cost_tight,single,f1,task,phantom_seed3:8,gemini_metrics,[1142],True,gemini_snapshot,derived_from_all_registered_saved_scalars; unknown_not_dropped
gemini-3.8-flash-medium,expgym,restricted_search,cost_free,single,f1,task,phantom_seed3:9,gemini_metrics,[529],True,gemini_snapshot,derived_from_all_registered_saved_scalars; unknown_not_dropped
gemini-3.8-flash-medium,expgym,restricted_search,cost_moderate,single,f1,task,phantom_seed3:9,gemini_metrics,[1243],True,gemini_snapshot,derived_from_all_registered_saved_scalars; unknown_not_dropped
gemini-3.8-flash-medium,expgym,restricted_search,cost_tight,single,f1,task,phantom_seed3:9,gemini_metrics,[1268],True,gemini_snapshot,derived_from_all_registered_saved_scalars; unknown_not_dropped
gemini-3.8-flash-medium,expgym,tuning,cost_free,single,gap,all,all,gemini_absolute,22,True,gemini_snapshot,latest_effective_composite_or_current_snapshot
gemini-3.8-flash-medium,expgym,tuning,cost_free,single,gap0,all,all,gemini_metrics,"[23,31,131,361,441,800,1041,1188,1338,1362,1378,1382,1408,1414,1452,1454,1466,1476,1512,1514,1522,1528,1540,1542,1556,1594,1610]",True,gemini_snapshot,derived_from_all_registered_saved_scalars; unknown_not_dropped
gemini-3.8-flash-medium,expgym,tuning,cost_free,single,raw_perf,all,all,gemini_absolute,26,True,gemini_snapshot,latest_effective_composite_or_current_snapshot
gemini-3.8-flash-medium,expgym,tuning,cost_moderate,single,gap,all,all,gemini_absolute,30,True,gemini_snapshot,latest_effective_composite_or_current_snapshot
gemini-3.8-flash-medium,expgym,tuning,cost_moderate,single,gap0,all,all,gemini_metrics,"[250,274,295,346,563,591,745,1032,1251,1366,1394,1396,1432,1434,1440,1442,1450,1480,1500,1516,1518,1530,1544,1554,1558,1590,1596]",True,gemini_snapshot,derived_from_all_registered_saved_scalars; unknown_not_dropped
gemini-3.8-flash-medium,expgym,tuning,cost_moderate,single,raw_perf,all,all,gemini_absolute,34,True,gemini_snapshot,latest_effective_composite_or_current_snapshot
gemini-3.8-flash-medium,expgym,tuning,cost_tight,single,gap,all,all,gemini_absolute,38,True,gemini_snapshot,latest_effective_composite_or_current_snapshot
gemini-3.8-flash-medium,expgym,tuning,cost_tight,single,gap0,all,all,gemini_metrics,"[6,204,270,297,425,462,715,942,1211,1360,1364,1372,1380,1384,1398,1444,1464,1478,1494,1506,1508,1510,1520,1536,1538,1572,1592]",True,gemini_snapshot,derived_from_all_registered_saved_scalars; unknown_not_dropped
gemini-3.8-flash-medium,expgym,tuning,cost_tight,single,raw_perf,all,all,gemini_absolute,42,True,gemini_snapshot,latest_effective_composite_or_current_snapshot
gemini-3.8-flash-medium,expgym,tuning,cost_free,single,gap,family,nasbench101,gemini_absolute,23,True,gemini_snapshot,latest_effective_composite_or_current_snapshot
gemini-3.8-flash-medium,expgym,tuning,cost_free,single,gap0,family,nasbench101,gemini_metrics,"[441,1041,1188,1362,1382,1476,1522,1528,1542]",True,gemini_snapshot,derived_from_all_registered_saved_scalars; unknown_not_dropped
gemini-3.8-flash-medium,expgym,tuning,cost_free,single,raw_perf,family,nasbench101,gemini_absolute,27,True,gemini_snapshot,latest_effective_composite_or_current_snapshot
gemini-3.8-flash-medium,expgym,tuning,cost_moderate,single,gap,family,nasbench101,gemini_absolute,31,True,gemini_snapshot,latest_effective_composite_or_current_snapshot
gemini-3.8-flash-medium,expgym,tuning,cost_moderate,single,gap0,family,nasbench101,gemini_metrics,"[250,563,591,1366,1450,1480,1558,1590,1596]",True,gemini_snapshot,derived_from_all_registered_saved_scalars; unknown_not_dropped
gemini-3.8-flash-medium,expgym,tuning,cost_moderate,single,raw_perf,family,nasbench101,gemini_absolute,35,True,gemini_snapshot,latest_effective_composite_or_current_snapshot
gemini-3.8-flash-medium,expgym,tuning,cost_tight,single,gap,family,nasbench101,gemini_absolute,39,True,gemini_snapshot,latest_effective_composite_or_current_snapshot
gemini-3.8-flash-medium,expgym,tuning,cost_tight,single,gap0,family,nasbench101,gemini_metrics,"[204,715,942,1398,1444,1464,1506,1538,1572]",True,gemini_snapshot,derived_from_all_registered_saved_scalars; unknown_not_dropped
gemini-3.8-flash-medium,expgym,tuning,cost_tight,single,raw_perf,family,nasbench101,gemini_absolute,43,True,gemini_snapshot,latest_effective_composite_or_current_snapshot
gemini-3.8-flash-medium,expgym,tuning,cost_free,single,gap,family,nasbench201,gemini_absolute,24,True,gemini_snapshot,latest_effective_composite_or_current_snapshot
gemini-3.8-flash-medium,expgym,tuning,cost_free,single,gap0,family,nasbench201,gemini_metrics,"[31,131,361,1378,1452,1466,1512,1540,1556]",True,gemini_snapshot,derived_from_all_registered_saved_scalars; unknown_not_dropped
gemini-3.8-flash-medium,expgym,tuning,cost_free,single,raw_perf,family,nasbench201,gemini_absolute,28,True,gemini_snapshot,latest_effective_composite_or_current_snapshot
gemini-3.8-flash-medium,expgym,tuning,cost_moderate,single,gap,family,nasbench201,gemini_absolute,32,True,gemini_snapshot,latest_effective_composite_or_current_snapshot
gemini-3.8-flash-medium,expgym,tuning,cost_moderate,single,gap0,family,nasbench201,gemini_metrics,"[274,745,1032,1394,1396,1432,1500,1544,1554]",True,gemini_snapshot,derived_from_all_registered_saved_scalars; unknown_not_dropped
gemini-3.8-flash-medium,expgym,tuning,cost_moderate,single,raw_perf,family,nasbench201,gemini_absolute,36,True,gemini_snapshot,latest_effective_composite_or_current_snapshot
gemini-3.8-flash-medium,expgym,tuning,cost_tight,single,gap,family,nasbench201,gemini_absolute,40,True,gemini_snapshot,latest_effective_composite_or_current_snapshot
gemini-3.8-flash-medium,expgym,tuning,cost_tight,single,gap0,family,nasbench201,gemini_metrics,"[6,297,425,1364,1372,1384,1508,1510,1536]",True,gemini_snapshot,derived_from_all_registered_saved_scalars; unknown_not_dropped
gemini-3.8-flash-medium,expgym,tuning,cost_tight,single,raw_perf,family,nasbench201,gemini_absolute,44,True,gemini_snapshot,latest_effective_composite_or_current_snapshot
gemini-3.8-flash-medium,expgym,tuning,cost_free,single,gap,family,paramnet,gemini_absolute,25,True,gemini_snapshot,latest_effective_composite_or_current_snapshot
gemini-3.8-flash-medium,expgym,tuning,cost_free,single,gap0,family,paramnet,gemini_metrics,"[23,800,1338,1408,1414,1454,1514,1594,1610]",True,gemini_snapshot,derived_from_all_registered_saved_scalars; unknown_not_dropped
gemini-3.8-flash-medium,expgym,tuning,cost_free,single,raw_perf,family,paramnet,gemini_absolute,29,True,gemini_snapshot,latest_effective_composite_or_current_snapshot
gemini-3.8-flash-medium,expgym,tuning,cost_moderate,single,gap,family,paramnet,gemini_absolute,33,True,gemini_snapshot,latest_effective_composite_or_current_snapshot
gemini-3.8-flash-medium,expgym,tuning,cost_moderate,single,gap0,family,paramnet,gemini_metrics,"[295,346,1251,1434,1440,1442,1516,1518,1530]",True,gemini_snapshot,derived_from_all_registered_saved_scalars; unknown_not_dropped
gemini-3.8-flash-medium,expgym,tuning,cost_moderate,single,raw_perf,family,paramnet,gemini_absolute,37,True,gemini_snapshot,latest_effective_composite_or_current_snapshot
gemini-3.8-flash-medium,expgym,tuning,cost_tight,single,gap,family,paramnet,gemini_absolute,41,True,gemini_snapshot,latest_effective_composite_or_current_snapshot
gemini-3.8-flash-medium,expgym,tuning,cost_tight,single,gap0,family,paramnet,gemini_metrics,"[270,462,1211,1360,1380,1478,1494,1520,1592]",True,gemini_snapshot,derived_from_all_registered_saved_scalars; unknown_not_dropped
gemini-3.8-flash-medium,expgym,tuning,cost_tight,single,raw_perf,family,paramnet,gemini_absolute,45,True,gemini_snapshot,latest_effective_composite_or_current_snapshot
gemini-3.8-flash-medium,expgym,tuning,cost_free,single,gap,task,hpobench:nasbench101:A,gemini_metrics,"[441,1382,1528]",True,gemini_snapshot,derived_from_all_registered_saved_scalars; unknown_not_dropped
gemini-3.8-flash-medium,expgym,tuning,cost_free,single,gap0,task,hpobench:nasbench101:A,gemini_metrics,"[441,1382,1528]",True,gemini_snapshot,derived_from_all_registered_saved_scalars; unknown_not_dropped
gemini-3.8-flash-medium,expgym,tuning,cost_free,single,raw_perf,task,hpobench:nasbench101:A,gemini_metrics,"[442,1383,1529]",True,gemini_snapshot,derived_from_all_registered_saved_scalars; unknown_not_dropped
gemini-3.8-flash-medium,expgym,tuning,cost_moderate,single,gap,task,hpobench:nasbench101:A,gemini_metrics,"[250,1366,1558]",True,gemini_snapshot,derived_from_all_registered_saved_scalars; unknown_not_dropped
gemini-3.8-flash-medium,expgym,tuning,cost_moderate,single,gap0,task,hpobench:nasbench101:A,gemini_metrics,"[250,1366,1558]",True,gemini_snapshot,derived_from_all_registered_saved_scalars; unknown_not_dropped
gemini-3.8-flash-medium,expgym,tuning,cost_moderate,single,raw_perf,task,hpobench:nasbench101:A,gemini_metrics,"[251,1367,1559]",True,gemini_snapshot,derived_from_all_registered_saved_scalars; unknown_not_dropped
gemini-3.8-flash-medium,expgym,tuning,cost_tight,single,gap,task,hpobench:nasbench101:A,gemini_metrics,"[715,1398,1506]",True,gemini_snapshot,derived_from_all_registered_saved_scalars; unknown_not_dropped
gemini-3.8-flash-medium,expgym,tuning,cost_tight,single,gap0,task,hpobench:nasbench101:A,gemini_metrics,"[715,1398,1506]",True,gemini_snapshot,derived_from_all_registered_saved_scalars; unknown_not_dropped
gemini-3.8-flash-medium,expgym,tuning,cost_tight,single,raw_perf,task,hpobench:nasbench101:A,gemini_metrics,"[716,1399,1507]",True,gemini_snapshot,derived_from_all_registered_saved_scalars; unknown_not_dropped
gemini-3.8-flash-medium,expgym,tuning,cost_free,single,gap,task,hpobench:nasbench101:B,gemini_metrics,"[1041,1476,1522]",True,gemini_snapshot,derived_from_all_registered_saved_scalars; unknown_not_dropped
gemini-3.8-flash-medium,expgym,tuning,cost_free,single,gap0,task,hpobench:nasbench101:B,gemini_metrics,"[1041,1476,1522]",True,gemini_snapshot,derived_from_all_registered_saved_scalars; unknown_not_dropped
gemini-3.8-flash-medium,expgym,tuning,cost_free,single,raw_perf,task,hpobench:nasbench101:B,gemini_metrics,"[1042,1477,1523]",True,gemini_snapshot,derived_from_all_registered_saved_scalars; unknown_not_dropped
gemini-3.8-flash-medium,expgym,tuning,cost_moderate,single,gap,task,hpobench:nasbench101:B,gemini_metrics,"[591,1480,1596]",True,gemini_snapshot,derived_from_all_registered_saved_scalars; unknown_not_dropped
gemini-3.8-flash-medium,expgym,tuning,cost_moderate,single,gap0,task,hpobench:nasbench101:B,gemini_metrics,"[591,1480,1596]",True,gemini_snapshot,derived_from_all_registered_saved_scalars; unknown_not_dropped
gemini-3.8-flash-medium,expgym,tuning,cost_moderate,single,raw_perf,task,hpobench:nasbench101:B,gemini_metrics,"[592,1481,1597]",True,gemini_snapshot,derived_from_all_registered_saved_scalars; unknown_not_dropped
gemini-3.8-flash-medium,expgym,tuning,cost_tight,single,gap,task,hpobench:nasbench101:B,gemini_metrics,"[942,1464,1538]",True,gemini_snapshot,derived_from_all_registered_saved_scalars; unknown_not_dropped
gemini-3.8-flash-medium,expgym,tuning,cost_tight,single,gap0,task,hpobench:nasbench101:B,gemini_metrics,"[942,1464,1538]",True,gemini_snapshot,derived_from_all_registered_saved_scalars; unknown_not_dropped
gemini-3.8-flash-medium,expgym,tuning,cost_tight,single,raw_perf,task,hpobench:nasbench101:B,gemini_metrics,"[943,1465,1539]",True,gemini_snapshot,derived_from_all_registered_saved_scalars; unknown_not_dropped
gemini-3.8-flash-medium,expgym,tuning,cost_free,single,gap,task,hpobench:nasbench101:C,gemini_metrics,"[1188,1362,1542]",True,gemini_snapshot,derived_from_all_registered_saved_scalars; unknown_not_dropped
gemini-3.8-flash-medium,expgym,tuning,cost_free,single,gap0,task,hpobench:nasbench101:C,gemini_metrics,"[1188,1362,1542]",True,gemini_snapshot,derived_from_all_registered_saved_scalars; unknown_not_dropped
gemini-3.8-flash-medium,expgym,tuning,cost_free,single,raw_perf,task,hpobench:nasbench101:C,gemini_metrics,"[1189,1363,1543]",True,gemini_snapshot,derived_from_all_registered_saved_scalars; unknown_not_dropped
gemini-3.8-flash-medium,expgym,tuning,cost_moderate,single,gap,task,hpobench:nasbench101:C,gemini_metrics,"[563,1450,1590]",True,gemini_snapshot,derived_from_all_registered_saved_scalars; unknown_not_dropped
gemini-3.8-flash-medium,expgym,tuning,cost_moderate,single,gap0,task,hpobench:nasbench101:C,gemini_metrics,"[563,1450,1590]",True,gemini_snapshot,derived_from_all_registered_saved_scalars; unknown_not_dropped
gemini-3.8-flash-medium,expgym,tuning,cost_moderate,single,raw_perf,task,hpobench:nasbench101:C,gemini_metrics,"[564,1451,1591]",True,gemini_snapshot,derived_from_all_registered_saved_scalars; unknown_not_dropped
gemini-3.8-flash-medium,expgym,tuning,cost_tight,single,gap,task,hpobench:nasbench101:C,gemini_metrics,"[204,1444,1572]",True,gemini_snapshot,derived_from_all_registered_saved_scalars; unknown_not_dropped
gemini-3.8-flash-medium,expgym,tuning,cost_tight,single,gap0,task,hpobench:nasbench101:C,gemini_metrics,"[204,1444,1572]",True,gemini_snapshot,derived_from_all_registered_saved_scalars; unknown_not_dropped
gemini-3.8-flash-medium,expgym,tuning,cost_tight,single,raw_perf,task,hpobench:nasbench101:C,gemini_metrics,"[205,1445,1573]",True,gemini_snapshot,derived_from_all_registered_saved_scalars; unknown_not_dropped
gemini-3.8-flash-medium,expgym,tuning,cost_free,single,gap,task,hpobench:nasbench201:cifar10-valid,gemini_metrics,"[31,1452,1556]",True,gemini_snapshot,derived_from_all_registered_saved_scalars; unknown_not_dropped
gemini-3.8-flash-medium,expgym,tuning,cost_free,single,gap0,task,hpobench:nasbench201:cifar10-valid,gemini_metrics,"[31,1452,1556]",True,gemini_snapshot,derived_from_all_registered_saved_scalars; unknown_not_dropped
gemini-3.8-flash-medium,expgym,tuning,cost_free,single,raw_perf,task,hpobench:nasbench201:cifar10-valid,gemini_metrics,"[32,1453,1557]",True,gemini_snapshot,derived_from_all_registered_saved_scalars; unknown_not_dropped
gemini-3.8-flash-medium,expgym,tuning,cost_moderate,single,gap,task,hpobench:nasbench201:cifar10-valid,gemini_metrics,"[1032,1396,1500]",True,gemini_snapshot,derived_from_all_registered_saved_scalars; unknown_not_dropped
gemini-3.8-flash-medium,expgym,tuning,cost_moderate,single,gap0,task,hpobench:nasbench201:cifar10-valid,gemini_metrics,"[1032,1396,1500]",True,gemini_snapshot,derived_from_all_registered_saved_scalars; unknown_not_dropped
gemini-3.8-flash-medium,expgym,tuning,cost_moderate,single,raw_perf,task,hpobench:nasbench201:cifar10-valid,gemini_metrics,"[1033,1397,1501]",True,gemini_snapshot,derived_from_all_registered_saved_scalars; unknown_not_dropped
gemini-3.8-flash-medium,expgym,tuning,cost_tight,single,gap,task,hpobench:nasbench201:cifar10-valid,gemini_metrics,"[425,1364,1508]",True,gemini_snapshot,derived_from_all_registered_saved_scalars; unknown_not_dropped
gemini-3.8-flash-medium,expgym,tuning,cost_tight,single,gap0,task,hpobench:nasbench201:cifar10-valid,gemini_metrics,"[425,1364,1508]",True,gemini_snapshot,derived_from_all_registered_saved_scalars; unknown_not_dropped
gemini-3.8-flash-medium,expgym,tuning,cost_tight,single,raw_perf,task,hpobench:nasbench201:cifar10-valid,gemini_metrics,"[426,1365,1509]",True,gemini_snapshot,derived_from_all_registered_saved_scalars; unknown_not_dropped
gemini-3.8-flash-medium,expgym,tuning,cost_free,single,gap,task,hpobench:nasbench201:cifar100,gemini_metrics,"[131,1378,1540]",True,gemini_snapshot,derived_from_all_registered_saved_scalars; unknown_not_dropped
gemini-3.8-flash-medium,expgym,tuning,cost_free,single,gap0,task,hpobench:nasbench201:cifar100,gemini_metrics,"[131,1378,1540]",True,gemini_snapshot,derived_from_all_registered_saved_scalars; unknown_not_dropped
gemini-3.8-flash-medium,expgym,tuning,cost_free,single,raw_perf,task,hpobench:nasbench201:cifar100,gemini_metrics,"[132,1379,1541]",True,gemini_snapshot,derived_from_all_registered_saved_scalars; unknown_not_dropped
gemini-3.8-flash-medium,expgym,tuning,cost_moderate,single,gap,task,hpobench:nasbench201:cifar100,gemini_metrics,"[274,1432,1544]",True,gemini_snapshot,derived_from_all_registered_saved_scalars; unknown_not_dropped
gemini-3.8-flash-medium,expgym,tuning,cost_moderate,single,gap0,task,hpobench:nasbench201:cifar100,gemini_metrics,"[274,1432,1544]",True,gemini_snapshot,derived_from_all_registered_saved_scalars; unknown_not_dropped
gemini-3.8-flash-medium,expgym,tuning,cost_moderate,single,raw_perf,task,hpobench:nasbench201:cifar100,gemini_metrics,"[275,1433,1545]",True,gemini_snapshot,derived_from_all_registered_saved_scalars; unknown_not_dropped
gemini-3.8-flash-medium,expgym,tuning,cost_tight,single,gap,task,hpobench:nasbench201:cifar100,gemini_metrics,"[297,1384,1536]",True,gemini_snapshot,derived_from_all_registered_saved_scalars; unknown_not_dropped
gemini-3.8-flash-medium,expgym,tuning,cost_tight,single,gap0,task,hpobench:nasbench201:cifar100,gemini_metrics,"[297,1384,1536]",True,gemini_snapshot,derived_from_all_registered_saved_scalars; unknown_not_dropped
gemini-3.8-flash-medium,expgym,tuning,cost_tight,single,raw_perf,task,hpobench:nasbench201:cifar100,gemini_metrics,"[298,1385,1537]",True,gemini_snapshot,derived_from_all_registered_saved_scalars; unknown_not_dropped
gemini-3.8-flash-medium,expgym,tuning,cost_free,single,gap,task,hpobench:nasbench201:imagenet16-120,gemini_metrics,"[361,1466,1512]",True,gemini_snapshot,derived_from_all_registered_saved_scalars; unknown_not_dropped
gemini-3.8-flash-medium,expgym,tuning,cost_free,single,gap0,task,hpobench:nasbench201:imagenet16-120,gemini_metrics,"[361,1466,1512]",True,gemini_snapshot,derived_from_all_registered_saved_scalars; unknown_not_dropped
gemini-3.8-flash-medium,expgym,tuning,cost_free,single,raw_perf,task,hpobench:nasbench201:imagenet16-120,gemini_metrics,"[362,1467,1513]",True,gemini_snapshot,derived_from_all_registered_saved_scalars; unknown_not_dropped
gemini-3.8-flash-medium,expgym,tuning,cost_moderate,single,gap,task,hpobench:nasbench201:imagenet16-120,gemini_metrics,"[745,1394,1554]",True,gemini_snapshot,derived_from_all_registered_saved_scalars; unknown_not_dropped
gemini-3.8-flash-medium,expgym,tuning,cost_moderate,single,gap0,task,hpobench:nasbench201:imagenet16-120,gemini_metrics,"[745,1394,1554]",True,gemini_snapshot,derived_from_all_registered_saved_scalars; unknown_not_dropped
gemini-3.8-flash-medium,expgym,tuning,cost_moderate,single,raw_perf,task,hpobench:nasbench201:imagenet16-120,gemini_metrics,"[746,1395,1555]",True,gemini_snapshot,derived_from_all_registered_saved_scalars; unknown_not_dropped
gemini-3.8-flash-medium,expgym,tuning,cost_tight,single,gap,task,hpobench:nasbench201:imagenet16-120,gemini_metrics,"[6,1372,1510]",True,gemini_snapshot,derived_from_all_registered_saved_scalars; unknown_not_dropped
gemini-3.8-flash-medium,expgym,tuning,cost_tight,single,gap0,task,hpobench:nasbench201:imagenet16-120,gemini_metrics,"[6,1372,1510]",True,gemini_snapshot,derived_from_all_registered_saved_scalars; unknown_not_dropped
gemini-3.8-flash-medium,expgym,tuning,cost_tight,single,raw_perf,task,hpobench:nasbench201:imagenet16-120,gemini_metrics,"[7,1373,1511]",True,gemini_snapshot,derived_from_all_registered_saved_scalars; unknown_not_dropped
gemini-3.8-flash-medium,expgym,tuning,cost_free,single,gap,task,hpobench:paramnet:adult:steps,gemini_metrics,"[800,1414,1610]",True,gemini_snapshot,derived_from_all_registered_saved_scalars; unknown_not_dropped
gemini-3.8-flash-medium,expgym,tuning,cost_free,single,gap0,task,hpobench:paramnet:adult:steps,gemini_metrics,"[800,1414,1610]",True,gemini_snapshot,derived_from_all_registered_saved_scalars; unknown_not_dropped
gemini-3.8-flash-medium,expgym,tuning,cost_free,single,raw_perf,task,hpobench:paramnet:adult:steps,gemini_metrics,"[801,1415,1611]",True,gemini_snapshot,derived_from_all_registered_saved_scalars; unknown_not_dropped
gemini-3.8-flash-medium,expgym,tuning,cost_moderate,single,gap,task,hpobench:paramnet:adult:steps,gemini_metrics,"[295,1440,1516]",True,gemini_snapshot,derived_from_all_registered_saved_scalars; unknown_not_dropped
gemini-3.8-flash-medium,expgym,tuning,cost_moderate,single,gap0,task,hpobench:paramnet:adult:steps,gemini_metrics,"[295,1440,1516]",True,gemini_snapshot,derived_from_all_registered_saved_scalars; unknown_not_dropped
gemini-3.8-flash-medium,expgym,tuning,cost_moderate,single,raw_perf,task,hpobench:paramnet:adult:steps,gemini_metrics,"[296,1441,1517]",True,gemini_snapshot,derived_from_all_registered_saved_scalars; unknown_not_dropped
gemini-3.8-flash-medium,expgym,tuning,cost_tight,single,gap,task,hpobench:paramnet:adult:steps,gemini_metrics,"[462,1360,1592]",True,gemini_snapshot,derived_from_all_registered_saved_scalars; unknown_not_dropped
gemini-3.8-flash-medium,expgym,tuning,cost_tight,single,gap0,task,hpobench:paramnet:adult:steps,gemini_metrics,"[462,1360,1592]",True,gemini_snapshot,derived_from_all_registered_saved_scalars; unknown_not_dropped
gemini-3.8-flash-medium,expgym,tuning,cost_tight,single,raw_perf,task,hpobench:paramnet:adult:steps,gemini_metrics,"[463,1361,1593]",True,gemini_snapshot,derived_from_all_registered_saved_scalars; unknown_not_dropped
gemini-3.8-flash-medium,expgym,tuning,cost_free,single,gap,task,hpobench:paramnet:higgs:steps,gemini_metrics,"[1338,1408,1514]",True,gemini_snapshot,derived_from_all_registered_saved_scalars; unknown_not_dropped
gemini-3.8-flash-medium,expgym,tuning,cost_free,single,gap0,task,hpobench:paramnet:higgs:steps,gemini_metrics,"[1338,1408,1514]",True,gemini_snapshot,derived_from_all_registered_saved_scalars; unknown_not_dropped
gemini-3.8-flash-medium,expgym,tuning,cost_free,single,raw_perf,task,hpobench:paramnet:higgs:steps,gemini_metrics,"[1339,1409,1515]",True,gemini_snapshot,derived_from_all_registered_saved_scalars; unknown_not_dropped
gemini-3.8-flash-medium,expgym,tuning,cost_moderate,single,gap,task,hpobench:paramnet:higgs:steps,gemini_metrics,"[346,1434,1518]",True,gemini_snapshot,derived_from_all_registered_saved_scalars; unknown_not_dropped
gemini-3.8-flash-medium,expgym,tuning,cost_moderate,single,gap0,task,hpobench:paramnet:higgs:steps,gemini_metrics,"[346,1434,1518]",True,gemini_snapshot,derived_from_all_registered_saved_scalars; unknown_not_dropped
gemini-3.8-flash-medium,expgym,tuning,cost_moderate,single,raw_perf,task,hpobench:paramnet:higgs:steps,gemini_metrics,"[347,1435,1519]",True,gemini_snapshot,derived_from_all_registered_saved_scalars; unknown_not_dropped
gemini-3.8-flash-medium,expgym,tuning,cost_tight,single,gap,task,hpobench:paramnet:higgs:steps,gemini_metrics,"[270,1478,1494]",True,gemini_snapshot,derived_from_all_registered_saved_scalars; unknown_not_dropped
gemini-3.8-flash-medium,expgym,tuning,cost_tight,single,gap0,task,hpobench:paramnet:higgs:steps,gemini_metrics,"[270,1478,1494]",True,gemini_snapshot,derived_from_all_registered_saved_scalars; unknown_not_dropped
gemini-3.8-flash-medium,expgym,tuning,cost_tight,single,raw_perf,task,hpobench:paramnet:higgs:steps,gemini_metrics,"[271,1479,1495]",True,gemini_snapshot,derived_from_all_registered_saved_scalars; unknown_not_dropped
gemini-3.8-flash-medium,expgym,tuning,cost_free,single,gap,task,hpobench:paramnet:letter:steps,gemini_metrics,"[23,1454,1594]",True,gemini_snapshot,derived_from_all_registered_saved_scalars; unknown_not_dropped
gemini-3.8-flash-medium,expgym,tuning,cost_free,single,gap0,task,hpobench:paramnet:letter:steps,gemini_metrics,"[23,1454,1594]",True,gemini_snapshot,derived_from_all_registered_saved_scalars; unknown_not_dropped
gemini-3.8-flash-medium,expgym,tuning,cost_free,single,raw_perf,task,hpobench:paramnet:letter:steps,gemini_metrics,"[24,1455,1595]",True,gemini_snapshot,derived_from_all_registered_saved_scalars; unknown_not_dropped
gemini-3.8-flash-medium,expgym,tuning,cost_moderate,single,gap,task,hpobench:paramnet:letter:steps,gemini_metrics,"[1251,1442,1530]",True,gemini_snapshot,derived_from_all_registered_saved_scalars; unknown_not_dropped
gemini-3.8-flash-medium,expgym,tuning,cost_moderate,single,gap0,task,hpobench:paramnet:letter:steps,gemini_metrics,"[1251,1442,1530]",True,gemini_snapshot,derived_from_all_registered_saved_scalars; unknown_not_dropped
gemini-3.8-flash-medium,expgym,tuning,cost_moderate,single,raw_perf,task,hpobench:paramnet:letter:steps,gemini_metrics,"[1252,1443,1531]",True,gemini_snapshot,derived_from_all_registered_saved_scalars; unknown_not_dropped
gemini-3.8-flash-medium,expgym,tuning,cost_tight,single,gap,task,hpobench:paramnet:letter:steps,gemini_metrics,"[1211,1380,1520]",True,gemini_snapshot,derived_from_all_registered_saved_scalars; unknown_not_dropped
gemini-3.8-flash-medium,expgym,tuning,cost_tight,single,gap0,task,hpobench:paramnet:letter:steps,gemini_metrics,"[1211,1380,1520]",True,gemini_snapshot,derived_from_all_registered_saved_scalars; unknown_not_dropped
gemini-3.8-flash-medium,expgym,tuning,cost_tight,single,raw_perf,task,hpobench:paramnet:letter:steps,gemini_metrics,"[1212,1381,1521]",True,gemini_snapshot,derived_from_all_registered_saved_scalars; unknown_not_dropped
gemini-3.8-flash-medium,poolact,evidence_audit,cost_moderate,cached,evidence_acc_mi,all,all,gemini_absolute,46,True,gemini_snapshot,latest_effective_composite_or_current_snapshot
gemini-3.8-flash-medium,poolact,evidence_audit,cost_moderate,cached,evidence_acc_mv,all,all,gemini_absolute,48,True,gemini_snapshot,latest_effective_composite_or_current_snapshot
gemini-3.8-flash-medium,poolact,evidence_audit,cost_moderate,cached,label_acc_mi,all,all,gemini_absolute,50,True,gemini_snapshot,latest_effective_composite_or_current_snapshot
gemini-3.8-flash-medium,poolact,evidence_audit,cost_moderate,cached,label_acc_mv,all,all,gemini_absolute,52,True,gemini_snapshot,latest_effective_composite_or_current_snapshot
gemini-3.8-flash-medium,poolact,evidence_audit,cost_moderate,naive,evidence_acc_mi,all,all,gemini_absolute,54,True,gemini_snapshot,latest_effective_composite_or_current_snapshot
gemini-3.8-flash-medium,poolact,evidence_audit,cost_moderate,naive,evidence_acc_mv,all,all,gemini_absolute,56,True,gemini_snapshot,latest_effective_composite_or_current_snapshot
gemini-3.8-flash-medium,poolact,evidence_audit,cost_moderate,naive,label_acc_mi,all,all,gemini_absolute,58,True,gemini_snapshot,latest_effective_composite_or_current_snapshot
gemini-3.8-flash-medium,poolact,evidence_audit,cost_moderate,naive,label_acc_mv,all,all,gemini_absolute,60,True,gemini_snapshot,latest_effective_composite_or_current_snapshot
gemini-3.8-flash-medium,poolact,evidence_audit,cost_moderate,poolact,evidence_acc_mi,all,all,gemini_absolute,62,True,gemini_snapshot,latest_effective_composite_or_current_snapshot
gemini-3.8-flash-medium,poolact,evidence_audit,cost_moderate,poolact,evidence_acc_mv,all,all,gemini_absolute,64,True,gemini_snapshot,latest_effective_composite_or_current_snapshot
gemini-3.8-flash-medium,poolact,evidence_audit,cost_moderate,poolact,label_acc_mi,all,all,gemini_absolute,66,True,gemini_snapshot,latest_effective_composite_or_current_snapshot
gemini-3.8-flash-medium,poolact,evidence_audit,cost_moderate,poolact,label_acc_mv,all,all,gemini_absolute,68,True,gemini_snapshot,latest_effective_composite_or_current_snapshot
gemini-3.8-flash-medium,poolact,evidence_audit,cost_tight,cached,evidence_acc_mi,all,all,gemini_absolute,70,True,gemini_snapshot,latest_effective_composite_or_current_snapshot
gemini-3.8-flash-medium,poolact,evidence_audit,cost_tight,cached,evidence_acc_mv,all,all,gemini_absolute,72,True,gemini_snapshot,latest_effective_composite_or_current_snapshot
gemini-3.8-flash-medium,poolact,evidence_audit,cost_tight,cached,label_acc_mi,all,all,gemini_absolute,74,True,gemini_snapshot,latest_effective_composite_or_current_snapshot
gemini-3.8-flash-medium,poolact,evidence_audit,cost_tight,cached,label_acc_mv,all,all,gemini_absolute,76,True,gemini_snapshot,latest_effective_composite_or_current_snapshot
gemini-3.8-flash-medium,poolact,evidence_audit,cost_tight,naive,evidence_acc_mi,all,all,gemini_absolute,78,True,gemini_snapshot,latest_effective_composite_or_current_snapshot
gemini-3.8-flash-medium,poolact,evidence_audit,cost_tight,naive,evidence_acc_mv,all,all,gemini_absolute,80,True,gemini_snapshot,latest_effective_composite_or_current_snapshot
gemini-3.8-flash-medium,poolact,evidence_audit,cost_tight,naive,label_acc_mi,all,all,gemini_absolute,82,True,gemini_snapshot,latest_effective_composite_or_current_snapshot
gemini-3.8-flash-medium,poolact,evidence_audit,cost_tight,naive,label_acc_mv,all,all,gemini_absolute,84,True,gemini_snapshot,latest_effective_composite_or_current_snapshot
gemini-3.8-flash-medium,poolact,evidence_audit,cost_tight,poolact,evidence_acc_mi,all,all,gemini_absolute,86,True,gemini_snapshot,latest_effective_composite_or_current_snapshot
gemini-3.8-flash-medium,poolact,evidence_audit,cost_tight,poolact,evidence_acc_mv,all,all,gemini_absolute,88,True,gemini_snapshot,latest_effective_composite_or_current_snapshot
gemini-3.8-flash-medium,poolact,evidence_audit,cost_tight,poolact,label_acc_mi,all,all,gemini_absolute,90,True,gemini_snapshot,latest_effective_composite_or_current_snapshot
gemini-3.8-flash-medium,poolact,evidence_audit,cost_tight,poolact,label_acc_mv,all,all,gemini_absolute,92,True,gemini_snapshot,latest_effective_composite_or_current_snapshot
gemini-3.8-flash-medium,poolact,evidence_audit,cost_moderate,cached,evidence_acc_mi,family,evidence_audit,gemini_absolute,47,True,gemini_snapshot,latest_effective_composite_or_current_snapshot
gemini-3.8-flash-medium,poolact,evidence_audit,cost_moderate,cached,evidence_acc_mv,family,evidence_audit,gemini_absolute,49,True,gemini_snapshot,latest_effective_composite_or_current_snapshot
gemini-3.8-flash-medium,poolact,evidence_audit,cost_moderate,cached,label_acc_mi,family,evidence_audit,gemini_absolute,51,True,gemini_snapshot,latest_effective_composite_or_current_snapshot
gemini-3.8-flash-medium,poolact,evidence_audit,cost_moderate,cached,label_acc_mv,family,evidence_audit,gemini_absolute,53,True,gemini_snapshot,latest_effective_composite_or_current_snapshot
gemini-3.8-flash-medium,poolact,evidence_audit,cost_moderate,naive,evidence_acc_mi,family,evidence_audit,gemini_absolute,55,True,gemini_snapshot,latest_effective_composite_or_current_snapshot
gemini-3.8-flash-medium,poolact,evidence_audit,cost_moderate,naive,evidence_acc_mv,family,evidence_audit,gemini_absolute,57,True,gemini_snapshot,latest_effective_composite_or_current_snapshot
gemini-3.8-flash-medium,poolact,evidence_audit,cost_moderate,naive,label_acc_mi,family,evidence_audit,gemini_absolute,59,True,gemini_snapshot,latest_effective_composite_or_current_snapshot
gemini-3.8-flash-medium,poolact,evidence_audit,cost_moderate,naive,label_acc_mv,family,evidence_audit,gemini_absolute,61,True,gemini_snapshot,latest_effective_composite_or_current_snapshot
gemini-3.8-flash-medium,poolact,evidence_audit,cost_moderate,poolact,evidence_acc_mi,family,evidence_audit,gemini_absolute,63,True,gemini_snapshot,latest_effective_composite_or_current_snapshot
gemini-3.8-flash-medium,poolact,evidence_audit,cost_moderate,poolact,evidence_acc_mv,family,evidence_audit,gemini_absolute,65,True,gemini_snapshot,latest_effective_composite_or_current_snapshot
gemini-3.8-flash-medium,poolact,evidence_audit,cost_moderate,poolact,label_acc_mi,family,evidence_audit,gemini_absolute,67,True,gemini_snapshot,latest_effective_composite_or_current_snapshot
gemini-3.8-flash-medium,poolact,evidence_audit,cost_moderate,poolact,label_acc_mv,family,evidence_audit,gemini_absolute,69,True,gemini_snapshot,latest_effective_composite_or_current_snapshot
gemini-3.8-flash-medium,poolact,evidence_audit,cost_tight,cached,evidence_acc_mi,family,evidence_audit,gemini_absolute,71,True,gemini_snapshot,latest_effective_composite_or_current_snapshot
gemini-3.8-flash-medium,poolact,evidence_audit,cost_tight,cached,evidence_acc_mv,family,evidence_audit,gemini_absolute,73,True,gemini_snapshot,latest_effective_composite_or_current_snapshot
gemini-3.8-flash-medium,poolact,evidence_audit,cost_tight,cached,label_acc_mi,family,evidence_audit,gemini_absolute,75,True,gemini_snapshot,latest_effective_composite_or_current_snapshot
gemini-3.8-flash-medium,poolact,evidence_audit,cost_tight,cached,label_acc_mv,family,evidence_audit,gemini_absolute,77,True,gemini_snapshot,latest_effective_composite_or_current_snapshot
gemini-3.8-flash-medium,poolact,evidence_audit,cost_tight,naive,evidence_acc_mi,family,evidence_audit,gemini_absolute,79,True,gemini_snapshot,latest_effective_composite_or_current_snapshot
gemini-3.8-flash-medium,poolact,evidence_audit,cost_tight,naive,evidence_acc_mv,family,evidence_audit,gemini_absolute,81,True,gemini_snapshot,latest_effective_composite_or_current_snapshot
gemini-3.8-flash-medium,poolact,evidence_audit,cost_tight,naive,label_acc_mi,family,evidence_audit,gemini_absolute,83,True,gemini_snapshot,latest_effective_composite_or_current_snapshot
gemini-3.8-flash-medium,poolact,evidence_audit,cost_tight,naive,label_acc_mv,family,evidence_audit,gemini_absolute,85,True,gemini_snapshot,latest_effective_composite_or_current_snapshot
gemini-3.8-flash-medium,poolact,evidence_audit,cost_tight,poolact,evidence_acc_mi,family,evidence_audit,gemini_absolute,87,True,gemini_snapshot,latest_effective_composite_or_current_snapshot
gemini-3.8-flash-medium,poolact,evidence_audit,cost_tight,poolact,evidence_acc_mv,family,evidence_audit,gemini_absolute,89,True,gemini_snapshot,latest_effective_composite_or_current_snapshot
gemini-3.8-flash-medium,poolact,evidence_audit,cost_tight,poolact,label_acc_mi,family,evidence_audit,gemini_absolute,91,True,gemini_snapshot,latest_effective_composite_or_current_snapshot
gemini-3.8-flash-medium,poolact,evidence_audit,cost_tight,poolact,label_acc_mv,family,evidence_audit,gemini_absolute,93,True,gemini_snapshot,latest_effective_composite_or_current_snapshot
gemini-3.8-flash-medium,poolact,evidence_audit,cost_moderate,cached,evidence_acc_mi,task,cc-large:0,gemini_metrics,[348],True,gemini_snapshot,derived_from_all_registered_saved_scalars; unknown_not_dropped
gemini-3.8-flash-medium,poolact,evidence_audit,cost_moderate,cached,evidence_acc_mv,task,cc-large:0,gemini_metrics,[349],True,gemini_snapshot,derived_from_all_registered_saved_scalars; unknown_not_dropped
gemini-3.8-flash-medium,poolact,evidence_audit,cost_moderate,cached,label_acc_mi,task,cc-large:0,gemini_metrics,[350],True,gemini_snapshot,derived_from_all_registered_saved_scalars; unknown_not_dropped
gemini-3.8-flash-medium,poolact,evidence_audit,cost_moderate,cached,label_acc_mv,task,cc-large:0,gemini_metrics,[351],True,gemini_snapshot,derived_from_all_registered_saved_scalars; unknown_not_dropped
gemini-3.8-flash-medium,poolact,evidence_audit,cost_moderate,naive,evidence_acc_mi,task,cc-large:0,gemini_metrics,[417],True,gemini_snapshot,derived_from_all_registered_saved_scalars; unknown_not_dropped
gemini-3.8-flash-medium,poolact,evidence_audit,cost_moderate,naive,evidence_acc_mv,task,cc-large:0,gemini_metrics,[418],True,gemini_snapshot,derived_from_all_registered_saved_scalars; unknown_not_dropped
gemini-3.8-flash-medium,poolact,evidence_audit,cost_moderate,naive,label_acc_mi,task,cc-large:0,gemini_metrics,[419],True,gemini_snapshot,derived_from_all_registered_saved_scalars; unknown_not_dropped
gemini-3.8-flash-medium,poolact,evidence_audit,cost_moderate,naive,label_acc_mv,task,cc-large:0,gemini_metrics,[420],True,gemini_snapshot,derived_from_all_registered_saved_scalars; unknown_not_dropped
gemini-3.8-flash-medium,poolact,evidence_audit,cost_moderate,poolact,evidence_acc_mi,task,cc-large:0,gemini_metrics,[653],True,gemini_snapshot,derived_from_all_registered_saved_scalars; unknown_not_dropped
gemini-3.8-flash-medium,poolact,evidence_audit,cost_moderate,poolact,evidence_acc_mv,task,cc-large:0,gemini_metrics,[654],True,gemini_snapshot,derived_from_all_registered_saved_scalars; unknown_not_dropped
gemini-3.8-flash-medium,poolact,evidence_audit,cost_moderate,poolact,label_acc_mi,task,cc-large:0,gemini_metrics,[655],True,gemini_snapshot,derived_from_all_registered_saved_scalars; unknown_not_dropped
gemini-3.8-flash-medium,poolact,evidence_audit,cost_moderate,poolact,label_acc_mv,task,cc-large:0,gemini_metrics,[656],True,gemini_snapshot,derived_from_all_registered_saved_scalars; unknown_not_dropped
gemini-3.8-flash-medium,poolact,evidence_audit,cost_tight,cached,evidence_acc_mi,task,cc-large:0,gemini_metrics,[383],True,gemini_snapshot,derived_from_all_registered_saved_scalars; unknown_not_dropped
gemini-3.8-flash-medium,poolact,evidence_audit,cost_tight,cached,evidence_acc_mv,task,cc-large:0,gemini_metrics,[384],True,gemini_snapshot,derived_from_all_registered_saved_scalars; unknown_not_dropped
gemini-3.8-flash-medium,poolact,evidence_audit,cost_tight,cached,label_acc_mi,task,cc-large:0,gemini_metrics,[385],True,gemini_snapshot,derived_from_all_registered_saved_scalars; unknown_not_dropped
gemini-3.8-flash-medium,poolact,evidence_audit,cost_tight,cached,label_acc_mv,task,cc-large:0,gemini_metrics,[386],True,gemini_snapshot,derived_from_all_registered_saved_scalars; unknown_not_dropped
gemini-3.8-flash-medium,poolact,evidence_audit,cost_tight,naive,evidence_acc_mi,task,cc-large:0,gemini_metrics,[437],True,gemini_snapshot,derived_from_all_registered_saved_scalars; unknown_not_dropped
gemini-3.8-flash-medium,poolact,evidence_audit,cost_tight,naive,evidence_acc_mv,task,cc-large:0,gemini_metrics,[438],True,gemini_snapshot,derived_from_all_registered_saved_scalars; unknown_not_dropped
gemini-3.8-flash-medium,poolact,evidence_audit,cost_tight,naive,label_acc_mi,task,cc-large:0,gemini_metrics,[439],True,gemini_snapshot,derived_from_all_registered_saved_scalars; unknown_not_dropped
gemini-3.8-flash-medium,poolact,evidence_audit,cost_tight,naive,label_acc_mv,task,cc-large:0,gemini_metrics,[440],True,gemini_snapshot,derived_from_all_registered_saved_scalars; unknown_not_dropped
gemini-3.8-flash-medium,poolact,evidence_audit,cost_tight,poolact,evidence_acc_mi,task,cc-large:0,gemini_metrics,[1015],True,gemini_snapshot,derived_from_all_registered_saved_scalars; unknown_not_dropped
gemini-3.8-flash-medium,poolact,evidence_audit,cost_tight,poolact,evidence_acc_mv,task,cc-large:0,gemini_metrics,[1016],True,gemini_snapshot,derived_from_all_registered_saved_scalars; unknown_not_dropped
gemini-3.8-flash-medium,poolact,evidence_audit,cost_tight,poolact,label_acc_mi,task,cc-large:0,gemini_metrics,[1017],True,gemini_snapshot,derived_from_all_registered_saved_scalars; unknown_not_dropped
gemini-3.8-flash-medium,poolact,evidence_audit,cost_tight,poolact,label_acc_mv,task,cc-large:0,gemini_metrics,[1018],True,gemini_snapshot,derived_from_all_registered_saved_scalars; unknown_not_dropped
gemini-3.8-flash-medium,poolact,evidence_audit,cost_moderate,cached,evidence_acc_mi,task,cc-large:1,gemini_metrics,[1132],True,gemini_snapshot,derived_from_all_registered_saved_scalars; unknown_not_dropped
gemini-3.8-flash-medium,poolact,evidence_audit,cost_moderate,cached,evidence_acc_mv,task,cc-large:1,gemini_metrics,[1133],True,gemini_snapshot,derived_from_all_registered_saved_scalars; unknown_not_dropped
gemini-3.8-flash-medium,poolact,evidence_audit,cost_moderate,cached,label_acc_mi,task,cc-large:1,gemini_metrics,[1134],True,gemini_snapshot,derived_from_all_registered_saved_scalars; unknown_not_dropped
gemini-3.8-flash-medium,poolact,evidence_audit,cost_moderate,cached,label_acc_mv,task,cc-large:1,gemini_metrics,[1135],True,gemini_snapshot,derived_from_all_registered_saved_scalars; unknown_not_dropped
gemini-3.8-flash-medium,poolact,evidence_audit,cost_moderate,naive,evidence_acc_mi,task,cc-large:1,gemini_metrics,[1035],True,gemini_snapshot,derived_from_all_registered_saved_scalars; unknown_not_dropped
gemini-3.8-flash-medium,poolact,evidence_audit,cost_moderate,naive,evidence_acc_mv,task,cc-large:1,gemini_metrics,[1036],True,gemini_snapshot,derived_from_all_registered_saved_scalars; unknown_not_dropped
gemini-3.8-flash-medium,poolact,evidence_audit,cost_moderate,naive,label_acc_mi,task,cc-large:1,gemini_metrics,[1037],True,gemini_snapshot,derived_from_all_registered_saved_scalars; unknown_not_dropped
gemini-3.8-flash-medium,poolact,evidence_audit,cost_moderate,naive,label_acc_mv,task,cc-large:1,gemini_metrics,[1038],True,gemini_snapshot,derived_from_all_registered_saved_scalars; unknown_not_dropped
gemini-3.8-flash-medium,poolact,evidence_audit,cost_moderate,poolact,evidence_acc_mi,task,cc-large:1,gemini_metrics,[697],True,gemini_snapshot,derived_from_all_registered_saved_scalars; unknown_not_dropped
gemini-3.8-flash-medium,poolact,evidence_audit,cost_moderate,poolact,evidence_acc_mv,task,cc-large:1,gemini_metrics,[698],True,gemini_snapshot,derived_from_all_registered_saved_scalars; unknown_not_dropped
gemini-3.8-flash-medium,poolact,evidence_audit,cost_moderate,poolact,label_acc_mi,task,cc-large:1,gemini_metrics,[699],True,gemini_snapshot,derived_from_all_registered_saved_scalars; unknown_not_dropped
gemini-3.8-flash-medium,poolact,evidence_audit,cost_moderate,poolact,label_acc_mv,task,cc-large:1,gemini_metrics,[700],True,gemini_snapshot,derived_from_all_registered_saved_scalars; unknown_not_dropped
gemini-3.8-flash-medium,poolact,evidence_audit,cost_tight,cached,evidence_acc_mi,task,cc-large:1,gemini_metrics,[450],True,gemini_snapshot,derived_from_all_registered_saved_scalars; unknown_not_dropped
gemini-3.8-flash-medium,poolact,evidence_audit,cost_tight,cached,evidence_acc_mv,task,cc-large:1,gemini_metrics,[451],True,gemini_snapshot,derived_from_all_registered_saved_scalars; unknown_not_dropped
gemini-3.8-flash-medium,poolact,evidence_audit,cost_tight,cached,label_acc_mi,task,cc-large:1,gemini_metrics,[452],True,gemini_snapshot,derived_from_all_registered_saved_scalars; unknown_not_dropped
gemini-3.8-flash-medium,poolact,evidence_audit,cost_tight,cached,label_acc_mv,task,cc-large:1,gemini_metrics,[453],True,gemini_snapshot,derived_from_all_registered_saved_scalars; unknown_not_dropped
gemini-3.8-flash-medium,poolact,evidence_audit,cost_tight,naive,evidence_acc_mi,task,cc-large:1,gemini_metrics,[1308],True,gemini_snapshot,derived_from_all_registered_saved_scalars; unknown_not_dropped
gemini-3.8-flash-medium,poolact,evidence_audit,cost_tight,naive,evidence_acc_mv,task,cc-large:1,gemini_metrics,[1309],True,gemini_snapshot,derived_from_all_registered_saved_scalars; unknown_not_dropped
gemini-3.8-flash-medium,poolact,evidence_audit,cost_tight,naive,label_acc_mi,task,cc-large:1,gemini_metrics,[1310],True,gemini_snapshot,derived_from_all_registered_saved_scalars; unknown_not_dropped
gemini-3.8-flash-medium,poolact,evidence_audit,cost_tight,naive,label_acc_mv,task,cc-large:1,gemini_metrics,[1311],True,gemini_snapshot,derived_from_all_registered_saved_scalars; unknown_not_dropped
gemini-3.8-flash-medium,poolact,evidence_audit,cost_tight,poolact,evidence_acc_mi,task,cc-large:1,gemini_metrics,[114],True,gemini_snapshot,derived_from_all_registered_saved_scalars; unknown_not_dropped
gemini-3.8-flash-medium,poolact,evidence_audit,cost_tight,poolact,evidence_acc_mv,task,cc-large:1,gemini_metrics,[115],True,gemini_snapshot,derived_from_all_registered_saved_scalars; unknown_not_dropped
gemini-3.8-flash-medium,poolact,evidence_audit,cost_tight,poolact,label_acc_mi,task,cc-large:1,gemini_metrics,[116],True,gemini_snapshot,derived_from_all_registered_saved_scalars; unknown_not_dropped
gemini-3.8-flash-medium,poolact,evidence_audit,cost_tight,poolact,label_acc_mv,task,cc-large:1,gemini_metrics,[117],True,gemini_snapshot,derived_from_all_registered_saved_scalars; unknown_not_dropped
gemini-3.8-flash-medium,poolact,evidence_audit,cost_moderate,cached,evidence_acc_mi,task,cc-large:10,gemini_metrics,[157],True,gemini_snapshot,derived_from_all_registered_saved_scalars; unknown_not_dropped
gemini-3.8-flash-medium,poolact,evidence_audit,cost_moderate,cached,evidence_acc_mv,task,cc-large:10,gemini_metrics,[158],True,gemini_snapshot,derived_from_all_registered_saved_scalars; unknown_not_dropped
gemini-3.8-flash-medium,poolact,evidence_audit,cost_moderate,cached,label_acc_mi,task,cc-large:10,gemini_metrics,[159],True,gemini_snapshot,derived_from_all_registered_saved_scalars; unknown_not_dropped
gemini-3.8-flash-medium,poolact,evidence_audit,cost_moderate,cached,label_acc_mv,task,cc-large:10,gemini_metrics,[160],True,gemini_snapshot,derived_from_all_registered_saved_scalars; unknown_not_dropped
gemini-3.8-flash-medium,poolact,evidence_audit,cost_moderate,naive,evidence_acc_mi,task,cc-large:10,gemini_metrics,[1182],True,gemini_snapshot,derived_from_all_registered_saved_scalars; unknown_not_dropped
gemini-3.8-flash-medium,poolact,evidence_audit,cost_moderate,naive,evidence_acc_mv,task,cc-large:10,gemini_metrics,[1183],True,gemini_snapshot,derived_from_all_registered_saved_scalars; unknown_not_dropped
gemini-3.8-flash-medium,poolact,evidence_audit,cost_moderate,naive,label_acc_mi,task,cc-large:10,gemini_metrics,[1184],True,gemini_snapshot,derived_from_all_registered_saved_scalars; unknown_not_dropped
gemini-3.8-flash-medium,poolact,evidence_audit,cost_moderate,naive,label_acc_mv,task,cc-large:10,gemini_metrics,[1185],True,gemini_snapshot,derived_from_all_registered_saved_scalars; unknown_not_dropped
gemini-3.8-flash-medium,poolact,evidence_audit,cost_moderate,poolact,evidence_acc_mi,task,cc-large:10,gemini_metrics,[732],True,gemini_snapshot,derived_from_all_registered_saved_scalars; unknown_not_dropped
gemini-3.8-flash-medium,poolact,evidence_audit,cost_moderate,poolact,evidence_acc_mv,task,cc-large:10,gemini_metrics,[733],True,gemini_snapshot,derived_from_all_registered_saved_scalars; unknown_not_dropped
gemini-3.8-flash-medium,poolact,evidence_audit,cost_moderate,poolact,label_acc_mi,task,cc-large:10,gemini_metrics,[734],True,gemini_snapshot,derived_from_all_registered_saved_scalars; unknown_not_dropped
gemini-3.8-flash-medium,poolact,evidence_audit,cost_moderate,poolact,label_acc_mv,task,cc-large:10,gemini_metrics,[735],True,gemini_snapshot,derived_from_all_registered_saved_scalars; unknown_not_dropped
gemini-3.8-flash-medium,poolact,evidence_audit,cost_tight,cached,evidence_acc_mi,task,cc-large:10,gemini_metrics,[142],True,gemini_snapshot,derived_from_all_registered_saved_scalars; unknown_not_dropped
gemini-3.8-flash-medium,poolact,evidence_audit,cost_tight,cached,evidence_acc_mv,task,cc-large:10,gemini_metrics,[143],True,gemini_snapshot,derived_from_all_registered_saved_scalars; unknown_not_dropped
gemini-3.8-flash-medium,poolact,evidence_audit,cost_tight,cached,label_acc_mi,task,cc-large:10,gemini_metrics,[144],True,gemini_snapshot,derived_from_all_registered_saved_scalars; unknown_not_dropped
gemini-3.8-flash-medium,poolact,evidence_audit,cost_tight,cached,label_acc_mv,task,cc-large:10,gemini_metrics,[145],True,gemini_snapshot,derived_from_all_registered_saved_scalars; unknown_not_dropped
gemini-3.8-flash-medium,poolact,evidence_audit,cost_tight,naive,evidence_acc_mi,task,cc-large:10,gemini_metrics,[1262],True,gemini_snapshot,derived_from_all_registered_saved_scalars; unknown_not_dropped
gemini-3.8-flash-medium,poolact,evidence_audit,cost_tight,naive,evidence_acc_mv,task,cc-large:10,gemini_metrics,[1263],True,gemini_snapshot,derived_from_all_registered_saved_scalars; unknown_not_dropped
gemini-3.8-flash-medium,poolact,evidence_audit,cost_tight,naive,label_acc_mi,task,cc-large:10,gemini_metrics,[1264],True,gemini_snapshot,derived_from_all_registered_saved_scalars; unknown_not_dropped
gemini-3.8-flash-medium,poolact,evidence_audit,cost_tight,naive,label_acc_mv,task,cc-large:10,gemini_metrics,[1265],True,gemini_snapshot,derived_from_all_registered_saved_scalars; unknown_not_dropped
gemini-3.8-flash-medium,poolact,evidence_audit,cost_tight,poolact,evidence_acc_mi,task,cc-large:10,gemini_metrics,[938],True,gemini_snapshot,derived_from_all_registered_saved_scalars; unknown_not_dropped
gemini-3.8-flash-medium,poolact,evidence_audit,cost_tight,poolact,evidence_acc_mv,task,cc-large:10,gemini_metrics,[939],True,gemini_snapshot,derived_from_all_registered_saved_scalars; unknown_not_dropped
gemini-3.8-flash-medium,poolact,evidence_audit,cost_tight,poolact,label_acc_mi,task,cc-large:10,gemini_metrics,[940],True,gemini_snapshot,derived_from_all_registered_saved_scalars; unknown_not_dropped
gemini-3.8-flash-medium,poolact,evidence_audit,cost_tight,poolact,label_acc_mv,task,cc-large:10,gemini_metrics,[941],True,gemini_snapshot,derived_from_all_registered_saved_scalars; unknown_not_dropped
gemini-3.8-flash-medium,poolact,evidence_audit,cost_moderate,cached,evidence_acc_mi,task,cc-large:11,gemini_metrics,[319],True,gemini_snapshot,derived_from_all_registered_saved_scalars; unknown_not_dropped
gemini-3.8-flash-medium,poolact,evidence_audit,cost_moderate,cached,evidence_acc_mv,task,cc-large:11,gemini_metrics,[320],True,gemini_snapshot,derived_from_all_registered_saved_scalars; unknown_not_dropped
gemini-3.8-flash-medium,poolact,evidence_audit,cost_moderate,cached,label_acc_mi,task,cc-large:11,gemini_metrics,[321],True,gemini_snapshot,derived_from_all_registered_saved_scalars; unknown_not_dropped
gemini-3.8-flash-medium,poolact,evidence_audit,cost_moderate,cached,label_acc_mv,task,cc-large:11,gemini_metrics,[322],True,gemini_snapshot,derived_from_all_registered_saved_scalars; unknown_not_dropped
gemini-3.8-flash-medium,poolact,evidence_audit,cost_moderate,naive,evidence_acc_mi,task,cc-large:11,gemini_metrics,[996],True,gemini_snapshot,derived_from_all_registered_saved_scalars; unknown_not_dropped
gemini-3.8-flash-medium,poolact,evidence_audit,cost_moderate,naive,evidence_acc_mv,task,cc-large:11,gemini_metrics,[997],True,gemini_snapshot,derived_from_all_registered_saved_scalars; unknown_not_dropped
gemini-3.8-flash-medium,poolact,evidence_audit,cost_moderate,naive,label_acc_mi,task,cc-large:11,gemini_metrics,[998],True,gemini_snapshot,derived_from_all_registered_saved_scalars; unknown_not_dropped
gemini-3.8-flash-medium,poolact,evidence_audit,cost_moderate,naive,label_acc_mv,task,cc-large:11,gemini_metrics,[999],True,gemini_snapshot,derived_from_all_registered_saved_scalars; unknown_not_dropped
gemini-3.8-flash-medium,poolact,evidence_audit,cost_moderate,poolact,evidence_acc_mi,task,cc-large:11,gemini_metrics,[1019],True,gemini_snapshot,derived_from_all_registered_saved_scalars; unknown_not_dropped
gemini-3.8-flash-medium,poolact,evidence_audit,cost_moderate,poolact,evidence_acc_mv,task,cc-large:11,gemini_metrics,[1020],True,gemini_snapshot,derived_from_all_registered_saved_scalars; unknown_not_dropped
gemini-3.8-flash-medium,poolact,evidence_audit,cost_moderate,poolact,label_acc_mi,task,cc-large:11,gemini_metrics,[1021],True,gemini_snapshot,derived_from_all_registered_saved_scalars; unknown_not_dropped
gemini-3.8-flash-medium,poolact,evidence_audit,cost_moderate,poolact,label_acc_mv,task,cc-large:11,gemini_metrics,[1022],True,gemini_snapshot,derived_from_all_registered_saved_scalars; unknown_not_dropped
gemini-3.8-flash-medium,poolact,evidence_audit,cost_tight,cached,evidence_acc_mi,task,cc-large:11,gemini_metrics,[691],True,gemini_snapshot,derived_from_all_registered_saved_scalars; unknown_not_dropped
gemini-3.8-flash-medium,poolact,evidence_audit,cost_tight,cached,evidence_acc_mv,task,cc-large:11,gemini_metrics,[692],True,gemini_snapshot,derived_from_all_registered_saved_scalars; unknown_not_dropped
gemini-3.8-flash-medium,poolact,evidence_audit,cost_tight,cached,label_acc_mi,task,cc-large:11,gemini_metrics,[693],True,gemini_snapshot,derived_from_all_registered_saved_scalars; unknown_not_dropped
gemini-3.8-flash-medium,poolact,evidence_audit,cost_tight,cached,label_acc_mv,task,cc-large:11,gemini_metrics,[694],True,gemini_snapshot,derived_from_all_registered_saved_scalars; unknown_not_dropped
gemini-3.8-flash-medium,poolact,evidence_audit,cost_tight,naive,evidence_acc_mi,task,cc-large:11,gemini_metrics,[1199],True,gemini_snapshot,derived_from_all_registered_saved_scalars; unknown_not_dropped
gemini-3.8-flash-medium,poolact,evidence_audit,cost_tight,naive,evidence_acc_mv,task,cc-large:11,gemini_metrics,[1200],True,gemini_snapshot,derived_from_all_registered_saved_scalars; unknown_not_dropped
gemini-3.8-flash-medium,poolact,evidence_audit,cost_tight,naive,label_acc_mi,task,cc-large:11,gemini_metrics,[1201],True,gemini_snapshot,derived_from_all_registered_saved_scalars; unknown_not_dropped
gemini-3.8-flash-medium,poolact,evidence_audit,cost_tight,naive,label_acc_mv,task,cc-large:11,gemini_metrics,[1202],True,gemini_snapshot,derived_from_all_registered_saved_scalars; unknown_not_dropped
gemini-3.8-flash-medium,poolact,evidence_audit,cost_tight,poolact,evidence_acc_mi,task,cc-large:11,gemini_metrics,[299],True,gemini_snapshot,derived_from_all_registered_saved_scalars; unknown_not_dropped
gemini-3.8-flash-medium,poolact,evidence_audit,cost_tight,poolact,evidence_acc_mv,task,cc-large:11,gemini_metrics,[300],True,gemini_snapshot,derived_from_all_registered_saved_scalars; unknown_not_dropped
gemini-3.8-flash-medium,poolact,evidence_audit,cost_tight,poolact,label_acc_mi,task,cc-large:11,gemini_metrics,[301],True,gemini_snapshot,derived_from_all_registered_saved_scalars; unknown_not_dropped
gemini-3.8-flash-medium,poolact,evidence_audit,cost_tight,poolact,label_acc_mv,task,cc-large:11,gemini_metrics,[302],True,gemini_snapshot,derived_from_all_registered_saved_scalars; unknown_not_dropped
gemini-3.8-flash-medium,poolact,evidence_audit,cost_moderate,cached,evidence_acc_mi,task,cc-large:12,gemini_metrics,[649],True,gemini_snapshot,derived_from_all_registered_saved_scalars; unknown_not_dropped
gemini-3.8-flash-medium,poolact,evidence_audit,cost_moderate,cached,evidence_acc_mv,task,cc-large:12,gemini_metrics,[650],True,gemini_snapshot,derived_from_all_registered_saved_scalars; unknown_not_dropped
gemini-3.8-flash-medium,poolact,evidence_audit,cost_moderate,cached,label_acc_mi,task,cc-large:12,gemini_metrics,[651],True,gemini_snapshot,derived_from_all_registered_saved_scalars; unknown_not_dropped
gemini-3.8-flash-medium,poolact,evidence_audit,cost_moderate,cached,label_acc_mv,task,cc-large:12,gemini_metrics,[652],True,gemini_snapshot,derived_from_all_registered_saved_scalars; unknown_not_dropped
gemini-3.8-flash-medium,poolact,evidence_audit,cost_moderate,naive,evidence_acc_mi,task,cc-large:12,gemini_metrics,[1284],True,gemini_snapshot,derived_from_all_registered_saved_scalars; unknown_not_dropped
gemini-3.8-flash-medium,poolact,evidence_audit,cost_moderate,naive,evidence_acc_mv,task,cc-large:12,gemini_metrics,[1285],True,gemini_snapshot,derived_from_all_registered_saved_scalars; unknown_not_dropped
gemini-3.8-flash-medium,poolact,evidence_audit,cost_moderate,naive,label_acc_mi,task,cc-large:12,gemini_metrics,[1286],True,gemini_snapshot,derived_from_all_registered_saved_scalars; unknown_not_dropped
gemini-3.8-flash-medium,poolact,evidence_audit,cost_moderate,naive,label_acc_mv,task,cc-large:12,gemini_metrics,[1287],True,gemini_snapshot,derived_from_all_registered_saved_scalars; unknown_not_dropped
gemini-3.8-flash-medium,poolact,evidence_audit,cost_moderate,poolact,evidence_acc_mi,task,cc-large:12,gemini_metrics,[1231],True,gemini_snapshot,derived_from_all_registered_saved_scalars; unknown_not_dropped
gemini-3.8-flash-medium,poolact,evidence_audit,cost_moderate,poolact,evidence_acc_mv,task,cc-large:12,gemini_metrics,[1232],True,gemini_snapshot,derived_from_all_registered_saved_scalars; unknown_not_dropped
gemini-3.8-flash-medium,poolact,evidence_audit,cost_moderate,poolact,label_acc_mi,task,cc-large:12,gemini_metrics,[1233],True,gemini_snapshot,derived_from_all_registered_saved_scalars; unknown_not_dropped
gemini-3.8-flash-medium,poolact,evidence_audit,cost_moderate,poolact,label_acc_mv,task,cc-large:12,gemini_metrics,[1234],True,gemini_snapshot,derived_from_all_registered_saved_scalars; unknown_not_dropped
gemini-3.8-flash-medium,poolact,evidence_audit,cost_tight,cached,evidence_acc_mi,task,cc-large:12,gemini_metrics,[458],True,gemini_snapshot,derived_from_all_registered_saved_scalars; unknown_not_dropped
gemini-3.8-flash-medium,poolact,evidence_audit,cost_tight,cached,evidence_acc_mv,task,cc-large:12,gemini_metrics,[459],True,gemini_snapshot,derived_from_all_registered_saved_scalars; unknown_not_dropped
gemini-3.8-flash-medium,poolact,evidence_audit,cost_tight,cached,label_acc_mi,task,cc-large:12,gemini_metrics,[460],True,gemini_snapshot,derived_from_all_registered_saved_scalars; unknown_not_dropped
gemini-3.8-flash-medium,poolact,evidence_audit,cost_tight,cached,label_acc_mv,task,cc-large:12,gemini_metrics,[461],True,gemini_snapshot,derived_from_all_registered_saved_scalars; unknown_not_dropped
gemini-3.8-flash-medium,poolact,evidence_audit,cost_tight,naive,evidence_acc_mi,task,cc-large:12,gemini_metrics,[265],True,gemini_snapshot,derived_from_all_registered_saved_scalars; unknown_not_dropped
gemini-3.8-flash-medium,poolact,evidence_audit,cost_tight,naive,evidence_acc_mv,task,cc-large:12,gemini_metrics,[266],True,gemini_snapshot,derived_from_all_registered_saved_scalars; unknown_not_dropped
gemini-3.8-flash-medium,poolact,evidence_audit,cost_tight,naive,label_acc_mi,task,cc-large:12,gemini_metrics,[267],True,gemini_snapshot,derived_from_all_registered_saved_scalars; unknown_not_dropped
gemini-3.8-flash-medium,poolact,evidence_audit,cost_tight,naive,label_acc_mv,task,cc-large:12,gemini_metrics,[268],True,gemini_snapshot,derived_from_all_registered_saved_scalars; unknown_not_dropped
gemini-3.8-flash-medium,poolact,evidence_audit,cost_tight,poolact,evidence_acc_mi,task,cc-large:12,gemini_metrics,[276],True,gemini_snapshot,derived_from_all_registered_saved_scalars; unknown_not_dropped
gemini-3.8-flash-medium,poolact,evidence_audit,cost_tight,poolact,evidence_acc_mv,task,cc-large:12,gemini_metrics,[277],True,gemini_snapshot,derived_from_all_registered_saved_scalars; unknown_not_dropped
gemini-3.8-flash-medium,poolact,evidence_audit,cost_tight,poolact,label_acc_mi,task,cc-large:12,gemini_metrics,[278],True,gemini_snapshot,derived_from_all_registered_saved_scalars; unknown_not_dropped
gemini-3.8-flash-medium,poolact,evidence_audit,cost_tight,poolact,label_acc_mv,task,cc-large:12,gemini_metrics,[279],True,gemini_snapshot,derived_from_all_registered_saved_scalars; unknown_not_dropped
gemini-3.8-flash-medium,poolact,evidence_audit,cost_moderate,cached,evidence_acc_mi,task,cc-large:2,gemini_metrics,[918],True,gemini_snapshot,derived_from_all_registered_saved_scalars; unknown_not_dropped
gemini-3.8-flash-medium,poolact,evidence_audit,cost_moderate,cached,evidence_acc_mv,task,cc-large:2,gemini_metrics,[919],True,gemini_snapshot,derived_from_all_registered_saved_scalars; unknown_not_dropped
gemini-3.8-flash-medium,poolact,evidence_audit,cost_moderate,cached,label_acc_mi,task,cc-large:2,gemini_metrics,[920],True,gemini_snapshot,derived_from_all_registered_saved_scalars; unknown_not_dropped
gemini-3.8-flash-medium,poolact,evidence_audit,cost_moderate,cached,label_acc_mv,task,cc-large:2,gemini_metrics,[921],True,gemini_snapshot,derived_from_all_registered_saved_scalars; unknown_not_dropped
gemini-3.8-flash-medium,poolact,evidence_audit,cost_moderate,naive,evidence_acc_mi,task,cc-large:2,gemini_metrics,[862],True,gemini_snapshot,derived_from_all_registered_saved_scalars; unknown_not_dropped
gemini-3.8-flash-medium,poolact,evidence_audit,cost_moderate,naive,evidence_acc_mv,task,cc-large:2,gemini_metrics,[863],True,gemini_snapshot,derived_from_all_registered_saved_scalars; unknown_not_dropped
gemini-3.8-flash-medium,poolact,evidence_audit,cost_moderate,naive,label_acc_mi,task,cc-large:2,gemini_metrics,[864],True,gemini_snapshot,derived_from_all_registered_saved_scalars; unknown_not_dropped
gemini-3.8-flash-medium,poolact,evidence_audit,cost_moderate,naive,label_acc_mv,task,cc-large:2,gemini_metrics,[865],True,gemini_snapshot,derived_from_all_registered_saved_scalars; unknown_not_dropped
gemini-3.8-flash-medium,poolact,evidence_audit,cost_moderate,poolact,evidence_acc_mi,task,cc-large:2,gemini_metrics,[75],True,gemini_snapshot,derived_from_all_registered_saved_scalars; unknown_not_dropped
gemini-3.8-flash-medium,poolact,evidence_audit,cost_moderate,poolact,evidence_acc_mv,task,cc-large:2,gemini_metrics,[76],True,gemini_snapshot,derived_from_all_registered_saved_scalars; unknown_not_dropped
gemini-3.8-flash-medium,poolact,evidence_audit,cost_moderate,poolact,label_acc_mi,task,cc-large:2,gemini_metrics,[77],True,gemini_snapshot,derived_from_all_registered_saved_scalars; unknown_not_dropped
gemini-3.8-flash-medium,poolact,evidence_audit,cost_moderate,poolact,label_acc_mv,task,cc-large:2,gemini_metrics,[78],True,gemini_snapshot,derived_from_all_registered_saved_scalars; unknown_not_dropped
gemini-3.8-flash-medium,poolact,evidence_audit,cost_tight,cached,evidence_acc_mi,task,cc-large:2,gemini_metrics,[357],True,gemini_snapshot,derived_from_all_registered_saved_scalars; unknown_not_dropped
gemini-3.8-flash-medium,poolact,evidence_audit,cost_tight,cached,evidence_acc_mv,task,cc-large:2,gemini_metrics,[358],True,gemini_snapshot,derived_from_all_registered_saved_scalars; unknown_not_dropped
gemini-3.8-flash-medium,poolact,evidence_audit,cost_tight,cached,label_acc_mi,task,cc-large:2,gemini_metrics,[359],True,gemini_snapshot,derived_from_all_registered_saved_scalars; unknown_not_dropped
gemini-3.8-flash-medium,poolact,evidence_audit,cost_tight,cached,label_acc_mv,task,cc-large:2,gemini_metrics,[360],True,gemini_snapshot,derived_from_all_registered_saved_scalars; unknown_not_dropped
gemini-3.8-flash-medium,poolact,evidence_audit,cost_tight,naive,evidence_acc_mi,task,cc-large:2,gemini_metrics,[163],True,gemini_snapshot,derived_from_all_registered_saved_scalars; unknown_not_dropped
gemini-3.8-flash-medium,poolact,evidence_audit,cost_tight,naive,evidence_acc_mv,task,cc-large:2,gemini_metrics,[164],True,gemini_snapshot,derived_from_all_registered_saved_scalars; unknown_not_dropped
gemini-3.8-flash-medium,poolact,evidence_audit,cost_tight,naive,label_acc_mi,task,cc-large:2,gemini_metrics,[165],True,gemini_snapshot,derived_from_all_registered_saved_scalars; unknown_not_dropped
gemini-3.8-flash-medium,poolact,evidence_audit,cost_tight,naive,label_acc_mv,task,cc-large:2,gemini_metrics,[166],True,gemini_snapshot,derived_from_all_registered_saved_scalars; unknown_not_dropped
gemini-3.8-flash-medium,poolact,evidence_audit,cost_tight,poolact,evidence_acc_mi,task,cc-large:2,gemini_metrics,[303],True,gemini_snapshot,derived_from_all_registered_saved_scalars; unknown_not_dropped
gemini-3.8-flash-medium,poolact,evidence_audit,cost_tight,poolact,evidence_acc_mv,task,cc-large:2,gemini_metrics,[304],True,gemini_snapshot,derived_from_all_registered_saved_scalars; unknown_not_dropped
gemini-3.8-flash-medium,poolact,evidence_audit,cost_tight,poolact,label_acc_mi,task,cc-large:2,gemini_metrics,[305],True,gemini_snapshot,derived_from_all_registered_saved_scalars; unknown_not_dropped
gemini-3.8-flash-medium,poolact,evidence_audit,cost_tight,poolact,label_acc_mv,task,cc-large:2,gemini_metrics,[306],True,gemini_snapshot,derived_from_all_registered_saved_scalars; unknown_not_dropped
gemini-3.8-flash-medium,poolact,evidence_audit,cost_moderate,cached,evidence_acc_mi,task,cc-large:3,gemini_metrics,[596],True,gemini_snapshot,derived_from_all_registered_saved_scalars; unknown_not_dropped
gemini-3.8-flash-medium,poolact,evidence_audit,cost_moderate,cached,evidence_acc_mv,task,cc-large:3,gemini_metrics,[597],True,gemini_snapshot,derived_from_all_registered_saved_scalars; unknown_not_dropped
gemini-3.8-flash-medium,poolact,evidence_audit,cost_moderate,cached,label_acc_mi,task,cc-large:3,gemini_metrics,[598],True,gemini_snapshot,derived_from_all_registered_saved_scalars; unknown_not_dropped
gemini-3.8-flash-medium,poolact,evidence_audit,cost_moderate,cached,label_acc_mv,task,cc-large:3,gemini_metrics,[599],True,gemini_snapshot,derived_from_all_registered_saved_scalars; unknown_not_dropped
gemini-3.8-flash-medium,poolact,evidence_audit,cost_moderate,naive,evidence_acc_mi,task,cc-large:3,gemini_metrics,[639],True,gemini_snapshot,derived_from_all_registered_saved_scalars; unknown_not_dropped
gemini-3.8-flash-medium,poolact,evidence_audit,cost_moderate,naive,evidence_acc_mv,task,cc-large:3,gemini_metrics,[640],True,gemini_snapshot,derived_from_all_registered_saved_scalars; unknown_not_dropped
gemini-3.8-flash-medium,poolact,evidence_audit,cost_moderate,naive,label_acc_mi,task,cc-large:3,gemini_metrics,[641],True,gemini_snapshot,derived_from_all_registered_saved_scalars; unknown_not_dropped
gemini-3.8-flash-medium,poolact,evidence_audit,cost_moderate,naive,label_acc_mv,task,cc-large:3,gemini_metrics,[642],True,gemini_snapshot,derived_from_all_registered_saved_scalars; unknown_not_dropped
gemini-3.8-flash-medium,poolact,evidence_audit,cost_moderate,poolact,evidence_acc_mi,task,cc-large:3,gemini_metrics,[445],True,gemini_snapshot,derived_from_all_registered_saved_scalars; unknown_not_dropped
gemini-3.8-flash-medium,poolact,evidence_audit,cost_moderate,poolact,evidence_acc_mv,task,cc-large:3,gemini_metrics,[446],True,gemini_snapshot,derived_from_all_registered_saved_scalars; unknown_not_dropped
gemini-3.8-flash-medium,poolact,evidence_audit,cost_moderate,poolact,label_acc_mi,task,cc-large:3,gemini_metrics,[447],True,gemini_snapshot,derived_from_all_registered_saved_scalars; unknown_not_dropped
gemini-3.8-flash-medium,poolact,evidence_audit,cost_moderate,poolact,label_acc_mv,task,cc-large:3,gemini_metrics,[448],True,gemini_snapshot,derived_from_all_registered_saved_scalars; unknown_not_dropped
gemini-3.8-flash-medium,poolact,evidence_audit,cost_tight,cached,evidence_acc_mi,task,cc-large:3,gemini_metrics,[792],True,gemini_snapshot,derived_from_all_registered_saved_scalars; unknown_not_dropped
gemini-3.8-flash-medium,poolact,evidence_audit,cost_tight,cached,evidence_acc_mv,task,cc-large:3,gemini_metrics,[793],True,gemini_snapshot,derived_from_all_registered_saved_scalars; unknown_not_dropped
gemini-3.8-flash-medium,poolact,evidence_audit,cost_tight,cached,label_acc_mi,task,cc-large:3,gemini_metrics,[794],True,gemini_snapshot,derived_from_all_registered_saved_scalars; unknown_not_dropped
gemini-3.8-flash-medium,poolact,evidence_audit,cost_tight,cached,label_acc_mv,task,cc-large:3,gemini_metrics,[795],True,gemini_snapshot,derived_from_all_registered_saved_scalars; unknown_not_dropped
gemini-3.8-flash-medium,poolact,evidence_audit,cost_tight,naive,evidence_acc_mi,task,cc-large:3,gemini_metrics,[289],True,gemini_snapshot,derived_from_all_registered_saved_scalars; unknown_not_dropped
gemini-3.8-flash-medium,poolact,evidence_audit,cost_tight,naive,evidence_acc_mv,task,cc-large:3,gemini_metrics,[290],True,gemini_snapshot,derived_from_all_registered_saved_scalars; unknown_not_dropped
gemini-3.8-flash-medium,poolact,evidence_audit,cost_tight,naive,label_acc_mi,task,cc-large:3,gemini_metrics,[291],True,gemini_snapshot,derived_from_all_registered_saved_scalars; unknown_not_dropped
gemini-3.8-flash-medium,poolact,evidence_audit,cost_tight,naive,label_acc_mv,task,cc-large:3,gemini_metrics,[292],True,gemini_snapshot,derived_from_all_registered_saved_scalars; unknown_not_dropped
gemini-3.8-flash-medium,poolact,evidence_audit,cost_tight,poolact,evidence_acc_mi,task,cc-large:3,gemini_metrics,[1219],True,gemini_snapshot,derived_from_all_registered_saved_scalars; unknown_not_dropped
gemini-3.8-flash-medium,poolact,evidence_audit,cost_tight,poolact,evidence_acc_mv,task,cc-large:3,gemini_metrics,[1220],True,gemini_snapshot,derived_from_all_registered_saved_scalars; unknown_not_dropped
gemini-3.8-flash-medium,poolact,evidence_audit,cost_tight,poolact,label_acc_mi,task,cc-large:3,gemini_metrics,[1221],True,gemini_snapshot,derived_from_all_registered_saved_scalars; unknown_not_dropped
gemini-3.8-flash-medium,poolact,evidence_audit,cost_tight,poolact,label_acc_mv,task,cc-large:3,gemini_metrics,[1222],True,gemini_snapshot,derived_from_all_registered_saved_scalars; unknown_not_dropped
gemini-3.8-flash-medium,poolact,evidence_audit,cost_moderate,cached,evidence_acc_mi,task,cc-large:4,gemini_metrics,[1095],True,gemini_snapshot,derived_from_all_registered_saved_scalars; unknown_not_dropped
gemini-3.8-flash-medium,poolact,evidence_audit,cost_moderate,cached,evidence_acc_mv,task,cc-large:4,gemini_metrics,[1096],True,gemini_snapshot,derived_from_all_registered_saved_scalars; unknown_not_dropped
gemini-3.8-flash-medium,poolact,evidence_audit,cost_moderate,cached,label_acc_mi,task,cc-large:4,gemini_metrics,[1097],True,gemini_snapshot,derived_from_all_registered_saved_scalars; unknown_not_dropped
gemini-3.8-flash-medium,poolact,evidence_audit,cost_moderate,cached,label_acc_mv,task,cc-large:4,gemini_metrics,[1098],True,gemini_snapshot,derived_from_all_registered_saved_scalars; unknown_not_dropped
gemini-3.8-flash-medium,poolact,evidence_audit,cost_moderate,naive,evidence_acc_mi,task,cc-large:4,gemini_metrics,[1319],True,gemini_snapshot,derived_from_all_registered_saved_scalars; unknown_not_dropped
gemini-3.8-flash-medium,poolact,evidence_audit,cost_moderate,naive,evidence_acc_mv,task,cc-large:4,gemini_metrics,[1320],True,gemini_snapshot,derived_from_all_registered_saved_scalars; unknown_not_dropped
gemini-3.8-flash-medium,poolact,evidence_audit,cost_moderate,naive,label_acc_mi,task,cc-large:4,gemini_metrics,[1321],True,gemini_snapshot,derived_from_all_registered_saved_scalars; unknown_not_dropped
gemini-3.8-flash-medium,poolact,evidence_audit,cost_moderate,naive,label_acc_mv,task,cc-large:4,gemini_metrics,[1322],True,gemini_snapshot,derived_from_all_registered_saved_scalars; unknown_not_dropped
gemini-3.8-flash-medium,poolact,evidence_audit,cost_moderate,poolact,evidence_acc_mi,task,cc-large:4,gemini_metrics,[671],True,gemini_snapshot,derived_from_all_registered_saved_scalars; unknown_not_dropped
gemini-3.8-flash-medium,poolact,evidence_audit,cost_moderate,poolact,evidence_acc_mv,task,cc-large:4,gemini_metrics,[672],True,gemini_snapshot,derived_from_all_registered_saved_scalars; unknown_not_dropped
gemini-3.8-flash-medium,poolact,evidence_audit,cost_moderate,poolact,label_acc_mi,task,cc-large:4,gemini_metrics,[673],True,gemini_snapshot,derived_from_all_registered_saved_scalars; unknown_not_dropped
gemini-3.8-flash-medium,poolact,evidence_audit,cost_moderate,poolact,label_acc_mv,task,cc-large:4,gemini_metrics,[674],True,gemini_snapshot,derived_from_all_registered_saved_scalars; unknown_not_dropped
gemini-3.8-flash-medium,poolact,evidence_audit,cost_tight,cached,evidence_acc_mi,task,cc-large:4,gemini_metrics,[796],True,gemini_snapshot,derived_from_all_registered_saved_scalars; unknown_not_dropped
gemini-3.8-flash-medium,poolact,evidence_audit,cost_tight,cached,evidence_acc_mv,task,cc-large:4,gemini_metrics,[797],True,gemini_snapshot,derived_from_all_registered_saved_scalars; unknown_not_dropped
gemini-3.8-flash-medium,poolact,evidence_audit,cost_tight,cached,label_acc_mi,task,cc-large:4,gemini_metrics,[798],True,gemini_snapshot,derived_from_all_registered_saved_scalars; unknown_not_dropped
gemini-3.8-flash-medium,poolact,evidence_audit,cost_tight,cached,label_acc_mv,task,cc-large:4,gemini_metrics,[799],True,gemini_snapshot,derived_from_all_registered_saved_scalars; unknown_not_dropped
gemini-3.8-flash-medium,poolact,evidence_audit,cost_tight,naive,evidence_acc_mi,task,cc-large:4,gemini_metrics,[740],True,gemini_snapshot,derived_from_all_registered_saved_scalars; unknown_not_dropped
gemini-3.8-flash-medium,poolact,evidence_audit,cost_tight,naive,evidence_acc_mv,task,cc-large:4,gemini_metrics,[741],True,gemini_snapshot,derived_from_all_registered_saved_scalars; unknown_not_dropped
gemini-3.8-flash-medium,poolact,evidence_audit,cost_tight,naive,label_acc_mi,task,cc-large:4,gemini_metrics,[742],True,gemini_snapshot,derived_from_all_registered_saved_scalars; unknown_not_dropped
gemini-3.8-flash-medium,poolact,evidence_audit,cost_tight,naive,label_acc_mv,task,cc-large:4,gemini_metrics,[743],True,gemini_snapshot,derived_from_all_registered_saved_scalars; unknown_not_dropped
gemini-3.8-flash-medium,poolact,evidence_audit,cost_tight,poolact,evidence_acc_mi,task,cc-large:4,gemini_metrics,[922],True,gemini_snapshot,derived_from_all_registered_saved_scalars; unknown_not_dropped
gemini-3.8-flash-medium,poolact,evidence_audit,cost_tight,poolact,evidence_acc_mv,task,cc-large:4,gemini_metrics,[923],True,gemini_snapshot,derived_from_all_registered_saved_scalars; unknown_not_dropped
gemini-3.8-flash-medium,poolact,evidence_audit,cost_tight,poolact,label_acc_mi,task,cc-large:4,gemini_metrics,[924],True,gemini_snapshot,derived_from_all_registered_saved_scalars; unknown_not_dropped
gemini-3.8-flash-medium,poolact,evidence_audit,cost_tight,poolact,label_acc_mv,task,cc-large:4,gemini_metrics,[925],True,gemini_snapshot,derived_from_all_registered_saved_scalars; unknown_not_dropped
gemini-3.8-flash-medium,poolact,evidence_audit,cost_moderate,cached,evidence_acc_mi,task,cc-large:5,gemini_metrics,[214],True,gemini_snapshot,derived_from_all_registered_saved_scalars; unknown_not_dropped
gemini-3.8-flash-medium,poolact,evidence_audit,cost_moderate,cached,evidence_acc_mv,task,cc-large:5,gemini_metrics,[215],True,gemini_snapshot,derived_from_all_registered_saved_scalars; unknown_not_dropped
gemini-3.8-flash-medium,poolact,evidence_audit,cost_moderate,cached,label_acc_mi,task,cc-large:5,gemini_metrics,[216],True,gemini_snapshot,derived_from_all_registered_saved_scalars; unknown_not_dropped
gemini-3.8-flash-medium,poolact,evidence_audit,cost_moderate,cached,label_acc_mv,task,cc-large:5,gemini_metrics,[217],True,gemini_snapshot,derived_from_all_registered_saved_scalars; unknown_not_dropped
gemini-3.8-flash-medium,poolact,evidence_audit,cost_moderate,naive,evidence_acc_mi,task,cc-large:5,gemini_metrics,[547],True,gemini_snapshot,derived_from_all_registered_saved_scalars; unknown_not_dropped
gemini-3.8-flash-medium,poolact,evidence_audit,cost_moderate,naive,evidence_acc_mv,task,cc-large:5,gemini_metrics,[548],True,gemini_snapshot,derived_from_all_registered_saved_scalars; unknown_not_dropped
gemini-3.8-flash-medium,poolact,evidence_audit,cost_moderate,naive,label_acc_mi,task,cc-large:5,gemini_metrics,[549],True,gemini_snapshot,derived_from_all_registered_saved_scalars; unknown_not_dropped
gemini-3.8-flash-medium,poolact,evidence_audit,cost_moderate,naive,label_acc_mv,task,cc-large:5,gemini_metrics,[550],True,gemini_snapshot,derived_from_all_registered_saved_scalars; unknown_not_dropped
gemini-3.8-flash-medium,poolact,evidence_audit,cost_moderate,poolact,evidence_acc_mi,task,cc-large:5,gemini_metrics,[1165],True,gemini_snapshot,derived_from_all_registered_saved_scalars; unknown_not_dropped
gemini-3.8-flash-medium,poolact,evidence_audit,cost_moderate,poolact,evidence_acc_mv,task,cc-large:5,gemini_metrics,[1166],True,gemini_snapshot,derived_from_all_registered_saved_scalars; unknown_not_dropped
gemini-3.8-flash-medium,poolact,evidence_audit,cost_moderate,poolact,label_acc_mi,task,cc-large:5,gemini_metrics,[1167],True,gemini_snapshot,derived_from_all_registered_saved_scalars; unknown_not_dropped
gemini-3.8-flash-medium,poolact,evidence_audit,cost_moderate,poolact,label_acc_mv,task,cc-large:5,gemini_metrics,[1168],True,gemini_snapshot,derived_from_all_registered_saved_scalars; unknown_not_dropped
gemini-3.8-flash-medium,poolact,evidence_audit,cost_tight,cached,evidence_acc_mi,task,cc-large:5,gemini_metrics,[1089],True,gemini_snapshot,derived_from_all_registered_saved_scalars; unknown_not_dropped
gemini-3.8-flash-medium,poolact,evidence_audit,cost_tight,cached,evidence_acc_mv,task,cc-large:5,gemini_metrics,[1090],True,gemini_snapshot,derived_from_all_registered_saved_scalars; unknown_not_dropped
gemini-3.8-flash-medium,poolact,evidence_audit,cost_tight,cached,label_acc_mi,task,cc-large:5,gemini_metrics,[1091],True,gemini_snapshot,derived_from_all_registered_saved_scalars; unknown_not_dropped
gemini-3.8-flash-medium,poolact,evidence_audit,cost_tight,cached,label_acc_mv,task,cc-large:5,gemini_metrics,[1092],True,gemini_snapshot,derived_from_all_registered_saved_scalars; unknown_not_dropped
gemini-3.8-flash-medium,poolact,evidence_audit,cost_tight,naive,evidence_acc_mi,task,cc-large:5,gemini_metrics,[1026],True,gemini_snapshot,derived_from_all_registered_saved_scalars; unknown_not_dropped
gemini-3.8-flash-medium,poolact,evidence_audit,cost_tight,naive,evidence_acc_mv,task,cc-large:5,gemini_metrics,[1027],True,gemini_snapshot,derived_from_all_registered_saved_scalars; unknown_not_dropped
gemini-3.8-flash-medium,poolact,evidence_audit,cost_tight,naive,label_acc_mi,task,cc-large:5,gemini_metrics,[1028],True,gemini_snapshot,derived_from_all_registered_saved_scalars; unknown_not_dropped
gemini-3.8-flash-medium,poolact,evidence_audit,cost_tight,naive,label_acc_mv,task,cc-large:5,gemini_metrics,[1029],True,gemini_snapshot,derived_from_all_registered_saved_scalars; unknown_not_dropped
gemini-3.8-flash-medium,poolact,evidence_audit,cost_tight,poolact,evidence_acc_mi,task,cc-large:5,gemini_metrics,[175],True,gemini_snapshot,derived_from_all_registered_saved_scalars; unknown_not_dropped
gemini-3.8-flash-medium,poolact,evidence_audit,cost_tight,poolact,evidence_acc_mv,task,cc-large:5,gemini_metrics,[176],True,gemini_snapshot,derived_from_all_registered_saved_scalars; unknown_not_dropped
gemini-3.8-flash-medium,poolact,evidence_audit,cost_tight,poolact,label_acc_mi,task,cc-large:5,gemini_metrics,[177],True,gemini_snapshot,derived_from_all_registered_saved_scalars; unknown_not_dropped
gemini-3.8-flash-medium,poolact,evidence_audit,cost_tight,poolact,label_acc_mv,task,cc-large:5,gemini_metrics,[178],True,gemini_snapshot,derived_from_all_registered_saved_scalars; unknown_not_dropped
gemini-3.8-flash-medium,poolact,evidence_audit,cost_moderate,cached,evidence_acc_mi,task,cc-large:6,gemini_metrics,[660],True,gemini_snapshot,derived_from_all_registered_saved_scalars; unknown_not_dropped
gemini-3.8-flash-medium,poolact,evidence_audit,cost_moderate,cached,evidence_acc_mv,task,cc-large:6,gemini_metrics,[661],True,gemini_snapshot,derived_from_all_registered_saved_scalars; unknown_not_dropped
gemini-3.8-flash-medium,poolact,evidence_audit,cost_moderate,cached,label_acc_mi,task,cc-large:6,gemini_metrics,[662],True,gemini_snapshot,derived_from_all_registered_saved_scalars; unknown_not_dropped
gemini-3.8-flash-medium,poolact,evidence_audit,cost_moderate,cached,label_acc_mv,task,cc-large:6,gemini_metrics,[663],True,gemini_snapshot,derived_from_all_registered_saved_scalars; unknown_not_dropped
gemini-3.8-flash-medium,poolact,evidence_audit,cost_moderate,naive,evidence_acc_mi,task,cc-large:6,gemini_metrics,[370],True,gemini_snapshot,derived_from_all_registered_saved_scalars; unknown_not_dropped
gemini-3.8-flash-medium,poolact,evidence_audit,cost_moderate,naive,evidence_acc_mv,task,cc-large:6,gemini_metrics,[371],True,gemini_snapshot,derived_from_all_registered_saved_scalars; unknown_not_dropped
gemini-3.8-flash-medium,poolact,evidence_audit,cost_moderate,naive,label_acc_mi,task,cc-large:6,gemini_metrics,[372],True,gemini_snapshot,derived_from_all_registered_saved_scalars; unknown_not_dropped
gemini-3.8-flash-medium,poolact,evidence_audit,cost_moderate,naive,label_acc_mv,task,cc-large:6,gemini_metrics,[373],True,gemini_snapshot,derived_from_all_registered_saved_scalars; unknown_not_dropped
gemini-3.8-flash-medium,poolact,evidence_audit,cost_moderate,poolact,evidence_acc_mi,task,cc-large:6,gemini_metrics,[631],True,gemini_snapshot,derived_from_all_registered_saved_scalars; unknown_not_dropped
gemini-3.8-flash-medium,poolact,evidence_audit,cost_moderate,poolact,evidence_acc_mv,task,cc-large:6,gemini_metrics,[632],True,gemini_snapshot,derived_from_all_registered_saved_scalars; unknown_not_dropped
gemini-3.8-flash-medium,poolact,evidence_audit,cost_moderate,poolact,label_acc_mi,task,cc-large:6,gemini_metrics,[633],True,gemini_snapshot,derived_from_all_registered_saved_scalars; unknown_not_dropped
gemini-3.8-flash-medium,poolact,evidence_audit,cost_moderate,poolact,label_acc_mv,task,cc-large:6,gemini_metrics,[634],True,gemini_snapshot,derived_from_all_registered_saved_scalars; unknown_not_dropped
gemini-3.8-flash-medium,poolact,evidence_audit,cost_tight,cached,evidence_acc_mi,task,cc-large:6,gemini_metrics,[984],True,gemini_snapshot,derived_from_all_registered_saved_scalars; unknown_not_dropped
gemini-3.8-flash-medium,poolact,evidence_audit,cost_tight,cached,evidence_acc_mv,task,cc-large:6,gemini_metrics,[985],True,gemini_snapshot,derived_from_all_registered_saved_scalars; unknown_not_dropped
gemini-3.8-flash-medium,poolact,evidence_audit,cost_tight,cached,label_acc_mi,task,cc-large:6,gemini_metrics,[986],True,gemini_snapshot,derived_from_all_registered_saved_scalars; unknown_not_dropped
gemini-3.8-flash-medium,poolact,evidence_audit,cost_tight,cached,label_acc_mv,task,cc-large:6,gemini_metrics,[987],True,gemini_snapshot,derived_from_all_registered_saved_scalars; unknown_not_dropped
gemini-3.8-flash-medium,poolact,evidence_audit,cost_tight,naive,evidence_acc_mi,task,cc-large:6,gemini_metrics,[1169],True,gemini_snapshot,derived_from_all_registered_saved_scalars; unknown_not_dropped
gemini-3.8-flash-medium,poolact,evidence_audit,cost_tight,naive,evidence_acc_mv,task,cc-large:6,gemini_metrics,[1170],True,gemini_snapshot,derived_from_all_registered_saved_scalars; unknown_not_dropped
gemini-3.8-flash-medium,poolact,evidence_audit,cost_tight,naive,label_acc_mi,task,cc-large:6,gemini_metrics,[1171],True,gemini_snapshot,derived_from_all_registered_saved_scalars; unknown_not_dropped
gemini-3.8-flash-medium,poolact,evidence_audit,cost_tight,naive,label_acc_mv,task,cc-large:6,gemini_metrics,[1172],True,gemini_snapshot,derived_from_all_registered_saved_scalars; unknown_not_dropped
gemini-3.8-flash-medium,poolact,evidence_audit,cost_tight,poolact,evidence_acc_mi,task,cc-large:6,gemini_metrics,[147],True,gemini_snapshot,derived_from_all_registered_saved_scalars; unknown_not_dropped
gemini-3.8-flash-medium,poolact,evidence_audit,cost_tight,poolact,evidence_acc_mv,task,cc-large:6,gemini_metrics,[148],True,gemini_snapshot,derived_from_all_registered_saved_scalars; unknown_not_dropped
gemini-3.8-flash-medium,poolact,evidence_audit,cost_tight,poolact,label_acc_mi,task,cc-large:6,gemini_metrics,[149],True,gemini_snapshot,derived_from_all_registered_saved_scalars; unknown_not_dropped
gemini-3.8-flash-medium,poolact,evidence_audit,cost_tight,poolact,label_acc_mv,task,cc-large:6,gemini_metrics,[150],True,gemini_snapshot,derived_from_all_registered_saved_scalars; unknown_not_dropped
gemini-3.8-flash-medium,poolact,evidence_audit,cost_moderate,cached,evidence_acc_mi,task,cc-large:7,gemini_metrics,[65],True,gemini_snapshot,derived_from_all_registered_saved_scalars; unknown_not_dropped
gemini-3.8-flash-medium,poolact,evidence_audit,cost_moderate,cached,evidence_acc_mv,task,cc-large:7,gemini_metrics,[66],True,gemini_snapshot,derived_from_all_registered_saved_scalars; unknown_not_dropped
gemini-3.8-flash-medium,poolact,evidence_audit,cost_moderate,cached,label_acc_mi,task,cc-large:7,gemini_metrics,[67],True,gemini_snapshot,derived_from_all_registered_saved_scalars; unknown_not_dropped
gemini-3.8-flash-medium,poolact,evidence_audit,cost_moderate,cached,label_acc_mv,task,cc-large:7,gemini_metrics,[68],True,gemini_snapshot,derived_from_all_registered_saved_scalars; unknown_not_dropped
gemini-3.8-flash-medium,poolact,evidence_audit,cost_moderate,naive,evidence_acc_mi,task,cc-large:7,gemini_metrics,[93],True,gemini_snapshot,derived_from_all_registered_saved_scalars; unknown_not_dropped
gemini-3.8-flash-medium,poolact,evidence_audit,cost_moderate,naive,evidence_acc_mv,task,cc-large:7,gemini_metrics,[94],True,gemini_snapshot,derived_from_all_registered_saved_scalars; unknown_not_dropped
gemini-3.8-flash-medium,poolact,evidence_audit,cost_moderate,naive,label_acc_mi,task,cc-large:7,gemini_metrics,[95],True,gemini_snapshot,derived_from_all_registered_saved_scalars; unknown_not_dropped
gemini-3.8-flash-medium,poolact,evidence_audit,cost_moderate,naive,label_acc_mv,task,cc-large:7,gemini_metrics,[96],True,gemini_snapshot,derived_from_all_registered_saved_scalars; unknown_not_dropped
gemini-3.8-flash-medium,poolact,evidence_audit,cost_moderate,poolact,evidence_acc_mi,task,cc-large:7,gemini_metrics,[406],True,gemini_snapshot,derived_from_all_registered_saved_scalars; unknown_not_dropped
gemini-3.8-flash-medium,poolact,evidence_audit,cost_moderate,poolact,evidence_acc_mv,task,cc-large:7,gemini_metrics,[407],True,gemini_snapshot,derived_from_all_registered_saved_scalars; unknown_not_dropped
gemini-3.8-flash-medium,poolact,evidence_audit,cost_moderate,poolact,label_acc_mi,task,cc-large:7,gemini_metrics,[408],True,gemini_snapshot,derived_from_all_registered_saved_scalars; unknown_not_dropped
gemini-3.8-flash-medium,poolact,evidence_audit,cost_moderate,poolact,label_acc_mv,task,cc-large:7,gemini_metrics,[409],True,gemini_snapshot,derived_from_all_registered_saved_scalars; unknown_not_dropped
gemini-3.8-flash-medium,poolact,evidence_audit,cost_tight,cached,evidence_acc_mi,task,cc-large:7,gemini_metrics,[682],True,gemini_snapshot,derived_from_all_registered_saved_scalars; unknown_not_dropped
gemini-3.8-flash-medium,poolact,evidence_audit,cost_tight,cached,evidence_acc_mv,task,cc-large:7,gemini_metrics,[683],True,gemini_snapshot,derived_from_all_registered_saved_scalars; unknown_not_dropped
gemini-3.8-flash-medium,poolact,evidence_audit,cost_tight,cached,label_acc_mi,task,cc-large:7,gemini_metrics,[684],True,gemini_snapshot,derived_from_all_registered_saved_scalars; unknown_not_dropped
gemini-3.8-flash-medium,poolact,evidence_audit,cost_tight,cached,label_acc_mv,task,cc-large:7,gemini_metrics,[685],True,gemini_snapshot,derived_from_all_registered_saved_scalars; unknown_not_dropped
gemini-3.8-flash-medium,poolact,evidence_audit,cost_tight,naive,evidence_acc_mi,task,cc-large:7,gemini_metrics,[780],True,gemini_snapshot,derived_from_all_registered_saved_scalars; unknown_not_dropped
gemini-3.8-flash-medium,poolact,evidence_audit,cost_tight,naive,evidence_acc_mv,task,cc-large:7,gemini_metrics,[781],True,gemini_snapshot,derived_from_all_registered_saved_scalars; unknown_not_dropped
gemini-3.8-flash-medium,poolact,evidence_audit,cost_tight,naive,label_acc_mi,task,cc-large:7,gemini_metrics,[782],True,gemini_snapshot,derived_from_all_registered_saved_scalars; unknown_not_dropped
gemini-3.8-flash-medium,poolact,evidence_audit,cost_tight,naive,label_acc_mv,task,cc-large:7,gemini_metrics,[783],True,gemini_snapshot,derived_from_all_registered_saved_scalars; unknown_not_dropped
gemini-3.8-flash-medium,poolact,evidence_audit,cost_tight,poolact,evidence_acc_mi,task,cc-large:7,gemini_metrics,[705],True,gemini_snapshot,derived_from_all_registered_saved_scalars; unknown_not_dropped
gemini-3.8-flash-medium,poolact,evidence_audit,cost_tight,poolact,evidence_acc_mv,task,cc-large:7,gemini_metrics,[706],True,gemini_snapshot,derived_from_all_registered_saved_scalars; unknown_not_dropped
gemini-3.8-flash-medium,poolact,evidence_audit,cost_tight,poolact,label_acc_mi,task,cc-large:7,gemini_metrics,[707],True,gemini_snapshot,derived_from_all_registered_saved_scalars; unknown_not_dropped
gemini-3.8-flash-medium,poolact,evidence_audit,cost_tight,poolact,label_acc_mv,task,cc-large:7,gemini_metrics,[708],True,gemini_snapshot,derived_from_all_registered_saved_scalars; unknown_not_dropped
gemini-3.8-flash-medium,poolact,evidence_audit,cost_moderate,cached,evidence_acc_mi,task,cc-large:8,gemini_metrics,[13],True,gemini_snapshot,derived_from_all_registered_saved_scalars; unknown_not_dropped
gemini-3.8-flash-medium,poolact,evidence_audit,cost_moderate,cached,evidence_acc_mv,task,cc-large:8,gemini_metrics,[14],True,gemini_snapshot,derived_from_all_registered_saved_scalars; unknown_not_dropped
gemini-3.8-flash-medium,poolact,evidence_audit,cost_moderate,cached,label_acc_mi,task,cc-large:8,gemini_metrics,[15],True,gemini_snapshot,derived_from_all_registered_saved_scalars; unknown_not_dropped
gemini-3.8-flash-medium,poolact,evidence_audit,cost_moderate,cached,label_acc_mv,task,cc-large:8,gemini_metrics,[16],True,gemini_snapshot,derived_from_all_registered_saved_scalars; unknown_not_dropped
gemini-3.8-flash-medium,poolact,evidence_audit,cost_moderate,naive,evidence_acc_mi,task,cc-large:8,gemini_metrics,[427],True,gemini_snapshot,derived_from_all_registered_saved_scalars; unknown_not_dropped
gemini-3.8-flash-medium,poolact,evidence_audit,cost_moderate,naive,evidence_acc_mv,task,cc-large:8,gemini_metrics,[428],True,gemini_snapshot,derived_from_all_registered_saved_scalars; unknown_not_dropped
gemini-3.8-flash-medium,poolact,evidence_audit,cost_moderate,naive,label_acc_mi,task,cc-large:8,gemini_metrics,[429],True,gemini_snapshot,derived_from_all_registered_saved_scalars; unknown_not_dropped
gemini-3.8-flash-medium,poolact,evidence_audit,cost_moderate,naive,label_acc_mv,task,cc-large:8,gemini_metrics,[430],True,gemini_snapshot,derived_from_all_registered_saved_scalars; unknown_not_dropped
gemini-3.8-flash-medium,poolact,evidence_audit,cost_moderate,poolact,evidence_acc_mi,task,cc-large:8,gemini_metrics,[17],True,gemini_snapshot,derived_from_all_registered_saved_scalars; unknown_not_dropped
gemini-3.8-flash-medium,poolact,evidence_audit,cost_moderate,poolact,evidence_acc_mv,task,cc-large:8,gemini_metrics,[18],True,gemini_snapshot,derived_from_all_registered_saved_scalars; unknown_not_dropped
gemini-3.8-flash-medium,poolact,evidence_audit,cost_moderate,poolact,label_acc_mi,task,cc-large:8,gemini_metrics,[19],True,gemini_snapshot,derived_from_all_registered_saved_scalars; unknown_not_dropped
gemini-3.8-flash-medium,poolact,evidence_audit,cost_moderate,poolact,label_acc_mv,task,cc-large:8,gemini_metrics,[20],True,gemini_snapshot,derived_from_all_registered_saved_scalars; unknown_not_dropped
gemini-3.8-flash-medium,poolact,evidence_audit,cost_tight,cached,evidence_acc_mi,task,cc-large:8,gemini_metrics,[69],True,gemini_snapshot,derived_from_all_registered_saved_scalars; unknown_not_dropped
gemini-3.8-flash-medium,poolact,evidence_audit,cost_tight,cached,evidence_acc_mv,task,cc-large:8,gemini_metrics,[70],True,gemini_snapshot,derived_from_all_registered_saved_scalars; unknown_not_dropped
gemini-3.8-flash-medium,poolact,evidence_audit,cost_tight,cached,label_acc_mi,task,cc-large:8,gemini_metrics,[71],True,gemini_snapshot,derived_from_all_registered_saved_scalars; unknown_not_dropped
gemini-3.8-flash-medium,poolact,evidence_audit,cost_tight,cached,label_acc_mv,task,cc-large:8,gemini_metrics,[72],True,gemini_snapshot,derived_from_all_registered_saved_scalars; unknown_not_dropped
gemini-3.8-flash-medium,poolact,evidence_audit,cost_tight,naive,evidence_acc_mi,task,cc-large:8,gemini_metrics,[988],True,gemini_snapshot,derived_from_all_registered_saved_scalars; unknown_not_dropped
gemini-3.8-flash-medium,poolact,evidence_audit,cost_tight,naive,evidence_acc_mv,task,cc-large:8,gemini_metrics,[989],True,gemini_snapshot,derived_from_all_registered_saved_scalars; unknown_not_dropped
gemini-3.8-flash-medium,poolact,evidence_audit,cost_tight,naive,label_acc_mi,task,cc-large:8,gemini_metrics,[990],True,gemini_snapshot,derived_from_all_registered_saved_scalars; unknown_not_dropped
gemini-3.8-flash-medium,poolact,evidence_audit,cost_tight,naive,label_acc_mv,task,cc-large:8,gemini_metrics,[991],True,gemini_snapshot,derived_from_all_registered_saved_scalars; unknown_not_dropped
gemini-3.8-flash-medium,poolact,evidence_audit,cost_tight,poolact,evidence_acc_mi,task,cc-large:8,gemini_metrics,[932],True,gemini_snapshot,derived_from_all_registered_saved_scalars; unknown_not_dropped
gemini-3.8-flash-medium,poolact,evidence_audit,cost_tight,poolact,evidence_acc_mv,task,cc-large:8,gemini_metrics,[933],True,gemini_snapshot,derived_from_all_registered_saved_scalars; unknown_not_dropped
gemini-3.8-flash-medium,poolact,evidence_audit,cost_tight,poolact,label_acc_mi,task,cc-large:8,gemini_metrics,[934],True,gemini_snapshot,derived_from_all_registered_saved_scalars; unknown_not_dropped
gemini-3.8-flash-medium,poolact,evidence_audit,cost_tight,poolact,label_acc_mv,task,cc-large:8,gemini_metrics,[935],True,gemini_snapshot,derived_from_all_registered_saved_scalars; unknown_not_dropped
gemini-3.8-flash-medium,poolact,evidence_audit,cost_moderate,cached,evidence_acc_mi,task,cc-large:9,gemini_metrics,[819],True,gemini_snapshot,derived_from_all_registered_saved_scalars; unknown_not_dropped
gemini-3.8-flash-medium,poolact,evidence_audit,cost_moderate,cached,evidence_acc_mv,task,cc-large:9,gemini_metrics,[820],True,gemini_snapshot,derived_from_all_registered_saved_scalars; unknown_not_dropped
gemini-3.8-flash-medium,poolact,evidence_audit,cost_moderate,cached,label_acc_mi,task,cc-large:9,gemini_metrics,[821],True,gemini_snapshot,derived_from_all_registered_saved_scalars; unknown_not_dropped
gemini-3.8-flash-medium,poolact,evidence_audit,cost_moderate,cached,label_acc_mv,task,cc-large:9,gemini_metrics,[822],True,gemini_snapshot,derived_from_all_registered_saved_scalars; unknown_not_dropped
gemini-3.8-flash-medium,poolact,evidence_audit,cost_moderate,naive,evidence_acc_mi,task,cc-large:9,gemini_metrics,[235],True,gemini_snapshot,derived_from_all_registered_saved_scalars; unknown_not_dropped
gemini-3.8-flash-medium,poolact,evidence_audit,cost_moderate,naive,evidence_acc_mv,task,cc-large:9,gemini_metrics,[236],True,gemini_snapshot,derived_from_all_registered_saved_scalars; unknown_not_dropped
gemini-3.8-flash-medium,poolact,evidence_audit,cost_moderate,naive,label_acc_mi,task,cc-large:9,gemini_metrics,[237],True,gemini_snapshot,derived_from_all_registered_saved_scalars; unknown_not_dropped
gemini-3.8-flash-medium,poolact,evidence_audit,cost_moderate,naive,label_acc_mv,task,cc-large:9,gemini_metrics,[238],True,gemini_snapshot,derived_from_all_registered_saved_scalars; unknown_not_dropped
gemini-3.8-flash-medium,poolact,evidence_audit,cost_moderate,poolact,evidence_acc_mi,task,cc-large:9,gemini_metrics,[853],True,gemini_snapshot,derived_from_all_registered_saved_scalars; unknown_not_dropped
gemini-3.8-flash-medium,poolact,evidence_audit,cost_moderate,poolact,evidence_acc_mv,task,cc-large:9,gemini_metrics,[854],True,gemini_snapshot,derived_from_all_registered_saved_scalars; unknown_not_dropped
gemini-3.8-flash-medium,poolact,evidence_audit,cost_moderate,poolact,label_acc_mi,task,cc-large:9,gemini_metrics,[855],True,gemini_snapshot,derived_from_all_registered_saved_scalars; unknown_not_dropped
gemini-3.8-flash-medium,poolact,evidence_audit,cost_moderate,poolact,label_acc_mv,task,cc-large:9,gemini_metrics,[856],True,gemini_snapshot,derived_from_all_registered_saved_scalars; unknown_not_dropped
gemini-3.8-flash-medium,poolact,evidence_audit,cost_tight,cached,evidence_acc_mi,task,cc-large:9,gemini_metrics,[52],True,gemini_snapshot,derived_from_all_registered_saved_scalars; unknown_not_dropped
gemini-3.8-flash-medium,poolact,evidence_audit,cost_tight,cached,evidence_acc_mv,task,cc-large:9,gemini_metrics,[53],True,gemini_snapshot,derived_from_all_registered_saved_scalars; unknown_not_dropped
gemini-3.8-flash-medium,poolact,evidence_audit,cost_tight,cached,label_acc_mi,task,cc-large:9,gemini_metrics,[54],True,gemini_snapshot,derived_from_all_registered_saved_scalars; unknown_not_dropped
gemini-3.8-flash-medium,poolact,evidence_audit,cost_tight,cached,label_acc_mv,task,cc-large:9,gemini_metrics,[55],True,gemini_snapshot,derived_from_all_registered_saved_scalars; unknown_not_dropped
gemini-3.8-flash-medium,poolact,evidence_audit,cost_tight,naive,evidence_acc_mi,task,cc-large:9,gemini_metrics,[184],True,gemini_snapshot,derived_from_all_registered_saved_scalars; unknown_not_dropped
gemini-3.8-flash-medium,poolact,evidence_audit,cost_tight,naive,evidence_acc_mv,task,cc-large:9,gemini_metrics,[185],True,gemini_snapshot,derived_from_all_registered_saved_scalars; unknown_not_dropped
gemini-3.8-flash-medium,poolact,evidence_audit,cost_tight,naive,label_acc_mi,task,cc-large:9,gemini_metrics,[186],True,gemini_snapshot,derived_from_all_registered_saved_scalars; unknown_not_dropped
gemini-3.8-flash-medium,poolact,evidence_audit,cost_tight,naive,label_acc_mv,task,cc-large:9,gemini_metrics,[187],True,gemini_snapshot,derived_from_all_registered_saved_scalars; unknown_not_dropped
gemini-3.8-flash-medium,poolact,evidence_audit,cost_tight,poolact,evidence_acc_mi,task,cc-large:9,gemini_metrics,[329],True,gemini_snapshot,derived_from_all_registered_saved_scalars; unknown_not_dropped
gemini-3.8-flash-medium,poolact,evidence_audit,cost_tight,poolact,evidence_acc_mv,task,cc-large:9,gemini_metrics,[330],True,gemini_snapshot,derived_from_all_registered_saved_scalars; unknown_not_dropped
gemini-3.8-flash-medium,poolact,evidence_audit,cost_tight,poolact,label_acc_mi,task,cc-large:9,gemini_metrics,[331],True,gemini_snapshot,derived_from_all_registered_saved_scalars; unknown_not_dropped
gemini-3.8-flash-medium,poolact,evidence_audit,cost_tight,poolact,label_acc_mv,task,cc-large:9,gemini_metrics,[332],True,gemini_snapshot,derived_from_all_registered_saved_scalars; unknown_not_dropped
gemini-3.8-flash-medium,poolact,restricted_search,cost_moderate,cached,f1_mi,all,all,gemini_absolute,94,True,gemini_snapshot,latest_effective_composite_or_current_snapshot
gemini-3.8-flash-medium,poolact,restricted_search,cost_moderate,cached,f1_mv,all,all,gemini_absolute,96,True,gemini_snapshot,latest_effective_composite_or_current_snapshot
gemini-3.8-flash-medium,poolact,restricted_search,cost_moderate,naive,f1_mi,all,all,gemini_absolute,98,True,gemini_snapshot,latest_effective_composite_or_current_snapshot
gemini-3.8-flash-medium,poolact,restricted_search,cost_moderate,naive,f1_mv,all,all,gemini_absolute,100,True,gemini_snapshot,latest_effective_composite_or_current_snapshot
gemini-3.8-flash-medium,poolact,restricted_search,cost_moderate,poolact,f1_mi,all,all,gemini_absolute,102,True,gemini_snapshot,latest_effective_composite_or_current_snapshot
gemini-3.8-flash-medium,poolact,restricted_search,cost_moderate,poolact,f1_mv,all,all,gemini_absolute,104,True,gemini_snapshot,latest_effective_composite_or_current_snapshot
gemini-3.8-flash-medium,poolact,restricted_search,cost_tight,cached,f1_mi,all,all,gemini_absolute,106,True,gemini_snapshot,latest_effective_composite_or_current_snapshot
gemini-3.8-flash-medium,poolact,restricted_search,cost_tight,cached,f1_mv,all,all,gemini_absolute,108,True,gemini_snapshot,latest_effective_composite_or_current_snapshot
gemini-3.8-flash-medium,poolact,restricted_search,cost_tight,naive,f1_mi,all,all,gemini_absolute,110,True,gemini_snapshot,latest_effective_composite_or_current_snapshot
gemini-3.8-flash-medium,poolact,restricted_search,cost_tight,naive,f1_mv,all,all,gemini_absolute,112,True,gemini_snapshot,latest_effective_composite_or_current_snapshot
gemini-3.8-flash-medium,poolact,restricted_search,cost_tight,poolact,f1_mi,all,all,gemini_absolute,114,True,gemini_snapshot,latest_effective_composite_or_current_snapshot
gemini-3.8-flash-medium,poolact,restricted_search,cost_tight,poolact,f1_mv,all,all,gemini_absolute,116,True,gemini_snapshot,latest_effective_composite_or_current_snapshot
gemini-3.8-flash-medium,poolact,restricted_search,cost_moderate,cached,f1_mi,family,whois,gemini_absolute,95,True,gemini_snapshot,latest_effective_composite_or_current_snapshot
gemini-3.8-flash-medium,poolact,restricted_search,cost_moderate,cached,f1_mv,family,whois,gemini_absolute,97,True,gemini_snapshot,latest_effective_composite_or_current_snapshot
gemini-3.8-flash-medium,poolact,restricted_search,cost_moderate,naive,f1_mi,family,whois,gemini_absolute,99,True,gemini_snapshot,latest_effective_composite_or_current_snapshot
gemini-3.8-flash-medium,poolact,restricted_search,cost_moderate,naive,f1_mv,family,whois,gemini_absolute,101,True,gemini_snapshot,latest_effective_composite_or_current_snapshot
gemini-3.8-flash-medium,poolact,restricted_search,cost_moderate,poolact,f1_mi,family,whois,gemini_absolute,103,True,gemini_snapshot,latest_effective_composite_or_current_snapshot
gemini-3.8-flash-medium,poolact,restricted_search,cost_moderate,poolact,f1_mv,family,whois,gemini_absolute,105,True,gemini_snapshot,latest_effective_composite_or_current_snapshot
gemini-3.8-flash-medium,poolact,restricted_search,cost_tight,cached,f1_mi,family,whois,gemini_absolute,107,True,gemini_snapshot,latest_effective_composite_or_current_snapshot
gemini-3.8-flash-medium,poolact,restricted_search,cost_tight,cached,f1_mv,family,whois,gemini_absolute,109,True,gemini_snapshot,latest_effective_composite_or_current_snapshot
gemini-3.8-flash-medium,poolact,restricted_search,cost_tight,naive,f1_mi,family,whois,gemini_absolute,111,True,gemini_snapshot,latest_effective_composite_or_current_snapshot
gemini-3.8-flash-medium,poolact,restricted_search,cost_tight,naive,f1_mv,family,whois,gemini_absolute,113,True,gemini_snapshot,latest_effective_composite_or_current_snapshot
gemini-3.8-flash-medium,poolact,restricted_search,cost_tight,poolact,f1_mi,family,whois,gemini_absolute,115,True,gemini_snapshot,latest_effective_composite_or_current_snapshot
gemini-3.8-flash-medium,poolact,restricted_search,cost_tight,poolact,f1_mv,family,whois,gemini_absolute,117,True,gemini_snapshot,latest_effective_composite_or_current_snapshot
gemini-3.8-flash-medium,poolact,restricted_search,cost_moderate,cached,f1_mi,task,phantom_seed2:0,gemini_metrics,[784],True,gemini_snapshot,derived_from_all_registered_saved_scalars; unknown_not_dropped
gemini-3.8-flash-medium,poolact,restricted_search,cost_moderate,cached,f1_mv,task,phantom_seed2:0,gemini_metrics,[785],True,gemini_snapshot,derived_from_all_registered_saved_scalars; unknown_not_dropped
gemini-3.8-flash-medium,poolact,restricted_search,cost_moderate,naive,f1_mi,task,phantom_seed2:0,gemini_metrics,[1341],True,gemini_snapshot,derived_from_all_registered_saved_scalars; unknown_not_dropped
gemini-3.8-flash-medium,poolact,restricted_search,cost_moderate,naive,f1_mv,task,phantom_seed2:0,gemini_metrics,[1342],True,gemini_snapshot,derived_from_all_registered_saved_scalars; unknown_not_dropped
gemini-3.8-flash-medium,poolact,restricted_search,cost_moderate,poolact,f1_mi,task,phantom_seed2:0,gemini_metrics,[621],True,gemini_snapshot,derived_from_all_registered_saved_scalars; unknown_not_dropped
gemini-3.8-flash-medium,poolact,restricted_search,cost_moderate,poolact,f1_mv,task,phantom_seed2:0,gemini_metrics,[622],True,gemini_snapshot,derived_from_all_registered_saved_scalars; unknown_not_dropped
gemini-3.8-flash-medium,poolact,restricted_search,cost_tight,cached,f1_mi,task,phantom_seed2:0,gemini_metrics,[189],True,gemini_snapshot,derived_from_all_registered_saved_scalars; unknown_not_dropped
gemini-3.8-flash-medium,poolact,restricted_search,cost_tight,cached,f1_mv,task,phantom_seed2:0,gemini_metrics,[190],True,gemini_snapshot,derived_from_all_registered_saved_scalars; unknown_not_dropped
gemini-3.8-flash-medium,poolact,restricted_search,cost_tight,naive,f1_mi,task,phantom_seed2:0,gemini_metrics,[713],True,gemini_snapshot,derived_from_all_registered_saved_scalars; unknown_not_dropped
gemini-3.8-flash-medium,poolact,restricted_search,cost_tight,naive,f1_mv,task,phantom_seed2:0,gemini_metrics,[714],True,gemini_snapshot,derived_from_all_registered_saved_scalars; unknown_not_dropped
gemini-3.8-flash-medium,poolact,restricted_search,cost_tight,poolact,f1_mi,task,phantom_seed2:0,gemini_metrics,[161],True,gemini_snapshot,derived_from_all_registered_saved_scalars; unknown_not_dropped
gemini-3.8-flash-medium,poolact,restricted_search,cost_tight,poolact,f1_mv,task,phantom_seed2:0,gemini_metrics,[162],True,gemini_snapshot,derived_from_all_registered_saved_scalars; unknown_not_dropped
gemini-3.8-flash-medium,poolact,restricted_search,cost_moderate,cached,f1_mi,task,phantom_seed2:1,gemini_metrics,[788],True,gemini_snapshot,derived_from_all_registered_saved_scalars; unknown_not_dropped
gemini-3.8-flash-medium,poolact,restricted_search,cost_moderate,cached,f1_mv,task,phantom_seed2:1,gemini_metrics,[789],True,gemini_snapshot,derived_from_all_registered_saved_scalars; unknown_not_dropped
gemini-3.8-flash-medium,poolact,restricted_search,cost_moderate,naive,f1_mi,task,phantom_seed2:1,gemini_metrics,[559],True,gemini_snapshot,derived_from_all_registered_saved_scalars; unknown_not_dropped
gemini-3.8-flash-medium,poolact,restricted_search,cost_moderate,naive,f1_mv,task,phantom_seed2:1,gemini_metrics,[560],True,gemini_snapshot,derived_from_all_registered_saved_scalars; unknown_not_dropped
gemini-3.8-flash-medium,poolact,restricted_search,cost_moderate,poolact,f1_mi,task,phantom_seed2:1,gemini_metrics,[1313],True,gemini_snapshot,derived_from_all_registered_saved_scalars; unknown_not_dropped
gemini-3.8-flash-medium,poolact,restricted_search,cost_moderate,poolact,f1_mv,task,phantom_seed2:1,gemini_metrics,[1314],True,gemini_snapshot,derived_from_all_registered_saved_scalars; unknown_not_dropped
gemini-3.8-flash-medium,poolact,restricted_search,cost_tight,cached,f1_mi,task,phantom_seed2:1,gemini_metrics,[758],True,gemini_snapshot,derived_from_all_registered_saved_scalars; unknown_not_dropped
gemini-3.8-flash-medium,poolact,restricted_search,cost_tight,cached,f1_mv,task,phantom_seed2:1,gemini_metrics,[759],True,gemini_snapshot,derived_from_all_registered_saved_scalars; unknown_not_dropped
gemini-3.8-flash-medium,poolact,restricted_search,cost_tight,naive,f1_mi,task,phantom_seed2:1,gemini_metrics,[8],True,gemini_snapshot,derived_from_all_registered_saved_scalars; unknown_not_dropped
gemini-3.8-flash-medium,poolact,restricted_search,cost_tight,naive,f1_mv,task,phantom_seed2:1,gemini_metrics,[9],True,gemini_snapshot,derived_from_all_registered_saved_scalars; unknown_not_dropped
gemini-3.8-flash-medium,poolact,restricted_search,cost_tight,poolact,f1_mi,task,phantom_seed2:1,gemini_metrics,[1260],True,gemini_snapshot,derived_from_all_registered_saved_scalars; unknown_not_dropped
gemini-3.8-flash-medium,poolact,restricted_search,cost_tight,poolact,f1_mv,task,phantom_seed2:1,gemini_metrics,[1261],True,gemini_snapshot,derived_from_all_registered_saved_scalars; unknown_not_dropped
gemini-3.8-flash-medium,poolact,restricted_search,cost_moderate,cached,f1_mi,task,phantom_seed2:10,gemini_metrics,[1297],True,gemini_snapshot,derived_from_all_registered_saved_scalars; unknown_not_dropped
gemini-3.8-flash-medium,poolact,restricted_search,cost_moderate,cached,f1_mv,task,phantom_seed2:10,gemini_metrics,[1298],True,gemini_snapshot,derived_from_all_registered_saved_scalars; unknown_not_dropped
gemini-3.8-flash-medium,poolact,restricted_search,cost_moderate,naive,f1_mi,task,phantom_seed2:10,gemini_metrics,[519],True,gemini_snapshot,derived_from_all_registered_saved_scalars; unknown_not_dropped
gemini-3.8-flash-medium,poolact,restricted_search,cost_moderate,naive,f1_mv,task,phantom_seed2:10,gemini_metrics,[520],True,gemini_snapshot,derived_from_all_registered_saved_scalars; unknown_not_dropped
gemini-3.8-flash-medium,poolact,restricted_search,cost_moderate,poolact,f1_mi,task,phantom_seed2:10,gemini_metrics,[916],True,gemini_snapshot,derived_from_all_registered_saved_scalars; unknown_not_dropped
gemini-3.8-flash-medium,poolact,restricted_search,cost_moderate,poolact,f1_mv,task,phantom_seed2:10,gemini_metrics,[917],True,gemini_snapshot,derived_from_all_registered_saved_scalars; unknown_not_dropped
gemini-3.8-flash-medium,poolact,restricted_search,cost_tight,cached,f1_mi,task,phantom_seed2:10,gemini_metrics,[454],True,gemini_snapshot,derived_from_all_registered_saved_scalars; unknown_not_dropped
gemini-3.8-flash-medium,poolact,restricted_search,cost_tight,cached,f1_mv,task,phantom_seed2:10,gemini_metrics,[455],True,gemini_snapshot,derived_from_all_registered_saved_scalars; unknown_not_dropped
gemini-3.8-flash-medium,poolact,restricted_search,cost_tight,naive,f1_mi,task,phantom_seed2:10,gemini_metrics,[10],True,gemini_snapshot,derived_from_all_registered_saved_scalars; unknown_not_dropped
gemini-3.8-flash-medium,poolact,restricted_search,cost_tight,naive,f1_mv,task,phantom_seed2:10,gemini_metrics,[11],True,gemini_snapshot,derived_from_all_registered_saved_scalars; unknown_not_dropped
gemini-3.8-flash-medium,poolact,restricted_search,cost_tight,poolact,f1_mi,task,phantom_seed2:10,gemini_metrics,[58],True,gemini_snapshot,derived_from_all_registered_saved_scalars; unknown_not_dropped
gemini-3.8-flash-medium,poolact,restricted_search,cost_tight,poolact,f1_mv,task,phantom_seed2:10,gemini_metrics,[59],True,gemini_snapshot,derived_from_all_registered_saved_scalars; unknown_not_dropped
gemini-3.8-flash-medium,poolact,restricted_search,cost_moderate,cached,f1_mi,task,phantom_seed2:11,gemini_metrics,[1043],True,gemini_snapshot,derived_from_all_registered_saved_scalars; unknown_not_dropped
gemini-3.8-flash-medium,poolact,restricted_search,cost_moderate,cached,f1_mv,task,phantom_seed2:11,gemini_metrics,[1044],True,gemini_snapshot,derived_from_all_registered_saved_scalars; unknown_not_dropped
gemini-3.8-flash-medium,poolact,restricted_search,cost_moderate,naive,f1_mi,task,phantom_seed2:11,gemini_metrics,[1099],True,gemini_snapshot,derived_from_all_registered_saved_scalars; unknown_not_dropped
gemini-3.8-flash-medium,poolact,restricted_search,cost_moderate,naive,f1_mv,task,phantom_seed2:11,gemini_metrics,[1100],True,gemini_snapshot,derived_from_all_registered_saved_scalars; unknown_not_dropped
gemini-3.8-flash-medium,poolact,restricted_search,cost_moderate,poolact,f1_mi,task,phantom_seed2:11,gemini_metrics,[232],True,gemini_snapshot,derived_from_all_registered_saved_scalars; unknown_not_dropped
gemini-3.8-flash-medium,poolact,restricted_search,cost_moderate,poolact,f1_mv,task,phantom_seed2:11,gemini_metrics,[233],True,gemini_snapshot,derived_from_all_registered_saved_scalars; unknown_not_dropped
gemini-3.8-flash-medium,poolact,restricted_search,cost_tight,cached,f1_mi,task,phantom_seed2:11,gemini_metrics,[280],True,gemini_snapshot,derived_from_all_registered_saved_scalars; unknown_not_dropped
gemini-3.8-flash-medium,poolact,restricted_search,cost_tight,cached,f1_mv,task,phantom_seed2:11,gemini_metrics,[281],True,gemini_snapshot,derived_from_all_registered_saved_scalars; unknown_not_dropped
gemini-3.8-flash-medium,poolact,restricted_search,cost_tight,naive,f1_mi,task,phantom_seed2:11,gemini_metrics,[730],True,gemini_snapshot,derived_from_all_registered_saved_scalars; unknown_not_dropped
gemini-3.8-flash-medium,poolact,restricted_search,cost_tight,naive,f1_mv,task,phantom_seed2:11,gemini_metrics,[731],True,gemini_snapshot,derived_from_all_registered_saved_scalars; unknown_not_dropped
gemini-3.8-flash-medium,poolact,restricted_search,cost_tight,poolact,f1_mi,task,phantom_seed2:11,gemini_metrics,[1104],True,gemini_snapshot,derived_from_all_registered_saved_scalars; unknown_not_dropped
gemini-3.8-flash-medium,poolact,restricted_search,cost_tight,poolact,f1_mv,task,phantom_seed2:11,gemini_metrics,[1105],True,gemini_snapshot,derived_from_all_registered_saved_scalars; unknown_not_dropped
gemini-3.8-flash-medium,poolact,restricted_search,cost_moderate,cached,f1_mi,task,phantom_seed2:12,gemini_metrics,[832],True,gemini_snapshot,derived_from_all_registered_saved_scalars; unknown_not_dropped
gemini-3.8-flash-medium,poolact,restricted_search,cost_moderate,cached,f1_mv,task,phantom_seed2:12,gemini_metrics,[833],True,gemini_snapshot,derived_from_all_registered_saved_scalars; unknown_not_dropped
gemini-3.8-flash-medium,poolact,restricted_search,cost_moderate,naive,f1_mi,task,phantom_seed2:12,gemini_metrics,[387],True,gemini_snapshot,derived_from_all_registered_saved_scalars; unknown_not_dropped
gemini-3.8-flash-medium,poolact,restricted_search,cost_moderate,naive,f1_mv,task,phantom_seed2:12,gemini_metrics,[388],True,gemini_snapshot,derived_from_all_registered_saved_scalars; unknown_not_dropped
gemini-3.8-flash-medium,poolact,restricted_search,cost_moderate,poolact,f1_mi,task,phantom_seed2:12,gemini_metrics,[134],True,gemini_snapshot,derived_from_all_registered_saved_scalars; unknown_not_dropped
gemini-3.8-flash-medium,poolact,restricted_search,cost_moderate,poolact,f1_mv,task,phantom_seed2:12,gemini_metrics,[135],True,gemini_snapshot,derived_from_all_registered_saved_scalars; unknown_not_dropped
gemini-3.8-flash-medium,poolact,restricted_search,cost_tight,cached,f1_mi,task,phantom_seed2:12,gemini_metrics,[500],True,gemini_snapshot,derived_from_all_registered_saved_scalars; unknown_not_dropped
gemini-3.8-flash-medium,poolact,restricted_search,cost_tight,cached,f1_mv,task,phantom_seed2:12,gemini_metrics,[501],True,gemini_snapshot,derived_from_all_registered_saved_scalars; unknown_not_dropped
gemini-3.8-flash-medium,poolact,restricted_search,cost_tight,naive,f1_mi,task,phantom_seed2:12,gemini_metrics,[1269],True,gemini_snapshot,derived_from_all_registered_saved_scalars; unknown_not_dropped
gemini-3.8-flash-medium,poolact,restricted_search,cost_tight,naive,f1_mv,task,phantom_seed2:12,gemini_metrics,[1270],True,gemini_snapshot,derived_from_all_registered_saved_scalars; unknown_not_dropped
gemini-3.8-flash-medium,poolact,restricted_search,cost_tight,poolact,f1_mi,task,phantom_seed2:12,gemini_metrics,[352],True,gemini_snapshot,derived_from_all_registered_saved_scalars; unknown_not_dropped
gemini-3.8-flash-medium,poolact,restricted_search,cost_tight,poolact,f1_mv,task,phantom_seed2:12,gemini_metrics,[353],True,gemini_snapshot,derived_from_all_registered_saved_scalars; unknown_not_dropped
gemini-3.8-flash-medium,poolact,restricted_search,cost_moderate,cached,f1_mi,task,phantom_seed2:13,gemini_metrics,[974],True,gemini_snapshot,derived_from_all_registered_saved_scalars; unknown_not_dropped
gemini-3.8-flash-medium,poolact,restricted_search,cost_moderate,cached,f1_mv,task,phantom_seed2:13,gemini_metrics,[975],True,gemini_snapshot,derived_from_all_registered_saved_scalars; unknown_not_dropped
gemini-3.8-flash-medium,poolact,restricted_search,cost_moderate,naive,f1_mi,task,phantom_seed2:13,gemini_metrics,[182],True,gemini_snapshot,derived_from_all_registered_saved_scalars; unknown_not_dropped
gemini-3.8-flash-medium,poolact,restricted_search,cost_moderate,naive,f1_mv,task,phantom_seed2:13,gemini_metrics,[183],True,gemini_snapshot,derived_from_all_registered_saved_scalars; unknown_not_dropped
gemini-3.8-flash-medium,poolact,restricted_search,cost_moderate,poolact,f1_mi,task,phantom_seed2:13,gemini_metrics,[47],True,gemini_snapshot,derived_from_all_registered_saved_scalars; unknown_not_dropped
gemini-3.8-flash-medium,poolact,restricted_search,cost_moderate,poolact,f1_mv,task,phantom_seed2:13,gemini_metrics,[48],True,gemini_snapshot,derived_from_all_registered_saved_scalars; unknown_not_dropped
gemini-3.8-flash-medium,poolact,restricted_search,cost_tight,cached,f1_mi,task,phantom_seed2:13,gemini_metrics,[153],True,gemini_snapshot,derived_from_all_registered_saved_scalars; unknown_not_dropped
gemini-3.8-flash-medium,poolact,restricted_search,cost_tight,cached,f1_mv,task,phantom_seed2:13,gemini_metrics,[154],True,gemini_snapshot,derived_from_all_registered_saved_scalars; unknown_not_dropped
gemini-3.8-flash-medium,poolact,restricted_search,cost_tight,naive,f1_mi,task,phantom_seed2:13,gemini_metrics,[1356],True,gemini_snapshot,derived_from_all_registered_saved_scalars; unknown_not_dropped
gemini-3.8-flash-medium,poolact,restricted_search,cost_tight,naive,f1_mv,task,phantom_seed2:13,gemini_metrics,[1357],True,gemini_snapshot,derived_from_all_registered_saved_scalars; unknown_not_dropped
gemini-3.8-flash-medium,poolact,restricted_search,cost_tight,poolact,f1_mi,task,phantom_seed2:13,gemini_metrics,[248],True,gemini_snapshot,derived_from_all_registered_saved_scalars; unknown_not_dropped
gemini-3.8-flash-medium,poolact,restricted_search,cost_tight,poolact,f1_mv,task,phantom_seed2:13,gemini_metrics,[249],True,gemini_snapshot,derived_from_all_registered_saved_scalars; unknown_not_dropped
gemini-3.8-flash-medium,poolact,restricted_search,cost_moderate,cached,f1_mi,task,phantom_seed2:14,gemini_metrics,[1087],True,gemini_snapshot,derived_from_all_registered_saved_scalars; unknown_not_dropped
gemini-3.8-flash-medium,poolact,restricted_search,cost_moderate,cached,f1_mv,task,phantom_seed2:14,gemini_metrics,[1088],True,gemini_snapshot,derived_from_all_registered_saved_scalars; unknown_not_dropped
gemini-3.8-flash-medium,poolact,restricted_search,cost_moderate,naive,f1_mi,task,phantom_seed2:14,gemini_metrics,[49],True,gemini_snapshot,derived_from_all_registered_saved_scalars; unknown_not_dropped
gemini-3.8-flash-medium,poolact,restricted_search,cost_moderate,naive,f1_mv,task,phantom_seed2:14,gemini_metrics,[50],True,gemini_snapshot,derived_from_all_registered_saved_scalars; unknown_not_dropped
gemini-3.8-flash-medium,poolact,restricted_search,cost_moderate,poolact,f1_mi,task,phantom_seed2:14,gemini_metrics,[79],True,gemini_snapshot,derived_from_all_registered_saved_scalars; unknown_not_dropped
gemini-3.8-flash-medium,poolact,restricted_search,cost_moderate,poolact,f1_mv,task,phantom_seed2:14,gemini_metrics,[80],True,gemini_snapshot,derived_from_all_registered_saved_scalars; unknown_not_dropped
gemini-3.8-flash-medium,poolact,restricted_search,cost_tight,cached,f1_mi,task,phantom_seed2:14,gemini_metrics,[1158],True,gemini_snapshot,derived_from_all_registered_saved_scalars; unknown_not_dropped
gemini-3.8-flash-medium,poolact,restricted_search,cost_tight,cached,f1_mv,task,phantom_seed2:14,gemini_metrics,[1159],True,gemini_snapshot,derived_from_all_registered_saved_scalars; unknown_not_dropped
gemini-3.8-flash-medium,poolact,restricted_search,cost_tight,naive,f1_mi,task,phantom_seed2:14,gemini_metrics,[971],True,gemini_snapshot,derived_from_all_registered_saved_scalars; unknown_not_dropped
gemini-3.8-flash-medium,poolact,restricted_search,cost_tight,naive,f1_mv,task,phantom_seed2:14,gemini_metrics,[972],True,gemini_snapshot,derived_from_all_registered_saved_scalars; unknown_not_dropped
gemini-3.8-flash-medium,poolact,restricted_search,cost_tight,poolact,f1_mi,task,phantom_seed2:14,gemini_metrics,[124],True,gemini_snapshot,derived_from_all_registered_saved_scalars; unknown_not_dropped
gemini-3.8-flash-medium,poolact,restricted_search,cost_tight,poolact,f1_mv,task,phantom_seed2:14,gemini_metrics,[125],True,gemini_snapshot,derived_from_all_registered_saved_scalars; unknown_not_dropped
gemini-3.8-flash-medium,poolact,restricted_search,cost_moderate,cached,f1_mi,task,phantom_seed2:15,gemini_metrics,[749],True,gemini_snapshot,derived_from_all_registered_saved_scalars; unknown_not_dropped
gemini-3.8-flash-medium,poolact,restricted_search,cost_moderate,cached,f1_mv,task,phantom_seed2:15,gemini_metrics,[750],True,gemini_snapshot,derived_from_all_registered_saved_scalars; unknown_not_dropped
gemini-3.8-flash-medium,poolact,restricted_search,cost_moderate,naive,f1_mi,task,phantom_seed2:15,gemini_metrics,[946],True,gemini_snapshot,derived_from_all_registered_saved_scalars; unknown_not_dropped
gemini-3.8-flash-medium,poolact,restricted_search,cost_moderate,naive,f1_mv,task,phantom_seed2:15,gemini_metrics,[947],True,gemini_snapshot,derived_from_all_registered_saved_scalars; unknown_not_dropped
gemini-3.8-flash-medium,poolact,restricted_search,cost_moderate,poolact,f1_mi,task,phantom_seed2:15,gemini_metrics,[814],True,gemini_snapshot,derived_from_all_registered_saved_scalars; unknown_not_dropped
gemini-3.8-flash-medium,poolact,restricted_search,cost_moderate,poolact,f1_mv,task,phantom_seed2:15,gemini_metrics,[815],True,gemini_snapshot,derived_from_all_registered_saved_scalars; unknown_not_dropped
gemini-3.8-flash-medium,poolact,restricted_search,cost_tight,cached,f1_mi,task,phantom_seed2:15,gemini_metrics,[695],True,gemini_snapshot,derived_from_all_registered_saved_scalars; unknown_not_dropped
gemini-3.8-flash-medium,poolact,restricted_search,cost_tight,cached,f1_mv,task,phantom_seed2:15,gemini_metrics,[696],True,gemini_snapshot,derived_from_all_registered_saved_scalars; unknown_not_dropped
gemini-3.8-flash-medium,poolact,restricted_search,cost_tight,naive,f1_mi,task,phantom_seed2:15,gemini_metrics,[976],True,gemini_snapshot,derived_from_all_registered_saved_scalars; unknown_not_dropped
gemini-3.8-flash-medium,poolact,restricted_search,cost_tight,naive,f1_mv,task,phantom_seed2:15,gemini_metrics,[977],True,gemini_snapshot,derived_from_all_registered_saved_scalars; unknown_not_dropped
gemini-3.8-flash-medium,poolact,restricted_search,cost_tight,poolact,f1_mi,task,phantom_seed2:15,gemini_metrics,[191],True,gemini_snapshot,derived_from_all_registered_saved_scalars; unknown_not_dropped
gemini-3.8-flash-medium,poolact,restricted_search,cost_tight,poolact,f1_mv,task,phantom_seed2:15,gemini_metrics,[192],True,gemini_snapshot,derived_from_all_registered_saved_scalars; unknown_not_dropped
gemini-3.8-flash-medium,poolact,restricted_search,cost_moderate,cached,f1_mi,task,phantom_seed2:16,gemini_metrics,[623],True,gemini_snapshot,derived_from_all_registered_saved_scalars; unknown_not_dropped
gemini-3.8-flash-medium,poolact,restricted_search,cost_moderate,cached,f1_mv,task,phantom_seed2:16,gemini_metrics,[624],True,gemini_snapshot,derived_from_all_registered_saved_scalars; unknown_not_dropped
gemini-3.8-flash-medium,poolact,restricted_search,cost_moderate,naive,f1_mi,task,phantom_seed2:16,gemini_metrics,[1000],True,gemini_snapshot,derived_from_all_registered_saved_scalars; unknown_not_dropped
gemini-3.8-flash-medium,poolact,restricted_search,cost_moderate,naive,f1_mv,task,phantom_seed2:16,gemini_metrics,[1001],True,gemini_snapshot,derived_from_all_registered_saved_scalars; unknown_not_dropped
gemini-3.8-flash-medium,poolact,restricted_search,cost_moderate,poolact,f1_mi,task,phantom_seed2:16,gemini_metrics,[969],True,gemini_snapshot,derived_from_all_registered_saved_scalars; unknown_not_dropped
gemini-3.8-flash-medium,poolact,restricted_search,cost_moderate,poolact,f1_mv,task,phantom_seed2:16,gemini_metrics,[970],True,gemini_snapshot,derived_from_all_registered_saved_scalars; unknown_not_dropped
gemini-3.8-flash-medium,poolact,restricted_search,cost_tight,cached,f1_mi,task,phantom_seed2:16,gemini_metrics,[246],True,gemini_snapshot,derived_from_all_registered_saved_scalars; unknown_not_dropped
gemini-3.8-flash-medium,poolact,restricted_search,cost_tight,cached,f1_mv,task,phantom_seed2:16,gemini_metrics,[247],True,gemini_snapshot,derived_from_all_registered_saved_scalars; unknown_not_dropped
gemini-3.8-flash-medium,poolact,restricted_search,cost_tight,naive,f1_mi,task,phantom_seed2:16,gemini_metrics,[762],True,gemini_snapshot,derived_from_all_registered_saved_scalars; unknown_not_dropped
gemini-3.8-flash-medium,poolact,restricted_search,cost_tight,naive,f1_mv,task,phantom_seed2:16,gemini_metrics,[763],True,gemini_snapshot,derived_from_all_registered_saved_scalars; unknown_not_dropped
gemini-3.8-flash-medium,poolact,restricted_search,cost_tight,poolact,f1_mi,task,phantom_seed2:16,gemini_metrics,[575],True,gemini_snapshot,derived_from_all_registered_saved_scalars; unknown_not_dropped
gemini-3.8-flash-medium,poolact,restricted_search,cost_tight,poolact,f1_mv,task,phantom_seed2:16,gemini_metrics,[576],True,gemini_snapshot,derived_from_all_registered_saved_scalars; unknown_not_dropped
gemini-3.8-flash-medium,poolact,restricted_search,cost_moderate,cached,f1_mi,task,phantom_seed2:17,gemini_metrics,[1277],True,gemini_snapshot,derived_from_all_registered_saved_scalars; unknown_not_dropped
gemini-3.8-flash-medium,poolact,restricted_search,cost_moderate,cached,f1_mv,task,phantom_seed2:17,gemini_metrics,[1278],True,gemini_snapshot,derived_from_all_registered_saved_scalars; unknown_not_dropped
gemini-3.8-flash-medium,poolact,restricted_search,cost_moderate,naive,f1_mi,task,phantom_seed2:17,gemini_metrics,[1074],True,gemini_snapshot,derived_from_all_registered_saved_scalars; unknown_not_dropped
gemini-3.8-flash-medium,poolact,restricted_search,cost_moderate,naive,f1_mv,task,phantom_seed2:17,gemini_metrics,[1075],True,gemini_snapshot,derived_from_all_registered_saved_scalars; unknown_not_dropped
gemini-3.8-flash-medium,poolact,restricted_search,cost_moderate,poolact,f1_mi,task,phantom_seed2:17,gemini_metrics,[477],True,gemini_snapshot,derived_from_all_registered_saved_scalars; unknown_not_dropped
gemini-3.8-flash-medium,poolact,restricted_search,cost_moderate,poolact,f1_mv,task,phantom_seed2:17,gemini_metrics,[478],True,gemini_snapshot,derived_from_all_registered_saved_scalars; unknown_not_dropped
gemini-3.8-flash-medium,poolact,restricted_search,cost_tight,cached,f1_mi,task,phantom_seed2:17,gemini_metrics,[572],True,gemini_snapshot,derived_from_all_registered_saved_scalars; unknown_not_dropped
gemini-3.8-flash-medium,poolact,restricted_search,cost_tight,cached,f1_mv,task,phantom_seed2:17,gemini_metrics,[573],True,gemini_snapshot,derived_from_all_registered_saved_scalars; unknown_not_dropped
gemini-3.8-flash-medium,poolact,restricted_search,cost_tight,naive,f1_mi,task,phantom_seed2:17,gemini_metrics,[33],True,gemini_snapshot,derived_from_all_registered_saved_scalars; unknown_not_dropped
gemini-3.8-flash-medium,poolact,restricted_search,cost_tight,naive,f1_mv,task,phantom_seed2:17,gemini_metrics,[34],True,gemini_snapshot,derived_from_all_registered_saved_scalars; unknown_not_dropped
gemini-3.8-flash-medium,poolact,restricted_search,cost_tight,poolact,f1_mi,task,phantom_seed2:17,gemini_metrics,[220],True,gemini_snapshot,derived_from_all_registered_saved_scalars; unknown_not_dropped
gemini-3.8-flash-medium,poolact,restricted_search,cost_tight,poolact,f1_mv,task,phantom_seed2:17,gemini_metrics,[221],True,gemini_snapshot,derived_from_all_registered_saved_scalars; unknown_not_dropped
gemini-3.8-flash-medium,poolact,restricted_search,cost_moderate,cached,f1_mi,task,phantom_seed2:18,gemini_metrics,[561],True,gemini_snapshot,derived_from_all_registered_saved_scalars; unknown_not_dropped
gemini-3.8-flash-medium,poolact,restricted_search,cost_moderate,cached,f1_mv,task,phantom_seed2:18,gemini_metrics,[562],True,gemini_snapshot,derived_from_all_registered_saved_scalars; unknown_not_dropped
gemini-3.8-flash-medium,poolact,restricted_search,cost_moderate,naive,f1_mi,task,phantom_seed2:18,gemini_metrics,[366],True,gemini_snapshot,derived_from_all_registered_saved_scalars; unknown_not_dropped
gemini-3.8-flash-medium,poolact,restricted_search,cost_moderate,naive,f1_mv,task,phantom_seed2:18,gemini_metrics,[367],True,gemini_snapshot,derived_from_all_registered_saved_scalars; unknown_not_dropped
gemini-3.8-flash-medium,poolact,restricted_search,cost_moderate,poolact,f1_mi,task,phantom_seed2:18,gemini_metrics,[901],True,gemini_snapshot,derived_from_all_registered_saved_scalars; unknown_not_dropped
gemini-3.8-flash-medium,poolact,restricted_search,cost_moderate,poolact,f1_mv,task,phantom_seed2:18,gemini_metrics,[902],True,gemini_snapshot,derived_from_all_registered_saved_scalars; unknown_not_dropped
gemini-3.8-flash-medium,poolact,restricted_search,cost_tight,cached,f1_mi,task,phantom_seed2:18,gemini_metrics,[485],True,gemini_snapshot,derived_from_all_registered_saved_scalars; unknown_not_dropped
gemini-3.8-flash-medium,poolact,restricted_search,cost_tight,cached,f1_mv,task,phantom_seed2:18,gemini_metrics,[486],True,gemini_snapshot,derived_from_all_registered_saved_scalars; unknown_not_dropped
gemini-3.8-flash-medium,poolact,restricted_search,cost_tight,naive,f1_mi,task,phantom_seed2:18,gemini_metrics,[1023],True,gemini_snapshot,derived_from_all_registered_saved_scalars; unknown_not_dropped
gemini-3.8-flash-medium,poolact,restricted_search,cost_tight,naive,f1_mv,task,phantom_seed2:18,gemini_metrics,[1024],True,gemini_snapshot,derived_from_all_registered_saved_scalars; unknown_not_dropped
gemini-3.8-flash-medium,poolact,restricted_search,cost_tight,poolact,f1_mi,task,phantom_seed2:18,gemini_metrics,[803],True,gemini_snapshot,derived_from_all_registered_saved_scalars; unknown_not_dropped
gemini-3.8-flash-medium,poolact,restricted_search,cost_tight,poolact,f1_mv,task,phantom_seed2:18,gemini_metrics,[804],True,gemini_snapshot,derived_from_all_registered_saved_scalars; unknown_not_dropped
gemini-3.8-flash-medium,poolact,restricted_search,cost_moderate,cached,f1_mi,task,phantom_seed2:19,gemini_metrics,[1143],True,gemini_snapshot,derived_from_all_registered_saved_scalars; unknown_not_dropped
gemini-3.8-flash-medium,poolact,restricted_search,cost_moderate,cached,f1_mv,task,phantom_seed2:19,gemini_metrics,[1144],True,gemini_snapshot,derived_from_all_registered_saved_scalars; unknown_not_dropped
gemini-3.8-flash-medium,poolact,restricted_search,cost_moderate,naive,f1_mi,task,phantom_seed2:19,gemini_metrics,[100],True,gemini_snapshot,derived_from_all_registered_saved_scalars; unknown_not_dropped
gemini-3.8-flash-medium,poolact,restricted_search,cost_moderate,naive,f1_mv,task,phantom_seed2:19,gemini_metrics,[101],True,gemini_snapshot,derived_from_all_registered_saved_scalars; unknown_not_dropped
gemini-3.8-flash-medium,poolact,restricted_search,cost_moderate,poolact,f1_mi,task,phantom_seed2:19,gemini_metrics,[1332],True,gemini_snapshot,derived_from_all_registered_saved_scalars; unknown_not_dropped
gemini-3.8-flash-medium,poolact,restricted_search,cost_moderate,poolact,f1_mv,task,phantom_seed2:19,gemini_metrics,[1333],True,gemini_snapshot,derived_from_all_registered_saved_scalars; unknown_not_dropped
gemini-3.8-flash-medium,poolact,restricted_search,cost_tight,cached,f1_mi,task,phantom_seed2:19,gemini_metrics,[790],True,gemini_snapshot,derived_from_all_registered_saved_scalars; unknown_not_dropped
gemini-3.8-flash-medium,poolact,restricted_search,cost_tight,cached,f1_mv,task,phantom_seed2:19,gemini_metrics,[791],True,gemini_snapshot,derived_from_all_registered_saved_scalars; unknown_not_dropped
gemini-3.8-flash-medium,poolact,restricted_search,cost_tight,naive,f1_mi,task,phantom_seed2:19,gemini_metrics,[151],True,gemini_snapshot,derived_from_all_registered_saved_scalars; unknown_not_dropped
gemini-3.8-flash-medium,poolact,restricted_search,cost_tight,naive,f1_mv,task,phantom_seed2:19,gemini_metrics,[152],True,gemini_snapshot,derived_from_all_registered_saved_scalars; unknown_not_dropped
gemini-3.8-flash-medium,poolact,restricted_search,cost_tight,poolact,f1_mi,task,phantom_seed2:19,gemini_metrics,[1358],True,gemini_snapshot,derived_from_all_registered_saved_scalars; unknown_not_dropped
gemini-3.8-flash-medium,poolact,restricted_search,cost_tight,poolact,f1_mv,task,phantom_seed2:19,gemini_metrics,[1359],True,gemini_snapshot,derived_from_all_registered_saved_scalars; unknown_not_dropped
gemini-3.8-flash-medium,poolact,restricted_search,cost_moderate,cached,f1_mi,task,phantom_seed2:2,gemini_metrics,[1315],True,gemini_snapshot,derived_from_all_registered_saved_scalars; unknown_not_dropped
gemini-3.8-flash-medium,poolact,restricted_search,cost_moderate,cached,f1_mv,task,phantom_seed2:2,gemini_metrics,[1316],True,gemini_snapshot,derived_from_all_registered_saved_scalars; unknown_not_dropped
gemini-3.8-flash-medium,poolact,restricted_search,cost_moderate,naive,f1_mi,task,phantom_seed2:2,gemini_metrics,[272],True,gemini_snapshot,derived_from_all_registered_saved_scalars; unknown_not_dropped
gemini-3.8-flash-medium,poolact,restricted_search,cost_moderate,naive,f1_mv,task,phantom_seed2:2,gemini_metrics,[273],True,gemini_snapshot,derived_from_all_registered_saved_scalars; unknown_not_dropped
gemini-3.8-flash-medium,poolact,restricted_search,cost_moderate,poolact,f1_mi,task,phantom_seed2:2,gemini_metrics,[994],True,gemini_snapshot,derived_from_all_registered_saved_scalars; unknown_not_dropped
gemini-3.8-flash-medium,poolact,restricted_search,cost_moderate,poolact,f1_mv,task,phantom_seed2:2,gemini_metrics,[995],True,gemini_snapshot,derived_from_all_registered_saved_scalars; unknown_not_dropped
gemini-3.8-flash-medium,poolact,restricted_search,cost_tight,cached,f1_mi,task,phantom_seed2:2,gemini_metrics,[522],True,gemini_snapshot,derived_from_all_registered_saved_scalars; unknown_not_dropped
gemini-3.8-flash-medium,poolact,restricted_search,cost_tight,cached,f1_mv,task,phantom_seed2:2,gemini_metrics,[523],True,gemini_snapshot,derived_from_all_registered_saved_scalars; unknown_not_dropped
gemini-3.8-flash-medium,poolact,restricted_search,cost_tight,naive,f1_mi,task,phantom_seed2:2,gemini_metrics,[456],True,gemini_snapshot,derived_from_all_registered_saved_scalars; unknown_not_dropped
gemini-3.8-flash-medium,poolact,restricted_search,cost_tight,naive,f1_mv,task,phantom_seed2:2,gemini_metrics,[457],True,gemini_snapshot,derived_from_all_registered_saved_scalars; unknown_not_dropped
gemini-3.8-flash-medium,poolact,restricted_search,cost_tight,poolact,f1_mi,task,phantom_seed2:2,gemini_metrics,[1179],True,gemini_snapshot,derived_from_all_registered_saved_scalars; unknown_not_dropped
gemini-3.8-flash-medium,poolact,restricted_search,cost_tight,poolact,f1_mv,task,phantom_seed2:2,gemini_metrics,[1180],True,gemini_snapshot,derived_from_all_registered_saved_scalars; unknown_not_dropped
gemini-3.8-flash-medium,poolact,restricted_search,cost_moderate,cached,f1_mi,task,phantom_seed2:3,gemini_metrics,[647],True,gemini_snapshot,derived_from_all_registered_saved_scalars; unknown_not_dropped
gemini-3.8-flash-medium,poolact,restricted_search,cost_moderate,cached,f1_mv,task,phantom_seed2:3,gemini_metrics,[648],True,gemini_snapshot,derived_from_all_registered_saved_scalars; unknown_not_dropped
gemini-3.8-flash-medium,poolact,restricted_search,cost_moderate,naive,f1_mi,task,phantom_seed2:3,gemini_metrics,[155],True,gemini_snapshot,derived_from_all_registered_saved_scalars; unknown_not_dropped
gemini-3.8-flash-medium,poolact,restricted_search,cost_moderate,naive,f1_mv,task,phantom_seed2:3,gemini_metrics,[156],True,gemini_snapshot,derived_from_all_registered_saved_scalars; unknown_not_dropped
gemini-3.8-flash-medium,poolact,restricted_search,cost_moderate,poolact,f1_mi,task,phantom_seed2:3,gemini_metrics,[978],True,gemini_snapshot,derived_from_all_registered_saved_scalars; unknown_not_dropped
gemini-3.8-flash-medium,poolact,restricted_search,cost_moderate,poolact,f1_mv,task,phantom_seed2:3,gemini_metrics,[979],True,gemini_snapshot,derived_from_all_registered_saved_scalars; unknown_not_dropped
gemini-3.8-flash-medium,poolact,restricted_search,cost_tight,cached,f1_mi,task,phantom_seed2:3,gemini_metrics,[368],True,gemini_snapshot,derived_from_all_registered_saved_scalars; unknown_not_dropped
gemini-3.8-flash-medium,poolact,restricted_search,cost_tight,cached,f1_mv,task,phantom_seed2:3,gemini_metrics,[369],True,gemini_snapshot,derived_from_all_registered_saved_scalars; unknown_not_dropped
gemini-3.8-flash-medium,poolact,restricted_search,cost_tight,naive,f1_mi,task,phantom_seed2:3,gemini_metrics,[338],True,gemini_snapshot,derived_from_all_registered_saved_scalars; unknown_not_dropped
gemini-3.8-flash-medium,poolact,restricted_search,cost_tight,naive,f1_mv,task,phantom_seed2:3,gemini_metrics,[339],True,gemini_snapshot,derived_from_all_registered_saved_scalars; unknown_not_dropped
gemini-3.8-flash-medium,poolact,restricted_search,cost_tight,poolact,f1_mi,task,phantom_seed2:3,gemini_metrics,[1226],True,gemini_snapshot,derived_from_all_registered_saved_scalars; unknown_not_dropped
gemini-3.8-flash-medium,poolact,restricted_search,cost_tight,poolact,f1_mv,task,phantom_seed2:3,gemini_metrics,[1227],True,gemini_snapshot,derived_from_all_registered_saved_scalars; unknown_not_dropped
gemini-3.8-flash-medium,poolact,restricted_search,cost_moderate,cached,f1_mi,task,phantom_seed2:4,gemini_metrics,[1224],True,gemini_snapshot,derived_from_all_registered_saved_scalars; unknown_not_dropped
gemini-3.8-flash-medium,poolact,restricted_search,cost_moderate,cached,f1_mv,task,phantom_seed2:4,gemini_metrics,[1225],True,gemini_snapshot,derived_from_all_registered_saved_scalars; unknown_not_dropped
gemini-3.8-flash-medium,poolact,restricted_search,cost_moderate,naive,f1_mi,task,phantom_seed2:4,gemini_metrics,[1093],True,gemini_snapshot,derived_from_all_registered_saved_scalars; unknown_not_dropped
gemini-3.8-flash-medium,poolact,restricted_search,cost_moderate,naive,f1_mv,task,phantom_seed2:4,gemini_metrics,[1094],True,gemini_snapshot,derived_from_all_registered_saved_scalars; unknown_not_dropped
gemini-3.8-flash-medium,poolact,restricted_search,cost_moderate,poolact,f1_mi,task,phantom_seed2:4,gemini_metrics,[498],True,gemini_snapshot,derived_from_all_registered_saved_scalars; unknown_not_dropped
gemini-3.8-flash-medium,poolact,restricted_search,cost_moderate,poolact,f1_mv,task,phantom_seed2:4,gemini_metrics,[499],True,gemini_snapshot,derived_from_all_registered_saved_scalars; unknown_not_dropped
gemini-3.8-flash-medium,poolact,restricted_search,cost_tight,cached,f1_mi,task,phantom_seed2:4,gemini_metrics,[21],True,gemini_snapshot,derived_from_all_registered_saved_scalars; unknown_not_dropped
gemini-3.8-flash-medium,poolact,restricted_search,cost_tight,cached,f1_mv,task,phantom_seed2:4,gemini_metrics,[22],True,gemini_snapshot,derived_from_all_registered_saved_scalars; unknown_not_dropped
gemini-3.8-flash-medium,poolact,restricted_search,cost_tight,naive,f1_mi,task,phantom_seed2:4,gemini_metrics,[1161],True,gemini_snapshot,derived_from_all_registered_saved_scalars; unknown_not_dropped
gemini-3.8-flash-medium,poolact,restricted_search,cost_tight,naive,f1_mv,task,phantom_seed2:4,gemini_metrics,[1162],True,gemini_snapshot,derived_from_all_registered_saved_scalars; unknown_not_dropped
gemini-3.8-flash-medium,poolact,restricted_search,cost_tight,poolact,f1_mi,task,phantom_seed2:4,gemini_metrics,[904],True,gemini_snapshot,derived_from_all_registered_saved_scalars; unknown_not_dropped
gemini-3.8-flash-medium,poolact,restricted_search,cost_tight,poolact,f1_mv,task,phantom_seed2:4,gemini_metrics,[905],True,gemini_snapshot,derived_from_all_registered_saved_scalars; unknown_not_dropped
gemini-3.8-flash-medium,poolact,restricted_search,cost_moderate,cached,f1_mi,task,phantom_seed2:5,gemini_metrics,[414],True,gemini_snapshot,derived_from_all_registered_saved_scalars; unknown_not_dropped
gemini-3.8-flash-medium,poolact,restricted_search,cost_moderate,cached,f1_mv,task,phantom_seed2:5,gemini_metrics,[415],True,gemini_snapshot,derived_from_all_registered_saved_scalars; unknown_not_dropped
gemini-3.8-flash-medium,poolact,restricted_search,cost_moderate,naive,f1_mi,task,phantom_seed2:5,gemini_metrics,[173],True,gemini_snapshot,derived_from_all_registered_saved_scalars; unknown_not_dropped
gemini-3.8-flash-medium,poolact,restricted_search,cost_moderate,naive,f1_mv,task,phantom_seed2:5,gemini_metrics,[174],True,gemini_snapshot,derived_from_all_registered_saved_scalars; unknown_not_dropped
gemini-3.8-flash-medium,poolact,restricted_search,cost_moderate,poolact,f1_mi,task,phantom_seed2:5,gemini_metrics,[736],True,gemini_snapshot,derived_from_all_registered_saved_scalars; unknown_not_dropped
gemini-3.8-flash-medium,poolact,restricted_search,cost_moderate,poolact,f1_mv,task,phantom_seed2:5,gemini_metrics,[737],True,gemini_snapshot,derived_from_all_registered_saved_scalars; unknown_not_dropped
gemini-3.8-flash-medium,poolact,restricted_search,cost_tight,cached,f1_mi,task,phantom_seed2:5,gemini_metrics,[389],True,gemini_snapshot,derived_from_all_registered_saved_scalars; unknown_not_dropped
gemini-3.8-flash-medium,poolact,restricted_search,cost_tight,cached,f1_mv,task,phantom_seed2:5,gemini_metrics,[390],True,gemini_snapshot,derived_from_all_registered_saved_scalars; unknown_not_dropped
gemini-3.8-flash-medium,poolact,restricted_search,cost_tight,naive,f1_mi,task,phantom_seed2:5,gemini_metrics,[1149],True,gemini_snapshot,derived_from_all_registered_saved_scalars; unknown_not_dropped
gemini-3.8-flash-medium,poolact,restricted_search,cost_tight,naive,f1_mv,task,phantom_seed2:5,gemini_metrics,[1150],True,gemini_snapshot,derived_from_all_registered_saved_scalars; unknown_not_dropped
gemini-3.8-flash-medium,poolact,restricted_search,cost_tight,poolact,f1_mi,task,phantom_seed2:5,gemini_metrics,[1335],True,gemini_snapshot,derived_from_all_registered_saved_scalars; unknown_not_dropped
gemini-3.8-flash-medium,poolact,restricted_search,cost_tight,poolact,f1_mv,task,phantom_seed2:5,gemini_metrics,[1336],True,gemini_snapshot,derived_from_all_registered_saved_scalars; unknown_not_dropped
gemini-3.8-flash-medium,poolact,restricted_search,cost_moderate,cached,f1_mi,task,phantom_seed2:6,gemini_metrics,[262],True,gemini_snapshot,derived_from_all_registered_saved_scalars; unknown_not_dropped
gemini-3.8-flash-medium,poolact,restricted_search,cost_moderate,cached,f1_mv,task,phantom_seed2:6,gemini_metrics,[263],True,gemini_snapshot,derived_from_all_registered_saved_scalars; unknown_not_dropped
gemini-3.8-flash-medium,poolact,restricted_search,cost_moderate,naive,f1_mi,task,phantom_seed2:6,gemini_metrics,[1299],True,gemini_snapshot,derived_from_all_registered_saved_scalars; unknown_not_dropped
gemini-3.8-flash-medium,poolact,restricted_search,cost_moderate,naive,f1_mv,task,phantom_seed2:6,gemini_metrics,[1300],True,gemini_snapshot,derived_from_all_registered_saved_scalars; unknown_not_dropped
gemini-3.8-flash-medium,poolact,restricted_search,cost_moderate,poolact,f1_mi,task,phantom_seed2:6,gemini_metrics,[1306],True,gemini_snapshot,derived_from_all_registered_saved_scalars; unknown_not_dropped
gemini-3.8-flash-medium,poolact,restricted_search,cost_moderate,poolact,f1_mv,task,phantom_seed2:6,gemini_metrics,[1307],True,gemini_snapshot,derived_from_all_registered_saved_scalars; unknown_not_dropped
gemini-3.8-flash-medium,poolact,restricted_search,cost_tight,cached,f1_mi,task,phantom_seed2:6,gemini_metrics,[1136],True,gemini_snapshot,derived_from_all_registered_saved_scalars; unknown_not_dropped
gemini-3.8-flash-medium,poolact,restricted_search,cost_tight,cached,f1_mv,task,phantom_seed2:6,gemini_metrics,[1137],True,gemini_snapshot,derived_from_all_registered_saved_scalars; unknown_not_dropped
gemini-3.8-flash-medium,poolact,restricted_search,cost_tight,naive,f1_mi,task,phantom_seed2:6,gemini_metrics,[606],True,gemini_snapshot,derived_from_all_registered_saved_scalars; unknown_not_dropped
gemini-3.8-flash-medium,poolact,restricted_search,cost_tight,naive,f1_mv,task,phantom_seed2:6,gemini_metrics,[607],True,gemini_snapshot,derived_from_all_registered_saved_scalars; unknown_not_dropped
gemini-3.8-flash-medium,poolact,restricted_search,cost_tight,poolact,f1_mi,task,phantom_seed2:6,gemini_metrics,[1110],True,gemini_snapshot,derived_from_all_registered_saved_scalars; unknown_not_dropped
gemini-3.8-flash-medium,poolact,restricted_search,cost_tight,poolact,f1_mv,task,phantom_seed2:6,gemini_metrics,[1111],True,gemini_snapshot,derived_from_all_registered_saved_scalars; unknown_not_dropped
gemini-3.8-flash-medium,poolact,restricted_search,cost_moderate,cached,f1_mi,task,phantom_seed2:7,gemini_metrics,[73],True,gemini_snapshot,derived_from_all_registered_saved_scalars; unknown_not_dropped
gemini-3.8-flash-medium,poolact,restricted_search,cost_moderate,cached,f1_mv,task,phantom_seed2:7,gemini_metrics,[74],True,gemini_snapshot,derived_from_all_registered_saved_scalars; unknown_not_dropped
gemini-3.8-flash-medium,poolact,restricted_search,cost_moderate,naive,f1_mi,task,phantom_seed2:7,gemini_metrics,[689],True,gemini_snapshot,derived_from_all_registered_saved_scalars; unknown_not_dropped
gemini-3.8-flash-medium,poolact,restricted_search,cost_moderate,naive,f1_mv,task,phantom_seed2:7,gemini_metrics,[690],True,gemini_snapshot,derived_from_all_registered_saved_scalars; unknown_not_dropped
gemini-3.8-flash-medium,poolact,restricted_search,cost_moderate,poolact,f1_mi,task,phantom_seed2:7,gemini_metrics,[129],True,gemini_snapshot,derived_from_all_registered_saved_scalars; unknown_not_dropped
gemini-3.8-flash-medium,poolact,restricted_search,cost_moderate,poolact,f1_mv,task,phantom_seed2:7,gemini_metrics,[130],True,gemini_snapshot,derived_from_all_registered_saved_scalars; unknown_not_dropped
gemini-3.8-flash-medium,poolact,restricted_search,cost_tight,cached,f1_mi,task,phantom_seed2:7,gemini_metrics,[738],True,gemini_snapshot,derived_from_all_registered_saved_scalars; unknown_not_dropped
gemini-3.8-flash-medium,poolact,restricted_search,cost_tight,cached,f1_mv,task,phantom_seed2:7,gemini_metrics,[739],True,gemini_snapshot,derived_from_all_registered_saved_scalars; unknown_not_dropped
gemini-3.8-flash-medium,poolact,restricted_search,cost_tight,naive,f1_mi,task,phantom_seed2:7,gemini_metrics,[722],True,gemini_snapshot,derived_from_all_registered_saved_scalars; unknown_not_dropped
gemini-3.8-flash-medium,poolact,restricted_search,cost_tight,naive,f1_mv,task,phantom_seed2:7,gemini_metrics,[723],True,gemini_snapshot,derived_from_all_registered_saved_scalars; unknown_not_dropped
gemini-3.8-flash-medium,poolact,restricted_search,cost_tight,poolact,f1_mi,task,phantom_seed2:7,gemini_metrics,[1121],True,gemini_snapshot,derived_from_all_registered_saved_scalars; unknown_not_dropped
gemini-3.8-flash-medium,poolact,restricted_search,cost_tight,poolact,f1_mv,task,phantom_seed2:7,gemini_metrics,[1122],True,gemini_snapshot,derived_from_all_registered_saved_scalars; unknown_not_dropped
gemini-3.8-flash-medium,poolact,restricted_search,cost_moderate,cached,f1_mi,task,phantom_seed2:8,gemini_metrics,[1279],True,gemini_snapshot,derived_from_all_registered_saved_scalars; unknown_not_dropped
gemini-3.8-flash-medium,poolact,restricted_search,cost_moderate,cached,f1_mv,task,phantom_seed2:8,gemini_metrics,[1280],True,gemini_snapshot,derived_from_all_registered_saved_scalars; unknown_not_dropped
gemini-3.8-flash-medium,poolact,restricted_search,cost_moderate,naive,f1_mi,task,phantom_seed2:8,gemini_metrics,[874],True,gemini_snapshot,derived_from_all_registered_saved_scalars; unknown_not_dropped
gemini-3.8-flash-medium,poolact,restricted_search,cost_moderate,naive,f1_mv,task,phantom_seed2:8,gemini_metrics,[875],True,gemini_snapshot,derived_from_all_registered_saved_scalars; unknown_not_dropped
gemini-3.8-flash-medium,poolact,restricted_search,cost_moderate,poolact,f1_mi,task,phantom_seed2:8,gemini_metrics,[552],True,gemini_snapshot,derived_from_all_registered_saved_scalars; unknown_not_dropped
gemini-3.8-flash-medium,poolact,restricted_search,cost_moderate,poolact,f1_mv,task,phantom_seed2:8,gemini_metrics,[553],True,gemini_snapshot,derived_from_all_registered_saved_scalars; unknown_not_dropped
gemini-3.8-flash-medium,poolact,restricted_search,cost_tight,cached,f1_mi,task,phantom_seed2:8,gemini_metrics,[467],True,gemini_snapshot,derived_from_all_registered_saved_scalars; unknown_not_dropped
gemini-3.8-flash-medium,poolact,restricted_search,cost_tight,cached,f1_mv,task,phantom_seed2:8,gemini_metrics,[468],True,gemini_snapshot,derived_from_all_registered_saved_scalars; unknown_not_dropped
gemini-3.8-flash-medium,poolact,restricted_search,cost_tight,naive,f1_mi,task,phantom_seed2:8,gemini_metrics,[589],True,gemini_snapshot,derived_from_all_registered_saved_scalars; unknown_not_dropped
gemini-3.8-flash-medium,poolact,restricted_search,cost_tight,naive,f1_mv,task,phantom_seed2:8,gemini_metrics,[590],True,gemini_snapshot,derived_from_all_registered_saved_scalars; unknown_not_dropped
gemini-3.8-flash-medium,poolact,restricted_search,cost_tight,poolact,f1_mi,task,phantom_seed2:8,gemini_metrics,[555],True,gemini_snapshot,derived_from_all_registered_saved_scalars; unknown_not_dropped
gemini-3.8-flash-medium,poolact,restricted_search,cost_tight,poolact,f1_mv,task,phantom_seed2:8,gemini_metrics,[556],True,gemini_snapshot,derived_from_all_registered_saved_scalars; unknown_not_dropped
gemini-3.8-flash-medium,poolact,restricted_search,cost_moderate,cached,f1_mi,task,phantom_seed2:9,gemini_metrics,[97],True,gemini_snapshot,derived_from_all_registered_saved_scalars; unknown_not_dropped
gemini-3.8-flash-medium,poolact,restricted_search,cost_moderate,cached,f1_mv,task,phantom_seed2:9,gemini_metrics,[98],True,gemini_snapshot,derived_from_all_registered_saved_scalars; unknown_not_dropped
gemini-3.8-flash-medium,poolact,restricted_search,cost_moderate,naive,f1_mi,task,phantom_seed2:9,gemini_metrics,[1173],True,gemini_snapshot,derived_from_all_registered_saved_scalars; unknown_not_dropped
gemini-3.8-flash-medium,poolact,restricted_search,cost_moderate,naive,f1_mv,task,phantom_seed2:9,gemini_metrics,[1174],True,gemini_snapshot,derived_from_all_registered_saved_scalars; unknown_not_dropped
gemini-3.8-flash-medium,poolact,restricted_search,cost_moderate,poolact,f1_mi,task,phantom_seed2:9,gemini_metrics,[894],True,gemini_snapshot,derived_from_all_registered_saved_scalars; unknown_not_dropped
gemini-3.8-flash-medium,poolact,restricted_search,cost_moderate,poolact,f1_mv,task,phantom_seed2:9,gemini_metrics,[895],True,gemini_snapshot,derived_from_all_registered_saved_scalars; unknown_not_dropped
gemini-3.8-flash-medium,poolact,restricted_search,cost_tight,cached,f1_mi,task,phantom_seed2:9,gemini_metrics,[1003],True,gemini_snapshot,derived_from_all_registered_saved_scalars; unknown_not_dropped
gemini-3.8-flash-medium,poolact,restricted_search,cost_tight,cached,f1_mv,task,phantom_seed2:9,gemini_metrics,[1004],True,gemini_snapshot,derived_from_all_registered_saved_scalars; unknown_not_dropped
gemini-3.8-flash-medium,poolact,restricted_search,cost_tight,naive,f1_mi,task,phantom_seed2:9,gemini_metrics,[664],True,gemini_snapshot,derived_from_all_registered_saved_scalars; unknown_not_dropped
gemini-3.8-flash-medium,poolact,restricted_search,cost_tight,naive,f1_mv,task,phantom_seed2:9,gemini_metrics,[665],True,gemini_snapshot,derived_from_all_registered_saved_scalars; unknown_not_dropped
gemini-3.8-flash-medium,poolact,restricted_search,cost_tight,poolact,f1_mi,task,phantom_seed2:9,gemini_metrics,[335],True,gemini_snapshot,derived_from_all_registered_saved_scalars; unknown_not_dropped
gemini-3.8-flash-medium,poolact,restricted_search,cost_tight,poolact,f1_mv,task,phantom_seed2:9,gemini_metrics,[336],True,gemini_snapshot,derived_from_all_registered_saved_scalars; unknown_not_dropped
gemini-3.8-flash-medium,poolact,restricted_search,cost_moderate,cached,f1_mi,task,phantom_seed3:0,gemini_metrics,[202],True,gemini_snapshot,derived_from_all_registered_saved_scalars; unknown_not_dropped
gemini-3.8-flash-medium,poolact,restricted_search,cost_moderate,cached,f1_mv,task,phantom_seed3:0,gemini_metrics,[203],True,gemini_snapshot,derived_from_all_registered_saved_scalars; unknown_not_dropped
gemini-3.8-flash-medium,poolact,restricted_search,cost_moderate,naive,f1_mi,task,phantom_seed3:0,gemini_metrics,[105],True,gemini_snapshot,derived_from_all_registered_saved_scalars; unknown_not_dropped
gemini-3.8-flash-medium,poolact,restricted_search,cost_moderate,naive,f1_mv,task,phantom_seed3:0,gemini_metrics,[106],True,gemini_snapshot,derived_from_all_registered_saved_scalars; unknown_not_dropped
gemini-3.8-flash-medium,poolact,restricted_search,cost_moderate,poolact,f1_mi,task,phantom_seed3:0,gemini_metrics,[517],True,gemini_snapshot,derived_from_all_registered_saved_scalars; unknown_not_dropped
gemini-3.8-flash-medium,poolact,restricted_search,cost_moderate,poolact,f1_mv,task,phantom_seed3:0,gemini_metrics,[518],True,gemini_snapshot,derived_from_all_registered_saved_scalars; unknown_not_dropped
gemini-3.8-flash-medium,poolact,restricted_search,cost_tight,cached,f1_mi,task,phantom_seed3:0,gemini_metrics,[951],True,gemini_snapshot,derived_from_all_registered_saved_scalars; unknown_not_dropped
gemini-3.8-flash-medium,poolact,restricted_search,cost_tight,cached,f1_mv,task,phantom_seed3:0,gemini_metrics,[952],True,gemini_snapshot,derived_from_all_registered_saved_scalars; unknown_not_dropped
gemini-3.8-flash-medium,poolact,restricted_search,cost_tight,naive,f1_mi,task,phantom_seed3:0,gemini_metrics,[839],True,gemini_snapshot,derived_from_all_registered_saved_scalars; unknown_not_dropped
gemini-3.8-flash-medium,poolact,restricted_search,cost_tight,naive,f1_mv,task,phantom_seed3:0,gemini_metrics,[840],True,gemini_snapshot,derived_from_all_registered_saved_scalars; unknown_not_dropped
gemini-3.8-flash-medium,poolact,restricted_search,cost_tight,poolact,f1_mi,task,phantom_seed3:0,gemini_metrics,[317],True,gemini_snapshot,derived_from_all_registered_saved_scalars; unknown_not_dropped
gemini-3.8-flash-medium,poolact,restricted_search,cost_tight,poolact,f1_mv,task,phantom_seed3:0,gemini_metrics,[318],True,gemini_snapshot,derived_from_all_registered_saved_scalars; unknown_not_dropped
gemini-3.8-flash-medium,poolact,restricted_search,cost_moderate,cached,f1_mi,task,phantom_seed3:1,gemini_metrics,[1177],True,gemini_snapshot,derived_from_all_registered_saved_scalars; unknown_not_dropped
gemini-3.8-flash-medium,poolact,restricted_search,cost_moderate,cached,f1_mv,task,phantom_seed3:1,gemini_metrics,[1178],True,gemini_snapshot,derived_from_all_registered_saved_scalars; unknown_not_dropped
gemini-3.8-flash-medium,poolact,restricted_search,cost_moderate,naive,f1_mi,task,phantom_seed3:1,gemini_metrics,[1249],True,gemini_snapshot,derived_from_all_registered_saved_scalars; unknown_not_dropped
gemini-3.8-flash-medium,poolact,restricted_search,cost_moderate,naive,f1_mv,task,phantom_seed3:1,gemini_metrics,[1250],True,gemini_snapshot,derived_from_all_registered_saved_scalars; unknown_not_dropped
gemini-3.8-flash-medium,poolact,restricted_search,cost_moderate,poolact,f1_mi,task,phantom_seed3:1,gemini_metrics,[876],True,gemini_snapshot,derived_from_all_registered_saved_scalars; unknown_not_dropped
gemini-3.8-flash-medium,poolact,restricted_search,cost_moderate,poolact,f1_mv,task,phantom_seed3:1,gemini_metrics,[877],True,gemini_snapshot,derived_from_all_registered_saved_scalars; unknown_not_dropped
gemini-3.8-flash-medium,poolact,restricted_search,cost_tight,cached,f1_mi,task,phantom_seed3:1,gemini_metrics,[1238],True,gemini_snapshot,derived_from_all_registered_saved_scalars; unknown_not_dropped
gemini-3.8-flash-medium,poolact,restricted_search,cost_tight,cached,f1_mv,task,phantom_seed3:1,gemini_metrics,[1239],True,gemini_snapshot,derived_from_all_registered_saved_scalars; unknown_not_dropped
gemini-3.8-flash-medium,poolact,restricted_search,cost_tight,naive,f1_mi,task,phantom_seed3:1,gemini_metrics,[756],True,gemini_snapshot,derived_from_all_registered_saved_scalars; unknown_not_dropped
gemini-3.8-flash-medium,poolact,restricted_search,cost_tight,naive,f1_mv,task,phantom_seed3:1,gemini_metrics,[757],True,gemini_snapshot,derived_from_all_registered_saved_scalars; unknown_not_dropped
gemini-3.8-flash-medium,poolact,restricted_search,cost_tight,poolact,f1_mi,task,phantom_seed3:1,gemini_metrics,[666],True,gemini_snapshot,derived_from_all_registered_saved_scalars; unknown_not_dropped
gemini-3.8-flash-medium,poolact,restricted_search,cost_tight,poolact,f1_mv,task,phantom_seed3:1,gemini_metrics,[667],True,gemini_snapshot,derived_from_all_registered_saved_scalars; unknown_not_dropped
gemini-3.8-flash-medium,poolact,restricted_search,cost_moderate,cached,f1_mi,task,phantom_seed3:10,gemini_metrics,[397],True,gemini_snapshot,derived_from_all_registered_saved_scalars; unknown_not_dropped
gemini-3.8-flash-medium,poolact,restricted_search,cost_moderate,cached,f1_mv,task,phantom_seed3:10,gemini_metrics,[398],True,gemini_snapshot,derived_from_all_registered_saved_scalars; unknown_not_dropped
gemini-3.8-flash-medium,poolact,restricted_search,cost_moderate,naive,f1_mi,task,phantom_seed3:10,gemini_metrics,[239],True,gemini_snapshot,derived_from_all_registered_saved_scalars; unknown_not_dropped
gemini-3.8-flash-medium,poolact,restricted_search,cost_moderate,naive,f1_mv,task,phantom_seed3:10,gemini_metrics,[240],True,gemini_snapshot,derived_from_all_registered_saved_scalars; unknown_not_dropped
gemini-3.8-flash-medium,poolact,restricted_search,cost_moderate,poolact,f1_mi,task,phantom_seed3:10,gemini_metrics,[1253],True,gemini_snapshot,derived_from_all_registered_saved_scalars; unknown_not_dropped
gemini-3.8-flash-medium,poolact,restricted_search,cost_moderate,poolact,f1_mv,task,phantom_seed3:10,gemini_metrics,[1254],True,gemini_snapshot,derived_from_all_registered_saved_scalars; unknown_not_dropped
gemini-3.8-flash-medium,poolact,restricted_search,cost_tight,cached,f1_mi,task,phantom_seed3:10,gemini_metrics,[635],True,gemini_snapshot,derived_from_all_registered_saved_scalars; unknown_not_dropped
gemini-3.8-flash-medium,poolact,restricted_search,cost_tight,cached,f1_mv,task,phantom_seed3:10,gemini_metrics,[636],True,gemini_snapshot,derived_from_all_registered_saved_scalars; unknown_not_dropped
gemini-3.8-flash-medium,poolact,restricted_search,cost_tight,naive,f1_mi,task,phantom_seed3:10,gemini_metrics,[1030],True,gemini_snapshot,derived_from_all_registered_saved_scalars; unknown_not_dropped
gemini-3.8-flash-medium,poolact,restricted_search,cost_tight,naive,f1_mv,task,phantom_seed3:10,gemini_metrics,[1031],True,gemini_snapshot,derived_from_all_registered_saved_scalars; unknown_not_dropped
gemini-3.8-flash-medium,poolact,restricted_search,cost_tight,poolact,f1_mi,task,phantom_seed3:10,gemini_metrics,[1009],True,gemini_snapshot,derived_from_all_registered_saved_scalars; unknown_not_dropped
gemini-3.8-flash-medium,poolact,restricted_search,cost_tight,poolact,f1_mv,task,phantom_seed3:10,gemini_metrics,[1010],True,gemini_snapshot,derived_from_all_registered_saved_scalars; unknown_not_dropped
gemini-3.8-flash-medium,poolact,restricted_search,cost_moderate,cached,f1_mi,task,phantom_seed3:11,gemini_metrics,[327],True,gemini_snapshot,derived_from_all_registered_saved_scalars; unknown_not_dropped
gemini-3.8-flash-medium,poolact,restricted_search,cost_moderate,cached,f1_mv,task,phantom_seed3:11,gemini_metrics,[328],True,gemini_snapshot,derived_from_all_registered_saved_scalars; unknown_not_dropped
gemini-3.8-flash-medium,poolact,restricted_search,cost_moderate,naive,f1_mi,task,phantom_seed3:11,gemini_metrics,[283],True,gemini_snapshot,derived_from_all_registered_saved_scalars; unknown_not_dropped
gemini-3.8-flash-medium,poolact,restricted_search,cost_moderate,naive,f1_mv,task,phantom_seed3:11,gemini_metrics,[284],True,gemini_snapshot,derived_from_all_registered_saved_scalars; unknown_not_dropped
gemini-3.8-flash-medium,poolact,restricted_search,cost_moderate,poolact,f1_mi,task,phantom_seed3:11,gemini_metrics,[1349],True,gemini_snapshot,derived_from_all_registered_saved_scalars; unknown_not_dropped
gemini-3.8-flash-medium,poolact,restricted_search,cost_moderate,poolact,f1_mv,task,phantom_seed3:11,gemini_metrics,[1350],True,gemini_snapshot,derived_from_all_registered_saved_scalars; unknown_not_dropped
gemini-3.8-flash-medium,poolact,restricted_search,cost_tight,cached,f1_mi,task,phantom_seed3:11,gemini_metrics,[703],True,gemini_snapshot,derived_from_all_registered_saved_scalars; unknown_not_dropped
gemini-3.8-flash-medium,poolact,restricted_search,cost_tight,cached,f1_mv,task,phantom_seed3:11,gemini_metrics,[704],True,gemini_snapshot,derived_from_all_registered_saved_scalars; unknown_not_dropped
gemini-3.8-flash-medium,poolact,restricted_search,cost_tight,naive,f1_mi,task,phantom_seed3:11,gemini_metrics,[102],True,gemini_snapshot,derived_from_all_registered_saved_scalars; unknown_not_dropped
gemini-3.8-flash-medium,poolact,restricted_search,cost_tight,naive,f1_mv,task,phantom_seed3:11,gemini_metrics,[103],True,gemini_snapshot,derived_from_all_registered_saved_scalars; unknown_not_dropped
gemini-3.8-flash-medium,poolact,restricted_search,cost_tight,poolact,f1_mi,task,phantom_seed3:11,gemini_metrics,[1292],True,gemini_snapshot,derived_from_all_registered_saved_scalars; unknown_not_dropped
gemini-3.8-flash-medium,poolact,restricted_search,cost_tight,poolact,f1_mv,task,phantom_seed3:11,gemini_metrics,[1293],True,gemini_snapshot,derived_from_all_registered_saved_scalars; unknown_not_dropped
gemini-3.8-flash-medium,poolact,restricted_search,cost_moderate,cached,f1_mi,task,phantom_seed3:12,gemini_metrics,[1295],True,gemini_snapshot,derived_from_all_registered_saved_scalars; unknown_not_dropped
gemini-3.8-flash-medium,poolact,restricted_search,cost_moderate,cached,f1_mv,task,phantom_seed3:12,gemini_metrics,[1296],True,gemini_snapshot,derived_from_all_registered_saved_scalars; unknown_not_dropped
gemini-3.8-flash-medium,poolact,restricted_search,cost_moderate,naive,f1_mi,task,phantom_seed3:12,gemini_metrics,[218],True,gemini_snapshot,derived_from_all_registered_saved_scalars; unknown_not_dropped
gemini-3.8-flash-medium,poolact,restricted_search,cost_moderate,naive,f1_mv,task,phantom_seed3:12,gemini_metrics,[219],True,gemini_snapshot,derived_from_all_registered_saved_scalars; unknown_not_dropped
gemini-3.8-flash-medium,poolact,restricted_search,cost_moderate,poolact,f1_mi,task,phantom_seed3:12,gemini_metrics,[1118],True,gemini_snapshot,derived_from_all_registered_saved_scalars; unknown_not_dropped
gemini-3.8-flash-medium,poolact,restricted_search,cost_moderate,poolact,f1_mv,task,phantom_seed3:12,gemini_metrics,[1119],True,gemini_snapshot,derived_from_all_registered_saved_scalars; unknown_not_dropped
gemini-3.8-flash-medium,poolact,restricted_search,cost_tight,cached,f1_mi,task,phantom_seed3:12,gemini_metrics,[1272],True,gemini_snapshot,derived_from_all_registered_saved_scalars; unknown_not_dropped
gemini-3.8-flash-medium,poolact,restricted_search,cost_tight,cached,f1_mv,task,phantom_seed3:12,gemini_metrics,[1273],True,gemini_snapshot,derived_from_all_registered_saved_scalars; unknown_not_dropped
gemini-3.8-flash-medium,poolact,restricted_search,cost_tight,naive,f1_mi,task,phantom_seed3:12,gemini_metrics,[195],True,gemini_snapshot,derived_from_all_registered_saved_scalars; unknown_not_dropped
gemini-3.8-flash-medium,poolact,restricted_search,cost_tight,naive,f1_mv,task,phantom_seed3:12,gemini_metrics,[196],True,gemini_snapshot,derived_from_all_registered_saved_scalars; unknown_not_dropped
gemini-3.8-flash-medium,poolact,restricted_search,cost_tight,poolact,f1_mi,task,phantom_seed3:12,gemini_metrics,[944],True,gemini_snapshot,derived_from_all_registered_saved_scalars; unknown_not_dropped
gemini-3.8-flash-medium,poolact,restricted_search,cost_tight,poolact,f1_mv,task,phantom_seed3:12,gemini_metrics,[945],True,gemini_snapshot,derived_from_all_registered_saved_scalars; unknown_not_dropped
gemini-3.8-flash-medium,poolact,restricted_search,cost_moderate,cached,f1_mi,task,phantom_seed3:13,gemini_metrics,[222],True,gemini_snapshot,derived_from_all_registered_saved_scalars; unknown_not_dropped
gemini-3.8-flash-medium,poolact,restricted_search,cost_moderate,cached,f1_mv,task,phantom_seed3:13,gemini_metrics,[223],True,gemini_snapshot,derived_from_all_registered_saved_scalars; unknown_not_dropped
gemini-3.8-flash-medium,poolact,restricted_search,cost_moderate,naive,f1_mi,task,phantom_seed3:13,gemini_metrics,[1347],True,gemini_snapshot,derived_from_all_registered_saved_scalars; unknown_not_dropped
gemini-3.8-flash-medium,poolact,restricted_search,cost_moderate,naive,f1_mv,task,phantom_seed3:13,gemini_metrics,[1348],True,gemini_snapshot,derived_from_all_registered_saved_scalars; unknown_not_dropped
gemini-3.8-flash-medium,poolact,restricted_search,cost_moderate,poolact,f1_mi,task,phantom_seed3:13,gemini_metrics,[260],True,gemini_snapshot,derived_from_all_registered_saved_scalars; unknown_not_dropped
gemini-3.8-flash-medium,poolact,restricted_search,cost_moderate,poolact,f1_mv,task,phantom_seed3:13,gemini_metrics,[261],True,gemini_snapshot,derived_from_all_registered_saved_scalars; unknown_not_dropped
gemini-3.8-flash-medium,poolact,restricted_search,cost_tight,cached,f1_mi,task,phantom_seed3:13,gemini_metrics,[726],True,gemini_snapshot,derived_from_all_registered_saved_scalars; unknown_not_dropped
gemini-3.8-flash-medium,poolact,restricted_search,cost_tight,cached,f1_mv,task,phantom_seed3:13,gemini_metrics,[727],True,gemini_snapshot,derived_from_all_registered_saved_scalars; unknown_not_dropped
gemini-3.8-flash-medium,poolact,restricted_search,cost_tight,naive,f1_mi,task,phantom_seed3:13,gemini_metrics,[583],True,gemini_snapshot,derived_from_all_registered_saved_scalars; unknown_not_dropped
gemini-3.8-flash-medium,poolact,restricted_search,cost_tight,naive,f1_mv,task,phantom_seed3:13,gemini_metrics,[584],True,gemini_snapshot,derived_from_all_registered_saved_scalars; unknown_not_dropped
gemini-3.8-flash-medium,poolact,restricted_search,cost_tight,poolact,f1_mi,task,phantom_seed3:13,gemini_metrics,[1302],True,gemini_snapshot,derived_from_all_registered_saved_scalars; unknown_not_dropped
gemini-3.8-flash-medium,poolact,restricted_search,cost_tight,poolact,f1_mv,task,phantom_seed3:13,gemini_metrics,[1303],True,gemini_snapshot,derived_from_all_registered_saved_scalars; unknown_not_dropped
gemini-3.8-flash-medium,poolact,restricted_search,cost_moderate,cached,f1_mi,task,phantom_seed3:14,gemini_metrics,[913],True,gemini_snapshot,derived_from_all_registered_saved_scalars; unknown_not_dropped
gemini-3.8-flash-medium,poolact,restricted_search,cost_moderate,cached,f1_mv,task,phantom_seed3:14,gemini_metrics,[914],True,gemini_snapshot,derived_from_all_registered_saved_scalars; unknown_not_dropped
gemini-3.8-flash-medium,poolact,restricted_search,cost_moderate,naive,f1_mi,task,phantom_seed3:14,gemini_metrics,[585],True,gemini_snapshot,derived_from_all_registered_saved_scalars; unknown_not_dropped
gemini-3.8-flash-medium,poolact,restricted_search,cost_moderate,naive,f1_mv,task,phantom_seed3:14,gemini_metrics,[586],True,gemini_snapshot,derived_from_all_registered_saved_scalars; unknown_not_dropped
gemini-3.8-flash-medium,poolact,restricted_search,cost_moderate,poolact,f1_mi,task,phantom_seed3:14,gemini_metrics,[1282],True,gemini_snapshot,derived_from_all_registered_saved_scalars; unknown_not_dropped
gemini-3.8-flash-medium,poolact,restricted_search,cost_moderate,poolact,f1_mv,task,phantom_seed3:14,gemini_metrics,[1283],True,gemini_snapshot,derived_from_all_registered_saved_scalars; unknown_not_dropped
gemini-3.8-flash-medium,poolact,restricted_search,cost_tight,cached,f1_mi,task,phantom_seed3:14,gemini_metrics,[834],True,gemini_snapshot,derived_from_all_registered_saved_scalars; unknown_not_dropped
gemini-3.8-flash-medium,poolact,restricted_search,cost_tight,cached,f1_mv,task,phantom_seed3:14,gemini_metrics,[835],True,gemini_snapshot,derived_from_all_registered_saved_scalars; unknown_not_dropped
gemini-3.8-flash-medium,poolact,restricted_search,cost_tight,naive,f1_mi,task,phantom_seed3:14,gemini_metrics,[1289],True,gemini_snapshot,derived_from_all_registered_saved_scalars; unknown_not_dropped
gemini-3.8-flash-medium,poolact,restricted_search,cost_tight,naive,f1_mv,task,phantom_seed3:14,gemini_metrics,[1290],True,gemini_snapshot,derived_from_all_registered_saved_scalars; unknown_not_dropped
gemini-3.8-flash-medium,poolact,restricted_search,cost_tight,poolact,f1_mi,task,phantom_seed3:14,gemini_metrics,[675],True,gemini_snapshot,derived_from_all_registered_saved_scalars; unknown_not_dropped
gemini-3.8-flash-medium,poolact,restricted_search,cost_tight,poolact,f1_mv,task,phantom_seed3:14,gemini_metrics,[676],True,gemini_snapshot,derived_from_all_registered_saved_scalars; unknown_not_dropped
gemini-3.8-flash-medium,poolact,restricted_search,cost_moderate,cached,f1_mi,task,phantom_seed3:15,gemini_metrics,[1175],True,gemini_snapshot,derived_from_all_registered_saved_scalars; unknown_not_dropped
gemini-3.8-flash-medium,poolact,restricted_search,cost_moderate,cached,f1_mv,task,phantom_seed3:15,gemini_metrics,[1176],True,gemini_snapshot,derived_from_all_registered_saved_scalars; unknown_not_dropped
gemini-3.8-flash-medium,poolact,restricted_search,cost_moderate,naive,f1_mi,task,phantom_seed3:15,gemini_metrics,[489],True,gemini_snapshot,derived_from_all_registered_saved_scalars; unknown_not_dropped
gemini-3.8-flash-medium,poolact,restricted_search,cost_moderate,naive,f1_mv,task,phantom_seed3:15,gemini_metrics,[490],True,gemini_snapshot,derived_from_all_registered_saved_scalars; unknown_not_dropped
gemini-3.8-flash-medium,poolact,restricted_search,cost_moderate,poolact,f1_mi,task,phantom_seed3:15,gemini_metrics,[717],True,gemini_snapshot,derived_from_all_registered_saved_scalars; unknown_not_dropped
gemini-3.8-flash-medium,poolact,restricted_search,cost_moderate,poolact,f1_mv,task,phantom_seed3:15,gemini_metrics,[718],True,gemini_snapshot,derived_from_all_registered_saved_scalars; unknown_not_dropped
gemini-3.8-flash-medium,poolact,restricted_search,cost_tight,cached,f1_mi,task,phantom_seed3:15,gemini_metrics,[199],True,gemini_snapshot,derived_from_all_registered_saved_scalars; unknown_not_dropped
gemini-3.8-flash-medium,poolact,restricted_search,cost_tight,cached,f1_mv,task,phantom_seed3:15,gemini_metrics,[200],True,gemini_snapshot,derived_from_all_registered_saved_scalars; unknown_not_dropped
gemini-3.8-flash-medium,poolact,restricted_search,cost_tight,naive,f1_mi,task,phantom_seed3:15,gemini_metrics,[885],True,gemini_snapshot,derived_from_all_registered_saved_scalars; unknown_not_dropped
gemini-3.8-flash-medium,poolact,restricted_search,cost_tight,naive,f1_mv,task,phantom_seed3:15,gemini_metrics,[886],True,gemini_snapshot,derived_from_all_registered_saved_scalars; unknown_not_dropped
gemini-3.8-flash-medium,poolact,restricted_search,cost_tight,poolact,f1_mi,task,phantom_seed3:15,gemini_metrics,[1329],True,gemini_snapshot,derived_from_all_registered_saved_scalars; unknown_not_dropped
gemini-3.8-flash-medium,poolact,restricted_search,cost_tight,poolact,f1_mv,task,phantom_seed3:15,gemini_metrics,[1330],True,gemini_snapshot,derived_from_all_registered_saved_scalars; unknown_not_dropped
gemini-3.8-flash-medium,poolact,restricted_search,cost_moderate,cached,f1_mi,task,phantom_seed3:16,gemini_metrics,[91],True,gemini_snapshot,derived_from_all_registered_saved_scalars; unknown_not_dropped
gemini-3.8-flash-medium,poolact,restricted_search,cost_moderate,cached,f1_mv,task,phantom_seed3:16,gemini_metrics,[92],True,gemini_snapshot,derived_from_all_registered_saved_scalars; unknown_not_dropped
gemini-3.8-flash-medium,poolact,restricted_search,cost_moderate,naive,f1_mi,task,phantom_seed3:16,gemini_metrics,[325],True,gemini_snapshot,derived_from_all_registered_saved_scalars; unknown_not_dropped
gemini-3.8-flash-medium,poolact,restricted_search,cost_moderate,naive,f1_mv,task,phantom_seed3:16,gemini_metrics,[326],True,gemini_snapshot,derived_from_all_registered_saved_scalars; unknown_not_dropped
gemini-3.8-flash-medium,poolact,restricted_search,cost_moderate,poolact,f1_mi,task,phantom_seed3:16,gemini_metrics,[754],True,gemini_snapshot,derived_from_all_registered_saved_scalars; unknown_not_dropped
gemini-3.8-flash-medium,poolact,restricted_search,cost_moderate,poolact,f1_mv,task,phantom_seed3:16,gemini_metrics,[755],True,gemini_snapshot,derived_from_all_registered_saved_scalars; unknown_not_dropped
gemini-3.8-flash-medium,poolact,restricted_search,cost_tight,cached,f1_mi,task,phantom_seed3:16,gemini_metrics,[307],True,gemini_snapshot,derived_from_all_registered_saved_scalars; unknown_not_dropped
gemini-3.8-flash-medium,poolact,restricted_search,cost_tight,cached,f1_mv,task,phantom_seed3:16,gemini_metrics,[308],True,gemini_snapshot,derived_from_all_registered_saved_scalars; unknown_not_dropped
gemini-3.8-flash-medium,poolact,restricted_search,cost_tight,naive,f1_mi,task,phantom_seed3:16,gemini_metrics,[1205],True,gemini_snapshot,derived_from_all_registered_saved_scalars; unknown_not_dropped
gemini-3.8-flash-medium,poolact,restricted_search,cost_tight,naive,f1_mv,task,phantom_seed3:16,gemini_metrics,[1206],True,gemini_snapshot,derived_from_all_registered_saved_scalars; unknown_not_dropped
gemini-3.8-flash-medium,poolact,restricted_search,cost_tight,poolact,f1_mi,task,phantom_seed3:16,gemini_metrics,[1235],True,gemini_snapshot,derived_from_all_registered_saved_scalars; unknown_not_dropped
gemini-3.8-flash-medium,poolact,restricted_search,cost_tight,poolact,f1_mv,task,phantom_seed3:16,gemini_metrics,[1236],True,gemini_snapshot,derived_from_all_registered_saved_scalars; unknown_not_dropped
gemini-3.8-flash-medium,poolact,restricted_search,cost_moderate,cached,f1_mi,task,phantom_seed3:17,gemini_metrics,[1101],True,gemini_snapshot,derived_from_all_registered_saved_scalars; unknown_not_dropped
gemini-3.8-flash-medium,poolact,restricted_search,cost_moderate,cached,f1_mv,task,phantom_seed3:17,gemini_metrics,[1102],True,gemini_snapshot,derived_from_all_registered_saved_scalars; unknown_not_dropped
gemini-3.8-flash-medium,poolact,restricted_search,cost_moderate,naive,f1_mi,task,phantom_seed3:17,gemini_metrics,[1047],True,gemini_snapshot,derived_from_all_registered_saved_scalars; unknown_not_dropped
gemini-3.8-flash-medium,poolact,restricted_search,cost_moderate,naive,f1_mv,task,phantom_seed3:17,gemini_metrics,[1048],True,gemini_snapshot,derived_from_all_registered_saved_scalars; unknown_not_dropped
gemini-3.8-flash-medium,poolact,restricted_search,cost_moderate,poolact,f1_mi,task,phantom_seed3:17,gemini_metrics,[786],True,gemini_snapshot,derived_from_all_registered_saved_scalars; unknown_not_dropped
gemini-3.8-flash-medium,poolact,restricted_search,cost_moderate,poolact,f1_mv,task,phantom_seed3:17,gemini_metrics,[787],True,gemini_snapshot,derived_from_all_registered_saved_scalars; unknown_not_dropped
gemini-3.8-flash-medium,poolact,restricted_search,cost_tight,cached,f1_mi,task,phantom_seed3:17,gemini_metrics,[1012],True,gemini_snapshot,derived_from_all_registered_saved_scalars; unknown_not_dropped
gemini-3.8-flash-medium,poolact,restricted_search,cost_tight,cached,f1_mv,task,phantom_seed3:17,gemini_metrics,[1013],True,gemini_snapshot,derived_from_all_registered_saved_scalars; unknown_not_dropped
gemini-3.8-flash-medium,poolact,restricted_search,cost_tight,naive,f1_mi,task,phantom_seed3:17,gemini_metrics,[668],True,gemini_snapshot,derived_from_all_registered_saved_scalars; unknown_not_dropped
gemini-3.8-flash-medium,poolact,restricted_search,cost_tight,naive,f1_mv,task,phantom_seed3:17,gemini_metrics,[669],True,gemini_snapshot,derived_from_all_registered_saved_scalars; unknown_not_dropped
gemini-3.8-flash-medium,poolact,restricted_search,cost_tight,poolact,f1_mi,task,phantom_seed3:17,gemini_metrics,[812],True,gemini_snapshot,derived_from_all_registered_saved_scalars; unknown_not_dropped
gemini-3.8-flash-medium,poolact,restricted_search,cost_tight,poolact,f1_mv,task,phantom_seed3:17,gemini_metrics,[813],True,gemini_snapshot,derived_from_all_registered_saved_scalars; unknown_not_dropped
gemini-3.8-flash-medium,poolact,restricted_search,cost_moderate,cached,f1_mi,task,phantom_seed3:18,gemini_metrics,[859],True,gemini_snapshot,derived_from_all_registered_saved_scalars; unknown_not_dropped
gemini-3.8-flash-medium,poolact,restricted_search,cost_moderate,cached,f1_mv,task,phantom_seed3:18,gemini_metrics,[860],True,gemini_snapshot,derived_from_all_registered_saved_scalars; unknown_not_dropped
gemini-3.8-flash-medium,poolact,restricted_search,cost_moderate,naive,f1_mi,task,phantom_seed3:18,gemini_metrics,[581],True,gemini_snapshot,derived_from_all_registered_saved_scalars; unknown_not_dropped
gemini-3.8-flash-medium,poolact,restricted_search,cost_moderate,naive,f1_mv,task,phantom_seed3:18,gemini_metrics,[582],True,gemini_snapshot,derived_from_all_registered_saved_scalars; unknown_not_dropped
gemini-3.8-flash-medium,poolact,restricted_search,cost_moderate,poolact,f1_mi,task,phantom_seed3:18,gemini_metrics,[243],True,gemini_snapshot,derived_from_all_registered_saved_scalars; unknown_not_dropped
gemini-3.8-flash-medium,poolact,restricted_search,cost_moderate,poolact,f1_mv,task,phantom_seed3:18,gemini_metrics,[244],True,gemini_snapshot,derived_from_all_registered_saved_scalars; unknown_not_dropped
gemini-3.8-flash-medium,poolact,restricted_search,cost_tight,cached,f1_mi,task,phantom_seed3:18,gemini_metrics,[1247],True,gemini_snapshot,derived_from_all_registered_saved_scalars; unknown_not_dropped
gemini-3.8-flash-medium,poolact,restricted_search,cost_tight,cached,f1_mv,task,phantom_seed3:18,gemini_metrics,[1248],True,gemini_snapshot,derived_from_all_registered_saved_scalars; unknown_not_dropped
gemini-3.8-flash-medium,poolact,restricted_search,cost_tight,naive,f1_mi,task,phantom_seed3:18,gemini_metrics,[637],True,gemini_snapshot,derived_from_all_registered_saved_scalars; unknown_not_dropped
gemini-3.8-flash-medium,poolact,restricted_search,cost_tight,naive,f1_mv,task,phantom_seed3:18,gemini_metrics,[638],True,gemini_snapshot,derived_from_all_registered_saved_scalars; unknown_not_dropped
gemini-3.8-flash-medium,poolact,restricted_search,cost_tight,poolact,f1_mi,task,phantom_seed3:18,gemini_metrics,[1146],True,gemini_snapshot,derived_from_all_registered_saved_scalars; unknown_not_dropped
gemini-3.8-flash-medium,poolact,restricted_search,cost_tight,poolact,f1_mv,task,phantom_seed3:18,gemini_metrics,[1147],True,gemini_snapshot,derived_from_all_registered_saved_scalars; unknown_not_dropped
gemini-3.8-flash-medium,poolact,restricted_search,cost_moderate,cached,f1_mi,task,phantom_seed3:2,gemini_metrics,[443],True,gemini_snapshot,derived_from_all_registered_saved_scalars; unknown_not_dropped
gemini-3.8-flash-medium,poolact,restricted_search,cost_moderate,cached,f1_mv,task,phantom_seed3:2,gemini_metrics,[444],True,gemini_snapshot,derived_from_all_registered_saved_scalars; unknown_not_dropped
gemini-3.8-flash-medium,poolact,restricted_search,cost_moderate,naive,f1_mi,task,phantom_seed3:2,gemini_metrics,[1049],True,gemini_snapshot,derived_from_all_registered_saved_scalars; unknown_not_dropped
gemini-3.8-flash-medium,poolact,restricted_search,cost_moderate,naive,f1_mv,task,phantom_seed3:2,gemini_metrics,[1050],True,gemini_snapshot,derived_from_all_registered_saved_scalars; unknown_not_dropped
gemini-3.8-flash-medium,poolact,restricted_search,cost_moderate,poolact,f1_mi,task,phantom_seed3:2,gemini_metrics,[212],True,gemini_snapshot,derived_from_all_registered_saved_scalars; unknown_not_dropped
gemini-3.8-flash-medium,poolact,restricted_search,cost_moderate,poolact,f1_mv,task,phantom_seed3:2,gemini_metrics,[213],True,gemini_snapshot,derived_from_all_registered_saved_scalars; unknown_not_dropped
gemini-3.8-flash-medium,poolact,restricted_search,cost_tight,cached,f1_mi,task,phantom_seed3:2,gemini_metrics,[1209],True,gemini_snapshot,derived_from_all_registered_saved_scalars; unknown_not_dropped
gemini-3.8-flash-medium,poolact,restricted_search,cost_tight,cached,f1_mv,task,phantom_seed3:2,gemini_metrics,[1210],True,gemini_snapshot,derived_from_all_registered_saved_scalars; unknown_not_dropped
gemini-3.8-flash-medium,poolact,restricted_search,cost_tight,naive,f1_mi,task,phantom_seed3:2,gemini_metrics,[719],True,gemini_snapshot,derived_from_all_registered_saved_scalars; unknown_not_dropped
gemini-3.8-flash-medium,poolact,restricted_search,cost_tight,naive,f1_mv,task,phantom_seed3:2,gemini_metrics,[720],True,gemini_snapshot,derived_from_all_registered_saved_scalars; unknown_not_dropped
gemini-3.8-flash-medium,poolact,restricted_search,cost_tight,poolact,f1_mi,task,phantom_seed3:2,gemini_metrics,[724],True,gemini_snapshot,derived_from_all_registered_saved_scalars; unknown_not_dropped
gemini-3.8-flash-medium,poolact,restricted_search,cost_tight,poolact,f1_mv,task,phantom_seed3:2,gemini_metrics,[725],True,gemini_snapshot,derived_from_all_registered_saved_scalars; unknown_not_dropped
gemini-3.8-flash-medium,poolact,restricted_search,cost_moderate,cached,f1_mi,task,phantom_seed3:3,gemini_metrics,[1139],True,gemini_snapshot,derived_from_all_registered_saved_scalars; unknown_not_dropped
gemini-3.8-flash-medium,poolact,restricted_search,cost_moderate,cached,f1_mv,task,phantom_seed3:3,gemini_metrics,[1140],True,gemini_snapshot,derived_from_all_registered_saved_scalars; unknown_not_dropped
gemini-3.8-flash-medium,poolact,restricted_search,cost_moderate,naive,f1_mi,task,phantom_seed3:3,gemini_metrics,[981],True,gemini_snapshot,derived_from_all_registered_saved_scalars; unknown_not_dropped
gemini-3.8-flash-medium,poolact,restricted_search,cost_moderate,naive,f1_mv,task,phantom_seed3:3,gemini_metrics,[982],True,gemini_snapshot,derived_from_all_registered_saved_scalars; unknown_not_dropped
gemini-3.8-flash-medium,poolact,restricted_search,cost_moderate,poolact,f1_mi,task,phantom_seed3:3,gemini_metrics,[645],True,gemini_snapshot,derived_from_all_registered_saved_scalars; unknown_not_dropped
gemini-3.8-flash-medium,poolact,restricted_search,cost_moderate,poolact,f1_mv,task,phantom_seed3:3,gemini_metrics,[646],True,gemini_snapshot,derived_from_all_registered_saved_scalars; unknown_not_dropped
gemini-3.8-flash-medium,poolact,restricted_search,cost_tight,cached,f1_mi,task,phantom_seed3:3,gemini_metrics,[410],True,gemini_snapshot,derived_from_all_registered_saved_scalars; unknown_not_dropped
gemini-3.8-flash-medium,poolact,restricted_search,cost_tight,cached,f1_mv,task,phantom_seed3:3,gemini_metrics,[411],True,gemini_snapshot,derived_from_all_registered_saved_scalars; unknown_not_dropped
gemini-3.8-flash-medium,poolact,restricted_search,cost_tight,naive,f1_mi,task,phantom_seed3:3,gemini_metrics,[475],True,gemini_snapshot,derived_from_all_registered_saved_scalars; unknown_not_dropped
gemini-3.8-flash-medium,poolact,restricted_search,cost_tight,naive,f1_mv,task,phantom_seed3:3,gemini_metrics,[476],True,gemini_snapshot,derived_from_all_registered_saved_scalars; unknown_not_dropped
gemini-3.8-flash-medium,poolact,restricted_search,cost_tight,poolact,f1_mi,task,phantom_seed3:3,gemini_metrics,[395],True,gemini_snapshot,derived_from_all_registered_saved_scalars; unknown_not_dropped
gemini-3.8-flash-medium,poolact,restricted_search,cost_tight,poolact,f1_mv,task,phantom_seed3:3,gemini_metrics,[396],True,gemini_snapshot,derived_from_all_registered_saved_scalars; unknown_not_dropped
gemini-3.8-flash-medium,poolact,restricted_search,cost_moderate,cached,f1_mi,task,phantom_seed3:4,gemini_metrics,[374],True,gemini_snapshot,derived_from_all_registered_saved_scalars; unknown_not_dropped
gemini-3.8-flash-medium,poolact,restricted_search,cost_moderate,cached,f1_mv,task,phantom_seed3:4,gemini_metrics,[375],True,gemini_snapshot,derived_from_all_registered_saved_scalars; unknown_not_dropped
gemini-3.8-flash-medium,poolact,restricted_search,cost_moderate,naive,f1_mi,task,phantom_seed3:4,gemini_metrics,[658],True,gemini_snapshot,derived_from_all_registered_saved_scalars; unknown_not_dropped
gemini-3.8-flash-medium,poolact,restricted_search,cost_moderate,naive,f1_mv,task,phantom_seed3:4,gemini_metrics,[659],True,gemini_snapshot,derived_from_all_registered_saved_scalars; unknown_not_dropped
gemini-3.8-flash-medium,poolact,restricted_search,cost_moderate,poolact,f1_mi,task,phantom_seed3:4,gemini_metrics,[926],True,gemini_snapshot,derived_from_all_registered_saved_scalars; unknown_not_dropped
gemini-3.8-flash-medium,poolact,restricted_search,cost_moderate,poolact,f1_mv,task,phantom_seed3:4,gemini_metrics,[927],True,gemini_snapshot,derived_from_all_registered_saved_scalars; unknown_not_dropped
gemini-3.8-flash-medium,poolact,restricted_search,cost_tight,cached,f1_mi,task,phantom_seed3:4,gemini_metrics,[2],True,gemini_snapshot,derived_from_all_registered_saved_scalars; unknown_not_dropped
gemini-3.8-flash-medium,poolact,restricted_search,cost_tight,cached,f1_mv,task,phantom_seed3:4,gemini_metrics,[3],True,gemini_snapshot,derived_from_all_registered_saved_scalars; unknown_not_dropped
gemini-3.8-flash-medium,poolact,restricted_search,cost_tight,naive,f1_mi,task,phantom_seed3:4,gemini_metrics,[709],True,gemini_snapshot,derived_from_all_registered_saved_scalars; unknown_not_dropped
gemini-3.8-flash-medium,poolact,restricted_search,cost_tight,naive,f1_mv,task,phantom_seed3:4,gemini_metrics,[710],True,gemini_snapshot,derived_from_all_registered_saved_scalars; unknown_not_dropped
gemini-3.8-flash-medium,poolact,restricted_search,cost_tight,poolact,f1_mi,task,phantom_seed3:4,gemini_metrics,[701],True,gemini_snapshot,derived_from_all_registered_saved_scalars; unknown_not_dropped
gemini-3.8-flash-medium,poolact,restricted_search,cost_tight,poolact,f1_mv,task,phantom_seed3:4,gemini_metrics,[702],True,gemini_snapshot,derived_from_all_registered_saved_scalars; unknown_not_dropped
gemini-3.8-flash-medium,poolact,restricted_search,cost_moderate,cached,f1_mi,task,phantom_seed3:5,gemini_metrics,[593],True,gemini_snapshot,derived_from_all_registered_saved_scalars; unknown_not_dropped
gemini-3.8-flash-medium,poolact,restricted_search,cost_moderate,cached,f1_mv,task,phantom_seed3:5,gemini_metrics,[594],True,gemini_snapshot,derived_from_all_registered_saved_scalars; unknown_not_dropped
gemini-3.8-flash-medium,poolact,restricted_search,cost_moderate,naive,f1_mi,task,phantom_seed3:5,gemini_metrics,[1228],True,gemini_snapshot,derived_from_all_registered_saved_scalars; unknown_not_dropped
gemini-3.8-flash-medium,poolact,restricted_search,cost_moderate,naive,f1_mv,task,phantom_seed3:5,gemini_metrics,[1229],True,gemini_snapshot,derived_from_all_registered_saved_scalars; unknown_not_dropped
gemini-3.8-flash-medium,poolact,restricted_search,cost_moderate,poolact,f1_mi,task,phantom_seed3:5,gemini_metrics,[1245],True,gemini_snapshot,derived_from_all_registered_saved_scalars; unknown_not_dropped
gemini-3.8-flash-medium,poolact,restricted_search,cost_moderate,poolact,f1_mv,task,phantom_seed3:5,gemini_metrics,[1246],True,gemini_snapshot,derived_from_all_registered_saved_scalars; unknown_not_dropped
gemini-3.8-flash-medium,poolact,restricted_search,cost_tight,cached,f1_mi,task,phantom_seed3:5,gemini_metrics,[120],True,gemini_snapshot,derived_from_all_registered_saved_scalars; unknown_not_dropped
gemini-3.8-flash-medium,poolact,restricted_search,cost_tight,cached,f1_mv,task,phantom_seed3:5,gemini_metrics,[121],True,gemini_snapshot,derived_from_all_registered_saved_scalars; unknown_not_dropped
gemini-3.8-flash-medium,poolact,restricted_search,cost_tight,naive,f1_mi,task,phantom_seed3:5,gemini_metrics,[412],True,gemini_snapshot,derived_from_all_registered_saved_scalars; unknown_not_dropped
gemini-3.8-flash-medium,poolact,restricted_search,cost_tight,naive,f1_mv,task,phantom_seed3:5,gemini_metrics,[413],True,gemini_snapshot,derived_from_all_registered_saved_scalars; unknown_not_dropped
gemini-3.8-flash-medium,poolact,restricted_search,cost_tight,poolact,f1_mi,task,phantom_seed3:5,gemini_metrics,[898],True,gemini_snapshot,derived_from_all_registered_saved_scalars; unknown_not_dropped
gemini-3.8-flash-medium,poolact,restricted_search,cost_tight,poolact,f1_mv,task,phantom_seed3:5,gemini_metrics,[899],True,gemini_snapshot,derived_from_all_registered_saved_scalars; unknown_not_dropped
gemini-3.8-flash-medium,poolact,restricted_search,cost_moderate,cached,f1_mi,task,phantom_seed3:6,gemini_metrics,[728],True,gemini_snapshot,derived_from_all_registered_saved_scalars; unknown_not_dropped
gemini-3.8-flash-medium,poolact,restricted_search,cost_moderate,cached,f1_mv,task,phantom_seed3:6,gemini_metrics,[729],True,gemini_snapshot,derived_from_all_registered_saved_scalars; unknown_not_dropped
gemini-3.8-flash-medium,poolact,restricted_search,cost_moderate,naive,f1_mi,task,phantom_seed3:6,gemini_metrics,[393],True,gemini_snapshot,derived_from_all_registered_saved_scalars; unknown_not_dropped
gemini-3.8-flash-medium,poolact,restricted_search,cost_moderate,naive,f1_mv,task,phantom_seed3:6,gemini_metrics,[394],True,gemini_snapshot,derived_from_all_registered_saved_scalars; unknown_not_dropped
gemini-3.8-flash-medium,poolact,restricted_search,cost_moderate,poolact,f1_mi,task,phantom_seed3:6,gemini_metrics,[224],True,gemini_snapshot,derived_from_all_registered_saved_scalars; unknown_not_dropped
gemini-3.8-flash-medium,poolact,restricted_search,cost_moderate,poolact,f1_mv,task,phantom_seed3:6,gemini_metrics,[225],True,gemini_snapshot,derived_from_all_registered_saved_scalars; unknown_not_dropped
gemini-3.8-flash-medium,poolact,restricted_search,cost_tight,cached,f1_mi,task,phantom_seed3:6,gemini_metrics,[391],True,gemini_snapshot,derived_from_all_registered_saved_scalars; unknown_not_dropped
gemini-3.8-flash-medium,poolact,restricted_search,cost_tight,cached,f1_mv,task,phantom_seed3:6,gemini_metrics,[392],True,gemini_snapshot,derived_from_all_registered_saved_scalars; unknown_not_dropped
gemini-3.8-flash-medium,poolact,restricted_search,cost_tight,naive,f1_mi,task,phantom_seed3:6,gemini_metrics,[4],True,gemini_snapshot,derived_from_all_registered_saved_scalars; unknown_not_dropped
gemini-3.8-flash-medium,poolact,restricted_search,cost_tight,naive,f1_mv,task,phantom_seed3:6,gemini_metrics,[5],True,gemini_snapshot,derived_from_all_registered_saved_scalars; unknown_not_dropped
gemini-3.8-flash-medium,poolact,restricted_search,cost_tight,poolact,f1_mi,task,phantom_seed3:6,gemini_metrics,[711],True,gemini_snapshot,derived_from_all_registered_saved_scalars; unknown_not_dropped
gemini-3.8-flash-medium,poolact,restricted_search,cost_tight,poolact,f1_mv,task,phantom_seed3:6,gemini_metrics,[712],True,gemini_snapshot,derived_from_all_registered_saved_scalars; unknown_not_dropped
gemini-3.8-flash-medium,poolact,restricted_search,cost_moderate,cached,f1_mi,task,phantom_seed3:7,gemini_metrics,[1108],True,gemini_snapshot,derived_from_all_registered_saved_scalars; unknown_not_dropped
gemini-3.8-flash-medium,poolact,restricted_search,cost_moderate,cached,f1_mv,task,phantom_seed3:7,gemini_metrics,[1109],True,gemini_snapshot,derived_from_all_registered_saved_scalars; unknown_not_dropped
gemini-3.8-flash-medium,poolact,restricted_search,cost_moderate,naive,f1_mi,task,phantom_seed3:7,gemini_metrics,[1163],True,gemini_snapshot,derived_from_all_registered_saved_scalars; unknown_not_dropped
gemini-3.8-flash-medium,poolact,restricted_search,cost_moderate,naive,f1_mv,task,phantom_seed3:7,gemini_metrics,[1164],True,gemini_snapshot,derived_from_all_registered_saved_scalars; unknown_not_dropped
gemini-3.8-flash-medium,poolact,restricted_search,cost_moderate,poolact,f1_mi,task,phantom_seed3:7,gemini_metrics,[752],True,gemini_snapshot,derived_from_all_registered_saved_scalars; unknown_not_dropped
gemini-3.8-flash-medium,poolact,restricted_search,cost_moderate,poolact,f1_mv,task,phantom_seed3:7,gemini_metrics,[753],True,gemini_snapshot,derived_from_all_registered_saved_scalars; unknown_not_dropped
gemini-3.8-flash-medium,poolact,restricted_search,cost_tight,cached,f1_mi,task,phantom_seed3:7,gemini_metrics,[747],True,gemini_snapshot,derived_from_all_registered_saved_scalars; unknown_not_dropped
gemini-3.8-flash-medium,poolact,restricted_search,cost_tight,cached,f1_mv,task,phantom_seed3:7,gemini_metrics,[748],True,gemini_snapshot,derived_from_all_registered_saved_scalars; unknown_not_dropped
gemini-3.8-flash-medium,poolact,restricted_search,cost_tight,naive,f1_mi,task,phantom_seed3:7,gemini_metrics,[180],True,gemini_snapshot,derived_from_all_registered_saved_scalars; unknown_not_dropped
gemini-3.8-flash-medium,poolact,restricted_search,cost_tight,naive,f1_mv,task,phantom_seed3:7,gemini_metrics,[181],True,gemini_snapshot,derived_from_all_registered_saved_scalars; unknown_not_dropped
gemini-3.8-flash-medium,poolact,restricted_search,cost_tight,poolact,f1_mi,task,phantom_seed3:7,gemini_metrics,[587],True,gemini_snapshot,derived_from_all_registered_saved_scalars; unknown_not_dropped
gemini-3.8-flash-medium,poolact,restricted_search,cost_tight,poolact,f1_mv,task,phantom_seed3:7,gemini_metrics,[588],True,gemini_snapshot,derived_from_all_registered_saved_scalars; unknown_not_dropped
gemini-3.8-flash-medium,poolact,restricted_search,cost_moderate,cached,f1_mi,task,phantom_seed3:8,gemini_metrics,[1124],True,gemini_snapshot,derived_from_all_registered_saved_scalars; unknown_not_dropped
gemini-3.8-flash-medium,poolact,restricted_search,cost_moderate,cached,f1_mv,task,phantom_seed3:8,gemini_metrics,[1125],True,gemini_snapshot,derived_from_all_registered_saved_scalars; unknown_not_dropped
gemini-3.8-flash-medium,poolact,restricted_search,cost_moderate,naive,f1_mi,task,phantom_seed3:8,gemini_metrics,[1275],True,gemini_snapshot,derived_from_all_registered_saved_scalars; unknown_not_dropped
gemini-3.8-flash-medium,poolact,restricted_search,cost_moderate,naive,f1_mv,task,phantom_seed3:8,gemini_metrics,[1276],True,gemini_snapshot,derived_from_all_registered_saved_scalars; unknown_not_dropped
gemini-3.8-flash-medium,poolact,restricted_search,cost_moderate,poolact,f1_mi,task,phantom_seed3:8,gemini_metrics,[760],True,gemini_snapshot,derived_from_all_registered_saved_scalars; unknown_not_dropped
gemini-3.8-flash-medium,poolact,restricted_search,cost_moderate,poolact,f1_mv,task,phantom_seed3:8,gemini_metrics,[761],True,gemini_snapshot,derived_from_all_registered_saved_scalars; unknown_not_dropped
gemini-3.8-flash-medium,poolact,restricted_search,cost_tight,cached,f1_mi,task,phantom_seed3:8,gemini_metrics,[473],True,gemini_snapshot,derived_from_all_registered_saved_scalars; unknown_not_dropped
gemini-3.8-flash-medium,poolact,restricted_search,cost_tight,cached,f1_mv,task,phantom_seed3:8,gemini_metrics,[474],True,gemini_snapshot,derived_from_all_registered_saved_scalars; unknown_not_dropped
gemini-3.8-flash-medium,poolact,restricted_search,cost_tight,naive,f1_mi,task,phantom_seed3:8,gemini_metrics,[421],True,gemini_snapshot,derived_from_all_registered_saved_scalars; unknown_not_dropped
gemini-3.8-flash-medium,poolact,restricted_search,cost_tight,naive,f1_mv,task,phantom_seed3:8,gemini_metrics,[422],True,gemini_snapshot,derived_from_all_registered_saved_scalars; unknown_not_dropped
gemini-3.8-flash-medium,poolact,restricted_search,cost_tight,poolact,f1_mi,task,phantom_seed3:8,gemini_metrics,[126],True,gemini_snapshot,derived_from_all_registered_saved_scalars; unknown_not_dropped
gemini-3.8-flash-medium,poolact,restricted_search,cost_tight,poolact,f1_mv,task,phantom_seed3:8,gemini_metrics,[127],True,gemini_snapshot,derived_from_all_registered_saved_scalars; unknown_not_dropped
gemini-3.8-flash-medium,poolact,restricted_search,cost_moderate,cached,f1_mi,task,phantom_seed3:9,gemini_metrics,[949],True,gemini_snapshot,derived_from_all_registered_saved_scalars; unknown_not_dropped
gemini-3.8-flash-medium,poolact,restricted_search,cost_moderate,cached,f1_mv,task,phantom_seed3:9,gemini_metrics,[950],True,gemini_snapshot,derived_from_all_registered_saved_scalars; unknown_not_dropped
gemini-3.8-flash-medium,poolact,restricted_search,cost_moderate,naive,f1_mi,task,phantom_seed3:9,gemini_metrics,[293],True,gemini_snapshot,derived_from_all_registered_saved_scalars; unknown_not_dropped
gemini-3.8-flash-medium,poolact,restricted_search,cost_moderate,naive,f1_mv,task,phantom_seed3:9,gemini_metrics,[294],True,gemini_snapshot,derived_from_all_registered_saved_scalars; unknown_not_dropped
gemini-3.8-flash-medium,poolact,restricted_search,cost_moderate,poolact,f1_mi,task,phantom_seed3:9,gemini_metrics,[643],True,gemini_snapshot,derived_from_all_registered_saved_scalars; unknown_not_dropped
gemini-3.8-flash-medium,poolact,restricted_search,cost_moderate,poolact,f1_mv,task,phantom_seed3:9,gemini_metrics,[644],True,gemini_snapshot,derived_from_all_registered_saved_scalars; unknown_not_dropped
gemini-3.8-flash-medium,poolact,restricted_search,cost_tight,cached,f1_mi,task,phantom_seed3:9,gemini_metrics,[936],True,gemini_snapshot,derived_from_all_registered_saved_scalars; unknown_not_dropped
gemini-3.8-flash-medium,poolact,restricted_search,cost_tight,cached,f1_mv,task,phantom_seed3:9,gemini_metrics,[937],True,gemini_snapshot,derived_from_all_registered_saved_scalars; unknown_not_dropped
gemini-3.8-flash-medium,poolact,restricted_search,cost_tight,naive,f1_mi,task,phantom_seed3:9,gemini_metrics,[502],True,gemini_snapshot,derived_from_all_registered_saved_scalars; unknown_not_dropped
gemini-3.8-flash-medium,poolact,restricted_search,cost_tight,naive,f1_mv,task,phantom_seed3:9,gemini_metrics,[503],True,gemini_snapshot,derived_from_all_registered_saved_scalars; unknown_not_dropped
gemini-3.8-flash-medium,poolact,restricted_search,cost_tight,poolact,f1_mi,task,phantom_seed3:9,gemini_metrics,[1203],True,gemini_snapshot,derived_from_all_registered_saved_scalars; unknown_not_dropped
gemini-3.8-flash-medium,poolact,restricted_search,cost_tight,poolact,f1_mv,task,phantom_seed3:9,gemini_metrics,[1204],True,gemini_snapshot,derived_from_all_registered_saved_scalars; unknown_not_dropped
gemini-3.8-flash-medium,poolact,tuning,cost_moderate,cached,gap0_bon,all,all,gemini_metrics,"[679,777,1215,1411,1421,1457,1503,1583,1607]",True,gemini_snapshot,derived_from_all_registered_saved_scalars; unknown_not_dropped
gemini-3.8-flash-medium,poolact,tuning,cost_moderate,cached,gap0_mi,all,all,gemini_metrics,"[678,776,1214,1410,1420,1456,1502,1582,1606]",True,gemini_snapshot,derived_from_all_registered_saved_scalars; unknown_not_dropped
gemini-3.8-flash-medium,poolact,tuning,cost_moderate,cached,gap_bon,all,all,gemini_absolute,118,True,gemini_snapshot,latest_effective_composite_or_current_snapshot
gemini-3.8-flash-medium,poolact,tuning,cost_moderate,cached,gap_mi,all,all,gemini_absolute,120,True,gemini_snapshot,latest_effective_composite_or_current_snapshot
gemini-3.8-flash-medium,poolact,tuning,cost_moderate,cached,raw_perf_bon,all,all,gemini_absolute,122,True,gemini_snapshot,latest_effective_composite_or_current_snapshot
gemini-3.8-flash-medium,poolact,tuning,cost_moderate,cached,raw_perf_mi,all,all,gemini_absolute,124,True,gemini_snapshot,latest_effective_composite_or_current_snapshot
gemini-3.8-flash-medium,poolact,tuning,cost_moderate,naive,gap0_bon,all,all,gemini_metrics,"[286,510,616,1369,1429,1447,1491,1547,1579]",True,gemini_snapshot,derived_from_all_registered_saved_scalars; unknown_not_dropped
gemini-3.8-flash-medium,poolact,tuning,cost_moderate,naive,gap0_mi,all,all,gemini_metrics,"[285,509,615,1368,1428,1446,1490,1546,1578]",True,gemini_snapshot,derived_from_all_registered_saved_scalars; unknown_not_dropped
gemini-3.8-flash-medium,poolact,tuning,cost_moderate,naive,gap_bon,all,all,gemini_absolute,126,True,gemini_snapshot,latest_effective_composite_or_current_snapshot
gemini-3.8-flash-medium,poolact,tuning,cost_moderate,naive,gap_mi,all,all,gemini_absolute,128,True,gemini_snapshot,latest_effective_composite_or_current_snapshot
gemini-3.8-flash-medium,poolact,tuning,cost_moderate,naive,raw_perf_bon,all,all,gemini_absolute,130,True,gemini_snapshot,latest_effective_composite_or_current_snapshot
gemini-3.8-flash-medium,poolact,tuning,cost_moderate,naive,raw_perf_mi,all,all,gemini_absolute,132,True,gemini_snapshot,latest_effective_composite_or_current_snapshot
gemini-3.8-flash-medium,poolact,tuning,cost_moderate,poolact,gap0_bon,all,all,gemini_metrics,"[470,506,525,1375,1391,1469,1569,1599,1603]",True,gemini_snapshot,derived_from_all_registered_saved_scalars; unknown_not_dropped
gemini-3.8-flash-medium,poolact,tuning,cost_moderate,poolact,gap0_mi,all,all,gemini_metrics,"[469,505,524,1374,1390,1468,1568,1598,1602]",True,gemini_snapshot,derived_from_all_registered_saved_scalars; unknown_not_dropped
gemini-3.8-flash-medium,poolact,tuning,cost_moderate,poolact,gap_bon,all,all,gemini_absolute,134,True,gemini_snapshot,latest_effective_composite_or_current_snapshot
gemini-3.8-flash-medium,poolact,tuning,cost_moderate,poolact,gap_mi,all,all,gemini_absolute,136,True,gemini_snapshot,latest_effective_composite_or_current_snapshot
gemini-3.8-flash-medium,poolact,tuning,cost_moderate,poolact,raw_perf_bon,all,all,gemini_absolute,138,True,gemini_snapshot,latest_effective_composite_or_current_snapshot
gemini-3.8-flash-medium,poolact,tuning,cost_moderate,poolact,raw_perf_mi,all,all,gemini_absolute,140,True,gemini_snapshot,latest_effective_composite_or_current_snapshot
gemini-3.8-flash-medium,poolact,tuning,cost_tight,cached,gap0_bon,all,all,gemini_metrics,"[255,824,909,1387,1405,1483,1561,1565,1587]",True,gemini_snapshot,derived_from_all_registered_saved_scalars; unknown_not_dropped
gemini-3.8-flash-medium,poolact,tuning,cost_tight,cached,gap0_mi,all,all,gemini_metrics,"[254,823,908,1386,1404,1482,1560,1564,1586]",True,gemini_snapshot,derived_from_all_registered_saved_scalars; unknown_not_dropped
gemini-3.8-flash-medium,poolact,tuning,cost_tight,cached,gap_bon,all,all,gemini_absolute,142,True,gemini_snapshot,latest_effective_composite_or_current_snapshot
gemini-3.8-flash-medium,poolact,tuning,cost_tight,cached,gap_mi,all,all,gemini_absolute,144,True,gemini_snapshot,latest_effective_composite_or_current_snapshot
gemini-3.8-flash-medium,poolact,tuning,cost_tight,cached,raw_perf_bon,all,all,gemini_absolute,146,True,gemini_snapshot,latest_effective_composite_or_current_snapshot
gemini-3.8-flash-medium,poolact,tuning,cost_tight,cached,raw_perf_mi,all,all,gemini_absolute,148,True,gemini_snapshot,latest_effective_composite_or_current_snapshot
gemini-3.8-flash-medium,poolact,tuning,cost_tight,naive,gap0_bon,all,all,gemini_metrics,"[82,871,929,1401,1417,1473,1525,1533,1551]",True,gemini_snapshot,derived_from_all_registered_saved_scalars; unknown_not_dropped
gemini-3.8-flash-medium,poolact,tuning,cost_tight,naive,gap0_mi,all,all,gemini_metrics,"[81,870,928,1400,1416,1472,1524,1532,1550]",True,gemini_snapshot,derived_from_all_registered_saved_scalars; unknown_not_dropped
gemini-3.8-flash-medium,poolact,tuning,cost_tight,naive,gap_bon,all,all,gemini_absolute,150,True,gemini_snapshot,latest_effective_composite_or_current_snapshot
gemini-3.8-flash-medium,poolact,tuning,cost_tight,naive,gap_mi,all,all,gemini_absolute,152,True,gemini_snapshot,latest_effective_composite_or_current_snapshot
gemini-3.8-flash-medium,poolact,tuning,cost_tight,naive,raw_perf_bon,all,all,gemini_absolute,154,True,gemini_snapshot,latest_effective_composite_or_current_snapshot
gemini-3.8-flash-medium,poolact,tuning,cost_tight,naive,raw_perf_mi,all,all,gemini_absolute,156,True,gemini_snapshot,latest_effective_composite_or_current_snapshot
gemini-3.8-flash-medium,poolact,tuning,cost_tight,poolact,gap0_bon,all,all,gemini_metrics,"[531,867,1344,1425,1437,1461,1487,1497,1575]",True,gemini_snapshot,derived_from_all_registered_saved_scalars; unknown_not_dropped
gemini-3.8-flash-medium,poolact,tuning,cost_tight,poolact,gap0_mi,all,all,gemini_metrics,"[530,866,1343,1424,1436,1460,1486,1496,1574]",True,gemini_snapshot,derived_from_all_registered_saved_scalars; unknown_not_dropped
gemini-3.8-flash-medium,poolact,tuning,cost_tight,poolact,gap_bon,all,all,gemini_absolute,158,True,gemini_snapshot,latest_effective_composite_or_current_snapshot
gemini-3.8-flash-medium,poolact,tuning,cost_tight,poolact,gap_mi,all,all,gemini_absolute,160,True,gemini_snapshot,latest_effective_composite_or_current_snapshot
gemini-3.8-flash-medium,poolact,tuning,cost_tight,poolact,raw_perf_bon,all,all,gemini_absolute,162,True,gemini_snapshot,latest_effective_composite_or_current_snapshot
gemini-3.8-flash-medium,poolact,tuning,cost_tight,poolact,raw_perf_mi,all,all,gemini_absolute,164,True,gemini_snapshot,latest_effective_composite_or_current_snapshot
gemini-3.8-flash-medium,poolact,tuning,cost_moderate,cached,gap0_bon,family,nasbench101,gemini_metrics,"[679,777,1215,1411,1421,1457,1503,1583,1607]",True,gemini_snapshot,derived_from_all_registered_saved_scalars; unknown_not_dropped
gemini-3.8-flash-medium,poolact,tuning,cost_moderate,cached,gap0_mi,family,nasbench101,gemini_metrics,"[678,776,1214,1410,1420,1456,1502,1582,1606]",True,gemini_snapshot,derived_from_all_registered_saved_scalars; unknown_not_dropped
gemini-3.8-flash-medium,poolact,tuning,cost_moderate,cached,gap_bon,family,nasbench101,gemini_absolute,119,True,gemini_snapshot,latest_effective_composite_or_current_snapshot
gemini-3.8-flash-medium,poolact,tuning,cost_moderate,cached,gap_mi,family,nasbench101,gemini_absolute,121,True,gemini_snapshot,latest_effective_composite_or_current_snapshot
gemini-3.8-flash-medium,poolact,tuning,cost_moderate,cached,raw_perf_bon,family,nasbench101,gemini_absolute,123,True,gemini_snapshot,latest_effective_composite_or_current_snapshot
gemini-3.8-flash-medium,poolact,tuning,cost_moderate,cached,raw_perf_mi,family,nasbench101,gemini_absolute,125,True,gemini_snapshot,latest_effective_composite_or_current_snapshot
gemini-3.8-flash-medium,poolact,tuning,cost_moderate,naive,gap0_bon,family,nasbench101,gemini_metrics,"[286,510,616,1369,1429,1447,1491,1547,1579]",True,gemini_snapshot,derived_from_all_registered_saved_scalars; unknown_not_dropped
gemini-3.8-flash-medium,poolact,tuning,cost_moderate,naive,gap0_mi,family,nasbench101,gemini_metrics,"[285,509,615,1368,1428,1446,1490,1546,1578]",True,gemini_snapshot,derived_from_all_registered_saved_scalars; unknown_not_dropped
gemini-3.8-flash-medium,poolact,tuning,cost_moderate,naive,gap_bon,family,nasbench101,gemini_absolute,127,True,gemini_snapshot,latest_effective_composite_or_current_snapshot
gemini-3.8-flash-medium,poolact,tuning,cost_moderate,naive,gap_mi,family,nasbench101,gemini_absolute,129,True,gemini_snapshot,latest_effective_composite_or_current_snapshot
gemini-3.8-flash-medium,poolact,tuning,cost_moderate,naive,raw_perf_bon,family,nasbench101,gemini_absolute,131,True,gemini_snapshot,latest_effective_composite_or_current_snapshot
gemini-3.8-flash-medium,poolact,tuning,cost_moderate,naive,raw_perf_mi,family,nasbench101,gemini_absolute,133,True,gemini_snapshot,latest_effective_composite_or_current_snapshot
gemini-3.8-flash-medium,poolact,tuning,cost_moderate,poolact,gap0_bon,family,nasbench101,gemini_metrics,"[470,506,525,1375,1391,1469,1569,1599,1603]",True,gemini_snapshot,derived_from_all_registered_saved_scalars; unknown_not_dropped
gemini-3.8-flash-medium,poolact,tuning,cost_moderate,poolact,gap0_mi,family,nasbench101,gemini_metrics,"[469,505,524,1374,1390,1468,1568,1598,1602]",True,gemini_snapshot,derived_from_all_registered_saved_scalars; unknown_not_dropped
gemini-3.8-flash-medium,poolact,tuning,cost_moderate,poolact,gap_bon,family,nasbench101,gemini_absolute,135,True,gemini_snapshot,latest_effective_composite_or_current_snapshot
gemini-3.8-flash-medium,poolact,tuning,cost_moderate,poolact,gap_mi,family,nasbench101,gemini_absolute,137,True,gemini_snapshot,latest_effective_composite_or_current_snapshot
gemini-3.8-flash-medium,poolact,tuning,cost_moderate,poolact,raw_perf_bon,family,nasbench101,gemini_absolute,139,True,gemini_snapshot,latest_effective_composite_or_current_snapshot
gemini-3.8-flash-medium,poolact,tuning,cost_moderate,poolact,raw_perf_mi,family,nasbench101,gemini_absolute,141,True,gemini_snapshot,latest_effective_composite_or_current_snapshot
gemini-3.8-flash-medium,poolact,tuning,cost_tight,cached,gap0_bon,family,nasbench101,gemini_metrics,"[255,824,909,1387,1405,1483,1561,1565,1587]",True,gemini_snapshot,derived_from_all_registered_saved_scalars; unknown_not_dropped
gemini-3.8-flash-medium,poolact,tuning,cost_tight,cached,gap0_mi,family,nasbench101,gemini_metrics,"[254,823,908,1386,1404,1482,1560,1564,1586]",True,gemini_snapshot,derived_from_all_registered_saved_scalars; unknown_not_dropped
gemini-3.8-flash-medium,poolact,tuning,cost_tight,cached,gap_bon,family,nasbench101,gemini_absolute,143,True,gemini_snapshot,latest_effective_composite_or_current_snapshot
gemini-3.8-flash-medium,poolact,tuning,cost_tight,cached,gap_mi,family,nasbench101,gemini_absolute,145,True,gemini_snapshot,latest_effective_composite_or_current_snapshot
gemini-3.8-flash-medium,poolact,tuning,cost_tight,cached,raw_perf_bon,family,nasbench101,gemini_absolute,147,True,gemini_snapshot,latest_effective_composite_or_current_snapshot
gemini-3.8-flash-medium,poolact,tuning,cost_tight,cached,raw_perf_mi,family,nasbench101,gemini_absolute,149,True,gemini_snapshot,latest_effective_composite_or_current_snapshot
gemini-3.8-flash-medium,poolact,tuning,cost_tight,naive,gap0_bon,family,nasbench101,gemini_metrics,"[82,871,929,1401,1417,1473,1525,1533,1551]",True,gemini_snapshot,derived_from_all_registered_saved_scalars; unknown_not_dropped
gemini-3.8-flash-medium,poolact,tuning,cost_tight,naive,gap0_mi,family,nasbench101,gemini_metrics,"[81,870,928,1400,1416,1472,1524,1532,1550]",True,gemini_snapshot,derived_from_all_registered_saved_scalars; unknown_not_dropped
gemini-3.8-flash-medium,poolact,tuning,cost_tight,naive,gap_bon,family,nasbench101,gemini_absolute,151,True,gemini_snapshot,latest_effective_composite_or_current_snapshot
gemini-3.8-flash-medium,poolact,tuning,cost_tight,naive,gap_mi,family,nasbench101,gemini_absolute,153,True,gemini_snapshot,latest_effective_composite_or_current_snapshot
gemini-3.8-flash-medium,poolact,tuning,cost_tight,naive,raw_perf_bon,family,nasbench101,gemini_absolute,155,True,gemini_snapshot,latest_effective_composite_or_current_snapshot
gemini-3.8-flash-medium,poolact,tuning,cost_tight,naive,raw_perf_mi,family,nasbench101,gemini_absolute,157,True,gemini_snapshot,latest_effective_composite_or_current_snapshot
gemini-3.8-flash-medium,poolact,tuning,cost_tight,poolact,gap0_bon,family,nasbench101,gemini_metrics,"[531,867,1344,1425,1437,1461,1487,1497,1575]",True,gemini_snapshot,derived_from_all_registered_saved_scalars; unknown_not_dropped
gemini-3.8-flash-medium,poolact,tuning,cost_tight,poolact,gap0_mi,family,nasbench101,gemini_metrics,"[530,866,1343,1424,1436,1460,1486,1496,1574]",True,gemini_snapshot,derived_from_all_registered_saved_scalars; unknown_not_dropped
gemini-3.8-flash-medium,poolact,tuning,cost_tight,poolact,gap_bon,family,nasbench101,gemini_absolute,159,True,gemini_snapshot,latest_effective_composite_or_current_snapshot
gemini-3.8-flash-medium,poolact,tuning,cost_tight,poolact,gap_mi,family,nasbench101,gemini_absolute,161,True,gemini_snapshot,latest_effective_composite_or_current_snapshot
gemini-3.8-flash-medium,poolact,tuning,cost_tight,poolact,raw_perf_bon,family,nasbench101,gemini_absolute,163,True,gemini_snapshot,latest_effective_composite_or_current_snapshot
gemini-3.8-flash-medium,poolact,tuning,cost_tight,poolact,raw_perf_mi,family,nasbench101,gemini_absolute,165,True,gemini_snapshot,latest_effective_composite_or_current_snapshot
gemini-3.8-flash-medium,poolact,tuning,cost_moderate,cached,gap0_bon,task,hpobench:nasbench101:A,gemini_metrics,"[679,1421,1503]",True,gemini_snapshot,derived_from_all_registered_saved_scalars; unknown_not_dropped
gemini-3.8-flash-medium,poolact,tuning,cost_moderate,cached,gap0_mi,task,hpobench:nasbench101:A,gemini_metrics,"[678,1420,1502]",True,gemini_snapshot,derived_from_all_registered_saved_scalars; unknown_not_dropped
gemini-3.8-flash-medium,poolact,tuning,cost_moderate,cached,gap_bon,task,hpobench:nasbench101:A,gemini_metrics,"[679,1421,1503]",True,gemini_snapshot,derived_from_all_registered_saved_scalars; unknown_not_dropped
gemini-3.8-flash-medium,poolact,tuning,cost_moderate,cached,gap_mi,task,hpobench:nasbench101:A,gemini_metrics,"[678,1420,1502]",True,gemini_snapshot,derived_from_all_registered_saved_scalars; unknown_not_dropped
gemini-3.8-flash-medium,poolact,tuning,cost_moderate,cached,raw_perf_bon,task,hpobench:nasbench101:A,gemini_metrics,"[681,1423,1505]",True,gemini_snapshot,derived_from_all_registered_saved_scalars; unknown_not_dropped
gemini-3.8-flash-medium,poolact,tuning,cost_moderate,cached,raw_perf_mi,task,hpobench:nasbench101:A,gemini_metrics,"[680,1422,1504]",True,gemini_snapshot,derived_from_all_registered_saved_scalars; unknown_not_dropped
gemini-3.8-flash-medium,poolact,tuning,cost_moderate,naive,gap0_bon,task,hpobench:nasbench101:A,gemini_metrics,"[616,1369,1491]",True,gemini_snapshot,derived_from_all_registered_saved_scalars; unknown_not_dropped
gemini-3.8-flash-medium,poolact,tuning,cost_moderate,naive,gap0_mi,task,hpobench:nasbench101:A,gemini_metrics,"[615,1368,1490]",True,gemini_snapshot,derived_from_all_registered_saved_scalars; unknown_not_dropped
gemini-3.8-flash-medium,poolact,tuning,cost_moderate,naive,gap_bon,task,hpobench:nasbench101:A,gemini_metrics,"[616,1369,1491]",True,gemini_snapshot,derived_from_all_registered_saved_scalars; unknown_not_dropped
gemini-3.8-flash-medium,poolact,tuning,cost_moderate,naive,gap_mi,task,hpobench:nasbench101:A,gemini_metrics,"[615,1368,1490]",True,gemini_snapshot,derived_from_all_registered_saved_scalars; unknown_not_dropped
gemini-3.8-flash-medium,poolact,tuning,cost_moderate,naive,raw_perf_bon,task,hpobench:nasbench101:A,gemini_metrics,"[618,1371,1493]",True,gemini_snapshot,derived_from_all_registered_saved_scalars; unknown_not_dropped
gemini-3.8-flash-medium,poolact,tuning,cost_moderate,naive,raw_perf_mi,task,hpobench:nasbench101:A,gemini_metrics,"[617,1370,1492]",True,gemini_snapshot,derived_from_all_registered_saved_scalars; unknown_not_dropped
gemini-3.8-flash-medium,poolact,tuning,cost_moderate,poolact,gap0_bon,task,hpobench:nasbench101:A,gemini_metrics,"[525,1391,1603]",True,gemini_snapshot,derived_from_all_registered_saved_scalars; unknown_not_dropped
gemini-3.8-flash-medium,poolact,tuning,cost_moderate,poolact,gap0_mi,task,hpobench:nasbench101:A,gemini_metrics,"[524,1390,1602]",True,gemini_snapshot,derived_from_all_registered_saved_scalars; unknown_not_dropped
gemini-3.8-flash-medium,poolact,tuning,cost_moderate,poolact,gap_bon,task,hpobench:nasbench101:A,gemini_metrics,"[525,1391,1603]",True,gemini_snapshot,derived_from_all_registered_saved_scalars; unknown_not_dropped
gemini-3.8-flash-medium,poolact,tuning,cost_moderate,poolact,gap_mi,task,hpobench:nasbench101:A,gemini_metrics,"[524,1390,1602]",True,gemini_snapshot,derived_from_all_registered_saved_scalars; unknown_not_dropped
gemini-3.8-flash-medium,poolact,tuning,cost_moderate,poolact,raw_perf_bon,task,hpobench:nasbench101:A,gemini_metrics,"[527,1393,1605]",True,gemini_snapshot,derived_from_all_registered_saved_scalars; unknown_not_dropped
gemini-3.8-flash-medium,poolact,tuning,cost_moderate,poolact,raw_perf_mi,task,hpobench:nasbench101:A,gemini_metrics,"[526,1392,1604]",True,gemini_snapshot,derived_from_all_registered_saved_scalars; unknown_not_dropped
gemini-3.8-flash-medium,poolact,tuning,cost_tight,cached,gap0_bon,task,hpobench:nasbench101:A,gemini_metrics,"[824,1483,1587]",True,gemini_snapshot,derived_from_all_registered_saved_scalars; unknown_not_dropped
gemini-3.8-flash-medium,poolact,tuning,cost_tight,cached,gap0_mi,task,hpobench:nasbench101:A,gemini_metrics,"[823,1482,1586]",True,gemini_snapshot,derived_from_all_registered_saved_scalars; unknown_not_dropped
gemini-3.8-flash-medium,poolact,tuning,cost_tight,cached,gap_bon,task,hpobench:nasbench101:A,gemini_metrics,"[824,1483,1587]",True,gemini_snapshot,derived_from_all_registered_saved_scalars; unknown_not_dropped
gemini-3.8-flash-medium,poolact,tuning,cost_tight,cached,gap_mi,task,hpobench:nasbench101:A,gemini_metrics,"[823,1482,1586]",True,gemini_snapshot,derived_from_all_registered_saved_scalars; unknown_not_dropped
gemini-3.8-flash-medium,poolact,tuning,cost_tight,cached,raw_perf_bon,task,hpobench:nasbench101:A,gemini_metrics,"[826,1485,1589]",True,gemini_snapshot,derived_from_all_registered_saved_scalars; unknown_not_dropped
gemini-3.8-flash-medium,poolact,tuning,cost_tight,cached,raw_perf_mi,task,hpobench:nasbench101:A,gemini_metrics,"[825,1484,1588]",True,gemini_snapshot,derived_from_all_registered_saved_scalars; unknown_not_dropped
gemini-3.8-flash-medium,poolact,tuning,cost_tight,naive,gap0_bon,task,hpobench:nasbench101:A,gemini_metrics,"[82,1417,1525]",True,gemini_snapshot,derived_from_all_registered_saved_scalars; unknown_not_dropped
gemini-3.8-flash-medium,poolact,tuning,cost_tight,naive,gap0_mi,task,hpobench:nasbench101:A,gemini_metrics,"[81,1416,1524]",True,gemini_snapshot,derived_from_all_registered_saved_scalars; unknown_not_dropped
gemini-3.8-flash-medium,poolact,tuning,cost_tight,naive,gap_bon,task,hpobench:nasbench101:A,gemini_metrics,"[82,1417,1525]",True,gemini_snapshot,derived_from_all_registered_saved_scalars; unknown_not_dropped
gemini-3.8-flash-medium,poolact,tuning,cost_tight,naive,gap_mi,task,hpobench:nasbench101:A,gemini_metrics,"[81,1416,1524]",True,gemini_snapshot,derived_from_all_registered_saved_scalars; unknown_not_dropped
gemini-3.8-flash-medium,poolact,tuning,cost_tight,naive,raw_perf_bon,task,hpobench:nasbench101:A,gemini_metrics,"[84,1419,1527]",True,gemini_snapshot,derived_from_all_registered_saved_scalars; unknown_not_dropped
gemini-3.8-flash-medium,poolact,tuning,cost_tight,naive,raw_perf_mi,task,hpobench:nasbench101:A,gemini_metrics,"[83,1418,1526]",True,gemini_snapshot,derived_from_all_registered_saved_scalars; unknown_not_dropped
gemini-3.8-flash-medium,poolact,tuning,cost_tight,poolact,gap0_bon,task,hpobench:nasbench101:A,gemini_metrics,"[531,1437,1575]",True,gemini_snapshot,derived_from_all_registered_saved_scalars; unknown_not_dropped
gemini-3.8-flash-medium,poolact,tuning,cost_tight,poolact,gap0_mi,task,hpobench:nasbench101:A,gemini_metrics,"[530,1436,1574]",True,gemini_snapshot,derived_from_all_registered_saved_scalars; unknown_not_dropped
gemini-3.8-flash-medium,poolact,tuning,cost_tight,poolact,gap_bon,task,hpobench:nasbench101:A,gemini_metrics,"[531,1437,1575]",True,gemini_snapshot,derived_from_all_registered_saved_scalars; unknown_not_dropped
gemini-3.8-flash-medium,poolact,tuning,cost_tight,poolact,gap_mi,task,hpobench:nasbench101:A,gemini_metrics,"[530,1436,1574]",True,gemini_snapshot,derived_from_all_registered_saved_scalars; unknown_not_dropped
gemini-3.8-flash-medium,poolact,tuning,cost_tight,poolact,raw_perf_bon,task,hpobench:nasbench101:A,gemini_metrics,"[533,1439,1577]",True,gemini_snapshot,derived_from_all_registered_saved_scalars; unknown_not_dropped
gemini-3.8-flash-medium,poolact,tuning,cost_tight,poolact,raw_perf_mi,task,hpobench:nasbench101:A,gemini_metrics,"[532,1438,1576]",True,gemini_snapshot,derived_from_all_registered_saved_scalars; unknown_not_dropped
gemini-3.8-flash-medium,poolact,tuning,cost_moderate,cached,gap0_bon,task,hpobench:nasbench101:B,gemini_metrics,"[1215,1411,1583]",True,gemini_snapshot,derived_from_all_registered_saved_scalars; unknown_not_dropped
gemini-3.8-flash-medium,poolact,tuning,cost_moderate,cached,gap0_mi,task,hpobench:nasbench101:B,gemini_metrics,"[1214,1410,1582]",True,gemini_snapshot,derived_from_all_registered_saved_scalars; unknown_not_dropped
gemini-3.8-flash-medium,poolact,tuning,cost_moderate,cached,gap_bon,task,hpobench:nasbench101:B,gemini_metrics,"[1215,1411,1583]",True,gemini_snapshot,derived_from_all_registered_saved_scalars; unknown_not_dropped
gemini-3.8-flash-medium,poolact,tuning,cost_moderate,cached,gap_mi,task,hpobench:nasbench101:B,gemini_metrics,"[1214,1410,1582]",True,gemini_snapshot,derived_from_all_registered_saved_scalars; unknown_not_dropped
gemini-3.8-flash-medium,poolact,tuning,cost_moderate,cached,raw_perf_bon,task,hpobench:nasbench101:B,gemini_metrics,"[1217,1413,1585]",True,gemini_snapshot,derived_from_all_registered_saved_scalars; unknown_not_dropped
gemini-3.8-flash-medium,poolact,tuning,cost_moderate,cached,raw_perf_mi,task,hpobench:nasbench101:B,gemini_metrics,"[1216,1412,1584]",True,gemini_snapshot,derived_from_all_registered_saved_scalars; unknown_not_dropped
gemini-3.8-flash-medium,poolact,tuning,cost_moderate,naive,gap0_bon,task,hpobench:nasbench101:B,gemini_metrics,"[286,1429,1547]",True,gemini_snapshot,derived_from_all_registered_saved_scalars; unknown_not_dropped
gemini-3.8-flash-medium,poolact,tuning,cost_moderate,naive,gap0_mi,task,hpobench:nasbench101:B,gemini_metrics,"[285,1428,1546]",True,gemini_snapshot,derived_from_all_registered_saved_scalars; unknown_not_dropped
gemini-3.8-flash-medium,poolact,tuning,cost_moderate,naive,gap_bon,task,hpobench:nasbench101:B,gemini_metrics,"[286,1429,1547]",True,gemini_snapshot,derived_from_all_registered_saved_scalars; unknown_not_dropped
gemini-3.8-flash-medium,poolact,tuning,cost_moderate,naive,gap_mi,task,hpobench:nasbench101:B,gemini_metrics,"[285,1428,1546]",True,gemini_snapshot,derived_from_all_registered_saved_scalars; unknown_not_dropped
gemini-3.8-flash-medium,poolact,tuning,cost_moderate,naive,raw_perf_bon,task,hpobench:nasbench101:B,gemini_metrics,"[288,1431,1549]",True,gemini_snapshot,derived_from_all_registered_saved_scalars; unknown_not_dropped
gemini-3.8-flash-medium,poolact,tuning,cost_moderate,naive,raw_perf_mi,task,hpobench:nasbench101:B,gemini_metrics,"[287,1430,1548]",True,gemini_snapshot,derived_from_all_registered_saved_scalars; unknown_not_dropped
gemini-3.8-flash-medium,poolact,tuning,cost_moderate,poolact,gap0_bon,task,hpobench:nasbench101:B,gemini_metrics,"[470,1375,1569]",True,gemini_snapshot,derived_from_all_registered_saved_scalars; unknown_not_dropped
gemini-3.8-flash-medium,poolact,tuning,cost_moderate,poolact,gap0_mi,task,hpobench:nasbench101:B,gemini_metrics,"[469,1374,1568]",True,gemini_snapshot,derived_from_all_registered_saved_scalars; unknown_not_dropped
gemini-3.8-flash-medium,poolact,tuning,cost_moderate,poolact,gap_bon,task,hpobench:nasbench101:B,gemini_metrics,"[470,1375,1569]",True,gemini_snapshot,derived_from_all_registered_saved_scalars; unknown_not_dropped
gemini-3.8-flash-medium,poolact,tuning,cost_moderate,poolact,gap_mi,task,hpobench:nasbench101:B,gemini_metrics,"[469,1374,1568]",True,gemini_snapshot,derived_from_all_registered_saved_scalars; unknown_not_dropped
gemini-3.8-flash-medium,poolact,tuning,cost_moderate,poolact,raw_perf_bon,task,hpobench:nasbench101:B,gemini_metrics,"[472,1377,1571]",True,gemini_snapshot,derived_from_all_registered_saved_scalars; unknown_not_dropped
gemini-3.8-flash-medium,poolact,tuning,cost_moderate,poolact,raw_perf_mi,task,hpobench:nasbench101:B,gemini_metrics,"[471,1376,1570]",True,gemini_snapshot,derived_from_all_registered_saved_scalars; unknown_not_dropped
gemini-3.8-flash-medium,poolact,tuning,cost_tight,cached,gap0_bon,task,hpobench:nasbench101:B,gemini_metrics,"[909,1405,1565]",True,gemini_snapshot,derived_from_all_registered_saved_scalars; unknown_not_dropped
gemini-3.8-flash-medium,poolact,tuning,cost_tight,cached,gap0_mi,task,hpobench:nasbench101:B,gemini_metrics,"[908,1404,1564]",True,gemini_snapshot,derived_from_all_registered_saved_scalars; unknown_not_dropped
gemini-3.8-flash-medium,poolact,tuning,cost_tight,cached,gap_bon,task,hpobench:nasbench101:B,gemini_metrics,"[909,1405,1565]",True,gemini_snapshot,derived_from_all_registered_saved_scalars; unknown_not_dropped
gemini-3.8-flash-medium,poolact,tuning,cost_tight,cached,gap_mi,task,hpobench:nasbench101:B,gemini_metrics,"[908,1404,1564]",True,gemini_snapshot,derived_from_all_registered_saved_scalars; unknown_not_dropped
gemini-3.8-flash-medium,poolact,tuning,cost_tight,cached,raw_perf_bon,task,hpobench:nasbench101:B,gemini_metrics,"[911,1407,1567]",True,gemini_snapshot,derived_from_all_registered_saved_scalars; unknown_not_dropped
gemini-3.8-flash-medium,poolact,tuning,cost_tight,cached,raw_perf_mi,task,hpobench:nasbench101:B,gemini_metrics,"[910,1406,1566]",True,gemini_snapshot,derived_from_all_registered_saved_scalars; unknown_not_dropped
gemini-3.8-flash-medium,poolact,tuning,cost_tight,naive,gap0_bon,task,hpobench:nasbench101:B,gemini_metrics,"[871,1401,1551]",True,gemini_snapshot,derived_from_all_registered_saved_scalars; unknown_not_dropped
gemini-3.8-flash-medium,poolact,tuning,cost_tight,naive,gap0_mi,task,hpobench:nasbench101:B,gemini_metrics,"[870,1400,1550]",True,gemini_snapshot,derived_from_all_registered_saved_scalars; unknown_not_dropped
gemini-3.8-flash-medium,poolact,tuning,cost_tight,naive,gap_bon,task,hpobench:nasbench101:B,gemini_metrics,"[871,1401,1551]",True,gemini_snapshot,derived_from_all_registered_saved_scalars; unknown_not_dropped
gemini-3.8-flash-medium,poolact,tuning,cost_tight,naive,gap_mi,task,hpobench:nasbench101:B,gemini_metrics,"[870,1400,1550]",True,gemini_snapshot,derived_from_all_registered_saved_scalars; unknown_not_dropped
gemini-3.8-flash-medium,poolact,tuning,cost_tight,naive,raw_perf_bon,task,hpobench:nasbench101:B,gemini_metrics,"[873,1403,1553]",True,gemini_snapshot,derived_from_all_registered_saved_scalars; unknown_not_dropped
gemini-3.8-flash-medium,poolact,tuning,cost_tight,naive,raw_perf_mi,task,hpobench:nasbench101:B,gemini_metrics,"[872,1402,1552]",True,gemini_snapshot,derived_from_all_registered_saved_scalars; unknown_not_dropped
gemini-3.8-flash-medium,poolact,tuning,cost_tight,poolact,gap0_bon,task,hpobench:nasbench101:B,gemini_metrics,"[867,1461,1487]",True,gemini_snapshot,derived_from_all_registered_saved_scalars; unknown_not_dropped
gemini-3.8-flash-medium,poolact,tuning,cost_tight,poolact,gap0_mi,task,hpobench:nasbench101:B,gemini_metrics,"[866,1460,1486]",True,gemini_snapshot,derived_from_all_registered_saved_scalars; unknown_not_dropped
gemini-3.8-flash-medium,poolact,tuning,cost_tight,poolact,gap_bon,task,hpobench:nasbench101:B,gemini_metrics,"[867,1461,1487]",True,gemini_snapshot,derived_from_all_registered_saved_scalars; unknown_not_dropped
gemini-3.8-flash-medium,poolact,tuning,cost_tight,poolact,gap_mi,task,hpobench:nasbench101:B,gemini_metrics,"[866,1460,1486]",True,gemini_snapshot,derived_from_all_registered_saved_scalars; unknown_not_dropped
gemini-3.8-flash-medium,poolact,tuning,cost_tight,poolact,raw_perf_bon,task,hpobench:nasbench101:B,gemini_metrics,"[869,1463,1489]",True,gemini_snapshot,derived_from_all_registered_saved_scalars; unknown_not_dropped
gemini-3.8-flash-medium,poolact,tuning,cost_tight,poolact,raw_perf_mi,task,hpobench:nasbench101:B,gemini_metrics,"[868,1462,1488]",True,gemini_snapshot,derived_from_all_registered_saved_scalars; unknown_not_dropped
gemini-3.8-flash-medium,poolact,tuning,cost_moderate,cached,gap0_bon,task,hpobench:nasbench101:C,gemini_metrics,"[777,1457,1607]",True,gemini_snapshot,derived_from_all_registered_saved_scalars; unknown_not_dropped
gemini-3.8-flash-medium,poolact,tuning,cost_moderate,cached,gap0_mi,task,hpobench:nasbench101:C,gemini_metrics,"[776,1456,1606]",True,gemini_snapshot,derived_from_all_registered_saved_scalars; unknown_not_dropped
gemini-3.8-flash-medium,poolact,tuning,cost_moderate,cached,gap_bon,task,hpobench:nasbench101:C,gemini_metrics,"[777,1457,1607]",True,gemini_snapshot,derived_from_all_registered_saved_scalars; unknown_not_dropped
gemini-3.8-flash-medium,poolact,tuning,cost_moderate,cached,gap_mi,task,hpobench:nasbench101:C,gemini_metrics,"[776,1456,1606]",True,gemini_snapshot,derived_from_all_registered_saved_scalars; unknown_not_dropped
gemini-3.8-flash-medium,poolact,tuning,cost_moderate,cached,raw_perf_bon,task,hpobench:nasbench101:C,gemini_metrics,"[779,1459,1609]",True,gemini_snapshot,derived_from_all_registered_saved_scalars; unknown_not_dropped
gemini-3.8-flash-medium,poolact,tuning,cost_moderate,cached,raw_perf_mi,task,hpobench:nasbench101:C,gemini_metrics,"[778,1458,1608]",True,gemini_snapshot,derived_from_all_registered_saved_scalars; unknown_not_dropped
gemini-3.8-flash-medium,poolact,tuning,cost_moderate,naive,gap0_bon,task,hpobench:nasbench101:C,gemini_metrics,"[510,1447,1579]",True,gemini_snapshot,derived_from_all_registered_saved_scalars; unknown_not_dropped
gemini-3.8-flash-medium,poolact,tuning,cost_moderate,naive,gap0_mi,task,hpobench:nasbench101:C,gemini_metrics,"[509,1446,1578]",True,gemini_snapshot,derived_from_all_registered_saved_scalars; unknown_not_dropped
gemini-3.8-flash-medium,poolact,tuning,cost_moderate,naive,gap_bon,task,hpobench:nasbench101:C,gemini_metrics,"[510,1447,1579]",True,gemini_snapshot,derived_from_all_registered_saved_scalars; unknown_not_dropped
gemini-3.8-flash-medium,poolact,tuning,cost_moderate,naive,gap_mi,task,hpobench:nasbench101:C,gemini_metrics,"[509,1446,1578]",True,gemini_snapshot,derived_from_all_registered_saved_scalars; unknown_not_dropped
gemini-3.8-flash-medium,poolact,tuning,cost_moderate,naive,raw_perf_bon,task,hpobench:nasbench101:C,gemini_metrics,"[512,1449,1581]",True,gemini_snapshot,derived_from_all_registered_saved_scalars; unknown_not_dropped
gemini-3.8-flash-medium,poolact,tuning,cost_moderate,naive,raw_perf_mi,task,hpobench:nasbench101:C,gemini_metrics,"[511,1448,1580]",True,gemini_snapshot,derived_from_all_registered_saved_scalars; unknown_not_dropped
gemini-3.8-flash-medium,poolact,tuning,cost_moderate,poolact,gap0_bon,task,hpobench:nasbench101:C,gemini_metrics,"[506,1469,1599]",True,gemini_snapshot,derived_from_all_registered_saved_scalars; unknown_not_dropped
gemini-3.8-flash-medium,poolact,tuning,cost_moderate,poolact,gap0_mi,task,hpobench:nasbench101:C,gemini_metrics,"[505,1468,1598]",True,gemini_snapshot,derived_from_all_registered_saved_scalars; unknown_not_dropped
gemini-3.8-flash-medium,poolact,tuning,cost_moderate,poolact,gap_bon,task,hpobench:nasbench101:C,gemini_metrics,"[506,1469,1599]",True,gemini_snapshot,derived_from_all_registered_saved_scalars; unknown_not_dropped
gemini-3.8-flash-medium,poolact,tuning,cost_moderate,poolact,gap_mi,task,hpobench:nasbench101:C,gemini_metrics,"[505,1468,1598]",True,gemini_snapshot,derived_from_all_registered_saved_scalars; unknown_not_dropped
gemini-3.8-flash-medium,poolact,tuning,cost_moderate,poolact,raw_perf_bon,task,hpobench:nasbench101:C,gemini_metrics,"[508,1471,1601]",True,gemini_snapshot,derived_from_all_registered_saved_scalars; unknown_not_dropped
gemini-3.8-flash-medium,poolact,tuning,cost_moderate,poolact,raw_perf_mi,task,hpobench:nasbench101:C,gemini_metrics,"[507,1470,1600]",True,gemini_snapshot,derived_from_all_registered_saved_scalars; unknown_not_dropped
gemini-3.8-flash-medium,poolact,tuning,cost_tight,cached,gap0_bon,task,hpobench:nasbench101:C,gemini_metrics,"[255,1387,1561]",True,gemini_snapshot,derived_from_all_registered_saved_scalars; unknown_not_dropped
gemini-3.8-flash-medium,poolact,tuning,cost_tight,cached,gap0_mi,task,hpobench:nasbench101:C,gemini_metrics,"[254,1386,1560]",True,gemini_snapshot,derived_from_all_registered_saved_scalars; unknown_not_dropped
gemini-3.8-flash-medium,poolact,tuning,cost_tight,cached,gap_bon,task,hpobench:nasbench101:C,gemini_metrics,"[255,1387,1561]",True,gemini_snapshot,derived_from_all_registered_saved_scalars; unknown_not_dropped
gemini-3.8-flash-medium,poolact,tuning,cost_tight,cached,gap_mi,task,hpobench:nasbench101:C,gemini_metrics,"[254,1386,1560]",True,gemini_snapshot,derived_from_all_registered_saved_scalars; unknown_not_dropped
gemini-3.8-flash-medium,poolact,tuning,cost_tight,cached,raw_perf_bon,task,hpobench:nasbench101:C,gemini_metrics,"[257,1389,1563]",True,gemini_snapshot,derived_from_all_registered_saved_scalars; unknown_not_dropped
gemini-3.8-flash-medium,poolact,tuning,cost_tight,cached,raw_perf_mi,task,hpobench:nasbench101:C,gemini_metrics,"[256,1388,1562]",True,gemini_snapshot,derived_from_all_registered_saved_scalars; unknown_not_dropped
gemini-3.8-flash-medium,poolact,tuning,cost_tight,naive,gap0_bon,task,hpobench:nasbench101:C,gemini_metrics,"[929,1473,1533]",True,gemini_snapshot,derived_from_all_registered_saved_scalars; unknown_not_dropped
gemini-3.8-flash-medium,poolact,tuning,cost_tight,naive,gap0_mi,task,hpobench:nasbench101:C,gemini_metrics,"[928,1472,1532]",True,gemini_snapshot,derived_from_all_registered_saved_scalars; unknown_not_dropped
gemini-3.8-flash-medium,poolact,tuning,cost_tight,naive,gap_bon,task,hpobench:nasbench101:C,gemini_metrics,"[929,1473,1533]",True,gemini_snapshot,derived_from_all_registered_saved_scalars; unknown_not_dropped
gemini-3.8-flash-medium,poolact,tuning,cost_tight,naive,gap_mi,task,hpobench:nasbench101:C,gemini_metrics,"[928,1472,1532]",True,gemini_snapshot,derived_from_all_registered_saved_scalars; unknown_not_dropped
gemini-3.8-flash-medium,poolact,tuning,cost_tight,naive,raw_perf_bon,task,hpobench:nasbench101:C,gemini_metrics,"[931,1475,1535]",True,gemini_snapshot,derived_from_all_registered_saved_scalars; unknown_not_dropped
gemini-3.8-flash-medium,poolact,tuning,cost_tight,naive,raw_perf_mi,task,hpobench:nasbench101:C,gemini_metrics,"[930,1474,1534]",True,gemini_snapshot,derived_from_all_registered_saved_scalars; unknown_not_dropped
gemini-3.8-flash-medium,poolact,tuning,cost_tight,poolact,gap0_bon,task,hpobench:nasbench101:C,gemini_metrics,"[1344,1425,1497]",True,gemini_snapshot,derived_from_all_registered_saved_scalars; unknown_not_dropped
gemini-3.8-flash-medium,poolact,tuning,cost_tight,poolact,gap0_mi,task,hpobench:nasbench101:C,gemini_metrics,"[1343,1424,1496]",True,gemini_snapshot,derived_from_all_registered_saved_scalars; unknown_not_dropped
gemini-3.8-flash-medium,poolact,tuning,cost_tight,poolact,gap_bon,task,hpobench:nasbench101:C,gemini_metrics,"[1344,1425,1497]",True,gemini_snapshot,derived_from_all_registered_saved_scalars; unknown_not_dropped
gemini-3.8-flash-medium,poolact,tuning,cost_tight,poolact,gap_mi,task,hpobench:nasbench101:C,gemini_metrics,"[1343,1424,1496]",True,gemini_snapshot,derived_from_all_registered_saved_scalars; unknown_not_dropped
gemini-3.8-flash-medium,poolact,tuning,cost_tight,poolact,raw_perf_bon,task,hpobench:nasbench101:C,gemini_metrics,"[1346,1427,1499]",True,gemini_snapshot,derived_from_all_registered_saved_scalars; unknown_not_dropped
gemini-3.8-flash-medium,poolact,tuning,cost_tight,poolact,raw_perf_mi,task,hpobench:nasbench101:C,gemini_metrics,"[1345,1426,1498]",True,gemini_snapshot,derived_from_all_registered_saved_scalars; unknown_not_dropped
glm-5.3,expgym,evidence_audit,cost_free,single,evidence_acc,all,all,old_absolute,1247,True,glm_original,latest_available_not_rerun
glm-5.3,expgym,evidence_audit,cost_free,single,label_acc,all,all,old_absolute,1252,True,glm_original,latest_available_not_rerun
glm-5.3,expgym,evidence_audit,cost_moderate,single,evidence_acc,all,all,old_absolute,1258,True,glm_original,latest_available_not_rerun
glm-5.3,expgym,evidence_audit,cost_moderate,single,label_acc,all,all,old_absolute,1263,True,glm_original,latest_available_not_rerun
glm-5.3,expgym,evidence_audit,cost_tight,single,evidence_acc,all,all,old_absolute,1269,True,glm_original,latest_available_not_rerun
glm-5.3,expgym,evidence_audit,cost_tight,single,label_acc,all,all,old_absolute,1274,True,glm_original,latest_available_not_rerun
glm-5.3,expgym,evidence_audit,cost_free,single,evidence_acc,family,evidence_audit,old_absolute,1247,True,glm_original,latest_available_not_rerun; all_equals_Audit_only_family
glm-5.3,expgym,evidence_audit,cost_free,single,label_acc,family,evidence_audit,old_absolute,1252,True,glm_original,latest_available_not_rerun; all_equals_Audit_only_family
glm-5.3,expgym,evidence_audit,cost_moderate,single,evidence_acc,family,evidence_audit,old_absolute,1258,True,glm_original,latest_available_not_rerun; all_equals_Audit_only_family
glm-5.3,expgym,evidence_audit,cost_moderate,single,label_acc,family,evidence_audit,old_absolute,1263,True,glm_original,latest_available_not_rerun; all_equals_Audit_only_family
glm-5.3,expgym,evidence_audit,cost_tight,single,evidence_acc,family,evidence_audit,old_absolute,1269,True,glm_original,latest_available_not_rerun; all_equals_Audit_only_family
glm-5.3,expgym,evidence_audit,cost_tight,single,label_acc,family,evidence_audit,old_absolute,1274,True,glm_original,latest_available_not_rerun; all_equals_Audit_only_family
glm-5.3,expgym,restricted_search,cost_free,single,f1,all,all,old_absolute,1279,True,glm_original,latest_available_not_rerun
glm-5.3,expgym,restricted_search,cost_moderate,single,f1,all,all,old_absolute,1289,True,glm_original,latest_available_not_rerun
glm-5.3,expgym,restricted_search,cost_tight,single,f1,all,all,old_absolute,1299,True,glm_original,latest_available_not_rerun
glm-5.3,expgym,restricted_search,cost_free,single,f1,family,whatis,old_absolute,1308,True,glm_original,latest_available_not_rerun
glm-5.3,expgym,restricted_search,cost_moderate,single,f1,family,whatis,old_absolute,1318,True,glm_original,latest_available_not_rerun
glm-5.3,expgym,restricted_search,cost_tight,single,f1,family,whatis,old_absolute,1328,True,glm_original,latest_available_not_rerun
glm-5.3,expgym,restricted_search,cost_free,single,f1,family,whois,old_absolute,1337,True,glm_original,latest_available_not_rerun
glm-5.3,expgym,restricted_search,cost_moderate,single,f1,family,whois,old_absolute,1347,True,glm_original,latest_available_not_rerun
glm-5.3,expgym,restricted_search,cost_tight,single,f1,family,whois,old_absolute,1357,True,glm_original,latest_available_not_rerun
glm-5.3,expgym,tuning,cost_free,single,gap,all,all,old_absolute,1369,True,glm_original,latest_available_not_rerun
glm-5.3,expgym,tuning,cost_free,single,gap0,all,all,old_gap0,25,True,glm_original,latest_available_not_rerun
glm-5.3,expgym,tuning,cost_free,single,raw_perf,all,all,old_absolute,1373,True,glm_original,latest_available_not_rerun
glm-5.3,expgym,tuning,cost_moderate,single,gap,all,all,old_absolute,1380,True,glm_original,latest_available_not_rerun
glm-5.3,expgym,tuning,cost_moderate,single,gap0,all,all,old_gap0,26,True,glm_original,latest_available_not_rerun
glm-5.3,expgym,tuning,cost_moderate,single,raw_perf,all,all,old_absolute,1384,True,glm_original,latest_available_not_rerun
glm-5.3,expgym,tuning,cost_tight,single,gap,all,all,old_absolute,1391,True,glm_original,latest_available_not_rerun
glm-5.3,expgym,tuning,cost_tight,single,gap0,all,all,old_gap0,27,True,glm_original,latest_available_not_rerun
glm-5.3,expgym,tuning,cost_tight,single,raw_perf,all,all,old_absolute,1395,True,glm_original,latest_available_not_rerun
glm-5.3,expgym,tuning,cost_free,single,gap,family,nasbench101,old_absolute,1401,True,glm_original,latest_available_not_rerun
glm-5.3,expgym,tuning,cost_free,single,gap0,family,nasbench101,old_gap0,28,True,glm_original,latest_available_not_rerun
glm-5.3,expgym,tuning,cost_free,single,raw_perf,family,nasbench101,old_absolute,1405,True,glm_original,latest_available_not_rerun
glm-5.3,expgym,tuning,cost_moderate,single,gap,family,nasbench101,old_absolute,1412,True,glm_original,latest_available_not_rerun
glm-5.3,expgym,tuning,cost_moderate,single,gap0,family,nasbench101,old_gap0,29,True,glm_original,latest_available_not_rerun
glm-5.3,expgym,tuning,cost_moderate,single,raw_perf,family,nasbench101,old_absolute,1416,True,glm_original,latest_available_not_rerun
glm-5.3,expgym,tuning,cost_tight,single,gap,family,nasbench101,old_absolute,1423,True,glm_original,latest_available_not_rerun
glm-5.3,expgym,tuning,cost_tight,single,gap0,family,nasbench101,old_gap0,30,True,glm_original,latest_available_not_rerun
glm-5.3,expgym,tuning,cost_tight,single,raw_perf,family,nasbench101,old_absolute,1427,True,glm_original,latest_available_not_rerun
glm-5.3,expgym,tuning,cost_free,single,gap,family,nasbench201,old_absolute,1433,True,glm_original,latest_available_not_rerun
glm-5.3,expgym,tuning,cost_free,single,gap0,family,nasbench201,old_gap0,31,True,glm_original,latest_available_not_rerun
glm-5.3,expgym,tuning,cost_free,single,raw_perf,family,nasbench201,old_absolute,1437,True,glm_original,latest_available_not_rerun
glm-5.3,expgym,tuning,cost_moderate,single,gap,family,nasbench201,old_absolute,1444,True,glm_original,latest_available_not_rerun
glm-5.3,expgym,tuning,cost_moderate,single,gap0,family,nasbench201,old_gap0,32,True,glm_original,latest_available_not_rerun
glm-5.3,expgym,tuning,cost_moderate,single,raw_perf,family,nasbench201,old_absolute,1448,True,glm_original,latest_available_not_rerun
glm-5.3,expgym,tuning,cost_tight,single,gap,family,nasbench201,old_absolute,1455,True,glm_original,latest_available_not_rerun
glm-5.3,expgym,tuning,cost_tight,single,gap0,family,nasbench201,old_gap0,33,True,glm_original,latest_available_not_rerun
glm-5.3,expgym,tuning,cost_tight,single,raw_perf,family,nasbench201,old_absolute,1459,True,glm_original,latest_available_not_rerun
glm-5.3,expgym,tuning,cost_free,single,gap,family,paramnet,old_absolute,1465,True,glm_original,latest_available_not_rerun
glm-5.3,expgym,tuning,cost_free,single,gap0,family,paramnet,old_gap0,34,True,glm_original,latest_available_not_rerun
glm-5.3,expgym,tuning,cost_free,single,raw_perf,family,paramnet,old_absolute,1469,True,glm_original,latest_available_not_rerun
glm-5.3,expgym,tuning,cost_moderate,single,gap,family,paramnet,old_absolute,1476,True,glm_original,latest_available_not_rerun
glm-5.3,expgym,tuning,cost_moderate,single,gap0,family,paramnet,old_gap0,35,True,glm_original,latest_available_not_rerun
glm-5.3,expgym,tuning,cost_moderate,single,raw_perf,family,paramnet,old_absolute,1480,True,glm_original,latest_available_not_rerun
glm-5.3,expgym,tuning,cost_tight,single,gap,family,paramnet,old_absolute,1487,True,glm_original,latest_available_not_rerun
glm-5.3,expgym,tuning,cost_tight,single,gap0,family,paramnet,old_gap0,36,True,glm_original,latest_available_not_rerun
glm-5.3,expgym,tuning,cost_tight,single,raw_perf,family,paramnet,old_absolute,1491,True,glm_original,latest_available_not_rerun
glm-5.3,expgym,tuning,cost_free,single,gap,task,hpobench:nasbench101:A,old_absolute,1497,True,glm_original,latest_available_not_rerun
glm-5.3,expgym,tuning,cost_free,single,raw_perf,task,hpobench:nasbench101:A,old_absolute,1501,True,glm_original,latest_available_not_rerun
glm-5.3,expgym,tuning,cost_moderate,single,gap,task,hpobench:nasbench101:A,old_absolute,1508,True,glm_original,latest_available_not_rerun
glm-5.3,expgym,tuning,cost_moderate,single,raw_perf,task,hpobench:nasbench101:A,old_absolute,1512,True,glm_original,latest_available_not_rerun
glm-5.3,expgym,tuning,cost_tight,single,gap,task,hpobench:nasbench101:A,old_absolute,1519,True,glm_original,latest_available_not_rerun
glm-5.3,expgym,tuning,cost_tight,single,raw_perf,task,hpobench:nasbench101:A,old_absolute,1523,True,glm_original,latest_available_not_rerun
glm-5.3,expgym,tuning,cost_free,single,gap,task,hpobench:nasbench101:B,old_absolute,1529,True,glm_original,latest_available_not_rerun
glm-5.3,expgym,tuning,cost_free,single,raw_perf,task,hpobench:nasbench101:B,old_absolute,1533,True,glm_original,latest_available_not_rerun
glm-5.3,expgym,tuning,cost_moderate,single,gap,task,hpobench:nasbench101:B,old_absolute,1540,True,glm_original,latest_available_not_rerun
glm-5.3,expgym,tuning,cost_moderate,single,raw_perf,task,hpobench:nasbench101:B,old_absolute,1544,True,glm_original,latest_available_not_rerun
glm-5.3,expgym,tuning,cost_tight,single,gap,task,hpobench:nasbench101:B,old_absolute,1551,True,glm_original,latest_available_not_rerun
glm-5.3,expgym,tuning,cost_tight,single,raw_perf,task,hpobench:nasbench101:B,old_absolute,1555,True,glm_original,latest_available_not_rerun
glm-5.3,expgym,tuning,cost_free,single,gap,task,hpobench:nasbench101:C,old_absolute,1561,True,glm_original,latest_available_not_rerun
glm-5.3,expgym,tuning,cost_free,single,raw_perf,task,hpobench:nasbench101:C,old_absolute,1565,True,glm_original,latest_available_not_rerun
glm-5.3,expgym,tuning,cost_moderate,single,gap,task,hpobench:nasbench101:C,old_absolute,1572,True,glm_original,latest_available_not_rerun
glm-5.3,expgym,tuning,cost_moderate,single,raw_perf,task,hpobench:nasbench101:C,old_absolute,1576,True,glm_original,latest_available_not_rerun
glm-5.3,expgym,tuning,cost_tight,single,gap,task,hpobench:nasbench101:C,old_absolute,1583,True,glm_original,latest_available_not_rerun
glm-5.3,expgym,tuning,cost_tight,single,raw_perf,task,hpobench:nasbench101:C,old_absolute,1587,True,glm_original,latest_available_not_rerun
glm-5.3,expgym,tuning,cost_free,single,gap,task,hpobench:nasbench201:cifar10-valid,old_absolute,1593,True,glm_original,latest_available_not_rerun
glm-5.3,expgym,tuning,cost_free,single,raw_perf,task,hpobench:nasbench201:cifar10-valid,old_absolute,1597,True,glm_original,latest_available_not_rerun
glm-5.3,expgym,tuning,cost_moderate,single,gap,task,hpobench:nasbench201:cifar10-valid,old_absolute,1604,True,glm_original,latest_available_not_rerun
glm-5.3,expgym,tuning,cost_moderate,single,raw_perf,task,hpobench:nasbench201:cifar10-valid,old_absolute,1608,True,glm_original,latest_available_not_rerun
glm-5.3,expgym,tuning,cost_tight,single,gap,task,hpobench:nasbench201:cifar10-valid,old_absolute,1615,True,glm_original,latest_available_not_rerun
glm-5.3,expgym,tuning,cost_tight,single,raw_perf,task,hpobench:nasbench201:cifar10-valid,old_absolute,1619,True,glm_original,latest_available_not_rerun
glm-5.3,expgym,tuning,cost_free,single,gap,task,hpobench:nasbench201:cifar100,old_absolute,1625,True,glm_original,latest_available_not_rerun
glm-5.3,expgym,tuning,cost_free,single,raw_perf,task,hpobench:nasbench201:cifar100,old_absolute,1629,True,glm_original,latest_available_not_rerun
glm-5.3,expgym,tuning,cost_moderate,single,gap,task,hpobench:nasbench201:cifar100,old_absolute,1636,True,glm_original,latest_available_not_rerun
glm-5.3,expgym,tuning,cost_moderate,single,raw_perf,task,hpobench:nasbench201:cifar100,old_absolute,1640,True,glm_original,latest_available_not_rerun
glm-5.3,expgym,tuning,cost_tight,single,gap,task,hpobench:nasbench201:cifar100,old_absolute,1647,True,glm_original,latest_available_not_rerun
glm-5.3,expgym,tuning,cost_tight,single,raw_perf,task,hpobench:nasbench201:cifar100,old_absolute,1651,True,glm_original,latest_available_not_rerun
glm-5.3,expgym,tuning,cost_free,single,gap,task,hpobench:nasbench201:imagenet16-120,old_absolute,1657,True,glm_original,latest_available_not_rerun
glm-5.3,expgym,tuning,cost_free,single,raw_perf,task,hpobench:nasbench201:imagenet16-120,old_absolute,1661,True,glm_original,latest_available_not_rerun
glm-5.3,expgym,tuning,cost_moderate,single,gap,task,hpobench:nasbench201:imagenet16-120,old_absolute,1668,True,glm_original,latest_available_not_rerun
glm-5.3,expgym,tuning,cost_moderate,single,raw_perf,task,hpobench:nasbench201:imagenet16-120,old_absolute,1672,True,glm_original,latest_available_not_rerun
glm-5.3,expgym,tuning,cost_tight,single,gap,task,hpobench:nasbench201:imagenet16-120,old_absolute,1679,True,glm_original,latest_available_not_rerun
glm-5.3,expgym,tuning,cost_tight,single,raw_perf,task,hpobench:nasbench201:imagenet16-120,old_absolute,1683,True,glm_original,latest_available_not_rerun
glm-5.3,expgym,tuning,cost_free,single,gap,task,hpobench:paramnet:adult:steps,old_absolute,1689,True,glm_original,latest_available_not_rerun
glm-5.3,expgym,tuning,cost_free,single,raw_perf,task,hpobench:paramnet:adult:steps,old_absolute,1693,True,glm_original,latest_available_not_rerun
glm-5.3,expgym,tuning,cost_moderate,single,gap,task,hpobench:paramnet:adult:steps,old_absolute,1700,True,glm_original,latest_available_not_rerun
glm-5.3,expgym,tuning,cost_moderate,single,raw_perf,task,hpobench:paramnet:adult:steps,old_absolute,1704,True,glm_original,latest_available_not_rerun
glm-5.3,expgym,tuning,cost_tight,single,gap,task,hpobench:paramnet:adult:steps,old_absolute,1711,True,glm_original,latest_available_not_rerun
glm-5.3,expgym,tuning,cost_tight,single,raw_perf,task,hpobench:paramnet:adult:steps,old_absolute,1715,True,glm_original,latest_available_not_rerun
glm-5.3,expgym,tuning,cost_free,single,gap,task,hpobench:paramnet:higgs:steps,old_absolute,1721,True,glm_original,latest_available_not_rerun
glm-5.3,expgym,tuning,cost_free,single,raw_perf,task,hpobench:paramnet:higgs:steps,old_absolute,1725,True,glm_original,latest_available_not_rerun
glm-5.3,expgym,tuning,cost_moderate,single,gap,task,hpobench:paramnet:higgs:steps,old_absolute,1732,True,glm_original,latest_available_not_rerun
glm-5.3,expgym,tuning,cost_moderate,single,raw_perf,task,hpobench:paramnet:higgs:steps,old_absolute,1736,True,glm_original,latest_available_not_rerun
glm-5.3,expgym,tuning,cost_tight,single,gap,task,hpobench:paramnet:higgs:steps,old_absolute,1743,True,glm_original,latest_available_not_rerun
glm-5.3,expgym,tuning,cost_tight,single,raw_perf,task,hpobench:paramnet:higgs:steps,old_absolute,1747,True,glm_original,latest_available_not_rerun
glm-5.3,expgym,tuning,cost_free,single,gap,task,hpobench:paramnet:letter:steps,old_absolute,1753,True,glm_original,latest_available_not_rerun
glm-5.3,expgym,tuning,cost_free,single,raw_perf,task,hpobench:paramnet:letter:steps,old_absolute,1757,True,glm_original,latest_available_not_rerun
glm-5.3,expgym,tuning,cost_moderate,single,gap,task,hpobench:paramnet:letter:steps,old_absolute,1764,True,glm_original,latest_available_not_rerun
glm-5.3,expgym,tuning,cost_moderate,single,raw_perf,task,hpobench:paramnet:letter:steps,old_absolute,1768,True,glm_original,latest_available_not_rerun
glm-5.3,expgym,tuning,cost_tight,single,gap,task,hpobench:paramnet:letter:steps,old_absolute,1775,True,glm_original,latest_available_not_rerun
glm-5.3,expgym,tuning,cost_tight,single,raw_perf,task,hpobench:paramnet:letter:steps,old_absolute,1779,True,glm_original,latest_available_not_rerun
glm-5.3,poolact,evidence_audit,cost_moderate,cached,evidence_acc_mi,all,all,old_absolute,1783,True,glm_original,latest_available_not_rerun
glm-5.3,poolact,evidence_audit,cost_moderate,cached,evidence_acc_mv,all,all,old_absolute,1784,True,glm_original,latest_available_not_rerun
glm-5.3,poolact,evidence_audit,cost_moderate,cached,label_acc_mi,all,all,old_absolute,1789,True,glm_original,latest_available_not_rerun
glm-5.3,poolact,evidence_audit,cost_moderate,cached,label_acc_mv,all,all,old_absolute,1790,True,glm_original,latest_available_not_rerun
glm-5.3,poolact,evidence_audit,cost_moderate,naive,evidence_acc_mi,all,all,old_absolute,1796,True,glm_original,latest_available_not_rerun
glm-5.3,poolact,evidence_audit,cost_moderate,naive,evidence_acc_mv,all,all,old_absolute,1797,True,glm_original,latest_available_not_rerun
glm-5.3,poolact,evidence_audit,cost_moderate,naive,label_acc_mi,all,all,old_absolute,1802,True,glm_original,latest_available_not_rerun
glm-5.3,poolact,evidence_audit,cost_moderate,naive,label_acc_mv,all,all,old_absolute,1803,True,glm_original,latest_available_not_rerun
glm-5.3,poolact,evidence_audit,cost_moderate,poolact,evidence_acc_mi,all,all,old_absolute,1809,True,glm_original,latest_available_not_rerun
glm-5.3,poolact,evidence_audit,cost_moderate,poolact,evidence_acc_mv,all,all,old_absolute,1810,True,glm_original,latest_available_not_rerun
glm-5.3,poolact,evidence_audit,cost_moderate,poolact,label_acc_mi,all,all,old_absolute,1815,True,glm_original,latest_available_not_rerun
glm-5.3,poolact,evidence_audit,cost_moderate,poolact,label_acc_mv,all,all,old_absolute,1816,True,glm_original,latest_available_not_rerun
glm-5.3,poolact,evidence_audit,cost_tight,cached,evidence_acc_mi,all,all,rerun_aggregate,67,True,glm_rerun_20260912,latest_registered_three_strategy_rerun
glm-5.3,poolact,evidence_audit,cost_tight,cached,evidence_acc_mv,all,all,rerun_aggregate,68,True,glm_rerun_20260912,latest_registered_three_strategy_rerun
glm-5.3,poolact,evidence_audit,cost_tight,cached,label_acc_mi,all,all,rerun_aggregate,69,True,glm_rerun_20260912,latest_registered_three_strategy_rerun
glm-5.3,poolact,evidence_audit,cost_tight,cached,label_acc_mv,all,all,rerun_aggregate,70,True,glm_rerun_20260912,latest_registered_three_strategy_rerun
glm-5.3,poolact,evidence_audit,cost_tight,naive,evidence_acc_mi,all,all,rerun_aggregate,71,True,glm_rerun_20260912,latest_registered_three_strategy_rerun
glm-5.3,poolact,evidence_audit,cost_tight,naive,evidence_acc_mv,all,all,rerun_aggregate,72,True,glm_rerun_20260912,latest_registered_three_strategy_rerun
glm-5.3,poolact,evidence_audit,cost_tight,naive,label_acc_mi,all,all,rerun_aggregate,73,True,glm_rerun_20260912,latest_registered_three_strategy_rerun
glm-5.3,poolact,evidence_audit,cost_tight,naive,label_acc_mv,all,all,rerun_aggregate,74,True,glm_rerun_20260912,latest_registered_three_strategy_rerun
glm-5.3,poolact,evidence_audit,cost_tight,poolact,evidence_acc_mi,all,all,rerun_aggregate,75,True,glm_rerun_20260912,latest_registered_three_strategy_rerun
glm-5.3,poolact,evidence_audit,cost_tight,poolact,evidence_acc_mv,all,all,rerun_aggregate,76,True,glm_rerun_20260912,latest_registered_three_strategy_rerun
glm-5.3,poolact,evidence_audit,cost_tight,poolact,label_acc_mi,all,all,rerun_aggregate,77,True,glm_rerun_20260912,latest_registered_three_strategy_rerun
glm-5.3,poolact,evidence_audit,cost_tight,poolact,label_acc_mv,all,all,rerun_aggregate,78,True,glm_rerun_20260912,latest_registered_three_strategy_rerun
glm-5.3,poolact,evidence_audit,cost_moderate,cached,evidence_acc_mi,family,evidence_audit,old_absolute,1783,True,glm_original,latest_available_not_rerun; all_equals_Audit_only_family
glm-5.3,poolact,evidence_audit,cost_moderate,cached,evidence_acc_mv,family,evidence_audit,old_absolute,1784,True,glm_original,latest_available_not_rerun; all_equals_Audit_only_family
glm-5.3,poolact,evidence_audit,cost_moderate,cached,label_acc_mi,family,evidence_audit,old_absolute,1789,True,glm_original,latest_available_not_rerun; all_equals_Audit_only_family
glm-5.3,poolact,evidence_audit,cost_moderate,cached,label_acc_mv,family,evidence_audit,old_absolute,1790,True,glm_original,latest_available_not_rerun; all_equals_Audit_only_family
glm-5.3,poolact,evidence_audit,cost_moderate,naive,evidence_acc_mi,family,evidence_audit,old_absolute,1796,True,glm_original,latest_available_not_rerun; all_equals_Audit_only_family
glm-5.3,poolact,evidence_audit,cost_moderate,naive,evidence_acc_mv,family,evidence_audit,old_absolute,1797,True,glm_original,latest_available_not_rerun; all_equals_Audit_only_family
glm-5.3,poolact,evidence_audit,cost_moderate,naive,label_acc_mi,family,evidence_audit,old_absolute,1802,True,glm_original,latest_available_not_rerun; all_equals_Audit_only_family
glm-5.3,poolact,evidence_audit,cost_moderate,naive,label_acc_mv,family,evidence_audit,old_absolute,1803,True,glm_original,latest_available_not_rerun; all_equals_Audit_only_family
glm-5.3,poolact,evidence_audit,cost_moderate,poolact,evidence_acc_mi,family,evidence_audit,old_absolute,1809,True,glm_original,latest_available_not_rerun; all_equals_Audit_only_family
glm-5.3,poolact,evidence_audit,cost_moderate,poolact,evidence_acc_mv,family,evidence_audit,old_absolute,1810,True,glm_original,latest_available_not_rerun; all_equals_Audit_only_family
glm-5.3,poolact,evidence_audit,cost_moderate,poolact,label_acc_mi,family,evidence_audit,old_absolute,1815,True,glm_original,latest_available_not_rerun; all_equals_Audit_only_family
glm-5.3,poolact,evidence_audit,cost_moderate,poolact,label_acc_mv,family,evidence_audit,old_absolute,1816,True,glm_original,latest_available_not_rerun; all_equals_Audit_only_family
glm-5.3,poolact,evidence_audit,cost_tight,cached,evidence_acc_mi,family,evidence_audit,rerun_aggregate,67,True,glm_rerun_20260912,latest_registered_three_strategy_rerun
glm-5.3,poolact,evidence_audit,cost_tight,cached,evidence_acc_mv,family,evidence_audit,rerun_aggregate,68,True,glm_rerun_20260912,latest_registered_three_strategy_rerun
glm-5.3,poolact,evidence_audit,cost_tight,cached,label_acc_mi,family,evidence_audit,rerun_aggregate,69,True,glm_rerun_20260912,latest_registered_three_strategy_rerun
glm-5.3,poolact,evidence_audit,cost_tight,cached,label_acc_mv,family,evidence_audit,rerun_aggregate,70,True,glm_rerun_20260912,latest_registered_three_strategy_rerun
glm-5.3,poolact,evidence_audit,cost_tight,naive,evidence_acc_mi,family,evidence_audit,rerun_aggregate,71,True,glm_rerun_20260912,latest_registered_three_strategy_rerun
glm-5.3,poolact,evidence_audit,cost_tight,naive,evidence_acc_mv,family,evidence_audit,rerun_aggregate,72,True,glm_rerun_20260912,latest_registered_three_strategy_rerun
glm-5.3,poolact,evidence_audit,cost_tight,naive,label_acc_mi,family,evidence_audit,rerun_aggregate,73,True,glm_rerun_20260912,latest_registered_three_strategy_rerun
glm-5.3,poolact,evidence_audit,cost_tight,naive,label_acc_mv,family,evidence_audit,rerun_aggregate,74,True,glm_rerun_20260912,latest_registered_three_strategy_rerun
glm-5.3,poolact,evidence_audit,cost_tight,poolact,evidence_acc_mi,family,evidence_audit,rerun_aggregate,75,True,glm_rerun_20260912,latest_registered_three_strategy_rerun
glm-5.3,poolact,evidence_audit,cost_tight,poolact,evidence_acc_mv,family,evidence_audit,rerun_aggregate,76,True,glm_rerun_20260912,latest_registered_three_strategy_rerun
glm-5.3,poolact,evidence_audit,cost_tight,poolact,label_acc_mi,family,evidence_audit,rerun_aggregate,77,True,glm_rerun_20260912,latest_registered_three_strategy_rerun
glm-5.3,poolact,evidence_audit,cost_tight,poolact,label_acc_mv,family,evidence_audit,rerun_aggregate,78,True,glm_rerun_20260912,latest_registered_three_strategy_rerun
glm-5.3,poolact,evidence_audit,cost_tight,cached,evidence_acc_mi,task,cc-large:0,rerun_items,655,True,glm_rerun_20260912,latest_registered_three_strategy_rerun
glm-5.3,poolact,evidence_audit,cost_tight,cached,evidence_acc_mv,task,cc-large:0,rerun_items,668,True,glm_rerun_20260912,latest_registered_three_strategy_rerun
glm-5.3,poolact,evidence_audit,cost_tight,cached,label_acc_mi,task,cc-large:0,rerun_items,681,True,glm_rerun_20260912,latest_registered_three_strategy_rerun
glm-5.3,poolact,evidence_audit,cost_tight,cached,label_acc_mv,task,cc-large:0,rerun_items,694,True,glm_rerun_20260912,latest_registered_three_strategy_rerun
glm-5.3,poolact,evidence_audit,cost_tight,naive,evidence_acc_mi,task,cc-large:0,rerun_items,707,True,glm_rerun_20260912,latest_registered_three_strategy_rerun
glm-5.3,poolact,evidence_audit,cost_tight,naive,evidence_acc_mv,task,cc-large:0,rerun_items,720,True,glm_rerun_20260912,latest_registered_three_strategy_rerun
glm-5.3,poolact,evidence_audit,cost_tight,naive,label_acc_mi,task,cc-large:0,rerun_items,733,True,glm_rerun_20260912,latest_registered_three_strategy_rerun
glm-5.3,poolact,evidence_audit,cost_tight,naive,label_acc_mv,task,cc-large:0,rerun_items,746,True,glm_rerun_20260912,latest_registered_three_strategy_rerun
glm-5.3,poolact,evidence_audit,cost_tight,poolact,evidence_acc_mi,task,cc-large:0,rerun_items,759,True,glm_rerun_20260912,latest_registered_three_strategy_rerun
glm-5.3,poolact,evidence_audit,cost_tight,poolact,evidence_acc_mv,task,cc-large:0,rerun_items,772,True,glm_rerun_20260912,latest_registered_three_strategy_rerun
glm-5.3,poolact,evidence_audit,cost_tight,poolact,label_acc_mi,task,cc-large:0,rerun_items,785,True,glm_rerun_20260912,latest_registered_three_strategy_rerun
glm-5.3,poolact,evidence_audit,cost_tight,poolact,label_acc_mv,task,cc-large:0,rerun_items,798,True,glm_rerun_20260912,latest_registered_three_strategy_rerun
glm-5.3,poolact,evidence_audit,cost_tight,cached,evidence_acc_mi,task,cc-large:1,rerun_items,656,True,glm_rerun_20260912,latest_registered_three_strategy_rerun
glm-5.3,poolact,evidence_audit,cost_tight,cached,evidence_acc_mv,task,cc-large:1,rerun_items,669,True,glm_rerun_20260912,latest_registered_three_strategy_rerun
glm-5.3,poolact,evidence_audit,cost_tight,cached,label_acc_mi,task,cc-large:1,rerun_items,682,True,glm_rerun_20260912,latest_registered_three_strategy_rerun
glm-5.3,poolact,evidence_audit,cost_tight,cached,label_acc_mv,task,cc-large:1,rerun_items,695,True,glm_rerun_20260912,latest_registered_three_strategy_rerun
glm-5.3,poolact,evidence_audit,cost_tight,naive,evidence_acc_mi,task,cc-large:1,rerun_items,708,True,glm_rerun_20260912,latest_registered_three_strategy_rerun
glm-5.3,poolact,evidence_audit,cost_tight,naive,evidence_acc_mv,task,cc-large:1,rerun_items,721,True,glm_rerun_20260912,latest_registered_three_strategy_rerun
glm-5.3,poolact,evidence_audit,cost_tight,naive,label_acc_mi,task,cc-large:1,rerun_items,734,True,glm_rerun_20260912,latest_registered_three_strategy_rerun
glm-5.3,poolact,evidence_audit,cost_tight,naive,label_acc_mv,task,cc-large:1,rerun_items,747,True,glm_rerun_20260912,latest_registered_three_strategy_rerun
glm-5.3,poolact,evidence_audit,cost_tight,poolact,evidence_acc_mi,task,cc-large:1,rerun_items,760,True,glm_rerun_20260912,latest_registered_three_strategy_rerun
glm-5.3,poolact,evidence_audit,cost_tight,poolact,evidence_acc_mv,task,cc-large:1,rerun_items,773,True,glm_rerun_20260912,latest_registered_three_strategy_rerun
glm-5.3,poolact,evidence_audit,cost_tight,poolact,label_acc_mi,task,cc-large:1,rerun_items,786,True,glm_rerun_20260912,latest_registered_three_strategy_rerun
glm-5.3,poolact,evidence_audit,cost_tight,poolact,label_acc_mv,task,cc-large:1,rerun_items,799,True,glm_rerun_20260912,latest_registered_three_strategy_rerun
glm-5.3,poolact,evidence_audit,cost_tight,cached,evidence_acc_mi,task,cc-large:10,rerun_items,657,True,glm_rerun_20260912,latest_registered_three_strategy_rerun
glm-5.3,poolact,evidence_audit,cost_tight,cached,evidence_acc_mv,task,cc-large:10,rerun_items,670,True,glm_rerun_20260912,latest_registered_three_strategy_rerun
glm-5.3,poolact,evidence_audit,cost_tight,cached,label_acc_mi,task,cc-large:10,rerun_items,683,True,glm_rerun_20260912,latest_registered_three_strategy_rerun
glm-5.3,poolact,evidence_audit,cost_tight,cached,label_acc_mv,task,cc-large:10,rerun_items,696,True,glm_rerun_20260912,latest_registered_three_strategy_rerun
glm-5.3,poolact,evidence_audit,cost_tight,naive,evidence_acc_mi,task,cc-large:10,rerun_items,709,True,glm_rerun_20260912,latest_registered_three_strategy_rerun
glm-5.3,poolact,evidence_audit,cost_tight,naive,evidence_acc_mv,task,cc-large:10,rerun_items,722,True,glm_rerun_20260912,latest_registered_three_strategy_rerun
glm-5.3,poolact,evidence_audit,cost_tight,naive,label_acc_mi,task,cc-large:10,rerun_items,735,True,glm_rerun_20260912,latest_registered_three_strategy_rerun
glm-5.3,poolact,evidence_audit,cost_tight,naive,label_acc_mv,task,cc-large:10,rerun_items,748,True,glm_rerun_20260912,latest_registered_three_strategy_rerun
glm-5.3,poolact,evidence_audit,cost_tight,poolact,evidence_acc_mi,task,cc-large:10,rerun_items,761,True,glm_rerun_20260912,latest_registered_three_strategy_rerun
glm-5.3,poolact,evidence_audit,cost_tight,poolact,evidence_acc_mv,task,cc-large:10,rerun_items,774,True,glm_rerun_20260912,latest_registered_three_strategy_rerun
glm-5.3,poolact,evidence_audit,cost_tight,poolact,label_acc_mi,task,cc-large:10,rerun_items,787,True,glm_rerun_20260912,latest_registered_three_strategy_rerun
glm-5.3,poolact,evidence_audit,cost_tight,poolact,label_acc_mv,task,cc-large:10,rerun_items,800,True,glm_rerun_20260912,latest_registered_three_strategy_rerun
glm-5.3,poolact,evidence_audit,cost_tight,cached,evidence_acc_mi,task,cc-large:11,rerun_items,658,True,glm_rerun_20260912,latest_registered_three_strategy_rerun
glm-5.3,poolact,evidence_audit,cost_tight,cached,evidence_acc_mv,task,cc-large:11,rerun_items,671,True,glm_rerun_20260912,latest_registered_three_strategy_rerun
glm-5.3,poolact,evidence_audit,cost_tight,cached,label_acc_mi,task,cc-large:11,rerun_items,684,True,glm_rerun_20260912,latest_registered_three_strategy_rerun
glm-5.3,poolact,evidence_audit,cost_tight,cached,label_acc_mv,task,cc-large:11,rerun_items,697,True,glm_rerun_20260912,latest_registered_three_strategy_rerun
glm-5.3,poolact,evidence_audit,cost_tight,naive,evidence_acc_mi,task,cc-large:11,rerun_items,710,True,glm_rerun_20260912,latest_registered_three_strategy_rerun
glm-5.3,poolact,evidence_audit,cost_tight,naive,evidence_acc_mv,task,cc-large:11,rerun_items,723,True,glm_rerun_20260912,latest_registered_three_strategy_rerun
glm-5.3,poolact,evidence_audit,cost_tight,naive,label_acc_mi,task,cc-large:11,rerun_items,736,True,glm_rerun_20260912,latest_registered_three_strategy_rerun
glm-5.3,poolact,evidence_audit,cost_tight,naive,label_acc_mv,task,cc-large:11,rerun_items,749,True,glm_rerun_20260912,latest_registered_three_strategy_rerun
glm-5.3,poolact,evidence_audit,cost_tight,poolact,evidence_acc_mi,task,cc-large:11,rerun_items,762,True,glm_rerun_20260912,latest_registered_three_strategy_rerun
glm-5.3,poolact,evidence_audit,cost_tight,poolact,evidence_acc_mv,task,cc-large:11,rerun_items,775,True,glm_rerun_20260912,latest_registered_three_strategy_rerun
glm-5.3,poolact,evidence_audit,cost_tight,poolact,label_acc_mi,task,cc-large:11,rerun_items,788,True,glm_rerun_20260912,latest_registered_three_strategy_rerun
glm-5.3,poolact,evidence_audit,cost_tight,poolact,label_acc_mv,task,cc-large:11,rerun_items,801,True,glm_rerun_20260912,latest_registered_three_strategy_rerun
glm-5.3,poolact,evidence_audit,cost_tight,cached,evidence_acc_mi,task,cc-large:12,rerun_items,659,True,glm_rerun_20260912,latest_registered_three_strategy_rerun
glm-5.3,poolact,evidence_audit,cost_tight,cached,evidence_acc_mv,task,cc-large:12,rerun_items,672,True,glm_rerun_20260912,latest_registered_three_strategy_rerun
glm-5.3,poolact,evidence_audit,cost_tight,cached,label_acc_mi,task,cc-large:12,rerun_items,685,True,glm_rerun_20260912,latest_registered_three_strategy_rerun
glm-5.3,poolact,evidence_audit,cost_tight,cached,label_acc_mv,task,cc-large:12,rerun_items,698,True,glm_rerun_20260912,latest_registered_three_strategy_rerun
glm-5.3,poolact,evidence_audit,cost_tight,naive,evidence_acc_mi,task,cc-large:12,rerun_items,711,True,glm_rerun_20260912,latest_registered_three_strategy_rerun
glm-5.3,poolact,evidence_audit,cost_tight,naive,evidence_acc_mv,task,cc-large:12,rerun_items,724,True,glm_rerun_20260912,latest_registered_three_strategy_rerun
glm-5.3,poolact,evidence_audit,cost_tight,naive,label_acc_mi,task,cc-large:12,rerun_items,737,True,glm_rerun_20260912,latest_registered_three_strategy_rerun
glm-5.3,poolact,evidence_audit,cost_tight,naive,label_acc_mv,task,cc-large:12,rerun_items,750,True,glm_rerun_20260912,latest_registered_three_strategy_rerun
glm-5.3,poolact,evidence_audit,cost_tight,poolact,evidence_acc_mi,task,cc-large:12,rerun_items,763,True,glm_rerun_20260912,latest_registered_three_strategy_rerun
glm-5.3,poolact,evidence_audit,cost_tight,poolact,evidence_acc_mv,task,cc-large:12,rerun_items,776,True,glm_rerun_20260912,latest_registered_three_strategy_rerun
glm-5.3,poolact,evidence_audit,cost_tight,poolact,label_acc_mi,task,cc-large:12,rerun_items,789,True,glm_rerun_20260912,latest_registered_three_strategy_rerun
glm-5.3,poolact,evidence_audit,cost_tight,poolact,label_acc_mv,task,cc-large:12,rerun_items,802,True,glm_rerun_20260912,latest_registered_three_strategy_rerun
glm-5.3,poolact,evidence_audit,cost_tight,cached,evidence_acc_mi,task,cc-large:2,rerun_items,660,True,glm_rerun_20260912,latest_registered_three_strategy_rerun
glm-5.3,poolact,evidence_audit,cost_tight,cached,evidence_acc_mv,task,cc-large:2,rerun_items,673,True,glm_rerun_20260912,latest_registered_three_strategy_rerun
glm-5.3,poolact,evidence_audit,cost_tight,cached,label_acc_mi,task,cc-large:2,rerun_items,686,True,glm_rerun_20260912,latest_registered_three_strategy_rerun
glm-5.3,poolact,evidence_audit,cost_tight,cached,label_acc_mv,task,cc-large:2,rerun_items,699,True,glm_rerun_20260912,latest_registered_three_strategy_rerun
glm-5.3,poolact,evidence_audit,cost_tight,naive,evidence_acc_mi,task,cc-large:2,rerun_items,712,True,glm_rerun_20260912,latest_registered_three_strategy_rerun
glm-5.3,poolact,evidence_audit,cost_tight,naive,evidence_acc_mv,task,cc-large:2,rerun_items,725,True,glm_rerun_20260912,latest_registered_three_strategy_rerun
glm-5.3,poolact,evidence_audit,cost_tight,naive,label_acc_mi,task,cc-large:2,rerun_items,738,True,glm_rerun_20260912,latest_registered_three_strategy_rerun
glm-5.3,poolact,evidence_audit,cost_tight,naive,label_acc_mv,task,cc-large:2,rerun_items,751,True,glm_rerun_20260912,latest_registered_three_strategy_rerun
glm-5.3,poolact,evidence_audit,cost_tight,poolact,evidence_acc_mi,task,cc-large:2,rerun_items,764,True,glm_rerun_20260912,latest_registered_three_strategy_rerun
glm-5.3,poolact,evidence_audit,cost_tight,poolact,evidence_acc_mv,task,cc-large:2,rerun_items,777,True,glm_rerun_20260912,latest_registered_three_strategy_rerun
glm-5.3,poolact,evidence_audit,cost_tight,poolact,label_acc_mi,task,cc-large:2,rerun_items,790,True,glm_rerun_20260912,latest_registered_three_strategy_rerun
glm-5.3,poolact,evidence_audit,cost_tight,poolact,label_acc_mv,task,cc-large:2,rerun_items,803,True,glm_rerun_20260912,latest_registered_three_strategy_rerun
glm-5.3,poolact,evidence_audit,cost_tight,cached,evidence_acc_mi,task,cc-large:3,rerun_items,661,True,glm_rerun_20260912,latest_registered_three_strategy_rerun
glm-5.3,poolact,evidence_audit,cost_tight,cached,evidence_acc_mv,task,cc-large:3,rerun_items,674,True,glm_rerun_20260912,latest_registered_three_strategy_rerun
glm-5.3,poolact,evidence_audit,cost_tight,cached,label_acc_mi,task,cc-large:3,rerun_items,687,True,glm_rerun_20260912,latest_registered_three_strategy_rerun
glm-5.3,poolact,evidence_audit,cost_tight,cached,label_acc_mv,task,cc-large:3,rerun_items,700,True,glm_rerun_20260912,latest_registered_three_strategy_rerun
glm-5.3,poolact,evidence_audit,cost_tight,naive,evidence_acc_mi,task,cc-large:3,rerun_items,713,True,glm_rerun_20260912,latest_registered_three_strategy_rerun
glm-5.3,poolact,evidence_audit,cost_tight,naive,evidence_acc_mv,task,cc-large:3,rerun_items,726,True,glm_rerun_20260912,latest_registered_three_strategy_rerun
glm-5.3,poolact,evidence_audit,cost_tight,naive,label_acc_mi,task,cc-large:3,rerun_items,739,True,glm_rerun_20260912,latest_registered_three_strategy_rerun
glm-5.3,poolact,evidence_audit,cost_tight,naive,label_acc_mv,task,cc-large:3,rerun_items,752,True,glm_rerun_20260912,latest_registered_three_strategy_rerun
glm-5.3,poolact,evidence_audit,cost_tight,poolact,evidence_acc_mi,task,cc-large:3,rerun_items,765,True,glm_rerun_20260912,latest_registered_three_strategy_rerun
glm-5.3,poolact,evidence_audit,cost_tight,poolact,evidence_acc_mv,task,cc-large:3,rerun_items,778,True,glm_rerun_20260912,latest_registered_three_strategy_rerun
glm-5.3,poolact,evidence_audit,cost_tight,poolact,label_acc_mi,task,cc-large:3,rerun_items,791,True,glm_rerun_20260912,latest_registered_three_strategy_rerun
glm-5.3,poolact,evidence_audit,cost_tight,poolact,label_acc_mv,task,cc-large:3,rerun_items,804,True,glm_rerun_20260912,latest_registered_three_strategy_rerun
glm-5.3,poolact,evidence_audit,cost_tight,cached,evidence_acc_mi,task,cc-large:4,rerun_items,662,True,glm_rerun_20260912,latest_registered_three_strategy_rerun
glm-5.3,poolact,evidence_audit,cost_tight,cached,evidence_acc_mv,task,cc-large:4,rerun_items,675,True,glm_rerun_20260912,latest_registered_three_strategy_rerun
glm-5.3,poolact,evidence_audit,cost_tight,cached,label_acc_mi,task,cc-large:4,rerun_items,688,True,glm_rerun_20260912,latest_registered_three_strategy_rerun
glm-5.3,poolact,evidence_audit,cost_tight,cached,label_acc_mv,task,cc-large:4,rerun_items,701,True,glm_rerun_20260912,latest_registered_three_strategy_rerun
glm-5.3,poolact,evidence_audit,cost_tight,naive,evidence_acc_mi,task,cc-large:4,rerun_items,714,True,glm_rerun_20260912,latest_registered_three_strategy_rerun
glm-5.3,poolact,evidence_audit,cost_tight,naive,evidence_acc_mv,task,cc-large:4,rerun_items,727,True,glm_rerun_20260912,latest_registered_three_strategy_rerun
glm-5.3,poolact,evidence_audit,cost_tight,naive,label_acc_mi,task,cc-large:4,rerun_items,740,True,glm_rerun_20260912,latest_registered_three_strategy_rerun
glm-5.3,poolact,evidence_audit,cost_tight,naive,label_acc_mv,task,cc-large:4,rerun_items,753,True,glm_rerun_20260912,latest_registered_three_strategy_rerun
glm-5.3,poolact,evidence_audit,cost_tight,poolact,evidence_acc_mi,task,cc-large:4,rerun_items,766,True,glm_rerun_20260912,latest_registered_three_strategy_rerun
glm-5.3,poolact,evidence_audit,cost_tight,poolact,evidence_acc_mv,task,cc-large:4,rerun_items,779,True,glm_rerun_20260912,latest_registered_three_strategy_rerun
glm-5.3,poolact,evidence_audit,cost_tight,poolact,label_acc_mi,task,cc-large:4,rerun_items,792,True,glm_rerun_20260912,latest_registered_three_strategy_rerun
glm-5.3,poolact,evidence_audit,cost_tight,poolact,label_acc_mv,task,cc-large:4,rerun_items,805,True,glm_rerun_20260912,latest_registered_three_strategy_rerun
glm-5.3,poolact,evidence_audit,cost_tight,cached,evidence_acc_mi,task,cc-large:5,rerun_items,663,True,glm_rerun_20260912,latest_registered_three_strategy_rerun
glm-5.3,poolact,evidence_audit,cost_tight,cached,evidence_acc_mv,task,cc-large:5,rerun_items,676,True,glm_rerun_20260912,latest_registered_three_strategy_rerun
glm-5.3,poolact,evidence_audit,cost_tight,cached,label_acc_mi,task,cc-large:5,rerun_items,689,True,glm_rerun_20260912,latest_registered_three_strategy_rerun
glm-5.3,poolact,evidence_audit,cost_tight,cached,label_acc_mv,task,cc-large:5,rerun_items,702,True,glm_rerun_20260912,latest_registered_three_strategy_rerun
glm-5.3,poolact,evidence_audit,cost_tight,naive,evidence_acc_mi,task,cc-large:5,rerun_items,715,True,glm_rerun_20260912,latest_registered_three_strategy_rerun
glm-5.3,poolact,evidence_audit,cost_tight,naive,evidence_acc_mv,task,cc-large:5,rerun_items,728,True,glm_rerun_20260912,latest_registered_three_strategy_rerun
glm-5.3,poolact,evidence_audit,cost_tight,naive,label_acc_mi,task,cc-large:5,rerun_items,741,True,glm_rerun_20260912,latest_registered_three_strategy_rerun
glm-5.3,poolact,evidence_audit,cost_tight,naive,label_acc_mv,task,cc-large:5,rerun_items,754,True,glm_rerun_20260912,latest_registered_three_strategy_rerun
glm-5.3,poolact,evidence_audit,cost_tight,poolact,evidence_acc_mi,task,cc-large:5,rerun_items,767,True,glm_rerun_20260912,latest_registered_three_strategy_rerun
glm-5.3,poolact,evidence_audit,cost_tight,poolact,evidence_acc_mv,task,cc-large:5,rerun_items,780,True,glm_rerun_20260912,latest_registered_three_strategy_rerun
glm-5.3,poolact,evidence_audit,cost_tight,poolact,label_acc_mi,task,cc-large:5,rerun_items,793,True,glm_rerun_20260912,latest_registered_three_strategy_rerun
glm-5.3,poolact,evidence_audit,cost_tight,poolact,label_acc_mv,task,cc-large:5,rerun_items,806,True,glm_rerun_20260912,latest_registered_three_strategy_rerun
glm-5.3,poolact,evidence_audit,cost_tight,cached,evidence_acc_mi,task,cc-large:6,rerun_items,664,True,glm_rerun_20260912,latest_registered_three_strategy_rerun
glm-5.3,poolact,evidence_audit,cost_tight,cached,evidence_acc_mv,task,cc-large:6,rerun_items,677,True,glm_rerun_20260912,latest_registered_three_strategy_rerun
glm-5.3,poolact,evidence_audit,cost_tight,cached,label_acc_mi,task,cc-large:6,rerun_items,690,True,glm_rerun_20260912,latest_registered_three_strategy_rerun
glm-5.3,poolact,evidence_audit,cost_tight,cached,label_acc_mv,task,cc-large:6,rerun_items,703,True,glm_rerun_20260912,latest_registered_three_strategy_rerun
glm-5.3,poolact,evidence_audit,cost_tight,naive,evidence_acc_mi,task,cc-large:6,rerun_items,716,True,glm_rerun_20260912,latest_registered_three_strategy_rerun
glm-5.3,poolact,evidence_audit,cost_tight,naive,evidence_acc_mv,task,cc-large:6,rerun_items,729,True,glm_rerun_20260912,latest_registered_three_strategy_rerun
glm-5.3,poolact,evidence_audit,cost_tight,naive,label_acc_mi,task,cc-large:6,rerun_items,742,True,glm_rerun_20260912,latest_registered_three_strategy_rerun
glm-5.3,poolact,evidence_audit,cost_tight,naive,label_acc_mv,task,cc-large:6,rerun_items,755,True,glm_rerun_20260912,latest_registered_three_strategy_rerun
glm-5.3,poolact,evidence_audit,cost_tight,poolact,evidence_acc_mi,task,cc-large:6,rerun_items,768,True,glm_rerun_20260912,latest_registered_three_strategy_rerun
glm-5.3,poolact,evidence_audit,cost_tight,poolact,evidence_acc_mv,task,cc-large:6,rerun_items,781,True,glm_rerun_20260912,latest_registered_three_strategy_rerun
glm-5.3,poolact,evidence_audit,cost_tight,poolact,label_acc_mi,task,cc-large:6,rerun_items,794,True,glm_rerun_20260912,latest_registered_three_strategy_rerun
glm-5.3,poolact,evidence_audit,cost_tight,poolact,label_acc_mv,task,cc-large:6,rerun_items,807,True,glm_rerun_20260912,latest_registered_three_strategy_rerun
glm-5.3,poolact,evidence_audit,cost_tight,cached,evidence_acc_mi,task,cc-large:7,rerun_items,665,True,glm_rerun_20260912,latest_registered_three_strategy_rerun
glm-5.3,poolact,evidence_audit,cost_tight,cached,evidence_acc_mv,task,cc-large:7,rerun_items,678,True,glm_rerun_20260912,latest_registered_three_strategy_rerun
glm-5.3,poolact,evidence_audit,cost_tight,cached,label_acc_mi,task,cc-large:7,rerun_items,691,True,glm_rerun_20260912,latest_registered_three_strategy_rerun
glm-5.3,poolact,evidence_audit,cost_tight,cached,label_acc_mv,task,cc-large:7,rerun_items,704,True,glm_rerun_20260912,latest_registered_three_strategy_rerun
glm-5.3,poolact,evidence_audit,cost_tight,naive,evidence_acc_mi,task,cc-large:7,rerun_items,717,True,glm_rerun_20260912,latest_registered_three_strategy_rerun
glm-5.3,poolact,evidence_audit,cost_tight,naive,evidence_acc_mv,task,cc-large:7,rerun_items,730,True,glm_rerun_20260912,latest_registered_three_strategy_rerun
glm-5.3,poolact,evidence_audit,cost_tight,naive,label_acc_mi,task,cc-large:7,rerun_items,743,True,glm_rerun_20260912,latest_registered_three_strategy_rerun
glm-5.3,poolact,evidence_audit,cost_tight,naive,label_acc_mv,task,cc-large:7,rerun_items,756,True,glm_rerun_20260912,latest_registered_three_strategy_rerun
glm-5.3,poolact,evidence_audit,cost_tight,poolact,evidence_acc_mi,task,cc-large:7,rerun_items,769,True,glm_rerun_20260912,latest_registered_three_strategy_rerun
glm-5.3,poolact,evidence_audit,cost_tight,poolact,evidence_acc_mv,task,cc-large:7,rerun_items,782,True,glm_rerun_20260912,latest_registered_three_strategy_rerun
glm-5.3,poolact,evidence_audit,cost_tight,poolact,label_acc_mi,task,cc-large:7,rerun_items,795,True,glm_rerun_20260912,latest_registered_three_strategy_rerun
glm-5.3,poolact,evidence_audit,cost_tight,poolact,label_acc_mv,task,cc-large:7,rerun_items,808,True,glm_rerun_20260912,latest_registered_three_strategy_rerun
glm-5.3,poolact,evidence_audit,cost_tight,cached,evidence_acc_mi,task,cc-large:8,rerun_items,666,True,glm_rerun_20260912,latest_registered_three_strategy_rerun
glm-5.3,poolact,evidence_audit,cost_tight,cached,evidence_acc_mv,task,cc-large:8,rerun_items,679,True,glm_rerun_20260912,latest_registered_three_strategy_rerun
glm-5.3,poolact,evidence_audit,cost_tight,cached,label_acc_mi,task,cc-large:8,rerun_items,692,True,glm_rerun_20260912,latest_registered_three_strategy_rerun
glm-5.3,poolact,evidence_audit,cost_tight,cached,label_acc_mv,task,cc-large:8,rerun_items,705,True,glm_rerun_20260912,latest_registered_three_strategy_rerun
glm-5.3,poolact,evidence_audit,cost_tight,naive,evidence_acc_mi,task,cc-large:8,rerun_items,718,True,glm_rerun_20260912,latest_registered_three_strategy_rerun
glm-5.3,poolact,evidence_audit,cost_tight,naive,evidence_acc_mv,task,cc-large:8,rerun_items,731,True,glm_rerun_20260912,latest_registered_three_strategy_rerun
glm-5.3,poolact,evidence_audit,cost_tight,naive,label_acc_mi,task,cc-large:8,rerun_items,744,True,glm_rerun_20260912,latest_registered_three_strategy_rerun
glm-5.3,poolact,evidence_audit,cost_tight,naive,label_acc_mv,task,cc-large:8,rerun_items,757,True,glm_rerun_20260912,latest_registered_three_strategy_rerun
glm-5.3,poolact,evidence_audit,cost_tight,poolact,evidence_acc_mi,task,cc-large:8,rerun_items,770,True,glm_rerun_20260912,latest_registered_three_strategy_rerun
glm-5.3,poolact,evidence_audit,cost_tight,poolact,evidence_acc_mv,task,cc-large:8,rerun_items,783,True,glm_rerun_20260912,latest_registered_three_strategy_rerun
glm-5.3,poolact,evidence_audit,cost_tight,poolact,label_acc_mi,task,cc-large:8,rerun_items,796,True,glm_rerun_20260912,latest_registered_three_strategy_rerun
glm-5.3,poolact,evidence_audit,cost_tight,poolact,label_acc_mv,task,cc-large:8,rerun_items,809,True,glm_rerun_20260912,latest_registered_three_strategy_rerun
glm-5.3,poolact,evidence_audit,cost_tight,cached,evidence_acc_mi,task,cc-large:9,rerun_items,667,True,glm_rerun_20260912,latest_registered_three_strategy_rerun
glm-5.3,poolact,evidence_audit,cost_tight,cached,evidence_acc_mv,task,cc-large:9,rerun_items,680,True,glm_rerun_20260912,latest_registered_three_strategy_rerun
glm-5.3,poolact,evidence_audit,cost_tight,cached,label_acc_mi,task,cc-large:9,rerun_items,693,True,glm_rerun_20260912,latest_registered_three_strategy_rerun
glm-5.3,poolact,evidence_audit,cost_tight,cached,label_acc_mv,task,cc-large:9,rerun_items,706,True,glm_rerun_20260912,latest_registered_three_strategy_rerun
glm-5.3,poolact,evidence_audit,cost_tight,naive,evidence_acc_mi,task,cc-large:9,rerun_items,719,True,glm_rerun_20260912,latest_registered_three_strategy_rerun
glm-5.3,poolact,evidence_audit,cost_tight,naive,evidence_acc_mv,task,cc-large:9,rerun_items,732,True,glm_rerun_20260912,latest_registered_three_strategy_rerun
glm-5.3,poolact,evidence_audit,cost_tight,naive,label_acc_mi,task,cc-large:9,rerun_items,745,True,glm_rerun_20260912,latest_registered_three_strategy_rerun
glm-5.3,poolact,evidence_audit,cost_tight,naive,label_acc_mv,task,cc-large:9,rerun_items,758,True,glm_rerun_20260912,latest_registered_three_strategy_rerun
glm-5.3,poolact,evidence_audit,cost_tight,poolact,evidence_acc_mi,task,cc-large:9,rerun_items,771,True,glm_rerun_20260912,latest_registered_three_strategy_rerun
glm-5.3,poolact,evidence_audit,cost_tight,poolact,evidence_acc_mv,task,cc-large:9,rerun_items,784,True,glm_rerun_20260912,latest_registered_three_strategy_rerun
glm-5.3,poolact,evidence_audit,cost_tight,poolact,label_acc_mi,task,cc-large:9,rerun_items,797,True,glm_rerun_20260912,latest_registered_three_strategy_rerun
glm-5.3,poolact,evidence_audit,cost_tight,poolact,label_acc_mv,task,cc-large:9,rerun_items,810,True,glm_rerun_20260912,latest_registered_three_strategy_rerun
glm-5.3,poolact,restricted_search,cost_moderate,cached,f1_mi,all,all,old_absolute,1861,True,glm_original,latest_available_not_rerun
glm-5.3,poolact,restricted_search,cost_moderate,cached,f1_mv,all,all,old_absolute,1862,True,glm_original,latest_available_not_rerun
glm-5.3,poolact,restricted_search,cost_moderate,naive,f1_mi,all,all,old_absolute,1872,True,glm_original,latest_available_not_rerun
glm-5.3,poolact,restricted_search,cost_moderate,naive,f1_mv,all,all,old_absolute,1873,True,glm_original,latest_available_not_rerun
glm-5.3,poolact,restricted_search,cost_moderate,poolact,f1_mi,all,all,old_absolute,1883,True,glm_original,latest_available_not_rerun
glm-5.3,poolact,restricted_search,cost_moderate,poolact,f1_mv,all,all,old_absolute,1884,True,glm_original,latest_available_not_rerun
glm-5.3,poolact,restricted_search,cost_tight,cached,f1_mi,all,all,old_absolute,1894,True,glm_original,latest_available_not_rerun
glm-5.3,poolact,restricted_search,cost_tight,cached,f1_mv,all,all,old_absolute,1895,True,glm_original,latest_available_not_rerun
glm-5.3,poolact,restricted_search,cost_tight,naive,f1_mi,all,all,old_absolute,1905,True,glm_original,latest_available_not_rerun
glm-5.3,poolact,restricted_search,cost_tight,naive,f1_mv,all,all,old_absolute,1906,True,glm_original,latest_available_not_rerun
glm-5.3,poolact,restricted_search,cost_tight,poolact,f1_mi,all,all,old_absolute,1916,True,glm_original,latest_available_not_rerun
glm-5.3,poolact,restricted_search,cost_tight,poolact,f1_mv,all,all,old_absolute,1917,True,glm_original,latest_available_not_rerun
glm-5.3,poolact,restricted_search,cost_moderate,cached,f1_mi,family,whois,old_absolute,1927,True,glm_original,latest_available_not_rerun
glm-5.3,poolact,restricted_search,cost_moderate,cached,f1_mv,family,whois,old_absolute,1928,True,glm_original,latest_available_not_rerun
glm-5.3,poolact,restricted_search,cost_moderate,naive,f1_mi,family,whois,old_absolute,1938,True,glm_original,latest_available_not_rerun
glm-5.3,poolact,restricted_search,cost_moderate,naive,f1_mv,family,whois,old_absolute,1939,True,glm_original,latest_available_not_rerun
glm-5.3,poolact,restricted_search,cost_moderate,poolact,f1_mi,family,whois,old_absolute,1949,True,glm_original,latest_available_not_rerun
glm-5.3,poolact,restricted_search,cost_moderate,poolact,f1_mv,family,whois,old_absolute,1950,True,glm_original,latest_available_not_rerun
glm-5.3,poolact,restricted_search,cost_tight,cached,f1_mi,family,whois,old_absolute,1960,True,glm_original,latest_available_not_rerun
glm-5.3,poolact,restricted_search,cost_tight,cached,f1_mv,family,whois,old_absolute,1961,True,glm_original,latest_available_not_rerun
glm-5.3,poolact,restricted_search,cost_tight,naive,f1_mi,family,whois,old_absolute,1971,True,glm_original,latest_available_not_rerun
glm-5.3,poolact,restricted_search,cost_tight,naive,f1_mv,family,whois,old_absolute,1972,True,glm_original,latest_available_not_rerun
glm-5.3,poolact,restricted_search,cost_tight,poolact,f1_mi,family,whois,old_absolute,1982,True,glm_original,latest_available_not_rerun
glm-5.3,poolact,restricted_search,cost_tight,poolact,f1_mv,family,whois,old_absolute,1983,True,glm_original,latest_available_not_rerun
glm-5.3,poolact,tuning,cost_moderate,cached,gap0_bon,all,all,old_gap0,37,True,glm_original,latest_available_not_rerun
glm-5.3,poolact,tuning,cost_moderate,cached,gap0_mi,all,all,old_gap0,38,True,glm_original,latest_available_not_rerun
glm-5.3,poolact,tuning,cost_moderate,cached,gap_bon,all,all,old_absolute,1996,True,glm_original,latest_available_not_rerun
glm-5.3,poolact,tuning,cost_moderate,cached,gap_mi,all,all,old_absolute,1997,True,glm_original,latest_available_not_rerun
glm-5.3,poolact,tuning,cost_moderate,cached,raw_perf_bon,all,all,old_absolute,2001,True,glm_original,latest_available_not_rerun
glm-5.3,poolact,tuning,cost_moderate,cached,raw_perf_mi,all,all,old_absolute,2002,True,glm_original,latest_available_not_rerun
glm-5.3,poolact,tuning,cost_moderate,naive,gap0_bon,all,all,old_gap0,39,True,glm_original,latest_available_not_rerun
glm-5.3,poolact,tuning,cost_moderate,naive,gap0_mi,all,all,old_gap0,40,True,glm_original,latest_available_not_rerun
glm-5.3,poolact,tuning,cost_moderate,naive,gap_bon,all,all,old_absolute,2009,True,glm_original,latest_available_not_rerun
glm-5.3,poolact,tuning,cost_moderate,naive,gap_mi,all,all,old_absolute,2010,True,glm_original,latest_available_not_rerun
glm-5.3,poolact,tuning,cost_moderate,naive,raw_perf_bon,all,all,old_absolute,2014,True,glm_original,latest_available_not_rerun
glm-5.3,poolact,tuning,cost_moderate,naive,raw_perf_mi,all,all,old_absolute,2015,True,glm_original,latest_available_not_rerun
glm-5.3,poolact,tuning,cost_moderate,poolact,gap0_bon,all,all,old_gap0,41,True,glm_original,latest_available_not_rerun
glm-5.3,poolact,tuning,cost_moderate,poolact,gap0_mi,all,all,old_gap0,42,True,glm_original,latest_available_not_rerun
glm-5.3,poolact,tuning,cost_moderate,poolact,gap_bon,all,all,old_absolute,2022,True,glm_original,latest_available_not_rerun
glm-5.3,poolact,tuning,cost_moderate,poolact,gap_mi,all,all,old_absolute,2023,True,glm_original,latest_available_not_rerun
glm-5.3,poolact,tuning,cost_moderate,poolact,raw_perf_bon,all,all,old_absolute,2027,True,glm_original,latest_available_not_rerun
glm-5.3,poolact,tuning,cost_moderate,poolact,raw_perf_mi,all,all,old_absolute,2028,True,glm_original,latest_available_not_rerun
glm-5.3,poolact,tuning,cost_tight,cached,gap0_bon,all,all,rerun_aggregate,79,True,glm_rerun_20260912,latest_registered_three_strategy_rerun
glm-5.3,poolact,tuning,cost_tight,cached,gap0_mi,all,all,rerun_aggregate,80,True,glm_rerun_20260912,latest_registered_three_strategy_rerun
glm-5.3,poolact,tuning,cost_tight,cached,gap_bon,all,all,rerun_aggregate,81,True,glm_rerun_20260912,latest_registered_three_strategy_rerun
glm-5.3,poolact,tuning,cost_tight,cached,gap_mi,all,all,rerun_aggregate,82,True,glm_rerun_20260912,latest_registered_three_strategy_rerun
glm-5.3,poolact,tuning,cost_tight,cached,raw_perf_bon,all,all,rerun_aggregate,83,True,glm_rerun_20260912,latest_registered_three_strategy_rerun
glm-5.3,poolact,tuning,cost_tight,cached,raw_perf_mi,all,all,rerun_aggregate,84,True,glm_rerun_20260912,latest_registered_three_strategy_rerun
glm-5.3,poolact,tuning,cost_tight,naive,gap0_bon,all,all,rerun_aggregate,85,True,glm_rerun_20260912,latest_registered_three_strategy_rerun
glm-5.3,poolact,tuning,cost_tight,naive,gap0_mi,all,all,rerun_aggregate,86,True,glm_rerun_20260912,latest_registered_three_strategy_rerun
glm-5.3,poolact,tuning,cost_tight,naive,gap_bon,all,all,rerun_aggregate,87,True,glm_rerun_20260912,latest_registered_three_strategy_rerun
glm-5.3,poolact,tuning,cost_tight,naive,gap_mi,all,all,rerun_aggregate,88,True,glm_rerun_20260912,latest_registered_three_strategy_rerun
glm-5.3,poolact,tuning,cost_tight,naive,raw_perf_bon,all,all,rerun_aggregate,89,True,glm_rerun_20260912,latest_registered_three_strategy_rerun
glm-5.3,poolact,tuning,cost_tight,naive,raw_perf_mi,all,all,rerun_aggregate,90,True,glm_rerun_20260912,latest_registered_three_strategy_rerun
glm-5.3,poolact,tuning,cost_tight,poolact,gap0_bon,all,all,rerun_aggregate,91,True,glm_rerun_20260912,latest_registered_three_strategy_rerun
glm-5.3,poolact,tuning,cost_tight,poolact,gap0_mi,all,all,rerun_aggregate,92,True,glm_rerun_20260912,latest_registered_three_strategy_rerun
glm-5.3,poolact,tuning,cost_tight,poolact,gap_bon,all,all,rerun_aggregate,93,True,glm_rerun_20260912,latest_registered_three_strategy_rerun
glm-5.3,poolact,tuning,cost_tight,poolact,gap_mi,all,all,rerun_aggregate,94,True,glm_rerun_20260912,latest_registered_three_strategy_rerun
glm-5.3,poolact,tuning,cost_tight,poolact,raw_perf_bon,all,all,rerun_aggregate,95,True,glm_rerun_20260912,latest_registered_three_strategy_rerun
glm-5.3,poolact,tuning,cost_tight,poolact,raw_perf_mi,all,all,rerun_aggregate,96,True,glm_rerun_20260912,latest_registered_three_strategy_rerun
glm-5.3,poolact,tuning,cost_moderate,cached,gap0_bon,family,nasbench101,old_gap0,37,True,glm_original,latest_available_not_rerun; all_equals_NAS101_only_family
glm-5.3,poolact,tuning,cost_moderate,cached,gap0_mi,family,nasbench101,old_gap0,38,True,glm_original,latest_available_not_rerun; all_equals_NAS101_only_family
glm-5.3,poolact,tuning,cost_moderate,cached,gap_bon,family,nasbench101,old_absolute,2074,True,glm_original,latest_available_not_rerun
glm-5.3,poolact,tuning,cost_moderate,cached,gap_mi,family,nasbench101,old_absolute,2075,True,glm_original,latest_available_not_rerun
glm-5.3,poolact,tuning,cost_moderate,cached,raw_perf_bon,family,nasbench101,old_absolute,2079,True,glm_original,latest_available_not_rerun
glm-5.3,poolact,tuning,cost_moderate,cached,raw_perf_mi,family,nasbench101,old_absolute,2080,True,glm_original,latest_available_not_rerun
glm-5.3,poolact,tuning,cost_moderate,naive,gap0_bon,family,nasbench101,old_gap0,39,True,glm_original,latest_available_not_rerun; all_equals_NAS101_only_family
glm-5.3,poolact,tuning,cost_moderate,naive,gap0_mi,family,nasbench101,old_gap0,40,True,glm_original,latest_available_not_rerun; all_equals_NAS101_only_family
glm-5.3,poolact,tuning,cost_moderate,naive,gap_bon,family,nasbench101,old_absolute,2087,True,glm_original,latest_available_not_rerun
glm-5.3,poolact,tuning,cost_moderate,naive,gap_mi,family,nasbench101,old_absolute,2088,True,glm_original,latest_available_not_rerun
glm-5.3,poolact,tuning,cost_moderate,naive,raw_perf_bon,family,nasbench101,old_absolute,2092,True,glm_original,latest_available_not_rerun
glm-5.3,poolact,tuning,cost_moderate,naive,raw_perf_mi,family,nasbench101,old_absolute,2093,True,glm_original,latest_available_not_rerun
glm-5.3,poolact,tuning,cost_moderate,poolact,gap0_bon,family,nasbench101,old_gap0,41,True,glm_original,latest_available_not_rerun; all_equals_NAS101_only_family
glm-5.3,poolact,tuning,cost_moderate,poolact,gap0_mi,family,nasbench101,old_gap0,42,True,glm_original,latest_available_not_rerun; all_equals_NAS101_only_family
glm-5.3,poolact,tuning,cost_moderate,poolact,gap_bon,family,nasbench101,old_absolute,2100,True,glm_original,latest_available_not_rerun
glm-5.3,poolact,tuning,cost_moderate,poolact,gap_mi,family,nasbench101,old_absolute,2101,True,glm_original,latest_available_not_rerun
glm-5.3,poolact,tuning,cost_moderate,poolact,raw_perf_bon,family,nasbench101,old_absolute,2105,True,glm_original,latest_available_not_rerun
glm-5.3,poolact,tuning,cost_moderate,poolact,raw_perf_mi,family,nasbench101,old_absolute,2106,True,glm_original,latest_available_not_rerun
glm-5.3,poolact,tuning,cost_tight,cached,gap0_bon,family,nasbench101,rerun_aggregate,79,True,glm_rerun_20260912,latest_registered_three_strategy_rerun
glm-5.3,poolact,tuning,cost_tight,cached,gap0_mi,family,nasbench101,rerun_aggregate,80,True,glm_rerun_20260912,latest_registered_three_strategy_rerun
glm-5.3,poolact,tuning,cost_tight,cached,gap_bon,family,nasbench101,rerun_aggregate,81,True,glm_rerun_20260912,latest_registered_three_strategy_rerun
glm-5.3,poolact,tuning,cost_tight,cached,gap_mi,family,nasbench101,rerun_aggregate,82,True,glm_rerun_20260912,latest_registered_three_strategy_rerun
glm-5.3,poolact,tuning,cost_tight,cached,raw_perf_bon,family,nasbench101,rerun_aggregate,83,True,glm_rerun_20260912,latest_registered_three_strategy_rerun
glm-5.3,poolact,tuning,cost_tight,cached,raw_perf_mi,family,nasbench101,rerun_aggregate,84,True,glm_rerun_20260912,latest_registered_three_strategy_rerun
glm-5.3,poolact,tuning,cost_tight,naive,gap0_bon,family,nasbench101,rerun_aggregate,85,True,glm_rerun_20260912,latest_registered_three_strategy_rerun
glm-5.3,poolact,tuning,cost_tight,naive,gap0_mi,family,nasbench101,rerun_aggregate,86,True,glm_rerun_20260912,latest_registered_three_strategy_rerun
glm-5.3,poolact,tuning,cost_tight,naive,gap_bon,family,nasbench101,rerun_aggregate,87,True,glm_rerun_20260912,latest_registered_three_strategy_rerun
glm-5.3,poolact,tuning,cost_tight,naive,gap_mi,family,nasbench101,rerun_aggregate,88,True,glm_rerun_20260912,latest_registered_three_strategy_rerun
glm-5.3,poolact,tuning,cost_tight,naive,raw_perf_bon,family,nasbench101,rerun_aggregate,89,True,glm_rerun_20260912,latest_registered_three_strategy_rerun
glm-5.3,poolact,tuning,cost_tight,naive,raw_perf_mi,family,nasbench101,rerun_aggregate,90,True,glm_rerun_20260912,latest_registered_three_strategy_rerun
glm-5.3,poolact,tuning,cost_tight,poolact,gap0_bon,family,nasbench101,rerun_aggregate,91,True,glm_rerun_20260912,latest_registered_three_strategy_rerun
glm-5.3,poolact,tuning,cost_tight,poolact,gap0_mi,family,nasbench101,rerun_aggregate,92,True,glm_rerun_20260912,latest_registered_three_strategy_rerun
glm-5.3,poolact,tuning,cost_tight,poolact,gap_bon,family,nasbench101,rerun_aggregate,93,True,glm_rerun_20260912,latest_registered_three_strategy_rerun
glm-5.3,poolact,tuning,cost_tight,poolact,gap_mi,family,nasbench101,rerun_aggregate,94,True,glm_rerun_20260912,latest_registered_three_strategy_rerun
glm-5.3,poolact,tuning,cost_tight,poolact,raw_perf_bon,family,nasbench101,rerun_aggregate,95,True,glm_rerun_20260912,latest_registered_three_strategy_rerun
glm-5.3,poolact,tuning,cost_tight,poolact,raw_perf_mi,family,nasbench101,rerun_aggregate,96,True,glm_rerun_20260912,latest_registered_three_strategy_rerun
glm-5.3,poolact,tuning,cost_moderate,cached,gap_bon,task,hpobench:nasbench101:A,old_absolute,2152,True,glm_original,latest_available_not_rerun
glm-5.3,poolact,tuning,cost_moderate,cached,gap_mi,task,hpobench:nasbench101:A,old_absolute,2153,True,glm_original,latest_available_not_rerun
glm-5.3,poolact,tuning,cost_moderate,cached,raw_perf_bon,task,hpobench:nasbench101:A,old_absolute,2157,True,glm_original,latest_available_not_rerun
glm-5.3,poolact,tuning,cost_moderate,cached,raw_perf_mi,task,hpobench:nasbench101:A,old_absolute,2158,True,glm_original,latest_available_not_rerun
glm-5.3,poolact,tuning,cost_moderate,naive,gap_bon,task,hpobench:nasbench101:A,old_absolute,2165,True,glm_original,latest_available_not_rerun
glm-5.3,poolact,tuning,cost_moderate,naive,gap_mi,task,hpobench:nasbench101:A,old_absolute,2166,True,glm_original,latest_available_not_rerun
glm-5.3,poolact,tuning,cost_moderate,naive,raw_perf_bon,task,hpobench:nasbench101:A,old_absolute,2170,True,glm_original,latest_available_not_rerun
glm-5.3,poolact,tuning,cost_moderate,naive,raw_perf_mi,task,hpobench:nasbench101:A,old_absolute,2171,True,glm_original,latest_available_not_rerun
glm-5.3,poolact,tuning,cost_moderate,poolact,gap_bon,task,hpobench:nasbench101:A,old_absolute,2178,True,glm_original,latest_available_not_rerun
glm-5.3,poolact,tuning,cost_moderate,poolact,gap_mi,task,hpobench:nasbench101:A,old_absolute,2179,True,glm_original,latest_available_not_rerun
glm-5.3,poolact,tuning,cost_moderate,poolact,raw_perf_bon,task,hpobench:nasbench101:A,old_absolute,2183,True,glm_original,latest_available_not_rerun
glm-5.3,poolact,tuning,cost_moderate,poolact,raw_perf_mi,task,hpobench:nasbench101:A,old_absolute,2184,True,glm_original,latest_available_not_rerun
glm-5.3,poolact,tuning,cost_tight,cached,gap0_bon,task,hpobench:nasbench101:A,rerun_items,811,True,glm_rerun_20260912,latest_registered_three_strategy_rerun
glm-5.3,poolact,tuning,cost_tight,cached,gap0_mi,task,hpobench:nasbench101:A,rerun_items,814,True,glm_rerun_20260912,latest_registered_three_strategy_rerun
glm-5.3,poolact,tuning,cost_tight,cached,gap_bon,task,hpobench:nasbench101:A,rerun_items,817,True,glm_rerun_20260912,latest_registered_three_strategy_rerun
glm-5.3,poolact,tuning,cost_tight,cached,gap_mi,task,hpobench:nasbench101:A,rerun_items,820,True,glm_rerun_20260912,latest_registered_three_strategy_rerun
glm-5.3,poolact,tuning,cost_tight,cached,raw_perf_bon,task,hpobench:nasbench101:A,rerun_items,823,True,glm_rerun_20260912,latest_registered_three_strategy_rerun
glm-5.3,poolact,tuning,cost_tight,cached,raw_perf_mi,task,hpobench:nasbench101:A,rerun_items,826,True,glm_rerun_20260912,latest_registered_three_strategy_rerun
glm-5.3,poolact,tuning,cost_tight,naive,gap0_bon,task,hpobench:nasbench101:A,rerun_items,829,True,glm_rerun_20260912,latest_registered_three_strategy_rerun
glm-5.3,poolact,tuning,cost_tight,naive,gap0_mi,task,hpobench:nasbench101:A,rerun_items,832,True,glm_rerun_20260912,latest_registered_three_strategy_rerun
glm-5.3,poolact,tuning,cost_tight,naive,gap_bon,task,hpobench:nasbench101:A,rerun_items,835,True,glm_rerun_20260912,latest_registered_three_strategy_rerun
glm-5.3,poolact,tuning,cost_tight,naive,gap_mi,task,hpobench:nasbench101:A,rerun_items,838,True,glm_rerun_20260912,latest_registered_three_strategy_rerun
glm-5.3,poolact,tuning,cost_tight,naive,raw_perf_bon,task,hpobench:nasbench101:A,rerun_items,841,True,glm_rerun_20260912,latest_registered_three_strategy_rerun
glm-5.3,poolact,tuning,cost_tight,naive,raw_perf_mi,task,hpobench:nasbench101:A,rerun_items,844,True,glm_rerun_20260912,latest_registered_three_strategy_rerun
glm-5.3,poolact,tuning,cost_tight,poolact,gap0_bon,task,hpobench:nasbench101:A,rerun_items,847,True,glm_rerun_20260912,latest_registered_three_strategy_rerun
glm-5.3,poolact,tuning,cost_tight,poolact,gap0_mi,task,hpobench:nasbench101:A,rerun_items,850,True,glm_rerun_20260912,latest_registered_three_strategy_rerun
glm-5.3,poolact,tuning,cost_tight,poolact,gap_bon,task,hpobench:nasbench101:A,rerun_items,853,True,glm_rerun_20260912,latest_registered_three_strategy_rerun
glm-5.3,poolact,tuning,cost_tight,poolact,gap_mi,task,hpobench:nasbench101:A,rerun_items,856,True,glm_rerun_20260912,latest_registered_three_strategy_rerun
glm-5.3,poolact,tuning,cost_tight,poolact,raw_perf_bon,task,hpobench:nasbench101:A,rerun_items,859,True,glm_rerun_20260912,latest_registered_three_strategy_rerun
glm-5.3,poolact,tuning,cost_tight,poolact,raw_perf_mi,task,hpobench:nasbench101:A,rerun_items,862,True,glm_rerun_20260912,latest_registered_three_strategy_rerun
glm-5.3,poolact,tuning,cost_moderate,cached,gap_bon,task,hpobench:nasbench101:B,old_absolute,2230,True,glm_original,latest_available_not_rerun
glm-5.3,poolact,tuning,cost_moderate,cached,gap_mi,task,hpobench:nasbench101:B,old_absolute,2231,True,glm_original,latest_available_not_rerun
glm-5.3,poolact,tuning,cost_moderate,cached,raw_perf_bon,task,hpobench:nasbench101:B,old_absolute,2235,True,glm_original,latest_available_not_rerun
glm-5.3,poolact,tuning,cost_moderate,cached,raw_perf_mi,task,hpobench:nasbench101:B,old_absolute,2236,True,glm_original,latest_available_not_rerun
glm-5.3,poolact,tuning,cost_moderate,naive,gap_bon,task,hpobench:nasbench101:B,old_absolute,2243,True,glm_original,latest_available_not_rerun
glm-5.3,poolact,tuning,cost_moderate,naive,gap_mi,task,hpobench:nasbench101:B,old_absolute,2244,True,glm_original,latest_available_not_rerun
glm-5.3,poolact,tuning,cost_moderate,naive,raw_perf_bon,task,hpobench:nasbench101:B,old_absolute,2248,True,glm_original,latest_available_not_rerun
glm-5.3,poolact,tuning,cost_moderate,naive,raw_perf_mi,task,hpobench:nasbench101:B,old_absolute,2249,True,glm_original,latest_available_not_rerun
glm-5.3,poolact,tuning,cost_moderate,poolact,gap_bon,task,hpobench:nasbench101:B,old_absolute,2256,True,glm_original,latest_available_not_rerun
glm-5.3,poolact,tuning,cost_moderate,poolact,gap_mi,task,hpobench:nasbench101:B,old_absolute,2257,True,glm_original,latest_available_not_rerun
glm-5.3,poolact,tuning,cost_moderate,poolact,raw_perf_bon,task,hpobench:nasbench101:B,old_absolute,2261,True,glm_original,latest_available_not_rerun
glm-5.3,poolact,tuning,cost_moderate,poolact,raw_perf_mi,task,hpobench:nasbench101:B,old_absolute,2262,True,glm_original,latest_available_not_rerun
glm-5.3,poolact,tuning,cost_tight,cached,gap0_bon,task,hpobench:nasbench101:B,rerun_items,812,True,glm_rerun_20260912,latest_registered_three_strategy_rerun
glm-5.3,poolact,tuning,cost_tight,cached,gap0_mi,task,hpobench:nasbench101:B,rerun_items,815,True,glm_rerun_20260912,latest_registered_three_strategy_rerun
glm-5.3,poolact,tuning,cost_tight,cached,gap_bon,task,hpobench:nasbench101:B,rerun_items,818,True,glm_rerun_20260912,latest_registered_three_strategy_rerun
glm-5.3,poolact,tuning,cost_tight,cached,gap_mi,task,hpobench:nasbench101:B,rerun_items,821,True,glm_rerun_20260912,latest_registered_three_strategy_rerun
glm-5.3,poolact,tuning,cost_tight,cached,raw_perf_bon,task,hpobench:nasbench101:B,rerun_items,824,True,glm_rerun_20260912,latest_registered_three_strategy_rerun
glm-5.3,poolact,tuning,cost_tight,cached,raw_perf_mi,task,hpobench:nasbench101:B,rerun_items,827,True,glm_rerun_20260912,latest_registered_three_strategy_rerun
glm-5.3,poolact,tuning,cost_tight,naive,gap0_bon,task,hpobench:nasbench101:B,rerun_items,830,True,glm_rerun_20260912,latest_registered_three_strategy_rerun
glm-5.3,poolact,tuning,cost_tight,naive,gap0_mi,task,hpobench:nasbench101:B,rerun_items,833,True,glm_rerun_20260912,latest_registered_three_strategy_rerun
glm-5.3,poolact,tuning,cost_tight,naive,gap_bon,task,hpobench:nasbench101:B,rerun_items,836,True,glm_rerun_20260912,latest_registered_three_strategy_rerun
glm-5.3,poolact,tuning,cost_tight,naive,gap_mi,task,hpobench:nasbench101:B,rerun_items,839,True,glm_rerun_20260912,latest_registered_three_strategy_rerun
glm-5.3,poolact,tuning,cost_tight,naive,raw_perf_bon,task,hpobench:nasbench101:B,rerun_items,842,True,glm_rerun_20260912,latest_registered_three_strategy_rerun
glm-5.3,poolact,tuning,cost_tight,naive,raw_perf_mi,task,hpobench:nasbench101:B,rerun_items,845,True,glm_rerun_20260912,latest_registered_three_strategy_rerun
glm-5.3,poolact,tuning,cost_tight,poolact,gap0_bon,task,hpobench:nasbench101:B,rerun_items,848,True,glm_rerun_20260912,latest_registered_three_strategy_rerun
glm-5.3,poolact,tuning,cost_tight,poolact,gap0_mi,task,hpobench:nasbench101:B,rerun_items,851,True,glm_rerun_20260912,latest_registered_three_strategy_rerun
glm-5.3,poolact,tuning,cost_tight,poolact,gap_bon,task,hpobench:nasbench101:B,rerun_items,854,True,glm_rerun_20260912,latest_registered_three_strategy_rerun
glm-5.3,poolact,tuning,cost_tight,poolact,gap_mi,task,hpobench:nasbench101:B,rerun_items,857,True,glm_rerun_20260912,latest_registered_three_strategy_rerun
glm-5.3,poolact,tuning,cost_tight,poolact,raw_perf_bon,task,hpobench:nasbench101:B,rerun_items,860,True,glm_rerun_20260912,latest_registered_three_strategy_rerun
glm-5.3,poolact,tuning,cost_tight,poolact,raw_perf_mi,task,hpobench:nasbench101:B,rerun_items,863,True,glm_rerun_20260912,latest_registered_three_strategy_rerun
glm-5.3,poolact,tuning,cost_moderate,cached,gap_bon,task,hpobench:nasbench101:C,old_absolute,2308,True,glm_original,latest_available_not_rerun
glm-5.3,poolact,tuning,cost_moderate,cached,gap_mi,task,hpobench:nasbench101:C,old_absolute,2309,True,glm_original,latest_available_not_rerun
glm-5.3,poolact,tuning,cost_moderate,cached,raw_perf_bon,task,hpobench:nasbench101:C,old_absolute,2313,True,glm_original,latest_available_not_rerun
glm-5.3,poolact,tuning,cost_moderate,cached,raw_perf_mi,task,hpobench:nasbench101:C,old_absolute,2314,True,glm_original,latest_available_not_rerun
glm-5.3,poolact,tuning,cost_moderate,naive,gap_bon,task,hpobench:nasbench101:C,old_absolute,2321,True,glm_original,latest_available_not_rerun
glm-5.3,poolact,tuning,cost_moderate,naive,gap_mi,task,hpobench:nasbench101:C,old_absolute,2322,True,glm_original,latest_available_not_rerun
glm-5.3,poolact,tuning,cost_moderate,naive,raw_perf_bon,task,hpobench:nasbench101:C,old_absolute,2326,True,glm_original,latest_available_not_rerun
glm-5.3,poolact,tuning,cost_moderate,naive,raw_perf_mi,task,hpobench:nasbench101:C,old_absolute,2327,True,glm_original,latest_available_not_rerun
glm-5.3,poolact,tuning,cost_moderate,poolact,gap_bon,task,hpobench:nasbench101:C,old_absolute,2334,True,glm_original,latest_available_not_rerun
glm-5.3,poolact,tuning,cost_moderate,poolact,gap_mi,task,hpobench:nasbench101:C,old_absolute,2335,True,glm_original,latest_available_not_rerun
glm-5.3,poolact,tuning,cost_moderate,poolact,raw_perf_bon,task,hpobench:nasbench101:C,old_absolute,2339,True,glm_original,latest_available_not_rerun
glm-5.3,poolact,tuning,cost_moderate,poolact,raw_perf_mi,task,hpobench:nasbench101:C,old_absolute,2340,True,glm_original,latest_available_not_rerun
glm-5.3,poolact,tuning,cost_tight,cached,gap0_bon,task,hpobench:nasbench101:C,rerun_items,813,True,glm_rerun_20260912,latest_registered_three_strategy_rerun
glm-5.3,poolact,tuning,cost_tight,cached,gap0_mi,task,hpobench:nasbench101:C,rerun_items,816,True,glm_rerun_20260912,latest_registered_three_strategy_rerun
glm-5.3,poolact,tuning,cost_tight,cached,gap_bon,task,hpobench:nasbench101:C,rerun_items,819,True,glm_rerun_20260912,latest_registered_three_strategy_rerun
glm-5.3,poolact,tuning,cost_tight,cached,gap_mi,task,hpobench:nasbench101:C,rerun_items,822,True,glm_rerun_20260912,latest_registered_three_strategy_rerun
glm-5.3,poolact,tuning,cost_tight,cached,raw_perf_bon,task,hpobench:nasbench101:C,rerun_items,825,True,glm_rerun_20260912,latest_registered_three_strategy_rerun
glm-5.3,poolact,tuning,cost_tight,cached,raw_perf_mi,task,hpobench:nasbench101:C,rerun_items,828,True,glm_rerun_20260912,latest_registered_three_strategy_rerun
glm-5.3,poolact,tuning,cost_tight,naive,gap0_bon,task,hpobench:nasbench101:C,rerun_items,831,True,glm_rerun_20260912,latest_registered_three_strategy_rerun
glm-5.3,poolact,tuning,cost_tight,naive,gap0_mi,task,hpobench:nasbench101:C,rerun_items,834,True,glm_rerun_20260912,latest_registered_three_strategy_rerun
glm-5.3,poolact,tuning,cost_tight,naive,gap_bon,task,hpobench:nasbench101:C,rerun_items,837,True,glm_rerun_20260912,latest_registered_three_strategy_rerun
glm-5.3,poolact,tuning,cost_tight,naive,gap_mi,task,hpobench:nasbench101:C,rerun_items,840,True,glm_rerun_20260912,latest_registered_three_strategy_rerun
glm-5.3,poolact,tuning,cost_tight,naive,raw_perf_bon,task,hpobench:nasbench101:C,rerun_items,843,True,glm_rerun_20260912,latest_registered_three_strategy_rerun
glm-5.3,poolact,tuning,cost_tight,naive,raw_perf_mi,task,hpobench:nasbench101:C,rerun_items,846,True,glm_rerun_20260912,latest_registered_three_strategy_rerun
glm-5.3,poolact,tuning,cost_tight,poolact,gap0_bon,task,hpobench:nasbench101:C,rerun_items,849,True,glm_rerun_20260912,latest_registered_three_strategy_rerun
glm-5.3,poolact,tuning,cost_tight,poolact,gap0_mi,task,hpobench:nasbench101:C,rerun_items,852,True,glm_rerun_20260912,latest_registered_three_strategy_rerun
glm-5.3,poolact,tuning,cost_tight,poolact,gap_bon,task,hpobench:nasbench101:C,rerun_items,855,True,glm_rerun_20260912,latest_registered_three_strategy_rerun
glm-5.3,poolact,tuning,cost_tight,poolact,gap_mi,task,hpobench:nasbench101:C,rerun_items,858,True,glm_rerun_20260912,latest_registered_three_strategy_rerun
glm-5.3,poolact,tuning,cost_tight,poolact,raw_perf_bon,task,hpobench:nasbench101:C,rerun_items,861,True,glm_rerun_20260912,latest_registered_three_strategy_rerun
glm-5.3,poolact,tuning,cost_tight,poolact,raw_perf_mi,task,hpobench:nasbench101:C,rerun_items,864,True,glm_rerun_20260912,latest_registered_three_strategy_rerun
gpt-5.6-sol,expgym,evidence_audit,cost_free,single,evidence_acc,all,all,old_absolute,2381,True,gpt_original,latest_available_not_rerun
gpt-5.6-sol,expgym,evidence_audit,cost_free,single,label_acc,all,all,old_absolute,2382,True,gpt_original,latest_available_not_rerun
gpt-5.6-sol,expgym,evidence_audit,cost_moderate,single,evidence_acc,all,all,old_absolute,2383,True,gpt_original,latest_available_not_rerun
gpt-5.6-sol,expgym,evidence_audit,cost_moderate,single,label_acc,all,all,old_absolute,2384,True,gpt_original,latest_available_not_rerun
gpt-5.6-sol,expgym,evidence_audit,cost_tight,single,evidence_acc,all,all,old_absolute,2385,True,gpt_original,latest_available_not_rerun
gpt-5.6-sol,expgym,evidence_audit,cost_tight,single,label_acc,all,all,old_absolute,2386,True,gpt_original,latest_available_not_rerun
gpt-5.6-sol,expgym,evidence_audit,cost_free,single,evidence_acc,family,evidence_audit,old_absolute,2387,True,gpt_original,latest_available_not_rerun
gpt-5.6-sol,expgym,evidence_audit,cost_free,single,label_acc,family,evidence_audit,old_absolute,2388,True,gpt_original,latest_available_not_rerun
gpt-5.6-sol,expgym,evidence_audit,cost_moderate,single,evidence_acc,family,evidence_audit,old_absolute,2389,True,gpt_original,latest_available_not_rerun
gpt-5.6-sol,expgym,evidence_audit,cost_moderate,single,label_acc,family,evidence_audit,old_absolute,2390,True,gpt_original,latest_available_not_rerun
gpt-5.6-sol,expgym,evidence_audit,cost_tight,single,evidence_acc,family,evidence_audit,old_absolute,2391,True,gpt_original,latest_available_not_rerun
gpt-5.6-sol,expgym,evidence_audit,cost_tight,single,label_acc,family,evidence_audit,old_absolute,2392,True,gpt_original,latest_available_not_rerun
gpt-5.6-sol,expgym,restricted_search,cost_free,single,f1,all,all,old_absolute,2393,True,gpt_original,latest_available_not_rerun
gpt-5.6-sol,expgym,restricted_search,cost_moderate,single,f1,all,all,old_absolute,2394,True,gpt_original,latest_available_not_rerun
gpt-5.6-sol,expgym,restricted_search,cost_tight,single,f1,all,all,old_absolute,2395,True,gpt_original,latest_available_not_rerun
gpt-5.6-sol,expgym,restricted_search,cost_free,single,f1,family,whatis,old_absolute,2396,True,gpt_original,latest_available_not_rerun
gpt-5.6-sol,expgym,restricted_search,cost_moderate,single,f1,family,whatis,old_absolute,2397,True,gpt_original,latest_available_not_rerun
gpt-5.6-sol,expgym,restricted_search,cost_tight,single,f1,family,whatis,old_absolute,2398,True,gpt_original,latest_available_not_rerun
gpt-5.6-sol,expgym,restricted_search,cost_free,single,f1,family,whois,old_absolute,2399,True,gpt_original,latest_available_not_rerun
gpt-5.6-sol,expgym,restricted_search,cost_moderate,single,f1,family,whois,old_absolute,2400,True,gpt_original,latest_available_not_rerun
gpt-5.6-sol,expgym,restricted_search,cost_tight,single,f1,family,whois,old_absolute,2401,True,gpt_original,latest_available_not_rerun
gpt-5.6-sol,expgym,tuning,cost_free,single,gap,all,all,old_absolute,2402,True,gpt_original,latest_available_not_rerun
gpt-5.6-sol,expgym,tuning,cost_free,single,gap0,all,all,old_gap0,97,True,gpt_original,latest_available_not_rerun
gpt-5.6-sol,expgym,tuning,cost_free,single,raw_perf,all,all,old_absolute,2403,True,gpt_original,latest_available_not_rerun
gpt-5.6-sol,expgym,tuning,cost_moderate,single,gap,all,all,old_absolute,2404,True,gpt_original,latest_available_not_rerun
gpt-5.6-sol,expgym,tuning,cost_moderate,single,gap0,all,all,old_gap0,98,True,gpt_original,latest_available_not_rerun
gpt-5.6-sol,expgym,tuning,cost_moderate,single,raw_perf,all,all,old_absolute,2405,True,gpt_original,latest_available_not_rerun
gpt-5.6-sol,expgym,tuning,cost_tight,single,gap,all,all,old_absolute,2406,True,gpt_original,latest_available_not_rerun
gpt-5.6-sol,expgym,tuning,cost_tight,single,gap0,all,all,old_gap0,99,True,gpt_original,latest_available_not_rerun
gpt-5.6-sol,expgym,tuning,cost_tight,single,raw_perf,all,all,old_absolute,2407,True,gpt_original,latest_available_not_rerun
gpt-5.6-sol,expgym,tuning,cost_free,single,gap,family,nasbench101,old_absolute,2408,True,gpt_original,latest_available_not_rerun
gpt-5.6-sol,expgym,tuning,cost_free,single,gap0,family,nasbench101,old_gap0,100,True,gpt_original,latest_available_not_rerun
gpt-5.6-sol,expgym,tuning,cost_free,single,raw_perf,family,nasbench101,old_absolute,2409,True,gpt_original,latest_available_not_rerun
gpt-5.6-sol,expgym,tuning,cost_moderate,single,gap,family,nasbench101,old_absolute,2410,True,gpt_original,latest_available_not_rerun
gpt-5.6-sol,expgym,tuning,cost_moderate,single,gap0,family,nasbench101,old_gap0,101,True,gpt_original,latest_available_not_rerun
gpt-5.6-sol,expgym,tuning,cost_moderate,single,raw_perf,family,nasbench101,old_absolute,2411,True,gpt_original,latest_available_not_rerun
gpt-5.6-sol,expgym,tuning,cost_tight,single,gap,family,nasbench101,old_absolute,2412,True,gpt_original,latest_available_not_rerun
gpt-5.6-sol,expgym,tuning,cost_tight,single,gap0,family,nasbench101,old_gap0,102,True,gpt_original,latest_available_not_rerun
gpt-5.6-sol,expgym,tuning,cost_tight,single,raw_perf,family,nasbench101,old_absolute,2413,True,gpt_original,latest_available_not_rerun
gpt-5.6-sol,expgym,tuning,cost_free,single,gap,family,nasbench201,old_absolute,2414,True,gpt_original,latest_available_not_rerun
gpt-5.6-sol,expgym,tuning,cost_free,single,gap0,family,nasbench201,old_gap0,103,True,gpt_original,latest_available_not_rerun
gpt-5.6-sol,expgym,tuning,cost_free,single,raw_perf,family,nasbench201,old_absolute,2415,True,gpt_original,latest_available_not_rerun
gpt-5.6-sol,expgym,tuning,cost_moderate,single,gap,family,nasbench201,old_absolute,2416,True,gpt_original,latest_available_not_rerun
gpt-5.6-sol,expgym,tuning,cost_moderate,single,gap0,family,nasbench201,old_gap0,104,True,gpt_original,latest_available_not_rerun
gpt-5.6-sol,expgym,tuning,cost_moderate,single,raw_perf,family,nasbench201,old_absolute,2417,True,gpt_original,latest_available_not_rerun
gpt-5.6-sol,expgym,tuning,cost_tight,single,gap,family,nasbench201,old_absolute,2418,True,gpt_original,latest_available_not_rerun
gpt-5.6-sol,expgym,tuning,cost_tight,single,gap0,family,nasbench201,old_gap0,105,True,gpt_original,latest_available_not_rerun
gpt-5.6-sol,expgym,tuning,cost_tight,single,raw_perf,family,nasbench201,old_absolute,2419,True,gpt_original,latest_available_not_rerun
gpt-5.6-sol,expgym,tuning,cost_free,single,gap,family,paramnet,old_absolute,2420,True,gpt_original,latest_available_not_rerun
gpt-5.6-sol,expgym,tuning,cost_free,single,gap0,family,paramnet,old_gap0,106,True,gpt_original,latest_available_not_rerun
gpt-5.6-sol,expgym,tuning,cost_free,single,raw_perf,family,paramnet,old_absolute,2421,True,gpt_original,latest_available_not_rerun
gpt-5.6-sol,expgym,tuning,cost_moderate,single,gap,family,paramnet,old_absolute,2422,True,gpt_original,latest_available_not_rerun
gpt-5.6-sol,expgym,tuning,cost_moderate,single,gap0,family,paramnet,old_gap0,107,True,gpt_original,latest_available_not_rerun
gpt-5.6-sol,expgym,tuning,cost_moderate,single,raw_perf,family,paramnet,old_absolute,2423,True,gpt_original,latest_available_not_rerun
gpt-5.6-sol,expgym,tuning,cost_tight,single,gap,family,paramnet,old_absolute,2424,True,gpt_original,latest_available_not_rerun
gpt-5.6-sol,expgym,tuning,cost_tight,single,gap0,family,paramnet,old_gap0,108,True,gpt_original,latest_available_not_rerun
gpt-5.6-sol,expgym,tuning,cost_tight,single,raw_perf,family,paramnet,old_absolute,2425,True,gpt_original,latest_available_not_rerun
gpt-5.6-sol,expgym,tuning,cost_free,single,gap,task,hpobench:nasbench101:A,old_absolute,2426,True,gpt_original,latest_available_not_rerun
gpt-5.6-sol,expgym,tuning,cost_free,single,raw_perf,task,hpobench:nasbench101:A,old_absolute,2427,True,gpt_original,latest_available_not_rerun
gpt-5.6-sol,expgym,tuning,cost_moderate,single,gap,task,hpobench:nasbench101:A,old_absolute,2428,True,gpt_original,latest_available_not_rerun
gpt-5.6-sol,expgym,tuning,cost_moderate,single,raw_perf,task,hpobench:nasbench101:A,old_absolute,2429,True,gpt_original,latest_available_not_rerun
gpt-5.6-sol,expgym,tuning,cost_tight,single,gap,task,hpobench:nasbench101:A,old_absolute,2430,True,gpt_original,latest_available_not_rerun
gpt-5.6-sol,expgym,tuning,cost_tight,single,raw_perf,task,hpobench:nasbench101:A,old_absolute,2431,True,gpt_original,latest_available_not_rerun
gpt-5.6-sol,expgym,tuning,cost_free,single,gap,task,hpobench:nasbench101:B,old_absolute,2432,True,gpt_original,latest_available_not_rerun
gpt-5.6-sol,expgym,tuning,cost_free,single,raw_perf,task,hpobench:nasbench101:B,old_absolute,2433,True,gpt_original,latest_available_not_rerun
gpt-5.6-sol,expgym,tuning,cost_moderate,single,gap,task,hpobench:nasbench101:B,old_absolute,2434,True,gpt_original,latest_available_not_rerun
gpt-5.6-sol,expgym,tuning,cost_moderate,single,raw_perf,task,hpobench:nasbench101:B,old_absolute,2435,True,gpt_original,latest_available_not_rerun
gpt-5.6-sol,expgym,tuning,cost_tight,single,gap,task,hpobench:nasbench101:B,old_absolute,2436,True,gpt_original,latest_available_not_rerun
gpt-5.6-sol,expgym,tuning,cost_tight,single,raw_perf,task,hpobench:nasbench101:B,old_absolute,2437,True,gpt_original,latest_available_not_rerun
gpt-5.6-sol,expgym,tuning,cost_free,single,gap,task,hpobench:nasbench101:C,old_absolute,2438,True,gpt_original,latest_available_not_rerun
gpt-5.6-sol,expgym,tuning,cost_free,single,raw_perf,task,hpobench:nasbench101:C,old_absolute,2439,True,gpt_original,latest_available_not_rerun
gpt-5.6-sol,expgym,tuning,cost_moderate,single,gap,task,hpobench:nasbench101:C,old_absolute,2440,True,gpt_original,latest_available_not_rerun
gpt-5.6-sol,expgym,tuning,cost_moderate,single,raw_perf,task,hpobench:nasbench101:C,old_absolute,2441,True,gpt_original,latest_available_not_rerun
gpt-5.6-sol,expgym,tuning,cost_tight,single,gap,task,hpobench:nasbench101:C,old_absolute,2442,True,gpt_original,latest_available_not_rerun
gpt-5.6-sol,expgym,tuning,cost_tight,single,raw_perf,task,hpobench:nasbench101:C,old_absolute,2443,True,gpt_original,latest_available_not_rerun
gpt-5.6-sol,expgym,tuning,cost_free,single,gap,task,hpobench:nasbench201:cifar10-valid,old_absolute,2444,True,gpt_original,latest_available_not_rerun
gpt-5.6-sol,expgym,tuning,cost_free,single,raw_perf,task,hpobench:nasbench201:cifar10-valid,old_absolute,2445,True,gpt_original,latest_available_not_rerun
gpt-5.6-sol,expgym,tuning,cost_moderate,single,gap,task,hpobench:nasbench201:cifar10-valid,old_absolute,2446,True,gpt_original,latest_available_not_rerun
gpt-5.6-sol,expgym,tuning,cost_moderate,single,raw_perf,task,hpobench:nasbench201:cifar10-valid,old_absolute,2447,True,gpt_original,latest_available_not_rerun
gpt-5.6-sol,expgym,tuning,cost_tight,single,gap,task,hpobench:nasbench201:cifar10-valid,old_absolute,2448,True,gpt_original,latest_available_not_rerun
gpt-5.6-sol,expgym,tuning,cost_tight,single,raw_perf,task,hpobench:nasbench201:cifar10-valid,old_absolute,2449,True,gpt_original,latest_available_not_rerun
gpt-5.6-sol,expgym,tuning,cost_free,single,gap,task,hpobench:nasbench201:cifar100,old_absolute,2450,True,gpt_original,latest_available_not_rerun
gpt-5.6-sol,expgym,tuning,cost_free,single,raw_perf,task,hpobench:nasbench201:cifar100,old_absolute,2451,True,gpt_original,latest_available_not_rerun
gpt-5.6-sol,expgym,tuning,cost_moderate,single,gap,task,hpobench:nasbench201:cifar100,old_absolute,2452,True,gpt_original,latest_available_not_rerun
gpt-5.6-sol,expgym,tuning,cost_moderate,single,raw_perf,task,hpobench:nasbench201:cifar100,old_absolute,2453,True,gpt_original,latest_available_not_rerun
gpt-5.6-sol,expgym,tuning,cost_tight,single,gap,task,hpobench:nasbench201:cifar100,old_absolute,2454,True,gpt_original,latest_available_not_rerun
gpt-5.6-sol,expgym,tuning,cost_tight,single,raw_perf,task,hpobench:nasbench201:cifar100,old_absolute,2455,True,gpt_original,latest_available_not_rerun
gpt-5.6-sol,expgym,tuning,cost_free,single,gap,task,hpobench:nasbench201:imagenet16-120,old_absolute,2456,True,gpt_original,latest_available_not_rerun
gpt-5.6-sol,expgym,tuning,cost_free,single,raw_perf,task,hpobench:nasbench201:imagenet16-120,old_absolute,2457,True,gpt_original,latest_available_not_rerun
gpt-5.6-sol,expgym,tuning,cost_moderate,single,gap,task,hpobench:nasbench201:imagenet16-120,old_absolute,2458,True,gpt_original,latest_available_not_rerun
gpt-5.6-sol,expgym,tuning,cost_moderate,single,raw_perf,task,hpobench:nasbench201:imagenet16-120,old_absolute,2459,True,gpt_original,latest_available_not_rerun
gpt-5.6-sol,expgym,tuning,cost_tight,single,gap,task,hpobench:nasbench201:imagenet16-120,old_absolute,2460,True,gpt_original,latest_available_not_rerun
gpt-5.6-sol,expgym,tuning,cost_tight,single,raw_perf,task,hpobench:nasbench201:imagenet16-120,old_absolute,2461,True,gpt_original,latest_available_not_rerun
gpt-5.6-sol,expgym,tuning,cost_free,single,gap,task,hpobench:paramnet:adult:steps,old_absolute,2462,True,gpt_original,latest_available_not_rerun
gpt-5.6-sol,expgym,tuning,cost_free,single,raw_perf,task,hpobench:paramnet:adult:steps,old_absolute,2463,True,gpt_original,latest_available_not_rerun
gpt-5.6-sol,expgym,tuning,cost_moderate,single,gap,task,hpobench:paramnet:adult:steps,old_absolute,2464,True,gpt_original,latest_available_not_rerun
gpt-5.6-sol,expgym,tuning,cost_moderate,single,raw_perf,task,hpobench:paramnet:adult:steps,old_absolute,2465,True,gpt_original,latest_available_not_rerun
gpt-5.6-sol,expgym,tuning,cost_tight,single,gap,task,hpobench:paramnet:adult:steps,old_absolute,2466,True,gpt_original,latest_available_not_rerun
gpt-5.6-sol,expgym,tuning,cost_tight,single,raw_perf,task,hpobench:paramnet:adult:steps,old_absolute,2467,True,gpt_original,latest_available_not_rerun
gpt-5.6-sol,expgym,tuning,cost_free,single,gap,task,hpobench:paramnet:higgs:steps,old_absolute,2468,True,gpt_original,latest_available_not_rerun
gpt-5.6-sol,expgym,tuning,cost_free,single,raw_perf,task,hpobench:paramnet:higgs:steps,old_absolute,2469,True,gpt_original,latest_available_not_rerun
gpt-5.6-sol,expgym,tuning,cost_moderate,single,gap,task,hpobench:paramnet:higgs:steps,old_absolute,2470,True,gpt_original,latest_available_not_rerun
gpt-5.6-sol,expgym,tuning,cost_moderate,single,raw_perf,task,hpobench:paramnet:higgs:steps,old_absolute,2471,True,gpt_original,latest_available_not_rerun
gpt-5.6-sol,expgym,tuning,cost_tight,single,gap,task,hpobench:paramnet:higgs:steps,old_absolute,2472,True,gpt_original,latest_available_not_rerun
gpt-5.6-sol,expgym,tuning,cost_tight,single,raw_perf,task,hpobench:paramnet:higgs:steps,old_absolute,2473,True,gpt_original,latest_available_not_rerun
gpt-5.6-sol,expgym,tuning,cost_free,single,gap,task,hpobench:paramnet:letter:steps,old_absolute,2474,True,gpt_original,latest_available_not_rerun
gpt-5.6-sol,expgym,tuning,cost_free,single,raw_perf,task,hpobench:paramnet:letter:steps,old_absolute,2475,True,gpt_original,latest_available_not_rerun
gpt-5.6-sol,expgym,tuning,cost_moderate,single,gap,task,hpobench:paramnet:letter:steps,old_absolute,2476,True,gpt_original,latest_available_not_rerun
gpt-5.6-sol,expgym,tuning,cost_moderate,single,raw_perf,task,hpobench:paramnet:letter:steps,old_absolute,2477,True,gpt_original,latest_available_not_rerun
gpt-5.6-sol,expgym,tuning,cost_tight,single,gap,task,hpobench:paramnet:letter:steps,old_absolute,2478,True,gpt_original,latest_available_not_rerun
gpt-5.6-sol,expgym,tuning,cost_tight,single,raw_perf,task,hpobench:paramnet:letter:steps,old_absolute,2479,True,gpt_original,latest_available_not_rerun
gpt-5.6-sol,poolact,evidence_audit,cost_moderate,cached,evidence_acc_mi,all,all,old_absolute,2480,True,gpt_original,latest_available_not_rerun
gpt-5.6-sol,poolact,evidence_audit,cost_moderate,cached,evidence_acc_mv,all,all,old_absolute,2481,True,gpt_original,latest_available_not_rerun
gpt-5.6-sol,poolact,evidence_audit,cost_moderate,cached,label_acc_mi,all,all,old_absolute,2482,True,gpt_original,latest_available_not_rerun
gpt-5.6-sol,poolact,evidence_audit,cost_moderate,cached,label_acc_mv,all,all,old_absolute,2483,True,gpt_original,latest_available_not_rerun
gpt-5.6-sol,poolact,evidence_audit,cost_moderate,naive,evidence_acc_mi,all,all,old_absolute,2484,True,gpt_original,latest_available_not_rerun
gpt-5.6-sol,poolact,evidence_audit,cost_moderate,naive,evidence_acc_mv,all,all,old_absolute,2485,True,gpt_original,latest_available_not_rerun
gpt-5.6-sol,poolact,evidence_audit,cost_moderate,naive,label_acc_mi,all,all,old_absolute,2486,True,gpt_original,latest_available_not_rerun
gpt-5.6-sol,poolact,evidence_audit,cost_moderate,naive,label_acc_mv,all,all,old_absolute,2487,True,gpt_original,latest_available_not_rerun
gpt-5.6-sol,poolact,evidence_audit,cost_moderate,poolact,evidence_acc_mi,all,all,old_absolute,2488,True,gpt_original,latest_available_not_rerun
gpt-5.6-sol,poolact,evidence_audit,cost_moderate,poolact,evidence_acc_mv,all,all,old_absolute,2489,True,gpt_original,latest_available_not_rerun
gpt-5.6-sol,poolact,evidence_audit,cost_moderate,poolact,label_acc_mi,all,all,old_absolute,2490,True,gpt_original,latest_available_not_rerun
gpt-5.6-sol,poolact,evidence_audit,cost_moderate,poolact,label_acc_mv,all,all,old_absolute,2491,True,gpt_original,latest_available_not_rerun
gpt-5.6-sol,poolact,evidence_audit,cost_tight,cached,evidence_acc_mi,all,all,old_absolute,2492,True,gpt_original,latest_available_not_rerun
gpt-5.6-sol,poolact,evidence_audit,cost_tight,cached,evidence_acc_mv,all,all,old_absolute,2493,True,gpt_original,latest_available_not_rerun
gpt-5.6-sol,poolact,evidence_audit,cost_tight,cached,label_acc_mi,all,all,old_absolute,2494,True,gpt_original,latest_available_not_rerun
gpt-5.6-sol,poolact,evidence_audit,cost_tight,cached,label_acc_mv,all,all,old_absolute,2495,True,gpt_original,latest_available_not_rerun
gpt-5.6-sol,poolact,evidence_audit,cost_tight,naive,evidence_acc_mi,all,all,old_absolute,2496,True,gpt_original,latest_available_not_rerun
gpt-5.6-sol,poolact,evidence_audit,cost_tight,naive,evidence_acc_mv,all,all,old_absolute,2497,True,gpt_original,latest_available_not_rerun
gpt-5.6-sol,poolact,evidence_audit,cost_tight,naive,label_acc_mi,all,all,old_absolute,2498,True,gpt_original,latest_available_not_rerun
gpt-5.6-sol,poolact,evidence_audit,cost_tight,naive,label_acc_mv,all,all,old_absolute,2499,True,gpt_original,latest_available_not_rerun
gpt-5.6-sol,poolact,evidence_audit,cost_tight,poolact,evidence_acc_mi,all,all,old_absolute,2500,True,gpt_original,latest_available_not_rerun
gpt-5.6-sol,poolact,evidence_audit,cost_tight,poolact,evidence_acc_mv,all,all,old_absolute,2501,True,gpt_original,latest_available_not_rerun
gpt-5.6-sol,poolact,evidence_audit,cost_tight,poolact,label_acc_mi,all,all,old_absolute,2502,True,gpt_original,latest_available_not_rerun
gpt-5.6-sol,poolact,evidence_audit,cost_tight,poolact,label_acc_mv,all,all,old_absolute,2503,True,gpt_original,latest_available_not_rerun
gpt-5.6-sol,poolact,evidence_audit,cost_moderate,cached,evidence_acc_mi,family,evidence_audit,old_absolute,2504,True,gpt_original,latest_available_not_rerun
gpt-5.6-sol,poolact,evidence_audit,cost_moderate,cached,evidence_acc_mv,family,evidence_audit,old_absolute,2505,True,gpt_original,latest_available_not_rerun
gpt-5.6-sol,poolact,evidence_audit,cost_moderate,cached,label_acc_mi,family,evidence_audit,old_absolute,2506,True,gpt_original,latest_available_not_rerun
gpt-5.6-sol,poolact,evidence_audit,cost_moderate,cached,label_acc_mv,family,evidence_audit,old_absolute,2507,True,gpt_original,latest_available_not_rerun
gpt-5.6-sol,poolact,evidence_audit,cost_moderate,naive,evidence_acc_mi,family,evidence_audit,old_absolute,2508,True,gpt_original,latest_available_not_rerun
gpt-5.6-sol,poolact,evidence_audit,cost_moderate,naive,evidence_acc_mv,family,evidence_audit,old_absolute,2509,True,gpt_original,latest_available_not_rerun
gpt-5.6-sol,poolact,evidence_audit,cost_moderate,naive,label_acc_mi,family,evidence_audit,old_absolute,2510,True,gpt_original,latest_available_not_rerun
gpt-5.6-sol,poolact,evidence_audit,cost_moderate,naive,label_acc_mv,family,evidence_audit,old_absolute,2511,True,gpt_original,latest_available_not_rerun
gpt-5.6-sol,poolact,evidence_audit,cost_moderate,poolact,evidence_acc_mi,family,evidence_audit,old_absolute,2512,True,gpt_original,latest_available_not_rerun
gpt-5.6-sol,poolact,evidence_audit,cost_moderate,poolact,evidence_acc_mv,family,evidence_audit,old_absolute,2513,True,gpt_original,latest_available_not_rerun
gpt-5.6-sol,poolact,evidence_audit,cost_moderate,poolact,label_acc_mi,family,evidence_audit,old_absolute,2514,True,gpt_original,latest_available_not_rerun
gpt-5.6-sol,poolact,evidence_audit,cost_moderate,poolact,label_acc_mv,family,evidence_audit,old_absolute,2515,True,gpt_original,latest_available_not_rerun
gpt-5.6-sol,poolact,evidence_audit,cost_tight,cached,evidence_acc_mi,family,evidence_audit,old_absolute,2516,True,gpt_original,latest_available_not_rerun
gpt-5.6-sol,poolact,evidence_audit,cost_tight,cached,evidence_acc_mv,family,evidence_audit,old_absolute,2517,True,gpt_original,latest_available_not_rerun
gpt-5.6-sol,poolact,evidence_audit,cost_tight,cached,label_acc_mi,family,evidence_audit,old_absolute,2518,True,gpt_original,latest_available_not_rerun
gpt-5.6-sol,poolact,evidence_audit,cost_tight,cached,label_acc_mv,family,evidence_audit,old_absolute,2519,True,gpt_original,latest_available_not_rerun
gpt-5.6-sol,poolact,evidence_audit,cost_tight,naive,evidence_acc_mi,family,evidence_audit,old_absolute,2520,True,gpt_original,latest_available_not_rerun
gpt-5.6-sol,poolact,evidence_audit,cost_tight,naive,evidence_acc_mv,family,evidence_audit,old_absolute,2521,True,gpt_original,latest_available_not_rerun
gpt-5.6-sol,poolact,evidence_audit,cost_tight,naive,label_acc_mi,family,evidence_audit,old_absolute,2522,True,gpt_original,latest_available_not_rerun
gpt-5.6-sol,poolact,evidence_audit,cost_tight,naive,label_acc_mv,family,evidence_audit,old_absolute,2523,True,gpt_original,latest_available_not_rerun
gpt-5.6-sol,poolact,evidence_audit,cost_tight,poolact,evidence_acc_mi,family,evidence_audit,old_absolute,2524,True,gpt_original,latest_available_not_rerun
gpt-5.6-sol,poolact,evidence_audit,cost_tight,poolact,evidence_acc_mv,family,evidence_audit,old_absolute,2525,True,gpt_original,latest_available_not_rerun
gpt-5.6-sol,poolact,evidence_audit,cost_tight,poolact,label_acc_mi,family,evidence_audit,old_absolute,2526,True,gpt_original,latest_available_not_rerun
gpt-5.6-sol,poolact,evidence_audit,cost_tight,poolact,label_acc_mv,family,evidence_audit,old_absolute,2527,True,gpt_original,latest_available_not_rerun
gpt-5.6-sol,poolact,restricted_search,cost_moderate,cached,f1_mi,all,all,old_absolute,2528,True,gpt_original,latest_available_not_rerun
gpt-5.6-sol,poolact,restricted_search,cost_moderate,cached,f1_mv,all,all,old_absolute,2529,True,gpt_original,latest_available_not_rerun
gpt-5.6-sol,poolact,restricted_search,cost_moderate,naive,f1_mi,all,all,old_absolute,2530,True,gpt_original,latest_available_not_rerun
gpt-5.6-sol,poolact,restricted_search,cost_moderate,naive,f1_mv,all,all,old_absolute,2531,True,gpt_original,latest_available_not_rerun
gpt-5.6-sol,poolact,restricted_search,cost_moderate,poolact,f1_mi,all,all,old_absolute,2532,True,gpt_original,latest_available_not_rerun
gpt-5.6-sol,poolact,restricted_search,cost_moderate,poolact,f1_mv,all,all,old_absolute,2533,True,gpt_original,latest_available_not_rerun
gpt-5.6-sol,poolact,restricted_search,cost_tight,cached,f1_mi,all,all,old_absolute,2534,True,gpt_original,latest_available_not_rerun
gpt-5.6-sol,poolact,restricted_search,cost_tight,cached,f1_mv,all,all,old_absolute,2535,True,gpt_original,latest_available_not_rerun
gpt-5.6-sol,poolact,restricted_search,cost_tight,naive,f1_mi,all,all,old_absolute,2536,True,gpt_original,latest_available_not_rerun
gpt-5.6-sol,poolact,restricted_search,cost_tight,naive,f1_mv,all,all,old_absolute,2537,True,gpt_original,latest_available_not_rerun
gpt-5.6-sol,poolact,restricted_search,cost_tight,poolact,f1_mi,all,all,old_absolute,2538,True,gpt_original,latest_available_not_rerun
gpt-5.6-sol,poolact,restricted_search,cost_tight,poolact,f1_mv,all,all,old_absolute,2539,True,gpt_original,latest_available_not_rerun
gpt-5.6-sol,poolact,restricted_search,cost_moderate,cached,f1_mi,family,whois,old_absolute,2540,True,gpt_original,latest_available_not_rerun
gpt-5.6-sol,poolact,restricted_search,cost_moderate,cached,f1_mv,family,whois,old_absolute,2541,True,gpt_original,latest_available_not_rerun
gpt-5.6-sol,poolact,restricted_search,cost_moderate,naive,f1_mi,family,whois,old_absolute,2542,True,gpt_original,latest_available_not_rerun
gpt-5.6-sol,poolact,restricted_search,cost_moderate,naive,f1_mv,family,whois,old_absolute,2543,True,gpt_original,latest_available_not_rerun
gpt-5.6-sol,poolact,restricted_search,cost_moderate,poolact,f1_mi,family,whois,old_absolute,2544,True,gpt_original,latest_available_not_rerun
gpt-5.6-sol,poolact,restricted_search,cost_moderate,poolact,f1_mv,family,whois,old_absolute,2545,True,gpt_original,latest_available_not_rerun
gpt-5.6-sol,poolact,restricted_search,cost_tight,cached,f1_mi,family,whois,old_absolute,2546,True,gpt_original,latest_available_not_rerun
gpt-5.6-sol,poolact,restricted_search,cost_tight,cached,f1_mv,family,whois,old_absolute,2547,True,gpt_original,latest_available_not_rerun
gpt-5.6-sol,poolact,restricted_search,cost_tight,naive,f1_mi,family,whois,old_absolute,2548,True,gpt_original,latest_available_not_rerun
gpt-5.6-sol,poolact,restricted_search,cost_tight,naive,f1_mv,family,whois,old_absolute,2549,True,gpt_original,latest_available_not_rerun
gpt-5.6-sol,poolact,restricted_search,cost_tight,poolact,f1_mi,family,whois,old_absolute,2550,True,gpt_original,latest_available_not_rerun
gpt-5.6-sol,poolact,restricted_search,cost_tight,poolact,f1_mv,family,whois,old_absolute,2551,True,gpt_original,latest_available_not_rerun
gpt-5.6-sol,poolact,tuning,cost_moderate,cached,gap0_bon,all,all,rerun_aggregate,97,True,gpt_rerun_20260912,latest_registered_three_strategy_rerun
gpt-5.6-sol,poolact,tuning,cost_moderate,cached,gap0_mi,all,all,rerun_aggregate,98,True,gpt_rerun_20260912,latest_registered_three_strategy_rerun
gpt-5.6-sol,poolact,tuning,cost_moderate,cached,gap_bon,all,all,rerun_aggregate,99,True,gpt_rerun_20260912,latest_registered_three_strategy_rerun
gpt-5.6-sol,poolact,tuning,cost_moderate,cached,gap_mi,all,all,rerun_aggregate,100,True,gpt_rerun_20260912,latest_registered_three_strategy_rerun
gpt-5.6-sol,poolact,tuning,cost_moderate,cached,raw_perf_bon,all,all,rerun_aggregate,101,True,gpt_rerun_20260912,latest_registered_three_strategy_rerun
gpt-5.6-sol,poolact,tuning,cost_moderate,cached,raw_perf_mi,all,all,rerun_aggregate,102,True,gpt_rerun_20260912,latest_registered_three_strategy_rerun
gpt-5.6-sol,poolact,tuning,cost_moderate,naive,gap0_bon,all,all,rerun_aggregate,103,True,gpt_rerun_20260912,latest_registered_three_strategy_rerun
gpt-5.6-sol,poolact,tuning,cost_moderate,naive,gap0_mi,all,all,rerun_aggregate,104,True,gpt_rerun_20260912,latest_registered_three_strategy_rerun
gpt-5.6-sol,poolact,tuning,cost_moderate,naive,gap_bon,all,all,rerun_aggregate,105,True,gpt_rerun_20260912,latest_registered_three_strategy_rerun
gpt-5.6-sol,poolact,tuning,cost_moderate,naive,gap_mi,all,all,rerun_aggregate,106,True,gpt_rerun_20260912,latest_registered_three_strategy_rerun
gpt-5.6-sol,poolact,tuning,cost_moderate,naive,raw_perf_bon,all,all,rerun_aggregate,107,True,gpt_rerun_20260912,latest_registered_three_strategy_rerun
gpt-5.6-sol,poolact,tuning,cost_moderate,naive,raw_perf_mi,all,all,rerun_aggregate,108,True,gpt_rerun_20260912,latest_registered_three_strategy_rerun
gpt-5.6-sol,poolact,tuning,cost_moderate,poolact,gap0_bon,all,all,rerun_aggregate,109,True,gpt_rerun_20260912,latest_registered_three_strategy_rerun
gpt-5.6-sol,poolact,tuning,cost_moderate,poolact,gap0_mi,all,all,rerun_aggregate,110,True,gpt_rerun_20260912,latest_registered_three_strategy_rerun
gpt-5.6-sol,poolact,tuning,cost_moderate,poolact,gap_bon,all,all,rerun_aggregate,111,True,gpt_rerun_20260912,latest_registered_three_strategy_rerun
gpt-5.6-sol,poolact,tuning,cost_moderate,poolact,gap_mi,all,all,rerun_aggregate,112,True,gpt_rerun_20260912,latest_registered_three_strategy_rerun
gpt-5.6-sol,poolact,tuning,cost_moderate,poolact,raw_perf_bon,all,all,rerun_aggregate,113,True,gpt_rerun_20260912,latest_registered_three_strategy_rerun
gpt-5.6-sol,poolact,tuning,cost_moderate,poolact,raw_perf_mi,all,all,rerun_aggregate,114,True,gpt_rerun_20260912,latest_registered_three_strategy_rerun
gpt-5.6-sol,poolact,tuning,cost_tight,cached,gap0_bon,all,all,old_gap0,115,True,gpt_original,latest_available_not_rerun
gpt-5.6-sol,poolact,tuning,cost_tight,cached,gap0_mi,all,all,old_gap0,116,True,gpt_original,latest_available_not_rerun
gpt-5.6-sol,poolact,tuning,cost_tight,cached,gap_bon,all,all,old_absolute,2564,True,gpt_original,latest_available_not_rerun
gpt-5.6-sol,poolact,tuning,cost_tight,cached,gap_mi,all,all,old_absolute,2565,True,gpt_original,latest_available_not_rerun
gpt-5.6-sol,poolact,tuning,cost_tight,cached,raw_perf_bon,all,all,old_absolute,2566,True,gpt_original,latest_available_not_rerun
gpt-5.6-sol,poolact,tuning,cost_tight,cached,raw_perf_mi,all,all,old_absolute,2567,True,gpt_original,latest_available_not_rerun
gpt-5.6-sol,poolact,tuning,cost_tight,naive,gap0_bon,all,all,old_gap0,117,True,gpt_original,latest_available_not_rerun
gpt-5.6-sol,poolact,tuning,cost_tight,naive,gap0_mi,all,all,old_gap0,118,True,gpt_original,latest_available_not_rerun
gpt-5.6-sol,poolact,tuning,cost_tight,naive,gap_bon,all,all,old_absolute,2568,True,gpt_original,latest_available_not_rerun
gpt-5.6-sol,poolact,tuning,cost_tight,naive,gap_mi,all,all,old_absolute,2569,True,gpt_original,latest_available_not_rerun
gpt-5.6-sol,poolact,tuning,cost_tight,naive,raw_perf_bon,all,all,old_absolute,2570,True,gpt_original,latest_available_not_rerun
gpt-5.6-sol,poolact,tuning,cost_tight,naive,raw_perf_mi,all,all,old_absolute,2571,True,gpt_original,latest_available_not_rerun
gpt-5.6-sol,poolact,tuning,cost_tight,poolact,gap0_bon,all,all,old_gap0,119,True,gpt_original,latest_available_not_rerun
gpt-5.6-sol,poolact,tuning,cost_tight,poolact,gap0_mi,all,all,old_gap0,120,True,gpt_original,latest_available_not_rerun
gpt-5.6-sol,poolact,tuning,cost_tight,poolact,gap_bon,all,all,old_absolute,2572,True,gpt_original,latest_available_not_rerun
gpt-5.6-sol,poolact,tuning,cost_tight,poolact,gap_mi,all,all,old_absolute,2573,True,gpt_original,latest_available_not_rerun
gpt-5.6-sol,poolact,tuning,cost_tight,poolact,raw_perf_bon,all,all,old_absolute,2574,True,gpt_original,latest_available_not_rerun
gpt-5.6-sol,poolact,tuning,cost_tight,poolact,raw_perf_mi,all,all,old_absolute,2575,True,gpt_original,latest_available_not_rerun
gpt-5.6-sol,poolact,tuning,cost_moderate,cached,gap0_bon,family,nasbench101,rerun_aggregate,97,True,gpt_rerun_20260912,latest_registered_three_strategy_rerun
gpt-5.6-sol,poolact,tuning,cost_moderate,cached,gap0_mi,family,nasbench101,rerun_aggregate,98,True,gpt_rerun_20260912,latest_registered_three_strategy_rerun
gpt-5.6-sol,poolact,tuning,cost_moderate,cached,gap_bon,family,nasbench101,rerun_aggregate,99,True,gpt_rerun_20260912,latest_registered_three_strategy_rerun
gpt-5.6-sol,poolact,tuning,cost_moderate,cached,gap_mi,family,nasbench101,rerun_aggregate,100,True,gpt_rerun_20260912,latest_registered_three_strategy_rerun
gpt-5.6-sol,poolact,tuning,cost_moderate,cached,raw_perf_bon,family,nasbench101,rerun_aggregate,101,True,gpt_rerun_20260912,latest_registered_three_strategy_rerun
gpt-5.6-sol,poolact,tuning,cost_moderate,cached,raw_perf_mi,family,nasbench101,rerun_aggregate,102,True,gpt_rerun_20260912,latest_registered_three_strategy_rerun
gpt-5.6-sol,poolact,tuning,cost_moderate,naive,gap0_bon,family,nasbench101,rerun_aggregate,103,True,gpt_rerun_20260912,latest_registered_three_strategy_rerun
gpt-5.6-sol,poolact,tuning,cost_moderate,naive,gap0_mi,family,nasbench101,rerun_aggregate,104,True,gpt_rerun_20260912,latest_registered_three_strategy_rerun
gpt-5.6-sol,poolact,tuning,cost_moderate,naive,gap_bon,family,nasbench101,rerun_aggregate,105,True,gpt_rerun_20260912,latest_registered_three_strategy_rerun
gpt-5.6-sol,poolact,tuning,cost_moderate,naive,gap_mi,family,nasbench101,rerun_aggregate,106,True,gpt_rerun_20260912,latest_registered_three_strategy_rerun
gpt-5.6-sol,poolact,tuning,cost_moderate,naive,raw_perf_bon,family,nasbench101,rerun_aggregate,107,True,gpt_rerun_20260912,latest_registered_three_strategy_rerun
gpt-5.6-sol,poolact,tuning,cost_moderate,naive,raw_perf_mi,family,nasbench101,rerun_aggregate,108,True,gpt_rerun_20260912,latest_registered_three_strategy_rerun
gpt-5.6-sol,poolact,tuning,cost_moderate,poolact,gap0_bon,family,nasbench101,rerun_aggregate,109,True,gpt_rerun_20260912,latest_registered_three_strategy_rerun
gpt-5.6-sol,poolact,tuning,cost_moderate,poolact,gap0_mi,family,nasbench101,rerun_aggregate,110,True,gpt_rerun_20260912,latest_registered_three_strategy_rerun
gpt-5.6-sol,poolact,tuning,cost_moderate,poolact,gap_bon,family,nasbench101,rerun_aggregate,111,True,gpt_rerun_20260912,latest_registered_three_strategy_rerun
gpt-5.6-sol,poolact,tuning,cost_moderate,poolact,gap_mi,family,nasbench101,rerun_aggregate,112,True,gpt_rerun_20260912,latest_registered_three_strategy_rerun
gpt-5.6-sol,poolact,tuning,cost_moderate,poolact,raw_perf_bon,family,nasbench101,rerun_aggregate,113,True,gpt_rerun_20260912,latest_registered_three_strategy_rerun
gpt-5.6-sol,poolact,tuning,cost_moderate,poolact,raw_perf_mi,family,nasbench101,rerun_aggregate,114,True,gpt_rerun_20260912,latest_registered_three_strategy_rerun
gpt-5.6-sol,poolact,tuning,cost_tight,cached,gap0_bon,family,nasbench101,old_gap0,115,True,gpt_original,latest_available_not_rerun; all_equals_NAS101_only_family
gpt-5.6-sol,poolact,tuning,cost_tight,cached,gap0_mi,family,nasbench101,old_gap0,116,True,gpt_original,latest_available_not_rerun; all_equals_NAS101_only_family
gpt-5.6-sol,poolact,tuning,cost_tight,cached,gap_bon,family,nasbench101,old_absolute,2588,True,gpt_original,latest_available_not_rerun
gpt-5.6-sol,poolact,tuning,cost_tight,cached,gap_mi,family,nasbench101,old_absolute,2589,True,gpt_original,latest_available_not_rerun
gpt-5.6-sol,poolact,tuning,cost_tight,cached,raw_perf_bon,family,nasbench101,old_absolute,2590,True,gpt_original,latest_available_not_rerun
gpt-5.6-sol,poolact,tuning,cost_tight,cached,raw_perf_mi,family,nasbench101,old_absolute,2591,True,gpt_original,latest_available_not_rerun
gpt-5.6-sol,poolact,tuning,cost_tight,naive,gap0_bon,family,nasbench101,old_gap0,117,True,gpt_original,latest_available_not_rerun; all_equals_NAS101_only_family
gpt-5.6-sol,poolact,tuning,cost_tight,naive,gap0_mi,family,nasbench101,old_gap0,118,True,gpt_original,latest_available_not_rerun; all_equals_NAS101_only_family
gpt-5.6-sol,poolact,tuning,cost_tight,naive,gap_bon,family,nasbench101,old_absolute,2592,True,gpt_original,latest_available_not_rerun
gpt-5.6-sol,poolact,tuning,cost_tight,naive,gap_mi,family,nasbench101,old_absolute,2593,True,gpt_original,latest_available_not_rerun
gpt-5.6-sol,poolact,tuning,cost_tight,naive,raw_perf_bon,family,nasbench101,old_absolute,2594,True,gpt_original,latest_available_not_rerun
gpt-5.6-sol,poolact,tuning,cost_tight,naive,raw_perf_mi,family,nasbench101,old_absolute,2595,True,gpt_original,latest_available_not_rerun
gpt-5.6-sol,poolact,tuning,cost_tight,poolact,gap0_bon,family,nasbench101,old_gap0,119,True,gpt_original,latest_available_not_rerun; all_equals_NAS101_only_family
gpt-5.6-sol,poolact,tuning,cost_tight,poolact,gap0_mi,family,nasbench101,old_gap0,120,True,gpt_original,latest_available_not_rerun; all_equals_NAS101_only_family
gpt-5.6-sol,poolact,tuning,cost_tight,poolact,gap_bon,family,nasbench101,old_absolute,2596,True,gpt_original,latest_available_not_rerun
gpt-5.6-sol,poolact,tuning,cost_tight,poolact,gap_mi,family,nasbench101,old_absolute,2597,True,gpt_original,latest_available_not_rerun
gpt-5.6-sol,poolact,tuning,cost_tight,poolact,raw_perf_bon,family,nasbench101,old_absolute,2598,True,gpt_original,latest_available_not_rerun
gpt-5.6-sol,poolact,tuning,cost_tight,poolact,raw_perf_mi,family,nasbench101,old_absolute,2599,True,gpt_original,latest_available_not_rerun
gpt-5.6-sol,poolact,tuning,cost_moderate,cached,gap0_bon,task,hpobench:nasbench101:A,rerun_items,865,True,gpt_rerun_20260912,latest_registered_three_strategy_rerun
gpt-5.6-sol,poolact,tuning,cost_moderate,cached,gap0_mi,task,hpobench:nasbench101:A,rerun_items,868,True,gpt_rerun_20260912,latest_registered_three_strategy_rerun
gpt-5.6-sol,poolact,tuning,cost_moderate,cached,gap_bon,task,hpobench:nasbench101:A,rerun_items,871,True,gpt_rerun_20260912,latest_registered_three_strategy_rerun
gpt-5.6-sol,poolact,tuning,cost_moderate,cached,gap_mi,task,hpobench:nasbench101:A,rerun_items,874,True,gpt_rerun_20260912,latest_registered_three_strategy_rerun
gpt-5.6-sol,poolact,tuning,cost_moderate,cached,raw_perf_bon,task,hpobench:nasbench101:A,rerun_items,877,True,gpt_rerun_20260912,latest_registered_three_strategy_rerun
gpt-5.6-sol,poolact,tuning,cost_moderate,cached,raw_perf_mi,task,hpobench:nasbench101:A,rerun_items,880,True,gpt_rerun_20260912,latest_registered_three_strategy_rerun
gpt-5.6-sol,poolact,tuning,cost_moderate,naive,gap0_bon,task,hpobench:nasbench101:A,rerun_items,883,True,gpt_rerun_20260912,latest_registered_three_strategy_rerun
gpt-5.6-sol,poolact,tuning,cost_moderate,naive,gap0_mi,task,hpobench:nasbench101:A,rerun_items,886,True,gpt_rerun_20260912,latest_registered_three_strategy_rerun
gpt-5.6-sol,poolact,tuning,cost_moderate,naive,gap_bon,task,hpobench:nasbench101:A,rerun_items,889,True,gpt_rerun_20260912,latest_registered_three_strategy_rerun
gpt-5.6-sol,poolact,tuning,cost_moderate,naive,gap_mi,task,hpobench:nasbench101:A,rerun_items,892,True,gpt_rerun_20260912,latest_registered_three_strategy_rerun
gpt-5.6-sol,poolact,tuning,cost_moderate,naive,raw_perf_bon,task,hpobench:nasbench101:A,rerun_items,895,True,gpt_rerun_20260912,latest_registered_three_strategy_rerun
gpt-5.6-sol,poolact,tuning,cost_moderate,naive,raw_perf_mi,task,hpobench:nasbench101:A,rerun_items,898,True,gpt_rerun_20260912,latest_registered_three_strategy_rerun
gpt-5.6-sol,poolact,tuning,cost_moderate,poolact,gap0_bon,task,hpobench:nasbench101:A,rerun_items,901,True,gpt_rerun_20260912,latest_registered_three_strategy_rerun
gpt-5.6-sol,poolact,tuning,cost_moderate,poolact,gap0_mi,task,hpobench:nasbench101:A,rerun_items,904,True,gpt_rerun_20260912,latest_registered_three_strategy_rerun
gpt-5.6-sol,poolact,tuning,cost_moderate,poolact,gap_bon,task,hpobench:nasbench101:A,rerun_items,907,True,gpt_rerun_20260912,latest_registered_three_strategy_rerun
gpt-5.6-sol,poolact,tuning,cost_moderate,poolact,gap_mi,task,hpobench:nasbench101:A,rerun_items,910,True,gpt_rerun_20260912,latest_registered_three_strategy_rerun
gpt-5.6-sol,poolact,tuning,cost_moderate,poolact,raw_perf_bon,task,hpobench:nasbench101:A,rerun_items,913,True,gpt_rerun_20260912,latest_registered_three_strategy_rerun
gpt-5.6-sol,poolact,tuning,cost_moderate,poolact,raw_perf_mi,task,hpobench:nasbench101:A,rerun_items,916,True,gpt_rerun_20260912,latest_registered_three_strategy_rerun
gpt-5.6-sol,poolact,tuning,cost_tight,cached,gap_bon,task,hpobench:nasbench101:A,old_absolute,2612,True,gpt_original,latest_available_not_rerun
gpt-5.6-sol,poolact,tuning,cost_tight,cached,gap_mi,task,hpobench:nasbench101:A,old_absolute,2613,True,gpt_original,latest_available_not_rerun
gpt-5.6-sol,poolact,tuning,cost_tight,cached,raw_perf_bon,task,hpobench:nasbench101:A,old_absolute,2614,True,gpt_original,latest_available_not_rerun
gpt-5.6-sol,poolact,tuning,cost_tight,cached,raw_perf_mi,task,hpobench:nasbench101:A,old_absolute,2615,True,gpt_original,latest_available_not_rerun
gpt-5.6-sol,poolact,tuning,cost_tight,naive,gap_bon,task,hpobench:nasbench101:A,old_absolute,2616,True,gpt_original,latest_available_not_rerun
gpt-5.6-sol,poolact,tuning,cost_tight,naive,gap_mi,task,hpobench:nasbench101:A,old_absolute,2617,True,gpt_original,latest_available_not_rerun
gpt-5.6-sol,poolact,tuning,cost_tight,naive,raw_perf_bon,task,hpobench:nasbench101:A,old_absolute,2618,True,gpt_original,latest_available_not_rerun
gpt-5.6-sol,poolact,tuning,cost_tight,naive,raw_perf_mi,task,hpobench:nasbench101:A,old_absolute,2619,True,gpt_original,latest_available_not_rerun
gpt-5.6-sol,poolact,tuning,cost_tight,poolact,gap_bon,task,hpobench:nasbench101:A,old_absolute,2620,True,gpt_original,latest_available_not_rerun
gpt-5.6-sol,poolact,tuning,cost_tight,poolact,gap_mi,task,hpobench:nasbench101:A,old_absolute,2621,True,gpt_original,latest_available_not_rerun
gpt-5.6-sol,poolact,tuning,cost_tight,poolact,raw_perf_bon,task,hpobench:nasbench101:A,old_absolute,2622,True,gpt_original,latest_available_not_rerun
gpt-5.6-sol,poolact,tuning,cost_tight,poolact,raw_perf_mi,task,hpobench:nasbench101:A,old_absolute,2623,True,gpt_original,latest_available_not_rerun
gpt-5.6-sol,poolact,tuning,cost_moderate,cached,gap0_bon,task,hpobench:nasbench101:B,rerun_items,866,True,gpt_rerun_20260912,latest_registered_three_strategy_rerun
gpt-5.6-sol,poolact,tuning,cost_moderate,cached,gap0_mi,task,hpobench:nasbench101:B,rerun_items,869,True,gpt_rerun_20260912,latest_registered_three_strategy_rerun
gpt-5.6-sol,poolact,tuning,cost_moderate,cached,gap_bon,task,hpobench:nasbench101:B,rerun_items,872,True,gpt_rerun_20260912,latest_registered_three_strategy_rerun
gpt-5.6-sol,poolact,tuning,cost_moderate,cached,gap_mi,task,hpobench:nasbench101:B,rerun_items,875,True,gpt_rerun_20260912,latest_registered_three_strategy_rerun
gpt-5.6-sol,poolact,tuning,cost_moderate,cached,raw_perf_bon,task,hpobench:nasbench101:B,rerun_items,878,True,gpt_rerun_20260912,latest_registered_three_strategy_rerun
gpt-5.6-sol,poolact,tuning,cost_moderate,cached,raw_perf_mi,task,hpobench:nasbench101:B,rerun_items,881,True,gpt_rerun_20260912,latest_registered_three_strategy_rerun
gpt-5.6-sol,poolact,tuning,cost_moderate,naive,gap0_bon,task,hpobench:nasbench101:B,rerun_items,884,True,gpt_rerun_20260912,latest_registered_three_strategy_rerun
gpt-5.6-sol,poolact,tuning,cost_moderate,naive,gap0_mi,task,hpobench:nasbench101:B,rerun_items,887,True,gpt_rerun_20260912,latest_registered_three_strategy_rerun
gpt-5.6-sol,poolact,tuning,cost_moderate,naive,gap_bon,task,hpobench:nasbench101:B,rerun_items,890,True,gpt_rerun_20260912,latest_registered_three_strategy_rerun
gpt-5.6-sol,poolact,tuning,cost_moderate,naive,gap_mi,task,hpobench:nasbench101:B,rerun_items,893,True,gpt_rerun_20260912,latest_registered_three_strategy_rerun
gpt-5.6-sol,poolact,tuning,cost_moderate,naive,raw_perf_bon,task,hpobench:nasbench101:B,rerun_items,896,True,gpt_rerun_20260912,latest_registered_three_strategy_rerun
gpt-5.6-sol,poolact,tuning,cost_moderate,naive,raw_perf_mi,task,hpobench:nasbench101:B,rerun_items,899,True,gpt_rerun_20260912,latest_registered_three_strategy_rerun
gpt-5.6-sol,poolact,tuning,cost_moderate,poolact,gap0_bon,task,hpobench:nasbench101:B,rerun_items,902,True,gpt_rerun_20260912,latest_registered_three_strategy_rerun
gpt-5.6-sol,poolact,tuning,cost_moderate,poolact,gap0_mi,task,hpobench:nasbench101:B,rerun_items,905,True,gpt_rerun_20260912,latest_registered_three_strategy_rerun
gpt-5.6-sol,poolact,tuning,cost_moderate,poolact,gap_bon,task,hpobench:nasbench101:B,rerun_items,908,True,gpt_rerun_20260912,latest_registered_three_strategy_rerun
gpt-5.6-sol,poolact,tuning,cost_moderate,poolact,gap_mi,task,hpobench:nasbench101:B,rerun_items,911,True,gpt_rerun_20260912,latest_registered_three_strategy_rerun
gpt-5.6-sol,poolact,tuning,cost_moderate,poolact,raw_perf_bon,task,hpobench:nasbench101:B,rerun_items,914,True,gpt_rerun_20260912,latest_registered_three_strategy_rerun
gpt-5.6-sol,poolact,tuning,cost_moderate,poolact,raw_perf_mi,task,hpobench:nasbench101:B,rerun_items,917,True,gpt_rerun_20260912,latest_registered_three_strategy_rerun
gpt-5.6-sol,poolact,tuning,cost_tight,cached,gap_bon,task,hpobench:nasbench101:B,old_absolute,2636,True,gpt_original,latest_available_not_rerun
gpt-5.6-sol,poolact,tuning,cost_tight,cached,gap_mi,task,hpobench:nasbench101:B,old_absolute,2637,True,gpt_original,latest_available_not_rerun
gpt-5.6-sol,poolact,tuning,cost_tight,cached,raw_perf_bon,task,hpobench:nasbench101:B,old_absolute,2638,True,gpt_original,latest_available_not_rerun
gpt-5.6-sol,poolact,tuning,cost_tight,cached,raw_perf_mi,task,hpobench:nasbench101:B,old_absolute,2639,True,gpt_original,latest_available_not_rerun
gpt-5.6-sol,poolact,tuning,cost_tight,naive,gap_bon,task,hpobench:nasbench101:B,old_absolute,2640,True,gpt_original,latest_available_not_rerun
gpt-5.6-sol,poolact,tuning,cost_tight,naive,gap_mi,task,hpobench:nasbench101:B,old_absolute,2641,True,gpt_original,latest_available_not_rerun
gpt-5.6-sol,poolact,tuning,cost_tight,naive,raw_perf_bon,task,hpobench:nasbench101:B,old_absolute,2642,True,gpt_original,latest_available_not_rerun
gpt-5.6-sol,poolact,tuning,cost_tight,naive,raw_perf_mi,task,hpobench:nasbench101:B,old_absolute,2643,True,gpt_original,latest_available_not_rerun
gpt-5.6-sol,poolact,tuning,cost_tight,poolact,gap_bon,task,hpobench:nasbench101:B,old_absolute,2644,True,gpt_original,latest_available_not_rerun
gpt-5.6-sol,poolact,tuning,cost_tight,poolact,gap_mi,task,hpobench:nasbench101:B,old_absolute,2645,True,gpt_original,latest_available_not_rerun
gpt-5.6-sol,poolact,tuning,cost_tight,poolact,raw_perf_bon,task,hpobench:nasbench101:B,old_absolute,2646,True,gpt_original,latest_available_not_rerun
gpt-5.6-sol,poolact,tuning,cost_tight,poolact,raw_perf_mi,task,hpobench:nasbench101:B,old_absolute,2647,True,gpt_original,latest_available_not_rerun
gpt-5.6-sol,poolact,tuning,cost_moderate,cached,gap0_bon,task,hpobench:nasbench101:C,rerun_items,867,True,gpt_rerun_20260912,latest_registered_three_strategy_rerun
gpt-5.6-sol,poolact,tuning,cost_moderate,cached,gap0_mi,task,hpobench:nasbench101:C,rerun_items,870,True,gpt_rerun_20260912,latest_registered_three_strategy_rerun
gpt-5.6-sol,poolact,tuning,cost_moderate,cached,gap_bon,task,hpobench:nasbench101:C,rerun_items,873,True,gpt_rerun_20260912,latest_registered_three_strategy_rerun
gpt-5.6-sol,poolact,tuning,cost_moderate,cached,gap_mi,task,hpobench:nasbench101:C,rerun_items,876,True,gpt_rerun_20260912,latest_registered_three_strategy_rerun
gpt-5.6-sol,poolact,tuning,cost_moderate,cached,raw_perf_bon,task,hpobench:nasbench101:C,rerun_items,879,True,gpt_rerun_20260912,latest_registered_three_strategy_rerun
gpt-5.6-sol,poolact,tuning,cost_moderate,cached,raw_perf_mi,task,hpobench:nasbench101:C,rerun_items,882,True,gpt_rerun_20260912,latest_registered_three_strategy_rerun
gpt-5.6-sol,poolact,tuning,cost_moderate,naive,gap0_bon,task,hpobench:nasbench101:C,rerun_items,885,True,gpt_rerun_20260912,latest_registered_three_strategy_rerun
gpt-5.6-sol,poolact,tuning,cost_moderate,naive,gap0_mi,task,hpobench:nasbench101:C,rerun_items,888,True,gpt_rerun_20260912,latest_registered_three_strategy_rerun
gpt-5.6-sol,poolact,tuning,cost_moderate,naive,gap_bon,task,hpobench:nasbench101:C,rerun_items,891,True,gpt_rerun_20260912,latest_registered_three_strategy_rerun
gpt-5.6-sol,poolact,tuning,cost_moderate,naive,gap_mi,task,hpobench:nasbench101:C,rerun_items,894,True,gpt_rerun_20260912,latest_registered_three_strategy_rerun
gpt-5.6-sol,poolact,tuning,cost_moderate,naive,raw_perf_bon,task,hpobench:nasbench101:C,rerun_items,897,True,gpt_rerun_20260912,latest_registered_three_strategy_rerun
gpt-5.6-sol,poolact,tuning,cost_moderate,naive,raw_perf_mi,task,hpobench:nasbench101:C,rerun_items,900,True,gpt_rerun_20260912,latest_registered_three_strategy_rerun
gpt-5.6-sol,poolact,tuning,cost_moderate,poolact,gap0_bon,task,hpobench:nasbench101:C,rerun_items,903,True,gpt_rerun_20260912,latest_registered_three_strategy_rerun
gpt-5.6-sol,poolact,tuning,cost_moderate,poolact,gap0_mi,task,hpobench:nasbench101:C,rerun_items,906,True,gpt_rerun_20260912,latest_registered_three_strategy_rerun
gpt-5.6-sol,poolact,tuning,cost_moderate,poolact,gap_bon,task,hpobench:nasbench101:C,rerun_items,909,True,gpt_rerun_20260912,latest_registered_three_strategy_rerun
gpt-5.6-sol,poolact,tuning,cost_moderate,poolact,gap_mi,task,hpobench:nasbench101:C,rerun_items,912,True,gpt_rerun_20260912,latest_registered_three_strategy_rerun
gpt-5.6-sol,poolact,tuning,cost_moderate,poolact,raw_perf_bon,task,hpobench:nasbench101:C,rerun_items,915,True,gpt_rerun_20260912,latest_registered_three_strategy_rerun
gpt-5.6-sol,poolact,tuning,cost_moderate,poolact,raw_perf_mi,task,hpobench:nasbench101:C,rerun_items,918,True,gpt_rerun_20260912,latest_registered_three_strategy_rerun
gpt-5.6-sol,poolact,tuning,cost_tight,cached,gap_bon,task,hpobench:nasbench101:C,old_absolute,2660,True,gpt_original,latest_available_not_rerun
gpt-5.6-sol,poolact,tuning,cost_tight,cached,gap_mi,task,hpobench:nasbench101:C,old_absolute,2661,True,gpt_original,latest_available_not_rerun
gpt-5.6-sol,poolact,tuning,cost_tight,cached,raw_perf_bon,task,hpobench:nasbench101:C,old_absolute,2662,True,gpt_original,latest_available_not_rerun
gpt-5.6-sol,poolact,tuning,cost_tight,cached,raw_perf_mi,task,hpobench:nasbench101:C,old_absolute,2663,True,gpt_original,latest_available_not_rerun
gpt-5.6-sol,poolact,tuning,cost_tight,naive,gap_bon,task,hpobench:nasbench101:C,old_absolute,2664,True,gpt_original,latest_available_not_rerun
gpt-5.6-sol,poolact,tuning,cost_tight,naive,gap_mi,task,hpobench:nasbench101:C,old_absolute,2665,True,gpt_original,latest_available_not_rerun
gpt-5.6-sol,poolact,tuning,cost_tight,naive,raw_perf_bon,task,hpobench:nasbench101:C,old_absolute,2666,True,gpt_original,latest_available_not_rerun
gpt-5.6-sol,poolact,tuning,cost_tight,naive,raw_perf_mi,task,hpobench:nasbench101:C,old_absolute,2667,True,gpt_original,latest_available_not_rerun
gpt-5.6-sol,poolact,tuning,cost_tight,poolact,gap_bon,task,hpobench:nasbench101:C,old_absolute,2668,True,gpt_original,latest_available_not_rerun
gpt-5.6-sol,poolact,tuning,cost_tight,poolact,gap_mi,task,hpobench:nasbench101:C,old_absolute,2669,True,gpt_original,latest_available_not_rerun
gpt-5.6-sol,poolact,tuning,cost_tight,poolact,raw_perf_bon,task,hpobench:nasbench101:C,old_absolute,2670,True,gpt_original,latest_available_not_rerun
gpt-5.6-sol,poolact,tuning,cost_tight,poolact,raw_perf_mi,task,hpobench:nasbench101:C,old_absolute,2671,True,gpt_original,latest_available_not_rerun
kimi-k3,expgym,evidence_audit,cost_free,single,evidence_acc,all,all,old_absolute,2673,True,kimi_original,latest_available_not_rerun
kimi-k3,expgym,evidence_audit,cost_free,single,label_acc,all,all,old_absolute,2678,True,kimi_original,latest_available_not_rerun
kimi-k3,expgym,evidence_audit,cost_moderate,single,evidence_acc,all,all,old_absolute,2684,True,kimi_original,latest_available_not_rerun
kimi-k3,expgym,evidence_audit,cost_moderate,single,label_acc,all,all,old_absolute,2689,True,kimi_original,latest_available_not_rerun
kimi-k3,expgym,evidence_audit,cost_tight,single,evidence_acc,all,all,old_absolute,2695,True,kimi_original,latest_available_not_rerun
kimi-k3,expgym,evidence_audit,cost_tight,single,label_acc,all,all,old_absolute,2700,True,kimi_original,latest_available_not_rerun
kimi-k3,expgym,evidence_audit,cost_free,single,evidence_acc,family,evidence_audit,old_absolute,2673,True,kimi_original,latest_available_not_rerun; all_equals_Audit_only_family
kimi-k3,expgym,evidence_audit,cost_free,single,label_acc,family,evidence_audit,old_absolute,2678,True,kimi_original,latest_available_not_rerun; all_equals_Audit_only_family
kimi-k3,expgym,evidence_audit,cost_moderate,single,evidence_acc,family,evidence_audit,old_absolute,2684,True,kimi_original,latest_available_not_rerun; all_equals_Audit_only_family
kimi-k3,expgym,evidence_audit,cost_moderate,single,label_acc,family,evidence_audit,old_absolute,2689,True,kimi_original,latest_available_not_rerun; all_equals_Audit_only_family
kimi-k3,expgym,evidence_audit,cost_tight,single,evidence_acc,family,evidence_audit,old_absolute,2695,True,kimi_original,latest_available_not_rerun; all_equals_Audit_only_family
kimi-k3,expgym,evidence_audit,cost_tight,single,label_acc,family,evidence_audit,old_absolute,2700,True,kimi_original,latest_available_not_rerun; all_equals_Audit_only_family
kimi-k3,expgym,restricted_search,cost_free,single,f1,all,all,old_absolute,2705,True,kimi_original,latest_available_not_rerun
kimi-k3,expgym,restricted_search,cost_moderate,single,f1,all,all,old_absolute,2715,True,kimi_original,latest_available_not_rerun
kimi-k3,expgym,restricted_search,cost_tight,single,f1,all,all,old_absolute,2725,True,kimi_original,latest_available_not_rerun
kimi-k3,expgym,restricted_search,cost_free,single,f1,family,whatis,old_absolute,2734,True,kimi_original,latest_available_not_rerun
kimi-k3,expgym,restricted_search,cost_moderate,single,f1,family,whatis,old_absolute,2744,True,kimi_original,latest_available_not_rerun
kimi-k3,expgym,restricted_search,cost_tight,single,f1,family,whatis,old_absolute,2754,True,kimi_original,latest_available_not_rerun
kimi-k3,expgym,restricted_search,cost_free,single,f1,family,whois,old_absolute,2763,True,kimi_original,latest_available_not_rerun
kimi-k3,expgym,restricted_search,cost_moderate,single,f1,family,whois,old_absolute,2773,True,kimi_original,latest_available_not_rerun
kimi-k3,expgym,restricted_search,cost_tight,single,f1,family,whois,old_absolute,2783,True,kimi_original,latest_available_not_rerun
kimi-k3,expgym,tuning,cost_free,single,gap,all,all,old_absolute,2795,True,kimi_original,latest_available_not_rerun
kimi-k3,expgym,tuning,cost_free,single,gap0,all,all,old_gap0,1,True,kimi_original,latest_available_not_rerun
kimi-k3,expgym,tuning,cost_free,single,raw_perf,all,all,old_absolute,2799,True,kimi_original,latest_available_not_rerun
kimi-k3,expgym,tuning,cost_moderate,single,gap,all,all,old_absolute,2806,True,kimi_original,latest_available_not_rerun
kimi-k3,expgym,tuning,cost_moderate,single,gap0,all,all,old_gap0,2,True,kimi_original,latest_available_not_rerun
kimi-k3,expgym,tuning,cost_moderate,single,raw_perf,all,all,old_absolute,2810,True,kimi_original,latest_available_not_rerun
kimi-k3,expgym,tuning,cost_tight,single,gap,all,all,old_absolute,2817,True,kimi_original,latest_available_not_rerun
kimi-k3,expgym,tuning,cost_tight,single,gap0,all,all,old_gap0,3,True,kimi_original,latest_available_not_rerun
kimi-k3,expgym,tuning,cost_tight,single,raw_perf,all,all,old_absolute,2821,True,kimi_original,latest_available_not_rerun
kimi-k3,expgym,tuning,cost_free,single,gap,family,nasbench101,old_absolute,2827,True,kimi_original,latest_available_not_rerun
kimi-k3,expgym,tuning,cost_free,single,gap0,family,nasbench101,old_gap0,4,True,kimi_original,latest_available_not_rerun
kimi-k3,expgym,tuning,cost_free,single,raw_perf,family,nasbench101,old_absolute,2831,True,kimi_original,latest_available_not_rerun
kimi-k3,expgym,tuning,cost_moderate,single,gap,family,nasbench101,old_absolute,2838,True,kimi_original,latest_available_not_rerun
kimi-k3,expgym,tuning,cost_moderate,single,gap0,family,nasbench101,old_gap0,5,True,kimi_original,latest_available_not_rerun
kimi-k3,expgym,tuning,cost_moderate,single,raw_perf,family,nasbench101,old_absolute,2842,True,kimi_original,latest_available_not_rerun
kimi-k3,expgym,tuning,cost_tight,single,gap,family,nasbench101,old_absolute,2849,True,kimi_original,latest_available_not_rerun
kimi-k3,expgym,tuning,cost_tight,single,gap0,family,nasbench101,old_gap0,6,True,kimi_original,latest_available_not_rerun
kimi-k3,expgym,tuning,cost_tight,single,raw_perf,family,nasbench101,old_absolute,2853,True,kimi_original,latest_available_not_rerun
kimi-k3,expgym,tuning,cost_free,single,gap,family,nasbench201,old_absolute,2859,True,kimi_original,latest_available_not_rerun
kimi-k3,expgym,tuning,cost_free,single,gap0,family,nasbench201,old_gap0,7,True,kimi_original,latest_available_not_rerun
kimi-k3,expgym,tuning,cost_free,single,raw_perf,family,nasbench201,old_absolute,2863,True,kimi_original,latest_available_not_rerun
kimi-k3,expgym,tuning,cost_moderate,single,gap,family,nasbench201,old_absolute,2870,True,kimi_original,latest_available_not_rerun
kimi-k3,expgym,tuning,cost_moderate,single,gap0,family,nasbench201,old_gap0,8,True,kimi_original,latest_available_not_rerun
kimi-k3,expgym,tuning,cost_moderate,single,raw_perf,family,nasbench201,old_absolute,2874,True,kimi_original,latest_available_not_rerun
kimi-k3,expgym,tuning,cost_tight,single,gap,family,nasbench201,old_absolute,2881,True,kimi_original,latest_available_not_rerun
kimi-k3,expgym,tuning,cost_tight,single,gap0,family,nasbench201,old_gap0,9,True,kimi_original,latest_available_not_rerun
kimi-k3,expgym,tuning,cost_tight,single,raw_perf,family,nasbench201,old_absolute,2885,True,kimi_original,latest_available_not_rerun
kimi-k3,expgym,tuning,cost_free,single,gap,family,paramnet,old_absolute,2891,True,kimi_original,latest_available_not_rerun
kimi-k3,expgym,tuning,cost_free,single,gap0,family,paramnet,old_gap0,10,True,kimi_original,latest_available_not_rerun
kimi-k3,expgym,tuning,cost_free,single,raw_perf,family,paramnet,old_absolute,2895,True,kimi_original,latest_available_not_rerun
kimi-k3,expgym,tuning,cost_moderate,single,gap,family,paramnet,old_absolute,2902,True,kimi_original,latest_available_not_rerun
kimi-k3,expgym,tuning,cost_moderate,single,gap0,family,paramnet,old_gap0,11,True,kimi_original,latest_available_not_rerun
kimi-k3,expgym,tuning,cost_moderate,single,raw_perf,family,paramnet,old_absolute,2906,True,kimi_original,latest_available_not_rerun
kimi-k3,expgym,tuning,cost_tight,single,gap,family,paramnet,old_absolute,2913,True,kimi_original,latest_available_not_rerun
kimi-k3,expgym,tuning,cost_tight,single,gap0,family,paramnet,old_gap0,12,True,kimi_original,latest_available_not_rerun
kimi-k3,expgym,tuning,cost_tight,single,raw_perf,family,paramnet,old_absolute,2917,True,kimi_original,latest_available_not_rerun
kimi-k3,expgym,tuning,cost_free,single,gap,task,hpobench:nasbench101:A,old_absolute,2923,True,kimi_original,latest_available_not_rerun
kimi-k3,expgym,tuning,cost_free,single,raw_perf,task,hpobench:nasbench101:A,old_absolute,2927,True,kimi_original,latest_available_not_rerun
kimi-k3,expgym,tuning,cost_moderate,single,gap,task,hpobench:nasbench101:A,old_absolute,2934,True,kimi_original,latest_available_not_rerun
kimi-k3,expgym,tuning,cost_moderate,single,raw_perf,task,hpobench:nasbench101:A,old_absolute,2938,True,kimi_original,latest_available_not_rerun
kimi-k3,expgym,tuning,cost_tight,single,gap,task,hpobench:nasbench101:A,old_absolute,2945,True,kimi_original,latest_available_not_rerun
kimi-k3,expgym,tuning,cost_tight,single,raw_perf,task,hpobench:nasbench101:A,old_absolute,2949,True,kimi_original,latest_available_not_rerun
kimi-k3,expgym,tuning,cost_free,single,gap,task,hpobench:nasbench101:B,old_absolute,2955,True,kimi_original,latest_available_not_rerun
kimi-k3,expgym,tuning,cost_free,single,raw_perf,task,hpobench:nasbench101:B,old_absolute,2959,True,kimi_original,latest_available_not_rerun
kimi-k3,expgym,tuning,cost_moderate,single,gap,task,hpobench:nasbench101:B,old_absolute,2966,True,kimi_original,latest_available_not_rerun
kimi-k3,expgym,tuning,cost_moderate,single,raw_perf,task,hpobench:nasbench101:B,old_absolute,2970,True,kimi_original,latest_available_not_rerun
kimi-k3,expgym,tuning,cost_tight,single,gap,task,hpobench:nasbench101:B,old_absolute,2977,True,kimi_original,latest_available_not_rerun
kimi-k3,expgym,tuning,cost_tight,single,raw_perf,task,hpobench:nasbench101:B,old_absolute,2981,True,kimi_original,latest_available_not_rerun
kimi-k3,expgym,tuning,cost_free,single,gap,task,hpobench:nasbench101:C,old_absolute,2987,True,kimi_original,latest_available_not_rerun
kimi-k3,expgym,tuning,cost_free,single,raw_perf,task,hpobench:nasbench101:C,old_absolute,2991,True,kimi_original,latest_available_not_rerun
kimi-k3,expgym,tuning,cost_moderate,single,gap,task,hpobench:nasbench101:C,old_absolute,2998,True,kimi_original,latest_available_not_rerun
kimi-k3,expgym,tuning,cost_moderate,single,raw_perf,task,hpobench:nasbench101:C,old_absolute,3002,True,kimi_original,latest_available_not_rerun
kimi-k3,expgym,tuning,cost_tight,single,gap,task,hpobench:nasbench101:C,old_absolute,3009,True,kimi_original,latest_available_not_rerun
kimi-k3,expgym,tuning,cost_tight,single,raw_perf,task,hpobench:nasbench101:C,old_absolute,3013,True,kimi_original,latest_available_not_rerun
kimi-k3,expgym,tuning,cost_free,single,gap,task,hpobench:nasbench201:cifar10-valid,old_absolute,3019,True,kimi_original,latest_available_not_rerun
kimi-k3,expgym,tuning,cost_free,single,raw_perf,task,hpobench:nasbench201:cifar10-valid,old_absolute,3023,True,kimi_original,latest_available_not_rerun
kimi-k3,expgym,tuning,cost_moderate,single,gap,task,hpobench:nasbench201:cifar10-valid,old_absolute,3030,True,kimi_original,latest_available_not_rerun
kimi-k3,expgym,tuning,cost_moderate,single,raw_perf,task,hpobench:nasbench201:cifar10-valid,old_absolute,3034,True,kimi_original,latest_available_not_rerun
kimi-k3,expgym,tuning,cost_tight,single,gap,task,hpobench:nasbench201:cifar10-valid,old_absolute,3041,True,kimi_original,latest_available_not_rerun
kimi-k3,expgym,tuning,cost_tight,single,raw_perf,task,hpobench:nasbench201:cifar10-valid,old_absolute,3045,True,kimi_original,latest_available_not_rerun
kimi-k3,expgym,tuning,cost_free,single,gap,task,hpobench:nasbench201:cifar100,old_absolute,3051,True,kimi_original,latest_available_not_rerun
kimi-k3,expgym,tuning,cost_free,single,raw_perf,task,hpobench:nasbench201:cifar100,old_absolute,3055,True,kimi_original,latest_available_not_rerun
kimi-k3,expgym,tuning,cost_moderate,single,gap,task,hpobench:nasbench201:cifar100,old_absolute,3062,True,kimi_original,latest_available_not_rerun
kimi-k3,expgym,tuning,cost_moderate,single,raw_perf,task,hpobench:nasbench201:cifar100,old_absolute,3066,True,kimi_original,latest_available_not_rerun
kimi-k3,expgym,tuning,cost_tight,single,gap,task,hpobench:nasbench201:cifar100,old_absolute,3073,True,kimi_original,latest_available_not_rerun
kimi-k3,expgym,tuning,cost_tight,single,raw_perf,task,hpobench:nasbench201:cifar100,old_absolute,3077,True,kimi_original,latest_available_not_rerun
kimi-k3,expgym,tuning,cost_free,single,gap,task,hpobench:nasbench201:imagenet16-120,old_absolute,3083,True,kimi_original,latest_available_not_rerun
kimi-k3,expgym,tuning,cost_free,single,raw_perf,task,hpobench:nasbench201:imagenet16-120,old_absolute,3087,True,kimi_original,latest_available_not_rerun
kimi-k3,expgym,tuning,cost_moderate,single,gap,task,hpobench:nasbench201:imagenet16-120,old_absolute,3094,True,kimi_original,latest_available_not_rerun
kimi-k3,expgym,tuning,cost_moderate,single,raw_perf,task,hpobench:nasbench201:imagenet16-120,old_absolute,3098,True,kimi_original,latest_available_not_rerun
kimi-k3,expgym,tuning,cost_tight,single,gap,task,hpobench:nasbench201:imagenet16-120,old_absolute,3105,True,kimi_original,latest_available_not_rerun
kimi-k3,expgym,tuning,cost_tight,single,raw_perf,task,hpobench:nasbench201:imagenet16-120,old_absolute,3109,True,kimi_original,latest_available_not_rerun
kimi-k3,expgym,tuning,cost_free,single,gap,task,hpobench:paramnet:adult:steps,old_absolute,3115,True,kimi_original,latest_available_not_rerun
kimi-k3,expgym,tuning,cost_free,single,raw_perf,task,hpobench:paramnet:adult:steps,old_absolute,3119,True,kimi_original,latest_available_not_rerun
kimi-k3,expgym,tuning,cost_moderate,single,gap,task,hpobench:paramnet:adult:steps,old_absolute,3126,True,kimi_original,latest_available_not_rerun
kimi-k3,expgym,tuning,cost_moderate,single,raw_perf,task,hpobench:paramnet:adult:steps,old_absolute,3130,True,kimi_original,latest_available_not_rerun
kimi-k3,expgym,tuning,cost_tight,single,gap,task,hpobench:paramnet:adult:steps,old_absolute,3137,True,kimi_original,latest_available_not_rerun
kimi-k3,expgym,tuning,cost_tight,single,raw_perf,task,hpobench:paramnet:adult:steps,old_absolute,3141,True,kimi_original,latest_available_not_rerun
kimi-k3,expgym,tuning,cost_free,single,gap,task,hpobench:paramnet:higgs:steps,old_absolute,3147,True,kimi_original,latest_available_not_rerun
kimi-k3,expgym,tuning,cost_free,single,raw_perf,task,hpobench:paramnet:higgs:steps,old_absolute,3151,True,kimi_original,latest_available_not_rerun
kimi-k3,expgym,tuning,cost_moderate,single,gap,task,hpobench:paramnet:higgs:steps,old_absolute,3158,True,kimi_original,latest_available_not_rerun
kimi-k3,expgym,tuning,cost_moderate,single,raw_perf,task,hpobench:paramnet:higgs:steps,old_absolute,3162,True,kimi_original,latest_available_not_rerun
kimi-k3,expgym,tuning,cost_tight,single,gap,task,hpobench:paramnet:higgs:steps,old_absolute,3169,True,kimi_original,latest_available_not_rerun
kimi-k3,expgym,tuning,cost_tight,single,raw_perf,task,hpobench:paramnet:higgs:steps,old_absolute,3173,True,kimi_original,latest_available_not_rerun
kimi-k3,expgym,tuning,cost_free,single,gap,task,hpobench:paramnet:letter:steps,old_absolute,3179,True,kimi_original,latest_available_not_rerun
kimi-k3,expgym,tuning,cost_free,single,raw_perf,task,hpobench:paramnet:letter:steps,old_absolute,3183,True,kimi_original,latest_available_not_rerun
kimi-k3,expgym,tuning,cost_moderate,single,gap,task,hpobench:paramnet:letter:steps,old_absolute,3190,True,kimi_original,latest_available_not_rerun
kimi-k3,expgym,tuning,cost_moderate,single,raw_perf,task,hpobench:paramnet:letter:steps,old_absolute,3194,True,kimi_original,latest_available_not_rerun
kimi-k3,expgym,tuning,cost_tight,single,gap,task,hpobench:paramnet:letter:steps,old_absolute,3201,True,kimi_original,latest_available_not_rerun
kimi-k3,expgym,tuning,cost_tight,single,raw_perf,task,hpobench:paramnet:letter:steps,old_absolute,3205,True,kimi_original,latest_available_not_rerun
kimi-k3,poolact,evidence_audit,cost_moderate,cached,evidence_acc_mi,all,all,old_absolute,3209,True,kimi_original,latest_available_not_rerun
kimi-k3,poolact,evidence_audit,cost_moderate,cached,evidence_acc_mv,all,all,old_absolute,3210,True,kimi_original,latest_available_not_rerun
kimi-k3,poolact,evidence_audit,cost_moderate,cached,label_acc_mi,all,all,old_absolute,3215,True,kimi_original,latest_available_not_rerun
kimi-k3,poolact,evidence_audit,cost_moderate,cached,label_acc_mv,all,all,old_absolute,3216,True,kimi_original,latest_available_not_rerun
kimi-k3,poolact,evidence_audit,cost_moderate,naive,evidence_acc_mi,all,all,old_absolute,3222,True,kimi_original,latest_available_not_rerun
kimi-k3,poolact,evidence_audit,cost_moderate,naive,evidence_acc_mv,all,all,old_absolute,3223,True,kimi_original,latest_available_not_rerun
kimi-k3,poolact,evidence_audit,cost_moderate,naive,label_acc_mi,all,all,old_absolute,3228,True,kimi_original,latest_available_not_rerun
kimi-k3,poolact,evidence_audit,cost_moderate,naive,label_acc_mv,all,all,old_absolute,3229,True,kimi_original,latest_available_not_rerun
kimi-k3,poolact,evidence_audit,cost_moderate,poolact,evidence_acc_mi,all,all,old_absolute,3235,True,kimi_original,latest_available_not_rerun
kimi-k3,poolact,evidence_audit,cost_moderate,poolact,evidence_acc_mv,all,all,old_absolute,3236,True,kimi_original,latest_available_not_rerun
kimi-k3,poolact,evidence_audit,cost_moderate,poolact,label_acc_mi,all,all,old_absolute,3241,True,kimi_original,latest_available_not_rerun
kimi-k3,poolact,evidence_audit,cost_moderate,poolact,label_acc_mv,all,all,old_absolute,3242,True,kimi_original,latest_available_not_rerun
kimi-k3,poolact,evidence_audit,cost_tight,cached,evidence_acc_mi,all,all,old_absolute,3248,True,kimi_original,latest_available_not_rerun
kimi-k3,poolact,evidence_audit,cost_tight,cached,evidence_acc_mv,all,all,old_absolute,3249,True,kimi_original,latest_available_not_rerun
kimi-k3,poolact,evidence_audit,cost_tight,cached,label_acc_mi,all,all,old_absolute,3254,True,kimi_original,latest_available_not_rerun
kimi-k3,poolact,evidence_audit,cost_tight,cached,label_acc_mv,all,all,old_absolute,3255,True,kimi_original,latest_available_not_rerun
kimi-k3,poolact,evidence_audit,cost_tight,naive,evidence_acc_mi,all,all,old_absolute,3261,True,kimi_original,latest_available_not_rerun
kimi-k3,poolact,evidence_audit,cost_tight,naive,evidence_acc_mv,all,all,old_absolute,3262,True,kimi_original,latest_available_not_rerun
kimi-k3,poolact,evidence_audit,cost_tight,naive,label_acc_mi,all,all,old_absolute,3267,True,kimi_original,latest_available_not_rerun
kimi-k3,poolact,evidence_audit,cost_tight,naive,label_acc_mv,all,all,old_absolute,3268,True,kimi_original,latest_available_not_rerun
kimi-k3,poolact,evidence_audit,cost_tight,poolact,evidence_acc_mi,all,all,old_absolute,3274,True,kimi_original,latest_available_not_rerun
kimi-k3,poolact,evidence_audit,cost_tight,poolact,evidence_acc_mv,all,all,old_absolute,3275,True,kimi_original,latest_available_not_rerun
kimi-k3,poolact,evidence_audit,cost_tight,poolact,label_acc_mi,all,all,old_absolute,3280,True,kimi_original,latest_available_not_rerun
kimi-k3,poolact,evidence_audit,cost_tight,poolact,label_acc_mv,all,all,old_absolute,3281,True,kimi_original,latest_available_not_rerun
kimi-k3,poolact,evidence_audit,cost_moderate,cached,evidence_acc_mi,family,evidence_audit,old_absolute,3209,True,kimi_original,latest_available_not_rerun; all_equals_Audit_only_family
kimi-k3,poolact,evidence_audit,cost_moderate,cached,evidence_acc_mv,family,evidence_audit,old_absolute,3210,True,kimi_original,latest_available_not_rerun; all_equals_Audit_only_family
kimi-k3,poolact,evidence_audit,cost_moderate,cached,label_acc_mi,family,evidence_audit,old_absolute,3215,True,kimi_original,latest_available_not_rerun; all_equals_Audit_only_family
kimi-k3,poolact,evidence_audit,cost_moderate,cached,label_acc_mv,family,evidence_audit,old_absolute,3216,True,kimi_original,latest_available_not_rerun; all_equals_Audit_only_family
kimi-k3,poolact,evidence_audit,cost_moderate,naive,evidence_acc_mi,family,evidence_audit,old_absolute,3222,True,kimi_original,latest_available_not_rerun; all_equals_Audit_only_family
kimi-k3,poolact,evidence_audit,cost_moderate,naive,evidence_acc_mv,family,evidence_audit,old_absolute,3223,True,kimi_original,latest_available_not_rerun; all_equals_Audit_only_family
kimi-k3,poolact,evidence_audit,cost_moderate,naive,label_acc_mi,family,evidence_audit,old_absolute,3228,True,kimi_original,latest_available_not_rerun; all_equals_Audit_only_family
kimi-k3,poolact,evidence_audit,cost_moderate,naive,label_acc_mv,family,evidence_audit,old_absolute,3229,True,kimi_original,latest_available_not_rerun; all_equals_Audit_only_family
kimi-k3,poolact,evidence_audit,cost_moderate,poolact,evidence_acc_mi,family,evidence_audit,old_absolute,3235,True,kimi_original,latest_available_not_rerun; all_equals_Audit_only_family
kimi-k3,poolact,evidence_audit,cost_moderate,poolact,evidence_acc_mv,family,evidence_audit,old_absolute,3236,True,kimi_original,latest_available_not_rerun; all_equals_Audit_only_family
kimi-k3,poolact,evidence_audit,cost_moderate,poolact,label_acc_mi,family,evidence_audit,old_absolute,3241,True,kimi_original,latest_available_not_rerun; all_equals_Audit_only_family
kimi-k3,poolact,evidence_audit,cost_moderate,poolact,label_acc_mv,family,evidence_audit,old_absolute,3242,True,kimi_original,latest_available_not_rerun; all_equals_Audit_only_family
kimi-k3,poolact,evidence_audit,cost_tight,cached,evidence_acc_mi,family,evidence_audit,old_absolute,3248,True,kimi_original,latest_available_not_rerun; all_equals_Audit_only_family
kimi-k3,poolact,evidence_audit,cost_tight,cached,evidence_acc_mv,family,evidence_audit,old_absolute,3249,True,kimi_original,latest_available_not_rerun; all_equals_Audit_only_family
kimi-k3,poolact,evidence_audit,cost_tight,cached,label_acc_mi,family,evidence_audit,old_absolute,3254,True,kimi_original,latest_available_not_rerun; all_equals_Audit_only_family
kimi-k3,poolact,evidence_audit,cost_tight,cached,label_acc_mv,family,evidence_audit,old_absolute,3255,True,kimi_original,latest_available_not_rerun; all_equals_Audit_only_family
kimi-k3,poolact,evidence_audit,cost_tight,naive,evidence_acc_mi,family,evidence_audit,old_absolute,3261,True,kimi_original,latest_available_not_rerun; all_equals_Audit_only_family
kimi-k3,poolact,evidence_audit,cost_tight,naive,evidence_acc_mv,family,evidence_audit,old_absolute,3262,True,kimi_original,latest_available_not_rerun; all_equals_Audit_only_family
kimi-k3,poolact,evidence_audit,cost_tight,naive,label_acc_mi,family,evidence_audit,old_absolute,3267,True,kimi_original,latest_available_not_rerun; all_equals_Audit_only_family
kimi-k3,poolact,evidence_audit,cost_tight,naive,label_acc_mv,family,evidence_audit,old_absolute,3268,True,kimi_original,latest_available_not_rerun; all_equals_Audit_only_family
kimi-k3,poolact,evidence_audit,cost_tight,poolact,evidence_acc_mi,family,evidence_audit,old_absolute,3274,True,kimi_original,latest_available_not_rerun; all_equals_Audit_only_family
kimi-k3,poolact,evidence_audit,cost_tight,poolact,evidence_acc_mv,family,evidence_audit,old_absolute,3275,True,kimi_original,latest_available_not_rerun; all_equals_Audit_only_family
kimi-k3,poolact,evidence_audit,cost_tight,poolact,label_acc_mi,family,evidence_audit,old_absolute,3280,True,kimi_original,latest_available_not_rerun; all_equals_Audit_only_family
kimi-k3,poolact,evidence_audit,cost_tight,poolact,label_acc_mv,family,evidence_audit,old_absolute,3281,True,kimi_original,latest_available_not_rerun; all_equals_Audit_only_family
kimi-k3,poolact,restricted_search,cost_moderate,cached,f1_mi,all,all,old_absolute,3287,True,kimi_original,latest_available_not_rerun
kimi-k3,poolact,restricted_search,cost_moderate,cached,f1_mv,all,all,old_absolute,3288,True,kimi_original,latest_available_not_rerun
kimi-k3,poolact,restricted_search,cost_moderate,naive,f1_mi,all,all,old_absolute,3298,True,kimi_original,latest_available_not_rerun
kimi-k3,poolact,restricted_search,cost_moderate,naive,f1_mv,all,all,old_absolute,3299,True,kimi_original,latest_available_not_rerun
kimi-k3,poolact,restricted_search,cost_moderate,poolact,f1_mi,all,all,old_absolute,3309,True,kimi_original,latest_available_not_rerun
kimi-k3,poolact,restricted_search,cost_moderate,poolact,f1_mv,all,all,old_absolute,3310,True,kimi_original,latest_available_not_rerun
kimi-k3,poolact,restricted_search,cost_tight,cached,f1_mi,all,all,old_absolute,3320,True,kimi_original,latest_available_not_rerun
kimi-k3,poolact,restricted_search,cost_tight,cached,f1_mv,all,all,old_absolute,3321,True,kimi_original,latest_available_not_rerun
kimi-k3,poolact,restricted_search,cost_tight,naive,f1_mi,all,all,old_absolute,3331,True,kimi_original,latest_available_not_rerun
kimi-k3,poolact,restricted_search,cost_tight,naive,f1_mv,all,all,old_absolute,3332,True,kimi_original,latest_available_not_rerun
kimi-k3,poolact,restricted_search,cost_tight,poolact,f1_mi,all,all,old_absolute,3342,True,kimi_original,latest_available_not_rerun
kimi-k3,poolact,restricted_search,cost_tight,poolact,f1_mv,all,all,old_absolute,3343,True,kimi_original,latest_available_not_rerun
kimi-k3,poolact,restricted_search,cost_moderate,cached,f1_mi,family,whois,old_absolute,3353,True,kimi_original,latest_available_not_rerun
kimi-k3,poolact,restricted_search,cost_moderate,cached,f1_mv,family,whois,old_absolute,3354,True,kimi_original,latest_available_not_rerun
kimi-k3,poolact,restricted_search,cost_moderate,naive,f1_mi,family,whois,old_absolute,3364,True,kimi_original,latest_available_not_rerun
kimi-k3,poolact,restricted_search,cost_moderate,naive,f1_mv,family,whois,old_absolute,3365,True,kimi_original,latest_available_not_rerun
kimi-k3,poolact,restricted_search,cost_moderate,poolact,f1_mi,family,whois,old_absolute,3375,True,kimi_original,latest_available_not_rerun
kimi-k3,poolact,restricted_search,cost_moderate,poolact,f1_mv,family,whois,old_absolute,3376,True,kimi_original,latest_available_not_rerun
kimi-k3,poolact,restricted_search,cost_tight,cached,f1_mi,family,whois,old_absolute,3386,True,kimi_original,latest_available_not_rerun
kimi-k3,poolact,restricted_search,cost_tight,cached,f1_mv,family,whois,old_absolute,3387,True,kimi_original,latest_available_not_rerun
kimi-k3,poolact,restricted_search,cost_tight,naive,f1_mi,family,whois,old_absolute,3397,True,kimi_original,latest_available_not_rerun
kimi-k3,poolact,restricted_search,cost_tight,naive,f1_mv,family,whois,old_absolute,3398,True,kimi_original,latest_available_not_rerun
kimi-k3,poolact,restricted_search,cost_tight,poolact,f1_mi,family,whois,old_absolute,3408,True,kimi_original,latest_available_not_rerun
kimi-k3,poolact,restricted_search,cost_tight,poolact,f1_mv,family,whois,old_absolute,3409,True,kimi_original,latest_available_not_rerun
kimi-k3,poolact,tuning,cost_moderate,cached,gap0_bon,all,all,old_gap0,13,True,kimi_original,latest_available_not_rerun
kimi-k3,poolact,tuning,cost_moderate,cached,gap0_mi,all,all,old_gap0,14,True,kimi_original,latest_available_not_rerun
kimi-k3,poolact,tuning,cost_moderate,cached,gap_bon,all,all,old_absolute,3422,True,kimi_original,latest_available_not_rerun
kimi-k3,poolact,tuning,cost_moderate,cached,gap_mi,all,all,old_absolute,3423,True,kimi_original,latest_available_not_rerun
kimi-k3,poolact,tuning,cost_moderate,cached,raw_perf_bon,all,all,old_absolute,3427,True,kimi_original,latest_available_not_rerun
kimi-k3,poolact,tuning,cost_moderate,cached,raw_perf_mi,all,all,old_absolute,3428,True,kimi_original,latest_available_not_rerun
kimi-k3,poolact,tuning,cost_moderate,naive,gap0_bon,all,all,old_gap0,15,True,kimi_original,latest_available_not_rerun
kimi-k3,poolact,tuning,cost_moderate,naive,gap0_mi,all,all,old_gap0,16,True,kimi_original,latest_available_not_rerun
kimi-k3,poolact,tuning,cost_moderate,naive,gap_bon,all,all,old_absolute,3435,True,kimi_original,latest_available_not_rerun
kimi-k3,poolact,tuning,cost_moderate,naive,gap_mi,all,all,old_absolute,3436,True,kimi_original,latest_available_not_rerun
kimi-k3,poolact,tuning,cost_moderate,naive,raw_perf_bon,all,all,old_absolute,3440,True,kimi_original,latest_available_not_rerun
kimi-k3,poolact,tuning,cost_moderate,naive,raw_perf_mi,all,all,old_absolute,3441,True,kimi_original,latest_available_not_rerun
kimi-k3,poolact,tuning,cost_moderate,poolact,gap0_bon,all,all,old_gap0,17,True,kimi_original,latest_available_not_rerun
kimi-k3,poolact,tuning,cost_moderate,poolact,gap0_mi,all,all,old_gap0,18,True,kimi_original,latest_available_not_rerun
kimi-k3,poolact,tuning,cost_moderate,poolact,gap_bon,all,all,old_absolute,3448,True,kimi_original,latest_available_not_rerun
kimi-k3,poolact,tuning,cost_moderate,poolact,gap_mi,all,all,old_absolute,3449,True,kimi_original,latest_available_not_rerun
kimi-k3,poolact,tuning,cost_moderate,poolact,raw_perf_bon,all,all,old_absolute,3453,True,kimi_original,latest_available_not_rerun
kimi-k3,poolact,tuning,cost_moderate,poolact,raw_perf_mi,all,all,old_absolute,3454,True,kimi_original,latest_available_not_rerun
kimi-k3,poolact,tuning,cost_tight,cached,gap0_bon,all,all,rerun_aggregate,115,True,kimi_rerun_20260912,latest_registered_three_strategy_rerun
kimi-k3,poolact,tuning,cost_tight,cached,gap0_mi,all,all,rerun_aggregate,116,True,kimi_rerun_20260912,latest_registered_three_strategy_rerun
kimi-k3,poolact,tuning,cost_tight,cached,gap_bon,all,all,rerun_aggregate,117,True,kimi_rerun_20260912,latest_registered_three_strategy_rerun
kimi-k3,poolact,tuning,cost_tight,cached,gap_mi,all,all,rerun_aggregate,118,True,kimi_rerun_20260912,latest_registered_three_strategy_rerun
kimi-k3,poolact,tuning,cost_tight,cached,raw_perf_bon,all,all,rerun_aggregate,119,True,kimi_rerun_20260912,latest_registered_three_strategy_rerun
kimi-k3,poolact,tuning,cost_tight,cached,raw_perf_mi,all,all,rerun_aggregate,120,True,kimi_rerun_20260912,latest_registered_three_strategy_rerun
kimi-k3,poolact,tuning,cost_tight,naive,gap0_bon,all,all,rerun_aggregate,121,True,kimi_rerun_20260912,latest_registered_three_strategy_rerun
kimi-k3,poolact,tuning,cost_tight,naive,gap0_mi,all,all,rerun_aggregate,122,True,kimi_rerun_20260912,latest_registered_three_strategy_rerun
kimi-k3,poolact,tuning,cost_tight,naive,gap_bon,all,all,rerun_aggregate,123,True,kimi_rerun_20260912,latest_registered_three_strategy_rerun
kimi-k3,poolact,tuning,cost_tight,naive,gap_mi,all,all,rerun_aggregate,124,True,kimi_rerun_20260912,latest_registered_three_strategy_rerun
kimi-k3,poolact,tuning,cost_tight,naive,raw_perf_bon,all,all,rerun_aggregate,125,True,kimi_rerun_20260912,latest_registered_three_strategy_rerun
kimi-k3,poolact,tuning,cost_tight,naive,raw_perf_mi,all,all,rerun_aggregate,126,True,kimi_rerun_20260912,latest_registered_three_strategy_rerun
kimi-k3,poolact,tuning,cost_tight,poolact,gap0_bon,all,all,rerun_aggregate,127,True,kimi_rerun_20260912,latest_registered_three_strategy_rerun
kimi-k3,poolact,tuning,cost_tight,poolact,gap0_mi,all,all,rerun_aggregate,128,True,kimi_rerun_20260912,latest_registered_three_strategy_rerun
kimi-k3,poolact,tuning,cost_tight,poolact,gap_bon,all,all,rerun_aggregate,129,True,kimi_rerun_20260912,latest_registered_three_strategy_rerun
kimi-k3,poolact,tuning,cost_tight,poolact,gap_mi,all,all,rerun_aggregate,130,True,kimi_rerun_20260912,latest_registered_three_strategy_rerun
kimi-k3,poolact,tuning,cost_tight,poolact,raw_perf_bon,all,all,rerun_aggregate,131,True,kimi_rerun_20260912,latest_registered_three_strategy_rerun
kimi-k3,poolact,tuning,cost_tight,poolact,raw_perf_mi,all,all,rerun_aggregate,132,True,kimi_rerun_20260912,latest_registered_three_strategy_rerun
kimi-k3,poolact,tuning,cost_moderate,cached,gap0_bon,family,nasbench101,old_gap0,13,True,kimi_original,latest_available_not_rerun; all_equals_NAS101_only_family
kimi-k3,poolact,tuning,cost_moderate,cached,gap0_mi,family,nasbench101,old_gap0,14,True,kimi_original,latest_available_not_rerun; all_equals_NAS101_only_family
kimi-k3,poolact,tuning,cost_moderate,cached,gap_bon,family,nasbench101,old_absolute,3500,True,kimi_original,latest_available_not_rerun
kimi-k3,poolact,tuning,cost_moderate,cached,gap_mi,family,nasbench101,old_absolute,3501,True,kimi_original,latest_available_not_rerun
kimi-k3,poolact,tuning,cost_moderate,cached,raw_perf_bon,family,nasbench101,old_absolute,3505,True,kimi_original,latest_available_not_rerun
kimi-k3,poolact,tuning,cost_moderate,cached,raw_perf_mi,family,nasbench101,old_absolute,3506,True,kimi_original,latest_available_not_rerun
kimi-k3,poolact,tuning,cost_moderate,naive,gap0_bon,family,nasbench101,old_gap0,15,True,kimi_original,latest_available_not_rerun; all_equals_NAS101_only_family
kimi-k3,poolact,tuning,cost_moderate,naive,gap0_mi,family,nasbench101,old_gap0,16,True,kimi_original,latest_available_not_rerun; all_equals_NAS101_only_family
kimi-k3,poolact,tuning,cost_moderate,naive,gap_bon,family,nasbench101,old_absolute,3513,True,kimi_original,latest_available_not_rerun
kimi-k3,poolact,tuning,cost_moderate,naive,gap_mi,family,nasbench101,old_absolute,3514,True,kimi_original,latest_available_not_rerun
kimi-k3,poolact,tuning,cost_moderate,naive,raw_perf_bon,family,nasbench101,old_absolute,3518,True,kimi_original,latest_available_not_rerun
kimi-k3,poolact,tuning,cost_moderate,naive,raw_perf_mi,family,nasbench101,old_absolute,3519,True,kimi_original,latest_available_not_rerun
kimi-k3,poolact,tuning,cost_moderate,poolact,gap0_bon,family,nasbench101,old_gap0,17,True,kimi_original,latest_available_not_rerun; all_equals_NAS101_only_family
kimi-k3,poolact,tuning,cost_moderate,poolact,gap0_mi,family,nasbench101,old_gap0,18,True,kimi_original,latest_available_not_rerun; all_equals_NAS101_only_family
kimi-k3,poolact,tuning,cost_moderate,poolact,gap_bon,family,nasbench101,old_absolute,3526,True,kimi_original,latest_available_not_rerun
kimi-k3,poolact,tuning,cost_moderate,poolact,gap_mi,family,nasbench101,old_absolute,3527,True,kimi_original,latest_available_not_rerun
kimi-k3,poolact,tuning,cost_moderate,poolact,raw_perf_bon,family,nasbench101,old_absolute,3531,True,kimi_original,latest_available_not_rerun
kimi-k3,poolact,tuning,cost_moderate,poolact,raw_perf_mi,family,nasbench101,old_absolute,3532,True,kimi_original,latest_available_not_rerun
kimi-k3,poolact,tuning,cost_tight,cached,gap0_bon,family,nasbench101,rerun_aggregate,115,True,kimi_rerun_20260912,latest_registered_three_strategy_rerun
kimi-k3,poolact,tuning,cost_tight,cached,gap0_mi,family,nasbench101,rerun_aggregate,116,True,kimi_rerun_20260912,latest_registered_three_strategy_rerun
kimi-k3,poolact,tuning,cost_tight,cached,gap_bon,family,nasbench101,rerun_aggregate,117,True,kimi_rerun_20260912,latest_registered_three_strategy_rerun
kimi-k3,poolact,tuning,cost_tight,cached,gap_mi,family,nasbench101,rerun_aggregate,118,True,kimi_rerun_20260912,latest_registered_three_strategy_rerun
kimi-k3,poolact,tuning,cost_tight,cached,raw_perf_bon,family,nasbench101,rerun_aggregate,119,True,kimi_rerun_20260912,latest_registered_three_strategy_rerun
kimi-k3,poolact,tuning,cost_tight,cached,raw_perf_mi,family,nasbench101,rerun_aggregate,120,True,kimi_rerun_20260912,latest_registered_three_strategy_rerun
kimi-k3,poolact,tuning,cost_tight,naive,gap0_bon,family,nasbench101,rerun_aggregate,121,True,kimi_rerun_20260912,latest_registered_three_strategy_rerun
kimi-k3,poolact,tuning,cost_tight,naive,gap0_mi,family,nasbench101,rerun_aggregate,122,True,kimi_rerun_20260912,latest_registered_three_strategy_rerun
kimi-k3,poolact,tuning,cost_tight,naive,gap_bon,family,nasbench101,rerun_aggregate,123,True,kimi_rerun_20260912,latest_registered_three_strategy_rerun
kimi-k3,poolact,tuning,cost_tight,naive,gap_mi,family,nasbench101,rerun_aggregate,124,True,kimi_rerun_20260912,latest_registered_three_strategy_rerun
kimi-k3,poolact,tuning,cost_tight,naive,raw_perf_bon,family,nasbench101,rerun_aggregate,125,True,kimi_rerun_20260912,latest_registered_three_strategy_rerun
kimi-k3,poolact,tuning,cost_tight,naive,raw_perf_mi,family,nasbench101,rerun_aggregate,126,True,kimi_rerun_20260912,latest_registered_three_strategy_rerun
kimi-k3,poolact,tuning,cost_tight,poolact,gap0_bon,family,nasbench101,rerun_aggregate,127,True,kimi_rerun_20260912,latest_registered_three_strategy_rerun
kimi-k3,poolact,tuning,cost_tight,poolact,gap0_mi,family,nasbench101,rerun_aggregate,128,True,kimi_rerun_20260912,latest_registered_three_strategy_rerun
kimi-k3,poolact,tuning,cost_tight,poolact,gap_bon,family,nasbench101,rerun_aggregate,129,True,kimi_rerun_20260912,latest_registered_three_strategy_rerun
kimi-k3,poolact,tuning,cost_tight,poolact,gap_mi,family,nasbench101,rerun_aggregate,130,True,kimi_rerun_20260912,latest_registered_three_strategy_rerun
kimi-k3,poolact,tuning,cost_tight,poolact,raw_perf_bon,family,nasbench101,rerun_aggregate,131,True,kimi_rerun_20260912,latest_registered_three_strategy_rerun
kimi-k3,poolact,tuning,cost_tight,poolact,raw_perf_mi,family,nasbench101,rerun_aggregate,132,True,kimi_rerun_20260912,latest_registered_three_strategy_rerun
kimi-k3,poolact,tuning,cost_moderate,cached,gap_bon,task,hpobench:nasbench101:A,old_absolute,3578,True,kimi_original,latest_available_not_rerun
kimi-k3,poolact,tuning,cost_moderate,cached,gap_mi,task,hpobench:nasbench101:A,old_absolute,3579,True,kimi_original,latest_available_not_rerun
kimi-k3,poolact,tuning,cost_moderate,cached,raw_perf_bon,task,hpobench:nasbench101:A,old_absolute,3583,True,kimi_original,latest_available_not_rerun
kimi-k3,poolact,tuning,cost_moderate,cached,raw_perf_mi,task,hpobench:nasbench101:A,old_absolute,3584,True,kimi_original,latest_available_not_rerun
kimi-k3,poolact,tuning,cost_moderate,naive,gap_bon,task,hpobench:nasbench101:A,old_absolute,3591,True,kimi_original,latest_available_not_rerun
kimi-k3,poolact,tuning,cost_moderate,naive,gap_mi,task,hpobench:nasbench101:A,old_absolute,3592,True,kimi_original,latest_available_not_rerun
kimi-k3,poolact,tuning,cost_moderate,naive,raw_perf_bon,task,hpobench:nasbench101:A,old_absolute,3596,True,kimi_original,latest_available_not_rerun
kimi-k3,poolact,tuning,cost_moderate,naive,raw_perf_mi,task,hpobench:nasbench101:A,old_absolute,3597,True,kimi_original,latest_available_not_rerun
kimi-k3,poolact,tuning,cost_moderate,poolact,gap_bon,task,hpobench:nasbench101:A,old_absolute,3604,True,kimi_original,latest_available_not_rerun
kimi-k3,poolact,tuning,cost_moderate,poolact,gap_mi,task,hpobench:nasbench101:A,old_absolute,3605,True,kimi_original,latest_available_not_rerun
kimi-k3,poolact,tuning,cost_moderate,poolact,raw_perf_bon,task,hpobench:nasbench101:A,old_absolute,3609,True,kimi_original,latest_available_not_rerun
kimi-k3,poolact,tuning,cost_moderate,poolact,raw_perf_mi,task,hpobench:nasbench101:A,old_absolute,3610,True,kimi_original,latest_available_not_rerun
kimi-k3,poolact,tuning,cost_tight,cached,gap0_bon,task,hpobench:nasbench101:A,rerun_items,919,True,kimi_rerun_20260912,latest_registered_three_strategy_rerun
kimi-k3,poolact,tuning,cost_tight,cached,gap0_mi,task,hpobench:nasbench101:A,rerun_items,922,True,kimi_rerun_20260912,latest_registered_three_strategy_rerun
kimi-k3,poolact,tuning,cost_tight,cached,gap_bon,task,hpobench:nasbench101:A,rerun_items,925,True,kimi_rerun_20260912,latest_registered_three_strategy_rerun
kimi-k3,poolact,tuning,cost_tight,cached,gap_mi,task,hpobench:nasbench101:A,rerun_items,928,True,kimi_rerun_20260912,latest_registered_three_strategy_rerun
kimi-k3,poolact,tuning,cost_tight,cached,raw_perf_bon,task,hpobench:nasbench101:A,rerun_items,931,True,kimi_rerun_20260912,latest_registered_three_strategy_rerun
kimi-k3,poolact,tuning,cost_tight,cached,raw_perf_mi,task,hpobench:nasbench101:A,rerun_items,934,True,kimi_rerun_20260912,latest_registered_three_strategy_rerun
kimi-k3,poolact,tuning,cost_tight,naive,gap0_bon,task,hpobench:nasbench101:A,rerun_items,937,True,kimi_rerun_20260912,latest_registered_three_strategy_rerun
kimi-k3,poolact,tuning,cost_tight,naive,gap0_mi,task,hpobench:nasbench101:A,rerun_items,940,True,kimi_rerun_20260912,latest_registered_three_strategy_rerun
kimi-k3,poolact,tuning,cost_tight,naive,gap_bon,task,hpobench:nasbench101:A,rerun_items,943,True,kimi_rerun_20260912,latest_registered_three_strategy_rerun
kimi-k3,poolact,tuning,cost_tight,naive,gap_mi,task,hpobench:nasbench101:A,rerun_items,946,True,kimi_rerun_20260912,latest_registered_three_strategy_rerun
kimi-k3,poolact,tuning,cost_tight,naive,raw_perf_bon,task,hpobench:nasbench101:A,rerun_items,949,True,kimi_rerun_20260912,latest_registered_three_strategy_rerun
kimi-k3,poolact,tuning,cost_tight,naive,raw_perf_mi,task,hpobench:nasbench101:A,rerun_items,952,True,kimi_rerun_20260912,latest_registered_three_strategy_rerun
kimi-k3,poolact,tuning,cost_tight,poolact,gap0_bon,task,hpobench:nasbench101:A,rerun_items,955,True,kimi_rerun_20260912,latest_registered_three_strategy_rerun
kimi-k3,poolact,tuning,cost_tight,poolact,gap0_mi,task,hpobench:nasbench101:A,rerun_items,958,True,kimi_rerun_20260912,latest_registered_three_strategy_rerun
kimi-k3,poolact,tuning,cost_tight,poolact,gap_bon,task,hpobench:nasbench101:A,rerun_items,961,True,kimi_rerun_20260912,latest_registered_three_strategy_rerun
kimi-k3,poolact,tuning,cost_tight,poolact,gap_mi,task,hpobench:nasbench101:A,rerun_items,964,True,kimi_rerun_20260912,latest_registered_three_strategy_rerun
kimi-k3,poolact,tuning,cost_tight,poolact,raw_perf_bon,task,hpobench:nasbench101:A,rerun_items,967,True,kimi_rerun_20260912,latest_registered_three_strategy_rerun
kimi-k3,poolact,tuning,cost_tight,poolact,raw_perf_mi,task,hpobench:nasbench101:A,rerun_items,970,True,kimi_rerun_20260912,latest_registered_three_strategy_rerun
kimi-k3,poolact,tuning,cost_moderate,cached,gap_bon,task,hpobench:nasbench101:B,old_absolute,3656,True,kimi_original,latest_available_not_rerun
kimi-k3,poolact,tuning,cost_moderate,cached,gap_mi,task,hpobench:nasbench101:B,old_absolute,3657,True,kimi_original,latest_available_not_rerun
kimi-k3,poolact,tuning,cost_moderate,cached,raw_perf_bon,task,hpobench:nasbench101:B,old_absolute,3661,True,kimi_original,latest_available_not_rerun
kimi-k3,poolact,tuning,cost_moderate,cached,raw_perf_mi,task,hpobench:nasbench101:B,old_absolute,3662,True,kimi_original,latest_available_not_rerun
kimi-k3,poolact,tuning,cost_moderate,naive,gap_bon,task,hpobench:nasbench101:B,old_absolute,3669,True,kimi_original,latest_available_not_rerun
kimi-k3,poolact,tuning,cost_moderate,naive,gap_mi,task,hpobench:nasbench101:B,old_absolute,3670,True,kimi_original,latest_available_not_rerun
kimi-k3,poolact,tuning,cost_moderate,naive,raw_perf_bon,task,hpobench:nasbench101:B,old_absolute,3674,True,kimi_original,latest_available_not_rerun
kimi-k3,poolact,tuning,cost_moderate,naive,raw_perf_mi,task,hpobench:nasbench101:B,old_absolute,3675,True,kimi_original,latest_available_not_rerun
kimi-k3,poolact,tuning,cost_moderate,poolact,gap_bon,task,hpobench:nasbench101:B,old_absolute,3682,True,kimi_original,latest_available_not_rerun
kimi-k3,poolact,tuning,cost_moderate,poolact,gap_mi,task,hpobench:nasbench101:B,old_absolute,3683,True,kimi_original,latest_available_not_rerun
kimi-k3,poolact,tuning,cost_moderate,poolact,raw_perf_bon,task,hpobench:nasbench101:B,old_absolute,3687,True,kimi_original,latest_available_not_rerun
kimi-k3,poolact,tuning,cost_moderate,poolact,raw_perf_mi,task,hpobench:nasbench101:B,old_absolute,3688,True,kimi_original,latest_available_not_rerun
kimi-k3,poolact,tuning,cost_tight,cached,gap0_bon,task,hpobench:nasbench101:B,rerun_items,920,True,kimi_rerun_20260912,latest_registered_three_strategy_rerun
kimi-k3,poolact,tuning,cost_tight,cached,gap0_mi,task,hpobench:nasbench101:B,rerun_items,923,True,kimi_rerun_20260912,latest_registered_three_strategy_rerun
kimi-k3,poolact,tuning,cost_tight,cached,gap_bon,task,hpobench:nasbench101:B,rerun_items,926,True,kimi_rerun_20260912,latest_registered_three_strategy_rerun
kimi-k3,poolact,tuning,cost_tight,cached,gap_mi,task,hpobench:nasbench101:B,rerun_items,929,True,kimi_rerun_20260912,latest_registered_three_strategy_rerun
kimi-k3,poolact,tuning,cost_tight,cached,raw_perf_bon,task,hpobench:nasbench101:B,rerun_items,932,True,kimi_rerun_20260912,latest_registered_three_strategy_rerun
kimi-k3,poolact,tuning,cost_tight,cached,raw_perf_mi,task,hpobench:nasbench101:B,rerun_items,935,True,kimi_rerun_20260912,latest_registered_three_strategy_rerun
kimi-k3,poolact,tuning,cost_tight,naive,gap0_bon,task,hpobench:nasbench101:B,rerun_items,938,True,kimi_rerun_20260912,latest_registered_three_strategy_rerun
kimi-k3,poolact,tuning,cost_tight,naive,gap0_mi,task,hpobench:nasbench101:B,rerun_items,941,True,kimi_rerun_20260912,latest_registered_three_strategy_rerun
kimi-k3,poolact,tuning,cost_tight,naive,gap_bon,task,hpobench:nasbench101:B,rerun_items,944,True,kimi_rerun_20260912,latest_registered_three_strategy_rerun
kimi-k3,poolact,tuning,cost_tight,naive,gap_mi,task,hpobench:nasbench101:B,rerun_items,947,True,kimi_rerun_20260912,latest_registered_three_strategy_rerun
kimi-k3,poolact,tuning,cost_tight,naive,raw_perf_bon,task,hpobench:nasbench101:B,rerun_items,950,True,kimi_rerun_20260912,latest_registered_three_strategy_rerun
kimi-k3,poolact,tuning,cost_tight,naive,raw_perf_mi,task,hpobench:nasbench101:B,rerun_items,953,True,kimi_rerun_20260912,latest_registered_three_strategy_rerun
kimi-k3,poolact,tuning,cost_tight,poolact,gap0_bon,task,hpobench:nasbench101:B,rerun_items,956,True,kimi_rerun_20260912,latest_registered_three_strategy_rerun
kimi-k3,poolact,tuning,cost_tight,poolact,gap0_mi,task,hpobench:nasbench101:B,rerun_items,959,True,kimi_rerun_20260912,latest_registered_three_strategy_rerun
kimi-k3,poolact,tuning,cost_tight,poolact,gap_bon,task,hpobench:nasbench101:B,rerun_items,962,True,kimi_rerun_20260912,latest_registered_three_strategy_rerun
kimi-k3,poolact,tuning,cost_tight,poolact,gap_mi,task,hpobench:nasbench101:B,rerun_items,965,True,kimi_rerun_20260912,latest_registered_three_strategy_rerun
kimi-k3,poolact,tuning,cost_tight,poolact,raw_perf_bon,task,hpobench:nasbench101:B,rerun_items,968,True,kimi_rerun_20260912,latest_registered_three_strategy_rerun
kimi-k3,poolact,tuning,cost_tight,poolact,raw_perf_mi,task,hpobench:nasbench101:B,rerun_items,971,True,kimi_rerun_20260912,latest_registered_three_strategy_rerun
kimi-k3,poolact,tuning,cost_moderate,cached,gap_bon,task,hpobench:nasbench101:C,old_absolute,3734,True,kimi_original,latest_available_not_rerun
kimi-k3,poolact,tuning,cost_moderate,cached,gap_mi,task,hpobench:nasbench101:C,old_absolute,3735,True,kimi_original,latest_available_not_rerun
kimi-k3,poolact,tuning,cost_moderate,cached,raw_perf_bon,task,hpobench:nasbench101:C,old_absolute,3739,True,kimi_original,latest_available_not_rerun
kimi-k3,poolact,tuning,cost_moderate,cached,raw_perf_mi,task,hpobench:nasbench101:C,old_absolute,3740,True,kimi_original,latest_available_not_rerun
kimi-k3,poolact,tuning,cost_moderate,naive,gap_bon,task,hpobench:nasbench101:C,old_absolute,3747,True,kimi_original,latest_available_not_rerun
kimi-k3,poolact,tuning,cost_moderate,naive,gap_mi,task,hpobench:nasbench101:C,old_absolute,3748,True,kimi_original,latest_available_not_rerun
kimi-k3,poolact,tuning,cost_moderate,naive,raw_perf_bon,task,hpobench:nasbench101:C,old_absolute,3752,True,kimi_original,latest_available_not_rerun
kimi-k3,poolact,tuning,cost_moderate,naive,raw_perf_mi,task,hpobench:nasbench101:C,old_absolute,3753,True,kimi_original,latest_available_not_rerun
kimi-k3,poolact,tuning,cost_moderate,poolact,gap_bon,task,hpobench:nasbench101:C,old_absolute,3760,True,kimi_original,latest_available_not_rerun
kimi-k3,poolact,tuning,cost_moderate,poolact,gap_mi,task,hpobench:nasbench101:C,old_absolute,3761,True,kimi_original,latest_available_not_rerun
kimi-k3,poolact,tuning,cost_moderate,poolact,raw_perf_bon,task,hpobench:nasbench101:C,old_absolute,3765,True,kimi_original,latest_available_not_rerun
kimi-k3,poolact,tuning,cost_moderate,poolact,raw_perf_mi,task,hpobench:nasbench101:C,old_absolute,3766,True,kimi_original,latest_available_not_rerun
kimi-k3,poolact,tuning,cost_tight,cached,gap0_bon,task,hpobench:nasbench101:C,rerun_items,921,True,kimi_rerun_20260912,latest_registered_three_strategy_rerun
kimi-k3,poolact,tuning,cost_tight,cached,gap0_mi,task,hpobench:nasbench101:C,rerun_items,924,True,kimi_rerun_20260912,latest_registered_three_strategy_rerun
kimi-k3,poolact,tuning,cost_tight,cached,gap_bon,task,hpobench:nasbench101:C,rerun_items,927,True,kimi_rerun_20260912,latest_registered_three_strategy_rerun
kimi-k3,poolact,tuning,cost_tight,cached,gap_mi,task,hpobench:nasbench101:C,rerun_items,930,True,kimi_rerun_20260912,latest_registered_three_strategy_rerun
kimi-k3,poolact,tuning,cost_tight,cached,raw_perf_bon,task,hpobench:nasbench101:C,rerun_items,933,True,kimi_rerun_20260912,latest_registered_three_strategy_rerun
kimi-k3,poolact,tuning,cost_tight,cached,raw_perf_mi,task,hpobench:nasbench101:C,rerun_items,936,True,kimi_rerun_20260912,latest_registered_three_strategy_rerun
kimi-k3,poolact,tuning,cost_tight,naive,gap0_bon,task,hpobench:nasbench101:C,rerun_items,939,True,kimi_rerun_20260912,latest_registered_three_strategy_rerun
kimi-k3,poolact,tuning,cost_tight,naive,gap0_mi,task,hpobench:nasbench101:C,rerun_items,942,True,kimi_rerun_20260912,latest_registered_three_strategy_rerun
kimi-k3,poolact,tuning,cost_tight,naive,gap_bon,task,hpobench:nasbench101:C,rerun_items,945,True,kimi_rerun_20260912,latest_registered_three_strategy_rerun
kimi-k3,poolact,tuning,cost_tight,naive,gap_mi,task,hpobench:nasbench101:C,rerun_items,948,True,kimi_rerun_20260912,latest_registered_three_strategy_rerun
kimi-k3,poolact,tuning,cost_tight,naive,raw_perf_bon,task,hpobench:nasbench101:C,rerun_items,951,True,kimi_rerun_20260912,latest_registered_three_strategy_rerun
kimi-k3,poolact,tuning,cost_tight,naive,raw_perf_mi,task,hpobench:nasbench101:C,rerun_items,954,True,kimi_rerun_20260912,latest_registered_three_strategy_rerun
kimi-k3,poolact,tuning,cost_tight,poolact,gap0_bon,task,hpobench:nasbench101:C,rerun_items,957,True,kimi_rerun_20260912,latest_registered_three_strategy_rerun
kimi-k3,poolact,tuning,cost_tight,poolact,gap0_mi,task,hpobench:nasbench101:C,rerun_items,960,True,kimi_rerun_20260912,latest_registered_three_strategy_rerun
kimi-k3,poolact,tuning,cost_tight,poolact,gap_bon,task,hpobench:nasbench101:C,rerun_items,963,True,kimi_rerun_20260912,latest_registered_three_strategy_rerun
kimi-k3,poolact,tuning,cost_tight,poolact,gap_mi,task,hpobench:nasbench101:C,rerun_items,966,True,kimi_rerun_20260912,latest_registered_three_strategy_rerun
kimi-k3,poolact,tuning,cost_tight,poolact,raw_perf_bon,task,hpobench:nasbench101:C,rerun_items,969,True,kimi_rerun_20260912,latest_registered_three_strategy_rerun
kimi-k3,poolact,tuning,cost_tight,poolact,raw_perf_mi,task,hpobench:nasbench101:C,rerun_items,972,True,kimi_rerun_20260912,latest_registered_three_strategy_rerun
qwen3.8-2.4t-a95b-fp8,expgym,evidence_audit,cost_free,single,evidence_acc,all,all,old_absolute,3808,True,qwen_original,latest_available_not_rerun
qwen3.8-2.4t-a95b-fp8,expgym,evidence_audit,cost_free,single,label_acc,all,all,old_absolute,3813,True,qwen_original,latest_available_not_rerun
qwen3.8-2.4t-a95b-fp8,expgym,evidence_audit,cost_moderate,single,evidence_acc,all,all,old_absolute,3819,True,qwen_original,latest_available_not_rerun
qwen3.8-2.4t-a95b-fp8,expgym,evidence_audit,cost_moderate,single,label_acc,all,all,old_absolute,3824,True,qwen_original,latest_available_not_rerun
qwen3.8-2.4t-a95b-fp8,expgym,evidence_audit,cost_tight,single,evidence_acc,all,all,old_absolute,3830,True,qwen_original,latest_available_not_rerun
qwen3.8-2.4t-a95b-fp8,expgym,evidence_audit,cost_tight,single,label_acc,all,all,old_absolute,3835,True,qwen_original,latest_available_not_rerun
qwen3.8-2.4t-a95b-fp8,expgym,evidence_audit,cost_free,single,evidence_acc,family,evidence_audit,old_absolute,3840,True,qwen_original,latest_available_not_rerun
qwen3.8-2.4t-a95b-fp8,expgym,evidence_audit,cost_free,single,label_acc,family,evidence_audit,old_absolute,3845,True,qwen_original,latest_available_not_rerun
qwen3.8-2.4t-a95b-fp8,expgym,evidence_audit,cost_moderate,single,evidence_acc,family,evidence_audit,old_absolute,3851,True,qwen_original,latest_available_not_rerun
qwen3.8-2.4t-a95b-fp8,expgym,evidence_audit,cost_moderate,single,label_acc,family,evidence_audit,old_absolute,3856,True,qwen_original,latest_available_not_rerun
qwen3.8-2.4t-a95b-fp8,expgym,evidence_audit,cost_tight,single,evidence_acc,family,evidence_audit,old_absolute,3862,True,qwen_original,latest_available_not_rerun
qwen3.8-2.4t-a95b-fp8,expgym,evidence_audit,cost_tight,single,label_acc,family,evidence_audit,old_absolute,3867,True,qwen_original,latest_available_not_rerun
qwen3.8-2.4t-a95b-fp8,expgym,restricted_search,cost_free,single,f1,all,all,old_absolute,3872,True,qwen_original,latest_available_not_rerun
qwen3.8-2.4t-a95b-fp8,expgym,restricted_search,cost_moderate,single,f1,all,all,old_absolute,3882,True,qwen_original,latest_available_not_rerun
qwen3.8-2.4t-a95b-fp8,expgym,restricted_search,cost_tight,single,f1,all,all,old_absolute,3892,True,qwen_original,latest_available_not_rerun
qwen3.8-2.4t-a95b-fp8,expgym,restricted_search,cost_free,single,f1,family,whatis,old_absolute,3901,True,qwen_original,latest_available_not_rerun
qwen3.8-2.4t-a95b-fp8,expgym,restricted_search,cost_moderate,single,f1,family,whatis,old_absolute,3911,True,qwen_original,latest_available_not_rerun
qwen3.8-2.4t-a95b-fp8,expgym,restricted_search,cost_tight,single,f1,family,whatis,old_absolute,3921,True,qwen_original,latest_available_not_rerun
qwen3.8-2.4t-a95b-fp8,expgym,restricted_search,cost_free,single,f1,family,whois,old_absolute,3930,True,qwen_original,latest_available_not_rerun
qwen3.8-2.4t-a95b-fp8,expgym,restricted_search,cost_moderate,single,f1,family,whois,old_absolute,3940,True,qwen_original,latest_available_not_rerun
qwen3.8-2.4t-a95b-fp8,expgym,restricted_search,cost_tight,single,f1,family,whois,old_absolute,3950,True,qwen_original,latest_available_not_rerun
qwen3.8-2.4t-a95b-fp8,expgym,tuning,cost_free,single,gap,all,all,old_absolute,3962,True,qwen_original,latest_available_not_rerun
qwen3.8-2.4t-a95b-fp8,expgym,tuning,cost_free,single,gap0,all,all,old_gap0,49,True,qwen_original,latest_available_not_rerun
qwen3.8-2.4t-a95b-fp8,expgym,tuning,cost_free,single,raw_perf,all,all,old_absolute,3966,True,qwen_original,latest_available_not_rerun
qwen3.8-2.4t-a95b-fp8,expgym,tuning,cost_moderate,single,gap,all,all,old_absolute,3973,True,qwen_original,latest_available_not_rerun
qwen3.8-2.4t-a95b-fp8,expgym,tuning,cost_moderate,single,gap0,all,all,old_gap0,50,True,qwen_original,latest_available_not_rerun
qwen3.8-2.4t-a95b-fp8,expgym,tuning,cost_moderate,single,raw_perf,all,all,old_absolute,3977,True,qwen_original,latest_available_not_rerun
qwen3.8-2.4t-a95b-fp8,expgym,tuning,cost_tight,single,gap,all,all,old_absolute,3984,True,qwen_original,latest_available_not_rerun
qwen3.8-2.4t-a95b-fp8,expgym,tuning,cost_tight,single,gap0,all,all,old_gap0,51,True,qwen_original,latest_available_not_rerun
qwen3.8-2.4t-a95b-fp8,expgym,tuning,cost_tight,single,raw_perf,all,all,old_absolute,3988,True,qwen_original,latest_available_not_rerun
qwen3.8-2.4t-a95b-fp8,expgym,tuning,cost_free,single,gap,family,nasbench101,old_absolute,3994,True,qwen_original,latest_available_not_rerun
qwen3.8-2.4t-a95b-fp8,expgym,tuning,cost_free,single,gap0,family,nasbench101,old_gap0,52,True,qwen_original,latest_available_not_rerun
qwen3.8-2.4t-a95b-fp8,expgym,tuning,cost_free,single,raw_perf,family,nasbench101,old_absolute,3998,True,qwen_original,latest_available_not_rerun
qwen3.8-2.4t-a95b-fp8,expgym,tuning,cost_moderate,single,gap,family,nasbench101,old_absolute,4005,True,qwen_original,latest_available_not_rerun
qwen3.8-2.4t-a95b-fp8,expgym,tuning,cost_moderate,single,gap0,family,nasbench101,old_gap0,53,True,qwen_original,latest_available_not_rerun
qwen3.8-2.4t-a95b-fp8,expgym,tuning,cost_moderate,single,raw_perf,family,nasbench101,old_absolute,4009,True,qwen_original,latest_available_not_rerun
qwen3.8-2.4t-a95b-fp8,expgym,tuning,cost_tight,single,gap,family,nasbench101,old_absolute,4016,True,qwen_original,latest_available_not_rerun
qwen3.8-2.4t-a95b-fp8,expgym,tuning,cost_tight,single,gap0,family,nasbench101,old_gap0,54,True,qwen_original,latest_available_not_rerun
qwen3.8-2.4t-a95b-fp8,expgym,tuning,cost_tight,single,raw_perf,family,nasbench101,old_absolute,4020,True,qwen_original,latest_available_not_rerun
qwen3.8-2.4t-a95b-fp8,expgym,tuning,cost_free,single,gap,family,nasbench201,old_absolute,4026,True,qwen_original,latest_available_not_rerun
qwen3.8-2.4t-a95b-fp8,expgym,tuning,cost_free,single,gap0,family,nasbench201,old_gap0,55,True,qwen_original,latest_available_not_rerun
qwen3.8-2.4t-a95b-fp8,expgym,tuning,cost_free,single,raw_perf,family,nasbench201,old_absolute,4030,True,qwen_original,latest_available_not_rerun
qwen3.8-2.4t-a95b-fp8,expgym,tuning,cost_moderate,single,gap,family,nasbench201,old_absolute,4037,True,qwen_original,latest_available_not_rerun
qwen3.8-2.4t-a95b-fp8,expgym,tuning,cost_moderate,single,gap0,family,nasbench201,old_gap0,56,True,qwen_original,latest_available_not_rerun
qwen3.8-2.4t-a95b-fp8,expgym,tuning,cost_moderate,single,raw_perf,family,nasbench201,old_absolute,4041,True,qwen_original,latest_available_not_rerun
qwen3.8-2.4t-a95b-fp8,expgym,tuning,cost_tight,single,gap,family,nasbench201,old_absolute,4048,True,qwen_original,latest_available_not_rerun
qwen3.8-2.4t-a95b-fp8,expgym,tuning,cost_tight,single,gap0,family,nasbench201,old_gap0,57,True,qwen_original,latest_available_not_rerun
qwen3.8-2.4t-a95b-fp8,expgym,tuning,cost_tight,single,raw_perf,family,nasbench201,old_absolute,4052,True,qwen_original,latest_available_not_rerun
qwen3.8-2.4t-a95b-fp8,expgym,tuning,cost_free,single,gap,family,paramnet,old_absolute,4058,True,qwen_original,latest_available_not_rerun
qwen3.8-2.4t-a95b-fp8,expgym,tuning,cost_free,single,gap0,family,paramnet,old_gap0,58,True,qwen_original,latest_available_not_rerun
qwen3.8-2.4t-a95b-fp8,expgym,tuning,cost_free,single,raw_perf,family,paramnet,old_absolute,4062,True,qwen_original,latest_available_not_rerun
qwen3.8-2.4t-a95b-fp8,expgym,tuning,cost_moderate,single,gap,family,paramnet,old_absolute,4069,True,qwen_original,latest_available_not_rerun
qwen3.8-2.4t-a95b-fp8,expgym,tuning,cost_moderate,single,gap0,family,paramnet,old_gap0,59,True,qwen_original,latest_available_not_rerun
qwen3.8-2.4t-a95b-fp8,expgym,tuning,cost_moderate,single,raw_perf,family,paramnet,old_absolute,4073,True,qwen_original,latest_available_not_rerun
qwen3.8-2.4t-a95b-fp8,expgym,tuning,cost_tight,single,gap,family,paramnet,old_absolute,4080,True,qwen_original,latest_available_not_rerun
qwen3.8-2.4t-a95b-fp8,expgym,tuning,cost_tight,single,gap0,family,paramnet,old_gap0,60,True,qwen_original,latest_available_not_rerun
qwen3.8-2.4t-a95b-fp8,expgym,tuning,cost_tight,single,raw_perf,family,paramnet,old_absolute,4084,True,qwen_original,latest_available_not_rerun
qwen3.8-2.4t-a95b-fp8,expgym,tuning,cost_free,single,gap,task,hpobench:nasbench101:A,old_absolute,4090,True,qwen_original,latest_available_not_rerun
qwen3.8-2.4t-a95b-fp8,expgym,tuning,cost_free,single,raw_perf,task,hpobench:nasbench101:A,old_absolute,4094,True,qwen_original,latest_available_not_rerun
qwen3.8-2.4t-a95b-fp8,expgym,tuning,cost_moderate,single,gap,task,hpobench:nasbench101:A,old_absolute,4101,True,qwen_original,latest_available_not_rerun
qwen3.8-2.4t-a95b-fp8,expgym,tuning,cost_moderate,single,raw_perf,task,hpobench:nasbench101:A,old_absolute,4105,True,qwen_original,latest_available_not_rerun
qwen3.8-2.4t-a95b-fp8,expgym,tuning,cost_tight,single,gap,task,hpobench:nasbench101:A,old_absolute,4112,True,qwen_original,latest_available_not_rerun
qwen3.8-2.4t-a95b-fp8,expgym,tuning,cost_tight,single,raw_perf,task,hpobench:nasbench101:A,old_absolute,4116,True,qwen_original,latest_available_not_rerun
qwen3.8-2.4t-a95b-fp8,expgym,tuning,cost_free,single,gap,task,hpobench:nasbench101:B,old_absolute,4122,True,qwen_original,latest_available_not_rerun
qwen3.8-2.4t-a95b-fp8,expgym,tuning,cost_free,single,raw_perf,task,hpobench:nasbench101:B,old_absolute,4126,True,qwen_original,latest_available_not_rerun
qwen3.8-2.4t-a95b-fp8,expgym,tuning,cost_moderate,single,gap,task,hpobench:nasbench101:B,old_absolute,4133,True,qwen_original,latest_available_not_rerun
qwen3.8-2.4t-a95b-fp8,expgym,tuning,cost_moderate,single,raw_perf,task,hpobench:nasbench101:B,old_absolute,4137,True,qwen_original,latest_available_not_rerun
qwen3.8-2.4t-a95b-fp8,expgym,tuning,cost_tight,single,gap,task,hpobench:nasbench101:B,old_absolute,4144,True,qwen_original,latest_available_not_rerun
qwen3.8-2.4t-a95b-fp8,expgym,tuning,cost_tight,single,raw_perf,task,hpobench:nasbench101:B,old_absolute,4148,True,qwen_original,latest_available_not_rerun
qwen3.8-2.4t-a95b-fp8,expgym,tuning,cost_free,single,gap,task,hpobench:nasbench101:C,old_absolute,4154,True,qwen_original,latest_available_not_rerun
qwen3.8-2.4t-a95b-fp8,expgym,tuning,cost_free,single,raw_perf,task,hpobench:nasbench101:C,old_absolute,4158,True,qwen_original,latest_available_not_rerun
qwen3.8-2.4t-a95b-fp8,expgym,tuning,cost_moderate,single,gap,task,hpobench:nasbench101:C,old_absolute,4165,True,qwen_original,latest_available_not_rerun
qwen3.8-2.4t-a95b-fp8,expgym,tuning,cost_moderate,single,raw_perf,task,hpobench:nasbench101:C,old_absolute,4169,True,qwen_original,latest_available_not_rerun
qwen3.8-2.4t-a95b-fp8,expgym,tuning,cost_tight,single,gap,task,hpobench:nasbench101:C,old_absolute,4176,True,qwen_original,latest_available_not_rerun
qwen3.8-2.4t-a95b-fp8,expgym,tuning,cost_tight,single,raw_perf,task,hpobench:nasbench101:C,old_absolute,4180,True,qwen_original,latest_available_not_rerun
qwen3.8-2.4t-a95b-fp8,expgym,tuning,cost_free,single,gap,task,hpobench:nasbench201:cifar10-valid,old_absolute,4186,True,qwen_original,latest_available_not_rerun
qwen3.8-2.4t-a95b-fp8,expgym,tuning,cost_free,single,raw_perf,task,hpobench:nasbench201:cifar10-valid,old_absolute,4190,True,qwen_original,latest_available_not_rerun
qwen3.8-2.4t-a95b-fp8,expgym,tuning,cost_moderate,single,gap,task,hpobench:nasbench201:cifar10-valid,old_absolute,4197,True,qwen_original,latest_available_not_rerun
qwen3.8-2.4t-a95b-fp8,expgym,tuning,cost_moderate,single,raw_perf,task,hpobench:nasbench201:cifar10-valid,old_absolute,4201,True,qwen_original,latest_available_not_rerun
qwen3.8-2.4t-a95b-fp8,expgym,tuning,cost_tight,single,gap,task,hpobench:nasbench201:cifar10-valid,old_absolute,4208,True,qwen_original,latest_available_not_rerun
qwen3.8-2.4t-a95b-fp8,expgym,tuning,cost_tight,single,raw_perf,task,hpobench:nasbench201:cifar10-valid,old_absolute,4212,True,qwen_original,latest_available_not_rerun
qwen3.8-2.4t-a95b-fp8,expgym,tuning,cost_free,single,gap,task,hpobench:nasbench201:cifar100,old_absolute,4218,True,qwen_original,latest_available_not_rerun
qwen3.8-2.4t-a95b-fp8,expgym,tuning,cost_free,single,raw_perf,task,hpobench:nasbench201:cifar100,old_absolute,4222,True,qwen_original,latest_available_not_rerun
qwen3.8-2.4t-a95b-fp8,expgym,tuning,cost_moderate,single,gap,task,hpobench:nasbench201:cifar100,old_absolute,4229,True,qwen_original,latest_available_not_rerun
qwen3.8-2.4t-a95b-fp8,expgym,tuning,cost_moderate,single,raw_perf,task,hpobench:nasbench201:cifar100,old_absolute,4233,True,qwen_original,latest_available_not_rerun
qwen3.8-2.4t-a95b-fp8,expgym,tuning,cost_tight,single,gap,task,hpobench:nasbench201:cifar100,old_absolute,4240,True,qwen_original,latest_available_not_rerun
qwen3.8-2.4t-a95b-fp8,expgym,tuning,cost_tight,single,raw_perf,task,hpobench:nasbench201:cifar100,old_absolute,4244,True,qwen_original,latest_available_not_rerun
qwen3.8-2.4t-a95b-fp8,expgym,tuning,cost_free,single,gap,task,hpobench:nasbench201:imagenet16-120,old_absolute,4250,True,qwen_original,latest_available_not_rerun
qwen3.8-2.4t-a95b-fp8,expgym,tuning,cost_free,single,raw_perf,task,hpobench:nasbench201:imagenet16-120,old_absolute,4254,True,qwen_original,latest_available_not_rerun
qwen3.8-2.4t-a95b-fp8,expgym,tuning,cost_moderate,single,gap,task,hpobench:nasbench201:imagenet16-120,old_absolute,4261,True,qwen_original,latest_available_not_rerun
qwen3.8-2.4t-a95b-fp8,expgym,tuning,cost_moderate,single,raw_perf,task,hpobench:nasbench201:imagenet16-120,old_absolute,4265,True,qwen_original,latest_available_not_rerun
qwen3.8-2.4t-a95b-fp8,expgym,tuning,cost_tight,single,gap,task,hpobench:nasbench201:imagenet16-120,old_absolute,4272,True,qwen_original,latest_available_not_rerun
qwen3.8-2.4t-a95b-fp8,expgym,tuning,cost_tight,single,raw_perf,task,hpobench:nasbench201:imagenet16-120,old_absolute,4276,True,qwen_original,latest_available_not_rerun
qwen3.8-2.4t-a95b-fp8,expgym,tuning,cost_free,single,gap,task,hpobench:paramnet:adult:steps,old_absolute,4282,True,qwen_original,latest_available_not_rerun
qwen3.8-2.4t-a95b-fp8,expgym,tuning,cost_free,single,raw_perf,task,hpobench:paramnet:adult:steps,old_absolute,4286,True,qwen_original,latest_available_not_rerun
qwen3.8-2.4t-a95b-fp8,expgym,tuning,cost_moderate,single,gap,task,hpobench:paramnet:adult:steps,old_absolute,4293,True,qwen_original,latest_available_not_rerun
qwen3.8-2.4t-a95b-fp8,expgym,tuning,cost_moderate,single,raw_perf,task,hpobench:paramnet:adult:steps,old_absolute,4297,True,qwen_original,latest_available_not_rerun
qwen3.8-2.4t-a95b-fp8,expgym,tuning,cost_tight,single,gap,task,hpobench:paramnet:adult:steps,old_absolute,4304,True,qwen_original,latest_available_not_rerun
qwen3.8-2.4t-a95b-fp8,expgym,tuning,cost_tight,single,raw_perf,task,hpobench:paramnet:adult:steps,old_absolute,4308,True,qwen_original,latest_available_not_rerun
qwen3.8-2.4t-a95b-fp8,expgym,tuning,cost_free,single,gap,task,hpobench:paramnet:higgs:steps,old_absolute,4314,True,qwen_original,latest_available_not_rerun
qwen3.8-2.4t-a95b-fp8,expgym,tuning,cost_free,single,raw_perf,task,hpobench:paramnet:higgs:steps,old_absolute,4318,True,qwen_original,latest_available_not_rerun
qwen3.8-2.4t-a95b-fp8,expgym,tuning,cost_moderate,single,gap,task,hpobench:paramnet:higgs:steps,old_absolute,4325,True,qwen_original,latest_available_not_rerun
qwen3.8-2.4t-a95b-fp8,expgym,tuning,cost_moderate,single,raw_perf,task,hpobench:paramnet:higgs:steps,old_absolute,4329,True,qwen_original,latest_available_not_rerun
qwen3.8-2.4t-a95b-fp8,expgym,tuning,cost_tight,single,gap,task,hpobench:paramnet:higgs:steps,old_absolute,4336,True,qwen_original,latest_available_not_rerun
qwen3.8-2.4t-a95b-fp8,expgym,tuning,cost_tight,single,raw_perf,task,hpobench:paramnet:higgs:steps,old_absolute,4340,True,qwen_original,latest_available_not_rerun
qwen3.8-2.4t-a95b-fp8,expgym,tuning,cost_free,single,gap,task,hpobench:paramnet:letter:steps,old_absolute,4346,True,qwen_original,latest_available_not_rerun
qwen3.8-2.4t-a95b-fp8,expgym,tuning,cost_free,single,raw_perf,task,hpobench:paramnet:letter:steps,old_absolute,4350,True,qwen_original,latest_available_not_rerun
qwen3.8-2.4t-a95b-fp8,expgym,tuning,cost_moderate,single,gap,task,hpobench:paramnet:letter:steps,old_absolute,4357,True,qwen_original,latest_available_not_rerun
qwen3.8-2.4t-a95b-fp8,expgym,tuning,cost_moderate,single,raw_perf,task,hpobench:paramnet:letter:steps,old_absolute,4361,True,qwen_original,latest_available_not_rerun
qwen3.8-2.4t-a95b-fp8,expgym,tuning,cost_tight,single,gap,task,hpobench:paramnet:letter:steps,old_absolute,4368,True,qwen_original,latest_available_not_rerun
qwen3.8-2.4t-a95b-fp8,expgym,tuning,cost_tight,single,raw_perf,task,hpobench:paramnet:letter:steps,old_absolute,4372,True,qwen_original,latest_available_not_rerun
qwen3.8-2.4t-a95b-fp8,poolact,evidence_audit,cost_moderate,cached,evidence_acc_mi,all,all,old_absolute,4376,True,qwen_original,latest_available_not_rerun
qwen3.8-2.4t-a95b-fp8,poolact,evidence_audit,cost_moderate,cached,evidence_acc_mv,all,all,old_absolute,4377,True,qwen_original,latest_available_not_rerun
qwen3.8-2.4t-a95b-fp8,poolact,evidence_audit,cost_moderate,cached,label_acc_mi,all,all,old_absolute,4382,True,qwen_original,latest_available_not_rerun
qwen3.8-2.4t-a95b-fp8,poolact,evidence_audit,cost_moderate,cached,label_acc_mv,all,all,old_absolute,4383,True,qwen_original,latest_available_not_rerun
qwen3.8-2.4t-a95b-fp8,poolact,evidence_audit,cost_moderate,naive,evidence_acc_mi,all,all,old_absolute,4389,True,qwen_original,latest_available_not_rerun
qwen3.8-2.4t-a95b-fp8,poolact,evidence_audit,cost_moderate,naive,evidence_acc_mv,all,all,old_absolute,4390,True,qwen_original,latest_available_not_rerun
qwen3.8-2.4t-a95b-fp8,poolact,evidence_audit,cost_moderate,naive,label_acc_mi,all,all,old_absolute,4395,True,qwen_original,latest_available_not_rerun
qwen3.8-2.4t-a95b-fp8,poolact,evidence_audit,cost_moderate,naive,label_acc_mv,all,all,old_absolute,4396,True,qwen_original,latest_available_not_rerun
qwen3.8-2.4t-a95b-fp8,poolact,evidence_audit,cost_moderate,poolact,evidence_acc_mi,all,all,old_absolute,4402,True,qwen_original,latest_available_not_rerun
qwen3.8-2.4t-a95b-fp8,poolact,evidence_audit,cost_moderate,poolact,evidence_acc_mv,all,all,old_absolute,4403,True,qwen_original,latest_available_not_rerun
qwen3.8-2.4t-a95b-fp8,poolact,evidence_audit,cost_moderate,poolact,label_acc_mi,all,all,old_absolute,4408,True,qwen_original,latest_available_not_rerun
qwen3.8-2.4t-a95b-fp8,poolact,evidence_audit,cost_moderate,poolact,label_acc_mv,all,all,old_absolute,4409,True,qwen_original,latest_available_not_rerun
qwen3.8-2.4t-a95b-fp8,poolact,evidence_audit,cost_tight,cached,evidence_acc_mi,all,all,old_absolute,4415,True,qwen_original,latest_available_not_rerun
qwen3.8-2.4t-a95b-fp8,poolact,evidence_audit,cost_tight,cached,evidence_acc_mv,all,all,old_absolute,4416,True,qwen_original,latest_available_not_rerun
qwen3.8-2.4t-a95b-fp8,poolact,evidence_audit,cost_tight,cached,label_acc_mi,all,all,old_absolute,4421,True,qwen_original,latest_available_not_rerun
qwen3.8-2.4t-a95b-fp8,poolact,evidence_audit,cost_tight,cached,label_acc_mv,all,all,old_absolute,4422,True,qwen_original,latest_available_not_rerun
qwen3.8-2.4t-a95b-fp8,poolact,evidence_audit,cost_tight,naive,evidence_acc_mi,all,all,old_absolute,4428,True,qwen_original,latest_available_not_rerun
qwen3.8-2.4t-a95b-fp8,poolact,evidence_audit,cost_tight,naive,evidence_acc_mv,all,all,old_absolute,4429,True,qwen_original,latest_available_not_rerun
qwen3.8-2.4t-a95b-fp8,poolact,evidence_audit,cost_tight,naive,label_acc_mi,all,all,old_absolute,4434,True,qwen_original,latest_available_not_rerun
qwen3.8-2.4t-a95b-fp8,poolact,evidence_audit,cost_tight,naive,label_acc_mv,all,all,old_absolute,4435,True,qwen_original,latest_available_not_rerun
qwen3.8-2.4t-a95b-fp8,poolact,evidence_audit,cost_tight,poolact,evidence_acc_mi,all,all,old_absolute,4441,True,qwen_original,latest_available_not_rerun
qwen3.8-2.4t-a95b-fp8,poolact,evidence_audit,cost_tight,poolact,evidence_acc_mv,all,all,old_absolute,4442,True,qwen_original,latest_available_not_rerun
qwen3.8-2.4t-a95b-fp8,poolact,evidence_audit,cost_tight,poolact,label_acc_mi,all,all,old_absolute,4447,True,qwen_original,latest_available_not_rerun
qwen3.8-2.4t-a95b-fp8,poolact,evidence_audit,cost_tight,poolact,label_acc_mv,all,all,old_absolute,4448,True,qwen_original,latest_available_not_rerun
qwen3.8-2.4t-a95b-fp8,poolact,evidence_audit,cost_moderate,cached,evidence_acc_mi,family,evidence_audit,old_absolute,4454,True,qwen_original,latest_available_not_rerun
qwen3.8-2.4t-a95b-fp8,poolact,evidence_audit,cost_moderate,cached,evidence_acc_mv,family,evidence_audit,old_absolute,4455,True,qwen_original,latest_available_not_rerun
qwen3.8-2.4t-a95b-fp8,poolact,evidence_audit,cost_moderate,cached,label_acc_mi,family,evidence_audit,old_absolute,4460,True,qwen_original,latest_available_not_rerun
qwen3.8-2.4t-a95b-fp8,poolact,evidence_audit,cost_moderate,cached,label_acc_mv,family,evidence_audit,old_absolute,4461,True,qwen_original,latest_available_not_rerun
qwen3.8-2.4t-a95b-fp8,poolact,evidence_audit,cost_moderate,naive,evidence_acc_mi,family,evidence_audit,old_absolute,4467,True,qwen_original,latest_available_not_rerun
qwen3.8-2.4t-a95b-fp8,poolact,evidence_audit,cost_moderate,naive,evidence_acc_mv,family,evidence_audit,old_absolute,4468,True,qwen_original,latest_available_not_rerun
qwen3.8-2.4t-a95b-fp8,poolact,evidence_audit,cost_moderate,naive,label_acc_mi,family,evidence_audit,old_absolute,4473,True,qwen_original,latest_available_not_rerun
qwen3.8-2.4t-a95b-fp8,poolact,evidence_audit,cost_moderate,naive,label_acc_mv,family,evidence_audit,old_absolute,4474,True,qwen_original,latest_available_not_rerun
qwen3.8-2.4t-a95b-fp8,poolact,evidence_audit,cost_moderate,poolact,evidence_acc_mi,family,evidence_audit,old_absolute,4480,True,qwen_original,latest_available_not_rerun
qwen3.8-2.4t-a95b-fp8,poolact,evidence_audit,cost_moderate,poolact,evidence_acc_mv,family,evidence_audit,old_absolute,4481,True,qwen_original,latest_available_not_rerun
qwen3.8-2.4t-a95b-fp8,poolact,evidence_audit,cost_moderate,poolact,label_acc_mi,family,evidence_audit,old_absolute,4486,True,qwen_original,latest_available_not_rerun
qwen3.8-2.4t-a95b-fp8,poolact,evidence_audit,cost_moderate,poolact,label_acc_mv,family,evidence_audit,old_absolute,4487,True,qwen_original,latest_available_not_rerun
qwen3.8-2.4t-a95b-fp8,poolact,evidence_audit,cost_tight,cached,evidence_acc_mi,family,evidence_audit,old_absolute,4493,True,qwen_original,latest_available_not_rerun
qwen3.8-2.4t-a95b-fp8,poolact,evidence_audit,cost_tight,cached,evidence_acc_mv,family,evidence_audit,old_absolute,4494,True,qwen_original,latest_available_not_rerun
qwen3.8-2.4t-a95b-fp8,poolact,evidence_audit,cost_tight,cached,label_acc_mi,family,evidence_audit,old_absolute,4499,True,qwen_original,latest_available_not_rerun
qwen3.8-2.4t-a95b-fp8,poolact,evidence_audit,cost_tight,cached,label_acc_mv,family,evidence_audit,old_absolute,4500,True,qwen_original,latest_available_not_rerun
qwen3.8-2.4t-a95b-fp8,poolact,evidence_audit,cost_tight,naive,evidence_acc_mi,family,evidence_audit,old_absolute,4506,True,qwen_original,latest_available_not_rerun
qwen3.8-2.4t-a95b-fp8,poolact,evidence_audit,cost_tight,naive,evidence_acc_mv,family,evidence_audit,old_absolute,4507,True,qwen_original,latest_available_not_rerun
qwen3.8-2.4t-a95b-fp8,poolact,evidence_audit,cost_tight,naive,label_acc_mi,family,evidence_audit,old_absolute,4512,True,qwen_original,latest_available_not_rerun
qwen3.8-2.4t-a95b-fp8,poolact,evidence_audit,cost_tight,naive,label_acc_mv,family,evidence_audit,old_absolute,4513,True,qwen_original,latest_available_not_rerun
qwen3.8-2.4t-a95b-fp8,poolact,evidence_audit,cost_tight,poolact,evidence_acc_mi,family,evidence_audit,old_absolute,4519,True,qwen_original,latest_available_not_rerun
qwen3.8-2.4t-a95b-fp8,poolact,evidence_audit,cost_tight,poolact,evidence_acc_mv,family,evidence_audit,old_absolute,4520,True,qwen_original,latest_available_not_rerun
qwen3.8-2.4t-a95b-fp8,poolact,evidence_audit,cost_tight,poolact,label_acc_mi,family,evidence_audit,old_absolute,4525,True,qwen_original,latest_available_not_rerun
qwen3.8-2.4t-a95b-fp8,poolact,evidence_audit,cost_tight,poolact,label_acc_mv,family,evidence_audit,old_absolute,4526,True,qwen_original,latest_available_not_rerun
qwen3.8-2.4t-a95b-fp8,poolact,restricted_search,cost_moderate,cached,f1_mi,all,all,old_absolute,4532,True,qwen_original,latest_available_not_rerun
qwen3.8-2.4t-a95b-fp8,poolact,restricted_search,cost_moderate,cached,f1_mv,all,all,old_absolute,4533,True,qwen_original,latest_available_not_rerun
qwen3.8-2.4t-a95b-fp8,poolact,restricted_search,cost_moderate,naive,f1_mi,all,all,old_absolute,4543,True,qwen_original,latest_available_not_rerun
qwen3.8-2.4t-a95b-fp8,poolact,restricted_search,cost_moderate,naive,f1_mv,all,all,old_absolute,4544,True,qwen_original,latest_available_not_rerun
qwen3.8-2.4t-a95b-fp8,poolact,restricted_search,cost_moderate,poolact,f1_mi,all,all,old_absolute,4554,True,qwen_original,latest_available_not_rerun
qwen3.8-2.4t-a95b-fp8,poolact,restricted_search,cost_moderate,poolact,f1_mv,all,all,old_absolute,4555,True,qwen_original,latest_available_not_rerun
qwen3.8-2.4t-a95b-fp8,poolact,restricted_search,cost_tight,cached,f1_mi,all,all,old_absolute,4565,True,qwen_original,latest_available_not_rerun
qwen3.8-2.4t-a95b-fp8,poolact,restricted_search,cost_tight,cached,f1_mv,all,all,old_absolute,4566,True,qwen_original,latest_available_not_rerun
qwen3.8-2.4t-a95b-fp8,poolact,restricted_search,cost_tight,naive,f1_mi,all,all,old_absolute,4576,True,qwen_original,latest_available_not_rerun
qwen3.8-2.4t-a95b-fp8,poolact,restricted_search,cost_tight,naive,f1_mv,all,all,old_absolute,4577,True,qwen_original,latest_available_not_rerun
qwen3.8-2.4t-a95b-fp8,poolact,restricted_search,cost_tight,poolact,f1_mi,all,all,old_absolute,4587,True,qwen_original,latest_available_not_rerun
qwen3.8-2.4t-a95b-fp8,poolact,restricted_search,cost_tight,poolact,f1_mv,all,all,old_absolute,4588,True,qwen_original,latest_available_not_rerun
qwen3.8-2.4t-a95b-fp8,poolact,restricted_search,cost_moderate,cached,f1_mi,family,whois,old_absolute,4598,True,qwen_original,latest_available_not_rerun
qwen3.8-2.4t-a95b-fp8,poolact,restricted_search,cost_moderate,cached,f1_mv,family,whois,old_absolute,4599,True,qwen_original,latest_available_not_rerun
qwen3.8-2.4t-a95b-fp8,poolact,restricted_search,cost_moderate,naive,f1_mi,family,whois,old_absolute,4609,True,qwen_original,latest_available_not_rerun
qwen3.8-2.4t-a95b-fp8,poolact,restricted_search,cost_moderate,naive,f1_mv,family,whois,old_absolute,4610,True,qwen_original,latest_available_not_rerun
qwen3.8-2.4t-a95b-fp8,poolact,restricted_search,cost_moderate,poolact,f1_mi,family,whois,old_absolute,4620,True,qwen_original,latest_available_not_rerun
qwen3.8-2.4t-a95b-fp8,poolact,restricted_search,cost_moderate,poolact,f1_mv,family,whois,old_absolute,4621,True,qwen_original,latest_available_not_rerun
qwen3.8-2.4t-a95b-fp8,poolact,restricted_search,cost_tight,cached,f1_mi,family,whois,old_absolute,4631,True,qwen_original,latest_available_not_rerun
qwen3.8-2.4t-a95b-fp8,poolact,restricted_search,cost_tight,cached,f1_mv,family,whois,old_absolute,4632,True,qwen_original,latest_available_not_rerun
qwen3.8-2.4t-a95b-fp8,poolact,restricted_search,cost_tight,naive,f1_mi,family,whois,old_absolute,4642,True,qwen_original,latest_available_not_rerun
qwen3.8-2.4t-a95b-fp8,poolact,restricted_search,cost_tight,naive,f1_mv,family,whois,old_absolute,4643,True,qwen_original,latest_available_not_rerun
qwen3.8-2.4t-a95b-fp8,poolact,restricted_search,cost_tight,poolact,f1_mi,family,whois,old_absolute,4653,True,qwen_original,latest_available_not_rerun
qwen3.8-2.4t-a95b-fp8,poolact,restricted_search,cost_tight,poolact,f1_mv,family,whois,old_absolute,4654,True,qwen_original,latest_available_not_rerun
qwen3.8-2.4t-a95b-fp8,poolact,tuning,cost_moderate,cached,gap0_bon,all,all,old_gap0,61,True,qwen_original,latest_available_not_rerun
qwen3.8-2.4t-a95b-fp8,poolact,tuning,cost_moderate,cached,gap0_mi,all,all,old_gap0,62,True,qwen_original,latest_available_not_rerun
qwen3.8-2.4t-a95b-fp8,poolact,tuning,cost_moderate,cached,gap_bon,all,all,old_absolute,4667,True,qwen_original,latest_available_not_rerun
qwen3.8-2.4t-a95b-fp8,poolact,tuning,cost_moderate,cached,gap_mi,all,all,old_absolute,4668,True,qwen_original,latest_available_not_rerun
qwen3.8-2.4t-a95b-fp8,poolact,tuning,cost_moderate,cached,raw_perf_bon,all,all,old_absolute,4672,True,qwen_original,latest_available_not_rerun
qwen3.8-2.4t-a95b-fp8,poolact,tuning,cost_moderate,cached,raw_perf_mi,all,all,old_absolute,4673,True,qwen_original,latest_available_not_rerun
qwen3.8-2.4t-a95b-fp8,poolact,tuning,cost_moderate,naive,gap0_bon,all,all,old_gap0,63,True,qwen_original,latest_available_not_rerun
qwen3.8-2.4t-a95b-fp8,poolact,tuning,cost_moderate,naive,gap0_mi,all,all,old_gap0,64,True,qwen_original,latest_available_not_rerun
qwen3.8-2.4t-a95b-fp8,poolact,tuning,cost_moderate,naive,gap_bon,all,all,old_absolute,4680,True,qwen_original,latest_available_not_rerun
qwen3.8-2.4t-a95b-fp8,poolact,tuning,cost_moderate,naive,gap_mi,all,all,old_absolute,4681,True,qwen_original,latest_available_not_rerun
qwen3.8-2.4t-a95b-fp8,poolact,tuning,cost_moderate,naive,raw_perf_bon,all,all,old_absolute,4685,True,qwen_original,latest_available_not_rerun
qwen3.8-2.4t-a95b-fp8,poolact,tuning,cost_moderate,naive,raw_perf_mi,all,all,old_absolute,4686,True,qwen_original,latest_available_not_rerun
qwen3.8-2.4t-a95b-fp8,poolact,tuning,cost_moderate,poolact,gap0_bon,all,all,old_gap0,65,True,qwen_original,latest_available_not_rerun
qwen3.8-2.4t-a95b-fp8,poolact,tuning,cost_moderate,poolact,gap0_mi,all,all,old_gap0,66,True,qwen_original,latest_available_not_rerun
qwen3.8-2.4t-a95b-fp8,poolact,tuning,cost_moderate,poolact,gap_bon,all,all,old_absolute,4693,True,qwen_original,latest_available_not_rerun
qwen3.8-2.4t-a95b-fp8,poolact,tuning,cost_moderate,poolact,gap_mi,all,all,old_absolute,4694,True,qwen_original,latest_available_not_rerun
qwen3.8-2.4t-a95b-fp8,poolact,tuning,cost_moderate,poolact,raw_perf_bon,all,all,old_absolute,4698,True,qwen_original,latest_available_not_rerun
qwen3.8-2.4t-a95b-fp8,poolact,tuning,cost_moderate,poolact,raw_perf_mi,all,all,old_absolute,4699,True,qwen_original,latest_available_not_rerun
qwen3.8-2.4t-a95b-fp8,poolact,tuning,cost_tight,cached,gap0_bon,all,all,old_gap0,67,True,qwen_original,latest_available_not_rerun
qwen3.8-2.4t-a95b-fp8,poolact,tuning,cost_tight,cached,gap0_mi,all,all,old_gap0,68,True,qwen_original,latest_available_not_rerun
qwen3.8-2.4t-a95b-fp8,poolact,tuning,cost_tight,cached,gap_bon,all,all,old_absolute,4706,True,qwen_original,latest_available_not_rerun
qwen3.8-2.4t-a95b-fp8,poolact,tuning,cost_tight,cached,gap_mi,all,all,old_absolute,4707,True,qwen_original,latest_available_not_rerun
qwen3.8-2.4t-a95b-fp8,poolact,tuning,cost_tight,cached,raw_perf_bon,all,all,old_absolute,4711,True,qwen_original,latest_available_not_rerun
qwen3.8-2.4t-a95b-fp8,poolact,tuning,cost_tight,cached,raw_perf_mi,all,all,old_absolute,4712,True,qwen_original,latest_available_not_rerun
qwen3.8-2.4t-a95b-fp8,poolact,tuning,cost_tight,naive,gap0_bon,all,all,old_gap0,69,True,qwen_original,latest_available_not_rerun
qwen3.8-2.4t-a95b-fp8,poolact,tuning,cost_tight,naive,gap0_mi,all,all,old_gap0,70,True,qwen_original,latest_available_not_rerun
qwen3.8-2.4t-a95b-fp8,poolact,tuning,cost_tight,naive,gap_bon,all,all,old_absolute,4719,True,qwen_original,latest_available_not_rerun
qwen3.8-2.4t-a95b-fp8,poolact,tuning,cost_tight,naive,gap_mi,all,all,old_absolute,4720,True,qwen_original,latest_available_not_rerun
qwen3.8-2.4t-a95b-fp8,poolact,tuning,cost_tight,naive,raw_perf_bon,all,all,old_absolute,4724,True,qwen_original,latest_available_not_rerun
qwen3.8-2.4t-a95b-fp8,poolact,tuning,cost_tight,naive,raw_perf_mi,all,all,old_absolute,4725,True,qwen_original,latest_available_not_rerun
qwen3.8-2.4t-a95b-fp8,poolact,tuning,cost_tight,poolact,gap0_bon,all,all,old_gap0,71,True,qwen_original,latest_available_not_rerun
qwen3.8-2.4t-a95b-fp8,poolact,tuning,cost_tight,poolact,gap0_mi,all,all,old_gap0,72,True,qwen_original,latest_available_not_rerun
qwen3.8-2.4t-a95b-fp8,poolact,tuning,cost_tight,poolact,gap_bon,all,all,old_absolute,4732,True,qwen_original,latest_available_not_rerun
qwen3.8-2.4t-a95b-fp8,poolact,tuning,cost_tight,poolact,gap_mi,all,all,old_absolute,4733,True,qwen_original,latest_available_not_rerun
qwen3.8-2.4t-a95b-fp8,poolact,tuning,cost_tight,poolact,raw_perf_bon,all,all,old_absolute,4737,True,qwen_original,latest_available_not_rerun
qwen3.8-2.4t-a95b-fp8,poolact,tuning,cost_tight,poolact,raw_perf_mi,all,all,old_absolute,4738,True,qwen_original,latest_available_not_rerun
qwen3.8-2.4t-a95b-fp8,poolact,tuning,cost_moderate,cached,gap0_bon,family,nasbench101,old_gap0,61,True,qwen_original,latest_available_not_rerun; all_equals_NAS101_only_family
qwen3.8-2.4t-a95b-fp8,poolact,tuning,cost_moderate,cached,gap0_mi,family,nasbench101,old_gap0,62,True,qwen_original,latest_available_not_rerun; all_equals_NAS101_only_family
qwen3.8-2.4t-a95b-fp8,poolact,tuning,cost_moderate,cached,gap_bon,family,nasbench101,old_absolute,4745,True,qwen_original,latest_available_not_rerun
qwen3.8-2.4t-a95b-fp8,poolact,tuning,cost_moderate,cached,gap_mi,family,nasbench101,old_absolute,4746,True,qwen_original,latest_available_not_rerun
qwen3.8-2.4t-a95b-fp8,poolact,tuning,cost_moderate,cached,raw_perf_bon,family,nasbench101,old_absolute,4750,True,qwen_original,latest_available_not_rerun
qwen3.8-2.4t-a95b-fp8,poolact,tuning,cost_moderate,cached,raw_perf_mi,family,nasbench101,old_absolute,4751,True,qwen_original,latest_available_not_rerun
qwen3.8-2.4t-a95b-fp8,poolact,tuning,cost_moderate,naive,gap0_bon,family,nasbench101,old_gap0,63,True,qwen_original,latest_available_not_rerun; all_equals_NAS101_only_family
qwen3.8-2.4t-a95b-fp8,poolact,tuning,cost_moderate,naive,gap0_mi,family,nasbench101,old_gap0,64,True,qwen_original,latest_available_not_rerun; all_equals_NAS101_only_family
qwen3.8-2.4t-a95b-fp8,poolact,tuning,cost_moderate,naive,gap_bon,family,nasbench101,old_absolute,4758,True,qwen_original,latest_available_not_rerun
qwen3.8-2.4t-a95b-fp8,poolact,tuning,cost_moderate,naive,gap_mi,family,nasbench101,old_absolute,4759,True,qwen_original,latest_available_not_rerun
qwen3.8-2.4t-a95b-fp8,poolact,tuning,cost_moderate,naive,raw_perf_bon,family,nasbench101,old_absolute,4763,True,qwen_original,latest_available_not_rerun
qwen3.8-2.4t-a95b-fp8,poolact,tuning,cost_moderate,naive,raw_perf_mi,family,nasbench101,old_absolute,4764,True,qwen_original,latest_available_not_rerun
qwen3.8-2.4t-a95b-fp8,poolact,tuning,cost_moderate,poolact,gap0_bon,family,nasbench101,old_gap0,65,True,qwen_original,latest_available_not_rerun; all_equals_NAS101_only_family
qwen3.8-2.4t-a95b-fp8,poolact,tuning,cost_moderate,poolact,gap0_mi,family,nasbench101,old_gap0,66,True,qwen_original,latest_available_not_rerun; all_equals_NAS101_only_family
qwen3.8-2.4t-a95b-fp8,poolact,tuning,cost_moderate,poolact,gap_bon,family,nasbench101,old_absolute,4771,True,qwen_original,latest_available_not_rerun
qwen3.8-2.4t-a95b-fp8,poolact,tuning,cost_moderate,poolact,gap_mi,family,nasbench101,old_absolute,4772,True,qwen_original,latest_available_not_rerun
qwen3.8-2.4t-a95b-fp8,poolact,tuning,cost_moderate,poolact,raw_perf_bon,family,nasbench101,old_absolute,4776,True,qwen_original,latest_available_not_rerun
qwen3.8-2.4t-a95b-fp8,poolact,tuning,cost_moderate,poolact,raw_perf_mi,family,nasbench101,old_absolute,4777,True,qwen_original,latest_available_not_rerun
qwen3.8-2.4t-a95b-fp8,poolact,tuning,cost_tight,cached,gap0_bon,family,nasbench101,old_gap0,67,True,qwen_original,latest_available_not_rerun; all_equals_NAS101_only_family
qwen3.8-2.4t-a95b-fp8,poolact,tuning,cost_tight,cached,gap0_mi,family,nasbench101,old_gap0,68,True,qwen_original,latest_available_not_rerun; all_equals_NAS101_only_family
qwen3.8-2.4t-a95b-fp8,poolact,tuning,cost_tight,cached,gap_bon,family,nasbench101,old_absolute,4784,True,qwen_original,latest_available_not_rerun
qwen3.8-2.4t-a95b-fp8,poolact,tuning,cost_tight,cached,gap_mi,family,nasbench101,old_absolute,4785,True,qwen_original,latest_available_not_rerun
qwen3.8-2.4t-a95b-fp8,poolact,tuning,cost_tight,cached,raw_perf_bon,family,nasbench101,old_absolute,4789,True,qwen_original,latest_available_not_rerun
qwen3.8-2.4t-a95b-fp8,poolact,tuning,cost_tight,cached,raw_perf_mi,family,nasbench101,old_absolute,4790,True,qwen_original,latest_available_not_rerun
qwen3.8-2.4t-a95b-fp8,poolact,tuning,cost_tight,naive,gap0_bon,family,nasbench101,old_gap0,69,True,qwen_original,latest_available_not_rerun; all_equals_NAS101_only_family
qwen3.8-2.4t-a95b-fp8,poolact,tuning,cost_tight,naive,gap0_mi,family,nasbench101,old_gap0,70,True,qwen_original,latest_available_not_rerun; all_equals_NAS101_only_family
qwen3.8-2.4t-a95b-fp8,poolact,tuning,cost_tight,naive,gap_bon,family,nasbench101,old_absolute,4797,True,qwen_original,latest_available_not_rerun
qwen3.8-2.4t-a95b-fp8,poolact,tuning,cost_tight,naive,gap_mi,family,nasbench101,old_absolute,4798,True,qwen_original,latest_available_not_rerun
qwen3.8-2.4t-a95b-fp8,poolact,tuning,cost_tight,naive,raw_perf_bon,family,nasbench101,old_absolute,4802,True,qwen_original,latest_available_not_rerun
qwen3.8-2.4t-a95b-fp8,poolact,tuning,cost_tight,naive,raw_perf_mi,family,nasbench101,old_absolute,4803,True,qwen_original,latest_available_not_rerun
qwen3.8-2.4t-a95b-fp8,poolact,tuning,cost_tight,poolact,gap0_bon,family,nasbench101,old_gap0,71,True,qwen_original,latest_available_not_rerun; all_equals_NAS101_only_family
qwen3.8-2.4t-a95b-fp8,poolact,tuning,cost_tight,poolact,gap0_mi,family,nasbench101,old_gap0,72,True,qwen_original,latest_available_not_rerun; all_equals_NAS101_only_family
qwen3.8-2.4t-a95b-fp8,poolact,tuning,cost_tight,poolact,gap_bon,family,nasbench101,old_absolute,4810,True,qwen_original,latest_available_not_rerun
qwen3.8-2.4t-a95b-fp8,poolact,tuning,cost_tight,poolact,gap_mi,family,nasbench101,old_absolute,4811,True,qwen_original,latest_available_not_rerun
qwen3.8-2.4t-a95b-fp8,poolact,tuning,cost_tight,poolact,raw_perf_bon,family,nasbench101,old_absolute,4815,True,qwen_original,latest_available_not_rerun
qwen3.8-2.4t-a95b-fp8,poolact,tuning,cost_tight,poolact,raw_perf_mi,family,nasbench101,old_absolute,4816,True,qwen_original,latest_available_not_rerun
qwen3.8-2.4t-a95b-fp8,poolact,tuning,cost_moderate,cached,gap_bon,task,hpobench:nasbench101:A,old_absolute,4823,True,qwen_original,latest_available_not_rerun
qwen3.8-2.4t-a95b-fp8,poolact,tuning,cost_moderate,cached,gap_mi,task,hpobench:nasbench101:A,old_absolute,4824,True,qwen_original,latest_available_not_rerun
qwen3.8-2.4t-a95b-fp8,poolact,tuning,cost_moderate,cached,raw_perf_bon,task,hpobench:nasbench101:A,old_absolute,4828,True,qwen_original,latest_available_not_rerun
qwen3.8-2.4t-a95b-fp8,poolact,tuning,cost_moderate,cached,raw_perf_mi,task,hpobench:nasbench101:A,old_absolute,4829,True,qwen_original,latest_available_not_rerun
qwen3.8-2.4t-a95b-fp8,poolact,tuning,cost_moderate,naive,gap_bon,task,hpobench:nasbench101:A,old_absolute,4836,True,qwen_original,latest_available_not_rerun
qwen3.8-2.4t-a95b-fp8,poolact,tuning,cost_moderate,naive,gap_mi,task,hpobench:nasbench101:A,old_absolute,4837,True,qwen_original,latest_available_not_rerun
qwen3.8-2.4t-a95b-fp8,poolact,tuning,cost_moderate,naive,raw_perf_bon,task,hpobench:nasbench101:A,old_absolute,4841,True,qwen_original,latest_available_not_rerun
qwen3.8-2.4t-a95b-fp8,poolact,tuning,cost_moderate,naive,raw_perf_mi,task,hpobench:nasbench101:A,old_absolute,4842,True,qwen_original,latest_available_not_rerun
qwen3.8-2.4t-a95b-fp8,poolact,tuning,cost_moderate,poolact,gap_bon,task,hpobench:nasbench101:A,old_absolute,4849,True,qwen_original,latest_available_not_rerun
qwen3.8-2.4t-a95b-fp8,poolact,tuning,cost_moderate,poolact,gap_mi,task,hpobench:nasbench101:A,old_absolute,4850,True,qwen_original,latest_available_not_rerun
qwen3.8-2.4t-a95b-fp8,poolact,tuning,cost_moderate,poolact,raw_perf_bon,task,hpobench:nasbench101:A,old_absolute,4854,True,qwen_original,latest_available_not_rerun
qwen3.8-2.4t-a95b-fp8,poolact,tuning,cost_moderate,poolact,raw_perf_mi,task,hpobench:nasbench101:A,old_absolute,4855,True,qwen_original,latest_available_not_rerun
qwen3.8-2.4t-a95b-fp8,poolact,tuning,cost_tight,cached,gap_bon,task,hpobench:nasbench101:A,old_absolute,4862,True,qwen_original,latest_available_not_rerun
qwen3.8-2.4t-a95b-fp8,poolact,tuning,cost_tight,cached,gap_mi,task,hpobench:nasbench101:A,old_absolute,4863,True,qwen_original,latest_available_not_rerun
qwen3.8-2.4t-a95b-fp8,poolact,tuning,cost_tight,cached,raw_perf_bon,task,hpobench:nasbench101:A,old_absolute,4867,True,qwen_original,latest_available_not_rerun
qwen3.8-2.4t-a95b-fp8,poolact,tuning,cost_tight,cached,raw_perf_mi,task,hpobench:nasbench101:A,old_absolute,4868,True,qwen_original,latest_available_not_rerun
qwen3.8-2.4t-a95b-fp8,poolact,tuning,cost_tight,naive,gap_bon,task,hpobench:nasbench101:A,old_absolute,4875,True,qwen_original,latest_available_not_rerun
qwen3.8-2.4t-a95b-fp8,poolact,tuning,cost_tight,naive,gap_mi,task,hpobench:nasbench101:A,old_absolute,4876,True,qwen_original,latest_available_not_rerun
qwen3.8-2.4t-a95b-fp8,poolact,tuning,cost_tight,naive,raw_perf_bon,task,hpobench:nasbench101:A,old_absolute,4880,True,qwen_original,latest_available_not_rerun
qwen3.8-2.4t-a95b-fp8,poolact,tuning,cost_tight,naive,raw_perf_mi,task,hpobench:nasbench101:A,old_absolute,4881,True,qwen_original,latest_available_not_rerun
qwen3.8-2.4t-a95b-fp8,poolact,tuning,cost_tight,poolact,gap_bon,task,hpobench:nasbench101:A,old_absolute,4888,True,qwen_original,latest_available_not_rerun
qwen3.8-2.4t-a95b-fp8,poolact,tuning,cost_tight,poolact,gap_mi,task,hpobench:nasbench101:A,old_absolute,4889,True,qwen_original,latest_available_not_rerun
qwen3.8-2.4t-a95b-fp8,poolact,tuning,cost_tight,poolact,raw_perf_bon,task,hpobench:nasbench101:A,old_absolute,4893,True,qwen_original,latest_available_not_rerun
qwen3.8-2.4t-a95b-fp8,poolact,tuning,cost_tight,poolact,raw_perf_mi,task,hpobench:nasbench101:A,old_absolute,4894,True,qwen_original,latest_available_not_rerun
qwen3.8-2.4t-a95b-fp8,poolact,tuning,cost_moderate,cached,gap_bon,task,hpobench:nasbench101:B,old_absolute,4901,True,qwen_original,latest_available_not_rerun
qwen3.8-2.4t-a95b-fp8,poolact,tuning,cost_moderate,cached,gap_mi,task,hpobench:nasbench101:B,old_absolute,4902,True,qwen_original,latest_available_not_rerun
qwen3.8-2.4t-a95b-fp8,poolact,tuning,cost_moderate,cached,raw_perf_bon,task,hpobench:nasbench101:B,old_absolute,4906,True,qwen_original,latest_available_not_rerun
qwen3.8-2.4t-a95b-fp8,poolact,tuning,cost_moderate,cached,raw_perf_mi,task,hpobench:nasbench101:B,old_absolute,4907,True,qwen_original,latest_available_not_rerun
qwen3.8-2.4t-a95b-fp8,poolact,tuning,cost_moderate,naive,gap_bon,task,hpobench:nasbench101:B,old_absolute,4914,True,qwen_original,latest_available_not_rerun
qwen3.8-2.4t-a95b-fp8,poolact,tuning,cost_moderate,naive,gap_mi,task,hpobench:nasbench101:B,old_absolute,4915,True,qwen_original,latest_available_not_rerun
qwen3.8-2.4t-a95b-fp8,poolact,tuning,cost_moderate,naive,raw_perf_bon,task,hpobench:nasbench101:B,old_absolute,4919,True,qwen_original,latest_available_not_rerun
qwen3.8-2.4t-a95b-fp8,poolact,tuning,cost_moderate,naive,raw_perf_mi,task,hpobench:nasbench101:B,old_absolute,4920,True,qwen_original,latest_available_not_rerun
qwen3.8-2.4t-a95b-fp8,poolact,tuning,cost_moderate,poolact,gap_bon,task,hpobench:nasbench101:B,old_absolute,4927,True,qwen_original,latest_available_not_rerun
qwen3.8-2.4t-a95b-fp8,poolact,tuning,cost_moderate,poolact,gap_mi,task,hpobench:nasbench101:B,old_absolute,4928,True,qwen_original,latest_available_not_rerun
qwen3.8-2.4t-a95b-fp8,poolact,tuning,cost_moderate,poolact,raw_perf_bon,task,hpobench:nasbench101:B,old_absolute,4932,True,qwen_original,latest_available_not_rerun
qwen3.8-2.4t-a95b-fp8,poolact,tuning,cost_moderate,poolact,raw_perf_mi,task,hpobench:nasbench101:B,old_absolute,4933,True,qwen_original,latest_available_not_rerun
qwen3.8-2.4t-a95b-fp8,poolact,tuning,cost_tight,cached,gap_bon,task,hpobench:nasbench101:B,old_absolute,4940,True,qwen_original,latest_available_not_rerun
qwen3.8-2.4t-a95b-fp8,poolact,tuning,cost_tight,cached,gap_mi,task,hpobench:nasbench101:B,old_absolute,4941,True,qwen_original,latest_available_not_rerun
qwen3.8-2.4t-a95b-fp8,poolact,tuning,cost_tight,cached,raw_perf_bon,task,hpobench:nasbench101:B,old_absolute,4945,True,qwen_original,latest_available_not_rerun
qwen3.8-2.4t-a95b-fp8,poolact,tuning,cost_tight,cached,raw_perf_mi,task,hpobench:nasbench101:B,old_absolute,4946,True,qwen_original,latest_available_not_rerun
qwen3.8-2.4t-a95b-fp8,poolact,tuning,cost_tight,naive,gap_bon,task,hpobench:nasbench101:B,old_absolute,4953,True,qwen_original,latest_available_not_rerun
qwen3.8-2.4t-a95b-fp8,poolact,tuning,cost_tight,naive,gap_mi,task,hpobench:nasbench101:B,old_absolute,4954,True,qwen_original,latest_available_not_rerun
qwen3.8-2.4t-a95b-fp8,poolact,tuning,cost_tight,naive,raw_perf_bon,task,hpobench:nasbench101:B,old_absolute,4958,True,qwen_original,latest_available_not_rerun
qwen3.8-2.4t-a95b-fp8,poolact,tuning,cost_tight,naive,raw_perf_mi,task,hpobench:nasbench101:B,old_absolute,4959,True,qwen_original,latest_available_not_rerun
qwen3.8-2.4t-a95b-fp8,poolact,tuning,cost_tight,poolact,gap_bon,task,hpobench:nasbench101:B,old_absolute,4966,True,qwen_original,latest_available_not_rerun
qwen3.8-2.4t-a95b-fp8,poolact,tuning,cost_tight,poolact,gap_mi,task,hpobench:nasbench101:B,old_absolute,4967,True,qwen_original,latest_available_not_rerun
qwen3.8-2.4t-a95b-fp8,poolact,tuning,cost_tight,poolact,raw_perf_bon,task,hpobench:nasbench101:B,old_absolute,4971,True,qwen_original,latest_available_not_rerun
qwen3.8-2.4t-a95b-fp8,poolact,tuning,cost_tight,poolact,raw_perf_mi,task,hpobench:nasbench101:B,old_absolute,4972,True,qwen_original,latest_available_not_rerun
qwen3.8-2.4t-a95b-fp8,poolact,tuning,cost_moderate,cached,gap_bon,task,hpobench:nasbench101:C,old_absolute,4979,True,qwen_original,latest_available_not_rerun
qwen3.8-2.4t-a95b-fp8,poolact,tuning,cost_moderate,cached,gap_mi,task,hpobench:nasbench101:C,old_absolute,4980,True,qwen_original,latest_available_not_rerun
qwen3.8-2.4t-a95b-fp8,poolact,tuning,cost_moderate,cached,raw_perf_bon,task,hpobench:nasbench101:C,old_absolute,4984,True,qwen_original,latest_available_not_rerun
qwen3.8-2.4t-a95b-fp8,poolact,tuning,cost_moderate,cached,raw_perf_mi,task,hpobench:nasbench101:C,old_absolute,4985,True,qwen_original,latest_available_not_rerun
qwen3.8-2.4t-a95b-fp8,poolact,tuning,cost_moderate,naive,gap_bon,task,hpobench:nasbench101:C,old_absolute,4992,True,qwen_original,latest_available_not_rerun
qwen3.8-2.4t-a95b-fp8,poolact,tuning,cost_moderate,naive,gap_mi,task,hpobench:nasbench101:C,old_absolute,4993,True,qwen_original,latest_available_not_rerun
qwen3.8-2.4t-a95b-fp8,poolact,tuning,cost_moderate,naive,raw_perf_bon,task,hpobench:nasbench101:C,old_absolute,4997,True,qwen_original,latest_available_not_rerun
qwen3.8-2.4t-a95b-fp8,poolact,tuning,cost_moderate,naive,raw_perf_mi,task,hpobench:nasbench101:C,old_absolute,4998,True,qwen_original,latest_available_not_rerun
qwen3.8-2.4t-a95b-fp8,poolact,tuning,cost_moderate,poolact,gap_bon,task,hpobench:nasbench101:C,old_absolute,5005,True,qwen_original,latest_available_not_rerun
qwen3.8-2.4t-a95b-fp8,poolact,tuning,cost_moderate,poolact,gap_mi,task,hpobench:nasbench101:C,old_absolute,5006,True,qwen_original,latest_available_not_rerun
qwen3.8-2.4t-a95b-fp8,poolact,tuning,cost_moderate,poolact,raw_perf_bon,task,hpobench:nasbench101:C,old_absolute,5010,True,qwen_original,latest_available_not_rerun
qwen3.8-2.4t-a95b-fp8,poolact,tuning,cost_moderate,poolact,raw_perf_mi,task,hpobench:nasbench101:C,old_absolute,5011,True,qwen_original,latest_available_not_rerun
qwen3.8-2.4t-a95b-fp8,poolact,tuning,cost_tight,cached,gap_bon,task,hpobench:nasbench101:C,old_absolute,5018,True,qwen_original,latest_available_not_rerun
qwen3.8-2.4t-a95b-fp8,poolact,tuning,cost_tight,cached,gap_mi,task,hpobench:nasbench101:C,old_absolute,5019,True,qwen_original,latest_available_not_rerun
qwen3.8-2.4t-a95b-fp8,poolact,tuning,cost_tight,cached,raw_perf_bon,task,hpobench:nasbench101:C,old_absolute,5023,True,qwen_original,latest_available_not_rerun
qwen3.8-2.4t-a95b-fp8,poolact,tuning,cost_tight,cached,raw_perf_mi,task,hpobench:nasbench101:C,old_absolute,5024,True,qwen_original,latest_available_not_rerun
qwen3.8-2.4t-a95b-fp8,poolact,tuning,cost_tight,naive,gap_bon,task,hpobench:nasbench101:C,old_absolute,5031,True,qwen_original,latest_available_not_rerun
qwen3.8-2.4t-a95b-fp8,poolact,tuning,cost_tight,naive,gap_mi,task,hpobench:nasbench101:C,old_absolute,5032,True,qwen_original,latest_available_not_rerun
qwen3.8-2.4t-a95b-fp8,poolact,tuning,cost_tight,naive,raw_perf_bon,task,hpobench:nasbench101:C,old_absolute,5036,True,qwen_original,latest_available_not_rerun
qwen3.8-2.4t-a95b-fp8,poolact,tuning,cost_tight,naive,raw_perf_mi,task,hpobench:nasbench101:C,old_absolute,5037,True,qwen_original,latest_available_not_rerun
qwen3.8-2.4t-a95b-fp8,poolact,tuning,cost_tight,poolact,gap_bon,task,hpobench:nasbench101:C,old_absolute,5044,True,qwen_original,latest_available_not_rerun
qwen3.8-2.4t-a95b-fp8,poolact,tuning,cost_tight,poolact,gap_mi,task,hpobench:nasbench101:C,old_absolute,5045,True,qwen_original,latest_available_not_rerun
qwen3.8-2.4t-a95b-fp8,poolact,tuning,cost_tight,poolact,raw_perf_bon,task,hpobench:nasbench101:C,old_absolute,5049,True,qwen_original,latest_available_not_rerun
qwen3.8-2.4t-a95b-fp8,poolact,tuning,cost_tight,poolact,raw_perf_mi,task,hpobench:nasbench101:C,old_absolute,5050,True,qwen_original,latest_available_not_rerun
