slot_id,model,scenario,regime,strategy,source_sha256,historical_aggregate_metrics,terminal_extraction_only_metrics,plus_payload_policy_metrics,plus_vote_policy_metrics,extraction_only_score_changed,payload_policy_score_changed,vote_policy_score_changed,vote_policy_answer_changed
37360edf6099ac1c16dd4453,deepseek-v4-flash-0731,evidence_audit,cost_moderate,cached,55b602395ed90c243c86de577b6605e2189f98e4a76cc45506ef5979154379fd,"{""evidence_acc"":0.4117647058823529,""label_acc"":0.9411764705882353,""verification_eff"":0.0}","{""evidence_acc"":0.4117647058823529,""label_acc"":0.9411764705882353,""verification_eff"":0.0}","{""evidence_acc"":0.4117647058823529,""label_acc"":0.9411764705882353,""verification_eff"":0.0}","{""evidence_acc"":0.4117647058823529,""label_acc"":0.9411764705882353,""verification_eff"":0.0}",False,False,False,False
5752d6b9d08c767a3bc5ba01,deepseek-v4-flash-0731,evidence_audit,cost_moderate,cached,08e8491e7982414d77a92b431693e83ad97c42174e3d33156cc671f1d6c991a9,"{""evidence_acc"":0.7647058823529411,""label_acc"":0.8823529411764706,""verification_eff"":0.0}","{""evidence_acc"":0.7647058823529411,""label_acc"":0.8823529411764706,""verification_eff"":0.0}","{""evidence_acc"":0.7647058823529411,""label_acc"":0.8823529411764706,""verification_eff"":0.0}","{""evidence_acc"":0.7647058823529411,""label_acc"":0.8823529411764706,""verification_eff"":0.0}",False,False,False,False
5f907bcfab5918ad34dd4725,deepseek-v4-flash-0731,evidence_audit,cost_moderate,cached,02bc1ccff76364b134673ef8e10cafc4477e28ebf66d926ee8c74de60b8a390c,"{""evidence_acc"":0.47058823529411764,""label_acc"":0.8823529411764706,""verification_eff"":0.0}","{""evidence_acc"":0.47058823529411764,""label_acc"":0.8823529411764706,""verification_eff"":0.0}","{""evidence_acc"":0.47058823529411764,""label_acc"":0.8823529411764706,""verification_eff"":0.0}","{""evidence_acc"":0.47058823529411764,""label_acc"":0.8823529411764706,""verification_eff"":0.0}",False,False,False,False
a79e92f58cc8d123944c9f49,deepseek-v4-flash-0731,evidence_audit,cost_moderate,cached,22a1da388068fdcda485ad159f1be28fc4d772ba136335057555662241f1fc22,"{""evidence_acc"":0.5882352941176471,""label_acc"":0.9411764705882353,""verification_eff"":0.0}","{""evidence_acc"":0.5882352941176471,""label_acc"":0.9411764705882353,""verification_eff"":0.0}","{""evidence_acc"":0.5882352941176471,""label_acc"":0.9411764705882353,""verification_eff"":0.0}","{""evidence_acc"":0.5882352941176471,""label_acc"":0.9411764705882353,""verification_eff"":0.0}",False,False,False,False
be82eaadb4725b7e49ff62ba,deepseek-v4-flash-0731,evidence_audit,cost_moderate,cached,3cf4f17614c95b7f69cce77c701528496ddce7ada286a60769a321e1c988e7c3,"{""evidence_acc"":0.5294117647058824,""label_acc"":0.8823529411764706,""verification_eff"":0.0}","{""evidence_acc"":0.5294117647058824,""label_acc"":0.8823529411764706,""verification_eff"":0.0}","{""evidence_acc"":0.5294117647058824,""label_acc"":0.8823529411764706,""verification_eff"":0.0}","{""evidence_acc"":0.5294117647058824,""label_acc"":0.8823529411764706,""verification_eff"":0.0}",False,False,False,False
3e5564dd85b405949523f2b4,deepseek-v4-flash-0731,evidence_audit,cost_moderate,cached,87bcf7063271095500dd7fd2be7ca2dbf82f90d4a3e9c20a865ce969e8f26d23,"{""evidence_acc"":0.9411764705882353,""label_acc"":0.9411764705882353,""verification_eff"":0.0}","{""evidence_acc"":0.9411764705882353,""label_acc"":0.9411764705882353,""verification_eff"":0.0}","{""evidence_acc"":0.9411764705882353,""label_acc"":0.9411764705882353,""verification_eff"":0.0}","{""evidence_acc"":0.9411764705882353,""label_acc"":0.9411764705882353,""verification_eff"":0.0}",False,False,False,False
b6ceab17a23b23daaf14bbf2,deepseek-v4-flash-0731,evidence_audit,cost_moderate,cached,6e5f2028a25ca444ffad065e1b30f009ef93b813bf8815c074cc749123b1b76f,"{""evidence_acc"":1.0,""label_acc"":0.9411764705882353,""verification_eff"":0.0}","{""evidence_acc"":1.0,""label_acc"":0.9411764705882353,""verification_eff"":0.0}","{""evidence_acc"":1.0,""label_acc"":0.9411764705882353,""verification_eff"":0.0}","{""evidence_acc"":1.0,""label_acc"":0.9411764705882353,""verification_eff"":0.0}",False,False,False,False
9fcfa71d788aaa0a1907d487,deepseek-v4-flash-0731,evidence_audit,cost_moderate,cached,a1fa6268a33e838f3d547623b58e6749080697ba60511da867c6d6c1956e9091,"{""evidence_acc"":0.8235294117647058,""label_acc"":1.0,""verification_eff"":0.0}","{""evidence_acc"":0.8235294117647058,""label_acc"":1.0,""verification_eff"":0.0}","{""evidence_acc"":0.8235294117647058,""label_acc"":1.0,""verification_eff"":0.0}","{""evidence_acc"":0.8235294117647058,""label_acc"":1.0,""verification_eff"":0.0}",False,False,False,False
1d44a8e0af6a07fecd6384f1,deepseek-v4-flash-0731,evidence_audit,cost_moderate,cached,f6e1c41f34cd8d682e70e23b058caff839fd02667bd5212f6e27626fa65c91c6,"{""evidence_acc"":1.0,""label_acc"":0.8823529411764706,""verification_eff"":0.0}","{""evidence_acc"":1.0,""label_acc"":0.8823529411764706,""verification_eff"":0.0}","{""evidence_acc"":1.0,""label_acc"":0.8823529411764706,""verification_eff"":0.0}","{""evidence_acc"":1.0,""label_acc"":0.8823529411764706,""verification_eff"":0.0}",False,False,False,False
a05dfbc248daac8c4d1f8630,deepseek-v4-flash-0731,evidence_audit,cost_moderate,cached,372fe053d2a4a9126627de5aac4bd0f431587005875e44ef1ef55ee69b23e729,"{""evidence_acc"":0.7647058823529411,""label_acc"":1.0,""verification_eff"":0.0}","{""evidence_acc"":0.7647058823529411,""label_acc"":1.0,""verification_eff"":0.0}","{""evidence_acc"":0.7647058823529411,""label_acc"":1.0,""verification_eff"":0.0}","{""evidence_acc"":0.7647058823529411,""label_acc"":1.0,""verification_eff"":0.0}",False,False,False,False
1521fa95992e7741a6389083,deepseek-v4-flash-0731,evidence_audit,cost_moderate,cached,6c4df997a8e14d896d97bd8e40e914bb38887830dd991076bdb9e060b5acbab7,"{""evidence_acc"":0.9411764705882353,""label_acc"":0.9411764705882353,""verification_eff"":0.0}","{""evidence_acc"":0.9411764705882353,""label_acc"":0.9411764705882353,""verification_eff"":0.0}","{""evidence_acc"":0.9411764705882353,""label_acc"":0.9411764705882353,""verification_eff"":0.0}","{""evidence_acc"":0.9411764705882353,""label_acc"":0.9411764705882353,""verification_eff"":0.0}",False,False,False,False
3f965e0986017086749473a6,deepseek-v4-flash-0731,evidence_audit,cost_moderate,cached,f88481d760ca37a1b76988db3b6952f2cd10df43584fa806ec584a384249c3e4,"{""evidence_acc"":0.6470588235294118,""label_acc"":1.0,""verification_eff"":0.0}","{""evidence_acc"":0.6470588235294118,""label_acc"":1.0,""verification_eff"":0.0}","{""evidence_acc"":0.6470588235294118,""label_acc"":1.0,""verification_eff"":0.0}","{""evidence_acc"":0.6470588235294118,""label_acc"":1.0,""verification_eff"":0.0}",False,False,False,False
525bcd4f98c6df2a1862ca7a,deepseek-v4-flash-0731,evidence_audit,cost_moderate,cached,ec61b3a2411103a8f4981a2b10c5b315a385cca14d75496fde000285141b16bf,"{""evidence_acc"":0.5294117647058824,""label_acc"":0.8823529411764706,""verification_eff"":0.0}","{""evidence_acc"":0.5294117647058824,""label_acc"":0.8823529411764706,""verification_eff"":0.0}","{""evidence_acc"":0.5294117647058824,""label_acc"":0.8823529411764706,""verification_eff"":0.0}","{""evidence_acc"":0.5294117647058824,""label_acc"":0.8823529411764706,""verification_eff"":0.0}",False,False,False,False
0c6584c29703e86ff3a6821a,deepseek-v4-flash-0731,evidence_audit,cost_moderate,naive,d8d796877d92547edd8a52285e7d08f51bd91063bf07c2d9fb3866222f348835,"{""evidence_acc"":0.4117647058823529,""label_acc"":0.9411764705882353,""verification_eff"":0.0}","{""evidence_acc"":0.4117647058823529,""label_acc"":0.9411764705882353,""verification_eff"":0.0}","{""evidence_acc"":0.4117647058823529,""label_acc"":0.9411764705882353,""verification_eff"":0.0}","{""evidence_acc"":0.4117647058823529,""label_acc"":0.9411764705882353,""verification_eff"":0.0}",False,False,False,False
83160e02f17057c672ea7619,deepseek-v4-flash-0731,evidence_audit,cost_moderate,naive,8365d1d62fee61d387eae025b0567024bc68c66e378bc07e59cc6c62acbedcd4,"{""evidence_acc"":0.7647058823529411,""label_acc"":0.8823529411764706,""verification_eff"":0.0}","{""evidence_acc"":0.7647058823529411,""label_acc"":0.8823529411764706,""verification_eff"":0.0}","{""evidence_acc"":0.7647058823529411,""label_acc"":0.8823529411764706,""verification_eff"":0.0}","{""evidence_acc"":0.7647058823529411,""label_acc"":0.8823529411764706,""verification_eff"":0.0}",False,False,False,False
bf47e2aa9980f6c4655079b6,deepseek-v4-flash-0731,evidence_audit,cost_moderate,naive,6fbddb022b7c878863c770887ac16acc65cef4e599d40155711e1378f541ecae,"{""evidence_acc"":0.5294117647058824,""label_acc"":0.9411764705882353,""verification_eff"":0.0}","{""evidence_acc"":0.5294117647058824,""label_acc"":0.9411764705882353,""verification_eff"":0.0}","{""evidence_acc"":0.5294117647058824,""label_acc"":0.9411764705882353,""verification_eff"":0.0}","{""evidence_acc"":0.5294117647058824,""label_acc"":0.9411764705882353,""verification_eff"":0.0}",False,False,False,False
9f7de8cec16434bcb1b88e32,deepseek-v4-flash-0731,evidence_audit,cost_moderate,naive,a8edc3081b0d360f5e329987e2ffb63c2c0d614cf7b996cce0f5ba98a15869c6,"{""evidence_acc"":0.5882352941176471,""label_acc"":0.9411764705882353,""verification_eff"":0.0}","{""evidence_acc"":0.5882352941176471,""label_acc"":0.9411764705882353,""verification_eff"":0.0}","{""evidence_acc"":0.5882352941176471,""label_acc"":0.9411764705882353,""verification_eff"":0.0}","{""evidence_acc"":0.5882352941176471,""label_acc"":0.9411764705882353,""verification_eff"":0.0}",False,False,False,False
4fe7a1d2b8910f1c6edc54b2,deepseek-v4-flash-0731,evidence_audit,cost_moderate,naive,0fc082d7ab0fcf0aee689f3b8a311b3d4978bbaed3c1bca54cf9016727b0b1e1,"{""evidence_acc"":0.5882352941176471,""label_acc"":0.9411764705882353,""verification_eff"":0.0}","{""evidence_acc"":0.5882352941176471,""label_acc"":0.9411764705882353,""verification_eff"":0.0}","{""evidence_acc"":0.5882352941176471,""label_acc"":0.9411764705882353,""verification_eff"":0.0}","{""evidence_acc"":0.5882352941176471,""label_acc"":0.9411764705882353,""verification_eff"":0.0}",False,False,False,False
db7bcf71e54633717968f2db,deepseek-v4-flash-0731,evidence_audit,cost_moderate,naive,fc3055e25b519705d1737a7be7990a445459d16972caebdbd129df99049e8e65,"{""evidence_acc"":0.8823529411764706,""label_acc"":0.8823529411764706,""verification_eff"":0.0}","{""evidence_acc"":0.8823529411764706,""label_acc"":0.8823529411764706,""verification_eff"":0.0}","{""evidence_acc"":0.8823529411764706,""label_acc"":0.8823529411764706,""verification_eff"":0.0}","{""evidence_acc"":0.8823529411764706,""label_acc"":0.8823529411764706,""verification_eff"":0.0}",False,False,False,False
0d4438713f36d7c67d155e40,deepseek-v4-flash-0731,evidence_audit,cost_moderate,naive,fc3c7fa36bab3aa8f027fbb42ec782c82ebd23de0fb5f1322d2ac2847ec95700,"{""evidence_acc"":0.9411764705882353,""label_acc"":0.8823529411764706,""verification_eff"":0.0}","{""evidence_acc"":0.9411764705882353,""label_acc"":0.8823529411764706,""verification_eff"":0.0}","{""evidence_acc"":0.9411764705882353,""label_acc"":0.8823529411764706,""verification_eff"":0.0}","{""evidence_acc"":0.9411764705882353,""label_acc"":0.8823529411764706,""verification_eff"":0.0}",False,False,False,False
a350517b5486d0c0dd7a261f,deepseek-v4-flash-0731,evidence_audit,cost_moderate,naive,397c48b2529229a1357ee365ea8df5f87afd60872bf64a9637dcc9956a5d1409,"{""evidence_acc"":0.8235294117647058,""label_acc"":1.0,""verification_eff"":0.0}","{""evidence_acc"":0.8235294117647058,""label_acc"":1.0,""verification_eff"":0.0}","{""evidence_acc"":0.8235294117647058,""label_acc"":1.0,""verification_eff"":0.0}","{""evidence_acc"":0.8235294117647058,""label_acc"":1.0,""verification_eff"":0.0}",False,False,False,False
e0aa191d3ca7db0cc15e271d,deepseek-v4-flash-0731,evidence_audit,cost_moderate,naive,fe2d0385d807166e8b964ce9d046592a7c48cbbae50fb9b630660402f1f2876a,"{""evidence_acc"":0.9411764705882353,""label_acc"":0.8235294117647058,""verification_eff"":0.0}","{""evidence_acc"":0.9411764705882353,""label_acc"":0.8235294117647058,""verification_eff"":0.0}","{""evidence_acc"":0.9411764705882353,""label_acc"":0.8235294117647058,""verification_eff"":0.0}","{""evidence_acc"":0.9411764705882353,""label_acc"":0.8235294117647058,""verification_eff"":0.0}",False,False,False,False
18a54204c42e45177a600be4,deepseek-v4-flash-0731,evidence_audit,cost_moderate,naive,a0afd1fbcb43e5fe70f25ac65b3d886cdf04f7b66b4203eec04a0347276e21cf,"{""evidence_acc"":0.7058823529411765,""label_acc"":0.9411764705882353,""verification_eff"":0.0}","{""evidence_acc"":0.7058823529411765,""label_acc"":0.9411764705882353,""verification_eff"":0.0}","{""evidence_acc"":0.7058823529411765,""label_acc"":0.9411764705882353,""verification_eff"":0.0}","{""evidence_acc"":0.7058823529411765,""label_acc"":0.9411764705882353,""verification_eff"":0.0}",False,False,False,False
d70b9ae9886783c0a4b573a2,deepseek-v4-flash-0731,evidence_audit,cost_moderate,naive,36c1c47b953ce34d87b37e3a9aefc4b80390b1d53484afa4696afe337744bf7d,"{""evidence_acc"":1.0,""label_acc"":1.0,""verification_eff"":0.0}","{""evidence_acc"":1.0,""label_acc"":1.0,""verification_eff"":0.0}","{""evidence_acc"":1.0,""label_acc"":1.0,""verification_eff"":0.0}","{""evidence_acc"":1.0,""label_acc"":1.0,""verification_eff"":0.0}",False,False,False,False
8de7904280da1ab72fb74621,deepseek-v4-flash-0731,evidence_audit,cost_moderate,naive,66100981e8de7e15b4a9f2bd1bdb0b91a3c6b7df3e0ac3edae9024920140cd7f,"{""evidence_acc"":0.35294117647058826,""label_acc"":0.9411764705882353,""verification_eff"":0.0}","{""evidence_acc"":0.35294117647058826,""label_acc"":0.9411764705882353,""verification_eff"":0.0}","{""evidence_acc"":0.35294117647058826,""label_acc"":0.9411764705882353,""verification_eff"":0.0}","{""evidence_acc"":0.35294117647058826,""label_acc"":0.9411764705882353,""verification_eff"":0.0}",False,False,False,False
3a344acc1352511e37878193,deepseek-v4-flash-0731,evidence_audit,cost_moderate,naive,5e2bc43ac0435ce5c3f776901451b5fb15ee4bf445a5a2ddd00b3f517cb1020c,"{""evidence_acc"":0.5294117647058824,""label_acc"":0.8235294117647058,""verification_eff"":0.0}","{""evidence_acc"":0.5294117647058824,""label_acc"":0.8235294117647058,""verification_eff"":0.0}","{""evidence_acc"":0.5294117647058824,""label_acc"":0.8235294117647058,""verification_eff"":0.0}","{""evidence_acc"":0.5294117647058824,""label_acc"":0.8235294117647058,""verification_eff"":0.0}",False,False,False,False
e4a3de7414124ba25ae424c0,deepseek-v4-flash-0731,evidence_audit,cost_moderate,poolact,1fc00fb45047fb23670783452e47644b9e51d65ccb1901d04dbf32b02ebd5afa,"{""evidence_acc"":0.8235294117647058,""label_acc"":0.9411764705882353,""verification_eff"":0.0}","{""evidence_acc"":0.8235294117647058,""label_acc"":0.9411764705882353,""verification_eff"":0.0}","{""evidence_acc"":0.8235294117647058,""label_acc"":0.9411764705882353,""verification_eff"":0.0}","{""evidence_acc"":0.8235294117647058,""label_acc"":0.9411764705882353,""verification_eff"":0.0}",False,False,False,False
5b5bae9976e7fb745e3982c1,deepseek-v4-flash-0731,evidence_audit,cost_moderate,poolact,d5a628d19181ae58830a5b8e6b88ca1e84dd6397bb9deedefde4b9fb2543468b,"{""evidence_acc"":0.9411764705882353,""label_acc"":0.8823529411764706,""verification_eff"":0.0}","{""evidence_acc"":0.9411764705882353,""label_acc"":0.8823529411764706,""verification_eff"":0.0}","{""evidence_acc"":0.9411764705882353,""label_acc"":0.8823529411764706,""verification_eff"":0.0}","{""evidence_acc"":0.9411764705882353,""label_acc"":0.8823529411764706,""verification_eff"":0.0}",False,False,False,False
aa8511993d6ec60b40bac3d5,deepseek-v4-flash-0731,evidence_audit,cost_moderate,poolact,ab84266c42291e56e95a058e097a1d03eef03e7194394fafc517dcc541f7f4de,"{""evidence_acc"":0.5882352941176471,""label_acc"":1.0,""verification_eff"":0.0}","{""evidence_acc"":0.5882352941176471,""label_acc"":1.0,""verification_eff"":0.0}","{""evidence_acc"":0.5882352941176471,""label_acc"":1.0,""verification_eff"":0.0}","{""evidence_acc"":0.5882352941176471,""label_acc"":1.0,""verification_eff"":0.0}",False,False,False,False
b61bf7439794536f53c71d69,deepseek-v4-flash-0731,evidence_audit,cost_moderate,poolact,70785951469b5fb66037b28a80c7e1f25adfe5210539306ed92db5042f7dfda9,"{""evidence_acc"":0.9411764705882353,""label_acc"":1.0,""verification_eff"":0.0}","{""evidence_acc"":0.9411764705882353,""label_acc"":1.0,""verification_eff"":0.0}","{""evidence_acc"":0.9411764705882353,""label_acc"":1.0,""verification_eff"":0.0}","{""evidence_acc"":0.9411764705882353,""label_acc"":1.0,""verification_eff"":0.0}",False,False,False,False
c52650f11387ce2601b652b9,deepseek-v4-flash-0731,evidence_audit,cost_moderate,poolact,c9570e36cbd2d832c80326bd7150937ac3147fdd3ed705190ff3ca22b8f14c95,"{""evidence_acc"":1.0,""label_acc"":1.0,""verification_eff"":0.0}","{""evidence_acc"":1.0,""label_acc"":1.0,""verification_eff"":0.0}","{""evidence_acc"":1.0,""label_acc"":1.0,""verification_eff"":0.0}","{""evidence_acc"":1.0,""label_acc"":1.0,""verification_eff"":0.0}",False,False,False,False
34147bb84bd134f2b3322cec,deepseek-v4-flash-0731,evidence_audit,cost_moderate,poolact,e438c53db6878aa285413ab18a1ffcd44d35af7a7275a49d9dc6a2fe35f9004d,"{""evidence_acc"":1.0,""label_acc"":1.0,""verification_eff"":0.0}","{""evidence_acc"":1.0,""label_acc"":1.0,""verification_eff"":0.0}","{""evidence_acc"":1.0,""label_acc"":1.0,""verification_eff"":0.0}","{""evidence_acc"":1.0,""label_acc"":1.0,""verification_eff"":0.0}",False,False,False,False
e2b70fd229e0ad9833f041fc,deepseek-v4-flash-0731,evidence_audit,cost_moderate,poolact,f00f3564772e7f2a918460554761f10decf11ddcbeccef542f7aa3e42727764f,"{""evidence_acc"":1.0,""label_acc"":0.9411764705882353,""verification_eff"":0.0}","{""evidence_acc"":1.0,""label_acc"":0.9411764705882353,""verification_eff"":0.0}","{""evidence_acc"":1.0,""label_acc"":0.9411764705882353,""verification_eff"":0.0}","{""evidence_acc"":1.0,""label_acc"":0.9411764705882353,""verification_eff"":0.0}",False,False,False,False
85a89e4b4ff8c8ed5f528289,deepseek-v4-flash-0731,evidence_audit,cost_moderate,poolact,272cb9d1e6eca2e7a48989466b356efb5710e5a124c79be9de6516655a0fa94e,"{""evidence_acc"":1.0,""label_acc"":1.0,""verification_eff"":0.0}","{""evidence_acc"":1.0,""label_acc"":1.0,""verification_eff"":0.0}","{""evidence_acc"":1.0,""label_acc"":1.0,""verification_eff"":0.0}","{""evidence_acc"":1.0,""label_acc"":1.0,""verification_eff"":0.0}",False,False,False,False
fd9c7b49ec22cbc344c16ad4,deepseek-v4-flash-0731,evidence_audit,cost_moderate,poolact,0b362e1cbb80a4dcbe897edc284df3ec94c65fbee1ca52f1c843e21ba6f6cd14,"{""evidence_acc"":1.0,""label_acc"":0.8823529411764706,""verification_eff"":0.0}","{""evidence_acc"":1.0,""label_acc"":0.8823529411764706,""verification_eff"":0.0}","{""evidence_acc"":1.0,""label_acc"":0.8823529411764706,""verification_eff"":0.0}","{""evidence_acc"":1.0,""label_acc"":0.8823529411764706,""verification_eff"":0.0}",False,False,False,False
193249da3c3e28d155f7889f,deepseek-v4-flash-0731,evidence_audit,cost_moderate,poolact,46922bb16f790d5d3ae4b77b0911f4ca2f34a4770ae99d3b2c17d227eab2fe8a,"{""evidence_acc"":1.0,""label_acc"":1.0,""verification_eff"":0.0}","{""evidence_acc"":1.0,""label_acc"":1.0,""verification_eff"":0.0}","{""evidence_acc"":1.0,""label_acc"":1.0,""verification_eff"":0.0}","{""evidence_acc"":1.0,""label_acc"":1.0,""verification_eff"":0.0}",False,False,False,False
74f9bb603f6e230d2661998c,deepseek-v4-flash-0731,evidence_audit,cost_moderate,poolact,3a02b36efd82018f5b51a3bc09ccb3b3cbbd15dc0ae4cb5356463cb9c8445333,"{""evidence_acc"":1.0,""label_acc"":1.0,""verification_eff"":0.0}","{""evidence_acc"":1.0,""label_acc"":1.0,""verification_eff"":0.0}","{""evidence_acc"":1.0,""label_acc"":1.0,""verification_eff"":0.0}","{""evidence_acc"":1.0,""label_acc"":1.0,""verification_eff"":0.0}",False,False,False,False
b17fc226bb045789df8c3d49,deepseek-v4-flash-0731,evidence_audit,cost_moderate,poolact,ab7fb9f98b060113892a7ad6924296f1d0c2a2f417840c001b6b22ed8f12110c,"{""evidence_acc"":1.0,""label_acc"":1.0,""verification_eff"":0.0}","{""evidence_acc"":1.0,""label_acc"":1.0,""verification_eff"":0.0}","{""evidence_acc"":1.0,""label_acc"":1.0,""verification_eff"":0.0}","{""evidence_acc"":1.0,""label_acc"":1.0,""verification_eff"":0.0}",False,False,False,False
2a395d2e30d11c9e0cd0c6d0,deepseek-v4-flash-0731,evidence_audit,cost_moderate,poolact,3998427e3c3472d7a8b5a597e5c6dc9931619ebd38154a24ead7d3af5e2221c3,"{""evidence_acc"":1.0,""label_acc"":0.8823529411764706,""verification_eff"":0.0}","{""evidence_acc"":1.0,""label_acc"":0.8823529411764706,""verification_eff"":0.0}","{""evidence_acc"":1.0,""label_acc"":0.8823529411764706,""verification_eff"":0.0}","{""evidence_acc"":1.0,""label_acc"":0.8823529411764706,""verification_eff"":0.0}",False,False,False,False
f441781a3c3282dba8cff8d0,deepseek-v4-flash-0731,evidence_audit,cost_tight,cached,4b637e3d935c214ab62a53f96fd22203201fc20a1a6e23ab7b45fd551c2a7e9e,"{""evidence_acc"":0.35294117647058826,""label_acc"":0.9411764705882353,""verification_eff"":0.0}","{""evidence_acc"":0.35294117647058826,""label_acc"":0.9411764705882353,""verification_eff"":0.0}","{""evidence_acc"":0.35294117647058826,""label_acc"":0.9411764705882353,""verification_eff"":0.0}","{""evidence_acc"":0.35294117647058826,""label_acc"":0.9411764705882353,""verification_eff"":0.0}",False,False,False,False
14288c46e88aebbaf73660ab,deepseek-v4-flash-0731,evidence_audit,cost_tight,cached,34c0c9019fe9b6a9a0ab33917705cc58f61c56b00954b3ef0dcccce51eebd67c,"{""evidence_acc"":0.7058823529411765,""label_acc"":0.8823529411764706,""verification_eff"":0.0}","{""evidence_acc"":0.7058823529411765,""label_acc"":0.8823529411764706,""verification_eff"":0.0}","{""evidence_acc"":0.7058823529411765,""label_acc"":0.8823529411764706,""verification_eff"":0.0}","{""evidence_acc"":0.7058823529411765,""label_acc"":0.8823529411764706,""verification_eff"":0.0}",False,False,False,False
461888258b39afac7de447c5,deepseek-v4-flash-0731,evidence_audit,cost_tight,cached,4f6a33592d875536975781fa71665d0e727bbad360740ac11ece85b7ed2fe2e5,"{""evidence_acc"":0.4117647058823529,""label_acc"":0.9411764705882353,""verification_eff"":0.0}","{""evidence_acc"":0.4117647058823529,""label_acc"":0.9411764705882353,""verification_eff"":0.0}","{""evidence_acc"":0.4117647058823529,""label_acc"":0.9411764705882353,""verification_eff"":0.0}","{""evidence_acc"":0.4117647058823529,""label_acc"":0.9411764705882353,""verification_eff"":0.0}",False,False,False,False
10166fe0b1e7e71eb8cea582,deepseek-v4-flash-0731,evidence_audit,cost_tight,cached,517aaefe3fb9c5bc090eeab7992fbae413250c7108d3473b606441ac9731cbbc,"{""evidence_acc"":0.4117647058823529,""label_acc"":0.8823529411764706,""verification_eff"":0.0}","{""evidence_acc"":0.4117647058823529,""label_acc"":0.8823529411764706,""verification_eff"":0.0}","{""evidence_acc"":0.4117647058823529,""label_acc"":0.8823529411764706,""verification_eff"":0.0}","{""evidence_acc"":0.4117647058823529,""label_acc"":0.8823529411764706,""verification_eff"":0.0}",False,False,False,False
380da7ee9da3971c7b69ede7,deepseek-v4-flash-0731,evidence_audit,cost_tight,cached,5afab946d87216fed37f74aca1a76f9016668de985f8ed3a6d13e28678ee8e6a,"{""evidence_acc"":0.47058823529411764,""label_acc"":0.8235294117647058,""verification_eff"":0.0}","{""evidence_acc"":0.47058823529411764,""label_acc"":0.8235294117647058,""verification_eff"":0.0}","{""evidence_acc"":0.47058823529411764,""label_acc"":0.8235294117647058,""verification_eff"":0.0}","{""evidence_acc"":0.47058823529411764,""label_acc"":0.8235294117647058,""verification_eff"":0.0}",False,False,False,False
55eb71a8070ac96dc06c844d,deepseek-v4-flash-0731,evidence_audit,cost_tight,cached,be5c0b0b28121419a594d44ef2ea87ddc6acea39703cd8176aa42ecf5a8b79c3,"{""evidence_acc"":0.7647058823529411,""label_acc"":0.7647058823529411,""verification_eff"":0.0}","{""evidence_acc"":0.7647058823529411,""label_acc"":0.7647058823529411,""verification_eff"":0.0}","{""evidence_acc"":0.7647058823529411,""label_acc"":0.7647058823529411,""verification_eff"":0.0}","{""evidence_acc"":0.7647058823529411,""label_acc"":0.7647058823529411,""verification_eff"":0.0}",False,False,False,False
dac999b76cd1209dbdd49498,deepseek-v4-flash-0731,evidence_audit,cost_tight,cached,3f8daa394583560f858b8a4086b1077f49f8841413e84b90a2c9ad5385626c3f,"{""evidence_acc"":0.9411764705882353,""label_acc"":0.8823529411764706,""verification_eff"":0.0}","{""evidence_acc"":0.9411764705882353,""label_acc"":0.8823529411764706,""verification_eff"":0.0}","{""evidence_acc"":0.9411764705882353,""label_acc"":0.8823529411764706,""verification_eff"":0.0}","{""evidence_acc"":0.9411764705882353,""label_acc"":0.8823529411764706,""verification_eff"":0.0}",False,False,False,False
be63d9f53a24e771a2a49f90,deepseek-v4-flash-0731,evidence_audit,cost_tight,cached,c5d1f553a6264f5d18f153b11bc1ae58b17ac5f9383f7524929b12b04e4a82e7,"{""evidence_acc"":0.7058823529411765,""label_acc"":1.0,""verification_eff"":0.0}","{""evidence_acc"":0.7058823529411765,""label_acc"":1.0,""verification_eff"":0.0}","{""evidence_acc"":0.7058823529411765,""label_acc"":1.0,""verification_eff"":0.0}","{""evidence_acc"":0.7058823529411765,""label_acc"":1.0,""verification_eff"":0.0}",False,False,False,False
c8b4252233949a3ddbfe1bf2,deepseek-v4-flash-0731,evidence_audit,cost_tight,cached,1d2fa3787ffd4ca47e93b8daf50af7b571e17bba8de78f976fb4309934cf73dc,"{""evidence_acc"":0.8823529411764706,""label_acc"":0.8235294117647058,""verification_eff"":0.0}","{""evidence_acc"":0.8823529411764706,""label_acc"":0.8235294117647058,""verification_eff"":0.0}","{""evidence_acc"":0.8823529411764706,""label_acc"":0.8235294117647058,""verification_eff"":0.0}","{""evidence_acc"":0.8823529411764706,""label_acc"":0.8235294117647058,""verification_eff"":0.0}",False,False,False,False
fb53d67cc77a5604c3b43cb4,deepseek-v4-flash-0731,evidence_audit,cost_tight,cached,c7d4cf115576e1bbf0c1c3f81d5c93f9f75a7f02cf10200f3b7873506b33d687,"{""evidence_acc"":0.7058823529411765,""label_acc"":0.9411764705882353,""verification_eff"":0.0}","{""evidence_acc"":0.7058823529411765,""label_acc"":0.9411764705882353,""verification_eff"":0.0}","{""evidence_acc"":0.7058823529411765,""label_acc"":0.9411764705882353,""verification_eff"":0.0}","{""evidence_acc"":0.7058823529411765,""label_acc"":0.9411764705882353,""verification_eff"":0.0}",False,False,False,False
0d7661269ebf23943a4fd6b4,deepseek-v4-flash-0731,evidence_audit,cost_tight,cached,655967e6153f9fc8eabc4c4cb9a2bb99c086f8d3849dcac65edc26781fc51c36,"{""evidence_acc"":0.8823529411764706,""label_acc"":0.9411764705882353,""verification_eff"":0.0}","{""evidence_acc"":0.8823529411764706,""label_acc"":0.9411764705882353,""verification_eff"":0.0}","{""evidence_acc"":0.8823529411764706,""label_acc"":0.9411764705882353,""verification_eff"":0.0}","{""evidence_acc"":0.8823529411764706,""label_acc"":0.9411764705882353,""verification_eff"":0.0}",False,False,False,False
00f8e194c1badaa56bf899c5,deepseek-v4-flash-0731,evidence_audit,cost_tight,cached,19425ae4055276964c97692a63adbd03d41842a92342ea04a074a9285c2917d3,"{""evidence_acc"":0.35294117647058826,""label_acc"":1.0,""verification_eff"":0.0}","{""evidence_acc"":0.4117647058823529,""label_acc"":1.0,""verification_eff"":0.0}","{""evidence_acc"":0.4117647058823529,""label_acc"":1.0,""verification_eff"":0.0}","{""evidence_acc"":0.4117647058823529,""label_acc"":1.0,""verification_eff"":0.0}",True,False,False,False
69353cf4e0c7bff6c284eec3,deepseek-v4-flash-0731,evidence_audit,cost_tight,cached,0b173989597c599924d331d7a6798be0779f9363688fb1331fa5923215365e0b,"{""evidence_acc"":0.47058823529411764,""label_acc"":0.8235294117647058,""verification_eff"":0.0}","{""evidence_acc"":0.47058823529411764,""label_acc"":0.8235294117647058,""verification_eff"":0.0}","{""evidence_acc"":0.47058823529411764,""label_acc"":0.8235294117647058,""verification_eff"":0.0}","{""evidence_acc"":0.47058823529411764,""label_acc"":0.8235294117647058,""verification_eff"":0.0}",False,False,False,False
a3e1da0874fa2f9ce8df6e1f,deepseek-v4-flash-0731,evidence_audit,cost_tight,naive,c99fd9ed3e8a1791dac0c6b15ce0039157fab3027bf9a4944e86d60c1a53d604,"{""evidence_acc"":0.35294117647058826,""label_acc"":0.9411764705882353,""verification_eff"":0.0}","{""evidence_acc"":0.35294117647058826,""label_acc"":0.9411764705882353,""verification_eff"":0.0}","{""evidence_acc"":0.35294117647058826,""label_acc"":0.9411764705882353,""verification_eff"":0.0}","{""evidence_acc"":0.35294117647058826,""label_acc"":0.9411764705882353,""verification_eff"":0.0}",False,False,False,False
8e89cf9bfae1455121c6d0c3,deepseek-v4-flash-0731,evidence_audit,cost_tight,naive,cdccec38bede22a2e4531eaa2ebb38ed41b2200f62ceba59bae035a997080ce7,"{""evidence_acc"":0.7647058823529411,""label_acc"":0.8823529411764706,""verification_eff"":0.0}","{""evidence_acc"":0.7647058823529411,""label_acc"":0.8823529411764706,""verification_eff"":0.0}","{""evidence_acc"":0.7647058823529411,""label_acc"":0.8823529411764706,""verification_eff"":0.0}","{""evidence_acc"":0.7647058823529411,""label_acc"":0.8823529411764706,""verification_eff"":0.0}",False,False,False,False
93b5bf681feb2c3f1cea8bdc,deepseek-v4-flash-0731,evidence_audit,cost_tight,naive,4da8b311105317f7d1602ea3e978a4ae90668a125198706c9e71435674a7f71c,"{""evidence_acc"":0.35294117647058826,""label_acc"":0.8823529411764706,""verification_eff"":0.0}","{""evidence_acc"":0.35294117647058826,""label_acc"":0.8823529411764706,""verification_eff"":0.0}","{""evidence_acc"":0.35294117647058826,""label_acc"":0.8823529411764706,""verification_eff"":0.0}","{""evidence_acc"":0.35294117647058826,""label_acc"":0.8823529411764706,""verification_eff"":0.0}",False,False,False,False
2aacfbd064f38f443112dd82,deepseek-v4-flash-0731,evidence_audit,cost_tight,naive,8831c25b1eb960b2903afc9f18b8229a1a88e4b1c8daf6d514569379d03d9c71,"{""evidence_acc"":0.5294117647058824,""label_acc"":0.9411764705882353,""verification_eff"":0.0}","{""evidence_acc"":0.5294117647058824,""label_acc"":0.9411764705882353,""verification_eff"":0.0}","{""evidence_acc"":0.5294117647058824,""label_acc"":0.9411764705882353,""verification_eff"":0.0}","{""evidence_acc"":0.5294117647058824,""label_acc"":0.9411764705882353,""verification_eff"":0.0}",False,False,False,False
214d61e9faf54af2ff392d10,deepseek-v4-flash-0731,evidence_audit,cost_tight,naive,812a501b95dea5a6a2f4f4e72dfeabc6f676c20ca0e34945ab62720068c7d980,"{""evidence_acc"":0.5882352941176471,""label_acc"":0.8823529411764706,""verification_eff"":0.0}","{""evidence_acc"":0.5882352941176471,""label_acc"":0.8823529411764706,""verification_eff"":0.0}","{""evidence_acc"":0.5882352941176471,""label_acc"":0.8823529411764706,""verification_eff"":0.0}","{""evidence_acc"":0.5882352941176471,""label_acc"":0.8823529411764706,""verification_eff"":0.0}",False,False,False,False
37e52451cdca695a0f137210,deepseek-v4-flash-0731,evidence_audit,cost_tight,naive,55b0c347bf23cc39f698ac01e3eb3b0312d99d2807febe6c7d758a8756f2dca5,"{""evidence_acc"":0.8235294117647058,""label_acc"":0.8235294117647058,""verification_eff"":0.0}","{""evidence_acc"":0.8235294117647058,""label_acc"":0.8235294117647058,""verification_eff"":0.0}","{""evidence_acc"":0.8235294117647058,""label_acc"":0.8235294117647058,""verification_eff"":0.0}","{""evidence_acc"":0.8235294117647058,""label_acc"":0.8235294117647058,""verification_eff"":0.0}",False,False,False,False
7823cdfae7be762a8252983f,deepseek-v4-flash-0731,evidence_audit,cost_tight,naive,931787aed0c3f810e1f9f4203a0bc9ba8e0d05da7f04698b995c6f337fe9db25,"{""evidence_acc"":0.8235294117647058,""label_acc"":0.8235294117647058,""verification_eff"":0.0}","{""evidence_acc"":0.8235294117647058,""label_acc"":0.8235294117647058,""verification_eff"":0.0}","{""evidence_acc"":0.8235294117647058,""label_acc"":0.8235294117647058,""verification_eff"":0.0}","{""evidence_acc"":0.8235294117647058,""label_acc"":0.8235294117647058,""verification_eff"":0.0}",False,False,False,False
13d8f93beb3f0e5de36d9401,deepseek-v4-flash-0731,evidence_audit,cost_tight,naive,e54c55ebb40f1843c647aabee4ab84a9ff69434222efa68b57152a5b0f902808,"{""evidence_acc"":0.7058823529411765,""label_acc"":1.0,""verification_eff"":0.0}","{""evidence_acc"":0.7058823529411765,""label_acc"":1.0,""verification_eff"":0.0}","{""evidence_acc"":0.7058823529411765,""label_acc"":1.0,""verification_eff"":0.0}","{""evidence_acc"":0.7058823529411765,""label_acc"":1.0,""verification_eff"":0.0}",False,False,False,False
d7b8b2d9f131624038d7440b,deepseek-v4-flash-0731,evidence_audit,cost_tight,naive,75ff4f1097a11fdc324f8c4c0cd6d75dc1d632b23e2aaf393a49cf058a489a0e,"{""evidence_acc"":0.8823529411764706,""label_acc"":0.8235294117647058,""verification_eff"":0.0}","{""evidence_acc"":0.8823529411764706,""label_acc"":0.8235294117647058,""verification_eff"":0.0}","{""evidence_acc"":0.8823529411764706,""label_acc"":0.8235294117647058,""verification_eff"":0.0}","{""evidence_acc"":0.8823529411764706,""label_acc"":0.8235294117647058,""verification_eff"":0.0}",False,False,False,False
d13ef0f3a4287a70e916e00a,deepseek-v4-flash-0731,evidence_audit,cost_tight,naive,c645caa8b372f07922e9ccc766cddd94c1f7436d43802efd249924a561e42e4b,"{""evidence_acc"":0.6470588235294118,""label_acc"":0.8823529411764706,""verification_eff"":0.0}","{""evidence_acc"":0.6470588235294118,""label_acc"":0.8823529411764706,""verification_eff"":0.0}","{""evidence_acc"":0.6470588235294118,""label_acc"":0.8823529411764706,""verification_eff"":0.0}","{""evidence_acc"":0.6470588235294118,""label_acc"":0.8823529411764706,""verification_eff"":0.0}",False,False,False,False
c486c7c9dea29e0b9da34a9a,deepseek-v4-flash-0731,evidence_audit,cost_tight,naive,414f5ccbc8a1b41cb1ff34fde4f302dc4465393728c577782b8a6ed35de79ec1,"{""evidence_acc"":0.8235294117647058,""label_acc"":0.8823529411764706,""verification_eff"":0.0}","{""evidence_acc"":0.8235294117647058,""label_acc"":0.8823529411764706,""verification_eff"":0.0}","{""evidence_acc"":0.8235294117647058,""label_acc"":0.8823529411764706,""verification_eff"":0.0}","{""evidence_acc"":0.8235294117647058,""label_acc"":0.8823529411764706,""verification_eff"":0.0}",False,False,False,False
f728679bedeec603ff4687d7,deepseek-v4-flash-0731,evidence_audit,cost_tight,naive,8844fa6a87f823d8783462e4cc2e7dcebbdc5b27196d4b53e9c53ed98c227fd9,"{""evidence_acc"":0.35294117647058826,""label_acc"":1.0,""verification_eff"":0.0}","{""evidence_acc"":0.35294117647058826,""label_acc"":1.0,""verification_eff"":0.0}","{""evidence_acc"":0.35294117647058826,""label_acc"":1.0,""verification_eff"":0.0}","{""evidence_acc"":0.35294117647058826,""label_acc"":1.0,""verification_eff"":0.0}",False,False,False,False
04ce39b40d7d88d19c0efa05,deepseek-v4-flash-0731,evidence_audit,cost_tight,naive,44ff4d0d6621660f3b36cc622dc0276f1b5b62eab94dcb3b53f407a02a8b5f67,"{""evidence_acc"":0.4117647058823529,""label_acc"":0.8235294117647058,""verification_eff"":0.0}","{""evidence_acc"":0.4117647058823529,""label_acc"":0.8235294117647058,""verification_eff"":0.0}","{""evidence_acc"":0.4117647058823529,""label_acc"":0.8235294117647058,""verification_eff"":0.0}","{""evidence_acc"":0.4117647058823529,""label_acc"":0.8235294117647058,""verification_eff"":0.0}",False,False,False,False
cfc5de65e3324a67c56e12d2,deepseek-v4-flash-0731,evidence_audit,cost_tight,poolact,a55d5ef272ffa1a367b5097011dbfc75a8e721975677403012d281e9a27126f6,"{""evidence_acc"":0.4117647058823529,""label_acc"":0.9411764705882353,""verification_eff"":0.0}","{""evidence_acc"":0.4117647058823529,""label_acc"":0.9411764705882353,""verification_eff"":0.0}","{""evidence_acc"":0.4117647058823529,""label_acc"":0.9411764705882353,""verification_eff"":0.0}","{""evidence_acc"":0.4117647058823529,""label_acc"":0.9411764705882353,""verification_eff"":0.0}",False,False,False,False
aa0c07999beb20071969cb88,deepseek-v4-flash-0731,evidence_audit,cost_tight,poolact,099620e1da12977ef6e52ba5b1c2c7def1f2a6185a271e3e392f24d4b8a92f4e,"{""evidence_acc"":0.7647058823529411,""label_acc"":0.8823529411764706,""verification_eff"":0.0}","{""evidence_acc"":0.7647058823529411,""label_acc"":0.8823529411764706,""verification_eff"":0.0}","{""evidence_acc"":0.7647058823529411,""label_acc"":0.8823529411764706,""verification_eff"":0.0}","{""evidence_acc"":0.7647058823529411,""label_acc"":0.8823529411764706,""verification_eff"":0.0}",False,False,False,False
d5efad1e376492a202c6dadb,deepseek-v4-flash-0731,evidence_audit,cost_tight,poolact,7f69132dcbbf2a0e41fbbab8d94fd8139cd31ddf22f14f4753dc809ba7bb960b,"{""evidence_acc"":0.47058823529411764,""label_acc"":0.9411764705882353,""verification_eff"":0.0}","{""evidence_acc"":0.47058823529411764,""label_acc"":0.9411764705882353,""verification_eff"":0.0}","{""evidence_acc"":0.47058823529411764,""label_acc"":0.9411764705882353,""verification_eff"":0.0}","{""evidence_acc"":0.47058823529411764,""label_acc"":0.9411764705882353,""verification_eff"":0.0}",False,False,False,False
5e8267a5f3f8cc28219b18a8,deepseek-v4-flash-0731,evidence_audit,cost_tight,poolact,98d38f2a8594cb4756b9253ddcc11f384a06ecf1bd334d024ca386daf9d458dd,"{""evidence_acc"":0.5882352941176471,""label_acc"":0.8823529411764706,""verification_eff"":0.0}","{""evidence_acc"":0.5882352941176471,""label_acc"":0.8823529411764706,""verification_eff"":0.0}","{""evidence_acc"":0.5882352941176471,""label_acc"":0.8823529411764706,""verification_eff"":0.0}","{""evidence_acc"":0.5882352941176471,""label_acc"":0.8823529411764706,""verification_eff"":0.0}",False,False,False,False
c44a27f1b81c045ec6edb830,deepseek-v4-flash-0731,evidence_audit,cost_tight,poolact,13bc8740e76958e53fedfc7e7690430abd3880ac2f9e6c1e513f1aeb31b77909,"{""evidence_acc"":0.6470588235294118,""label_acc"":0.9411764705882353,""verification_eff"":0.0}","{""evidence_acc"":0.6470588235294118,""label_acc"":0.9411764705882353,""verification_eff"":0.0}","{""evidence_acc"":0.6470588235294118,""label_acc"":0.9411764705882353,""verification_eff"":0.0}","{""evidence_acc"":0.6470588235294118,""label_acc"":0.9411764705882353,""verification_eff"":0.0}",False,False,False,False
8582ac464fed68d01af734f4,deepseek-v4-flash-0731,evidence_audit,cost_tight,poolact,a1aa620d9d73c4e58a4b1fb846fca74daf8971a10a7ae4c5d99c2e9e8ecf27e8,"{""evidence_acc"":0.9411764705882353,""label_acc"":0.9411764705882353,""verification_eff"":0.0}","{""evidence_acc"":0.9411764705882353,""label_acc"":0.9411764705882353,""verification_eff"":0.0}","{""evidence_acc"":0.9411764705882353,""label_acc"":0.9411764705882353,""verification_eff"":0.0}","{""evidence_acc"":0.9411764705882353,""label_acc"":0.9411764705882353,""verification_eff"":0.0}",False,False,False,False
4ed26a79ea23efed3a783974,deepseek-v4-flash-0731,evidence_audit,cost_tight,poolact,307118173d7c17f41ac2c582147a0b7fd282b0c259e14f32211cd0b3d49d9473,"{""evidence_acc"":1.0,""label_acc"":0.9411764705882353,""verification_eff"":0.0}","{""evidence_acc"":1.0,""label_acc"":0.9411764705882353,""verification_eff"":0.0}","{""evidence_acc"":1.0,""label_acc"":0.9411764705882353,""verification_eff"":0.0}","{""evidence_acc"":1.0,""label_acc"":0.9411764705882353,""verification_eff"":0.0}",False,False,False,False
274f764d06bc89e33fd7c7bc,deepseek-v4-flash-0731,evidence_audit,cost_tight,poolact,75f396e8c8d43bddf0943f702b046728de66399f3854234d571142a1c1cbbb28,"{""evidence_acc"":0.7647058823529411,""label_acc"":0.9411764705882353,""verification_eff"":0.0}","{""evidence_acc"":0.7647058823529411,""label_acc"":0.9411764705882353,""verification_eff"":0.0}","{""evidence_acc"":0.7647058823529411,""label_acc"":0.9411764705882353,""verification_eff"":0.0}","{""evidence_acc"":0.7647058823529411,""label_acc"":0.9411764705882353,""verification_eff"":0.0}",False,False,False,False
576e0199ff66cd91998deb92,deepseek-v4-flash-0731,evidence_audit,cost_tight,poolact,f53e67005f5fb9bc11954a809aafc381f7ac69b2185a4b410f23dcaefb1a462b,"{""evidence_acc"":0.9411764705882353,""label_acc"":0.8823529411764706,""verification_eff"":0.0}","{""evidence_acc"":0.9411764705882353,""label_acc"":0.8823529411764706,""verification_eff"":0.0}","{""evidence_acc"":0.9411764705882353,""label_acc"":0.8823529411764706,""verification_eff"":0.0}","{""evidence_acc"":0.9411764705882353,""label_acc"":0.8823529411764706,""verification_eff"":0.0}",False,False,False,False
f2a7d9bfa41bc2ba3fc3d753,deepseek-v4-flash-0731,evidence_audit,cost_tight,poolact,e9f56b2684d9f956723181bb5cc4d6a3cbc7eb185a175bbed49dd5d2b136813c,"{""evidence_acc"":0.7058823529411765,""label_acc"":0.9411764705882353,""verification_eff"":0.0}","{""evidence_acc"":0.7058823529411765,""label_acc"":0.9411764705882353,""verification_eff"":0.0}","{""evidence_acc"":0.7058823529411765,""label_acc"":0.9411764705882353,""verification_eff"":0.0}","{""evidence_acc"":0.7058823529411765,""label_acc"":0.9411764705882353,""verification_eff"":0.0}",False,False,False,False
72499639c82094f3378216f8,deepseek-v4-flash-0731,evidence_audit,cost_tight,poolact,f79c7549cf0418dc23e8bb5e1915dc04fd27262cff458bf3e6bddbb83b499a8e,"{""evidence_acc"":0.9411764705882353,""label_acc"":1.0,""verification_eff"":0.0}","{""evidence_acc"":0.9411764705882353,""label_acc"":1.0,""verification_eff"":0.0}","{""evidence_acc"":0.9411764705882353,""label_acc"":1.0,""verification_eff"":0.0}","{""evidence_acc"":0.9411764705882353,""label_acc"":1.0,""verification_eff"":0.0}",False,False,False,False
64dfeda9ae56597cda274cc4,deepseek-v4-flash-0731,evidence_audit,cost_tight,poolact,68e0ffc386eeb247ae716f9e6fdd069e1ac50775fbf549a4d938235b23c4ddf4,"{""evidence_acc"":0.5294117647058824,""label_acc"":1.0,""verification_eff"":0.0}","{""evidence_acc"":0.5294117647058824,""label_acc"":1.0,""verification_eff"":0.0}","{""evidence_acc"":0.5294117647058824,""label_acc"":1.0,""verification_eff"":0.0}","{""evidence_acc"":0.5294117647058824,""label_acc"":1.0,""verification_eff"":0.0}",False,False,False,False
b948ea73c8dc980a541b3d3c,deepseek-v4-flash-0731,evidence_audit,cost_tight,poolact,9d2a9bfd1b5d53f8e77b19f943223f82e269a9a1ccd9983048fd0148fe194d57,"{""evidence_acc"":0.5882352941176471,""label_acc"":0.8235294117647058,""verification_eff"":0.0}","{""evidence_acc"":0.5882352941176471,""label_acc"":0.8235294117647058,""verification_eff"":0.0}","{""evidence_acc"":0.5882352941176471,""label_acc"":0.8235294117647058,""verification_eff"":0.0}","{""evidence_acc"":0.5882352941176471,""label_acc"":0.8235294117647058,""verification_eff"":0.0}",False,False,False,False
13fa329fdf6f42d16d146737,deepseek-v4-flash-0731,restricted_search,cost_moderate,cached,2b670c3c0dffc2e0b1eb31409baa17b872143b12cb4a1fb97221764c52f85125,1.0,1.0,1.0,1.0,False,False,False,False
7b5c28430f76e14fde43cd28,deepseek-v4-flash-0731,restricted_search,cost_moderate,cached,be8e036d97cfaef14b362f96f49ac90358f1cb0268ae1b3ca00c772af564d380,1.0,1.0,1.0,1.0,False,False,False,False
b777c502d872b89c57c171df,deepseek-v4-flash-0731,restricted_search,cost_moderate,cached,7b4fc1e0608eb6be76154872fb4b949ab9e989b0f2f967ebbe9acb56d5e7c87c,0.0,0.0,0.0,0.0,False,False,False,False
881c09330c4e5d4d12228805,deepseek-v4-flash-0731,restricted_search,cost_moderate,cached,61fc646e6ca509ed16549078dc416e0be7454d031f6966a0a0c654c4d7d397be,0.0,0.0,0.0,0.0,False,False,False,False
64dc30a1874c543c8c55cc75,deepseek-v4-flash-0731,restricted_search,cost_moderate,cached,6833aa6cc009912b47e996d400ddfc6a6f9d3120a375cde7403c4d6737b67d80,1.0,1.0,1.0,1.0,False,False,False,False
4b41a05aa0b14e1a9e5b6f5c,deepseek-v4-flash-0731,restricted_search,cost_moderate,cached,db8cfa2cdd83509f0b0f8ef11be86189c93f877de4f07af8d026da138447a620,0.0,0.0,0.0,0.0,False,False,False,False
fcfb19f5b944aea7b0beda16,deepseek-v4-flash-0731,restricted_search,cost_moderate,cached,5a8043a34dd669af03be73fda1cafcaf6a00753a61854649c5b434cfd13bb755,1.0,1.0,1.0,1.0,False,False,False,False
21539ae754cea09d42b903aa,deepseek-v4-flash-0731,restricted_search,cost_moderate,cached,5407ab85a8785d4bf4051a1a7d5cbba3106a0d9ae970c94d453823e54fa9f1c2,0.0,0.0,0.0,0.0,False,False,False,False
c67fae2844330a475667b845,deepseek-v4-flash-0731,restricted_search,cost_moderate,cached,1dfee49578390378ee5bd60c598a781e4c11045e6a80bd4a071f370beabb5269,1.0,1.0,1.0,1.0,False,False,False,False
b34fbf8352b5e8ecffff6185,deepseek-v4-flash-0731,restricted_search,cost_moderate,cached,d1ab78396fb995bb61b9bfd43f3fbd6fff72b0a7e0dd2b359f7ef7b9e39790f8,0.0,0.0,0.0,0.0,False,False,False,False
80d3628decbccd6a43c92195,deepseek-v4-flash-0731,restricted_search,cost_moderate,cached,482c303236f36715492ec85e1e101bddd6859051994385700e821513e4863c34,0.0,0.0,0.0,0.0,False,False,False,False
1d5f7928a1e374e915492fd4,deepseek-v4-flash-0731,restricted_search,cost_moderate,cached,4803506a495e77c2b0405a63aebf032a3b515fa9b3e52f18ea9ac09cc5b90d09,0.0,0.0,0.0,0.0,False,False,False,False
7042825e8979b2afaf5da9c8,deepseek-v4-flash-0731,restricted_search,cost_moderate,cached,f8427701020cf849f4f8f074c3fb6a434689907fc6a9b1b71fe6ac92286c8633,1.0,1.0,1.0,1.0,False,False,False,False
ccc79434b782c4438633b01d,deepseek-v4-flash-0731,restricted_search,cost_moderate,cached,36da1b4e849168a218fe88fde4dfcc3c0a7bb8cf4f3293aea0de0973d5d185ce,1.0,1.0,1.0,1.0,False,False,False,False
67223b099bb8d322d2a17bee,deepseek-v4-flash-0731,restricted_search,cost_moderate,cached,c550ce25f81188ddd76a9b3744befbf4ce3608992555d2206ce5c6ce338bde0f,1.0,1.0,1.0,1.0,False,False,False,False
7fb731d646971be3a023f0bc,deepseek-v4-flash-0731,restricted_search,cost_moderate,cached,66d920ad63658e359bdff5c9ba9c6305ae69997d610df43fc609b9b9fc8a0a10,1.0,1.0,1.0,1.0,False,False,False,False
db1b2406e3f324d07f7e4894,deepseek-v4-flash-0731,restricted_search,cost_moderate,cached,17e397b6ba17f402e5675f9e9736b843929736808240dc20774ff6090bba4f03,1.0,1.0,1.0,1.0,False,False,False,False
0abbe74937cfb8dcd985ef06,deepseek-v4-flash-0731,restricted_search,cost_moderate,cached,72b59d2b43cfe832fb9df1e0f2d3c3e384b05a5979e468665f4a2e371566e3f1,1.0,1.0,1.0,1.0,False,False,False,False
d416790b48fc65b4be0afdb8,deepseek-v4-flash-0731,restricted_search,cost_moderate,cached,bb68773d1c04dca890e730a3d81f69b60fc13a8d4608cf470e7f27be8ecdf5fc,0.6666666666666666,0.6666666666666666,0.6666666666666666,0.6666666666666666,False,False,False,False
f738aa5965964647f99f1734,deepseek-v4-flash-0731,restricted_search,cost_moderate,cached,56c22553fe51d13f1bd4c8636e251b742bb78411532ed02a8a7c0449a7d3a3ae,1.0,1.0,1.0,1.0,False,False,False,False
1d12bc6d58fa8480f5d8e052,deepseek-v4-flash-0731,restricted_search,cost_moderate,cached,288eaeb6e053f76c6509a13307422e3a699de45483865d4376f3d64d99950774,1.0,1.0,1.0,1.0,False,False,False,False
36ff4293d9cb2909fafebae4,deepseek-v4-flash-0731,restricted_search,cost_moderate,cached,d4e74256f67f1a416faa4d0490730f8cecd9953139cf9370d13e656b529adb6c,0.6666666666666666,0.6666666666666666,0.6666666666666666,0.6666666666666666,False,False,False,False
5b21e7f716a172c4fb16ece9,deepseek-v4-flash-0731,restricted_search,cost_moderate,cached,4724902a2316685a62070c7434dff43eb31b51473d9937009b80ff3ddc8f71f6,0.23529411764705882,0.23529411764705882,0.23529411764705882,0.23529411764705882,False,False,False,False
11ba2904273bcabbed413f16,deepseek-v4-flash-0731,restricted_search,cost_moderate,cached,1c26e1c5938d9e6b084f38472cd92cb6c283c77671bbc4a9f0845babe59166d6,1.0,1.0,1.0,1.0,False,False,False,False
ed780e72c652fb5c94359c2c,deepseek-v4-flash-0731,restricted_search,cost_moderate,cached,1695a8b0d4e61514d5bd296ec72fe34c6b30e3f8c16bf83d15b2a82cd276bb61,0.0,0.0,0.0,0.0,False,False,False,False
8be2b03fbb7367e12960d512,deepseek-v4-flash-0731,restricted_search,cost_moderate,cached,fc28ee262cf571f8f3709ade973db9deb595a58d608cb9b5d01fd092bfc68a06,1.0,1.0,1.0,1.0,False,False,False,False
79a33a6164a1002f3bf3aec3,deepseek-v4-flash-0731,restricted_search,cost_moderate,cached,f68b2f8a37ef3277e7e1c5e2467e82012b754558d7cea67b119b0a151379bd73,1.0,1.0,1.0,1.0,False,False,False,False
4aeca4ee3e70c96811b40b88,deepseek-v4-flash-0731,restricted_search,cost_moderate,cached,ac275ad4de0cf7e4d1c6e5e8eb7faec5c672a2a8d01a6e9e4ffdc02f15d415d8,0.0,0.0,0.0,0.0,False,False,False,False
bcf389749b04debefcb2cd48,deepseek-v4-flash-0731,restricted_search,cost_moderate,cached,590c88287bc9ff3438ad74766b488f6e8a3c36219390b7ebc73e7f32bda84920,0.33333333333333337,0.33333333333333337,0.33333333333333337,0.33333333333333337,False,False,False,False
93fa0ac1bfd5525ea7ecc7cd,deepseek-v4-flash-0731,restricted_search,cost_moderate,cached,49aba67b7a7f8b84057906758f4d2839d459f902b7daea32df1985f2ebbd72d7,0.0,0.0,0.0,0.0,False,False,False,False
fafcdc1bcf6305413bc6c93e,deepseek-v4-flash-0731,restricted_search,cost_moderate,cached,6cc259c693a9e1b733e2fac8a4f85edd13a93a22687017ef48961929577a33e3,0.0,0.0,0.0,0.0,False,False,False,False
44e0c148984a6c3f87929031,deepseek-v4-flash-0731,restricted_search,cost_moderate,cached,83fa86b8cb65620ed7f1b4312b38c342ec4bfbccc8d0b2c14d22db37f633db9a,1.0,1.0,1.0,1.0,False,False,False,False
13415c46c9b9c06394bdad8c,deepseek-v4-flash-0731,restricted_search,cost_moderate,cached,e57a3314a2920c7f21377b0b41aaab47be06d51da4cb5ec34821674a670530d1,1.0,1.0,1.0,1.0,False,False,False,False
a9203216ce99b9eeb396cdf0,deepseek-v4-flash-0731,restricted_search,cost_moderate,cached,ebdeaf111be0d264d2c5abbbd47d6dbc032304c011a15fe039b0dbc16d71adb9,1.0,1.0,1.0,1.0,False,False,False,False
baa8c8530eed0e91d1822d56,deepseek-v4-flash-0731,restricted_search,cost_moderate,cached,337291bb21a0be202a4cae62d8425057cc633808976e5a40b38f296d78292ad8,1.0,1.0,1.0,1.0,False,False,False,False
c6d0f326c9820b5a2eb0dd06,deepseek-v4-flash-0731,restricted_search,cost_moderate,cached,9aee2aa2977ea8d042b2a2aed3c110386a64092e4c874b9079eb5dc187cdb5a1,0.4,0.4,0.4,0.4,False,False,False,False
26598fc8e024dd28183748f2,deepseek-v4-flash-0731,restricted_search,cost_moderate,cached,210d5f111515a320c76b9e250ba794e2c7e9071d0d7dd4eda6a78b9baceafa55,1.0,1.0,1.0,1.0,False,False,False,False
5051a3a8556d5b0f79cef103,deepseek-v4-flash-0731,restricted_search,cost_moderate,cached,bc2bf2f3850037a1bc67dbf9d0e35c0f22cded655f379d7e2a0ad23f4b76259b,0.0,0.0,0.0,0.0,False,False,False,False
107b30e6101b97a6fcb2ee07,deepseek-v4-flash-0731,restricted_search,cost_moderate,cached,06ba9febf4919a127621f7821fb32092bf11487fb87486ca9e7e0f006f0a8734,0.8,0.8,0.8,0.8,False,False,False,False
64af3843f19a8cc81fcd506c,deepseek-v4-flash-0731,restricted_search,cost_moderate,naive,4c8d5281f41b64b6b1998b6b93f63a4e2d9f9e74f336c53271d400054122cd1c,1.0,1.0,1.0,1.0,False,False,False,False
9c7ce3301111bfa901936e14,deepseek-v4-flash-0731,restricted_search,cost_moderate,naive,747d0bff15b9f3b8723b3f7cb0377efe230ff5a7168f63f794c97876c86a9365,1.0,1.0,1.0,1.0,False,False,False,False
233ed4eefdaa87897ea2da83,deepseek-v4-flash-0731,restricted_search,cost_moderate,naive,c94620c27072d4fe8c3f9e8eb641d8a2cf3e14f136499b0cc5e75034d233472c,0.0,0.0,0.0,0.0,False,False,False,False
30df0258254a5a028acd36b8,deepseek-v4-flash-0731,restricted_search,cost_moderate,naive,6f2bd81e1b184ba5765a9dbc09586328479cfdf15d192c15a1fa72120b13a584,0.5555555555555556,0.5555555555555556,0.5555555555555556,0.5555555555555556,False,False,False,False
e4a59c6ed63fa8780db735e9,deepseek-v4-flash-0731,restricted_search,cost_moderate,naive,9dcc1462d425ba5da5cc826bd7062d62f33af0a2aea6f5a9fd261b1517be565d,1.0,1.0,1.0,1.0,False,False,False,False
00de7a0593a50dc56f3f69c4,deepseek-v4-flash-0731,restricted_search,cost_moderate,naive,b5ec1be29a5cd5ebf3cddcb59bafcb7c140a63960618615a1e0aa9cb6ad7f591,0.0,0.0,0.0,0.0,False,False,False,False
6ce0cdc43efc6f7e0ab1623c,deepseek-v4-flash-0731,restricted_search,cost_moderate,naive,f82b9d748d71d55251ccb7c5e274f1663e95f2ccabdf45947ad4f3b658e711c5,1.0,1.0,1.0,1.0,False,False,False,False
e847bdbc2d64e241f93dbe13,deepseek-v4-flash-0731,restricted_search,cost_moderate,naive,0a4150ea08114824bf0b78ca2b52794efc6edac62cb214f2368812fc009182f4,0.0,0.0,0.0,0.0,False,False,False,False
8bdb7ae3f0c482e493b597a0,deepseek-v4-flash-0731,restricted_search,cost_moderate,naive,a0003c2bdf43f52443f5a528961340cbf05ccdd1893fd86fa1d20ec131b1102e,1.0,1.0,1.0,1.0,False,False,False,False
0ecdff0f7d0e18da5d53f667,deepseek-v4-flash-0731,restricted_search,cost_moderate,naive,13ca31b3f6bae46a1e32db5a0db8a6eb2df566c384ea23e48bbdba60155a43e9,0.0,0.0,0.0,0.0,False,False,False,False
66b9aa366ff04038de97ed5d,deepseek-v4-flash-0731,restricted_search,cost_moderate,naive,ee4da173ac66d61fa3d2b90965e07de250f63ac57455bdfe70962ee19c4dfa69,0.0,0.0,0.0,0.0,False,False,False,False
a463cdb281f3e12b9106c9d2,deepseek-v4-flash-0731,restricted_search,cost_moderate,naive,9a579af4eb124a927d3e3dd8f0060101727d78ae99dcfd62c5fc11f897b32010,0.0,0.0,0.0,0.0,False,False,False,False
675e51e215c6a013356c8413,deepseek-v4-flash-0731,restricted_search,cost_moderate,naive,2986baab447ee4b9b95309acecdb85db3f3841344033de85a306330591cd9e58,1.0,1.0,1.0,1.0,False,False,False,False
6cf97c4bb3a60d5915e56ba8,deepseek-v4-flash-0731,restricted_search,cost_moderate,naive,1e15bc8ca5f568fc81396e7ea88e2b3ce41f0d6103abe6a91e25e3061d4fd05a,0.6666666666666666,0.6666666666666666,0.6666666666666666,0.6666666666666666,False,False,False,False
d68ace697ea2d2402ca86e4c,deepseek-v4-flash-0731,restricted_search,cost_moderate,naive,2d80296751e8b6e31f1206526ed8ea0e0a78080c6a5ae10d350950b8e8bc097c,1.0,1.0,1.0,1.0,False,False,False,False
fc84f511056ee8f2964b0ae6,deepseek-v4-flash-0731,restricted_search,cost_moderate,naive,67cecf7bf6964503d70b78691525042373658bc6f300d2cf47fce963345c9ec7,1.0,1.0,1.0,1.0,False,False,False,False
16029d76b0528c2f7b5a1980,deepseek-v4-flash-0731,restricted_search,cost_moderate,naive,06798f3ba0f0a5569fb430572e75bc66cb40f1649f369934836f257ce0335bca,1.0,1.0,1.0,1.0,False,False,False,False
bc5681ef5183122e76cc6d12,deepseek-v4-flash-0731,restricted_search,cost_moderate,naive,f39b2f833f0e8a48356113bb7eaa11dc7f04bc1cf1dd86501d45e108386d2b84,1.0,1.0,1.0,1.0,False,False,False,False
541e27b6e0d029b438ed1559,deepseek-v4-flash-0731,restricted_search,cost_moderate,naive,5a33b0766f0492ad1191a0e85c40d81410a8dc846075e8e3de944aa8eb530fcc,0.6666666666666666,0.6666666666666666,0.6666666666666666,0.6666666666666666,False,False,False,False
2a87c4787a5748d5c399a41e,deepseek-v4-flash-0731,restricted_search,cost_moderate,naive,d78b6d97ef33f5573793188df33e86246837f65e3ff25f6d4c010a443be9f130,1.0,1.0,1.0,1.0,False,False,False,False
20f0cd2b2945f6708dbeefa2,deepseek-v4-flash-0731,restricted_search,cost_moderate,naive,e25384ee2968128930be9fd6094470ef0a3702a8699cd8ac4e4207bc14674d2f,1.0,1.0,1.0,1.0,False,False,False,False
edede1a9e280e46994babac2,deepseek-v4-flash-0731,restricted_search,cost_moderate,naive,8c1516f0c6977d463242925eaa045423e7fcfd1a65dcfcb810e8d755f0e301ef,0.6666666666666666,0.6666666666666666,0.6666666666666666,0.6666666666666666,False,False,False,False
8f588aac37c0ec711d6dc63d,deepseek-v4-flash-0731,restricted_search,cost_moderate,naive,3edffc9df60ecc7a0277de9f6bdba4aa46b83ea8318b1a8732a60dd53e0228b0,0.23529411764705882,0.23529411764705882,0.23529411764705882,0.23529411764705882,False,False,False,False
ca8c113fc5917d408d3b6970,deepseek-v4-flash-0731,restricted_search,cost_moderate,naive,94f8d6cd820cdd99322c22fb99fdafb822b97f2c1aa88e09c6cc5ae1b6c1207c,1.0,1.0,1.0,1.0,False,False,False,False
3a40bbe916c1ca23f7bf2d1b,deepseek-v4-flash-0731,restricted_search,cost_moderate,naive,55bbcb09e3a0f184dc99f0272e11ee14f2e6fd1e9127d3d8b00bb7ca1e51f8b7,0.0,0.0,0.0,0.0,False,False,False,False
c1cfa361fa6d839c0619c2c4,deepseek-v4-flash-0731,restricted_search,cost_moderate,naive,ef6727d36902a666a1d2f7755e24dbf981282eca670ac50a743adc81b67cf943,1.0,1.0,1.0,1.0,False,False,False,False
5f1d130d6704737c5d22cdf3,deepseek-v4-flash-0731,restricted_search,cost_moderate,naive,804cbba0477483d2cf5a76878c1c39dfde144b732c023834a790d40fa2bd0f3c,1.0,1.0,1.0,1.0,False,False,False,False
5a40e32293eb74f69acac40a,deepseek-v4-flash-0731,restricted_search,cost_moderate,naive,5823d5c6b489cafe0ac41f313f8b8b684fdacf20b22996b249f4a2b45495d07e,0.0,0.0,0.0,0.0,False,False,False,False
9cfd018a63b0f87af7180a03,deepseek-v4-flash-0731,restricted_search,cost_moderate,naive,63b435538d6e8a75fdf945e03a2be1485c9a729905c4841c555461da9bc8bb19,0.18181818181818182,0.18181818181818182,0.18181818181818182,0.18181818181818182,False,False,False,False
06c1ab4f50a8fc27fdcd67e7,deepseek-v4-flash-0731,restricted_search,cost_moderate,naive,9a40606051e13dbdc2d1eb19d7971af5a3435d5dbb85f1203bf42d06f1ce1ce6,0.0,0.0,0.0,0.0,False,False,False,False
c06a27982489b921aadbe9b6,deepseek-v4-flash-0731,restricted_search,cost_moderate,naive,c15c754c3127d10bfe8fb8f762b7c4d5e41da728c566a1bdb643992db4acb0a5,0.0,0.0,0.0,0.0,False,False,False,False
701d323e7d294a7673685e91,deepseek-v4-flash-0731,restricted_search,cost_moderate,naive,11c9004e8e85b6fcc180934daf6fdcf05367cf3ebbb4ef533bb2c02a2f13bc68,1.0,1.0,1.0,1.0,False,False,False,False
b33c7f50f0b30e4685fac1b8,deepseek-v4-flash-0731,restricted_search,cost_moderate,naive,88df9153a72bb6e3e4b1f2601917fb83ddb82af9edf7b1a90cadb77a3be85614,0.8,0.8,0.8,0.8,False,False,False,False
b0cadcf7befa287b54ca8fd9,deepseek-v4-flash-0731,restricted_search,cost_moderate,naive,1aa47afe30c619a2e2bf073087e3bfa56796b65f8046516db73029196fed7b05,1.0,1.0,1.0,1.0,False,False,False,False
965ad1e947b84adbf8598b28,deepseek-v4-flash-0731,restricted_search,cost_moderate,naive,5ed5206199cd5ef5f24f246e2436366abcdfcfd15cd4d22b52da1034146da286,1.0,1.0,1.0,1.0,False,False,False,False
ec72d7933ca82056223ca1ac,deepseek-v4-flash-0731,restricted_search,cost_moderate,naive,769e83d841f1afc8a5254d83fc3ed1fd51e57b882f46a0aa50ba01243063f44d,0.4,0.4,0.4,0.4,False,False,False,False
2cbb3a73ee711ca982c35fd6,deepseek-v4-flash-0731,restricted_search,cost_moderate,naive,8edba6fe59794ae882045b7e19528fec4a36b5c547b21312163f5b6504b7f38b,1.0,1.0,1.0,1.0,False,False,False,False
d76b70b9aa689c5e1a7db4a7,deepseek-v4-flash-0731,restricted_search,cost_moderate,naive,ba98acd327a54e1270b32d2f972ef37216dc47ed8ed5101223ad46f8e112dd6a,0.33333333333333337,0.33333333333333337,0.33333333333333337,0.33333333333333337,False,False,False,False
9dec41cac5013cc6a7d6dfc4,deepseek-v4-flash-0731,restricted_search,cost_moderate,naive,cc366664e0bcc0dff7dd46c1878824209a0854f73d07b8f67d1a743185283065,0.0,0.0,0.0,0.0,False,False,False,False
db642b93306be33fb46c323e,deepseek-v4-flash-0731,restricted_search,cost_moderate,poolact,600055699d69848ccac1d15306c764ce62bf19ddfe4819f0cb576510e3d0cae1,1.0,1.0,1.0,1.0,False,False,False,False
e9bc74895dfc6f8a300bfda8,deepseek-v4-flash-0731,restricted_search,cost_moderate,poolact,13bdf21d24a7079ef0e49bd096ab428aff61effe87421cf3ae8994e1ad006b6d,1.0,1.0,1.0,1.0,False,False,False,False
ecb7acc94389328c40889075,deepseek-v4-flash-0731,restricted_search,cost_moderate,poolact,2098ec626acebdb9ac9a058449fc059bc881310b863f30bff8528fe64ef33b81,0.0,0.0,0.0,0.0,False,False,False,False
df15ecb57ee4dc55e6163d21,deepseek-v4-flash-0731,restricted_search,cost_moderate,poolact,18750415dc4a28f0d2ad15358b739aa9021a722a166b0b777e74edef5b65fd1a,0.0,0.0,0.0,0.0,False,False,False,False
7767bf6c125befb158840ccf,deepseek-v4-flash-0731,restricted_search,cost_moderate,poolact,9c5ebf597d8686fd0b1946289ad68662fa1a7792838eeab86de17907aa142a87,1.0,1.0,1.0,1.0,False,False,False,False
492203575a84773ac93a09d7,deepseek-v4-flash-0731,restricted_search,cost_moderate,poolact,19c16b7f991d810975865b0afa6da869d41f1e5eb7280db73039df6ca41c59dc,0.0,0.0,0.0,0.0,False,False,False,False
489429c113115bcb1a37bccd,deepseek-v4-flash-0731,restricted_search,cost_moderate,poolact,e9515a4ea4352b6d69dd9884fd600c50215512ece3930dbf4b20aa13efed96e2,1.0,1.0,1.0,1.0,False,False,False,False
19178ab1e14ab4101b83dee8,deepseek-v4-flash-0731,restricted_search,cost_moderate,poolact,cbb6fa8baf859d459b5214b4fd310db45b877ec44ad0b590c7c284ee28de9273,0.0,0.0,0.0,0.0,False,False,False,False
d403ddecff1bb720074de4a0,deepseek-v4-flash-0731,restricted_search,cost_moderate,poolact,374941a06831d93c477c079b4ff981f39dfc8f05dba6f54cdddf2b02ed783779,0.6666666666666666,0.6666666666666666,0.6666666666666666,0.6666666666666666,False,False,False,False
f9597760896c4f73eb901657,deepseek-v4-flash-0731,restricted_search,cost_moderate,poolact,ebbcb7e73e9b11d4bb5a1be13d0b0bdba48fe3592e8825ddfd7ec0b784f74e4b,0.0,0.0,0.0,0.0,False,False,False,False
8d1804cf4b17d74f5ff5ee99,deepseek-v4-flash-0731,restricted_search,cost_moderate,poolact,87d8780f122a53ca23ee9c8aa94247b05b891147c9659f742dece1c06f3ebda8,0.0,0.0,0.0,0.0,False,False,False,False
00adf003403e09e323505f64,deepseek-v4-flash-0731,restricted_search,cost_moderate,poolact,aabb3eb60d2ad499025b783d12ed165acb7745a219add03c1703ddf80a06600e,0.0,0.0,0.0,0.0,False,False,False,False
792d360d51c8285c8fac4cd1,deepseek-v4-flash-0731,restricted_search,cost_moderate,poolact,f61538e5fa68de65093a234ce359546b48799f0c73d1acfd2ee64a15502ccc67,1.0,1.0,1.0,1.0,False,False,False,False
c987ed4654c74f3d223cfe77,deepseek-v4-flash-0731,restricted_search,cost_moderate,poolact,63986f21bc1122807ee06b821326d7239b53e9726f18d10b6141c8c3ab6bc9fa,1.0,1.0,1.0,1.0,False,False,False,False
0973d4a2fb2ffb1af4104f3f,deepseek-v4-flash-0731,restricted_search,cost_moderate,poolact,5ac71f1819344e380edd5911345c290e4bcbbf082398cb7fab020c168f4e33f3,1.0,1.0,1.0,1.0,False,False,False,False
3a9c29e92ff859d6b9dc0fca,deepseek-v4-flash-0731,restricted_search,cost_moderate,poolact,a1414c1b26705e9f36f84a8a4dcba4e96534007e17f47b9ad24d3b4383929dfb,1.0,1.0,1.0,1.0,False,False,False,False
a172ec915ada1e4d2a2685ce,deepseek-v4-flash-0731,restricted_search,cost_moderate,poolact,09909bb333617dbd982c9f62ffbe96691651df2f276aac59724f8808ea78f041,1.0,1.0,1.0,1.0,False,False,False,False
cb20105056810f5fbe17b507,deepseek-v4-flash-0731,restricted_search,cost_moderate,poolact,f740d8b717de59cc34d7d46ed55e72ba3d7e4ec5a76ac9a62a2b30a6691f969d,1.0,1.0,1.0,1.0,False,False,False,False
193e9d0169810b53a7f5ad7e,deepseek-v4-flash-0731,restricted_search,cost_moderate,poolact,91b2712602570763368d8453dc4beaaccc173d344f8de68f1bf9699de82b7376,0.6666666666666666,0.6666666666666666,0.6666666666666666,0.6666666666666666,False,False,False,False
45eb532dc1975cbebbc281d2,deepseek-v4-flash-0731,restricted_search,cost_moderate,poolact,8541bef2be3c97e38c9e04e2495251d44c4542dbf4af9adc4655cf83d0de7f62,1.0,1.0,1.0,1.0,False,False,False,False
c053c350d7c0a088a2525789,deepseek-v4-flash-0731,restricted_search,cost_moderate,poolact,48e4dff0638fceab5ac9b4aa88d07fbf95811cbff8ed48287496fe2a376d828e,1.0,1.0,1.0,1.0,False,False,False,False
5e93cfb8543282dd927908e0,deepseek-v4-flash-0731,restricted_search,cost_moderate,poolact,4f205617129f64ede076dc2f302422b0924bbb25848bb04fda5feac8596456fb,0.6666666666666666,0.6666666666666666,0.6666666666666666,0.6666666666666666,False,False,False,False
13950ac895b79763f6290719,deepseek-v4-flash-0731,restricted_search,cost_moderate,poolact,9aa71901fbe87e8b2b6e587b797c1f699aac37a4ba289452345313f7a21a2315,0.23529411764705882,0.23529411764705882,0.23529411764705882,0.23529411764705882,False,False,False,False
fc3ce04d4176c22c8f413b4f,deepseek-v4-flash-0731,restricted_search,cost_moderate,poolact,af5017a6788def6d2ace8c33a4ca450ba048ea216b458b6a47995c798ecab541,1.0,1.0,1.0,1.0,False,False,False,False
a285accb24ad60f36f6d3f87,deepseek-v4-flash-0731,restricted_search,cost_moderate,poolact,fe77ac04c776dcbffd398ff46adfa98be81e4e97399cfc372e45dbfa4d034ebf,0.0,0.0,0.0,0.0,False,False,False,False
3f5c141fc71e3178c5b50f7b,deepseek-v4-flash-0731,restricted_search,cost_moderate,poolact,c4e9df3a8d737bbde699605d8814c846c62165f4c30a79b1747953ab54a0862f,1.0,1.0,1.0,1.0,False,False,False,False
4716a3c8551aedc47a7288d5,deepseek-v4-flash-0731,restricted_search,cost_moderate,poolact,f098355a494f58b60728aacdb29d1b1b3ff006f924bc9c8229b0cb7d70ce3649,1.0,1.0,1.0,1.0,False,False,False,False
bb19ccc5424dbf763d0b2154,deepseek-v4-flash-0731,restricted_search,cost_moderate,poolact,692eb3cd25cd0abf809edf71922ecc3603ee2d53a6b1f6712adf556d2784f47e,0.0,0.0,0.0,0.0,False,False,False,False
eb8ebc603dc3f9ce53cdc4ac,deepseek-v4-flash-0731,restricted_search,cost_moderate,poolact,78f831d44c1db3b0b1b171821ad217735bde126d535419d31a6121d2f3b53cc0,0.18181818181818182,0.18181818181818182,0.18181818181818182,0.18181818181818182,False,False,False,False
342727c863729b298b1e8a67,deepseek-v4-flash-0731,restricted_search,cost_moderate,poolact,249effdb3a699f8e743a0de57d4344479d3cdc9eb77484a6be8584c824c5c4f1,0.0,0.0,0.0,0.0,False,False,False,False
9dbc9eca0788427bb8fddc5d,deepseek-v4-flash-0731,restricted_search,cost_moderate,poolact,b54070285a4e148c32d307296b5bdf2d19c66e1fe044d529d6f9b46dc48d6c91,0.0,0.0,0.0,0.0,False,False,False,False
48867b7ea19cc06e2b83a0a8,deepseek-v4-flash-0731,restricted_search,cost_moderate,poolact,c5ed6b2bf085cf86afdd86a92dd8102ac5284c7239336c1f65fe0cd45d6aae74,1.0,1.0,1.0,1.0,False,False,False,False
6411f1e3e4521bd30e25bf3f,deepseek-v4-flash-0731,restricted_search,cost_moderate,poolact,05dedd39897436af366872dcd3c4165ff153b25927ab1e8a6332b5f057af7a10,1.0,1.0,1.0,1.0,False,False,False,False
566593f6eb7452e1e8db0cc9,deepseek-v4-flash-0731,restricted_search,cost_moderate,poolact,7d3ee05280e8eb259c5c12dea3b878c3d04158338e9ab3a50ee5a48c891311a4,1.0,1.0,1.0,1.0,False,False,False,False
d50951ae7012cbde07a82578,deepseek-v4-flash-0731,restricted_search,cost_moderate,poolact,73e18af5c71c731f9add35cb6e7075de79ece849e62d2a92e6aa21bdb53d88f0,1.0,1.0,1.0,1.0,False,False,False,False
c33cce53ad1509aa0bc2e71c,deepseek-v4-flash-0731,restricted_search,cost_moderate,poolact,352a542e620509bb9b41216efb08f6da6c2740efb2a264ea0c24e83afa702c67,1.0,1.0,1.0,1.0,False,False,False,False
4df2aa7cf78f37363eff37e6,deepseek-v4-flash-0731,restricted_search,cost_moderate,poolact,b934f4f0377c3b35432f110b2aca288566015bd7314079cbc39c8740a9f2e6b4,1.0,1.0,1.0,1.0,False,False,False,False
7b39d653bab304cbdee3fac3,deepseek-v4-flash-0731,restricted_search,cost_moderate,poolact,b74481d2fe369f60101fd77d4856b29c63f75b0c5f7c8dd0a9e59044c3924044,0.0,0.0,0.0,0.0,False,False,False,False
e51c14b5d6da094da3d06445,deepseek-v4-flash-0731,restricted_search,cost_moderate,poolact,8f3fae775412e02173e97a515fde8a66d7a4f179996bac3da0e8126d7cc599df,0.5,0.5,0.5,0.5,False,False,False,False
f779361361dfb1bd22a79fb0,deepseek-v4-flash-0731,restricted_search,cost_tight,cached,827b6f0326e2a2bcd1c846ad6784db07c96e8abaf5bc8838fb2ad95c5e8c8b33,1.0,1.0,1.0,1.0,False,False,False,False
e95450e9d6fcd25a3811890c,deepseek-v4-flash-0731,restricted_search,cost_tight,cached,8e33def556165ccb4db0c69255da19f9e67a862864f31690c23cf2618c6a3958,0.0,0.0,0.0,0.0,False,False,False,False
23080ce231a1260642a362a9,deepseek-v4-flash-0731,restricted_search,cost_tight,cached,76d262f20b01a0e21218c838d97ca72e56de276ffaf20df6a2438fc1a66a8148,0.0,0.0,0.0,0.0,False,False,False,False
e2d6f65dd703065ab4c61156,deepseek-v4-flash-0731,restricted_search,cost_tight,cached,933efc361ae64b8c7f614467ea867f704aa80a805e7a4a5a80bf4f8fb8be9dad,0.0,0.0,0.0,0.0,False,False,False,False
274ccd42bd1837d465fdb8ea,deepseek-v4-flash-0731,restricted_search,cost_tight,cached,7735a5b8e9f6552800cbde8001dc301876276a238e0ec1715afd7d4d8964cad1,0.0,0.0,0.0,0.0,False,False,False,False
7bac93cb95c13badbcfb3a8a,deepseek-v4-flash-0731,restricted_search,cost_tight,cached,0fb2871f6bf6a5afca947d1552ee8e2b9bedc3644d9bf450ea30d9fe2ea7c7ef,0.0,0.0,0.0,0.0,False,False,False,True
5b919c8a3ad435d531de7e84,deepseek-v4-flash-0731,restricted_search,cost_tight,cached,d19df8ea6add2306780c515bf5d4f66df16f5f1289d4c308c7c04e2ff49646cc,0.0,0.0,0.0,0.0,False,False,False,True
99e1337be211dfa0eef2a378,deepseek-v4-flash-0731,restricted_search,cost_tight,cached,75802d9c999dac1e9fc09fbacb1a74355faf0519fbd522bdb8e4b3621b4bd0b4,0.0,0.0,0.0,0.0,False,False,False,False
366cf70d2c77d154fd5e4028,deepseek-v4-flash-0731,restricted_search,cost_tight,cached,8aaafbbb88f79eb25f6d5db597992098438af02fcc17e87e0d328e66ee0c0bec,0.0,0.0,0.0,0.0,False,False,False,False
b868b1c76e02b09a859e0813,deepseek-v4-flash-0731,restricted_search,cost_tight,cached,ba649dc3e7bb23f128822aa6f1478689505758106664a3ed6e18decea563e1f7,0.0,0.0,0.0,0.0,False,False,False,False
1c02e5ce9aa0e9b2705efeca,deepseek-v4-flash-0731,restricted_search,cost_tight,cached,62fa7583282f2a9aea600aa0478dde7c27437b78035ccbe4a1fec8c802baa451,0.0,0.0,0.0,0.0,False,False,False,False
d8974879cf0ca2f3d8ecd937,deepseek-v4-flash-0731,restricted_search,cost_tight,cached,fa3519f876d24f5f2797b8f0a4889d9312e4d370d5a6b7a179209878200e37b9,0.0,0.0,0.0,0.0,False,False,False,False
6fa5e95d2966006bc4d4b26b,deepseek-v4-flash-0731,restricted_search,cost_tight,cached,00f740ef41f1f9adf4fbd1cde7c42b99c4a94ab3e373099b0a0b9aae26e6cf24,0.0,0.0,0.0,0.0,False,False,False,False
cdde89ef5b84b3ccd05da357,deepseek-v4-flash-0731,restricted_search,cost_tight,cached,2596ac249130b783d9bab43a28da2b9d9e03775d5f3d976a744b81f2ec968a2a,0.0,0.0,0.0,0.0,False,False,False,False
97da8317f7f207c6d8fc3da1,deepseek-v4-flash-0731,restricted_search,cost_tight,cached,13e69a2a59a0b2236c3f50f844fc9667556c268845e3e8643401d1cd47308f86,0.0,0.0,0.0,0.0,False,False,False,False
64db50cd22ec2bb53250f394,deepseek-v4-flash-0731,restricted_search,cost_tight,cached,940583bce929fa8cb8226d12df03075f3db9908cabe8a7d0a34c2521bf19ce67,0.0,0.0,0.0,0.0,False,False,False,False
4ecde6aa8b452dfee6df6cb3,deepseek-v4-flash-0731,restricted_search,cost_tight,cached,3b493f8260ebefe31065f99482da706212951f714ffcc50d51e7e3f0ff43831d,0.0,0.0,0.0,0.0,False,False,False,False
f5cba8b0e33f1807478090d6,deepseek-v4-flash-0731,restricted_search,cost_tight,cached,c162bb08ee96325c2a80bbe8852101f2dc1f0463922f1a78aaa9be0c4147b483,0.0,0.0,0.0,0.0,False,False,False,False
2bb8ae0f6fdc488940f0783e,deepseek-v4-flash-0731,restricted_search,cost_tight,cached,9ba627fc7900e017f9f61d42bcecb1d64170d0e240a8aec5d9b3cd3072614860,0.6666666666666666,0.6666666666666666,0.6666666666666666,0.6666666666666666,False,False,False,False
95f5da1fd8626f8b44840256,deepseek-v4-flash-0731,restricted_search,cost_tight,cached,71ec606b9a8b50c3cadaefd8aaaf6fec56807f405520f7384f0c4c15b4ebfc22,0.0,0.0,0.0,0.0,False,False,False,False
9f5d2d4f73c33d5e4d001324,deepseek-v4-flash-0731,restricted_search,cost_tight,cached,56dd72253f46f33d2dac3bf46af1e9f067460004dd9f7fa8d27586a8137a3146,0.0,0.0,0.0,0.0,False,False,False,False
a8c9e705adf20f03af11d08d,deepseek-v4-flash-0731,restricted_search,cost_tight,cached,60a5adfe2379a2347da4b8f9f736d2415a5cd084fffacdda3a0227f11882a8c9,0.0,0.0,0.0,0.0,False,False,False,False
915718c18ed95c013ae73d41,deepseek-v4-flash-0731,restricted_search,cost_tight,cached,9cf466784e7b1e80fd1ea8cb8714c2cb76b0aad6cd0aadb8420f60587c9bd772,0.0,0.0,0.0,0.0,False,False,False,False
96bdb037fd7615054238fd39,deepseek-v4-flash-0731,restricted_search,cost_tight,cached,bcaec9930befb54ffd66d57f1b9b5e1e3946c57795738f3bde6eb00c18fc4e5a,0.0,0.0,0.0,0.0,False,False,False,False
64313588ebd160b62d257ddf,deepseek-v4-flash-0731,restricted_search,cost_tight,cached,29dfcf5b9b80b6429d88fc3b9087f758ff3713425771395797bd0bc424069017,0.0,0.0,0.0,0.0,False,False,False,False
fe1276b1fbfc871b319b3516,deepseek-v4-flash-0731,restricted_search,cost_tight,cached,43d27fcb679a60084184f0112d14dd3b9f1e029101df50d8bd056f5e4c907752,0.0,0.0,0.0,0.0,False,False,False,False
6f3eac5bffeb9343d5afcab6,deepseek-v4-flash-0731,restricted_search,cost_tight,cached,cfb73e811a0c6c2fc5d7f968365a7d209dc1c73869aa0f8f08e307d16e62f45a,0.0,0.0,0.0,0.0,False,False,False,False
cb9e853af885ea04bf09d469,deepseek-v4-flash-0731,restricted_search,cost_tight,cached,6bbc1c2162933952180e95dadb7f5a65b8e9c14dfad52e5f3d725d221527c8a3,0.0,0.0,0.0,0.0,False,False,False,True
f952e3a2548f5ab8fc1d84da,deepseek-v4-flash-0731,restricted_search,cost_tight,cached,88b5e1eb7a03cf03ed451fce866d1c1224ea1b9900edb1bc2772b9fac4713699,0.0,0.0,0.0,0.0,False,False,False,False
b128755750e0cabc3a53651d,deepseek-v4-flash-0731,restricted_search,cost_tight,cached,5a9c52292957e39d1df4f4ba529b172794b3db3bfdb9c7a99d7308a59d0f2e3f,0.0,0.0,0.0,0.0,False,False,False,False
f8cf0f75080a53c33129fe16,deepseek-v4-flash-0731,restricted_search,cost_tight,cached,88e097412807dada275a6664218ac828819c05c8377348af0fb5b109c16ccf3c,0.0,0.0,0.0,0.0,False,False,False,False
e4c88fe4db52e4f6955dd4dc,deepseek-v4-flash-0731,restricted_search,cost_tight,cached,5c4a3a9fdfcef1f14c726fa82350415f7aff8f9e81acab5060b8a84ac02d880d,0.0,0.0,0.0,0.0,False,False,False,False
a8332868617e706a1e343544,deepseek-v4-flash-0731,restricted_search,cost_tight,cached,5345b8d965d3316477af3804a093fe83f2215c0c18285075700f92158e02fe4b,0.0,0.0,0.0,0.0,False,False,False,False
73dfba40eb2f5731735b77d2,deepseek-v4-flash-0731,restricted_search,cost_tight,cached,51806e3773065914b1438cab58ea2dcc3e62a3282129b8a60dcab67d8985b4e0,0.0,0.0,0.0,0.0,False,False,False,False
bc716548a4c77c97f894e5b3,deepseek-v4-flash-0731,restricted_search,cost_tight,cached,a0ed5624662a54d8e46e9e5c1d066d974ebaf246f6f8f4894054505fd1217f5c,0.0,0.0,0.0,0.0,False,False,False,False
206def36f2d8924adf0fdd54,deepseek-v4-flash-0731,restricted_search,cost_tight,cached,69e4cfa28e6512471f4bd8c17206dcaa5870b93c906c9edf25e8f6a41c983922,0.0,0.0,0.0,0.0,False,False,False,False
fa53b0a0bb31a793cffd4eaf,deepseek-v4-flash-0731,restricted_search,cost_tight,cached,0778e5b76d88a024abf403008ce3c51f5fde0cb66d738bcf35d5bd01286a1f7a,0.0,0.0,0.0,0.0,False,False,False,False
758c904bcb820ffc74e4edb4,deepseek-v4-flash-0731,restricted_search,cost_tight,cached,ef653575296f21115e386c8aaa9233c2fe2d18dc5ba0a809bb86979486836075,0.0,0.0,0.0,0.0,False,False,False,False
cf62d61b2c5c05ff27769eaf,deepseek-v4-flash-0731,restricted_search,cost_tight,cached,4b93ece5d8c49e8e9e814ce9d98d8c155a45b9adbfc74afc55961aa9e335acf7,0.0,0.0,0.0,0.0,False,False,False,True
27a1134605e3a714159f86a8,deepseek-v4-flash-0731,restricted_search,cost_tight,naive,1341b06e5e26b17a8b9a5dde8eb8dd08981126a3966364732d9baead76309af2,1.0,1.0,1.0,1.0,False,False,False,False
2303ce54c671f8b118de448a,deepseek-v4-flash-0731,restricted_search,cost_tight,naive,8d9405f5aa9de3868ca01ebcdadb8f6e213dbb0c90d79f31537f3f823cca905d,0.0,0.0,0.0,0.0,False,False,False,False
0d572a2400b84aaa2978cf22,deepseek-v4-flash-0731,restricted_search,cost_tight,naive,889938e9d87dd789669eae6b8a46318f3841be791a52162fabba0689a748b0a4,0.0,0.0,0.0,0.0,False,False,False,False
bdc7805f5f97a66d3e61b1a6,deepseek-v4-flash-0731,restricted_search,cost_tight,naive,86282bd8c4828b0b9bd4c6181d6da987d3aaf037a62774deacb54b12fcdb8329,0.0,0.0,0.0,0.0,False,False,False,False
1ece4d143fe26720ba3ba0d3,deepseek-v4-flash-0731,restricted_search,cost_tight,naive,9c745c9a4c15f0e93c5d2428cc51942fbce9cce2b78d630774d84a02c02b640e,0.0,0.0,0.0,0.0,False,False,False,False
b3ac2c25eaf1d17aa9c787b4,deepseek-v4-flash-0731,restricted_search,cost_tight,naive,2d6499ff535269d2409406e417a198a97da64ca260ffd329aa92b0d3a8fa2b25,0.0,0.0,0.0,0.0,False,False,False,False
8477b665b6180f63dfd55e5b,deepseek-v4-flash-0731,restricted_search,cost_tight,naive,244e519f7ebeb26177c44cd4961b349d639901d287876439dfe2ed6fe0fee0c0,0.0,0.0,0.0,0.0,False,False,False,False
2dc4a2124b98a972cfd46881,deepseek-v4-flash-0731,restricted_search,cost_tight,naive,da3e7f4c10c19a883f17224a2ff97756c19ba50306bd021b19a544f3268b0be9,0.0,0.0,0.0,0.0,False,False,False,False
f42abf27377f14b8ff118edd,deepseek-v4-flash-0731,restricted_search,cost_tight,naive,8b9909ea2df89bae9c49f8657482ba1d1ef4c8f3829557d7adaf274a1488b70c,0.0,0.0,0.0,0.0,False,False,False,False
4bbc83df20b587f5dfba4282,deepseek-v4-flash-0731,restricted_search,cost_tight,naive,002e4677e4fa947129a8dbb3f8bb4c58700c24c4deab3a558ce2d3a8d1e5c562,0.0,0.0,0.0,0.0,False,False,False,False
5245f99dfaffac3a624a4099,deepseek-v4-flash-0731,restricted_search,cost_tight,naive,b5debd9c79ba6739d37285ebb3279fa1d0ed96aad4f1e7193696c34889ff2e02,0.0,0.0,0.0,0.0,False,False,False,False
677b46ea3c8d274bcd0ac743,deepseek-v4-flash-0731,restricted_search,cost_tight,naive,22014648b4cd2ba1bb6b2b5f6352ba74e1bd3011fdfa10113267ecebae4bb05d,0.0,0.0,0.0,0.0,False,False,False,False
20c35a961ef8dba41cc0ccf9,deepseek-v4-flash-0731,restricted_search,cost_tight,naive,a4570560284f53f52dd0cba0ae08ec246b00933243341fa026984f666ee2c492,0.0,0.0,0.0,0.0,False,False,False,False
e31a1d2c64051991eb3def07,deepseek-v4-flash-0731,restricted_search,cost_tight,naive,8a47e7b58b588ff46af23c9dd5d7b6883ebe6d80b873dba52ce9004c11e2d8e4,0.0,0.0,0.0,0.0,False,False,False,False
f871d7a67309ae69c676c799,deepseek-v4-flash-0731,restricted_search,cost_tight,naive,a2dbfa53c137520f2ffa779a1fcd79410ba9e07f6e9ba68bc635164bdae591cb,0.0,0.0,0.0,0.0,False,False,False,False
caa3ecec9820e83e631ec173,deepseek-v4-flash-0731,restricted_search,cost_tight,naive,8cf362640e4cb76c5542a5a22f4cd9295546b4c825b1b7b228182d21173dd933,0.0,0.0,0.0,0.0,False,False,False,False
7a5b7adc4d1965cd75ad869b,deepseek-v4-flash-0731,restricted_search,cost_tight,naive,1701dba26e937d1d8979a40ade478a269b10facbc863ed9eea7aad427d47c34b,0.0,0.0,0.0,0.0,False,False,False,False
58d0d8f6cce1a00d028362df,deepseek-v4-flash-0731,restricted_search,cost_tight,naive,53f5b2b883b81ea2a073f6290fdabb138dbcb78fabf104aabc174c68a72ee6c7,0.0,0.0,0.0,0.0,False,False,False,False
df1bb8753ae8484aa8951185,deepseek-v4-flash-0731,restricted_search,cost_tight,naive,ec28e142738464980118ff98b591ef034f95749e25a1759f4e947d4b4c710ca0,0.0,0.0,0.0,0.0,False,False,False,False
8a5d55d8a289c7f1ee9349ce,deepseek-v4-flash-0731,restricted_search,cost_tight,naive,e9126f2eb560010bce5d1f2945e6909aac08a2ab88e3e059869fdee1e9374307,0.0,0.0,0.0,0.0,False,False,False,False
b450ce1b14ec6e5315ca0c90,deepseek-v4-flash-0731,restricted_search,cost_tight,naive,02489591f48ee98a84301a7a5932449bd6c9114b4f92f40cd2d12462e25931fa,0.0,0.0,0.0,0.0,False,False,False,False
3c09f680abc2aae97c9c880d,deepseek-v4-flash-0731,restricted_search,cost_tight,naive,de47b66dfcc477f6dfd44540a69b6841bce9e004244da7ad765aa60a722321ba,0.0,0.0,0.0,0.0,False,False,False,False
4db34f89dfd7b927145240ad,deepseek-v4-flash-0731,restricted_search,cost_tight,naive,f400a45c55a9a4bfe42847f00061ecad8d29ec69fd4f5d304831b2843c158703,0.0,0.0,0.0,0.0,False,False,False,False
74b2e03498380d5d884b6ea5,deepseek-v4-flash-0731,restricted_search,cost_tight,naive,d626bdaddcd7cebc90fb5f87f7a2b80206769dd701079d8be7c0e78991ebcdb0,0.0,0.0,0.0,0.0,False,False,False,False
8c63780cb71856d9e82e61bb,deepseek-v4-flash-0731,restricted_search,cost_tight,naive,4fc310d3258acaa5e38e3a8f38bebe2db54b764e702219d7bc6d32108cae1a17,0.0,0.0,0.0,0.0,False,False,False,True
9c138083281fdd3c5a072a04,deepseek-v4-flash-0731,restricted_search,cost_tight,naive,41483ccbc20fe19145738a5a4434c92492641d101f830084ab91564aa4a0c892,0.0,0.0,0.0,0.0,False,False,False,False
125288286a55832c68e94dfa,deepseek-v4-flash-0731,restricted_search,cost_tight,naive,63afb56484a922a7657e844feaa27773d05a718a319bfe2c674d29632fa1b739,0.0,0.0,0.0,0.0,False,False,False,False
a9f28370b832e7ed5a067d8c,deepseek-v4-flash-0731,restricted_search,cost_tight,naive,11dbc1f15676e59683c47612f5a53823e35cb79bbac511865440afdc4a642f96,0.0,0.0,0.0,0.0,False,False,False,False
bc29d452d231e0234e6b5872,deepseek-v4-flash-0731,restricted_search,cost_tight,naive,ad90a25a5246479ebc5130128ea24af56b965a7a1cc2d51bc8b36e6bc66b0a09,0.0,0.0,0.0,0.0,False,False,False,False
5339080303645f89344d8dbc,deepseek-v4-flash-0731,restricted_search,cost_tight,naive,8b40261282fa2b2720a7c6c92dceaed74fd96104f592a71b056e75fbede6864d,0.0,0.0,0.0,0.0,False,False,False,False
d7c4cafec8bee34e33290408,deepseek-v4-flash-0731,restricted_search,cost_tight,naive,6ae9444f3eee7b92b8a5efa7d491377023df53b6f812c68a9c6098b4c5eb377d,0.0,0.0,0.0,0.0,False,False,False,False
ccf493fedc987c64e07c7827,deepseek-v4-flash-0731,restricted_search,cost_tight,naive,f64adb836a095babfb194c2a90beedf30964034a58ce94d81b1a4ddb8c4893c1,0.0,0.0,0.0,0.0,False,False,False,False
f0d528a8d890486d7e6e2411,deepseek-v4-flash-0731,restricted_search,cost_tight,naive,12b5f169d5896f0284b029bb5d06b85b702aefe2a0b31ca7009b075fd6f83897,0.0,0.0,0.0,0.0,False,False,False,False
03d5eee23583f127620a40c3,deepseek-v4-flash-0731,restricted_search,cost_tight,naive,4dcab2e836415a1410b993a6d5c95c6dce3683fd8572779707e43825febd62bd,0.0,0.0,0.0,0.0,False,False,False,False
2fedb29ab92579a03a02d347,deepseek-v4-flash-0731,restricted_search,cost_tight,naive,ff8152001bd038387d9fbdd298f92a0a63472194b9af4c5080708026a8ac133f,0.0,0.0,0.0,0.0,False,False,False,False
da5c47fdd30adc3d13ea511a,deepseek-v4-flash-0731,restricted_search,cost_tight,naive,648ab142b400152fa13d02d934070f1d4369c00c4448cbee05ccb777de8879ed,0.0,0.0,0.0,0.0,False,False,False,False
154c6bd1b388bebfafc1be74,deepseek-v4-flash-0731,restricted_search,cost_tight,naive,076349266dd283142b5d65e8c56d727411ed4a2d83563f9eeef35482a603e3ef,0.0,0.0,0.0,0.0,False,False,False,False
89639a226feed3750b11a432,deepseek-v4-flash-0731,restricted_search,cost_tight,naive,2a709792dbff8fb5519e8b9de99d7c891d6b21d573e339272e0103d4a527fc5d,0.0,0.0,0.0,0.0,False,False,False,False
cc2e3fd8832eaed35f39f498,deepseek-v4-flash-0731,restricted_search,cost_tight,naive,9636373a7a72ab5a6c0f7d4a25101a3f0efa215500cbfdd2c570c8a88f97e386,0.0,0.0,0.0,0.0,False,False,False,False
941c70666d56f9ac7aeee5b0,deepseek-v4-flash-0731,restricted_search,cost_tight,poolact,6a58e9c44e57dd43881a1fb7f3aef8fa2bf8e742a07fa3134639236bca3d8033,1.0,1.0,1.0,1.0,False,False,False,False
81c1d988747f483243c8bc66,deepseek-v4-flash-0731,restricted_search,cost_tight,poolact,81bae7af66301b7ec85f87376404c412f3533f5acedfbd81a7efcfcaba744be6,0.0,0.0,0.0,0.0,False,False,False,False
5034102052aa4bee067bfa53,deepseek-v4-flash-0731,restricted_search,cost_tight,poolact,079a41f79a43ffa6894a347992175febd23e6daa0c040c057542eed0f8384830,0.0,0.0,0.0,0.0,False,False,False,False
bc91d1a6055962551f623ef6,deepseek-v4-flash-0731,restricted_search,cost_tight,poolact,253b8a7c2d83166905df824f7d7f394214ba0b6f35fefdceb8a790fe8d35a1f1,0.0,0.0,0.0,0.0,False,False,False,False
8f6b447274c0df7ea8df69ad,deepseek-v4-flash-0731,restricted_search,cost_tight,poolact,970279185e3415e767bff0bacdbce068affa663b51499bc741e73b99c9a35351,0.0,0.0,0.0,0.0,False,False,False,False
5553dbc283572c4a94cbb987,deepseek-v4-flash-0731,restricted_search,cost_tight,poolact,534b7b73c2d6d4fffb6876ea046c12ef230a0bf46f643620dff2c751c8cf5985,0.0,0.0,0.0,0.0,False,False,False,True
86b5b24ee9784c249e6e25fd,deepseek-v4-flash-0731,restricted_search,cost_tight,poolact,c6a1796c55d8f0cb1cb6e39e3f15280086be2a130219eb4ac43aa1425e607605,0.0,0.0,0.0,0.0,False,False,False,False
3033e403448b115afb98c68a,deepseek-v4-flash-0731,restricted_search,cost_tight,poolact,6a98d06a0a69c181296334a66db28fa51807c20c8376c2f65149be4e53406067,0.0,0.0,0.0,0.0,False,False,False,False
4b32ad26687e5c9ec7642be2,deepseek-v4-flash-0731,restricted_search,cost_tight,poolact,28e8dfd32f85839e74f7d584a92709df310280d5df166fcaf53f8067237a3029,0.0,0.0,0.0,0.0,False,False,False,False
76b667902ec1f21547d93ab5,deepseek-v4-flash-0731,restricted_search,cost_tight,poolact,8e665bc324b216622d18767580c0d424d0d10af756c0577e781c87fe769d7a4a,0.0,0.0,0.0,0.0,False,False,False,False
0a435431f5b6ceddeac68db0,deepseek-v4-flash-0731,restricted_search,cost_tight,poolact,733ac7457ab22fb96a15fe17c9d44e074666d2150d065fa0d72d61173cf3604c,0.0,0.0,0.0,0.0,False,False,False,False
7ad970c0c210aac934aef744,deepseek-v4-flash-0731,restricted_search,cost_tight,poolact,47b422fac50da0dd0d79e8c9a0cf8760dd0df7143a986965af0bbd5ebaaf0689,0.0,0.0,0.0,0.0,False,False,False,False
2754941451655ac06f25032d,deepseek-v4-flash-0731,restricted_search,cost_tight,poolact,89fd839c6cd3d1e76721be70742b3e83063ad6a3f2801c5353d2f6536d52a6c5,0.0,0.0,0.0,0.0,False,False,False,False
9699cc2d23b839e9f7ab8b7f,deepseek-v4-flash-0731,restricted_search,cost_tight,poolact,c5b39c53fa270e5751122bcdbbfb2128799120252d7036d88e1ed084d6871994,0.0,0.0,0.0,0.0,False,False,False,False
eed1209dcff9cafaf7258cae,deepseek-v4-flash-0731,restricted_search,cost_tight,poolact,1ea3410f7f17c861576da3d2e2b7bee9b4972efc24c511e183a61166576f978d,0.0,0.0,0.0,0.0,False,False,False,False
9d628e73605e86ea4badad18,deepseek-v4-flash-0731,restricted_search,cost_tight,poolact,5c425230daabf2761f1372f7c561fb9fdf53a6f272699d329395b1b39086eed2,0.0,0.0,0.0,0.0,False,False,False,True
b78b5284f4486658f73755db,deepseek-v4-flash-0731,restricted_search,cost_tight,poolact,ae79d439207a47d6cac00ce429ce0b442700c45f0ff545cbb8821552c748969e,0.0,0.0,0.0,0.0,False,False,False,False
74e17780bafa3f0920dcd98c,deepseek-v4-flash-0731,restricted_search,cost_tight,poolact,c930dac30fdc700e57f8fad404540cee21255917927e49770c14e3e711b13ca6,0.0,0.0,0.0,0.0,False,False,False,False
04a6932e81bfd67c33d76a77,deepseek-v4-flash-0731,restricted_search,cost_tight,poolact,4b0317514b48c8cb3d4441aff50427c978d050b88a2574bbdc3c51779fd1cb8d,0.0,0.0,0.0,0.0,False,False,False,False
db6736fd870851ca572b4e5a,deepseek-v4-flash-0731,restricted_search,cost_tight,poolact,92701b9b34f9a7a91d5da49f43f8dac3d59727dce1750af5862342114efb26cf,0.0,0.0,0.0,0.0,False,False,False,False
83505403e8bfae773cbdbe5b,deepseek-v4-flash-0731,restricted_search,cost_tight,poolact,9120f82e5eecf69c723ba3cf978c0fd63edea49403ab69319c2d05e7a861df4d,0.0,0.0,0.0,0.0,False,False,False,False
964e4d4873d7bc83dca7d810,deepseek-v4-flash-0731,restricted_search,cost_tight,poolact,7afab4e4d3370440f6f669c93401d8d253da074a754a687da0ee23190071a337,0.6666666666666666,0.6666666666666666,0.6666666666666666,0.6666666666666666,False,False,False,False
616624c45b23a42a1d7d81ed,deepseek-v4-flash-0731,restricted_search,cost_tight,poolact,a641e8d617a59ce8ac978b6ff72010a9af855ddeab75d4939512a0879144b6d0,0.23529411764705882,0.23529411764705882,0.23529411764705882,0.23529411764705882,False,False,False,False
c2015b3f850d1a125afc3c39,deepseek-v4-flash-0731,restricted_search,cost_tight,poolact,9372d79cdf9dfbebd550f959701e57d5ae92825fed37b626743fb2e585b2cf84,1.0,1.0,1.0,1.0,False,False,False,False
d2948f97a956803deec4aa7f,deepseek-v4-flash-0731,restricted_search,cost_tight,poolact,72862fe4b83bc15f26f27f48f9e3a1b829b275a06611a6ca275919af6034df5d,0.0,0.0,0.0,0.0,False,False,False,False
5dab3598ec2d06127f0e296b,deepseek-v4-flash-0731,restricted_search,cost_tight,poolact,b4647fd85ad7d2686571ec7519876873aecf155b7485533a0a2d23ead415c40f,0.0,0.0,0.0,0.0,False,False,False,True
36e8ced3e6600bb4bfd00cd7,deepseek-v4-flash-0731,restricted_search,cost_tight,poolact,f12fc9af7b0d89806c4c55cf2fb62df5bd77c1685686547e0ea29582671fce86,0.0,0.0,0.0,0.0,False,False,False,False
64140c685e2a9e7e6a9303a5,deepseek-v4-flash-0731,restricted_search,cost_tight,poolact,d2239af01d6a9460eae637bd670df0ac8efafbd7480036bcb9e75935293314c4,0.0,0.0,0.0,0.0,False,False,False,False
bcc88b1b7a8efdb1a5877dbd,deepseek-v4-flash-0731,restricted_search,cost_tight,poolact,1c4b4ac1bcbe2bd3296e29caa34df86b3d722dd58cd55a7fae00bc6dbeefbbc3,0.0,0.0,0.0,0.0,False,False,False,False
8252395b031dd3567980b92a,deepseek-v4-flash-0731,restricted_search,cost_tight,poolact,27b4d86f193fc0d31e785e779afbc43b103ad63b80ad9507c2098e6c46df6e9f,0.0,0.0,0.0,0.0,False,False,False,False
32a3c5a06a9ddc0146205ca6,deepseek-v4-flash-0731,restricted_search,cost_tight,poolact,190aad4655c4e57255eae1a8a4741ff42b8d31449bd1e8723bf09db38d40ec72,0.0,0.0,0.0,0.0,False,False,False,True
67a034acf162411b2f1f3a57,deepseek-v4-flash-0731,restricted_search,cost_tight,poolact,55680ef1eb3699c6afc8cd5c9f444ef9198ce4cef2283b36f3392676657dc560,0.0,0.0,0.0,0.0,False,False,False,False
3490d4bf6b59c82ca3a86e73,deepseek-v4-flash-0731,restricted_search,cost_tight,poolact,efc483544c88c1d64c405fff02cf7741b7cfe42510925c126dc5e0f6d8f3d6a9,0.0,0.0,0.0,0.0,False,False,False,False
765a8a0e054a4d6dff84af8b,deepseek-v4-flash-0731,restricted_search,cost_tight,poolact,e24398c6c597f93a4b710638f402e1cc0ce43b4f710404adaf2557b7640dd9b3,0.0,0.0,0.0,0.0,False,False,False,False
9fe8fa99ae53fc7581ddcb16,deepseek-v4-flash-0731,restricted_search,cost_tight,poolact,07001e2f7bf5aa88ff2e719e334a72beafe26c0cfe6c9e17fb0dba70f2b0dd1c,0.0,0.0,0.0,0.0,False,False,False,True
bff2aa6862284e1abe5e7e7e,deepseek-v4-flash-0731,restricted_search,cost_tight,poolact,bba31b277a8176b5a7c69c21d0f89ca2229402053d8194b3e9e86ff31d84a8c4,0.0,0.0,0.0,0.0,False,False,False,False
83709119df867ce4ef0580e2,deepseek-v4-flash-0731,restricted_search,cost_tight,poolact,ceded89d3eaf7516edc3b311851082fd9fa8c6289eed2a8db1380aa992f4ea1a,0.0,0.0,0.0,0.0,False,False,False,False
c490021cdc0eb00eda4fb9ce,deepseek-v4-flash-0731,restricted_search,cost_tight,poolact,121c47078a828bf9059729b6bda883c26980fc134bbdf62095b33c03bd6a5487,0.0,0.0,0.0,0.0,False,False,False,False
981841b0070c6b8e8dcf9b86,deepseek-v4-flash-0731,restricted_search,cost_tight,poolact,5089990fce3926b33952128baf4df509a0e9a721f1d9e8c08818aa93fee16459,0.0,0.0,0.0,0.0,False,False,False,False
51567c74a93335f064467a24,gemini-3.8-flash-medium,evidence_audit,cost_moderate,cached,933bb6923793e27e13b5b395e12e244fa59eb661a2b9dcdeae51a1d9087b9c4e,"{""evidence_acc"":0.6470588235294118,""label_acc"":0.8823529411764706,""verification_eff"":0.0}","{""evidence_acc"":0.6470588235294118,""label_acc"":0.8823529411764706,""verification_eff"":0.0}","{""evidence_acc"":0.6470588235294118,""label_acc"":0.8823529411764706,""verification_eff"":0.0}","{""evidence_acc"":0.6470588235294118,""label_acc"":0.8823529411764706,""verification_eff"":0.0}",False,False,False,False
7a9d9fac147aecef5db66e78,gemini-3.8-flash-medium,evidence_audit,cost_moderate,cached,03bbd49bda4839950e009c6e862689e5302bd683d552a825da8297dcfdfe1dad,"{""evidence_acc"":0.8823529411764706,""label_acc"":0.8823529411764706,""verification_eff"":0.0}","{""evidence_acc"":0.8823529411764706,""label_acc"":0.8823529411764706,""verification_eff"":0.0}","{""evidence_acc"":0.8823529411764706,""label_acc"":0.8823529411764706,""verification_eff"":0.0}","{""evidence_acc"":0.8823529411764706,""label_acc"":0.8823529411764706,""verification_eff"":0.0}",False,False,False,False
e37b14520a110ee4f13a4b75,gemini-3.8-flash-medium,evidence_audit,cost_moderate,cached,a79013e8d989fde386ed05ff37c42ae891b3c318e5d703ad7a13e63bf559b060,"{""evidence_acc"":0.4117647058823529,""label_acc"":0.8823529411764706,""verification_eff"":0.0}","{""evidence_acc"":0.4117647058823529,""label_acc"":0.8823529411764706,""verification_eff"":0.0}","{""evidence_acc"":0.4117647058823529,""label_acc"":0.8823529411764706,""verification_eff"":0.0}","{""evidence_acc"":0.5294117647058824,""label_acc"":0.8823529411764706,""verification_eff"":0.0}",False,False,True,True
1e47a5e5c7ab9576ffe33a31,gemini-3.8-flash-medium,evidence_audit,cost_moderate,cached,8d93a788a32c057b00069c0f4098f9163b5a6a27e15d785dfb0a6bb0dd169875,"{""evidence_acc"":0.8235294117647058,""label_acc"":0.9411764705882353,""verification_eff"":0.0}","{""evidence_acc"":0.8235294117647058,""label_acc"":0.9411764705882353,""verification_eff"":0.0}","{""evidence_acc"":0.8235294117647058,""label_acc"":0.9411764705882353,""verification_eff"":0.0}","{""evidence_acc"":0.8235294117647058,""label_acc"":0.9411764705882353,""verification_eff"":0.0}",False,False,False,True
88a8ca31e90e00ca9fdedf24,gemini-3.8-flash-medium,evidence_audit,cost_moderate,cached,cd996f6ed532e0db2be7c33880a6376c76394d81031d92a6675db043cce816dc,"{""evidence_acc"":0.9411764705882353,""label_acc"":0.9411764705882353,""verification_eff"":0.0}","{""evidence_acc"":0.9411764705882353,""label_acc"":0.9411764705882353,""verification_eff"":0.0}","{""evidence_acc"":0.9411764705882353,""label_acc"":0.9411764705882353,""verification_eff"":0.0}","{""evidence_acc"":0.9411764705882353,""label_acc"":0.9411764705882353,""verification_eff"":0.0}",False,False,False,False
50c251d90da94a4abea63bd9,gemini-3.8-flash-medium,evidence_audit,cost_moderate,cached,a5711ce8cb7fdd775b95d24f5c17860fe373d274f8951dbe74b809975b105498,"{""evidence_acc"":1.0,""label_acc"":1.0,""verification_eff"":0.0}","{""evidence_acc"":1.0,""label_acc"":1.0,""verification_eff"":0.0}","{""evidence_acc"":1.0,""label_acc"":1.0,""verification_eff"":0.0}","{""evidence_acc"":1.0,""label_acc"":1.0,""verification_eff"":0.0}",False,False,False,False
34c78a2bff7539cc63a5eb21,gemini-3.8-flash-medium,evidence_audit,cost_moderate,cached,861916b8f431adfe668c57a1f5e20a39c22f3bdd518eb4c378cb1fe9628fdfa1,"{""evidence_acc"":1.0,""label_acc"":0.9411764705882353,""verification_eff"":0.0}","{""evidence_acc"":1.0,""label_acc"":0.9411764705882353,""verification_eff"":0.0}","{""evidence_acc"":1.0,""label_acc"":0.9411764705882353,""verification_eff"":0.0}","{""evidence_acc"":1.0,""label_acc"":0.9411764705882353,""verification_eff"":0.0}",False,False,False,False
f4921d5ea5218182b56f5ccd,gemini-3.8-flash-medium,evidence_audit,cost_moderate,cached,643fa8b4934a1813b8870f36a1f2ae8de44aa5be3304d107e152996dc1e018b9,"{""evidence_acc"":1.0,""label_acc"":1.0,""verification_eff"":0.0}","{""evidence_acc"":1.0,""label_acc"":1.0,""verification_eff"":0.0}","{""evidence_acc"":1.0,""label_acc"":1.0,""verification_eff"":0.0}","{""evidence_acc"":1.0,""label_acc"":1.0,""verification_eff"":0.0}",False,False,False,False
f2cf84be34d45f2986b90641,gemini-3.8-flash-medium,evidence_audit,cost_moderate,cached,aee15b83521c6d6823ba31bd14a691f44f78c514de7fca2067e7ad6d2d2ce32b,"{""evidence_acc"":1.0,""label_acc"":0.9411764705882353,""verification_eff"":0.0}","{""evidence_acc"":1.0,""label_acc"":0.9411764705882353,""verification_eff"":0.0}","{""evidence_acc"":1.0,""label_acc"":0.9411764705882353,""verification_eff"":0.0}","{""evidence_acc"":1.0,""label_acc"":0.9411764705882353,""verification_eff"":0.0}",False,False,False,False
a999a784b0d6ee31608f49c7,gemini-3.8-flash-medium,evidence_audit,cost_moderate,cached,260f1e670617848977e8360c4917c10ce7abd046dbc92ae505dd716b45f854d5,"{""evidence_acc"":1.0,""label_acc"":1.0,""verification_eff"":0.0}","{""evidence_acc"":1.0,""label_acc"":1.0,""verification_eff"":0.0}","{""evidence_acc"":1.0,""label_acc"":1.0,""verification_eff"":0.0}","{""evidence_acc"":1.0,""label_acc"":1.0,""verification_eff"":0.0}",False,False,False,False
2a3d4cdfadef52fe9f3bfc17,gemini-3.8-flash-medium,evidence_audit,cost_moderate,cached,5a6b89c74a54f173c8c10afa517f7ec67801b09f7b59fd0d95d03d0265206ae3,"{""evidence_acc"":0.8823529411764706,""label_acc"":0.9411764705882353,""verification_eff"":0.0}","{""evidence_acc"":0.8823529411764706,""label_acc"":0.9411764705882353,""verification_eff"":0.0}","{""evidence_acc"":0.8823529411764706,""label_acc"":0.9411764705882353,""verification_eff"":0.0}","{""evidence_acc"":0.9411764705882353,""label_acc"":0.9411764705882353,""verification_eff"":0.0}",False,False,True,True
5e9ca50dd81c53aa21d4e83d,gemini-3.8-flash-medium,evidence_audit,cost_moderate,cached,de0caa31e6222d6ae7fff20acfb691faa8c2525bdcf27192d9f9a3a7dc8fac6b,"{""evidence_acc"":0.8823529411764706,""label_acc"":1.0,""verification_eff"":0.0}","{""evidence_acc"":0.8823529411764706,""label_acc"":1.0,""verification_eff"":0.0}","{""evidence_acc"":0.8823529411764706,""label_acc"":1.0,""verification_eff"":0.0}","{""evidence_acc"":0.8823529411764706,""label_acc"":1.0,""verification_eff"":0.0}",False,False,False,False
255abdb4dea26f8a195efd3c,gemini-3.8-flash-medium,evidence_audit,cost_moderate,cached,6d8a0f0676a294d67724ba591c44c088db0e9d2c932b01689e0c4436a268f184,"{""evidence_acc"":0.8823529411764706,""label_acc"":0.8823529411764706,""verification_eff"":0.0}","{""evidence_acc"":0.8823529411764706,""label_acc"":0.8823529411764706,""verification_eff"":0.0}","{""evidence_acc"":0.8823529411764706,""label_acc"":0.8823529411764706,""verification_eff"":0.0}","{""evidence_acc"":0.8823529411764706,""label_acc"":0.8823529411764706,""verification_eff"":0.0}",False,False,False,False
c0d6e72d4eb8e6d0cbcf6369,gemini-3.8-flash-medium,evidence_audit,cost_moderate,naive,349e2498b556173e785bb5aafe50d5d5641e1ed1dfd516e835b5633f8a91d969,"{""evidence_acc"":0.6470588235294118,""label_acc"":0.9411764705882353,""verification_eff"":0.0}","{""evidence_acc"":0.6470588235294118,""label_acc"":0.9411764705882353,""verification_eff"":0.0}","{""evidence_acc"":0.6470588235294118,""label_acc"":0.9411764705882353,""verification_eff"":0.0}","{""evidence_acc"":0.7058823529411765,""label_acc"":0.9411764705882353,""verification_eff"":0.0}",False,False,True,True
d18a68789540e2cdb523a858,gemini-3.8-flash-medium,evidence_audit,cost_moderate,naive,9e5f6af027b1efad9182aa16fb0464425e8778963e9201db424b288c94d4b3f6,"{""evidence_acc"":0.7647058823529411,""label_acc"":0.8823529411764706,""verification_eff"":0.0}","{""evidence_acc"":0.7647058823529411,""label_acc"":0.8823529411764706,""verification_eff"":0.0}","{""evidence_acc"":0.7647058823529411,""label_acc"":0.8823529411764706,""verification_eff"":0.0}","{""evidence_acc"":0.7647058823529411,""label_acc"":0.8823529411764706,""verification_eff"":0.0}",False,False,False,False
65234012631eda23cd5df083,gemini-3.8-flash-medium,evidence_audit,cost_moderate,naive,449075f6ce7aeef1f05d41bed87b674621e311d7587dba44f6f5b63fe2e9250c,"{""evidence_acc"":0.4117647058823529,""label_acc"":0.8823529411764706,""verification_eff"":0.0}","{""evidence_acc"":0.4117647058823529,""label_acc"":0.8823529411764706,""verification_eff"":0.0}","{""evidence_acc"":0.4117647058823529,""label_acc"":0.8823529411764706,""verification_eff"":0.0}","{""evidence_acc"":0.4117647058823529,""label_acc"":0.8823529411764706,""verification_eff"":0.0}",False,False,False,True
34e339cee9ffee05b819a977,gemini-3.8-flash-medium,evidence_audit,cost_moderate,naive,bdc7fe2594f978d13657ad68bc6f3ddaef738ccd1b6fe432b68b953f626eb9a8,"{""evidence_acc"":0.7058823529411765,""label_acc"":0.9411764705882353,""verification_eff"":0.0}","{""evidence_acc"":0.7058823529411765,""label_acc"":0.9411764705882353,""verification_eff"":0.0}","{""evidence_acc"":0.7058823529411765,""label_acc"":0.9411764705882353,""verification_eff"":0.0}","{""evidence_acc"":0.7058823529411765,""label_acc"":0.9411764705882353,""verification_eff"":0.0}",False,False,False,False
c002d5fbdc6c0d641257e766,gemini-3.8-flash-medium,evidence_audit,cost_moderate,naive,3affde65ce709bf862551be5924fc87ced6d8375d7d46f01259f31a1b2ae8535,"{""evidence_acc"":0.6470588235294118,""label_acc"":0.8235294117647058,""verification_eff"":0.0}","{""evidence_acc"":0.6470588235294118,""label_acc"":0.8235294117647058,""verification_eff"":0.0}","{""evidence_acc"":0.6470588235294118,""label_acc"":0.8235294117647058,""verification_eff"":0.0}","{""evidence_acc"":0.6470588235294118,""label_acc"":0.8235294117647058,""verification_eff"":0.0}",False,False,False,False
e01a444bb876e61815605678,gemini-3.8-flash-medium,evidence_audit,cost_moderate,naive,3d999ac8063b1146e982b008f498beeeeb43b82261cea7834295e4aa106d7e8f,"{""evidence_acc"":1.0,""label_acc"":1.0,""verification_eff"":0.0}","{""evidence_acc"":1.0,""label_acc"":1.0,""verification_eff"":0.0}","{""evidence_acc"":1.0,""label_acc"":1.0,""verification_eff"":0.0}","{""evidence_acc"":1.0,""label_acc"":1.0,""verification_eff"":0.0}",False,False,False,False
1abacb6f1add6c58a89fbbf8,gemini-3.8-flash-medium,evidence_audit,cost_moderate,naive,08b4c61a39f71e09d54eb616c370983af390ea72b2ca84dfc3dad81a1ec91e01,"{""evidence_acc"":1.0,""label_acc"":0.9411764705882353,""verification_eff"":0.0}","{""evidence_acc"":1.0,""label_acc"":0.9411764705882353,""verification_eff"":0.0}","{""evidence_acc"":1.0,""label_acc"":0.9411764705882353,""verification_eff"":0.0}","{""evidence_acc"":0.9411764705882353,""label_acc"":0.8823529411764706,""verification_eff"":0.0}",False,False,True,True
6a4f0bb14acaad2129b9692f,gemini-3.8-flash-medium,evidence_audit,cost_moderate,naive,d2796005b204e1f1f358d3f6a6d530162a419e1e6d3ccba6039c76d0806c8f85,"{""evidence_acc"":0.8823529411764706,""label_acc"":0.9411764705882353,""verification_eff"":0.0}","{""evidence_acc"":0.8823529411764706,""label_acc"":0.9411764705882353,""verification_eff"":0.0}","{""evidence_acc"":0.8823529411764706,""label_acc"":0.9411764705882353,""verification_eff"":0.0}","{""evidence_acc"":0.8823529411764706,""label_acc"":0.9411764705882353,""verification_eff"":0.0}",False,False,False,False
5424bc407e2bf1d259355e8b,gemini-3.8-flash-medium,evidence_audit,cost_moderate,naive,ea445b4184aad2130eb8a033e9703320cf11871deb6d167f483ac29007135d78,"{""evidence_acc"":1.0,""label_acc"":0.8823529411764706,""verification_eff"":0.0}","{""evidence_acc"":1.0,""label_acc"":0.8823529411764706,""verification_eff"":0.0}","{""evidence_acc"":1.0,""label_acc"":0.8823529411764706,""verification_eff"":0.0}","{""evidence_acc"":1.0,""label_acc"":0.8823529411764706,""verification_eff"":0.0}",False,False,False,False
b878dee609ea0e49d99f2e81,gemini-3.8-flash-medium,evidence_audit,cost_moderate,naive,bfaac3e00b7fb91e12490365abc15efa1689c7349a80029002fa653226b95c1a,"{""evidence_acc"":0.8823529411764706,""label_acc"":0.9411764705882353,""verification_eff"":0.0}","{""evidence_acc"":0.8823529411764706,""label_acc"":0.9411764705882353,""verification_eff"":0.0}","{""evidence_acc"":0.8823529411764706,""label_acc"":0.9411764705882353,""verification_eff"":0.0}","{""evidence_acc"":0.9411764705882353,""label_acc"":0.9411764705882353,""verification_eff"":0.0}",False,False,True,True
7e74188ff858503799a3f994,gemini-3.8-flash-medium,evidence_audit,cost_moderate,naive,0d55ee1a8486d87e1d5b110b75a80f0cd0f0c3cac857c9d1b3dc24b7cd11779b,"{""evidence_acc"":0.8823529411764706,""label_acc"":0.9411764705882353,""verification_eff"":0.0}","{""evidence_acc"":0.8823529411764706,""label_acc"":0.9411764705882353,""verification_eff"":0.0}","{""evidence_acc"":0.8823529411764706,""label_acc"":0.9411764705882353,""verification_eff"":0.0}","{""evidence_acc"":0.8823529411764706,""label_acc"":0.9411764705882353,""verification_eff"":0.0}",False,False,False,False
27abe04a82360e4d5e11cdf0,gemini-3.8-flash-medium,evidence_audit,cost_moderate,naive,3ae54557e1a717e63fb4c4ef35d405021a77af9a6b736c271c071d2696a8deb0,"{""evidence_acc"":0.8235294117647058,""label_acc"":0.9411764705882353,""verification_eff"":0.0}","{""evidence_acc"":0.8235294117647058,""label_acc"":0.9411764705882353,""verification_eff"":0.0}","{""evidence_acc"":0.8235294117647058,""label_acc"":0.9411764705882353,""verification_eff"":0.0}","{""evidence_acc"":0.8235294117647058,""label_acc"":0.9411764705882353,""verification_eff"":0.0}",False,False,False,False
07455fe63f6eb2d906c90c5c,gemini-3.8-flash-medium,evidence_audit,cost_moderate,naive,e632b6627b5b645d8899f0bf28ed4a0c1d3084dba4b5eadce1c2283dd4ae5437,"{""evidence_acc"":0.8235294117647058,""label_acc"":0.8235294117647058,""verification_eff"":0.0}","{""evidence_acc"":0.8235294117647058,""label_acc"":0.8235294117647058,""verification_eff"":0.0}","{""evidence_acc"":0.8235294117647058,""label_acc"":0.8235294117647058,""verification_eff"":0.0}","{""evidence_acc"":0.8235294117647058,""label_acc"":0.8235294117647058,""verification_eff"":0.0}",False,False,False,False
2bb16f39d553637777b54c09,gemini-3.8-flash-medium,evidence_audit,cost_moderate,poolact,8705100fd2079e6cae678a0b5d84192842ba66396ff795f48829eb33108541c7,"{""evidence_acc"":0.8823529411764706,""label_acc"":0.8823529411764706,""verification_eff"":0.0}","{""evidence_acc"":0.8823529411764706,""label_acc"":0.8823529411764706,""verification_eff"":0.0}","{""evidence_acc"":0.8823529411764706,""label_acc"":0.8823529411764706,""verification_eff"":0.0}","{""evidence_acc"":0.8823529411764706,""label_acc"":0.8823529411764706,""verification_eff"":0.0}",False,False,False,False
e50cbc938597095a6e9f071c,gemini-3.8-flash-medium,evidence_audit,cost_moderate,poolact,f39438cd8a09fffa2de134282097c412f28cc314527e7508cedff33ed9946be3,"{""evidence_acc"":0.9411764705882353,""label_acc"":0.8823529411764706,""verification_eff"":0.0}","{""evidence_acc"":0.9411764705882353,""label_acc"":0.8823529411764706,""verification_eff"":0.0}","{""evidence_acc"":0.9411764705882353,""label_acc"":0.8823529411764706,""verification_eff"":0.0}","{""evidence_acc"":0.9411764705882353,""label_acc"":0.8823529411764706,""verification_eff"":0.0}",False,False,False,False
c62ecbabd3d01c578546fc58,gemini-3.8-flash-medium,evidence_audit,cost_moderate,poolact,5ed8b54a1000450da746098dc4aeae3331ed9bc9a0f17833a1d8fd94d6f8307d,"{""evidence_acc"":0.8823529411764706,""label_acc"":0.9411764705882353,""verification_eff"":0.0}","{""evidence_acc"":0.8823529411764706,""label_acc"":0.9411764705882353,""verification_eff"":0.0}","{""evidence_acc"":0.8823529411764706,""label_acc"":0.9411764705882353,""verification_eff"":0.0}","{""evidence_acc"":0.8823529411764706,""label_acc"":0.9411764705882353,""verification_eff"":0.0}",False,False,False,False
7aec0845a1b806d4c479b3f4,gemini-3.8-flash-medium,evidence_audit,cost_moderate,poolact,4d19066e0226a514dbbbd7199230f173d8103b663b6ca9ac0326c169f060c657,"{""evidence_acc"":1.0,""label_acc"":1.0,""verification_eff"":0.0}","{""evidence_acc"":1.0,""label_acc"":1.0,""verification_eff"":0.0}","{""evidence_acc"":1.0,""label_acc"":1.0,""verification_eff"":0.0}","{""evidence_acc"":1.0,""label_acc"":1.0,""verification_eff"":0.0}",False,False,False,False
31dd23ef34f9b921fa4a7ff6,gemini-3.8-flash-medium,evidence_audit,cost_moderate,poolact,e4bd3a0dbe420cbcab450511e0eead1cf33bb4db85ef19a6c279baf270479285,"{""evidence_acc"":1.0,""label_acc"":1.0,""verification_eff"":0.0}","{""evidence_acc"":1.0,""label_acc"":1.0,""verification_eff"":0.0}","{""evidence_acc"":1.0,""label_acc"":1.0,""verification_eff"":0.0}","{""evidence_acc"":1.0,""label_acc"":1.0,""verification_eff"":0.0}",False,False,False,False
3a4b467d3e422f7640c44e43,gemini-3.8-flash-medium,evidence_audit,cost_moderate,poolact,43bd40a98953ed7dd744a80c914c8b9d4c1220cc5b063a287541a5aba4745bcc,"{""evidence_acc"":1.0,""label_acc"":1.0,""verification_eff"":0.0}","{""evidence_acc"":1.0,""label_acc"":1.0,""verification_eff"":0.0}","{""evidence_acc"":1.0,""label_acc"":1.0,""verification_eff"":0.0}","{""evidence_acc"":1.0,""label_acc"":1.0,""verification_eff"":0.0}",False,False,False,False
c77bb4101b0c691207ff54cb,gemini-3.8-flash-medium,evidence_audit,cost_moderate,poolact,d8d82ddf65b7408f3aa2a49bf4fc4578b5886deeb5dcf13e5476b0627b94dc9a,"{""evidence_acc"":1.0,""label_acc"":0.9411764705882353,""verification_eff"":0.0}","{""evidence_acc"":1.0,""label_acc"":0.9411764705882353,""verification_eff"":0.0}","{""evidence_acc"":1.0,""label_acc"":0.9411764705882353,""verification_eff"":0.0}","{""evidence_acc"":1.0,""label_acc"":0.9411764705882353,""verification_eff"":0.0}",False,False,False,False
ce6b61659ab1311fc3ded9c5,gemini-3.8-flash-medium,evidence_audit,cost_moderate,poolact,f0b891b72515824b44274bfd52cf45fd2bcff6f8c57da728edde24c6133400df,"{""evidence_acc"":1.0,""label_acc"":1.0,""verification_eff"":0.0}","{""evidence_acc"":1.0,""label_acc"":1.0,""verification_eff"":0.0}","{""evidence_acc"":1.0,""label_acc"":1.0,""verification_eff"":0.0}","{""evidence_acc"":1.0,""label_acc"":1.0,""verification_eff"":0.0}",False,False,False,False
fccdeb187738f41585613ffa,gemini-3.8-flash-medium,evidence_audit,cost_moderate,poolact,6c8de445243b2f9b80d419376604572a6bbf7a8c0ee2d6917526de032e13e61e,"{""evidence_acc"":1.0,""label_acc"":0.9411764705882353,""verification_eff"":0.0}","{""evidence_acc"":1.0,""label_acc"":0.9411764705882353,""verification_eff"":0.0}","{""evidence_acc"":1.0,""label_acc"":0.9411764705882353,""verification_eff"":0.0}","{""evidence_acc"":1.0,""label_acc"":0.9411764705882353,""verification_eff"":0.0}",False,False,False,False
cccd571ba9ef33b8fac47ce7,gemini-3.8-flash-medium,evidence_audit,cost_moderate,poolact,485695bab38875295e73ac48c91af701cb3277308d15d61f98c8cffca35cd183,"{""evidence_acc"":1.0,""label_acc"":1.0,""verification_eff"":0.0}","{""evidence_acc"":1.0,""label_acc"":1.0,""verification_eff"":0.0}","{""evidence_acc"":1.0,""label_acc"":1.0,""verification_eff"":0.0}","{""evidence_acc"":1.0,""label_acc"":1.0,""verification_eff"":0.0}",False,False,False,False
d95dd60ce79a899d37105c3c,gemini-3.8-flash-medium,evidence_audit,cost_moderate,poolact,918dac89c9a4fe3ac3a98179b2848b7048fdd6e2f03b43c43cadb4355e389bdf,"{""evidence_acc"":1.0,""label_acc"":1.0,""verification_eff"":0.0}","{""evidence_acc"":1.0,""label_acc"":1.0,""verification_eff"":0.0}","{""evidence_acc"":1.0,""label_acc"":1.0,""verification_eff"":0.0}","{""evidence_acc"":1.0,""label_acc"":1.0,""verification_eff"":0.0}",False,False,False,False
1ea96d423bd568ab977e7cbc,gemini-3.8-flash-medium,evidence_audit,cost_moderate,poolact,17953b02133ed801f50d73eb031f99ad6481060ac0cc2c701777cdac5a56751e,"{""evidence_acc"":1.0,""label_acc"":1.0,""verification_eff"":0.0}","{""evidence_acc"":1.0,""label_acc"":1.0,""verification_eff"":0.0}","{""evidence_acc"":1.0,""label_acc"":1.0,""verification_eff"":0.0}","{""evidence_acc"":1.0,""label_acc"":1.0,""verification_eff"":0.0}",False,False,False,False
f8f4b484cff152c5d6bd4c77,gemini-3.8-flash-medium,evidence_audit,cost_moderate,poolact,e1a1a787485d8be22358c8ff4fc1beb221a770c4efe7f3c8259d6278cbc005ed,"{""evidence_acc"":1.0,""label_acc"":0.9411764705882353,""verification_eff"":0.0}","{""evidence_acc"":1.0,""label_acc"":0.9411764705882353,""verification_eff"":0.0}","{""evidence_acc"":1.0,""label_acc"":0.9411764705882353,""verification_eff"":0.0}","{""evidence_acc"":1.0,""label_acc"":0.9411764705882353,""verification_eff"":0.0}",False,False,False,False
4792ad47d8b32a918a88a865,gemini-3.8-flash-medium,evidence_audit,cost_tight,cached,b5616c6c0b3ae634bc0cdd4fd4e8dfb1da397b9ecf957e662f8d018147b57fde,"{""evidence_acc"":0.5294117647058824,""label_acc"":0.9411764705882353,""verification_eff"":0.0}","{""evidence_acc"":0.5294117647058824,""label_acc"":0.9411764705882353,""verification_eff"":0.0}","{""evidence_acc"":0.5294117647058824,""label_acc"":0.9411764705882353,""verification_eff"":0.0}","{""evidence_acc"":0.5294117647058824,""label_acc"":0.9411764705882353,""verification_eff"":0.0}",False,False,False,False
ea79fa93a64c16f57c2f73a3,gemini-3.8-flash-medium,evidence_audit,cost_tight,cached,0c79065c861ca746441c3ab9969ee023b331941b6c1b7c94e9694b340f07368c,"{""evidence_acc"":0.7058823529411765,""label_acc"":0.9411764705882353,""verification_eff"":0.0}","{""evidence_acc"":0.7058823529411765,""label_acc"":0.9411764705882353,""verification_eff"":0.0}","{""evidence_acc"":0.7058823529411765,""label_acc"":0.9411764705882353,""verification_eff"":0.0}","{""evidence_acc"":0.7058823529411765,""label_acc"":0.9411764705882353,""verification_eff"":0.0}",False,False,False,False
186a6a8afd415a0afa26aef5,gemini-3.8-flash-medium,evidence_audit,cost_tight,cached,d04d44833c2139ecaff42098deac91d345faa9e2b0f9f6fa3f5ac0aae9d44a94,"{""evidence_acc"":0.35294117647058826,""label_acc"":0.8823529411764706,""verification_eff"":0.0}","{""evidence_acc"":0.35294117647058826,""label_acc"":0.8823529411764706,""verification_eff"":0.0}","{""evidence_acc"":0.35294117647058826,""label_acc"":0.8823529411764706,""verification_eff"":0.0}","{""evidence_acc"":0.35294117647058826,""label_acc"":0.8823529411764706,""verification_eff"":0.0}",False,False,False,False
cebf6c298a497c237235a3aa,gemini-3.8-flash-medium,evidence_audit,cost_tight,cached,2205004fbcd603637bd93b2295f45c7839fb141ac073fa7ae2a55d713409f153,"{""evidence_acc"":0.5882352941176471,""label_acc"":0.9411764705882353,""verification_eff"":0.0}","{""evidence_acc"":0.5882352941176471,""label_acc"":0.9411764705882353,""verification_eff"":0.0}","{""evidence_acc"":0.5882352941176471,""label_acc"":0.9411764705882353,""verification_eff"":0.0}","{""evidence_acc"":0.5882352941176471,""label_acc"":0.9411764705882353,""verification_eff"":0.0}",False,False,False,False
8db84e414757deba4a47eb9c,gemini-3.8-flash-medium,evidence_audit,cost_tight,cached,520b61a521f3e8a4cb9fe2ed669513061b0e623a6cba3874eafe303aadc3dbaa,"{""evidence_acc"":0.6470588235294118,""label_acc"":0.8823529411764706,""verification_eff"":0.0}","{""evidence_acc"":0.6470588235294118,""label_acc"":0.8823529411764706,""verification_eff"":0.0}","{""evidence_acc"":0.6470588235294118,""label_acc"":0.8823529411764706,""verification_eff"":0.0}","{""evidence_acc"":0.6470588235294118,""label_acc"":0.8823529411764706,""verification_eff"":0.0}",False,False,False,False
59f8f15429fe60b7c5cf97eb,gemini-3.8-flash-medium,evidence_audit,cost_tight,cached,519323d3023cc6df2631e2353dfd91d859423b3948ffcd4bb9a6940b584d008a,"{""evidence_acc"":0.8235294117647058,""label_acc"":0.8235294117647058,""verification_eff"":0.0}","{""evidence_acc"":0.8235294117647058,""label_acc"":0.8235294117647058,""verification_eff"":0.0}","{""evidence_acc"":0.8235294117647058,""label_acc"":0.8235294117647058,""verification_eff"":0.0}","{""evidence_acc"":0.8235294117647058,""label_acc"":0.8235294117647058,""verification_eff"":0.0}",False,False,False,False
15ba3c5e39b8a870f31e6625,gemini-3.8-flash-medium,evidence_audit,cost_tight,cached,04249ca94c7fd7468126d27ce5ced10561a2391782516a3af6e825eb3ce0afea,"{""evidence_acc"":0.8235294117647058,""label_acc"":0.7647058823529411,""verification_eff"":0.0}","{""evidence_acc"":0.8235294117647058,""label_acc"":0.7647058823529411,""verification_eff"":0.0}","{""evidence_acc"":0.8235294117647058,""label_acc"":0.7647058823529411,""verification_eff"":0.0}","{""evidence_acc"":0.8235294117647058,""label_acc"":0.7647058823529411,""verification_eff"":0.0}",False,False,False,False
b979fe08140e91d5a9a639c4,gemini-3.8-flash-medium,evidence_audit,cost_tight,cached,269d93beb08293944eaa29b36c86c8de0de96905dfabeff713afcd32647d3950,"{""evidence_acc"":0.7058823529411765,""label_acc"":0.8823529411764706,""verification_eff"":0.0}","{""evidence_acc"":0.7058823529411765,""label_acc"":0.8823529411764706,""verification_eff"":0.0}","{""evidence_acc"":0.7058823529411765,""label_acc"":0.8823529411764706,""verification_eff"":0.0}","{""evidence_acc"":0.7058823529411765,""label_acc"":0.8823529411764706,""verification_eff"":0.0}",False,False,False,False
62070d95c7210fd4abffd62d,gemini-3.8-flash-medium,evidence_audit,cost_tight,cached,915fd08a7eccecfe5797c9d1e23b3ba35ff4fffa2cb79b0ffa2f48d2997a36cd,"{""evidence_acc"":0.8235294117647058,""label_acc"":0.7647058823529411,""verification_eff"":0.0}","{""evidence_acc"":0.8235294117647058,""label_acc"":0.7647058823529411,""verification_eff"":0.0}","{""evidence_acc"":0.8235294117647058,""label_acc"":0.7647058823529411,""verification_eff"":0.0}","{""evidence_acc"":0.8235294117647058,""label_acc"":0.7647058823529411,""verification_eff"":0.0}",False,False,False,False
dd3d9e34e33234e317c67c10,gemini-3.8-flash-medium,evidence_audit,cost_tight,cached,c1c3cc74e84912c62f60bdebcbb869b847320d3544fc5f245b114317326068bf,"{""evidence_acc"":0.8823529411764706,""label_acc"":0.9411764705882353,""verification_eff"":0.0}","{""evidence_acc"":0.8823529411764706,""label_acc"":0.9411764705882353,""verification_eff"":0.0}","{""evidence_acc"":0.8823529411764706,""label_acc"":0.9411764705882353,""verification_eff"":0.0}","{""evidence_acc"":0.8823529411764706,""label_acc"":0.9411764705882353,""verification_eff"":0.0}",False,False,False,False
9722cb51703567c6be5a6957,gemini-3.8-flash-medium,evidence_audit,cost_tight,cached,847fe8b67bac0fee492465f5b7e88802a322822fe53b86c20bece0512085678c,"{""evidence_acc"":0.8823529411764706,""label_acc"":0.9411764705882353,""verification_eff"":0.0}","{""evidence_acc"":0.8823529411764706,""label_acc"":0.9411764705882353,""verification_eff"":0.0}","{""evidence_acc"":0.8823529411764706,""label_acc"":0.9411764705882353,""verification_eff"":0.0}","{""evidence_acc"":0.8823529411764706,""label_acc"":0.9411764705882353,""verification_eff"":0.0}",False,False,False,False
d3eecb040f68c288855f2546,gemini-3.8-flash-medium,evidence_audit,cost_tight,cached,ac3a38718b5601f9ebf344343b592b6cdcfe54bc34819f7763a1256f6ab6c981,"{""evidence_acc"":0.7058823529411765,""label_acc"":0.9411764705882353,""verification_eff"":0.0}","{""evidence_acc"":0.7058823529411765,""label_acc"":0.9411764705882353,""verification_eff"":0.0}","{""evidence_acc"":0.7058823529411765,""label_acc"":0.9411764705882353,""verification_eff"":0.0}","{""evidence_acc"":0.7058823529411765,""label_acc"":0.9411764705882353,""verification_eff"":0.0}",False,False,False,False
cfa1a1549fa4ace25dbb1933,gemini-3.8-flash-medium,evidence_audit,cost_tight,cached,ae3b3aac2f5c66968720b8932dda744103e1394f3b27bf2b72ce7fc026c001b8,"{""evidence_acc"":0.8235294117647058,""label_acc"":0.8235294117647058,""verification_eff"":0.0}","{""evidence_acc"":0.8235294117647058,""label_acc"":0.8235294117647058,""verification_eff"":0.0}","{""evidence_acc"":0.8235294117647058,""label_acc"":0.8235294117647058,""verification_eff"":0.0}","{""evidence_acc"":0.8235294117647058,""label_acc"":0.8235294117647058,""verification_eff"":0.0}",False,False,False,False
7f718f798baa15e84f9c1934,gemini-3.8-flash-medium,evidence_audit,cost_tight,naive,05fdb7e097f79ec8a99395f28adf5e2718f731a97172f40d26ed24b89388448a,"{""evidence_acc"":0.5882352941176471,""label_acc"":0.8823529411764706,""verification_eff"":0.0}","{""evidence_acc"":0.5882352941176471,""label_acc"":0.8823529411764706,""verification_eff"":0.0}","{""evidence_acc"":0.5882352941176471,""label_acc"":0.8823529411764706,""verification_eff"":0.0}","{""evidence_acc"":0.5882352941176471,""label_acc"":0.8823529411764706,""verification_eff"":0.0}",False,False,False,False
de955c4bbf3ce0388a43952b,gemini-3.8-flash-medium,evidence_audit,cost_tight,naive,1f84a0aea1e3a3a3acc3d7a3c03a0fe63cbf12d304366c475536e124b9f3ac6c,"{""evidence_acc"":0.7058823529411765,""label_acc"":0.8823529411764706,""verification_eff"":0.0}","{""evidence_acc"":0.7058823529411765,""label_acc"":0.8823529411764706,""verification_eff"":0.0}","{""evidence_acc"":0.7058823529411765,""label_acc"":0.8823529411764706,""verification_eff"":0.0}","{""evidence_acc"":0.7058823529411765,""label_acc"":0.8823529411764706,""verification_eff"":0.0}",False,False,False,False
93359762fb4995f6678b508a,gemini-3.8-flash-medium,evidence_audit,cost_tight,naive,192137102e519bd6e866a8092d53ca9cddb665647421b601edea62611216ade3,"{""evidence_acc"":0.35294117647058826,""label_acc"":0.8823529411764706,""verification_eff"":0.0}","{""evidence_acc"":0.35294117647058826,""label_acc"":0.8823529411764706,""verification_eff"":0.0}","{""evidence_acc"":0.35294117647058826,""label_acc"":0.8823529411764706,""verification_eff"":0.0}","{""evidence_acc"":0.35294117647058826,""label_acc"":0.8823529411764706,""verification_eff"":0.0}",False,False,False,False
738a72633fd8b7fd5f1b2c28,gemini-3.8-flash-medium,evidence_audit,cost_tight,naive,addc7be6258dd857714297cd8acde0686a4514586794014666479be624077b79,"{""evidence_acc"":0.5294117647058824,""label_acc"":0.9411764705882353,""verification_eff"":0.0}","{""evidence_acc"":0.5294117647058824,""label_acc"":0.9411764705882353,""verification_eff"":0.0}","{""evidence_acc"":0.5294117647058824,""label_acc"":0.9411764705882353,""verification_eff"":0.0}","{""evidence_acc"":0.5294117647058824,""label_acc"":0.9411764705882353,""verification_eff"":0.0}",False,False,False,False
d3a899b6f031264bdf234ce8,gemini-3.8-flash-medium,evidence_audit,cost_tight,naive,f05b37f4b3c5a709d903f13e44db5d551f5886e73e69a690f3f4661389f2c291,"{""evidence_acc"":0.5294117647058824,""label_acc"":0.8823529411764706,""verification_eff"":0.0}","{""evidence_acc"":0.5294117647058824,""label_acc"":0.8823529411764706,""verification_eff"":0.0}","{""evidence_acc"":0.5294117647058824,""label_acc"":0.8823529411764706,""verification_eff"":0.0}","{""evidence_acc"":0.5294117647058824,""label_acc"":0.8823529411764706,""verification_eff"":0.0}",False,False,False,False
ef3db128fdb14dce6274bb63,gemini-3.8-flash-medium,evidence_audit,cost_tight,naive,50ca465fbaa3420eb570b46ce9013e488dbd409354f44405d1851f9487ae31a3,"{""evidence_acc"":0.8235294117647058,""label_acc"":0.8235294117647058,""verification_eff"":0.0}","{""evidence_acc"":0.8235294117647058,""label_acc"":0.8235294117647058,""verification_eff"":0.0}","{""evidence_acc"":0.8235294117647058,""label_acc"":0.8235294117647058,""verification_eff"":0.0}","{""evidence_acc"":0.8235294117647058,""label_acc"":0.8235294117647058,""verification_eff"":0.0}",False,False,False,False
a2a7fac0663982561059f695,gemini-3.8-flash-medium,evidence_audit,cost_tight,naive,8db42339759254b22dbdac9cbf68aaf5be2e7473140d8d98a7d26cce9af77cdc,"{""evidence_acc"":0.8823529411764706,""label_acc"":0.8235294117647058,""verification_eff"":0.0}","{""evidence_acc"":0.8823529411764706,""label_acc"":0.8235294117647058,""verification_eff"":0.0}","{""evidence_acc"":0.8823529411764706,""label_acc"":0.8235294117647058,""verification_eff"":0.0}","{""evidence_acc"":0.8823529411764706,""label_acc"":0.8235294117647058,""verification_eff"":0.0}",False,False,False,False
08e258f53d654de2d2716d81,gemini-3.8-flash-medium,evidence_audit,cost_tight,naive,e4e585d6ad644d1960b7d2830a47e11bd28f43c15b0205bffc55a2f7f6015f45,"{""evidence_acc"":0.7647058823529411,""label_acc"":0.9411764705882353,""verification_eff"":0.0}","{""evidence_acc"":0.7647058823529411,""label_acc"":0.9411764705882353,""verification_eff"":0.0}","{""evidence_acc"":0.7647058823529411,""label_acc"":0.9411764705882353,""verification_eff"":0.0}","{""evidence_acc"":0.7647058823529411,""label_acc"":0.9411764705882353,""verification_eff"":0.0}",False,False,False,False
92d3c95be1d8c17d796a5827,gemini-3.8-flash-medium,evidence_audit,cost_tight,naive,c99e636ab2b879c283feb2027ae89ef1a47f7b6b36830b9c45025c224e4118f1,"{""evidence_acc"":0.8235294117647058,""label_acc"":0.7647058823529411,""verification_eff"":0.0}","{""evidence_acc"":0.8235294117647058,""label_acc"":0.7647058823529411,""verification_eff"":0.0}","{""evidence_acc"":0.8235294117647058,""label_acc"":0.7647058823529411,""verification_eff"":0.0}","{""evidence_acc"":0.8235294117647058,""label_acc"":0.7647058823529411,""verification_eff"":0.0}",False,False,False,False
2d72759564406478041670fb,gemini-3.8-flash-medium,evidence_audit,cost_tight,naive,75e676825be7ae563cb312ed784af77ee91c25757795fc6840814440da9542aa,"{""evidence_acc"":0.7058823529411765,""label_acc"":0.9411764705882353,""verification_eff"":0.0}","{""evidence_acc"":0.7058823529411765,""label_acc"":0.9411764705882353,""verification_eff"":0.0}","{""evidence_acc"":0.7058823529411765,""label_acc"":0.9411764705882353,""verification_eff"":0.0}","{""evidence_acc"":0.7058823529411765,""label_acc"":0.9411764705882353,""verification_eff"":0.0}",False,False,False,False
352176ce1f0a074bfdda8d38,gemini-3.8-flash-medium,evidence_audit,cost_tight,naive,7e0d20b76685276ab0ef044f746ff0ec3461faca4b6d8957243ae09edeb3f89b,"{""evidence_acc"":0.7647058823529411,""label_acc"":0.8235294117647058,""verification_eff"":0.0}","{""evidence_acc"":0.7647058823529411,""label_acc"":0.8235294117647058,""verification_eff"":0.0}","{""evidence_acc"":0.7647058823529411,""label_acc"":0.8235294117647058,""verification_eff"":0.0}","{""evidence_acc"":0.7647058823529411,""label_acc"":0.8235294117647058,""verification_eff"":0.0}",False,False,False,False
3388cd4f84e082d38214ce0e,gemini-3.8-flash-medium,evidence_audit,cost_tight,naive,58d9467324e2f7269aac5ad0d38d6ebd373aac4d6aae0ddb12e087cc67385bb6,"{""evidence_acc"":0.7058823529411765,""label_acc"":1.0,""verification_eff"":0.0}","{""evidence_acc"":0.7058823529411765,""label_acc"":1.0,""verification_eff"":0.0}","{""evidence_acc"":0.7058823529411765,""label_acc"":1.0,""verification_eff"":0.0}","{""evidence_acc"":0.7058823529411765,""label_acc"":1.0,""verification_eff"":0.0}",False,False,False,False
106836a4d6111ff7e18e214f,gemini-3.8-flash-medium,evidence_audit,cost_tight,naive,6136bb291e60608efa406ab9f3670f735392c094d7a90a2cc1520d3219ad9497,"{""evidence_acc"":0.7647058823529411,""label_acc"":0.8823529411764706,""verification_eff"":0.0}","{""evidence_acc"":0.7647058823529411,""label_acc"":0.8823529411764706,""verification_eff"":0.0}","{""evidence_acc"":0.7647058823529411,""label_acc"":0.8823529411764706,""verification_eff"":0.0}","{""evidence_acc"":0.7647058823529411,""label_acc"":0.8823529411764706,""verification_eff"":0.0}",False,False,False,False
1c119685da8910a6bf082773,gemini-3.8-flash-medium,evidence_audit,cost_tight,poolact,74789de17f02f7c09411cb1233d8d1f72fbf4133850ea1f7fa51fb9bdae94f3c,"{""evidence_acc"":0.6470588235294118,""label_acc"":0.9411764705882353,""verification_eff"":0.0}","{""evidence_acc"":0.6470588235294118,""label_acc"":0.9411764705882353,""verification_eff"":0.0}","{""evidence_acc"":0.6470588235294118,""label_acc"":0.9411764705882353,""verification_eff"":0.0}","{""evidence_acc"":0.6470588235294118,""label_acc"":0.9411764705882353,""verification_eff"":0.0}",False,False,False,False
799babaad50d513088e6f3a2,gemini-3.8-flash-medium,evidence_audit,cost_tight,poolact,590e6cf6393c9b21a62b2a511cc9c499b0d1cd18b00cf2d1f60bf5a23142c44d,"{""evidence_acc"":0.7058823529411765,""label_acc"":0.9411764705882353,""verification_eff"":0.0}","{""evidence_acc"":0.7058823529411765,""label_acc"":0.9411764705882353,""verification_eff"":0.0}","{""evidence_acc"":0.7058823529411765,""label_acc"":0.9411764705882353,""verification_eff"":0.0}","{""evidence_acc"":0.7058823529411765,""label_acc"":0.9411764705882353,""verification_eff"":0.0}",False,False,False,False
20ed524933b01866609c12b0,gemini-3.8-flash-medium,evidence_audit,cost_tight,poolact,ce8d084b74d1a065b28cd6d7a0cda458e2e2e06e6b93602e01d1aac54e33674a,"{""evidence_acc"":0.4117647058823529,""label_acc"":0.8823529411764706,""verification_eff"":0.0}","{""evidence_acc"":0.4117647058823529,""label_acc"":0.8823529411764706,""verification_eff"":0.0}","{""evidence_acc"":0.4117647058823529,""label_acc"":0.8823529411764706,""verification_eff"":0.0}","{""evidence_acc"":0.4117647058823529,""label_acc"":0.8823529411764706,""verification_eff"":0.0}",False,False,False,False
58b6a50c5a573ee49ea2565f,gemini-3.8-flash-medium,evidence_audit,cost_tight,poolact,e2c26ce87a5794a20823382d6a5ac600ed40ce1c3ed80dc0fbea866affbc651a,"{""evidence_acc"":0.7647058823529411,""label_acc"":0.9411764705882353,""verification_eff"":0.0}","{""evidence_acc"":0.7647058823529411,""label_acc"":0.9411764705882353,""verification_eff"":0.0}","{""evidence_acc"":0.7647058823529411,""label_acc"":0.9411764705882353,""verification_eff"":0.0}","{""evidence_acc"":0.7647058823529411,""label_acc"":0.9411764705882353,""verification_eff"":0.0}",False,False,False,False
168805c9a292eb40dd5f01a7,gemini-3.8-flash-medium,evidence_audit,cost_tight,poolact,b157d7c0f7e1ce0cb46422ba0c7f74c2005672bc3b85282ed79357a5a7c0e7c0,"{""evidence_acc"":0.7647058823529411,""label_acc"":0.8823529411764706,""verification_eff"":0.0}","{""evidence_acc"":0.7647058823529411,""label_acc"":0.8823529411764706,""verification_eff"":0.0}","{""evidence_acc"":0.7647058823529411,""label_acc"":0.8823529411764706,""verification_eff"":0.0}","{""evidence_acc"":0.7647058823529411,""label_acc"":0.8823529411764706,""verification_eff"":0.0}",False,False,False,False
a06775106d035fa779e2edd3,gemini-3.8-flash-medium,evidence_audit,cost_tight,poolact,d630bb4e188cc6ea603425dd3fd8df9f771bf13ca556147074528d9a9abc8efb,"{""evidence_acc"":0.8235294117647058,""label_acc"":0.8235294117647058,""verification_eff"":0.0}","{""evidence_acc"":0.8235294117647058,""label_acc"":0.8235294117647058,""verification_eff"":0.0}","{""evidence_acc"":0.8235294117647058,""label_acc"":0.8235294117647058,""verification_eff"":0.0}","{""evidence_acc"":0.8235294117647058,""label_acc"":0.8235294117647058,""verification_eff"":0.0}",False,False,False,False
bbcd4449a45745b16a97610d,gemini-3.8-flash-medium,evidence_audit,cost_tight,poolact,3563070dc8843d99880a5a0ce0ac7378a6e878b5d9ae3a484d53c7bc879aff82,"{""evidence_acc"":0.8823529411764706,""label_acc"":0.8235294117647058,""verification_eff"":0.0}","{""evidence_acc"":0.8823529411764706,""label_acc"":0.8235294117647058,""verification_eff"":0.0}","{""evidence_acc"":0.8823529411764706,""label_acc"":0.8235294117647058,""verification_eff"":0.0}","{""evidence_acc"":0.8823529411764706,""label_acc"":0.8235294117647058,""verification_eff"":0.0}",False,False,False,False
fe3c9d6963d46da6852441fb,gemini-3.8-flash-medium,evidence_audit,cost_tight,poolact,f2c4ba4d870e9b6ea9ac78ad3e8c014f8bea403e01fd163b2dfd0150ceb4010a,"{""evidence_acc"":0.5882352941176471,""label_acc"":0.7058823529411765,""verification_eff"":0.0}","{""evidence_acc"":0.5882352941176471,""label_acc"":0.7058823529411765,""verification_eff"":0.0}","{""evidence_acc"":0.5882352941176471,""label_acc"":0.7058823529411765,""verification_eff"":0.0}","{""evidence_acc"":0.5882352941176471,""label_acc"":0.7058823529411765,""verification_eff"":0.0}",False,False,False,False
23f82cfc0528676baa38fe2a,gemini-3.8-flash-medium,evidence_audit,cost_tight,poolact,2749858559fe7d963c9b9ea312382ea414b2c8cd5fe96cc4928f0e3a11a78c1c,"{""evidence_acc"":0.9411764705882353,""label_acc"":0.8823529411764706,""verification_eff"":0.0}","{""evidence_acc"":0.9411764705882353,""label_acc"":0.8823529411764706,""verification_eff"":0.0}","{""evidence_acc"":0.9411764705882353,""label_acc"":0.8823529411764706,""verification_eff"":0.0}","{""evidence_acc"":0.9411764705882353,""label_acc"":0.8823529411764706,""verification_eff"":0.0}",False,False,False,False
b938a8faa503158ec2c9aee1,gemini-3.8-flash-medium,evidence_audit,cost_tight,poolact,a1d3ece5e7bed583968d8a13ab308aa1332a0177fb361c1594234bab3ae12444,"{""evidence_acc"":0.6470588235294118,""label_acc"":0.8823529411764706,""verification_eff"":0.0}","{""evidence_acc"":0.6470588235294118,""label_acc"":0.8823529411764706,""verification_eff"":0.0}","{""evidence_acc"":0.6470588235294118,""label_acc"":0.8823529411764706,""verification_eff"":0.0}","{""evidence_acc"":0.6470588235294118,""label_acc"":0.8823529411764706,""verification_eff"":0.0}",False,False,False,False
8b8076054f987f4b84a67dfe,gemini-3.8-flash-medium,evidence_audit,cost_tight,poolact,41b9e148fc8ca60f86f63b73502e6d0a29223e21c2f90b5f0facab3d5383494e,"{""evidence_acc"":0.8823529411764706,""label_acc"":0.9411764705882353,""verification_eff"":0.0}","{""evidence_acc"":0.8823529411764706,""label_acc"":0.9411764705882353,""verification_eff"":0.0}","{""evidence_acc"":0.8823529411764706,""label_acc"":0.9411764705882353,""verification_eff"":0.0}","{""evidence_acc"":0.8823529411764706,""label_acc"":0.9411764705882353,""verification_eff"":0.0}",False,False,False,False
145ff38f445a3fcc1bdc3275,gemini-3.8-flash-medium,evidence_audit,cost_tight,poolact,9c41e321f4bd4038b343031db5d612930a48806cefcbdecb67c67f45aa87ef70,"{""evidence_acc"":0.7058823529411765,""label_acc"":0.9411764705882353,""verification_eff"":0.0}","{""evidence_acc"":0.7058823529411765,""label_acc"":0.9411764705882353,""verification_eff"":0.0}","{""evidence_acc"":0.7058823529411765,""label_acc"":0.9411764705882353,""verification_eff"":0.0}","{""evidence_acc"":0.7058823529411765,""label_acc"":0.9411764705882353,""verification_eff"":0.0}",False,False,False,False
8472c1250e2c087d7c141086,gemini-3.8-flash-medium,evidence_audit,cost_tight,poolact,0b28dbdb675a0b5354fdc79f4330bdb14c983a1955a90fd04fa072541b2ae412,"{""evidence_acc"":0.8235294117647058,""label_acc"":0.8235294117647058,""verification_eff"":0.0}","{""evidence_acc"":0.8235294117647058,""label_acc"":0.8235294117647058,""verification_eff"":0.0}","{""evidence_acc"":0.8235294117647058,""label_acc"":0.8235294117647058,""verification_eff"":0.0}","{""evidence_acc"":0.8235294117647058,""label_acc"":0.8235294117647058,""verification_eff"":0.0}",False,False,False,False
305075a5854d8f2d542b9ce0,gemini-3.8-flash-medium,restricted_search,cost_moderate,cached,16c8e4f96fbaab40de251e0abe4757b3422234299598912b08f303364004a43c,1.0,1.0,1.0,1.0,False,False,False,False
acbe191d6c63b6a4d0bbd4b6,gemini-3.8-flash-medium,restricted_search,cost_moderate,cached,f360cec6b3abc1d1f0591d412453a6ff9a0e4520cfe541526136863ad57fa85e,1.0,1.0,1.0,1.0,False,False,False,False
905d0f2d883852b01e3321d4,gemini-3.8-flash-medium,restricted_search,cost_moderate,cached,af2fc02d4450bfb00c4e4c463f55a650f72fdbecb8cdeeddfcbdbad9bd8076eb,0.4,0.4,0.4,0.4,False,False,False,False
4c78ff801099fc9e10a48e5b,gemini-3.8-flash-medium,restricted_search,cost_moderate,cached,2808facc084dc4ac59e2e1338932c06b2c58e953c11f4cc78788f9b245fd985c,0.5555555555555556,0.5555555555555556,0.5555555555555556,0.5555555555555556,False,False,False,False
98c83dc05e4c18da12285e8d,gemini-3.8-flash-medium,restricted_search,cost_moderate,cached,290b48fbca7df869d2440a756746054c23a5a4830980aa6ddbc72b49e8fa3899,1.0,1.0,1.0,1.0,False,False,False,False
fecc85439e92343f90b1379a,gemini-3.8-flash-medium,restricted_search,cost_moderate,cached,feb3f81cf538a63d14e6e2a53d05ee3ad0eb8e04ed2cdf2664bd1a0ddb1bae87,0.0,0.0,0.0,0.0,False,False,False,False
aa1ef49ecd704a9eda415a4f,gemini-3.8-flash-medium,restricted_search,cost_moderate,cached,87dacf42aa04f774f0526208da8443e2de00f48ff96ec42ae2dde148fe3f2638,1.0,1.0,1.0,1.0,False,False,False,False
6c625bd760494b80951e2cbe,gemini-3.8-flash-medium,restricted_search,cost_moderate,cached,87cfd40c7c075814b8f6ff9d7f756b93c68664b121ee382683351db5a52d64d4,0.0,0.0,0.0,0.0,False,False,False,False
49abbd18ade5def75ce4dd8a,gemini-3.8-flash-medium,restricted_search,cost_moderate,cached,45cbf150b5361dcde9eb26b31c4bb722865a5a2ea272d0a1c9637c13d53ddb75,1.0,1.0,1.0,1.0,False,False,False,False
7fba54522d99ee6eb89393a0,gemini-3.8-flash-medium,restricted_search,cost_moderate,cached,41734876e182bf652e45dfd0e2371757999547f241e4a5d2843764b74a7a6fcc,0.0,0.0,0.0,0.0,False,False,False,False
b169d9f91c5173afb482d44b,gemini-3.8-flash-medium,restricted_search,cost_moderate,cached,d76daec0e4625eedec4169ebf618752c3407344c67838ad02876c029f1989ae3,0.0,0.0,0.0,0.0,False,False,False,False
6ba2820e3493870186ed2cd1,gemini-3.8-flash-medium,restricted_search,cost_moderate,cached,3b4ad6f33ce21930782abb0c5b5a3899cb318cbfcdb841f46c4e1ee86db41143,0.0,0.0,0.0,0.0,False,False,False,False
0c58794db96906b7dc59a770,gemini-3.8-flash-medium,restricted_search,cost_moderate,cached,6bb1368945ca276717d7b78f58e6603529937c71d8cfc57e235edfa294342dd9,1.0,1.0,1.0,1.0,False,False,False,False
934c589290b92525b0a7964a,gemini-3.8-flash-medium,restricted_search,cost_moderate,cached,224b7e774872c648424b809b2f5eb56a208e3fb547115a2e61378bc62229a7ef,1.0,1.0,1.0,1.0,False,False,False,False
bef3698a10729deac8c83293,gemini-3.8-flash-medium,restricted_search,cost_moderate,cached,9c595a99e44b2d6210fab801ce210aa7dd15be46c0be15109bc5e84bc3ec45ed,1.0,1.0,1.0,1.0,False,False,False,False
c4973e068529a829e0e918ed,gemini-3.8-flash-medium,restricted_search,cost_moderate,cached,b65374cabff75501408f887a6d23c103f13194a0b0f0387b1a52d02117edb837,1.0,1.0,1.0,1.0,False,False,False,False
e8bf4464ad2e113582209e10,gemini-3.8-flash-medium,restricted_search,cost_moderate,cached,549ff7d21ac2392446fa5f5a235c4cb9bbb2a7634b470c21dd92d25289195889,1.0,1.0,1.0,1.0,False,False,False,False
69f5bdf442c03e8b0bfd3854,gemini-3.8-flash-medium,restricted_search,cost_moderate,cached,1fee83dc18826115aeef639dabfa003f9544480288120d1a9c1c9f01f21e3bf1,1.0,1.0,1.0,1.0,False,False,False,False
9856ab5f7772c1800a718d31,gemini-3.8-flash-medium,restricted_search,cost_moderate,cached,928c62a56ee81c897ce70c2e586a32ee8f27d0376fc746a4ec04bf1ca64ef4ec,1.0,1.0,1.0,1.0,False,False,False,False
80f66dfb2ba8cc80e19d308c,gemini-3.8-flash-medium,restricted_search,cost_moderate,cached,996a906be10066a76d19a56f3b81958e05fa8d356f9216f8916bcb9cf638ebb1,1.0,1.0,1.0,1.0,False,False,False,False
49795b3c228ec26bf84bf8a4,gemini-3.8-flash-medium,restricted_search,cost_moderate,cached,0844d07a35e0f69bc5693c84adfcf2958913bce50e0b5f397402dfe04a7367c1,1.0,1.0,1.0,1.0,False,False,False,False
d12784a1a7b4f94ca13b1d7c,gemini-3.8-flash-medium,restricted_search,cost_moderate,cached,4de1aaefd5bd81724b6fec5fd0cb2dfa56a1f6065f006cabfc370483fdac8c49,1.0,1.0,1.0,1.0,False,False,False,False
55bf9f8ed3861ecbdc548d8c,gemini-3.8-flash-medium,restricted_search,cost_moderate,cached,daae41dd782d88e36181057c021cb44b74b98008d33fd60a4618b5a29ff731cc,0.23529411764705882,0.23529411764705882,0.23529411764705882,0.23529411764705882,False,False,False,False
4b2b7abc278ed7b2724488df,gemini-3.8-flash-medium,restricted_search,cost_moderate,cached,1cf1889343979ae315e5ee4a1a9128513dc518fb3705a9dd5ceb83eabf57870a,1.0,1.0,1.0,1.0,False,False,False,False
f50736af333a662e4c13200b,gemini-3.8-flash-medium,restricted_search,cost_moderate,cached,c658115d00454476fb0ed52fece78482a9a2f866c6e7a97bd051799294b96b74,0.4,0.4,0.4,0.4,False,False,False,False
01b25be76f04accc441c789f,gemini-3.8-flash-medium,restricted_search,cost_moderate,cached,32a66c0d11fe939667a821db75e46ca1e559e1628ce15212da087df5e573dcf7,1.0,1.0,1.0,1.0,False,False,False,False
18d7e1ab67fa23d86b93c8d4,gemini-3.8-flash-medium,restricted_search,cost_moderate,cached,b97f7bf5ff0ed35d802d403ef36e909bc6da443ddf4f1ba6d792af0f8364f7d7,1.0,1.0,1.0,1.0,False,False,False,False
c5b89b8b49dda7af4c56fcc7,gemini-3.8-flash-medium,restricted_search,cost_moderate,cached,85d780a4dc068108e4952d18dd8d6e9e9b55d82661307ef0f0c2d28d4b55b2d3,0.0,0.0,0.0,0.0,False,False,False,False
627d794c22c1723e73286884,gemini-3.8-flash-medium,restricted_search,cost_moderate,cached,575f5da8efd36cc1dd5ce7f588e2a799bace53d8abfb916956388c562473d611,0.5714285714285715,0.5714285714285715,0.5714285714285715,0.5714285714285715,False,False,False,False
d9b685af4e6e59691e35b350,gemini-3.8-flash-medium,restricted_search,cost_moderate,cached,f143cabaaf243f3a880cb6f38322bd922c9172d0427dbd0ee1e9349e8c018c24,0.0,0.0,0.0,0.0,False,False,False,False
912fa4ee1acfa64324424ea2,gemini-3.8-flash-medium,restricted_search,cost_moderate,cached,caeff361e3b383eda3917ed1ae22ba708a01f251a547428afe6cc3c30bb61ce0,0.0,0.0,0.0,0.0,False,False,False,False
717cb30feca917ff341e14a7,gemini-3.8-flash-medium,restricted_search,cost_moderate,cached,0a58ee52e0104ad63485154aad2e445038470f100a8933b5fdd2a4a153ede74f,1.0,1.0,1.0,1.0,False,False,False,False
5cbb170dc513b3712ad5941a,gemini-3.8-flash-medium,restricted_search,cost_moderate,cached,b11cb771d20817e201d41505e8caed3f383b5389c81066cc2e057791e1ebcd46,1.0,1.0,1.0,1.0,False,False,False,False
9785de0e60a6746ac7b05c7e,gemini-3.8-flash-medium,restricted_search,cost_moderate,cached,4486567e0bf574dff3ba81c8b4744164d944b2970244fadaf11233497f511180,1.0,1.0,1.0,1.0,False,False,False,False
5c6240dc701c1b64303034ae,gemini-3.8-flash-medium,restricted_search,cost_moderate,cached,23fc826ddb84c7cf14c7b119ddd1404bdcaa1f570b46f3eab014cae9c5bb098d,1.0,1.0,1.0,1.0,False,False,False,False
5d5969fdd6349f48de666dee,gemini-3.8-flash-medium,restricted_search,cost_moderate,cached,7dbab8578f91347f1ef2859e143f9bbfaba01d44141367ad037ec11b255078cf,0.4,0.4,0.4,0.4,False,False,False,False
23edd5a9714f07df34de4c4e,gemini-3.8-flash-medium,restricted_search,cost_moderate,cached,017df3dc0eaf05e4cb79bd82e43c6d70983cf1cb00a2d39b7da05b4e94bfc625,1.0,1.0,1.0,1.0,False,False,False,False
3814631ff939f14961f8c3df,gemini-3.8-flash-medium,restricted_search,cost_moderate,cached,0767c4e83f3b53580f4ebc6c09ea9c81f319613946164d575a92eaee5ca1895a,0.0,0.0,0.0,0.0,False,False,False,False
e03c687ab1f3b4595970e3aa,gemini-3.8-flash-medium,restricted_search,cost_moderate,cached,bf021ffe8a2fdc1725de1a08be18510cb007cb577b18419b1253d1679b83d59c,1.0,1.0,1.0,1.0,False,False,False,False
1dc42a002fb7a1ea541dae82,gemini-3.8-flash-medium,restricted_search,cost_moderate,naive,768e23611058ac6620945ac2c76e221fecc1e1019df08f61e240fac0f723445e,1.0,1.0,1.0,1.0,False,False,False,False
5b9dd52373677be33e8f1795,gemini-3.8-flash-medium,restricted_search,cost_moderate,naive,0f700478d98bd654121ab2e350d33ca2eea771497d8e3532ec9ca72394284270,1.0,1.0,1.0,1.0,False,False,False,False
b13495c0a1c0fe78a629e68e,gemini-3.8-flash-medium,restricted_search,cost_moderate,naive,1d782800f40f6a057af6786bd59a7b75768e8cf9f6d2fa385ac2900388ea39f2,0.0,0.0,0.0,0.0,False,False,False,False
06df8d84fafb0c6141046269,gemini-3.8-flash-medium,restricted_search,cost_moderate,naive,3f40c688f6c4d67b406dcace36ec02651b91ce168bd177cb5940f8f7c9e0796c,0.5555555555555556,0.5555555555555556,0.5555555555555556,0.5555555555555556,False,False,False,False
547067395ff52e67d33c60d7,gemini-3.8-flash-medium,restricted_search,cost_moderate,naive,fb039448c2c546d23bb205c54589209c85d36f628363540443f9afc1635abbfc,1.0,1.0,1.0,1.0,False,False,False,False
75e1fc3f52fdc0fa21f1a0ba,gemini-3.8-flash-medium,restricted_search,cost_moderate,naive,56fef6cd73d83afb0c01a77f380cf452ede78246a6541b495ff8e21c92dc9629,0.0,0.0,0.0,0.0,False,False,False,False
86839d3d157382692bc198a6,gemini-3.8-flash-medium,restricted_search,cost_moderate,naive,2f8349caa62e168d9b9de0849f5b85b915cc7c42a406b01fef44c20fb64d7ca5,1.0,1.0,1.0,1.0,False,False,False,False
6b79a57e50f170c2c67cacdf,gemini-3.8-flash-medium,restricted_search,cost_moderate,naive,be684bda457c800011fd77bd5f0621d92391bef8c38db3fbd779cdbd35dfa198,0.0,0.0,0.0,0.0,False,False,False,False
28af6ecf29bb3e67ca44fcd5,gemini-3.8-flash-medium,restricted_search,cost_moderate,naive,d57585f37bf863cad96ea4d678653db0a5cd7321eb13340922d148077a6e2be8,1.0,1.0,1.0,1.0,False,False,False,False
f976d85dedfd6908f847adac,gemini-3.8-flash-medium,restricted_search,cost_moderate,naive,1c01260876e357a8fa45662e9a95e2d6fa7a6ef3de2a61b78e1f9891a4266df1,0.0,0.0,0.0,0.0,False,False,False,False
41cc8b35599d1637ce0f6124,gemini-3.8-flash-medium,restricted_search,cost_moderate,naive,b0c83e49dd2a24c8b0535afe966be5412cb09e1b7b52308dceac2f56e1195816,0.0,0.0,0.0,0.0,False,False,False,False
b3f05f2c77c91932c0ac8112,gemini-3.8-flash-medium,restricted_search,cost_moderate,naive,6e4bf51bccceb2b48805b0cfd0d53cff893642f839a4640e9d6ffc52a76843b7,0.0,0.0,0.0,0.0,False,False,False,False
89ea3028766b6128b3e96c48,gemini-3.8-flash-medium,restricted_search,cost_moderate,naive,050e4651d8e69798db018f543bc59b0d518ea4165cb8f036227ee841b9d2f57f,1.0,1.0,1.0,1.0,False,False,False,False
dd74e52d190b539fcc09ca61,gemini-3.8-flash-medium,restricted_search,cost_moderate,naive,a6ec617fd795fba4524328d5aedce1904889a5bb33f984eaf83111ae6cf0324f,1.0,1.0,1.0,1.0,False,False,False,False
85dcab9c808d4834961b23e5,gemini-3.8-flash-medium,restricted_search,cost_moderate,naive,3898462854c08ea5272d4b517ee1b8019a47c567e586c25dc9fc36385ecf96e9,1.0,1.0,1.0,1.0,False,False,False,False
f1f7c7b2911e929477c17f5a,gemini-3.8-flash-medium,restricted_search,cost_moderate,naive,cc53a16dcd308e7170846bfd727a7f9da634641cc90321370060b9c5b69d1b39,1.0,1.0,1.0,1.0,False,False,False,False
d99f999b7db3ac90308af1eb,gemini-3.8-flash-medium,restricted_search,cost_moderate,naive,d24cef94e49096842a3356a8f57aac436676ee7a4c2805cdd96b18e0998a184b,1.0,1.0,1.0,1.0,False,False,False,False
1f29b526dc997702044d861a,gemini-3.8-flash-medium,restricted_search,cost_moderate,naive,9b3131d72dfdef9d2a1eeaf2ac9be8adcb58cdd66b4eab1b3f5efede0f32733d,1.0,1.0,1.0,1.0,False,False,False,False
d12d78391f0a209311e72248,gemini-3.8-flash-medium,restricted_search,cost_moderate,naive,6a91e0ee46683f486e0b30a3a5e3745d60249828873c9f2b64757154a0e9c0d7,0.6666666666666666,0.6666666666666666,0.6666666666666666,0.6666666666666666,False,False,False,False
67c059431508e6b39598e075,gemini-3.8-flash-medium,restricted_search,cost_moderate,naive,a8b81d5ff1f9d3e20157d653d19b36abfc2d7b825df30b45edce6e2e241e8ebf,1.0,1.0,1.0,1.0,False,False,False,False
1c49ad8aa8bdd0264ea08b1d,gemini-3.8-flash-medium,restricted_search,cost_moderate,naive,eebea6bfe0a13f4583a43f72855c7483b6a37a96920d7fbc101a47b8ff97cc3b,1.0,1.0,1.0,1.0,False,False,False,False
711b099fe12aa955ca5c252e,gemini-3.8-flash-medium,restricted_search,cost_moderate,naive,2c38ae958aa48bc3594900bf7107cbad4e2a5a59dd60e65a9d42349d693bce53,1.0,1.0,1.0,1.0,False,False,False,False
27b497f42e4986844accf9ed,gemini-3.8-flash-medium,restricted_search,cost_moderate,naive,f027ccadc6ffd8c0326e408d8f6f5f29f875e53f137c27b73bbcda3dae0db2e2,0.23529411764705882,0.23529411764705882,0.23529411764705882,0.23529411764705882,False,False,False,False
add43b55ff5da5c5fbc5d9b4,gemini-3.8-flash-medium,restricted_search,cost_moderate,naive,b53ddf9a648816f61383bf61e711f6ec10da701abd824d3e0bde4f786f12fd68,1.0,1.0,1.0,1.0,False,False,False,False
e1123c8b732f17eb7eb219a6,gemini-3.8-flash-medium,restricted_search,cost_moderate,naive,5457002d82bbcfc388ef46c9e3e49ce552a3d38216a54dcf8c0436a72fb717a5,0.0,0.0,0.0,0.0,False,False,False,False
a1164c1b9ca997f1e827680f,gemini-3.8-flash-medium,restricted_search,cost_moderate,naive,5276ff038732f0cc5f51e35ce76d4c1efe24f22d5027dbe7e4e28ca8c3053007,1.0,1.0,1.0,1.0,False,False,False,False
3ca6aa19734f241bc17209c4,gemini-3.8-flash-medium,restricted_search,cost_moderate,naive,71f1ad4ac95983475cad0674478da1f4868744d4d84ab7fae39e66436719f250,1.0,1.0,1.0,1.0,False,False,False,False
c68a496e3ba651ec546ae032,gemini-3.8-flash-medium,restricted_search,cost_moderate,naive,814c049c9e87ebf076518b63f6fb310a008558e94d9f66b929cbc91b3e850d4f,0.0,0.0,0.0,0.0,False,False,False,False
fb5a0135edd6cc0d74bb8a18,gemini-3.8-flash-medium,restricted_search,cost_moderate,naive,c6ca222044caca7ced99a55569e139b1763e8dccb89fc5eed1b069b6bea3cd80,0.5714285714285715,0.5714285714285715,0.5714285714285715,0.5714285714285715,False,False,False,False
1b68634971aed7d748a6526b,gemini-3.8-flash-medium,restricted_search,cost_moderate,naive,eea80f4870c74943b6f0a8295c2874b403dfb174fbaa98f9697bc4da96872f39,0.0,0.0,0.0,0.0,False,False,False,False
f57e12c218f039b83f3ae8c3,gemini-3.8-flash-medium,restricted_search,cost_moderate,naive,a9e001d0d58d72e0cc9e595d738374cac3451f95ee97160aeb36ce96f44fcc70,0.0,0.0,0.0,0.0,False,False,False,False
5db96236aaecb12cd1fd6af2,gemini-3.8-flash-medium,restricted_search,cost_moderate,naive,7fee96a38c022a5b08828edf588e298a0f9cd0449330fd382f631799eded1395,1.0,1.0,1.0,1.0,False,False,False,False
7313b0f44899843c015f79d7,gemini-3.8-flash-medium,restricted_search,cost_moderate,naive,d807ab89548b603200dd83fe5b56c79e6218c509bdaf057e641286101ddbb16b,1.0,1.0,1.0,1.0,False,False,False,False
d1e29a49d2d637b1a80638e5,gemini-3.8-flash-medium,restricted_search,cost_moderate,naive,95ae065e53d1f80130d3e367be4daac6287b74336f54983d7e08bcdb4b80f05b,1.0,1.0,1.0,1.0,False,False,False,False
a24fefbd2e0869709afac02d,gemini-3.8-flash-medium,restricted_search,cost_moderate,naive,c692eed7a13164d768245b736205c51eb23a4e5bf4492a30f1fd4dab0007ade7,1.0,1.0,1.0,1.0,False,False,False,False
a412a846883617df1a0fb86e,gemini-3.8-flash-medium,restricted_search,cost_moderate,naive,5f5a062af254fa3d8a82706c55c5a012d76516ae94ac3bb032cff8ed9a05a57a,0.4,0.4,0.4,0.4,False,False,False,False
81649cb0c5d3387cafb34a53,gemini-3.8-flash-medium,restricted_search,cost_moderate,naive,801651bfe0482ed6aa8017694212d206ce9861e4f01033cc25325b38c361a946,1.0,1.0,1.0,1.0,False,False,False,False
2e5ef76faf027757697e67e0,gemini-3.8-flash-medium,restricted_search,cost_moderate,naive,80004343c1c9a9b15bbeb884ba37399708121b3aaa42fdccfda3144d5cc1e924,0.0,0.0,0.0,0.0,False,False,False,False
b68c02f280dbaab1591a1001,gemini-3.8-flash-medium,restricted_search,cost_moderate,naive,a99188dc98d8962ea870f1578f91ac68e763e22cc929431bdd8525f7e489c986,1.0,1.0,1.0,1.0,False,False,False,False
17914f3a86df9d74cb38ebc4,gemini-3.8-flash-medium,restricted_search,cost_moderate,poolact,ac9cd3ce117923338d52e1bdfb206290bbe8b47f3ed029c10081d5ecf9b35076,1.0,1.0,1.0,1.0,False,False,False,False
b1400ef6becee515923865d6,gemini-3.8-flash-medium,restricted_search,cost_moderate,poolact,141a339512622d487623d02af82ceaf9a55e6021e92ea9699fdd54d4987e0954,1.0,1.0,1.0,1.0,False,False,False,False
bb559b3c5d8c95fd0a8dd4af,gemini-3.8-flash-medium,restricted_search,cost_moderate,poolact,01e08fb347364cbb27b41ce0401c07ee0a64651c998956ebc05687eca44d9885,0.0,0.0,0.0,0.0,False,False,False,False
292344cecd56972d216cd028,gemini-3.8-flash-medium,restricted_search,cost_moderate,poolact,417f8d57a81f61bcb90d78fa5786ff974ffb5ba7682885f099a9efd3baf26bfe,0.5555555555555556,0.5555555555555556,0.5555555555555556,0.5555555555555556,False,False,False,False
d77a5432a9e14b4342294b96,gemini-3.8-flash-medium,restricted_search,cost_moderate,poolact,a434ba8c85a325ba321d38f9e94a34bd288649b5a4da8348bda9117c3e92b0f1,1.0,1.0,1.0,1.0,False,False,False,False
854a5302ae6f28a9af7210ab,gemini-3.8-flash-medium,restricted_search,cost_moderate,poolact,7117c4e437995a7d87b43a4b8659b0a2e68a8d21133dd22165f8ca82e6dc561c,0.0,0.0,0.0,0.0,False,False,False,False
6b0ca898fd863cd5931b65df,gemini-3.8-flash-medium,restricted_search,cost_moderate,poolact,68481d818cfaa602e6cefbe5c614d3fde7fe87d66ec67ce0980d1b31a5557afc,1.0,1.0,1.0,1.0,False,False,False,False
1f793cfdca834fce7816abac,gemini-3.8-flash-medium,restricted_search,cost_moderate,poolact,53cd34412201314a943ad6fb9ffe81ab926589bf11076bec923037cc04b4914e,0.0,0.0,0.0,0.0,False,False,False,False
28ce0f90dc2f5342bbe94c66,gemini-3.8-flash-medium,restricted_search,cost_moderate,poolact,0c783793bb78894087e50470027827c0915e1533c03744d4741c4310d97ed380,1.0,1.0,1.0,1.0,False,False,False,False
154b91109d4821676facb62d,gemini-3.8-flash-medium,restricted_search,cost_moderate,poolact,3b8583fa980489d1982e25b70833c8d2c10f913cce13b2de89274fda73e6a7bd,0.0,0.0,0.0,0.0,False,False,False,False
4e85a9df5d08eb45f526fb61,gemini-3.8-flash-medium,restricted_search,cost_moderate,poolact,d687b07a2c2465d636ec2a74a548d6aa7115d5cd91b1bc01bc37809a25c2e14f,0.0,0.0,0.0,0.0,False,False,False,False
3f5fcd358e194655aaec7924,gemini-3.8-flash-medium,restricted_search,cost_moderate,poolact,6f9b091a3becbb07c4c5770f767aac1baeb69d497eaae807eae22729b467a5f8,0.0,0.0,0.0,0.0,False,False,False,False
acfe1ab77baf31336d7a71dd,gemini-3.8-flash-medium,restricted_search,cost_moderate,poolact,26091937ff98bd0d1a1bc4530c082e8b49350eacad6741ed4a399308589343df,1.0,1.0,1.0,1.0,False,False,False,False
eb65d58933e6ffe21209bdd8,gemini-3.8-flash-medium,restricted_search,cost_moderate,poolact,b94c84bf8947c8cee551d84b598dcfd3f698e93e0eefca1b7eebe5ee0fad7013,1.0,1.0,1.0,1.0,False,False,False,False
f14f4d47410d18a6a2781697,gemini-3.8-flash-medium,restricted_search,cost_moderate,poolact,b92a41049f28b8426f10f53c355b2f02b8aca3ad034785ce837feac52cb0b36e,1.0,1.0,1.0,1.0,False,False,False,False
713132f7c1ea39224caf771a,gemini-3.8-flash-medium,restricted_search,cost_moderate,poolact,c86c35e4cc99f777ed9d1b2020b2f016ad5685fd65e93b23aab3f831813e0a21,1.0,1.0,1.0,1.0,False,False,False,False
bc2987a1522f0c2543c6e612,gemini-3.8-flash-medium,restricted_search,cost_moderate,poolact,a22d95e16e77528eb69d28c714761be9a8a7830c2b2816cf3087cfaf34b1b089,1.0,1.0,1.0,1.0,False,False,False,False
8047e9141a69a8604f7f32bb,gemini-3.8-flash-medium,restricted_search,cost_moderate,poolact,aec09f342d0b9cc1f8803435266e0efcaa0d37da4f1ef0bb9fb8441a406ac285,1.0,1.0,1.0,1.0,False,False,False,False
64ac0494f3798e7dc8a6d471,gemini-3.8-flash-medium,restricted_search,cost_moderate,poolact,a380a89bc32efa3a2546f0c1a10d4b6e7746ffeb0a2bbc0ba555b5a324b3f557,1.0,1.0,1.0,1.0,False,False,False,False
5aea5310ec4f7a1710246e07,gemini-3.8-flash-medium,restricted_search,cost_moderate,poolact,3f72522ac9376a58b717a24033ad9da56abb67ff252c920ea1e836773ac1c57b,1.0,1.0,1.0,1.0,False,False,False,False
06f67307224eee8bc66c63a6,gemini-3.8-flash-medium,restricted_search,cost_moderate,poolact,5f33691d001c0fb65c12cb4187d0d2a37b65a4fa578fcbb31f52bbbdd5686ede,1.0,1.0,1.0,1.0,False,False,False,False
fe67bd84824b908f5fcf528f,gemini-3.8-flash-medium,restricted_search,cost_moderate,poolact,9ddb15d7abd2ad4ce1e83010f17b6faf229f3a21823f1d8491c2311d882f6f1d,1.0,1.0,1.0,1.0,False,False,False,False
d2c587aad9d973e4d76c9b71,gemini-3.8-flash-medium,restricted_search,cost_moderate,poolact,e6c57d4ff601bae2e6c805c2dc9ce9880c76655a8f160b1e9942792a79281626,0.23529411764705882,0.23529411764705882,0.23529411764705882,0.23529411764705882,False,False,False,False
ab9c6985cc21d49cba04864d,gemini-3.8-flash-medium,restricted_search,cost_moderate,poolact,af3993239ed49cd1f1ef73fd2c5c99f8d796c3c2ff539fdd792aa0c7be3710e8,1.0,1.0,1.0,1.0,False,False,False,False
f2020de7ad212a93c20c935b,gemini-3.8-flash-medium,restricted_search,cost_moderate,poolact,889d861d052feed8f58f4dbc1d71778df231cb6a655bdce9e6ebb2abc69f537d,0.0,0.0,0.0,0.0,False,False,False,False
1eb30d9fc5969fa91b052435,gemini-3.8-flash-medium,restricted_search,cost_moderate,poolact,83ee478244a95fe5b9c9cd24e91255464f6e35e3f8f6e72b3a8dcee34985ab85,1.0,1.0,1.0,1.0,False,False,False,False
f30673874cf77e4bc33e9b54,gemini-3.8-flash-medium,restricted_search,cost_moderate,poolact,1533df36f3f8aed03e60720bce9b8af28a15b72e8e33aa6c8a217d02a25c2913,1.0,1.0,1.0,1.0,False,False,False,False
46745886d5060d4024d53f70,gemini-3.8-flash-medium,restricted_search,cost_moderate,poolact,5edb4523e00242886508f08d78b3cf084547943a38e53ce5a5beaf465cda43b9,0.0,0.0,0.0,0.0,False,False,False,False
b528a8e967703b6e1e4bb524,gemini-3.8-flash-medium,restricted_search,cost_moderate,poolact,f8306fdd21de8e2a51f189106c79db4aff9a347181b7da2510b74ab247d01a71,0.888888888888889,0.888888888888889,0.888888888888889,0.888888888888889,False,False,False,False
929f61b4945421f9e22faf7e,gemini-3.8-flash-medium,restricted_search,cost_moderate,poolact,b612d7b4667b2a97b541756e69c8cbd199c5b3d4edc1ccf112bf759c34d76ca6,0.0,0.0,0.0,0.0,False,False,False,False
b994514859c1d3c51467280a,gemini-3.8-flash-medium,restricted_search,cost_moderate,poolact,a9b6ab8f588f10c3da7903fb41a867871c47eaa7c4dd767a085a5a44d42c4273,0.0,0.0,0.0,0.0,False,False,False,False
98f0103289cb5a08628243ab,gemini-3.8-flash-medium,restricted_search,cost_moderate,poolact,f6131a0c52809ef9635ae4423b7caab8f2f091fa3c050a0f02747b53fe139cb4,1.0,1.0,1.0,1.0,False,False,False,False
1edd2b6fa9e400a032b2ade0,gemini-3.8-flash-medium,restricted_search,cost_moderate,poolact,685a978b52908f7c3f9725e73fd53488a8dbfef31a1170f807e41c0ea3546ec8,1.0,1.0,1.0,1.0,False,False,False,False
112f18932ebaa05c1cb9ead1,gemini-3.8-flash-medium,restricted_search,cost_moderate,poolact,6c57dfceb57e0d3f7bf7f28e3539f250e1a0c323afa092e32bf96d7b02597503,1.0,1.0,1.0,1.0,False,False,False,False
5050ea7c6fad90afce31984b,gemini-3.8-flash-medium,restricted_search,cost_moderate,poolact,b485b0312b1892b60521ebffb29906dec8dd82af9560f64ed13ff60279283148,1.0,1.0,1.0,1.0,False,False,False,False
71b597fd817fe6139ef93001,gemini-3.8-flash-medium,restricted_search,cost_moderate,poolact,1cbca7fb60e2f88fdd5ae3f0750e39e3368a5a15202d3fecf6d592ed27597dd2,0.8571428571428571,0.8571428571428571,0.8571428571428571,0.8571428571428571,False,False,False,False
9ad34d7a259b2bac5c221f5c,gemini-3.8-flash-medium,restricted_search,cost_moderate,poolact,81cd382f1ce29286ecca0383e8b84524a4735b3dbedea0187823ae73a3e2001e,1.0,1.0,1.0,1.0,False,False,False,False
462c705148307bf1dc6cf0d8,gemini-3.8-flash-medium,restricted_search,cost_moderate,poolact,e13e028c55f4c0a34b98f58cbe509322f984751ae3ad6321fd0f8134a57c5b17,0.0,0.0,0.0,0.0,False,False,False,False
d9716cb8479b38362926dc70,gemini-3.8-flash-medium,restricted_search,cost_moderate,poolact,b343ac42d5742994668aa1b6299dd6ffdf0e8aaa68f6249e74440faa05b0c47f,1.0,1.0,1.0,1.0,False,False,False,False
697002ffde30ae947cf9d699,gemini-3.8-flash-medium,restricted_search,cost_tight,cached,535d7fcb696e83f8e31a7a996a433d3aeb2bc88f65dfb1b230cb4140970b69e1,1.0,1.0,1.0,1.0,False,False,False,False
6dfb07514b935bcaf74b378f,gemini-3.8-flash-medium,restricted_search,cost_tight,cached,13bb5a7c2b707fb30f83a56065df4758f697bbe798a04ee01fc1780dc28df8df,0.0,0.0,0.0,0.0,False,False,False,False
ba318dcc1d3f655e68783471,gemini-3.8-flash-medium,restricted_search,cost_tight,cached,b735c6ab9971ac0fe1b308feaf0138341429a1fdec84b3365404ee6fe13ef528,0.0,0.0,0.0,0.0,False,False,False,False
c1b0d848bef60d2864ce22f1,gemini-3.8-flash-medium,restricted_search,cost_tight,cached,4d1594581d8fd80d060ef47a7cda2092b1a4b53aa6153c363a1870117ed1a039,0.0,0.0,0.0,0.0,False,False,False,False
fbd0cc34865ffe8bf3411a2d,gemini-3.8-flash-medium,restricted_search,cost_tight,cached,0f10cc0b258071147262ecebc3c25c4c57cb4157ab500609f7323df435327ad5,0.0,0.0,0.0,0.0,False,False,False,False
b9903f544af1f9f44ea4a1b5,gemini-3.8-flash-medium,restricted_search,cost_tight,cached,d3f33d950c1fa5ca71e4f8309ce15fd2949c7bf0a6e489998d461758674f547c,0.0,0.0,0.0,0.0,False,False,False,False
3de9c99c71596b9a8c163b75,gemini-3.8-flash-medium,restricted_search,cost_tight,cached,0df9789012e24d47e8c29686e48bf2b8c34c6ddf04e72be4058084d7b155e2dd,0.5,0.5,0.5,0.5,False,False,False,False
932c1c2f53b1cbe7e5c17829,gemini-3.8-flash-medium,restricted_search,cost_tight,cached,cb8bcd3a8dd8ee9539aad47b90093e384937fd287e2b5a22dbe005b1a1f87abd,0.0,0.0,0.0,0.0,False,False,False,False
1ad7faf3498df849135ffae3,gemini-3.8-flash-medium,restricted_search,cost_tight,cached,e88d11f58e3d649f83a6d22674868944e2ef7b3c2485dfd5712a4e4783ba8cd5,0.5,0.5,0.5,0.5,False,False,False,False
0fb99df0fa40677f2ef43050,gemini-3.8-flash-medium,restricted_search,cost_tight,cached,f71920ac46b5b5edba029263fad4c9474f117e0c8c9f432abfed19c0924623ff,0.0,0.0,0.0,0.0,False,False,False,False
a24e221b6a00458a1c3ba033,gemini-3.8-flash-medium,restricted_search,cost_tight,cached,18ae06227fcd5628ea03560f8ed693a86e85467357a4b36beeab25923d3683fa,0.0,0.0,0.0,0.0,False,False,False,False
d2ae94ec93d2815e5e9f9437,gemini-3.8-flash-medium,restricted_search,cost_tight,cached,975dbb27e29be5f0bfe194dcf1f1c3fce8b36e4b9e163631cb93847048a6b6aa,0.0,0.0,0.0,0.0,False,False,False,False
14c5de6edef0512c290b6c4b,gemini-3.8-flash-medium,restricted_search,cost_tight,cached,77a131e76b4023c40cf9c5d2aa1ad09c604cc095d68fffad6285b49179c75d69,0.0,0.0,0.0,0.0,False,False,False,False
24c77b655a3fa30bab4e74f7,gemini-3.8-flash-medium,restricted_search,cost_tight,cached,30d988e0e0c8b6b56e8e43130091084ddc3543eec5f1baff9275f46e3db0c609,0.5,0.5,0.5,0.5,False,False,False,False
a743c3e83717cbcb087d1c97,gemini-3.8-flash-medium,restricted_search,cost_tight,cached,d5494a08b737c6bf38bd9465f077b8fba82dc475250daafa0038be152344336b,0.6666666666666666,0.6666666666666666,0.6666666666666666,0.6666666666666666,False,False,False,False
2f50d2f56068898a59bbfdb4,gemini-3.8-flash-medium,restricted_search,cost_tight,cached,55fa20378d761fa0f80158cabb1568bff310ce249fe17b8af586eef8604eab13,0.0,0.0,0.0,0.0,False,False,False,False
ac34e3c1ba661db865127677,gemini-3.8-flash-medium,restricted_search,cost_tight,cached,f2b2539a939345bbe8b0e51a38ed51111aa92186f58087fcbc44b70fa4de962a,0.0,0.0,0.0,0.0,False,False,False,False
8291f7fb62398eedee4c5267,gemini-3.8-flash-medium,restricted_search,cost_tight,cached,9c5e1883684a08ee1e090a545fd7aa5e3308206d4f15048ac5cc01ed10be8cc4,0.0,0.0,0.0,0.0,False,False,False,False
f696dfb63ca1121423337f94,gemini-3.8-flash-medium,restricted_search,cost_tight,cached,40cc066710966ad1661db9b298d2feda5daa408ec968283e8a2d734508699a25,0.6666666666666666,0.6666666666666666,0.6666666666666666,0.6666666666666666,False,False,False,False
fc2fd2075d742874b684577e,gemini-3.8-flash-medium,restricted_search,cost_tight,cached,722c06c0cdc56e32ff819937d2622410444fe740e663992ef9ad94ffde5013c1,0.0,0.0,0.0,0.0,False,False,False,False
8d7296b6619fbc2069132dd6,gemini-3.8-flash-medium,restricted_search,cost_tight,cached,909f4a0263b183191db958c8bf441a788fbe64459f1da706c6a99ae47d0aee6f,0.4,0.4,0.4,0.4,False,False,False,False
d6ab76af1b10ce2e69c32dbc,gemini-3.8-flash-medium,restricted_search,cost_tight,cached,7f640dc5a907a779e88c6f8f5a8d670f4d57862d31649682055f9804a02774e9,0.6666666666666666,0.6666666666666666,0.6666666666666666,0.6666666666666666,False,False,False,False
99ba63fff1d36836fe445bbf,gemini-3.8-flash-medium,restricted_search,cost_tight,cached,99ed98335c26a995a5dc018e9db2c469ef36019b77cc345ab6bf9c43c52c0d18,0.23529411764705882,0.23529411764705882,0.23529411764705882,0.23529411764705882,False,False,False,False
f3288e49a9b4d355dac1acad,gemini-3.8-flash-medium,restricted_search,cost_tight,cached,75df69d29f9fa7958d53ddc9e77ccebe091bb35582b82c829f1261df5ceb1fc3,1.0,1.0,1.0,1.0,False,False,False,False
a29f5dd09bd0f2cf833cd6ec,gemini-3.8-flash-medium,restricted_search,cost_tight,cached,cc2d4cc79de6afdec399d246197500b29cc01e6db49ff8e3eb41500280bc7909,0.0,0.0,0.0,0.0,False,False,False,False
6c6d2d845d036b684c4371d3,gemini-3.8-flash-medium,restricted_search,cost_tight,cached,9af00fc9dd537ae175ae0ba04d43e96a8c135576f64d174f765fdc26a94f305b,0.0,0.0,0.0,0.0,False,False,False,False
09515188c61d296f8033cd01,gemini-3.8-flash-medium,restricted_search,cost_tight,cached,6904fd07336798fb3e0d6cd1a01ad6aac5e7bf92cf814542a66358269e7f1e6e,0.0,0.0,0.0,0.0,False,False,False,False
099bd1c5b7d656e91806eb41,gemini-3.8-flash-medium,restricted_search,cost_tight,cached,942ea8df4a99f6445926106a69c6d1c453f5fc5c1e6bb511bf30a0d3791bc914,0.0,0.0,0.0,0.0,False,False,False,False
cb61700f3a23293cc5461978,gemini-3.8-flash-medium,restricted_search,cost_tight,cached,27b61fd2e3f6418436f014c63886c0b86836fd5530647aced90eba26714e2363,0.18181818181818182,0.18181818181818182,0.18181818181818182,0.18181818181818182,False,False,False,False
4379515f6b697a5e6e71f4f6,gemini-3.8-flash-medium,restricted_search,cost_tight,cached,5476c4c74319b20dc1a110e0747086604428e3baa3b427632e9b50d91dbf8bc1,0.0,0.0,0.0,0.0,False,False,False,False
b7d4d47995ed34e937803b1e,gemini-3.8-flash-medium,restricted_search,cost_tight,cached,857516ce2f6e2019425f338e4a585b8656992e3fc6c45b50af1c3cd25244e985,0.0,0.0,0.0,0.0,False,False,False,False
fee492483ec3a3322079f806,gemini-3.8-flash-medium,restricted_search,cost_tight,cached,236cdcb7d0356002519be26a8ab5b8fb64f5ec5c9cb280d7c2c935a26c3d9dc9,0.0,0.0,0.0,0.0,False,False,False,False
af9fca2ca99e61186ddfd55f,gemini-3.8-flash-medium,restricted_search,cost_tight,cached,f31acace6644be6d489dbedb4bf0bb7ae0eda833349dffb6a49de966eb1e8a7a,0.5,0.5,0.5,0.5,False,False,False,False
656c7fad253e1b14a4333eae,gemini-3.8-flash-medium,restricted_search,cost_tight,cached,e3a3a97705d6b84a3f2edb2bf582a1272eb62dce589d6a78db959b7db6d9c331,1.0,1.0,1.0,1.0,False,False,False,False
e00acfca96cacfeb1d405044,gemini-3.8-flash-medium,restricted_search,cost_tight,cached,fd24dbf952c8befe11e31388611ee9d1e2d1b5dc6f4a1b6e4ce9a9852cb76287,0.0,0.0,0.0,0.0,False,False,False,False
cc60ebfe30554eccc2c44d1b,gemini-3.8-flash-medium,restricted_search,cost_tight,cached,f2a7ed50c5b3e0f89122a4c59a0fa8bd77f28e9e446177a8eb6b738f724b1ee3,0.0,0.0,0.0,0.0,False,False,False,False
e9adfbda61881c6755ea11d7,gemini-3.8-flash-medium,restricted_search,cost_tight,cached,ba6e6f41f9343644e5874d00008ad76fdd2facdc96495300a242027a3c62ec7b,0.0,0.0,0.0,0.0,False,False,False,False
b86df623892fc783330b22e6,gemini-3.8-flash-medium,restricted_search,cost_tight,cached,8c0d7d3c17970efcdbe6a769334b90cc5f2dfbecf0683a5357b2e5abb3819eb7,0.33333333333333337,0.33333333333333337,0.33333333333333337,0.33333333333333337,False,False,False,False
d486587a93e3696b00ef42f2,gemini-3.8-flash-medium,restricted_search,cost_tight,cached,920cae0544d2d718624e082c2256808573a180b23ade6dbd09ded916553a546b,0.0,0.0,0.0,0.0,False,False,False,False
b75f2431b02dbd00c3597d7f,gemini-3.8-flash-medium,restricted_search,cost_tight,naive,20954b0f9b20490ff0c66bac9347f9d92d556d4a14ccb9b57e9a54188008a5ac,1.0,1.0,1.0,1.0,False,False,False,False
3dfede1d53d8063828391ebd,gemini-3.8-flash-medium,restricted_search,cost_tight,naive,53b0f35da6386976c957509f079103a3174e1c354df5357389ade9835e98077c,0.0,0.0,0.0,0.0,False,False,False,False
fef09c03ca20b4d6e38cce69,gemini-3.8-flash-medium,restricted_search,cost_tight,naive,4cba85de3e31f38bc2dff74bfe6fa139d4d79e37d61c211977bf17aa4ec0f149,0.0,0.0,0.0,0.0,False,False,False,False
b2083e4c7821ba133763c8d2,gemini-3.8-flash-medium,restricted_search,cost_tight,naive,77852eb4152fd22666b7d287237e31b3969998b38039505ede7f1ed9891abdca,0.0,0.0,0.0,0.0,False,False,False,False
de9784bbcb18696626d7b6ca,gemini-3.8-flash-medium,restricted_search,cost_tight,naive,9304d817e30e1fd7908e1813e17d3be6fe77e932cba331d35f925a23521b2c29,0.0,0.0,0.0,0.0,False,False,False,False
7c0c71309507ec1e68d8e658,gemini-3.8-flash-medium,restricted_search,cost_tight,naive,dd5f0f2d69ba2fddb04568e6e087dc2ae72de06c6d720e21d202ae1d18cb44c3,0.0,0.0,0.0,0.0,False,False,False,False
8859000202257472fdf6c804,gemini-3.8-flash-medium,restricted_search,cost_tight,naive,676d08790e4082f3edb08948694c1acc4b005348ea31d7c8f861d8464cb9faaa,0.5,0.5,0.5,0.5,False,False,False,False
ddbe665605bfd7af06758712,gemini-3.8-flash-medium,restricted_search,cost_tight,naive,99c193a792976126e368bce156868a0a10c493dfb0c5730911c87ec5c3605a04,0.0,0.0,0.0,0.0,False,False,False,False
9158993398b75fb493bd211b,gemini-3.8-flash-medium,restricted_search,cost_tight,naive,e5ee19e9700662d8462a61eadb6dceb2f97988081e39bb07e618fc5369886ceb,0.5,0.5,0.5,0.5,False,False,False,False
ecea265056a9fff95ddf958f,gemini-3.8-flash-medium,restricted_search,cost_tight,naive,75e8a78c0a52f8539ef5464da93e5e43b2b347e763b0787a8def3811280a6020,0.0,0.0,0.0,0.0,False,False,False,False
dde8060958cc5c403e53876d,gemini-3.8-flash-medium,restricted_search,cost_tight,naive,3703e00f06b628f7cc8e2dd2a6ec77edf5d59b0cfaad0f36abf6a7de83179658,0.0,0.0,0.0,0.0,False,False,False,False
39c319d1118572c2cd1ee491,gemini-3.8-flash-medium,restricted_search,cost_tight,naive,bec58ac5ec80a13df52b01cc38748eb15e38cf85d43618ffd1a2806342f720db,0.0,0.0,0.0,0.0,False,False,False,False
d1ba6c33e5593140d8e9c841,gemini-3.8-flash-medium,restricted_search,cost_tight,naive,b3087a25d4ba91228cb68440fbf9f33097d730af416114745065650a2b63d0b6,0.0,0.0,0.0,0.0,False,False,False,False
a9a86d54570cfc52f7f3ee48,gemini-3.8-flash-medium,restricted_search,cost_tight,naive,44468cc3cd76f4030c2fce387da77e39de1eeba5fa7ce8e05c52be76ab6dca8f,0.5,0.5,0.5,0.5,False,False,False,False
1bbb4ca6257717ef4cda075a,gemini-3.8-flash-medium,restricted_search,cost_tight,naive,0173f0d4e410076e36f94aacbcd4a9100dc57f2925e176740c0d3824797f9857,0.6666666666666666,0.6666666666666666,0.6666666666666666,0.6666666666666666,False,False,False,False
7676d97de192676ad322de15,gemini-3.8-flash-medium,restricted_search,cost_tight,naive,93514a55cf2d371e205c1461aa8b9dc34d7e4f12665cf9c6f53eb53b64bf548a,0.0,0.0,0.0,0.0,False,False,False,False
92d2839eed0b3ee7d4b32777,gemini-3.8-flash-medium,restricted_search,cost_tight,naive,031ba7c922fa413a35d763542cb5c0e9cff935a03428838e8ed4a5ae9dd7cd93,0.0,0.0,0.0,0.0,False,False,False,False
fdf6c4b35be3a9477f77526d,gemini-3.8-flash-medium,restricted_search,cost_tight,naive,d6f1afc55f750ea2fb5eb63aefd566c64e8586bdd7c683c47179716d54f09e9e,0.0,0.0,0.0,0.0,False,False,False,False
43dffafc68c7d159a5eaf10f,gemini-3.8-flash-medium,restricted_search,cost_tight,naive,2cc61988d2cfa31fe8e146da202af069d98895c54c2790783c0bb0a92b4a3ab4,0.6666666666666666,0.6666666666666666,0.6666666666666666,0.6666666666666666,False,False,False,False
f314bbf26977a2c8e9c46ff8,gemini-3.8-flash-medium,restricted_search,cost_tight,naive,5783b6cf3799a90d481cad595facbf4a9cabe504872cab7d7e2ce801ef0325d0,0.0,0.0,0.0,0.0,False,False,False,False
3c995764edd4eefc1eed8933,gemini-3.8-flash-medium,restricted_search,cost_tight,naive,b1494b6cf0a798bbd3fee746443c2ccce73636cc42cbe965339ab18ed596fc96,0.4,0.4,0.4,0.4,False,False,False,False
e1103821173efd706b9395ee,gemini-3.8-flash-medium,restricted_search,cost_tight,naive,6ee011ed4455bbfd66b876ae8e180ea2d3ef43d70fa685d4d77f9ed3ef536e5d,0.6666666666666666,0.6666666666666666,0.6666666666666666,0.6666666666666666,False,False,False,False
184e8c008e3005cd26d3810a,gemini-3.8-flash-medium,restricted_search,cost_tight,naive,df478e3aa723514286394bd6b2fd3a91204a9f29c3f69ea7d89c685683d1c89c,0.23529411764705882,0.23529411764705882,0.23529411764705882,0.23529411764705882,False,False,False,False
ae9de7bb0d615d0176c8a6c7,gemini-3.8-flash-medium,restricted_search,cost_tight,naive,e3bf8c65211ba537ef97fd4b5f2d6d6f145e5231e144d2f76afaedb3f0f4dbf1,1.0,1.0,1.0,1.0,False,False,False,False
8b3a76c143256152916b12bd,gemini-3.8-flash-medium,restricted_search,cost_tight,naive,a1f0fbbb0b04b2f4a8a5ff565e95e83bbaefc1dadafce4f212f63b1c3b971735,0.0,0.0,0.0,0.0,False,False,False,False
72b6641c126d32d809adad5f,gemini-3.8-flash-medium,restricted_search,cost_tight,naive,0cdcafcd59fd43ab2cb11f11c339c136f36a29776849e1025a67e8ac46697bfe,0.0,0.0,0.0,0.0,False,False,False,False
b8251c0ed1f34e164f61bf99,gemini-3.8-flash-medium,restricted_search,cost_tight,naive,6f83355d4cb4c2630baed64ba24acd4e1000618ecd7434d08db4d37082ec3b9c,0.0,0.0,0.0,0.0,False,False,False,False
af2023e1b8085c3dfab856ea,gemini-3.8-flash-medium,restricted_search,cost_tight,naive,83beb906509cb7e64d07e47b13bf8935310b83ba75fc7ef2f7ebd9192bfbe660,0.0,0.0,0.0,0.0,False,False,False,False
2c34abfdae478b7bcb653238,gemini-3.8-flash-medium,restricted_search,cost_tight,naive,15ad98e53e0cd0ecc6c06a3dddbca5f4e3e866701ccb135ea9937179a50b029a,0.0,0.0,0.0,0.0,False,False,False,False
c4b8217e4ddd9cd9788ef65c,gemini-3.8-flash-medium,restricted_search,cost_tight,naive,f747c95cbd93d2ca5eb79d5e6c8e120ac7dc5d8112df37ebdaa64d7bf02ccc04,0.0,0.0,0.0,0.0,False,False,False,False
dc3f04ae1ca2bbb6900b1e97,gemini-3.8-flash-medium,restricted_search,cost_tight,naive,54b24b60c0644cad55cba1e2bbaaf24d7466e5e4fd79cb02dbf523d7c136032f,0.0,0.0,0.0,0.0,False,False,False,False
c913c868969a62de7006da35,gemini-3.8-flash-medium,restricted_search,cost_tight,naive,e6bc1ea95a9145d96fe060c44a2b5cf4e1db31bc6dbe15f5f3a3d1880259648b,0.0,0.0,0.0,0.0,False,False,False,False
1e67430e1620a245a3589dbb,gemini-3.8-flash-medium,restricted_search,cost_tight,naive,b2ac374d6d5217ba4d72b9152886f286b5fc15050f0e394719a60d23c293b7fc,0.5,0.5,0.5,0.5,False,False,False,False
8f47b9d1de643898d54adc42,gemini-3.8-flash-medium,restricted_search,cost_tight,naive,78796ddc974e3d8c01df8c9a0728a5e44eaa9400c17d4a56720e53b06acebe71,1.0,1.0,1.0,1.0,False,False,False,False
eb004d2e56154fd146581257,gemini-3.8-flash-medium,restricted_search,cost_tight,naive,b553c94b1df38bf8424cf22554dfba69c1c6e6ebd88455bc0e85e40dd3554b5b,0.0,0.0,0.0,0.0,False,False,False,False
f131f308f2243c2d760193d0,gemini-3.8-flash-medium,restricted_search,cost_tight,naive,04452259869380e5b7c851803dd9711921e2f7e874b120d40bc4e6d9e96f0481,0.0,0.0,0.0,0.0,False,False,False,False
9529251f2bcbee45b80de8f8,gemini-3.8-flash-medium,restricted_search,cost_tight,naive,d4087a90d181beaf9383a19daaeffc4e09a0f9ca6d26608357a1950eb6a5165b,0.0,0.0,0.0,0.0,False,False,False,False
01e0c4e5a7f1ea9e08f42d18,gemini-3.8-flash-medium,restricted_search,cost_tight,naive,d36a63f4cac58306a66fe09917bc1b96b4d6b8ec7678b0769e20dbb44ce9f8da,0.33333333333333337,0.33333333333333337,0.33333333333333337,0.33333333333333337,False,False,False,False
7d2e5f1584b2ac86e291304c,gemini-3.8-flash-medium,restricted_search,cost_tight,naive,39449fe85187f60b5969427785c43dc0dbaa89ffb444efc4640d629e9e4892ac,0.0,0.0,0.0,0.0,False,False,False,False
c00e5d2ead2a28a98476cf87,gemini-3.8-flash-medium,restricted_search,cost_tight,poolact,05ca08a696457c57f4241f6e6de16dae1fceb74e1dae3c5bd299cb06049f4125,1.0,1.0,1.0,1.0,False,False,False,False
c4ee86621352d286762e0232,gemini-3.8-flash-medium,restricted_search,cost_tight,poolact,1f4bf85e734d266947dc093051005aada046421f797f17d152fd2310bf9600b5,0.8,0.8,0.8,0.8,False,False,False,False
a168636da14859a3f9244fcd,gemini-3.8-flash-medium,restricted_search,cost_tight,poolact,7044bbb6b19a35a8eda7955f7b6ae567b4ec37651ab5b0a1b2fb2761723178bf,0.0,0.0,0.0,0.0,False,False,False,False
b2b90f92ebe4de2b3cb100e6,gemini-3.8-flash-medium,restricted_search,cost_tight,poolact,8a8128e9988ba1144a10cff050a260cafe49a4309b3c25bbb4ab2a76b1fef086,0.0,0.0,0.0,0.0,False,False,False,False
62029b10e77379ca8f40c8ac,gemini-3.8-flash-medium,restricted_search,cost_tight,poolact,73b532495f260905698decf82da1977b10cd3c7a508c7c9e275474c0e8db5092,0.0,0.0,0.0,0.0,False,False,False,False
4e5f042596fd95c8a14413ab,gemini-3.8-flash-medium,restricted_search,cost_tight,poolact,07f49e7dd7e1e81a62b045dc15c55355e9546e31fd669381f9d3445798142256,0.0,0.0,0.0,0.0,False,False,False,False
d32922ec8c1966c3f31e7b6c,gemini-3.8-flash-medium,restricted_search,cost_tight,poolact,00ae8444b4e972fbe4be834a73d9faad7e6d3ddc00f6dd346302cd2ffee02d0a,1.0,1.0,1.0,1.0,False,False,False,False
ef5ff3a2398761cf2def852a,gemini-3.8-flash-medium,restricted_search,cost_tight,poolact,8a63e2d3cc9ab47364420c57d507b16bf7d8c7775144a636971efac05f24e9d4,0.0,0.0,0.0,0.0,False,False,False,False
4c2c5ed2024dfefb7c200d8f,gemini-3.8-flash-medium,restricted_search,cost_tight,poolact,03984e211572f2e74676c8910f9dd8acd89ccb3354261a645524e03ffdbf2cae,0.5,0.5,0.5,0.5,False,False,False,False
25d4b026f033b89be7aea7d3,gemini-3.8-flash-medium,restricted_search,cost_tight,poolact,2959d4e5318cc4c1eb24337d7cb57735288ae4c5ccff2422e9429b06fee4eab9,0.0,0.0,0.0,0.0,False,False,False,False
356f394e93396b1a1a03ef6f,gemini-3.8-flash-medium,restricted_search,cost_tight,poolact,9e293754e858175c51ae1017e0f295d3586cba2d3dbbd8991e0cdc8ae825b6af,0.0,0.0,0.0,0.0,False,False,False,False
d8995b3f39cd12d47a5e179d,gemini-3.8-flash-medium,restricted_search,cost_tight,poolact,40f31bc29a07f4b91f9487fe132faf45cbd25c375be024a263199b011795e8df,0.0,0.0,0.0,0.0,False,False,False,False
98691c20befd6a58d28378ca,gemini-3.8-flash-medium,restricted_search,cost_tight,poolact,f43fc332a3c0c3c6c6de5bb9a7cc6590fa11481678faeeda2b418cf8f348dd49,0.0,0.0,0.0,0.0,False,False,False,False
c60140071689b596033ba35c,gemini-3.8-flash-medium,restricted_search,cost_tight,poolact,4a6e40cd9f64cc1c1ae7ae78009f3ff739cef862dfe12b808c9a681205eb54bb,0.6666666666666666,0.6666666666666666,0.6666666666666666,0.6666666666666666,False,False,False,False
98a6ed307cbd6b94ec6bb8a6,gemini-3.8-flash-medium,restricted_search,cost_tight,poolact,f843d7497c49642d07eb8bba43c1f1f5c650aacd4bdb78748bd9e3395f0bff61,0.6666666666666666,0.6666666666666666,0.6666666666666666,0.6666666666666666,False,False,False,False
e4b9540e109bf79cc6166728,gemini-3.8-flash-medium,restricted_search,cost_tight,poolact,c71844ddbb71d4f2536ac7c05c716dc4e1f0d5df2e020639aad7bfc69d9df42f,0.0,0.0,0.0,0.0,False,False,False,False
e74abf72bb23de7358d87a17,gemini-3.8-flash-medium,restricted_search,cost_tight,poolact,f10ce0a0e73ba66799ca71b23dfaa2c005d04dc4482b0e1ccd2ed31e1315a067,0.0,0.0,0.0,0.0,False,False,False,False
abcbc26a8da7245cd6f4a300,gemini-3.8-flash-medium,restricted_search,cost_tight,poolact,e83173559a096034bd9c4cdabee46e15d1669028b710bec908522ac4bf5cacfc,0.0,0.0,0.0,0.0,False,False,False,False
b24596a289e94abe89497ad0,gemini-3.8-flash-medium,restricted_search,cost_tight,poolact,708dd8de2fc268f2a7f67cd0da02ddf672ea4e96953a3ac314c8e7288b6db8de,0.6666666666666666,0.6666666666666666,0.6666666666666666,0.6666666666666666,False,False,False,False
24a605d3dd34202a6453d44b,gemini-3.8-flash-medium,restricted_search,cost_tight,poolact,5807211b78613aad61693bc708f6ea79c492d132a62451f6327b7a5d97cb169a,1.0,1.0,1.0,1.0,False,False,False,False
cb79e6ec41d5a993f011bc31,gemini-3.8-flash-medium,restricted_search,cost_tight,poolact,c78947e314aafe869e39549dfc7225ff124176435cc819831c91c9c57ea085a6,0.4,0.4,0.4,0.4,False,False,False,False
9baec0c002bff7ef45f8b57e,gemini-3.8-flash-medium,restricted_search,cost_tight,poolact,6d7e8c21dbb19407b8a96d26b6d92244adc4266f84f02bef37140d21e652679c,1.0,1.0,1.0,1.0,False,False,False,False
fcb7c2b79e39d2a9568b2da3,gemini-3.8-flash-medium,restricted_search,cost_tight,poolact,c21c9efcbb1b1566b807116ecb6a5d0137e106603557d21de7fcd8e9b4ea152e,0.23529411764705882,0.23529411764705882,0.23529411764705882,0.23529411764705882,False,False,False,False
f7bf2b017ba85b3ad912f0c6,gemini-3.8-flash-medium,restricted_search,cost_tight,poolact,bf2f01670703cbba20b7a036fe8e9bf24b7843ff5d5c5186c9cac122e14dac52,1.0,1.0,1.0,1.0,False,False,False,False
1905800797747d0c2c9446f6,gemini-3.8-flash-medium,restricted_search,cost_tight,poolact,74f1e99609918de43b9f2203cf44b22448031759883dccc4e885ff251fd21927,0.0,0.0,0.0,0.0,False,False,False,False
2b9f08637e9861c628c02b04,gemini-3.8-flash-medium,restricted_search,cost_tight,poolact,fc5552b71db510d317354c213d26dde51d64d721844f42ecf5fd77c67f2dbac6,1.0,1.0,1.0,1.0,False,False,False,False
907720faffb982e64bb32445,gemini-3.8-flash-medium,restricted_search,cost_tight,poolact,00219fd0d7caad70a779dc5664821524e06aaf422359748992b9e071337969c5,0.0,0.0,0.0,0.0,False,False,False,False
c48f96e2b11f824fc6300243,gemini-3.8-flash-medium,restricted_search,cost_tight,poolact,f1d3c2eac9513c00cc72b980499307fa0ec0de98b8342019515a889467e90ce2,0.0,0.0,0.0,0.0,False,False,False,False
9a190bbd9066179362cdb05f,gemini-3.8-flash-medium,restricted_search,cost_tight,poolact,7ab6d8811bfe955d8f76f9029691240902f04be77444bc04248f13eeeb0d7bed,0.0,0.0,0.0,0.0,False,False,False,False
e453af026191544c610a0370,gemini-3.8-flash-medium,restricted_search,cost_tight,poolact,f66ad07fb4fe2798c66b841ad4b8efdb93e36eda8249c0580f411b04ccabf016,0.0,0.0,0.0,0.0,False,False,False,False
bc18f5d733702d2be69c42cf,gemini-3.8-flash-medium,restricted_search,cost_tight,poolact,0e19f28a620b35ec18c2b8f969506cef092b3b6180f0cdb38a877b9506d81896,0.0,0.0,0.0,0.0,False,False,False,False
a932c64df69ab0df2d59e942,gemini-3.8-flash-medium,restricted_search,cost_tight,poolact,e52175198677f9eda695e8432e93c56a3dbb0405d1cd6cd5b92003530ae0c06c,1.0,1.0,1.0,1.0,False,False,False,False
d315386cb50b9e06499e4be2,gemini-3.8-flash-medium,restricted_search,cost_tight,poolact,38cdb257c5f8b90a1071d29989a905e92284e9135314461c18abd995d1c7af51,0.5,0.5,0.5,0.5,False,False,False,False
de6e372ca8f3c79b19a79d5c,gemini-3.8-flash-medium,restricted_search,cost_tight,poolact,bd3b691cf096764434bf54526e69cfc4b6df4c4161d60fd5f9ea7d716c3831b1,0.0,0.0,0.0,0.0,False,False,False,False
17f14da140c118c895500047,gemini-3.8-flash-medium,restricted_search,cost_tight,poolact,f82bdc851ac7972052cd98bf65b9db0cc2b80204d47332d88d8630cef296c1e2,0.0,0.0,0.0,0.0,False,False,False,False
409b5ae661fdf59739ea110d,gemini-3.8-flash-medium,restricted_search,cost_tight,poolact,7416a4aa3d06d6e04cecff0a5e4c43f7b582ee2f4a31101b337bf553ec4d5d75,0.4,0.4,0.4,0.4,False,False,False,False
47c1209f34c3854a4784795c,gemini-3.8-flash-medium,restricted_search,cost_tight,poolact,082856d8d869361c91791159b5c90751f6fac03353da0a2495b9db593e55a8b2,0.8571428571428571,0.8571428571428571,0.8571428571428571,0.8571428571428571,False,False,False,False
969873fd17e2f63006e620f0,gemini-3.8-flash-medium,restricted_search,cost_tight,poolact,30c718ca3747f6fcaa66f6d7c2cdae8db1563b62585021d3e204d8080578192d,0.33333333333333337,0.33333333333333337,0.33333333333333337,0.33333333333333337,False,False,False,False
4d6839c72ef1df3b79047f61,gemini-3.8-flash-medium,restricted_search,cost_tight,poolact,534cb0c1652260333b2c13787c9f32a9f5deecefcac6e5d61b327e73b5c829ba,0.0,0.0,0.0,0.0,False,False,False,False
2b538ad5d673855a39dd93b8,glm-5.3,evidence_audit,cost_moderate,cached,770c9ff8a8e93d5aeb4a9d242175316ac6816e5e1836a6820f422eef82c64c8a,"{""evidence_acc"":0.5294117647058824,""label_acc"":0.9411764705882353,""verification_eff"":0.0}","{""evidence_acc"":0.5294117647058824,""label_acc"":0.9411764705882353,""verification_eff"":0.0}","{""evidence_acc"":0.5294117647058824,""label_acc"":0.9411764705882353,""verification_eff"":0.0}","{""evidence_acc"":0.5294117647058824,""label_acc"":0.9411764705882353,""verification_eff"":0.0}",False,False,False,False
271bb4e146fd7da81547981d,glm-5.3,evidence_audit,cost_moderate,cached,1297f97b2f3dfa590023adf5c068eeeadececfaed31759eed199a6c6247f26a2,"{""evidence_acc"":0.8823529411764706,""label_acc"":0.9411764705882353,""verification_eff"":0.0}","{""evidence_acc"":0.8823529411764706,""label_acc"":0.9411764705882353,""verification_eff"":0.0}","{""evidence_acc"":0.8823529411764706,""label_acc"":0.9411764705882353,""verification_eff"":0.0}","{""evidence_acc"":0.8823529411764706,""label_acc"":0.9411764705882353,""verification_eff"":0.0}",False,False,False,False
4f4898909e829163316d1e29,glm-5.3,evidence_audit,cost_moderate,cached,3787316cae18f90577cabefc94d52b678db7d735f814ccd2a20652cf6d021c40,"{""evidence_acc"":0.5294117647058824,""label_acc"":0.9411764705882353,""verification_eff"":0.0}","{""evidence_acc"":0.5294117647058824,""label_acc"":0.9411764705882353,""verification_eff"":0.0}","{""evidence_acc"":0.5294117647058824,""label_acc"":0.9411764705882353,""verification_eff"":0.0}","{""evidence_acc"":0.5294117647058824,""label_acc"":0.9411764705882353,""verification_eff"":0.0}",False,False,False,False
26f331cac7a3e9f846de9d47,glm-5.3,evidence_audit,cost_moderate,cached,d9d09d167d610a688a61004798ddd148294e176fa414bc9dda65b2d74f11ff2a,"{""evidence_acc"":0.7058823529411765,""label_acc"":0.9411764705882353,""verification_eff"":0.0}","{""evidence_acc"":0.7058823529411765,""label_acc"":0.9411764705882353,""verification_eff"":0.0}","{""evidence_acc"":0.7058823529411765,""label_acc"":0.9411764705882353,""verification_eff"":0.0}","{""evidence_acc"":0.7058823529411765,""label_acc"":0.9411764705882353,""verification_eff"":0.0}",False,False,False,False
35c5c7c02071036b1b9dd746,glm-5.3,evidence_audit,cost_moderate,cached,a15a0461035d46f50cd52dc9cddc983902fd245f9fe0fbd916c710b783d2a8f4,"{""evidence_acc"":0.8235294117647058,""label_acc"":0.8823529411764706,""verification_eff"":0.0}","{""evidence_acc"":0.5882352941176471,""label_acc"":0.8823529411764706,""verification_eff"":0.0}","{""evidence_acc"":0.5882352941176471,""label_acc"":0.8823529411764706,""verification_eff"":0.0}","{""evidence_acc"":0.5882352941176471,""label_acc"":0.8823529411764706,""verification_eff"":0.0}",True,False,False,False
31fc6c2a908852bdc551dc89,glm-5.3,evidence_audit,cost_moderate,cached,f8024154ecc734d3fd852391cb421308d92f43d7b65768c2600bc0ce8fda6e75,"{""evidence_acc"":0.8823529411764706,""label_acc"":0.8235294117647058,""verification_eff"":0.0}","{""evidence_acc"":0.8823529411764706,""label_acc"":0.8235294117647058,""verification_eff"":0.0}","{""evidence_acc"":0.8823529411764706,""label_acc"":0.8235294117647058,""verification_eff"":0.0}","{""evidence_acc"":0.8823529411764706,""label_acc"":0.8235294117647058,""verification_eff"":0.0}",False,False,False,False
ce11b01822e27b5cb491cbb2,glm-5.3,evidence_audit,cost_moderate,cached,cdc8f0b450f9719e4bdd92acf7a832bd63887212c51a2f75b11c930b547171fb,"{""evidence_acc"":1.0,""label_acc"":0.9411764705882353,""verification_eff"":0.0}","{""evidence_acc"":1.0,""label_acc"":0.9411764705882353,""verification_eff"":0.0}","{""evidence_acc"":1.0,""label_acc"":0.9411764705882353,""verification_eff"":0.0}","{""evidence_acc"":1.0,""label_acc"":0.9411764705882353,""verification_eff"":0.0}",False,False,False,False
394153a7fec87614798648ca,glm-5.3,evidence_audit,cost_moderate,cached,11acc3dfd55c40bdc0d837dac2477d30ad07716d3ade82d3739a044fc0b27c24,"{""evidence_acc"":0.8235294117647058,""label_acc"":1.0,""verification_eff"":0.0}","{""evidence_acc"":0.8235294117647058,""label_acc"":1.0,""verification_eff"":0.0}","{""evidence_acc"":0.8235294117647058,""label_acc"":1.0,""verification_eff"":0.0}","{""evidence_acc"":1.0,""label_acc"":1.0,""verification_eff"":0.0}",False,False,True,True
d2a5d029ed08b4a7a53c47e2,glm-5.3,evidence_audit,cost_moderate,cached,e1dda0c6235203195effd3df68d562c244b34b6cd62a1126d18a295ba6865c5b,"{""evidence_acc"":1.0,""label_acc"":0.9411764705882353,""verification_eff"":0.0}","{""evidence_acc"":1.0,""label_acc"":0.9411764705882353,""verification_eff"":0.0}","{""evidence_acc"":1.0,""label_acc"":0.9411764705882353,""verification_eff"":0.0}","{""evidence_acc"":1.0,""label_acc"":0.9411764705882353,""verification_eff"":0.0}",False,False,False,False
8b720ac8f54c3982d033e4b8,glm-5.3,evidence_audit,cost_moderate,cached,dcc38a50cbf0ddfcc0c929290a6925b5090b3354f9c1a5e2b3b258b2de802262,"{""evidence_acc"":0.9411764705882353,""label_acc"":0.9411764705882353,""verification_eff"":0.0}","{""evidence_acc"":0.9411764705882353,""label_acc"":0.9411764705882353,""verification_eff"":0.0}","{""evidence_acc"":0.9411764705882353,""label_acc"":0.9411764705882353,""verification_eff"":0.0}","{""evidence_acc"":0.9411764705882353,""label_acc"":0.9411764705882353,""verification_eff"":0.0}",False,False,False,False
62552044b5c5f7a906965ee3,glm-5.3,evidence_audit,cost_moderate,cached,47cea51de45e996ec9030bb3efa51ed2b75a3d8be75874b73b9cd60fa2ab55a8,"{""evidence_acc"":1.0,""label_acc"":1.0,""verification_eff"":0.0}","{""evidence_acc"":1.0,""label_acc"":1.0,""verification_eff"":0.0}","{""evidence_acc"":1.0,""label_acc"":1.0,""verification_eff"":0.0}","{""evidence_acc"":1.0,""label_acc"":1.0,""verification_eff"":0.0}",False,False,False,False
4b6589c2aaf9a594b4b0f42a,glm-5.3,evidence_audit,cost_moderate,cached,e8e7f00fa9ec908fb82c29272208366cb57ab2a5700eaababaff7e438ce75414,"{""evidence_acc"":0.9411764705882353,""label_acc"":1.0,""verification_eff"":0.0}","{""evidence_acc"":0.9411764705882353,""label_acc"":1.0,""verification_eff"":0.0}","{""evidence_acc"":0.9411764705882353,""label_acc"":1.0,""verification_eff"":0.0}","{""evidence_acc"":0.8823529411764706,""label_acc"":1.0,""verification_eff"":0.0}",False,False,True,True
afdb47ef9d5e2d9332ad0a53,glm-5.3,evidence_audit,cost_moderate,cached,9698f7f70ea3bbb2ac710e2b28043c37c8a0f244cd0c8fc73b0dbc554c8964dd,"{""evidence_acc"":0.9411764705882353,""label_acc"":0.8823529411764706,""verification_eff"":0.0}","{""evidence_acc"":0.9411764705882353,""label_acc"":0.8823529411764706,""verification_eff"":0.0}","{""evidence_acc"":0.9411764705882353,""label_acc"":0.8823529411764706,""verification_eff"":0.0}","{""evidence_acc"":0.8823529411764706,""label_acc"":0.8823529411764706,""verification_eff"":0.0}",False,False,True,True
e4971f88f34c93b7a9f63cde,glm-5.3,evidence_audit,cost_moderate,naive,83050a0200f2fd2c09fc19b7c99860db9fd5975f598cecfd18d3d8314d881e9a,"{""evidence_acc"":0.4117647058823529,""label_acc"":0.9411764705882353,""verification_eff"":0.0}","{""evidence_acc"":0.4117647058823529,""label_acc"":0.9411764705882353,""verification_eff"":0.0}","{""evidence_acc"":0.4117647058823529,""label_acc"":0.9411764705882353,""verification_eff"":0.0}","{""evidence_acc"":0.4117647058823529,""label_acc"":0.9411764705882353,""verification_eff"":0.0}",False,False,False,False
0bb0bf1486c0171325362e92,glm-5.3,evidence_audit,cost_moderate,naive,447b7a9d0bc78599ddb762c15a457e0edb90c53bb369c27cae2df475bc970acc,"{""evidence_acc"":0.8823529411764706,""label_acc"":0.8823529411764706,""verification_eff"":0.0}","{""evidence_acc"":0.8823529411764706,""label_acc"":0.8823529411764706,""verification_eff"":0.0}","{""evidence_acc"":0.8823529411764706,""label_acc"":0.8823529411764706,""verification_eff"":0.0}","{""evidence_acc"":0.8823529411764706,""label_acc"":0.8823529411764706,""verification_eff"":0.0}",False,False,False,False
2cea1af8007307d53a1841c3,glm-5.3,evidence_audit,cost_moderate,naive,9d348d7d1dce51ad4d352e3c76a21d9b7ff4f283f897711f4fc1fe000090c69d,"{""evidence_acc"":0.47058823529411764,""label_acc"":0.9411764705882353,""verification_eff"":0.0}","{""evidence_acc"":0.47058823529411764,""label_acc"":0.9411764705882353,""verification_eff"":0.0}","{""evidence_acc"":0.47058823529411764,""label_acc"":0.9411764705882353,""verification_eff"":0.0}","{""evidence_acc"":0.5294117647058824,""label_acc"":0.9411764705882353,""verification_eff"":0.0}",False,False,True,True
61406fb20f95ff2954cff32b,glm-5.3,evidence_audit,cost_moderate,naive,eec9e0d689287ae177a5b4b92837e31e474c2ec05c1925827e53e1a3255efdd5,"{""evidence_acc"":0.6470588235294118,""label_acc"":0.8823529411764706,""verification_eff"":0.0}","{""evidence_acc"":0.6470588235294118,""label_acc"":0.8823529411764706,""verification_eff"":0.0}","{""evidence_acc"":0.6470588235294118,""label_acc"":0.8823529411764706,""verification_eff"":0.0}","{""evidence_acc"":0.6470588235294118,""label_acc"":0.8823529411764706,""verification_eff"":0.0}",False,False,False,False
a3b27bb1fc77753a44053388,glm-5.3,evidence_audit,cost_moderate,naive,e28a5f2eb89e6fc02c9c85f8a63817ba3cd237bb0181d3c4753323a076914352,"{""evidence_acc"":0.8823529411764706,""label_acc"":0.8823529411764706,""verification_eff"":0.0}","{""evidence_acc"":0.8823529411764706,""label_acc"":0.8823529411764706,""verification_eff"":0.0}","{""evidence_acc"":0.8823529411764706,""label_acc"":0.8823529411764706,""verification_eff"":0.0}","{""evidence_acc"":0.8823529411764706,""label_acc"":0.8823529411764706,""verification_eff"":0.0}",False,False,False,False
b7040a47373a218ee7c2a315,glm-5.3,evidence_audit,cost_moderate,naive,d9ff7ba5813dd59d6d11214a4770ceb5da4cd6e5a3df7beaef29f1ea26472937,"{""evidence_acc"":0.8823529411764706,""label_acc"":0.8823529411764706,""verification_eff"":0.0}","{""evidence_acc"":0.8823529411764706,""label_acc"":0.8823529411764706,""verification_eff"":0.0}","{""evidence_acc"":0.8823529411764706,""label_acc"":0.8823529411764706,""verification_eff"":0.0}","{""evidence_acc"":0.8823529411764706,""label_acc"":0.8823529411764706,""verification_eff"":0.0}",False,False,False,False
f6911b53da7b2762bd261748,glm-5.3,evidence_audit,cost_moderate,naive,2f888478ff4f325328081f0ef7a001b91762ab3affdf653dbc46d9043c377993,"{""evidence_acc"":0.9411764705882353,""label_acc"":0.8823529411764706,""verification_eff"":0.0}","{""evidence_acc"":0.9411764705882353,""label_acc"":0.8823529411764706,""verification_eff"":0.0}","{""evidence_acc"":0.9411764705882353,""label_acc"":0.8823529411764706,""verification_eff"":0.0}","{""evidence_acc"":0.9411764705882353,""label_acc"":0.8823529411764706,""verification_eff"":0.0}",False,False,False,False
91238f0a2dd9eb1aba8e0691,glm-5.3,evidence_audit,cost_moderate,naive,46ec69ed407e0a4941dbccc14e543dd3d839d7759a2e76e465dbf36d85cf80c1,"{""evidence_acc"":0.9411764705882353,""label_acc"":1.0,""verification_eff"":0.0}","{""evidence_acc"":0.9411764705882353,""label_acc"":1.0,""verification_eff"":0.0}","{""evidence_acc"":0.9411764705882353,""label_acc"":1.0,""verification_eff"":0.0}","{""evidence_acc"":0.9411764705882353,""label_acc"":1.0,""verification_eff"":0.0}",False,False,False,False
e650d812797e1e39dba3b889,glm-5.3,evidence_audit,cost_moderate,naive,60ba7df550ffcbd1ee2293271feb02770c9b454941538d34cade173f6e6f6789,"{""evidence_acc"":1.0,""label_acc"":0.9411764705882353,""verification_eff"":0.0}","{""evidence_acc"":1.0,""label_acc"":0.9411764705882353,""verification_eff"":0.0}","{""evidence_acc"":1.0,""label_acc"":0.9411764705882353,""verification_eff"":0.0}","{""evidence_acc"":1.0,""label_acc"":0.9411764705882353,""verification_eff"":0.0}",False,False,False,False
92882e04c0645a8c3fa34875,glm-5.3,evidence_audit,cost_moderate,naive,cd291cbd1102661192b46bc8e3e557e8f1430db40712a07cca4e330dc30f8589,"{""evidence_acc"":0.7647058823529411,""label_acc"":1.0,""verification_eff"":0.0}","{""evidence_acc"":0.7647058823529411,""label_acc"":1.0,""verification_eff"":0.0}","{""evidence_acc"":0.7647058823529411,""label_acc"":1.0,""verification_eff"":0.0}","{""evidence_acc"":0.7647058823529411,""label_acc"":1.0,""verification_eff"":0.0}",False,False,False,False
f709c9a63be87bfdea57b697,glm-5.3,evidence_audit,cost_moderate,naive,66dfab9e482f47b03d4bc8c5b30dac219e4d482a414f45798b3b2e84bc268e76,"{""evidence_acc"":0.9411764705882353,""label_acc"":1.0,""verification_eff"":0.0}","{""evidence_acc"":0.9411764705882353,""label_acc"":1.0,""verification_eff"":0.0}","{""evidence_acc"":0.9411764705882353,""label_acc"":1.0,""verification_eff"":0.0}","{""evidence_acc"":0.9411764705882353,""label_acc"":1.0,""verification_eff"":0.0}",False,False,False,False
31628d3dcb6682a510efb902,glm-5.3,evidence_audit,cost_moderate,naive,fadaa9461dc3e6f139b372bb25f1f811317901579637cb195607d66a29eef27a,"{""evidence_acc"":0.9411764705882353,""label_acc"":1.0,""verification_eff"":0.0}","{""evidence_acc"":0.9411764705882353,""label_acc"":1.0,""verification_eff"":0.0}","{""evidence_acc"":0.9411764705882353,""label_acc"":1.0,""verification_eff"":0.0}","{""evidence_acc"":0.9411764705882353,""label_acc"":1.0,""verification_eff"":0.0}",False,False,False,False
ec7193cdbac5a66cf15745b2,glm-5.3,evidence_audit,cost_moderate,naive,1db7a3abf208fb067d6fefd909fd4c5cf6a833dd41448066e24edf75e909abf6,"{""evidence_acc"":0.8235294117647058,""label_acc"":0.8235294117647058,""verification_eff"":0.0}","{""evidence_acc"":0.8235294117647058,""label_acc"":0.8235294117647058,""verification_eff"":0.0}","{""evidence_acc"":0.8235294117647058,""label_acc"":0.8235294117647058,""verification_eff"":0.0}","{""evidence_acc"":0.8235294117647058,""label_acc"":0.8235294117647058,""verification_eff"":0.0}",False,False,False,False
b53e6a6bcafc56e9608ef32e,glm-5.3,evidence_audit,cost_moderate,poolact,830aedb9cffb5785be8afb1a49fadb60b8304cde638f5af7275aaa109bd4c8f5,"{""evidence_acc"":0.9411764705882353,""label_acc"":1.0,""verification_eff"":0.0}","{""evidence_acc"":0.9411764705882353,""label_acc"":1.0,""verification_eff"":0.0}","{""evidence_acc"":0.9411764705882353,""label_acc"":1.0,""verification_eff"":0.0}","{""evidence_acc"":1.0,""label_acc"":1.0,""verification_eff"":0.0}",False,False,True,True
49944bbbf84dfb2915490e6a,glm-5.3,evidence_audit,cost_moderate,poolact,38e6f4647218caf0ae327958bf61db86953a5023c2eed76a2fadfaf2c6fca6b8,"{""evidence_acc"":1.0,""label_acc"":0.9411764705882353,""verification_eff"":0.0}","{""evidence_acc"":1.0,""label_acc"":0.9411764705882353,""verification_eff"":0.0}","{""evidence_acc"":1.0,""label_acc"":0.9411764705882353,""verification_eff"":0.0}","{""evidence_acc"":1.0,""label_acc"":0.9411764705882353,""verification_eff"":0.0}",False,False,False,False
b156f3c4074de7a42f6e2e14,glm-5.3,evidence_audit,cost_moderate,poolact,b735a8953224da52f1f675ba44327e7b98fb761e227d5acf7f028c8e8008068e,"{""evidence_acc"":0.8235294117647058,""label_acc"":1.0,""verification_eff"":0.0}","{""evidence_acc"":0.8235294117647058,""label_acc"":1.0,""verification_eff"":0.0}","{""evidence_acc"":0.8235294117647058,""label_acc"":1.0,""verification_eff"":0.0}","{""evidence_acc"":0.8235294117647058,""label_acc"":1.0,""verification_eff"":0.0}",False,False,False,False
aa93f03f02e2685beae8d187,glm-5.3,evidence_audit,cost_moderate,poolact,7b02e3c32b5be0d175976bb73ee7ff7f7f9997f0742be72990f76ef451c76784,"{""evidence_acc"":0.9411764705882353,""label_acc"":1.0,""verification_eff"":0.0}","{""evidence_acc"":0.9411764705882353,""label_acc"":1.0,""verification_eff"":0.0}","{""evidence_acc"":0.9411764705882353,""label_acc"":1.0,""verification_eff"":0.0}","{""evidence_acc"":0.9411764705882353,""label_acc"":1.0,""verification_eff"":0.0}",False,False,False,False
fad152e4af9dba07e6cd704d,glm-5.3,evidence_audit,cost_moderate,poolact,7b5445da7fa835246e42953cabb466026d8473e2d66072f8aec92676209ace49,"{""evidence_acc"":1.0,""label_acc"":1.0,""verification_eff"":0.0}","{""evidence_acc"":1.0,""label_acc"":1.0,""verification_eff"":0.0}","{""evidence_acc"":1.0,""label_acc"":1.0,""verification_eff"":0.0}","{""evidence_acc"":1.0,""label_acc"":1.0,""verification_eff"":0.0}",False,False,False,False
0d3453888c175559af6d98cf,glm-5.3,evidence_audit,cost_moderate,poolact,dbc63f5e150689c207ba981e8b2c37e6fac0a274dcd6e25faa6326d37207a0fe,"{""evidence_acc"":1.0,""label_acc"":1.0,""verification_eff"":0.0}","{""evidence_acc"":1.0,""label_acc"":1.0,""verification_eff"":0.0}","{""evidence_acc"":1.0,""label_acc"":1.0,""verification_eff"":0.0}","{""evidence_acc"":1.0,""label_acc"":1.0,""verification_eff"":0.0}",False,False,False,False
64f0c5bdf19e558b25c2c926,glm-5.3,evidence_audit,cost_moderate,poolact,856708370fbbdecf3684ab971346727f1fc5b85eae3dd435402f5975dacd2f72,"{""evidence_acc"":1.0,""label_acc"":0.9411764705882353,""verification_eff"":0.0}","{""evidence_acc"":1.0,""label_acc"":0.9411764705882353,""verification_eff"":0.0}","{""evidence_acc"":1.0,""label_acc"":0.9411764705882353,""verification_eff"":0.0}","{""evidence_acc"":1.0,""label_acc"":0.9411764705882353,""verification_eff"":0.0}",False,False,False,False
5649b8357ae645ef8ecc00f7,glm-5.3,evidence_audit,cost_moderate,poolact,211d15bc2f98461f218e88d3ce67759a85d0e8caecda30f173d2f20c1c86eec5,"{""evidence_acc"":1.0,""label_acc"":1.0,""verification_eff"":0.0}","{""evidence_acc"":1.0,""label_acc"":1.0,""verification_eff"":0.0}","{""evidence_acc"":1.0,""label_acc"":1.0,""verification_eff"":0.0}","{""evidence_acc"":1.0,""label_acc"":1.0,""verification_eff"":0.0}",False,False,False,False
1da8580854b3f826b41a662f,glm-5.3,evidence_audit,cost_moderate,poolact,57c0f75360b05dc8e1d2e824b77f62dffde8d780c0e76ec95ccfeada41dd792b,"{""evidence_acc"":1.0,""label_acc"":0.9411764705882353,""verification_eff"":0.0}","{""evidence_acc"":1.0,""label_acc"":0.9411764705882353,""verification_eff"":0.0}","{""evidence_acc"":1.0,""label_acc"":0.9411764705882353,""verification_eff"":0.0}","{""evidence_acc"":1.0,""label_acc"":0.9411764705882353,""verification_eff"":0.0}",False,False,False,False
3d8c70fbafd20c982f041f34,glm-5.3,evidence_audit,cost_moderate,poolact,5bb5f860b5d1e4b651b59a97e70b5b4759d4c6930e366ac21ec828b6a8304d4f,"{""evidence_acc"":1.0,""label_acc"":1.0,""verification_eff"":0.0}","{""evidence_acc"":1.0,""label_acc"":1.0,""verification_eff"":0.0}","{""evidence_acc"":1.0,""label_acc"":1.0,""verification_eff"":0.0}","{""evidence_acc"":1.0,""label_acc"":1.0,""verification_eff"":0.0}",False,False,False,False
735a8e25ce9eaf874b4a09ef,glm-5.3,evidence_audit,cost_moderate,poolact,963c61a08a49ed22a0babb5e38d4b12d8ffb183ff0de123bf62f8ffb0d650887,"{""evidence_acc"":1.0,""label_acc"":1.0,""verification_eff"":0.0}","{""evidence_acc"":1.0,""label_acc"":1.0,""verification_eff"":0.0}","{""evidence_acc"":1.0,""label_acc"":1.0,""verification_eff"":0.0}","{""evidence_acc"":1.0,""label_acc"":1.0,""verification_eff"":0.0}",False,False,False,False
ec1d88a7c129675c2731444f,glm-5.3,evidence_audit,cost_moderate,poolact,8e19e2505ead13e0921b2bd03f7a881e5afd04ccf2a8eeb3d74498428efe464f,"{""evidence_acc"":1.0,""label_acc"":1.0,""verification_eff"":0.0}","{""evidence_acc"":1.0,""label_acc"":1.0,""verification_eff"":0.0}","{""evidence_acc"":1.0,""label_acc"":1.0,""verification_eff"":0.0}","{""evidence_acc"":1.0,""label_acc"":1.0,""verification_eff"":0.0}",False,False,False,False
6687ec7d06fe2fb620c96055,glm-5.3,evidence_audit,cost_moderate,poolact,bd9b99034edf53cdde1706be5e5179f0d0977eec8177205408783f518bae12d7,"{""evidence_acc"":1.0,""label_acc"":0.9411764705882353,""verification_eff"":0.0}","{""evidence_acc"":1.0,""label_acc"":0.9411764705882353,""verification_eff"":0.0}","{""evidence_acc"":1.0,""label_acc"":0.9411764705882353,""verification_eff"":0.0}","{""evidence_acc"":1.0,""label_acc"":0.9411764705882353,""verification_eff"":0.0}",False,False,False,False
e68e73fd6b272a844bb029d5,glm-5.3,evidence_audit,cost_tight,cached,f4d2842802996bcfbcf020fef0b570673d40f17263f1ff043d5cd2675ce07b23,"{""evidence_acc"":0.35294117647058826,""label_acc"":0.8823529411764706,""verification_eff"":0.0}","{""evidence_acc"":0.35294117647058826,""label_acc"":0.8823529411764706,""verification_eff"":0.0}","{""evidence_acc"":0.35294117647058826,""label_acc"":0.8823529411764706,""verification_eff"":0.0}","{""evidence_acc"":0.35294117647058826,""label_acc"":0.8823529411764706,""verification_eff"":0.0}",False,False,False,False
946adb53df6a31219f6bc888,glm-5.3,evidence_audit,cost_tight,cached,d492fe106dec326b911245a8435b7f09a8898c9b87156238cd0bbe3c9cbe19a6,"{""evidence_acc"":0.7647058823529411,""label_acc"":0.8823529411764706,""verification_eff"":0.0}","{""evidence_acc"":0.7647058823529411,""label_acc"":0.8823529411764706,""verification_eff"":0.0}","{""evidence_acc"":0.7647058823529411,""label_acc"":0.8823529411764706,""verification_eff"":0.0}","{""evidence_acc"":0.7647058823529411,""label_acc"":0.8823529411764706,""verification_eff"":0.0}",False,False,False,False
b8cdc9554959c4170f9a24dd,glm-5.3,evidence_audit,cost_tight,cached,44ec071fbcfe138ab424b36be0be2c3fd98a8f136a19e0d1bb04b438ce0125a5,"{""evidence_acc"":0.35294117647058826,""label_acc"":0.8235294117647058,""verification_eff"":0.0}","{""evidence_acc"":0.35294117647058826,""label_acc"":0.8235294117647058,""verification_eff"":0.0}","{""evidence_acc"":0.35294117647058826,""label_acc"":0.8235294117647058,""verification_eff"":0.0}","{""evidence_acc"":0.35294117647058826,""label_acc"":0.8235294117647058,""verification_eff"":0.0}",False,False,False,False
345aac67af443af9b5979a2d,glm-5.3,evidence_audit,cost_tight,cached,75490209241a2ecd41ec90b447fb88cc549b687c7c1d72755ab567c08706580c,"{""evidence_acc"":0.4117647058823529,""label_acc"":0.8235294117647058,""verification_eff"":0.0}","{""evidence_acc"":0.4117647058823529,""label_acc"":0.8235294117647058,""verification_eff"":0.0}","{""evidence_acc"":0.4117647058823529,""label_acc"":0.8235294117647058,""verification_eff"":0.0}","{""evidence_acc"":0.4117647058823529,""label_acc"":0.8235294117647058,""verification_eff"":0.0}",False,False,False,False
fc4dffb7df8af7d7b0951547,glm-5.3,evidence_audit,cost_tight,cached,dca7b647879a33818e0aaad230bb480e11e81e0edf41f386f7ecc9236083456b,"{""evidence_acc"":0.5882352941176471,""label_acc"":0.9411764705882353,""verification_eff"":0.0}","{""evidence_acc"":0.5882352941176471,""label_acc"":0.9411764705882353,""verification_eff"":0.0}","{""evidence_acc"":0.5882352941176471,""label_acc"":0.9411764705882353,""verification_eff"":0.0}","{""evidence_acc"":0.5882352941176471,""label_acc"":0.9411764705882353,""verification_eff"":0.0}",False,False,False,False
cefc1c8eeff03927dc00bc3a,glm-5.3,evidence_audit,cost_tight,cached,ee06b33c585648d734edfc0f891443eb34462921d1f2a85a0a2d300717735e0a,"{""evidence_acc"":0.8235294117647058,""label_acc"":0.8235294117647058,""verification_eff"":0.0}","{""evidence_acc"":0.8235294117647058,""label_acc"":0.8235294117647058,""verification_eff"":0.0}","{""evidence_acc"":0.8235294117647058,""label_acc"":0.8235294117647058,""verification_eff"":0.0}","{""evidence_acc"":0.8235294117647058,""label_acc"":0.8235294117647058,""verification_eff"":0.0}",False,False,False,False
599ef4e241fac883ed0f6628,glm-5.3,evidence_audit,cost_tight,cached,cda104ada4ee02b09fbbb5b4bb33657b3113b51b20038c76861a1ffbfb07f5e8,"{""evidence_acc"":0.7058823529411765,""label_acc"":0.8235294117647058,""verification_eff"":0.0}","{""evidence_acc"":0.7058823529411765,""label_acc"":0.8235294117647058,""verification_eff"":0.0}","{""evidence_acc"":0.7058823529411765,""label_acc"":0.8235294117647058,""verification_eff"":0.0}","{""evidence_acc"":0.7058823529411765,""label_acc"":0.8235294117647058,""verification_eff"":0.0}",False,False,False,False
dd96afa7e270b23c9829be43,glm-5.3,evidence_audit,cost_tight,cached,6ec164bf85e60302c09f1d3ba727c23bdfce1813b51999f3adc27268dc765322,"{""evidence_acc"":0.8235294117647058,""label_acc"":1.0,""verification_eff"":0.0}","{""evidence_acc"":0.8235294117647058,""label_acc"":1.0,""verification_eff"":0.0}","{""evidence_acc"":0.8235294117647058,""label_acc"":1.0,""verification_eff"":0.0}","{""evidence_acc"":0.8235294117647058,""label_acc"":1.0,""verification_eff"":0.0}",False,False,False,False
0f4868d312484632a8b1f9f9,glm-5.3,evidence_audit,cost_tight,cached,d79d13f3dc62c6fe191a803fafadb0b4f1550603a7bf5ff394bb08bd9bc66afa,"{""evidence_acc"":0.9411764705882353,""label_acc"":0.8823529411764706,""verification_eff"":0.0}","{""evidence_acc"":0.9411764705882353,""label_acc"":0.8823529411764706,""verification_eff"":0.0}","{""evidence_acc"":0.9411764705882353,""label_acc"":0.8823529411764706,""verification_eff"":0.0}","{""evidence_acc"":0.9411764705882353,""label_acc"":0.8823529411764706,""verification_eff"":0.0}",False,False,False,False
7b0229c8ef59d4e9d809f167,glm-5.3,evidence_audit,cost_tight,cached,525602fc5db03db8a18a92253941a85a8aaca7c9dbdd557696d58006c4f7a2f6,"{""evidence_acc"":0.7058823529411765,""label_acc"":0.9411764705882353,""verification_eff"":0.0}","{""evidence_acc"":0.7058823529411765,""label_acc"":0.9411764705882353,""verification_eff"":0.0}","{""evidence_acc"":0.7058823529411765,""label_acc"":0.9411764705882353,""verification_eff"":0.0}","{""evidence_acc"":0.7058823529411765,""label_acc"":0.9411764705882353,""verification_eff"":0.0}",False,False,False,False
a7c7a1d08d8429fbf27711a3,glm-5.3,evidence_audit,cost_tight,cached,30f3a29853e6ffeb8e5a4864c3c1230c47b9e28cb0b1579d4cf9f78570b3349a,"{""evidence_acc"":0.8823529411764706,""label_acc"":0.9411764705882353,""verification_eff"":0.0}","{""evidence_acc"":0.8823529411764706,""label_acc"":0.9411764705882353,""verification_eff"":0.0}","{""evidence_acc"":0.8823529411764706,""label_acc"":0.9411764705882353,""verification_eff"":0.0}","{""evidence_acc"":0.8823529411764706,""label_acc"":0.9411764705882353,""verification_eff"":0.0}",False,False,False,False
bf9db9f0ca3c043fd41d00af,glm-5.3,evidence_audit,cost_tight,cached,7590b03e3648205f5b5e70548cfe2aec697f7c803c57d743cc38d4c892a19580,"{""evidence_acc"":0.7058823529411765,""label_acc"":1.0,""verification_eff"":0.0}","{""evidence_acc"":0.7058823529411765,""label_acc"":1.0,""verification_eff"":0.0}","{""evidence_acc"":0.7058823529411765,""label_acc"":1.0,""verification_eff"":0.0}","{""evidence_acc"":0.7058823529411765,""label_acc"":1.0,""verification_eff"":0.0}",False,False,False,False
a1d9a0ff3cf0ff7457fb3df7,glm-5.3,evidence_audit,cost_tight,cached,3ce26bfe200fb110e55daf2819c1ac62349cbea09461cec9b73fb8b734f902b1,"{""evidence_acc"":0.47058823529411764,""label_acc"":0.8235294117647058,""verification_eff"":0.0}","{""evidence_acc"":0.47058823529411764,""label_acc"":0.8235294117647058,""verification_eff"":0.0}","{""evidence_acc"":0.47058823529411764,""label_acc"":0.8235294117647058,""verification_eff"":0.0}","{""evidence_acc"":0.47058823529411764,""label_acc"":0.8235294117647058,""verification_eff"":0.0}",False,False,False,False
087fe40a4e87eaec4ae52178,glm-5.3,evidence_audit,cost_tight,naive,67ae2395cef08466a7182a747d3d9666a06a021dad55493f8d26e81e53c9c93f,"{""evidence_acc"":0.35294117647058826,""label_acc"":0.8823529411764706,""verification_eff"":0.0}","{""evidence_acc"":0.35294117647058826,""label_acc"":0.8823529411764706,""verification_eff"":0.0}","{""evidence_acc"":0.35294117647058826,""label_acc"":0.8823529411764706,""verification_eff"":0.0}","{""evidence_acc"":0.35294117647058826,""label_acc"":0.8823529411764706,""verification_eff"":0.0}",False,False,False,False
e6d4075c70e90f6aab05c453,glm-5.3,evidence_audit,cost_tight,naive,2c405bf228e1289f9440bbc4cc2905e56af1bf51166d3f14cc1d2b0e08b8e22d,"{""evidence_acc"":0.7647058823529411,""label_acc"":0.9411764705882353,""verification_eff"":0.0}","{""evidence_acc"":0.7647058823529411,""label_acc"":0.9411764705882353,""verification_eff"":0.0}","{""evidence_acc"":0.7647058823529411,""label_acc"":0.9411764705882353,""verification_eff"":0.0}","{""evidence_acc"":0.7647058823529411,""label_acc"":0.9411764705882353,""verification_eff"":0.0}",False,False,False,False
ed9e28622ed92717dea9fb65,glm-5.3,evidence_audit,cost_tight,naive,6835dd2663e6f1b69a293971905074e08bb72c7aeb13100da4a86d7249f4b1c6,"{""evidence_acc"":0.5294117647058824,""label_acc"":0.8823529411764706,""verification_eff"":0.0}","{""evidence_acc"":0.5294117647058824,""label_acc"":0.8823529411764706,""verification_eff"":0.0}","{""evidence_acc"":0.5294117647058824,""label_acc"":0.8823529411764706,""verification_eff"":0.0}","{""evidence_acc"":0.5294117647058824,""label_acc"":0.8823529411764706,""verification_eff"":0.0}",False,False,False,False
4a074ec6445f00efdd832994,glm-5.3,evidence_audit,cost_tight,naive,643b6e9ce7202f4810e4b218b4e08314919f6aaf8dab29c9a2a3144f1f881827,"{""evidence_acc"":0.47058823529411764,""label_acc"":0.8823529411764706,""verification_eff"":0.0}","{""evidence_acc"":0.47058823529411764,""label_acc"":0.8823529411764706,""verification_eff"":0.0}","{""evidence_acc"":0.47058823529411764,""label_acc"":0.8823529411764706,""verification_eff"":0.0}","{""evidence_acc"":0.47058823529411764,""label_acc"":0.8823529411764706,""verification_eff"":0.0}",False,False,False,False
4609777b989d709abd108ba8,glm-5.3,evidence_audit,cost_tight,naive,044cb291e905741137139f4f90b643a5aac4b314c26dea22ac4b2af4cceaf5ad,"{""evidence_acc"":0.5294117647058824,""label_acc"":0.8823529411764706,""verification_eff"":0.0}","{""evidence_acc"":0.5294117647058824,""label_acc"":0.8823529411764706,""verification_eff"":0.0}","{""evidence_acc"":0.5294117647058824,""label_acc"":0.8823529411764706,""verification_eff"":0.0}","{""evidence_acc"":0.5294117647058824,""label_acc"":0.8823529411764706,""verification_eff"":0.0}",False,False,False,False
3e4d792cb11057743fbfd42a,glm-5.3,evidence_audit,cost_tight,naive,5e947e84ab3d77b2a2ea3ee0bab7778abff36fc42b022343abde22947c18f905,"{""evidence_acc"":0.8235294117647058,""label_acc"":0.8235294117647058,""verification_eff"":0.0}","{""evidence_acc"":0.8235294117647058,""label_acc"":0.8235294117647058,""verification_eff"":0.0}","{""evidence_acc"":0.8235294117647058,""label_acc"":0.8235294117647058,""verification_eff"":0.0}","{""evidence_acc"":0.8235294117647058,""label_acc"":0.8235294117647058,""verification_eff"":0.0}",False,False,False,False
c443aca3b7b2135cc8932cca,glm-5.3,evidence_audit,cost_tight,naive,aa7c3a7c8dc93242d0be53200e8c54ab580d161b5d9035896a4810937b64a6d7,"{""evidence_acc"":0.8235294117647058,""label_acc"":0.8823529411764706,""verification_eff"":0.0}","{""evidence_acc"":0.8235294117647058,""label_acc"":0.8823529411764706,""verification_eff"":0.0}","{""evidence_acc"":0.8235294117647058,""label_acc"":0.8823529411764706,""verification_eff"":0.0}","{""evidence_acc"":0.8235294117647058,""label_acc"":0.8823529411764706,""verification_eff"":0.0}",False,False,False,False
6e31c46bb4bc8caad17b0cbe,glm-5.3,evidence_audit,cost_tight,naive,41b1ab5aac1cdba1a78673bc7be6d39bde0a2f327687761afa7b44d22687d670,"{""evidence_acc"":0.6470588235294118,""label_acc"":1.0,""verification_eff"":0.0}","{""evidence_acc"":0.6470588235294118,""label_acc"":1.0,""verification_eff"":0.0}","{""evidence_acc"":0.6470588235294118,""label_acc"":1.0,""verification_eff"":0.0}","{""evidence_acc"":0.6470588235294118,""label_acc"":1.0,""verification_eff"":0.0}",False,False,False,False
e75728ed53686826fcfd495c,glm-5.3,evidence_audit,cost_tight,naive,fb1ad4cb84b277a3b7d3acfebc9abb3c19f97299fcb0ba8c9cec713e57dd0201,"{""evidence_acc"":0.8823529411764706,""label_acc"":0.8823529411764706,""verification_eff"":0.0}","{""evidence_acc"":0.8823529411764706,""label_acc"":0.8823529411764706,""verification_eff"":0.0}","{""evidence_acc"":0.8823529411764706,""label_acc"":0.8823529411764706,""verification_eff"":0.0}","{""evidence_acc"":0.8823529411764706,""label_acc"":0.8823529411764706,""verification_eff"":0.0}",False,False,False,False
e0d486abe6b92c9db796589d,glm-5.3,evidence_audit,cost_tight,naive,6d5a8abdc3eb852c37797bb8924c856168608e34800b14b21eefa39ae623a78a,"{""evidence_acc"":0.7058823529411765,""label_acc"":0.9411764705882353,""verification_eff"":0.0}","{""evidence_acc"":0.7058823529411765,""label_acc"":0.9411764705882353,""verification_eff"":0.0}","{""evidence_acc"":0.7058823529411765,""label_acc"":0.9411764705882353,""verification_eff"":0.0}","{""evidence_acc"":0.7058823529411765,""label_acc"":0.9411764705882353,""verification_eff"":0.0}",False,False,False,False
87aba3fadabc69d1c6c54f49,glm-5.3,evidence_audit,cost_tight,naive,beb5f13bc8f3aa4d1319dc1d3ffe94606610613237ac6ff224eaaea4504bf909,"{""evidence_acc"":0.8235294117647058,""label_acc"":0.9411764705882353,""verification_eff"":0.0}","{""evidence_acc"":0.8235294117647058,""label_acc"":0.9411764705882353,""verification_eff"":0.0}","{""evidence_acc"":0.8235294117647058,""label_acc"":0.9411764705882353,""verification_eff"":0.0}","{""evidence_acc"":0.8235294117647058,""label_acc"":0.9411764705882353,""verification_eff"":0.0}",False,False,False,False
31cc7bb736cc608667511ed5,glm-5.3,evidence_audit,cost_tight,naive,7b511332c00eec961a4a2e238ac74ad8df98ba9489b103dfd45fea25cfd66c12,"{""evidence_acc"":0.7647058823529411,""label_acc"":1.0,""verification_eff"":0.0}","{""evidence_acc"":0.7647058823529411,""label_acc"":1.0,""verification_eff"":0.0}","{""evidence_acc"":0.7647058823529411,""label_acc"":1.0,""verification_eff"":0.0}","{""evidence_acc"":0.7647058823529411,""label_acc"":1.0,""verification_eff"":0.0}",False,False,False,False
d4e184bb9b40341b7eec8885,glm-5.3,evidence_audit,cost_tight,naive,8cf2db13647d4a30f0416ed263e72e3678484235f31121baa86c7c5ef62a775c,"{""evidence_acc"":0.47058823529411764,""label_acc"":0.8235294117647058,""verification_eff"":0.0}","{""evidence_acc"":0.47058823529411764,""label_acc"":0.8235294117647058,""verification_eff"":0.0}","{""evidence_acc"":0.47058823529411764,""label_acc"":0.8235294117647058,""verification_eff"":0.0}","{""evidence_acc"":0.47058823529411764,""label_acc"":0.8235294117647058,""verification_eff"":0.0}",False,False,False,False
ab293f377cc280ddfdb5062e,glm-5.3,evidence_audit,cost_tight,poolact,939f32affb17a061695887045471134fa507b251d44c197ee04e3bde827f8d3f,"{""evidence_acc"":0.47058823529411764,""label_acc"":0.9411764705882353,""verification_eff"":0.0}","{""evidence_acc"":0.5882352941176471,""label_acc"":0.9411764705882353,""verification_eff"":0.0}","{""evidence_acc"":0.5882352941176471,""label_acc"":0.9411764705882353,""verification_eff"":0.0}","{""evidence_acc"":0.5882352941176471,""label_acc"":0.9411764705882353,""verification_eff"":0.0}",True,False,False,False
711db1698e33e2693a0b553a,glm-5.3,evidence_audit,cost_tight,poolact,df8eff2dac923c7cfb0c8035eb582b734e0a7ab5994789736c728ff0c0dddf7d,"{""evidence_acc"":0.8235294117647058,""label_acc"":0.8823529411764706,""verification_eff"":0.0}","{""evidence_acc"":0.8235294117647058,""label_acc"":0.8823529411764706,""verification_eff"":0.0}","{""evidence_acc"":0.8235294117647058,""label_acc"":0.8823529411764706,""verification_eff"":0.0}","{""evidence_acc"":0.8235294117647058,""label_acc"":0.8823529411764706,""verification_eff"":0.0}",False,False,False,False
1d4985858991e1f38319c518,glm-5.3,evidence_audit,cost_tight,poolact,0ebb76da30df66a659691c6e699b0914a9db3ab3e88cf88155bbd20c50f5325c,"{""evidence_acc"":0.4117647058823529,""label_acc"":0.8235294117647058,""verification_eff"":0.0}","{""evidence_acc"":0.4117647058823529,""label_acc"":0.8235294117647058,""verification_eff"":0.0}","{""evidence_acc"":0.4117647058823529,""label_acc"":0.8235294117647058,""verification_eff"":0.0}","{""evidence_acc"":0.4117647058823529,""label_acc"":0.8235294117647058,""verification_eff"":0.0}",False,False,False,False
00e466bff833869acfd597cb,glm-5.3,evidence_audit,cost_tight,poolact,fd4674632b937a72bb394312e920dad506a6b495e130c8a056a9440caa550b79,"{""evidence_acc"":0.7058823529411765,""label_acc"":0.8823529411764706,""verification_eff"":0.0}","{""evidence_acc"":0.7058823529411765,""label_acc"":0.8823529411764706,""verification_eff"":0.0}","{""evidence_acc"":0.7058823529411765,""label_acc"":0.8823529411764706,""verification_eff"":0.0}","{""evidence_acc"":0.7058823529411765,""label_acc"":0.8823529411764706,""verification_eff"":0.0}",False,False,False,False
c33fbea77c34504fba7a4508,glm-5.3,evidence_audit,cost_tight,poolact,38ef6e781373fd6e44a3043b423bb004e5c54f8f2c6d83514e0a12b74c28d209,"{""evidence_acc"":0.8235294117647058,""label_acc"":0.9411764705882353,""verification_eff"":0.0}","{""evidence_acc"":0.8235294117647058,""label_acc"":0.9411764705882353,""verification_eff"":0.0}","{""evidence_acc"":0.8235294117647058,""label_acc"":0.9411764705882353,""verification_eff"":0.0}","{""evidence_acc"":0.8235294117647058,""label_acc"":0.9411764705882353,""verification_eff"":0.0}",False,False,False,False
76c7c15927a9da3fd91d5164,glm-5.3,evidence_audit,cost_tight,poolact,b54b60627bbb85c4c4152b01664885ace163cdaaeff3c39a77804f7a542045f3,"{""evidence_acc"":0.8823529411764706,""label_acc"":0.8823529411764706,""verification_eff"":0.0}","{""evidence_acc"":0.8823529411764706,""label_acc"":0.8823529411764706,""verification_eff"":0.0}","{""evidence_acc"":0.8823529411764706,""label_acc"":0.8823529411764706,""verification_eff"":0.0}","{""evidence_acc"":0.8823529411764706,""label_acc"":0.8823529411764706,""verification_eff"":0.0}",False,False,False,False
d2289f8ebe1e9e119e408954,glm-5.3,evidence_audit,cost_tight,poolact,8dd807555c3839898ec353e85a13e05e62601e18a7ce07b9370c7361de783d79,"{""evidence_acc"":0.9411764705882353,""label_acc"":0.8823529411764706,""verification_eff"":0.0}","{""evidence_acc"":0.9411764705882353,""label_acc"":0.8823529411764706,""verification_eff"":0.0}","{""evidence_acc"":0.9411764705882353,""label_acc"":0.8823529411764706,""verification_eff"":0.0}","{""evidence_acc"":0.9411764705882353,""label_acc"":0.8823529411764706,""verification_eff"":0.0}",False,False,False,False
8a3e4b50d41ba6a87b573444,glm-5.3,evidence_audit,cost_tight,poolact,34994e2f728329113a63738816b0a7d699194a5c6d78f4d7bb59b9c3828a5248,"{""evidence_acc"":0.8823529411764706,""label_acc"":1.0,""verification_eff"":0.0}","{""evidence_acc"":0.8823529411764706,""label_acc"":1.0,""verification_eff"":0.0}","{""evidence_acc"":0.8823529411764706,""label_acc"":1.0,""verification_eff"":0.0}","{""evidence_acc"":0.8823529411764706,""label_acc"":1.0,""verification_eff"":0.0}",False,False,False,False
3e9bdb145ab2bb71731ecf7c,glm-5.3,evidence_audit,cost_tight,poolact,8d8d67fd6e3afe548d0f6a555515060e324e1c01579d3f723de6c915b7d6411f,"{""evidence_acc"":0.9411764705882353,""label_acc"":0.8823529411764706,""verification_eff"":0.0}","{""evidence_acc"":0.9411764705882353,""label_acc"":0.8823529411764706,""verification_eff"":0.0}","{""evidence_acc"":0.9411764705882353,""label_acc"":0.8823529411764706,""verification_eff"":0.0}","{""evidence_acc"":0.9411764705882353,""label_acc"":0.8823529411764706,""verification_eff"":0.0}",False,False,False,False
7f727be3f5fc9a1737626780,glm-5.3,evidence_audit,cost_tight,poolact,7b9c4f07882e90a6398bf579632d6dab5e42b8e0fc839774b0f5b22642766041,"{""evidence_acc"":1.0,""label_acc"":1.0,""verification_eff"":0.0}","{""evidence_acc"":1.0,""label_acc"":1.0,""verification_eff"":0.0}","{""evidence_acc"":1.0,""label_acc"":1.0,""verification_eff"":0.0}","{""evidence_acc"":1.0,""label_acc"":1.0,""verification_eff"":0.0}",False,False,False,False
4d4595652bade4500b0928e5,glm-5.3,evidence_audit,cost_tight,poolact,27d7fc03007ad1460962af1785a74057814f840f171aa2599ccf6e1cc9985547,"{""evidence_acc"":0.9411764705882353,""label_acc"":1.0,""verification_eff"":0.0}","{""evidence_acc"":0.9411764705882353,""label_acc"":1.0,""verification_eff"":0.0}","{""evidence_acc"":0.9411764705882353,""label_acc"":1.0,""verification_eff"":0.0}","{""evidence_acc"":0.9411764705882353,""label_acc"":1.0,""verification_eff"":0.0}",False,False,False,False
0818b19b30ea0713b973702c,glm-5.3,evidence_audit,cost_tight,poolact,c81407d44c28240d8359d0ca16f3b82e8a1bb9f24cff37279b3b19d4f2243a90,"{""evidence_acc"":0.9411764705882353,""label_acc"":1.0,""verification_eff"":0.0}","{""evidence_acc"":0.9411764705882353,""label_acc"":1.0,""verification_eff"":0.0}","{""evidence_acc"":0.9411764705882353,""label_acc"":1.0,""verification_eff"":0.0}","{""evidence_acc"":0.9411764705882353,""label_acc"":1.0,""verification_eff"":0.0}",False,False,False,False
5cc903035cf29928cfef0094,glm-5.3,evidence_audit,cost_tight,poolact,14938b08a7f760ff4fb81d4802729336ed2ba9e987d4f64ac3822af94b5b6328,"{""evidence_acc"":0.8823529411764706,""label_acc"":0.8823529411764706,""verification_eff"":0.0}","{""evidence_acc"":0.8823529411764706,""label_acc"":0.8823529411764706,""verification_eff"":0.0}","{""evidence_acc"":0.8823529411764706,""label_acc"":0.8823529411764706,""verification_eff"":0.0}","{""evidence_acc"":0.8823529411764706,""label_acc"":0.8823529411764706,""verification_eff"":0.0}",False,False,False,False
c7df341ce68f2730d08b039d,glm-5.3,restricted_search,cost_moderate,cached,d2d6a16eda546296929b52972aa4fc3117d1345607faffc0520a549f731b926d,1.0,1.0,1.0,1.0,False,False,False,False
582e042a1ffa670ef38788d9,glm-5.3,restricted_search,cost_moderate,cached,05d879ad2df2b27732edbe53e706b90843dc0efcfff034d2c8b130c73eb76749,1.0,1.0,1.0,1.0,False,False,False,False
b85f78d717a06f047c67dcf3,glm-5.3,restricted_search,cost_moderate,cached,be141b756a1dd1bfd914ae439e8349e5cf930cbc0623dadf39774e9efc4d45c2,0.0,0.0,0.0,0.0,False,False,False,False
007157171f7025da660d4141,glm-5.3,restricted_search,cost_moderate,cached,347635a684d04a91cfc11494e124222a8dd6964b3460d1ffb086e913c40177d5,0.5555555555555556,0.5555555555555556,0.5555555555555556,0.5555555555555556,False,False,False,False
fd1ddbe7eef0a24a523d9f53,glm-5.3,restricted_search,cost_moderate,cached,99818720bdcfe9f8755cbec5ecf2237c5b90879712b982836c5d6e3bcb79cc5c,1.0,1.0,1.0,1.0,False,False,False,False
9e3482f3683ed7acbb4c1a3c,glm-5.3,restricted_search,cost_moderate,cached,49cbf30c7abd3719a4980632b793d3dafca667d22eb74f3ce9d2da889b95ec44,0.0,0.0,0.0,0.0,False,False,False,False
1ffac35e883d8b1bf4e945f6,glm-5.3,restricted_search,cost_moderate,cached,9ebe3cbf6c8402630fa8bd280722b48f37ca60212ab35cf153e200a47e4c9df3,1.0,1.0,1.0,1.0,False,False,False,False
701c97c0ebbfcea47bd753b8,glm-5.3,restricted_search,cost_moderate,cached,573c8019951dc6b1602a3383f714dfade5ee3343e5927a14d345c5d716bb0bcc,0.0,0.0,0.0,0.0,False,False,False,False
c31319cf8815d312c1950e5c,glm-5.3,restricted_search,cost_moderate,cached,1d151d60f9c9c19e7d1d2fdee66ec73021b39711e6bc8318a1a616caf3a9698e,1.0,1.0,1.0,1.0,False,False,False,False
a5b94546a841c583d4f736c7,glm-5.3,restricted_search,cost_moderate,cached,3c7773db5d915701afde78d68b39e0a5b9464f74d5d670573acf742b1f444cd3,0.0,0.0,0.0,0.0,False,False,False,False
820c05eb1f9ee0651ac642ec,glm-5.3,restricted_search,cost_moderate,cached,02ca208a438cccf083d7d9cd4f408aa31f835d457de4baa4f3219e410e928772,0.0,0.0,0.0,0.0,False,False,False,False
15fe197baf4ed6d0dfef460d,glm-5.3,restricted_search,cost_moderate,cached,d660f8e6021ef49896f4bc67a509362d879ef1372ffc521c73d7e9a105f0db6c,0.0,0.0,0.0,0.0,False,False,False,False
37ae95639ed57c03e2b29604,glm-5.3,restricted_search,cost_moderate,cached,b718339fea8656ff28b297f190566829bf60ee6e1286cc8527bb9ef23dff1be4,1.0,1.0,1.0,1.0,False,False,False,False
07b9c73e403eda2a1edaa40d,glm-5.3,restricted_search,cost_moderate,cached,15e35ff66b0bf383e69c21056585c086dd03ab32bc0b4d21b664d6b396e636c3,1.0,1.0,1.0,1.0,False,False,False,False
f37fe99f3c2cea0d5da62aed,glm-5.3,restricted_search,cost_moderate,cached,7a0047dd5e629fc685cfc9b8aeec49908c6f0e6418d068eda8f7ee3f0b1d0f2a,1.0,1.0,1.0,1.0,False,False,False,False
8c49c82d983a2292c920070c,glm-5.3,restricted_search,cost_moderate,cached,734eb062d6b1849300eaa742ed662aecf5b24ada57015314dc0161647c5aaba8,1.0,1.0,1.0,1.0,False,False,False,False
1b4350927eef2aaa22a21313,glm-5.3,restricted_search,cost_moderate,cached,807fe4fe90db2bb18e8f11e1cfea20512b9c907585bbb9037406103a9ab25e9c,1.0,1.0,1.0,1.0,False,False,False,False
fe7a1911dc9ad438ec3406dc,glm-5.3,restricted_search,cost_moderate,cached,7877e309e153474c85f74f7d92164b6e815d334559fd53573f332008d4668f4d,1.0,1.0,1.0,1.0,False,False,False,False
1f70097bfb4417a12f493c63,glm-5.3,restricted_search,cost_moderate,cached,f531d52ff6c1d7bc31e6910b1fd5805a5f5c413d3cad35ebafcb904b2b49c6ed,1.0,1.0,1.0,1.0,False,False,False,False
6a450c9fa956b5657c9ea76a,glm-5.3,restricted_search,cost_moderate,cached,a7c5f653b1358747cd63a1fa877d85fcc5230d0607249c434ab8045a6b1659a8,1.0,1.0,1.0,1.0,False,False,False,False
75ebaa304d321341df2be6ae,glm-5.3,restricted_search,cost_moderate,cached,00f45f415a653152a0cf20bccad5266f87304e38c2119a982f086649524ed126,1.0,1.0,1.0,1.0,False,False,False,False
38b9054ce34d0130574ba468,glm-5.3,restricted_search,cost_moderate,cached,ad99e27c4b3b24ed9ce27f7b32384d80267a5df4d9420e4068b1d16ff82c11fe,1.0,1.0,1.0,1.0,False,False,False,False
195855e518bc813b731b42c6,glm-5.3,restricted_search,cost_moderate,cached,6923fdec65fd1f92ef1907071fb769a3a291ac001de1033829bb3c9d909dcf37,0.23529411764705882,0.23529411764705882,0.23529411764705882,0.23529411764705882,False,False,False,False
06fe251b28f8c4a9abd158c9,glm-5.3,restricted_search,cost_moderate,cached,6bfb5db768eef65648d7b631f52f9c8184c6b139ee1acc8371161a9bdac22a60,1.0,1.0,1.0,1.0,False,False,False,False
6473f31b257104429b16bf6d,glm-5.3,restricted_search,cost_moderate,cached,7c01ca1bbd729f1c64d192a071ef3e319b803c02108ee39316178080d5ad9ebc,0.0,0.0,0.0,0.0,False,False,False,False
afa9ae3b8f59201088008594,glm-5.3,restricted_search,cost_moderate,cached,16a0300c6b5a739c237332b710c3c00aa9f5a260777d9e316f657d05108b36e4,1.0,1.0,1.0,1.0,False,False,False,False
11277a2d64e187dffd68ca41,glm-5.3,restricted_search,cost_moderate,cached,ad083041e9e7249684db1722a9b45761989b624542bd7af0f21ca1cef2f113cb,1.0,1.0,1.0,1.0,False,False,False,False
eb1f7d04361edc0bd4ef3eb5,glm-5.3,restricted_search,cost_moderate,cached,2666a61b9084e72147e84bc4379c376a7db60385bfe4c5e462d7cf1c90c18eb2,0.25,0.25,0.25,0.25,False,False,False,False
e5730a613b5932ecaaa7ee8c,glm-5.3,restricted_search,cost_moderate,cached,f52d2562437fbe32cf76cfe23b8ee42fce03ff0ababe07a1ef7f93baa9a7f600,0.0,0.0,0.0,0.0,False,False,False,False
7cc227dbe71c5ac7f795380d,glm-5.3,restricted_search,cost_moderate,cached,2749d36ae086528482dda8d4f04f55327a378e490141b488e0a403497df97dc1,0.0,0.0,0.0,0.0,False,False,False,False
d31fac56222303188512f246,glm-5.3,restricted_search,cost_moderate,cached,b42ab2032be2435f31c31820dce7e29d214700183c1f903516899a3e22810e7b,0.0,0.0,0.0,0.0,False,False,False,False
2df5aafc0427ef8cb208dd5f,glm-5.3,restricted_search,cost_moderate,cached,28833e2f4c62d4703680ccb32d5d592ef817ddedd020d46ff186c0684519727d,1.0,1.0,1.0,1.0,False,False,False,False
b42ece687ab07e92c73b3bd0,glm-5.3,restricted_search,cost_moderate,cached,452f73aa614677cbf1b0f3e27cb548cf3f1e83051d9fc565a704c0aa4cf8a58d,1.0,1.0,1.0,1.0,False,False,False,False
c2cdb36de1520cbefcca0a57,glm-5.3,restricted_search,cost_moderate,cached,3330ef0274230060cd7b42a2a0044060467cfc7297e3b1cebd6d19d9f57c621c,1.0,1.0,1.0,1.0,False,False,False,False
7b9cd0943ecd3dd0651094a7,glm-5.3,restricted_search,cost_moderate,cached,eee50a7d4ecafa3bd87b839c624a2c0c0756e5ba08278d599c9b416d65b630a6,1.0,1.0,1.0,1.0,False,False,False,False
599507c213a36e2efa3ae11d,glm-5.3,restricted_search,cost_moderate,cached,9d9fd6b06e6464f93c3b186bf5e74fa494dedc4f472d56e90cd56d44deedd4f3,0.5714285714285715,0.5714285714285715,0.5714285714285715,0.5714285714285715,False,False,False,False
99068f7bb0ade4376eee8560,glm-5.3,restricted_search,cost_moderate,cached,c1150c14c0a17e9db86456ada5fbfc4a510dbcc32b4bef05046468e230572255,1.0,1.0,1.0,1.0,False,False,False,False
25b7902e8d91bc94afe756b0,glm-5.3,restricted_search,cost_moderate,cached,f1fc849dda5fb4e62e492930211162a439eea87452c1a302433b1af48f1ee02c,0.0,0.0,0.0,0.0,False,False,False,False
7d6204bfa4da5cf4c69f75c0,glm-5.3,restricted_search,cost_moderate,cached,eeffb47c8d4e75e2c9d17af9e319364f299631cf0c7fd2b00b366f2f8aa3e5bb,1.0,1.0,1.0,1.0,False,False,False,False
6c47d82b4d58bb7cb715a8da,glm-5.3,restricted_search,cost_moderate,naive,2116d4596769041a2cf76589a2cc4492cfc5e204b8670376d071eda55aa84cd0,1.0,1.0,1.0,1.0,False,False,False,False
22dec9196d9aaa3c12934cf6,glm-5.3,restricted_search,cost_moderate,naive,44ad63224de39bcf88737a37ed3ed28a21f794ef408780835b2f1baa1ef5d83a,1.0,1.0,1.0,1.0,False,False,False,False
d723526b7da5675d510f3195,glm-5.3,restricted_search,cost_moderate,naive,7dd00179f54f50852ec3a6f57847fa3a11077678ba7668c8cab1fcea65d41848,0.0,0.0,0.0,0.0,False,False,False,False
971426b9de3b944ba2608c16,glm-5.3,restricted_search,cost_moderate,naive,049f928c201a679bd2ab01f388148486820cb4a91213d725d4d37e69cf09996c,0.5555555555555556,0.5555555555555556,0.5555555555555556,0.5555555555555556,False,False,False,False
ee50933d2d6e14e78c8d81bd,glm-5.3,restricted_search,cost_moderate,naive,def24961271294e23673f02356195e6d9879376197ea0a317b378ee1b9afbe7c,1.0,1.0,1.0,1.0,False,False,False,False
b4cfe5fc015d60d879d76e71,glm-5.3,restricted_search,cost_moderate,naive,ece500bd4f25ae88391edf84f7171300507968e236f3ca223c81fbb7900818e3,0.0,0.0,0.0,0.0,False,False,False,False
55196199ec49eca6e7cfbe51,glm-5.3,restricted_search,cost_moderate,naive,d246a90d80f41e4c6c949bbaf5236db7801691495dbd20f1a7fad2e503b9ec04,1.0,1.0,1.0,1.0,False,False,False,False
a2ad94ec0b447fd2f52058a1,glm-5.3,restricted_search,cost_moderate,naive,ebe10443cbeb1b68ad99e9feaea71bcac0764eba97dddad95fb5ac18892f8056,0.0,0.0,0.0,0.0,False,False,False,False
c78e213ad4fcf455866392fd,glm-5.3,restricted_search,cost_moderate,naive,5edb95f1ea672e7b34cba4cc705987e9ec157c93c081eb04754de00965837579,1.0,1.0,1.0,1.0,False,False,False,False
84b7a6055dc2380b8a92a739,glm-5.3,restricted_search,cost_moderate,naive,a8eb7530d7a2ddc76a05507b0bd1063e310f46776cc93009b758f032450050a2,0.0,0.0,0.0,0.0,False,False,False,False
90f1dc296c568b65faf2686f,glm-5.3,restricted_search,cost_moderate,naive,250c1d4e2c9ddda2cea06a5a769abb4c3033171ac7056d4c4d55366a800b1a34,0.0,0.0,0.0,0.0,False,False,False,False
714fd83a93be0c8ceb33f6d3,glm-5.3,restricted_search,cost_moderate,naive,29f017b870e092d0b0559a0645ebe767b56fb5a2bf9811d1a6956a076994669a,0.0,0.0,0.0,0.0,False,False,False,False
a73a491d5c4b47349c8bbcf2,glm-5.3,restricted_search,cost_moderate,naive,e6c1c811db0e6712335467f72945467091a137efe24d995b40f9559b9a174ad5,1.0,1.0,1.0,1.0,False,False,False,False
b29b4e6a3138975884e6d902,glm-5.3,restricted_search,cost_moderate,naive,d9d5e2f0a8bb4a2a4b4a2b4dccbcd416db94a38333b8252ab0d32efe8fd4f08f,0.6666666666666666,0.6666666666666666,0.6666666666666666,0.6666666666666666,False,False,False,False
7218d476b947c95e4d90ef79,glm-5.3,restricted_search,cost_moderate,naive,229544b9ba6712f45943c4c660e416fdb1a26bf1173aebaa60ac13a7c2e382e1,1.0,1.0,1.0,1.0,False,False,False,False
0156eb9e2173d473d6291604,glm-5.3,restricted_search,cost_moderate,naive,5ad19ccf9eb341866e55ec35b0b1593bccfe8b9316f28028d4ea42281e2c76e5,1.0,1.0,1.0,1.0,False,False,False,False
618b1874f6bae158e8389b09,glm-5.3,restricted_search,cost_moderate,naive,8f031cbf20b5e5e289bfebc6ef50fed3a23da2b5a33b3021827d73ab30eefc97,1.0,1.0,1.0,1.0,False,False,False,False
4f5a71f24d4f9644241d1626,glm-5.3,restricted_search,cost_moderate,naive,b6b28b0f9906d380e3f80133a8dfcfe8681b6214d370fb4eb6229712ad143c38,0.0,0.0,0.0,0.0,False,False,False,False
3fef11f7e1521e2d9fee30b6,glm-5.3,restricted_search,cost_moderate,naive,7f1941c68cbb932ed2d2693468f690f7e1335565167e9f60fc0212c0be4c2fb4,1.0,1.0,1.0,1.0,False,False,False,False
75de872c520aca36606ab2c0,glm-5.3,restricted_search,cost_moderate,naive,49cd4fc15edd1da4803f875842d15bb433473f1e7eabfe7ae7f3959a3a29c12b,1.0,1.0,1.0,1.0,False,False,False,False
e9a3f762fef008c9c8b6a646,glm-5.3,restricted_search,cost_moderate,naive,bd96823ceec9c3e492d6247c513cdbdfc7a2a92dec83e93682d2d7ace59fb784,1.0,1.0,1.0,1.0,False,False,False,False
6608b56e71cb1ce3b1e8e3d6,glm-5.3,restricted_search,cost_moderate,naive,6b6e59a202596aa5081937cd47ebfa8efd815e4652ba4e4bde821a05681f444d,1.0,1.0,1.0,1.0,False,False,False,False
fc07002e1f8b7a4bf04aaf0f,glm-5.3,restricted_search,cost_moderate,naive,b5f12c778857a3c3255e3a73a98656fb13e8e883d9917cd2d974400663d4b94b,0.23529411764705882,0.23529411764705882,0.23529411764705882,0.23529411764705882,False,False,False,False
3f8691492816d2e0cdd3c04f,glm-5.3,restricted_search,cost_moderate,naive,9357f62da43170adbe428f0ee189c0fad7b08212aa8f523562f2a3a5b87d06be,1.0,1.0,1.0,1.0,False,False,False,False
141f2dd68939ed99e840896f,glm-5.3,restricted_search,cost_moderate,naive,7b4a38a809acfdc0318c3a3b6e6c26ac0c780407e53d30589c2fb17c3cd242f2,0.0,0.0,0.0,0.0,False,False,False,False
4e45d558894e4d29da865884,glm-5.3,restricted_search,cost_moderate,naive,943cdbda49f5a5e66948e749da6d2b74834ed0235f38f892dfae06d9034c92c9,1.0,1.0,1.0,1.0,False,False,False,False
77d5050103298de32786cd73,glm-5.3,restricted_search,cost_moderate,naive,626d2666e855bf3becbab15823653e271279f6dc68de27d805e2bb2d4fed0ccb,1.0,1.0,1.0,1.0,False,False,False,False
073dfc3e28ab92db47c1b19c,glm-5.3,restricted_search,cost_moderate,naive,73670021326da2211246bf0149a2410a5e93ce7a49014ba75c768b8aacb0ccd2,0.0,0.0,0.0,0.0,False,False,False,False
2fbbb885bf87d2cdb596f582,glm-5.3,restricted_search,cost_moderate,naive,f4bf6a7c32042eda82c2109a53a9282914490f6cfbc392db490e87103cff9734,0.33333333333333337,0.33333333333333337,0.33333333333333337,0.33333333333333337,False,False,False,False
2cce261bce025c42ce975ebd,glm-5.3,restricted_search,cost_moderate,naive,cf2d4929dc7b146f4c34936f88b87ef3211edb28c579742128efe5815311b829,0.0,0.0,0.0,0.0,False,False,False,False
4e3d27902e498ec94a844b2d,glm-5.3,restricted_search,cost_moderate,naive,c7169a2b4bfdc4ca8f6644482bd00392a6fd2b9749702902b323dda19180ed4a,0.0,0.0,0.0,0.0,False,False,False,True
794462c437ace93da53ed67f,glm-5.3,restricted_search,cost_moderate,naive,e186055c5b4005328398f1c5c5871772c8510c1ae50e4bf7a9f98175da61f047,1.0,1.0,1.0,1.0,False,False,False,False
9fe51a23fb1c0fc57ebc234d,glm-5.3,restricted_search,cost_moderate,naive,e2c2b2e53b847952e1a95a0d78da0887c8e85a45b548999b497a89af881ff08b,1.0,1.0,1.0,1.0,False,False,False,False
43be439ed0cdbfb4dd3bad47,glm-5.3,restricted_search,cost_moderate,naive,d353c4a0cf767b6fefb33250bb808af5445f33a0da99db73cca195632ab07b07,1.0,1.0,1.0,1.0,False,False,False,False
c69fae38269ecf9369d4952b,glm-5.3,restricted_search,cost_moderate,naive,bf7b4bb8804817d8b89592cfa0baf366dd11180e3149ce365824029e12c039a1,1.0,1.0,1.0,1.0,False,False,False,False
7f4c4fdb0c15fe08ab5f2e5d,glm-5.3,restricted_search,cost_moderate,naive,62bb4be784b611582826120fed92011f0d1924d0ea4eae0a80bcb6e1e746b7f0,0.4,0.4,0.4,0.4,False,False,False,False
62507c9fd3dbc58052875bbc,glm-5.3,restricted_search,cost_moderate,naive,f8d80b97d04d62a1689bb2e12f2c3cf50d8457701fef2ad12142cb007130d5ce,1.0,1.0,1.0,1.0,False,False,False,False
31efb79ec7e32860f41e1e7e,glm-5.3,restricted_search,cost_moderate,naive,61c8c99256f5af5ed9311f95a8be8e036f6cb4653b931735ad70169b8607eddb,0.0,0.0,0.0,0.0,False,False,False,False
7912050246c26207e770957c,glm-5.3,restricted_search,cost_moderate,naive,b3ab48e3bbfac70eaaf8ae20d1dd2eeed391c20b73289e1d79825fc6caf09996,1.0,1.0,1.0,1.0,False,False,False,False
c40f1e375ed2ea10472c393a,glm-5.3,restricted_search,cost_moderate,poolact,d91904cc56fe31096cf2112e772c9822f806e1a9f10c461fc20274979cccbdac,1.0,1.0,1.0,1.0,False,False,False,False
2d672dde83819cfd2d4245d3,glm-5.3,restricted_search,cost_moderate,poolact,c48996454ae731e8a476dfa1cf4bca7216a3da87cb2c5b48aa9baab49ee2a395,1.0,1.0,1.0,1.0,False,False,False,False
00ba85dd2f74632ea4feb597,glm-5.3,restricted_search,cost_moderate,poolact,7127634407ea3e6ff080d08855e097dc3901af7e56ac8c301725329e460f8188,0.0,0.0,0.0,0.0,False,False,False,False
1e436e48bbdc60a1a1485597,glm-5.3,restricted_search,cost_moderate,poolact,6c2fbc459d2c0ebf48fbb129af1038e955432429d8ae66be99dc48fcb6338b86,0.5555555555555556,0.5555555555555556,0.5555555555555556,0.5555555555555556,False,False,False,False
9d20b6256bfb9bf6bb1f589c,glm-5.3,restricted_search,cost_moderate,poolact,f676f808aab74888a02e0fc243bc26a285a653d6dc8deb86b00fa4cae38baef3,1.0,1.0,1.0,1.0,False,False,False,False
b7eb58bc29c9210301fbae54,glm-5.3,restricted_search,cost_moderate,poolact,6ef15653e3955b3fef63cd061d26de08ab4d42e180357bb345a2ab4a3f29a638,0.0,0.0,0.0,0.0,False,False,False,False
8805d1df8762d34610c58b7f,glm-5.3,restricted_search,cost_moderate,poolact,4e65f19420b42c4998a02412f3a15d68c99dd4555f10629315ffb0b0116b97b7,1.0,1.0,1.0,1.0,False,False,False,False
7897a83f5042581badf0a764,glm-5.3,restricted_search,cost_moderate,poolact,0c42b05e9ce6b2c56ff7b79b098f3dbf877d2054901f7056ce5e8f00eee344c4,0.0,0.0,0.0,0.0,False,False,False,False
38111c86072b99f0c2567158,glm-5.3,restricted_search,cost_moderate,poolact,2aa61e0e17551c10e1f17a0827024408f782a6edd7c7de7f7507d9adf44d53d6,0.6666666666666666,0.6666666666666666,0.6666666666666666,0.6666666666666666,False,False,False,False
7e452843bba1b64d95ec7ce3,glm-5.3,restricted_search,cost_moderate,poolact,0747d5c3d608854e4e01974192d208336a0a1d4bac9fc72a7f435793271a627f,0.0,0.0,0.0,0.0,False,False,False,False
b790d2ee9873ece992e0b0d5,glm-5.3,restricted_search,cost_moderate,poolact,1e379ab22e0110a72cb259e16f3694ea4d11afb1099af7f6fa080e0103081347,0.0,0.0,0.0,0.0,False,False,False,False
14b8890ea75c537fc3aee77c,glm-5.3,restricted_search,cost_moderate,poolact,2843f2a2f4739b4e223c376343241fb9bab72d97b019d9f2b32d9cdf4273f413,0.0,0.0,0.0,0.0,False,False,False,False
dc2e02415a05750943672db7,glm-5.3,restricted_search,cost_moderate,poolact,57b1cb0d5e255cd25594ddaea9e5e8a2040558cdd5e1553caa79afaff6cdd7fd,1.0,1.0,1.0,1.0,False,False,False,False
68b70821e0915e2c769a5f3a,glm-5.3,restricted_search,cost_moderate,poolact,ebf78255754bd47c73ada0c1625a66396e7e66e42fa349d2ce5fb102314a04a8,1.0,1.0,1.0,1.0,False,False,False,False
64831bd768e0a40dcb7a2e71,glm-5.3,restricted_search,cost_moderate,poolact,7553ebb6faa5847e3d580c41b69ac0d79d58c8a92809ea5bb5e10105f79f2f68,1.0,1.0,1.0,1.0,False,False,False,False
4911683dcba67adafdd29ce7,glm-5.3,restricted_search,cost_moderate,poolact,eb3598ca5dab76b83690da11243a613695a306515c5a664b9f4dff3e1d4c9fde,1.0,1.0,1.0,1.0,False,False,False,False
12d39054bd12ca3cd6f77803,glm-5.3,restricted_search,cost_moderate,poolact,ef07d39d4eacb477e5470577185d7ec87390e35ad0d631483cf652144eb74ad0,1.0,1.0,1.0,1.0,False,False,False,False
6d32248c2c7bdf2e133b0c8c,glm-5.3,restricted_search,cost_moderate,poolact,f13832ba810f2f09491c516ee4c339927d26b11ccb8deb0f9684e2f9a1616add,1.0,1.0,1.0,1.0,False,False,False,False
d1d802717aeee15801597f22,glm-5.3,restricted_search,cost_moderate,poolact,5973eacd20a12466a67f283fbbfb797f3e81194cbbc533aab7a4e85ceb6b3d56,1.0,1.0,1.0,1.0,False,False,False,False
b40abf077aabe99202ec0d8c,glm-5.3,restricted_search,cost_moderate,poolact,844d194cc02ce09006bdb75aa17181375b2e157accc56af8810f80ec9f07d1cd,1.0,1.0,1.0,1.0,False,False,False,False
aeb2e5b7b7ac6a5cd7757d34,glm-5.3,restricted_search,cost_moderate,poolact,501d279938995f1f17423a57cb1f5076b7fd057385e66306c2af2a1574e937a4,1.0,1.0,1.0,1.0,False,False,False,False
602ff63a54ffdf74eabb7017,glm-5.3,restricted_search,cost_moderate,poolact,d4e4cacab91d10cebc1c00e1d0dc2d6f81873d94cb6602d83ac3b2446c50f6ae,1.0,1.0,1.0,1.0,False,False,False,False
b071b8c978b06a2168de9a50,glm-5.3,restricted_search,cost_moderate,poolact,7ae32b7b1aea7d945017258eb638925ba9eacae3f467b7ce515164d631f86480,0.23529411764705882,0.23529411764705882,0.23529411764705882,0.23529411764705882,False,False,False,False
2d12b520324ea8b91037bf7f,glm-5.3,restricted_search,cost_moderate,poolact,6b8edf59f03e77195ac73191a664d8964f0c3ab16dd2feedc88ada57c8d45b6b,1.0,1.0,1.0,1.0,False,False,False,False
af96086fd120ebc3fa7e3d86,glm-5.3,restricted_search,cost_moderate,poolact,c5d448eb3ea844d4beff8a16b5ba3ef367fa36173885a3bf38263f51a581a80e,0.0,0.0,0.0,0.0,False,False,False,False
45f707e8c6058673ee37a84a,glm-5.3,restricted_search,cost_moderate,poolact,12da2ce3bf46f24a59e61a10b3d941dbc9eafaa587a62e85bd126ac1d6d6f6b4,1.0,1.0,1.0,1.0,False,False,False,False
b97f473aac65fe33bf7e7d65,glm-5.3,restricted_search,cost_moderate,poolact,3c8c9280d62858576357bc603f6aa51e625c882bfdde6723d69bfd9234398d2b,1.0,1.0,1.0,1.0,False,False,False,False
f28de0e56b7b4de4e899e14b,glm-5.3,restricted_search,cost_moderate,poolact,a97e13edcc36a9d52203901771baa4de79e8589df5d0da40cfdc0e0e077fb8f7,0.0,0.0,0.0,0.0,False,False,False,False
c363576e2213cef354faecd9,glm-5.3,restricted_search,cost_moderate,poolact,7fa3e2e5a01698a7fe8acd661b30aa2c8fb20f8198f8d7d9f0b2ad681153e8a8,0.18181818181818182,0.18181818181818182,0.18181818181818182,0.18181818181818182,False,False,False,False
5a4df8d989cfc1ac5a48978e,glm-5.3,restricted_search,cost_moderate,poolact,72904b59622dd5a08879b8ba7ad15f6d8e7d1f7b2c2369970fd65545ff7abec7,0.0,0.0,0.0,0.0,False,False,False,False
d38b198f38ad8c020e2b750c,glm-5.3,restricted_search,cost_moderate,poolact,0690567492e489234a68929f93bd54b73050e1a1a4c1c7ba55c6137eeda1d53f,0.0,0.0,0.0,0.0,False,False,False,False
7ca9fd2b5251aab3cd297805,glm-5.3,restricted_search,cost_moderate,poolact,58d0d7de9d15ba3d88511eb433d5e43714e3d9bd84d983f68fc02ae6f7404360,1.0,1.0,1.0,1.0,False,False,False,False
1d7ce09439d66bb67c343851,glm-5.3,restricted_search,cost_moderate,poolact,bfb59050eb51545fdcf8f6eb92a668304aa414ee2139b09e0ea831efed5e27e3,1.0,1.0,1.0,1.0,False,False,False,False
aa3d1fe38f919a8e5f9573cb,glm-5.3,restricted_search,cost_moderate,poolact,b318c04051ac5996775713c0fa14668b7e6273fea9c43c6a7b915a27d22d00f1,1.0,1.0,1.0,1.0,False,False,False,False
b726e4a5d36e6fcfce5e9c4a,glm-5.3,restricted_search,cost_moderate,poolact,53953f17a32785df552bfedb8bc925ca1de65ca6b56a6fe96b250d8a2d30e312,1.0,1.0,1.0,1.0,False,False,False,False
2405e0725dbb45252a35fb9e,glm-5.3,restricted_search,cost_moderate,poolact,a7f223f8ff6af8b828134ec1be9728cd163a090a4d441b417087f2d1ce98117c,1.0,1.0,1.0,1.0,False,False,False,False
b509a32487f68de7336c998c,glm-5.3,restricted_search,cost_moderate,poolact,2049130af4bd830b134cb1a1496091ad1c6e985c3ff015a0a222294b4635eb85,1.0,1.0,1.0,1.0,False,False,False,False
fcccd6f52f1815b5a3e0ac50,glm-5.3,restricted_search,cost_moderate,poolact,d9e488189d6fe84340a89ef7e966a18e8ef8386658fe9209d28532b08eaec216,0.0,0.0,0.0,0.0,False,False,False,False
789eba188f2cc034211caecc,glm-5.3,restricted_search,cost_moderate,poolact,ef12b68bb4ca87bd895c0611919836a35a2f42db503d00e75334779a9267933f,1.0,1.0,1.0,1.0,False,False,False,False
d2e48d7df8f91c87f4715710,glm-5.3,restricted_search,cost_tight,cached,7d4d3131f05a06fc095f5f0276e8f4ff226a71407e13bf3d90e93a7faa4e9aa6,1.0,1.0,1.0,1.0,False,False,False,False
bc3e3cd0852c98cdd1f87fab,glm-5.3,restricted_search,cost_tight,cached,f104e1a34431be7c3e5f74b76c0b80fdf48a84385844a85881d8c9e6319ff6a3,0.0,0.0,0.0,0.0,False,False,False,False
6a1a6ec180130ff3c1f02556,glm-5.3,restricted_search,cost_tight,cached,9df5f98a287b62fc8c5589d910954f9825d8d59cce7ca9e739c4859f314e7e23,0.0,0.0,0.0,0.0,False,False,False,False
85d619b417979d4023efc156,glm-5.3,restricted_search,cost_tight,cached,7318859378590df34794b2334171072f15b1f44185d65a2a6a7bc18ac100b8d8,0.0,0.0,0.0,0.0,False,False,False,False
93fdd448ac3dd3dc19fdc251,glm-5.3,restricted_search,cost_tight,cached,13932a5822745b4f7748f8d77c3e9883db94f0f41951308ef9ec8c6c6eef5a1b,0.0,0.0,0.0,0.0,False,False,False,False
6b4524e0d157108e29545490,glm-5.3,restricted_search,cost_tight,cached,c460fbfeb1412f10c7820045b690a6079b11caab35ce814e35927a4e3b1e7a9f,0.0,0.0,0.0,0.0,False,False,False,False
f417743c253917b97f318a7f,glm-5.3,restricted_search,cost_tight,cached,f72c8df3d6f232f7179804b425b7b93360dc359c7416c12d61297902cea1858c,1.0,1.0,1.0,1.0,False,False,False,False
028922047c4f80f80bf6fb97,glm-5.3,restricted_search,cost_tight,cached,0cb8a88224cf40c9720ec630b052b2839a53c5bb6ffbe8eabb1778a8dd44b2b2,0.0,0.0,0.0,0.0,False,False,False,False
9c556683422c09e9eaa68a5c,glm-5.3,restricted_search,cost_tight,cached,44ff8a6a57f37475da7761545ee5235ddec20c3a6810d9ffc0a845d8b82af977,0.0,0.0,0.0,0.0,False,False,False,False
3e63aa181534335445de2942,glm-5.3,restricted_search,cost_tight,cached,f685b66062dbaa316eda19da664faf18499141cfe4f798b636b0db1a1586797d,0.0,0.0,0.0,0.0,False,False,False,False
a1e5929336de51f2d2ab9f27,glm-5.3,restricted_search,cost_tight,cached,a609c7af8ae9571248839bc922509a373cc920dabcfba7617ffffddb7975ac84,0.0,0.0,0.0,0.0,False,False,False,False
4369024d1d2c612d3869df6b,glm-5.3,restricted_search,cost_tight,cached,338bd7175722c5b481f8e92b83fd0d2dd53cb0abcafafb8a8e2a681862845826,0.0,0.0,0.0,0.0,False,False,False,False
3562de1551e9c519c1986b04,glm-5.3,restricted_search,cost_tight,cached,f7d7be30f3f17c6210bd35a3968802e0cc7ba91c37f53aaa6a23768e7170bbd6,0.0,0.0,0.0,0.0,False,False,False,False
34efadc87491cb0bff1f67aa,glm-5.3,restricted_search,cost_tight,cached,be322b0323e32a808bd4ddd455a78799380121127b9c612fecdb3d9db817deb6,0.0,0.0,0.0,0.0,False,False,False,False
758cf5729010cf02f144d50e,glm-5.3,restricted_search,cost_tight,cached,08d3da36fbf3665a1adf4827514a9bafbaf4988f9e87e15588c20eb82f6a269f,0.6666666666666666,0.6666666666666666,0.6666666666666666,0.6666666666666666,False,False,False,False
215cac997fe014a13d017f32,glm-5.3,restricted_search,cost_tight,cached,8fd45d0aa13da38e7c19e3c9ca02d28f0380040bb0b9d543e21910749042db32,0.0,0.0,0.0,0.0,False,False,False,False
40339eb165a6658ade837eaf,glm-5.3,restricted_search,cost_tight,cached,b8162dc04ce6b00d1278b1c6035fab4b83a7333dd5c8721b52959c9afbdd6536,0.0,0.0,0.0,0.0,False,False,False,False
0e4c3b23d18cae663d5634d4,glm-5.3,restricted_search,cost_tight,cached,b903669863ead3e684a3d704c74b99e2f2cdd21a669b1a2e896e54a34e3c63c3,0.0,0.0,0.0,0.0,False,False,False,False
15cb92748ed71a908b2c75a8,glm-5.3,restricted_search,cost_tight,cached,da4d6de51ece850a990f2f15fa2277afca2974fdb8cdc47bdcd6d9fc7c7f9957,0.6666666666666666,0.6666666666666666,0.6666666666666666,0.6666666666666666,False,False,False,False
83a69c67f6975a6176523bf3,glm-5.3,restricted_search,cost_tight,cached,1e5d792bd5940d4a5fe8b490dcea2380840706f0808b7318a7fd3b8593925d9a,1.0,1.0,1.0,1.0,False,False,False,False
88a9b755c3509743ae9a2791,glm-5.3,restricted_search,cost_tight,cached,850bf6c965bb664d666bd17f73b4aa32ecfb8ce3028887c545c4800b94071be2,0.4,0.4,0.4,0.4,False,False,False,False
49019e6efbf4220a12f25295,glm-5.3,restricted_search,cost_tight,cached,493a8cc1de2402d8d6573c8ab4fffe58d892bb3653454cdd717351ab3bf8bda8,0.6666666666666666,0.6666666666666666,0.6666666666666666,0.6666666666666666,False,False,False,False
0b4e430ed59282d01f6637f7,glm-5.3,restricted_search,cost_tight,cached,8160b4d68c929a9dab6c893decc13b06f9b4ee2ea031fd37c9eb3f8c7bc696f9,0.23529411764705882,0.23529411764705882,0.23529411764705882,0.23529411764705882,False,False,False,False
620233aac95450f27b0d6556,glm-5.3,restricted_search,cost_tight,cached,48e02b9da88207002662103f9f3f81ca2a76640e85864c45613da15293dbe4cd,1.0,1.0,1.0,1.0,False,False,False,False
8d2f4aa480095af3f649ced9,glm-5.3,restricted_search,cost_tight,cached,8d3fe7c4cc443ec55846abfd0fe2008042ce5589b2aa58b3e7a82cfafb0d8b97,0.0,0.0,0.0,0.0,False,False,False,False
e8305381d54ccc43ca731df7,glm-5.3,restricted_search,cost_tight,cached,ad1fb0eb8542ccb0a316001e609eeec6b10d249d6f0149eb55ff2fef8ccf4eb0,0.0,0.0,0.0,0.0,False,False,False,False
bff5f98e1fd4e0130f6b8a57,glm-5.3,restricted_search,cost_tight,cached,0e5412fcc45b5e2a8c73267dc2b1af471292e2afe57964d6fe5c5152622c0f87,0.0,0.0,0.0,0.0,False,False,False,False
938d885775d033680ee56044,glm-5.3,restricted_search,cost_tight,cached,44b7d1067db1b3efc17192b5c8afaa3ec82875e461bb5f781115c4fc4ddc1e53,0.0,0.0,0.0,0.0,False,False,False,False
a9bb426b7942c1b9f0b5e7e5,glm-5.3,restricted_search,cost_tight,cached,339d7bba6d91049963f0fee71e0edd29cc9e2bb5be28a957c61642f24a3c35d3,0.0,0.0,0.0,0.0,False,False,False,False
d8eabf9372b1729e06d3fe7b,glm-5.3,restricted_search,cost_tight,cached,c6b2197b49bf585178b88e027faacf4840ea559e4d942d6861f2dd7276e2b50c,0.0,0.0,0.0,0.0,False,False,False,False
c3010ddc4d2445a4b8069dd0,glm-5.3,restricted_search,cost_tight,cached,262a9ed9bc66242fc2efeec20540ddab10eaf55d1a3289452ca24db96d54849a,0.0,0.0,0.0,0.0,False,False,False,False
02285749d85e993eb04c3bbb,glm-5.3,restricted_search,cost_tight,cached,e27f696005b1af6616d5ab37fcd19a0d70699c9f8b5c4bd9fdf4bd918ccde8df,0.0,0.0,0.0,0.0,False,False,False,False
84d33e3df8b62bdbba9b0fb8,glm-5.3,restricted_search,cost_tight,cached,793ecc7273d437dcc38ad2359f6e642d2df104af29e74defde3760ac90fdc0ca,0.5,0.5,0.5,0.5,False,False,False,False
7b2ee810167946c4f47e53f7,glm-5.3,restricted_search,cost_tight,cached,89c268fed29eb891c83ec2c54758124ebaced90fc186ca35e832c3470092fb34,1.0,1.0,1.0,1.0,False,False,False,False
0846160904c901201ff9c9c1,glm-5.3,restricted_search,cost_tight,cached,2355a21ca804eeb2420f60d187e4c72c33f2f2b15c73952ae39cbfbb05d28714,0.0,0.0,0.0,0.0,False,False,False,False
9b15ac22fd90ee3acdec4be0,glm-5.3,restricted_search,cost_tight,cached,2920751d264ce9d8ed9d76cec9db202f12d83e0f7db0d20a6a005d74f0a07364,0.0,0.0,0.0,0.0,False,False,False,False
5f297c98adcc603f09879630,glm-5.3,restricted_search,cost_tight,cached,46ca53f2d9acea04691509c5e3e3afe6fedf0891c73ca809bad01a65c0ee3f71,0.0,0.0,0.0,0.0,False,False,False,False
9b85afdeacf913058eea94e6,glm-5.3,restricted_search,cost_tight,cached,6e5e30a6de65e9f43c0469962740083326cabc4558b3b03b4cd718c02831f890,0.0,0.0,0.0,0.0,False,False,False,False
931a9cb4e5462de2ecb877f8,glm-5.3,restricted_search,cost_tight,cached,3c5b1610fafc5f86a49ca6f85f9b31bec440a88a32e6a0603fd8224a4a3a4585,0.0,0.0,0.0,0.0,False,False,False,False
171494f6996b4ad0c6f95cdb,glm-5.3,restricted_search,cost_tight,naive,d18705dfd143be414089a0320310f41a44d929500e8e2c9e9c38c8b138d60762,1.0,1.0,1.0,1.0,False,False,False,False
bb5c6289963b95b413f6d54f,glm-5.3,restricted_search,cost_tight,naive,2b529f5bf221f672c7f29881e906b1dbe72a85eed48f7a59215e11f88acb1945,0.0,0.0,0.0,0.0,False,False,False,False
975bced31e16c46f822de715,glm-5.3,restricted_search,cost_tight,naive,41933da9ae2d01b448390965d5f0d99f2cfea2507208ee356b71d7b4458caeed,0.0,0.0,0.0,0.0,False,False,False,False
1caee53f5c666c5f6c2e0c65,glm-5.3,restricted_search,cost_tight,naive,9ab3095293e9e6c4121c1efd044e5292a1ffca49c56b3777eb1b016e1541ff77,0.0,0.0,0.0,0.0,False,False,False,False
72bfd78998e483b99579dc93,glm-5.3,restricted_search,cost_tight,naive,c1d3b209fc34859e70393d53ee7ef9441fa901cd70c11beadec9bb07c81186a7,0.0,0.0,0.0,0.0,False,False,False,False
50eac1d0ccbc0c6c49082721,glm-5.3,restricted_search,cost_tight,naive,d26c6db7186260c726f4084a41fe461c404e407e917a88e9221affa9c41fdffb,0.0,0.0,0.0,0.0,False,False,False,False
4dcf4cce33a3a64ea05363da,glm-5.3,restricted_search,cost_tight,naive,b44fdf3b2d1ade3ea04e90cec6848be60a96e4d9e5081eaaed6679af6d03b467,1.0,1.0,1.0,1.0,False,False,False,False
9e5e556e20f97c0412b82e70,glm-5.3,restricted_search,cost_tight,naive,038e46ab2c61db251ffe6619eb6d71689e1ae4675536d901198f49786465dff4,0.0,0.0,0.0,0.0,False,False,False,False
bbdaa37b03357266552e659d,glm-5.3,restricted_search,cost_tight,naive,6e73523f5624479d19745ff0bceec65a20f1425099036a1ddb3f02e3bf435f76,0.0,0.0,0.0,0.0,False,False,False,False
9a8823c1b7a9063c5f522cb8,glm-5.3,restricted_search,cost_tight,naive,249a115c66286a5500d4159b3ffdec166817245ed6aad9a815cb16f084801d58,0.0,0.0,0.0,0.0,False,False,False,False
82bda169797b296f3dcd52a7,glm-5.3,restricted_search,cost_tight,naive,a8edf46413d589a87de304f24abeabad9ac8217a97df85aea59aa6c92bd70a5d,0.0,0.0,0.0,0.0,False,False,False,False
b5ea9610e5eda6440126b82d,glm-5.3,restricted_search,cost_tight,naive,fda9a8fe47b2b59b1e2f4402abe5d80cc9fdd1019e24cbeac6c2b8e59b3a94ec,0.0,0.0,0.0,0.0,False,False,False,False
8c39387b41416eddb73753be,glm-5.3,restricted_search,cost_tight,naive,81c8648569234dbe9538fd6dfad8e83aa4321f1cedd98c65ac9484d5c2b88af6,0.0,0.0,0.0,0.0,False,False,False,False
fad0f06c08f34b395d507c4a,glm-5.3,restricted_search,cost_tight,naive,2d35137859cb605c21efa77d3516a150644a48cc39ae9fab3830dcd9514afc4c,0.0,0.0,0.0,0.0,False,False,False,False
92a55c9549fedde213471ed9,glm-5.3,restricted_search,cost_tight,naive,fa4c1a3009fcd69fda8a2034113d0d3778111573a6bf7fa2a723ead217218e3c,0.6666666666666666,0.6666666666666666,0.6666666666666666,0.6666666666666666,False,False,False,False
aa3a291212e4b5198c818f06,glm-5.3,restricted_search,cost_tight,naive,98dadf7179834b25ca51feff772c5334524c782b42e734266822d228950899ed,0.0,0.0,0.0,0.0,False,False,False,False
81c46225727c9fd988b237d1,glm-5.3,restricted_search,cost_tight,naive,9ba183846183547bbba5f98ae7470f43de55debfe8065f6772efcafbc9332f38,0.0,0.0,0.0,0.0,False,False,False,True
6f9c4c779b8614dea6d6b2b6,glm-5.3,restricted_search,cost_tight,naive,9be009dbd13dd254bc230b4ec62cd1d7008f831bf486399523f279f93ea3f1de,0.0,0.0,0.0,0.0,False,False,False,False
cff5baf59ec4ad3799e18711,glm-5.3,restricted_search,cost_tight,naive,cfdc7e375eeb57e7c36ab0b0f3ddbb72fae17a35d088b68143225168ef75d13c,0.6666666666666666,0.6666666666666666,0.6666666666666666,0.6666666666666666,False,False,False,False
e478d51e6d281b281848ce65,glm-5.3,restricted_search,cost_tight,naive,c890396d9fdba2bd73170d8ac66e477bef291475c71fa0197bb601a25290090e,1.0,1.0,1.0,1.0,False,False,False,False
f5e482139b2865a0ee782937,glm-5.3,restricted_search,cost_tight,naive,9ada5dbf3ac634f042eff2d0fa8095c048be0ca949d3ce81c2433cc82d15bd6c,0.4,0.4,0.4,0.4,False,False,False,False
622f685f1a06c82b391d60d0,glm-5.3,restricted_search,cost_tight,naive,cbad202e4ed4385aecc535de0e92e54ecea61b1866e5a3940b18cb82d6677969,0.6666666666666666,0.6666666666666666,0.6666666666666666,0.6666666666666666,False,False,False,False
4d1e8d2f42c363b7df3bd95c,glm-5.3,restricted_search,cost_tight,naive,9947ea2426c51f6522e66d34bd0d1ab3cbd88ea901cc232b7374074523862692,0.23529411764705882,0.23529411764705882,0.23529411764705882,0.23529411764705882,False,False,False,False
464b0f41eef9eff930c9e988,glm-5.3,restricted_search,cost_tight,naive,fddd703a6e5947a963dacb7a22bcc86c96ad788caa64eb8ddefd62b42598a0af,1.0,1.0,1.0,1.0,False,False,False,False
8ec772710f044be37fe172e8,glm-5.3,restricted_search,cost_tight,naive,fbf8841017d016ad56c30165a1e98a43fa9006be6816f0263ac99eb3c06a7680,0.0,0.0,0.0,0.0,False,False,False,False
8aa30225226f16137a1fab29,glm-5.3,restricted_search,cost_tight,naive,6b03d4115364914cb078207febb500a9c30f95d91e0d1cb76967a6197d1df3c6,0.0,0.0,0.0,0.0,False,False,False,False
77c6687d17c7caaa598e0765,glm-5.3,restricted_search,cost_tight,naive,96e124d05a4807ed8a249ba342d3109c9537202b5d665610adfc3088de303b6e,0.0,0.0,0.0,0.0,False,False,False,False
51920b95520e2ab4295f269b,glm-5.3,restricted_search,cost_tight,naive,8737d565c8561101c5102735637e3600b1a24bca96c90a78ce57d5b49966dc75,0.0,0.0,0.0,0.0,False,False,False,False
539c4bc9da2a063cdf4cfd86,glm-5.3,restricted_search,cost_tight,naive,62265984e1e6bea5565d9958333b050f28cdecf14399bddfbde56db072fccc81,0.0,0.0,0.0,0.0,False,False,False,False
d31eca35074feb2f82484373,glm-5.3,restricted_search,cost_tight,naive,24867cbdfefedc7fe1bd2a318a1fa2796c6ee55c844891d921f470c64b247b3c,0.0,0.0,0.0,0.0,False,False,False,False
2de4e2d04cc6408c77fb2dfc,glm-5.3,restricted_search,cost_tight,naive,600c200c898fbe508db78920fde8e13e5056d9c7b64b8489dfa94bb4fb52ed2a,0.0,0.0,0.0,0.0,False,False,False,False
b1897b9fe3f10e2566089f42,glm-5.3,restricted_search,cost_tight,naive,4ad151bf4a0c05439d4fb44e1282d23f685b7006ab924eec5ee38986d3a9efeb,0.0,0.0,0.0,0.0,False,False,False,False
8e7246d673668206f0b26758,glm-5.3,restricted_search,cost_tight,naive,152cf158738c66cd35d759370895f019a44e70e3d91a333c66c585be3fc60e35,0.5,0.5,0.5,0.5,False,False,False,False
88ef26d0c58e7495de3365c8,glm-5.3,restricted_search,cost_tight,naive,baa566951c7d92e10b36ec46838a7d5360fc9c49312ca8b8208edd8dca88e629,1.0,1.0,1.0,1.0,False,False,False,False
6c19570933dec0b884e11254,glm-5.3,restricted_search,cost_tight,naive,088bb1aa97edd4f4793039b2eadad8417d7a80dbf52e54996583dab50a3e112c,0.0,0.0,0.0,0.0,False,False,False,False
f03ff71c6fba4d258bd9ddc5,glm-5.3,restricted_search,cost_tight,naive,54be333b6687e701ee5d1b774e347f50ae34f7a625748fb4be36a237adf8c170,0.0,0.0,0.0,0.0,False,False,False,False
a68df1e4399cd2792a39f5af,glm-5.3,restricted_search,cost_tight,naive,5ecfd12d9861b3532f626d05566109a4ce79dc71438e254117d998a6c523faed,0.0,0.0,0.0,0.0,False,False,False,False
5d6c16f609277eaf9db0d445,glm-5.3,restricted_search,cost_tight,naive,c7bb5464f761ea8272b5b5c219ae8f6c92cc7d76d69d1f05a588e745b0ab766e,0.0,0.0,0.0,0.0,False,False,False,False
a727230c6c675ca83927105b,glm-5.3,restricted_search,cost_tight,naive,8827118c3fd80d9f2f107c09edac99f8cdbb39b5e6ce29f53cd8bf49befe4959,0.0,0.0,0.0,0.0,False,False,False,False
bd2c30ccff2091271f242e76,glm-5.3,restricted_search,cost_tight,poolact,057a517c35a5566103987641fced66074fe075706708fc52d29e3ed15e009b68,1.0,1.0,1.0,1.0,False,False,False,False
6004921ee7f9053f9511e9c5,glm-5.3,restricted_search,cost_tight,poolact,c686dfc1e97a8f745f2be85795f931f8d614717b202e5d216a2e1a7d5dc825ba,0.0,0.0,0.0,0.0,False,False,False,False
851daabb978cdbe033315ede,glm-5.3,restricted_search,cost_tight,poolact,211e8cb554edfb0c07f8f1ad69219819ce3983024ae1c5d26a04a034a3dd82dc,0.0,0.0,0.0,0.0,False,False,False,False
2852bf102d2d9d863ba4b220,glm-5.3,restricted_search,cost_tight,poolact,3377f06cfb1728402eadadfaa7000957fc3fcb1aaab41aa3035158751bc534ed,0.0,0.0,0.0,0.0,False,False,False,False
72b950f2210f3766d31f48ac,glm-5.3,restricted_search,cost_tight,poolact,53c70d1d9ef1f00ce55da0e87f963d7d18ecda3c29ebedf66d4e045b9f55b119,0.0,0.0,0.0,0.0,False,False,False,False
a85e7a08b364ced55218512f,glm-5.3,restricted_search,cost_tight,poolact,da50144cb52e248b0d56aa7bad1f9015d7f0a655a535883703e27797be0f3099,0.0,0.0,0.0,0.0,False,False,False,False
0a45ee8a9cd305fa1222d659,glm-5.3,restricted_search,cost_tight,poolact,0fd383a72c89bcafcc9344322db73a9604a88c19194ac6a25d2a36955de918ae,0.5,0.5,0.5,0.5,False,False,False,False
7d3f74a319659956507bfb4a,glm-5.3,restricted_search,cost_tight,poolact,110d9f120af28ec1e88ed9706ae9273468008846d87ca064d8d8f3d2c3af6a69,0.0,0.0,0.0,0.0,False,False,False,False
8837447888fa50ceb99d2c18,glm-5.3,restricted_search,cost_tight,poolact,20f7da5ceb393f27fb05b889ba482cfd55e4148992243c1eb08309e628776dfc,0.0,0.0,0.0,0.0,False,False,False,False
945280a121f2413ead85099a,glm-5.3,restricted_search,cost_tight,poolact,ff2f850ee89fec8041ed6e795ae71282421adf639e76e6a3e75971573e4facd1,0.0,0.0,0.0,0.0,False,False,False,False
58494bf8bc5d689f421da46f,glm-5.3,restricted_search,cost_tight,poolact,40197633081156253177686154033f822c87edc420ea71687c78e7840dc4a4be,0.0,0.0,0.0,0.0,False,False,False,False
834133919fd2a4cd77e88b20,glm-5.3,restricted_search,cost_tight,poolact,20463fe724f786ebefaab92f165c5f38fc0a7b5ca8bb6be08c3b002cafa4f4d4,0.0,0.0,0.0,0.0,False,False,False,False
b6eb59ffddb94012183f3fa6,glm-5.3,restricted_search,cost_tight,poolact,b4c5c0f81774e7ee6270c742c3724c981bb9cac4d4abbf9d696644caf9e14f42,0.0,0.0,0.0,0.0,False,False,False,False
a9593c786d1c217bf6c87ef1,glm-5.3,restricted_search,cost_tight,poolact,cfae47ccce5e696ee75e6bc189874082eaeb89e556f1bd4853a5103fbab4cc90,0.6666666666666666,0.6666666666666666,0.6666666666666666,0.6666666666666666,False,False,False,False
505a4b2ffbccabe0673d26e7,glm-5.3,restricted_search,cost_tight,poolact,e867ac63064285132ed0f59750e3f5e2907d9fc477ffca7068fe1811a11e7ca0,0.6666666666666666,0.6666666666666666,0.6666666666666666,0.6666666666666666,False,False,False,False
ec9f25faa6bf543f4d6e0cd5,glm-5.3,restricted_search,cost_tight,poolact,d8385b1090ddae4ab5896c261b4a489e075c029bce7360ddd84854629d1d57b0,0.0,0.0,0.0,0.0,False,False,False,False
452d929a3afba4d287dfdefe,glm-5.3,restricted_search,cost_tight,poolact,55d03f4694c33d0279ae4539c9c0a97c3f8ef0f6fb07b3e93bf3e9e8242977b8,0.0,0.0,0.0,0.0,False,False,False,False
2439982df8deaa16b4172b63,glm-5.3,restricted_search,cost_tight,poolact,193c59aaa855a2b09cee6f8c7de97229a953adf11afd06cc5366d0ae1abad6d6,1.0,1.0,1.0,1.0,False,False,False,False
403c7c06ed73308035bb325c,glm-5.3,restricted_search,cost_tight,poolact,4f78abe9297bf788c2dafced54186f8ff1f7e0037db0ba33bbba8af7297f8566,0.6666666666666666,0.6666666666666666,0.6666666666666666,0.6666666666666666,False,False,False,False
25a81739a7f0ce8246b8cd5f,glm-5.3,restricted_search,cost_tight,poolact,d0a9348f027c65371ce6055b435af2013bc7baa466bd285a559ad018fb615acb,1.0,1.0,1.0,1.0,False,False,False,False
e32ba9210dc3770f48d1702d,glm-5.3,restricted_search,cost_tight,poolact,524a24661caceaab93c24237c521e23fcfa26781b531b014beffc6a95756bf0c,0.4,0.4,0.4,0.4,False,False,False,False
867204745eba67b63c07a0bb,glm-5.3,restricted_search,cost_tight,poolact,d1403eb9abb7deedfa66060c014db48fa656cf7a8a2880df6b6e7ed47c2410a1,1.0,1.0,1.0,1.0,False,False,False,False
927506d57675723fe528c83f,glm-5.3,restricted_search,cost_tight,poolact,602f155cb2cf247723810cafd7eff002db17c8f3329e94273c5b36b90dde0183,0.23529411764705882,0.23529411764705882,0.23529411764705882,0.23529411764705882,False,False,False,False
9d0ca7ff0f8fdd48f54aa5c9,glm-5.3,restricted_search,cost_tight,poolact,dfa6017333db780c024cd89926d058bb680a2dac9b0757e8d7f51642daf7ba68,1.0,1.0,1.0,1.0,False,False,False,False
4422f687224ecd3c75a46eb0,glm-5.3,restricted_search,cost_tight,poolact,fc2b1ef9658f5c58cddfab80db7047eb8b23754e998e2237a8d2eb6ae9d92f38,0.0,0.0,0.0,0.0,False,False,False,False
5e28311c16e3d73975414a4e,glm-5.3,restricted_search,cost_tight,poolact,5c0452cbb5bdf5c791ceba8fe415fa95dd92abc0c41e889d1876ea7e6002bbc8,0.0,0.0,0.0,0.0,False,False,False,False
2cc56132b156fa896f057ec4,glm-5.3,restricted_search,cost_tight,poolact,c6ecaf9014486d4aff656f162e5b1fcc4896a2b0ab3629c339d6cb702b9a9ad9,0.0,0.0,0.0,0.0,False,False,False,False
c5334daa1194ddb86d9af3e6,glm-5.3,restricted_search,cost_tight,poolact,6842590bfb5e05f37171671be098f6c79aa778aa4e037a9ae54aab3ceff258d2,0.0,0.0,0.0,0.0,False,False,False,False
85a8b2ca7fa99cf4080f7797,glm-5.3,restricted_search,cost_tight,poolact,31f7fda5782d7fbe538e0d862d274350bf7bdb3a3c592f2d2ed00bdcddb66c96,0.0,0.0,0.0,0.0,False,False,False,False
80bc5af2e498209bf9116a49,glm-5.3,restricted_search,cost_tight,poolact,5d4dfb3a43722145a38302e4f8189f254034380574ee72f9c565a4c1df5ec3eb,0.0,0.0,0.0,0.0,False,False,False,False
e1acb37803124215ea901252,glm-5.3,restricted_search,cost_tight,poolact,ee9ee03c4ee65a4f0f889a71a661991a4653cd95a8cf622e7e94b0493040541c,0.0,0.0,0.0,0.0,False,False,False,False
a7235bea84c2ec9cc32a3295,glm-5.3,restricted_search,cost_tight,poolact,114db2334180cf53cf3b80d171a543bb641a26328a91a56d563f23e586b22f4c,1.0,1.0,1.0,1.0,False,False,False,False
d2f4c3f9198c44572ad89e36,glm-5.3,restricted_search,cost_tight,poolact,898f2f207208a6269f939a17ae3a5ead458c7701e68378739a082cb2a839a5c8,0.5,0.5,0.5,0.5,False,False,False,False
44f6d0468a872e846d4427b4,glm-5.3,restricted_search,cost_tight,poolact,7e240f1451cac0e30147a5fa97f1cf83c6955db60f60f849f73d5a4d02714d3f,1.0,1.0,1.0,1.0,False,False,False,False
68a28d407c61ead83adca5cb,glm-5.3,restricted_search,cost_tight,poolact,1eb081cb5f80788d7e2e1fec0e64e329630b4a7a0c10078b15b4448de8a29ea2,0.0,0.0,0.0,0.0,False,False,False,False
55d634db5de38c371cc789f4,glm-5.3,restricted_search,cost_tight,poolact,3aa51f6a3565b516d8efb35756672fdea3aaeef3ba5b5ba6da067e86304e95da,0.4,0.4,0.4,0.4,False,False,False,False
bb72a8ee3d1690448b4edbc7,glm-5.3,restricted_search,cost_tight,poolact,a4ddd2f745bd6c7e27a58b9ce31a37d33fdae8120790c010eb9e8e22d2ce4505,0.6666666666666666,0.6666666666666666,0.6666666666666666,0.6666666666666666,False,False,False,False
cb402229f197e7e4e8d85c39,glm-5.3,restricted_search,cost_tight,poolact,7187a8a4cc4f7920d66a5404bbe865eb781ee79a0015ffed52a3363f30663a5a,0.0,0.0,0.0,0.0,False,False,False,False
c39690256125ad3e63bd598a,glm-5.3,restricted_search,cost_tight,poolact,1fc31deab72b406fb0ee246abe578e110595fab7ced193b0622e5da206a734e4,0.0,0.0,0.0,0.0,False,False,False,False
29c2cfa8e86f0260ab5b726d,gpt-5.6-sol,evidence_audit,cost_moderate,cached,5e938f17c024437c419004810ee65f10b4915bbc81dff952d874d9a6f7aeb732,"{""evidence_acc"":0.5294117647058824,""label_acc"":0.9411764705882353,""verification_eff"":0.0}","{""evidence_acc"":0.5294117647058824,""label_acc"":0.9411764705882353,""verification_eff"":0.0}","{""evidence_acc"":0.5294117647058824,""label_acc"":0.9411764705882353,""verification_eff"":0.0}","{""evidence_acc"":0.5294117647058824,""label_acc"":0.9411764705882353,""verification_eff"":0.0}",False,False,False,False
4ef4f7d805b78c7908840ef7,gpt-5.6-sol,evidence_audit,cost_moderate,cached,526d4bfdd65bc338946bbc997749b52112aeef785adb8456f58b48cc26862e99,"{""evidence_acc"":0.6470588235294118,""label_acc"":0.8823529411764706,""verification_eff"":0.0}","{""evidence_acc"":0.6470588235294118,""label_acc"":0.8823529411764706,""verification_eff"":0.0}","{""evidence_acc"":0.6470588235294118,""label_acc"":0.8823529411764706,""verification_eff"":0.0}","{""evidence_acc"":0.6470588235294118,""label_acc"":0.8823529411764706,""verification_eff"":0.0}",False,False,False,False
920c4daa9776b69d36220000,gpt-5.6-sol,evidence_audit,cost_moderate,cached,869e0b9fc2ed885c5f3721848ee4b928019b30db47888d4a3c8892074501595d,"{""evidence_acc"":0.4117647058823529,""label_acc"":0.8823529411764706,""verification_eff"":0.0}","{""evidence_acc"":0.4117647058823529,""label_acc"":0.8823529411764706,""verification_eff"":0.0}","{""evidence_acc"":0.4117647058823529,""label_acc"":0.8823529411764706,""verification_eff"":0.0}","{""evidence_acc"":0.4117647058823529,""label_acc"":0.8823529411764706,""verification_eff"":0.0}",False,False,False,False
2dae54792b40423e71cabd21,gpt-5.6-sol,evidence_audit,cost_moderate,cached,3707ac32c4c498580441982fc5f6e4a6a9372b8bed570f36df44f61907b95788,"{""evidence_acc"":0.47058823529411764,""label_acc"":0.8823529411764706,""verification_eff"":0.0}","{""evidence_acc"":0.47058823529411764,""label_acc"":0.8823529411764706,""verification_eff"":0.0}","{""evidence_acc"":0.47058823529411764,""label_acc"":0.8823529411764706,""verification_eff"":0.0}","{""evidence_acc"":0.47058823529411764,""label_acc"":0.8823529411764706,""verification_eff"":0.0}",False,False,False,False
15384a4833f2d67d6a47244d,gpt-5.6-sol,evidence_audit,cost_moderate,cached,91e28bf7f6d49b54a275d5e541ecfa4714cee85969f8dfd5975aa1605d708bf1,"{""evidence_acc"":0.8235294117647058,""label_acc"":1.0,""verification_eff"":0.0}","{""evidence_acc"":0.8235294117647058,""label_acc"":1.0,""verification_eff"":0.0}","{""evidence_acc"":0.8235294117647058,""label_acc"":1.0,""verification_eff"":0.0}","{""evidence_acc"":0.8235294117647058,""label_acc"":1.0,""verification_eff"":0.0}",False,False,False,False
ac85a27f04ec0107c48ca0a0,gpt-5.6-sol,evidence_audit,cost_moderate,cached,5068a22a482b80e2ec2e4b4c69f4894bcfdbbd77a9043858d0df8a187bea6c78,"{""evidence_acc"":0.7058823529411765,""label_acc"":0.7058823529411765,""verification_eff"":0.0}","{""evidence_acc"":0.7058823529411765,""label_acc"":0.7058823529411765,""verification_eff"":0.0}","{""evidence_acc"":0.7058823529411765,""label_acc"":0.7058823529411765,""verification_eff"":0.0}","{""evidence_acc"":0.7058823529411765,""label_acc"":0.7058823529411765,""verification_eff"":0.0}",False,False,False,False
3e7edd301acdb7e2ac0fad41,gpt-5.6-sol,evidence_audit,cost_moderate,cached,bfb663be93bcf5cd661a90feb6de7cd8b5895adcb122f57504e65e123a20a286,"{""evidence_acc"":0.7647058823529411,""label_acc"":0.7647058823529411,""verification_eff"":0.0}","{""evidence_acc"":0.7647058823529411,""label_acc"":0.7647058823529411,""verification_eff"":0.0}","{""evidence_acc"":0.7647058823529411,""label_acc"":0.7647058823529411,""verification_eff"":0.0}","{""evidence_acc"":0.7647058823529411,""label_acc"":0.7647058823529411,""verification_eff"":0.0}",False,False,False,False
f79ab695a49576bebd513f5e,gpt-5.6-sol,evidence_audit,cost_moderate,cached,a06b08a4dd51ee90d2efd673de96ff1de2a3836093682418ed1439a8d49822ac,"{""evidence_acc"":0.7647058823529411,""label_acc"":0.9411764705882353,""verification_eff"":0.0}","{""evidence_acc"":0.7647058823529411,""label_acc"":0.9411764705882353,""verification_eff"":0.0}","{""evidence_acc"":0.7647058823529411,""label_acc"":0.9411764705882353,""verification_eff"":0.0}","{""evidence_acc"":0.7647058823529411,""label_acc"":0.9411764705882353,""verification_eff"":0.0}",False,False,False,False
e2e4d451109d4dafd347cbc9,gpt-5.6-sol,evidence_audit,cost_moderate,cached,05e51ee6480ed3391e776f4ba47960edc999bc67a68839d028fb89c945abcb20,"{""evidence_acc"":1.0,""label_acc"":0.8823529411764706,""verification_eff"":0.0}","{""evidence_acc"":1.0,""label_acc"":0.8823529411764706,""verification_eff"":0.0}","{""evidence_acc"":1.0,""label_acc"":0.8823529411764706,""verification_eff"":0.0}","{""evidence_acc"":1.0,""label_acc"":0.8823529411764706,""verification_eff"":0.0}",False,False,False,False
d6580ffaac551fb1e986e713,gpt-5.6-sol,evidence_audit,cost_moderate,cached,d2d481616e6d1cbc8be15dd6245e50805d1f37cb2b2c5c2e5637c955c7a26074,"{""evidence_acc"":0.7058823529411765,""label_acc"":0.9411764705882353,""verification_eff"":0.0}","{""evidence_acc"":0.7058823529411765,""label_acc"":0.9411764705882353,""verification_eff"":0.0}","{""evidence_acc"":0.7058823529411765,""label_acc"":0.9411764705882353,""verification_eff"":0.0}","{""evidence_acc"":0.7058823529411765,""label_acc"":0.9411764705882353,""verification_eff"":0.0}",False,False,False,False
9cf0829ec700be3e4f95bae8,gpt-5.6-sol,evidence_audit,cost_moderate,cached,6d1343289581d8b0f4c11a14f0c0babfa588096fe6356d6dc27ab94f72e30b02,"{""evidence_acc"":0.7058823529411765,""label_acc"":0.7647058823529411,""verification_eff"":0.0}","{""evidence_acc"":0.7058823529411765,""label_acc"":0.7647058823529411,""verification_eff"":0.0}","{""evidence_acc"":0.7058823529411765,""label_acc"":0.7647058823529411,""verification_eff"":0.0}","{""evidence_acc"":0.7058823529411765,""label_acc"":0.7647058823529411,""verification_eff"":0.0}",False,False,False,False
234bc1936b143b3315e6ff5d,gpt-5.6-sol,evidence_audit,cost_moderate,cached,43947680b4967b29e4c1780f8cd2622b77323f8587441bb16798f3293f5a4949,"{""evidence_acc"":0.35294117647058826,""label_acc"":1.0,""verification_eff"":0.0}","{""evidence_acc"":0.35294117647058826,""label_acc"":1.0,""verification_eff"":0.0}","{""evidence_acc"":0.35294117647058826,""label_acc"":1.0,""verification_eff"":0.0}","{""evidence_acc"":0.35294117647058826,""label_acc"":1.0,""verification_eff"":0.0}",False,False,False,False
03bdb09c63bf4b9bd48a61ed,gpt-5.6-sol,evidence_audit,cost_moderate,cached,0b62f89e9d4269c7769328299f5db06715c8f2dd6b05bcd59c4e97ede8af7ca0,"{""evidence_acc"":0.5882352941176471,""label_acc"":0.8235294117647058,""verification_eff"":0.0}","{""evidence_acc"":0.5882352941176471,""label_acc"":0.8235294117647058,""verification_eff"":0.0}","{""evidence_acc"":0.5882352941176471,""label_acc"":0.8235294117647058,""verification_eff"":0.0}","{""evidence_acc"":0.5882352941176471,""label_acc"":0.8235294117647058,""verification_eff"":0.0}",False,False,False,False
6d25427c912409cf0c0ce33e,gpt-5.6-sol,evidence_audit,cost_moderate,naive,d26c9eb9373e5735b4d087e635ffe82698956b465714a3aac09b98d98b4b37f0,"{""evidence_acc"":0.5294117647058824,""label_acc"":0.9411764705882353,""verification_eff"":0.0}","{""evidence_acc"":0.5294117647058824,""label_acc"":0.9411764705882353,""verification_eff"":0.0}","{""evidence_acc"":0.5294117647058824,""label_acc"":0.9411764705882353,""verification_eff"":0.0}","{""evidence_acc"":0.5294117647058824,""label_acc"":0.9411764705882353,""verification_eff"":0.0}",False,False,False,False
502a754035ef2416da7156fc,gpt-5.6-sol,evidence_audit,cost_moderate,naive,69574abb486e12a1ec6108c3e2ae7f0124964e23091eb6abe7ac1f1f10359ed6,"{""evidence_acc"":0.7058823529411765,""label_acc"":0.8823529411764706,""verification_eff"":0.0}","{""evidence_acc"":0.7058823529411765,""label_acc"":0.8823529411764706,""verification_eff"":0.0}","{""evidence_acc"":0.7058823529411765,""label_acc"":0.8823529411764706,""verification_eff"":0.0}","{""evidence_acc"":0.7058823529411765,""label_acc"":0.8823529411764706,""verification_eff"":0.0}",False,False,False,False
f940a1d1aa99441af495e72a,gpt-5.6-sol,evidence_audit,cost_moderate,naive,ebfbf489b409e19ecd8f19d6862ca5266efaa1cb5640bade5cbcd33894fe6357,"{""evidence_acc"":0.35294117647058826,""label_acc"":0.8235294117647058,""verification_eff"":0.0}","{""evidence_acc"":0.35294117647058826,""label_acc"":0.8235294117647058,""verification_eff"":0.0}","{""evidence_acc"":0.35294117647058826,""label_acc"":0.8235294117647058,""verification_eff"":0.0}","{""evidence_acc"":0.35294117647058826,""label_acc"":0.8235294117647058,""verification_eff"":0.0}",False,False,False,False
8a9eebe3d92a95710dce5a8c,gpt-5.6-sol,evidence_audit,cost_moderate,naive,6ddb2ad471ea653c648c75814e860737df54de5d2839f1ca3521fc07353088d4,"{""evidence_acc"":0.5882352941176471,""label_acc"":0.8235294117647058,""verification_eff"":0.0}","{""evidence_acc"":0.5882352941176471,""label_acc"":0.8235294117647058,""verification_eff"":0.0}","{""evidence_acc"":0.5882352941176471,""label_acc"":0.8235294117647058,""verification_eff"":0.0}","{""evidence_acc"":0.5882352941176471,""label_acc"":0.8235294117647058,""verification_eff"":0.0}",False,False,False,False
06728affff3710326fd01c6d,gpt-5.6-sol,evidence_audit,cost_moderate,naive,8c96189535a6f935b0aacfef59f94ed5d8599b133d9e4b59dde86483fa49be12,"{""evidence_acc"":0.47058823529411764,""label_acc"":0.7647058823529411,""verification_eff"":0.0}","{""evidence_acc"":0.47058823529411764,""label_acc"":0.7647058823529411,""verification_eff"":0.0}","{""evidence_acc"":0.47058823529411764,""label_acc"":0.7647058823529411,""verification_eff"":0.0}","{""evidence_acc"":0.47058823529411764,""label_acc"":0.7647058823529411,""verification_eff"":0.0}",False,False,False,False
a2e7424fa82b82c7d53946db,gpt-5.6-sol,evidence_audit,cost_moderate,naive,e38964a5ebcc32dae8a638669f5ebefa44a8035d91f400bcd879ba280bd35275,"{""evidence_acc"":0.7058823529411765,""label_acc"":0.7058823529411765,""verification_eff"":0.0}","{""evidence_acc"":0.7058823529411765,""label_acc"":0.7058823529411765,""verification_eff"":0.0}","{""evidence_acc"":0.7058823529411765,""label_acc"":0.7058823529411765,""verification_eff"":0.0}","{""evidence_acc"":0.7058823529411765,""label_acc"":0.7058823529411765,""verification_eff"":0.0}",False,False,False,False
4a6d3136db957976795af628,gpt-5.6-sol,evidence_audit,cost_moderate,naive,096b0f906e8bd500b96a1bee65c97dfb265cfa2b6bc3905670fc7b788cd8157c,"{""evidence_acc"":0.8823529411764706,""label_acc"":0.8235294117647058,""verification_eff"":0.0}","{""evidence_acc"":0.8823529411764706,""label_acc"":0.8235294117647058,""verification_eff"":0.0}","{""evidence_acc"":0.8823529411764706,""label_acc"":0.8235294117647058,""verification_eff"":0.0}","{""evidence_acc"":0.8823529411764706,""label_acc"":0.8235294117647058,""verification_eff"":0.0}",False,False,False,False
38436f67066bf0c700762c49,gpt-5.6-sol,evidence_audit,cost_moderate,naive,09ed508a899a553833bf550202ed563f3147d367421669b5a97316fc43c7e51f,"{""evidence_acc"":0.5882352941176471,""label_acc"":0.8823529411764706,""verification_eff"":0.0}","{""evidence_acc"":0.5882352941176471,""label_acc"":0.8823529411764706,""verification_eff"":0.0}","{""evidence_acc"":0.5882352941176471,""label_acc"":0.8823529411764706,""verification_eff"":0.0}","{""evidence_acc"":0.5882352941176471,""label_acc"":0.8823529411764706,""verification_eff"":0.0}",False,False,False,False
3e1ab8d5b30fbe8797d7e0f8,gpt-5.6-sol,evidence_audit,cost_moderate,naive,d2f8e8b5443b57ee5bc74a1bc4e14cd9c3b3d99d0073c65ee88e45e03227f655,"{""evidence_acc"":0.8235294117647058,""label_acc"":0.7647058823529411,""verification_eff"":0.0}","{""evidence_acc"":0.8235294117647058,""label_acc"":0.7647058823529411,""verification_eff"":0.0}","{""evidence_acc"":0.8235294117647058,""label_acc"":0.7647058823529411,""verification_eff"":0.0}","{""evidence_acc"":0.8235294117647058,""label_acc"":0.7647058823529411,""verification_eff"":0.0}",False,False,False,False
d0b66fc296ee554e35ab2d6f,gpt-5.6-sol,evidence_audit,cost_moderate,naive,141ce94c1216ccddbe2510d50fdf491c52a51e3a6f97b1e879be005bcbbc5c0f,"{""evidence_acc"":0.7058823529411765,""label_acc"":0.9411764705882353,""verification_eff"":0.0}","{""evidence_acc"":0.7058823529411765,""label_acc"":0.9411764705882353,""verification_eff"":0.0}","{""evidence_acc"":0.7058823529411765,""label_acc"":0.9411764705882353,""verification_eff"":0.0}","{""evidence_acc"":0.7058823529411765,""label_acc"":0.9411764705882353,""verification_eff"":0.0}",False,False,False,False
9b0e14106e729d980ec162b1,gpt-5.6-sol,evidence_audit,cost_moderate,naive,90d5c8457a61e7e00303ff95d57ed87a01c01647d3643ad6268238191fa6046c,"{""evidence_acc"":0.7058823529411765,""label_acc"":0.8235294117647058,""verification_eff"":0.0}","{""evidence_acc"":0.7058823529411765,""label_acc"":0.8235294117647058,""verification_eff"":0.0}","{""evidence_acc"":0.7058823529411765,""label_acc"":0.8235294117647058,""verification_eff"":0.0}","{""evidence_acc"":0.7058823529411765,""label_acc"":0.8235294117647058,""verification_eff"":0.0}",False,False,False,False
8574b35bd137b9447a31ac01,gpt-5.6-sol,evidence_audit,cost_moderate,naive,b1553c31bc2c3f49b28f01a172f7086e85a7d630e3a21009777e06bbe09f9c32,"{""evidence_acc"":0.8823529411764706,""label_acc"":1.0,""verification_eff"":0.0}","{""evidence_acc"":0.8823529411764706,""label_acc"":1.0,""verification_eff"":0.0}","{""evidence_acc"":0.8823529411764706,""label_acc"":1.0,""verification_eff"":0.0}","{""evidence_acc"":0.8823529411764706,""label_acc"":1.0,""verification_eff"":0.0}",False,False,False,False
5dea0c82f77a171ffea5eb80,gpt-5.6-sol,evidence_audit,cost_moderate,naive,26341d9d1bcce1450847ffcb5b12e79f5eedb1b75a73183ad438ee551123c25f,"{""evidence_acc"":0.47058823529411764,""label_acc"":0.7647058823529411,""verification_eff"":0.0}","{""evidence_acc"":0.47058823529411764,""label_acc"":0.7647058823529411,""verification_eff"":0.0}","{""evidence_acc"":0.47058823529411764,""label_acc"":0.7647058823529411,""verification_eff"":0.0}","{""evidence_acc"":0.47058823529411764,""label_acc"":0.7647058823529411,""verification_eff"":0.0}",False,False,False,False
77febe73f709ab540de616fe,gpt-5.6-sol,evidence_audit,cost_moderate,poolact,95d5369f73a9b610c2ef6da8d48958142a09d6f536561ddaebc692d40b17f71b,"{""evidence_acc"":0.6470588235294118,""label_acc"":0.7647058823529411,""verification_eff"":0.0}","{""evidence_acc"":0.6470588235294118,""label_acc"":0.7647058823529411,""verification_eff"":0.0}","{""evidence_acc"":0.6470588235294118,""label_acc"":0.7647058823529411,""verification_eff"":0.0}","{""evidence_acc"":0.6470588235294118,""label_acc"":0.7647058823529411,""verification_eff"":0.0}",False,False,False,False
054ff224ff0922b26c3a0849,gpt-5.6-sol,evidence_audit,cost_moderate,poolact,ee2640e958c94dffc7e345a93c2f1c0ca7ebd4ab11eccd97d2bb8741da0687ac,"{""evidence_acc"":0.5882352941176471,""label_acc"":0.8823529411764706,""verification_eff"":0.0}","{""evidence_acc"":0.5882352941176471,""label_acc"":0.8823529411764706,""verification_eff"":0.0}","{""evidence_acc"":0.5882352941176471,""label_acc"":0.8823529411764706,""verification_eff"":0.0}","{""evidence_acc"":0.5882352941176471,""label_acc"":0.8823529411764706,""verification_eff"":0.0}",False,False,False,False
5d203649e720c51fe1047cba,gpt-5.6-sol,evidence_audit,cost_moderate,poolact,4b4194f94a39e8299b9719ca99528be77be13484c5003582ddcc114cdb517e17,"{""evidence_acc"":0.35294117647058826,""label_acc"":0.8235294117647058,""verification_eff"":0.0}","{""evidence_acc"":0.35294117647058826,""label_acc"":0.8235294117647058,""verification_eff"":0.0}","{""evidence_acc"":0.35294117647058826,""label_acc"":0.8235294117647058,""verification_eff"":0.0}","{""evidence_acc"":0.35294117647058826,""label_acc"":0.8235294117647058,""verification_eff"":0.0}",False,False,False,False
988cabebbd63d8e63dd84a1e,gpt-5.6-sol,evidence_audit,cost_moderate,poolact,4f2ddd79bd25b9412dc84afc9cbb94e93f3c0a627fdb0acb4a11e65d133b6b41,"{""evidence_acc"":0.35294117647058826,""label_acc"":0.6470588235294118,""verification_eff"":0.0}","{""evidence_acc"":0.35294117647058826,""label_acc"":0.6470588235294118,""verification_eff"":0.0}","{""evidence_acc"":0.35294117647058826,""label_acc"":0.6470588235294118,""verification_eff"":0.0}","{""evidence_acc"":0.35294117647058826,""label_acc"":0.6470588235294118,""verification_eff"":0.0}",False,False,False,False
9d8f84db98f93b2591aa630f,gpt-5.6-sol,evidence_audit,cost_moderate,poolact,d32e46869c98a0f644a1e1cc23e81e3c80ee9059db8e7e966d7ebb738fb11b9a,"{""evidence_acc"":0.5882352941176471,""label_acc"":0.8823529411764706,""verification_eff"":0.0}","{""evidence_acc"":0.5882352941176471,""label_acc"":0.8823529411764706,""verification_eff"":0.0}","{""evidence_acc"":0.5882352941176471,""label_acc"":0.8823529411764706,""verification_eff"":0.0}","{""evidence_acc"":0.5882352941176471,""label_acc"":0.8823529411764706,""verification_eff"":0.0}",False,False,False,False
cdfd9330949cbf53b3ae0f1c,gpt-5.6-sol,evidence_audit,cost_moderate,poolact,c5fb37fd7aac39a5b670f181efe0474d1e855f29d630e6d6ecd2f85718f6d0e7,"{""evidence_acc"":1.0,""label_acc"":1.0,""verification_eff"":0.0}","{""evidence_acc"":1.0,""label_acc"":1.0,""verification_eff"":0.0}","{""evidence_acc"":1.0,""label_acc"":1.0,""verification_eff"":0.0}","{""evidence_acc"":1.0,""label_acc"":1.0,""verification_eff"":0.0}",False,False,False,False
68722b44cb2d72bf32252dfe,gpt-5.6-sol,evidence_audit,cost_moderate,poolact,a4786d19407fc196300d7192c04b98567fc0537a65b5f4280ba01e5eff429a67,"{""evidence_acc"":0.7058823529411765,""label_acc"":0.7647058823529411,""verification_eff"":0.0}","{""evidence_acc"":0.7058823529411765,""label_acc"":0.7647058823529411,""verification_eff"":0.0}","{""evidence_acc"":0.7058823529411765,""label_acc"":0.7647058823529411,""verification_eff"":0.0}","{""evidence_acc"":0.7058823529411765,""label_acc"":0.7647058823529411,""verification_eff"":0.0}",False,False,False,False
d29aa568507557727d9cbcab,gpt-5.6-sol,evidence_audit,cost_moderate,poolact,46cc5bd44cd9753169875df82bebaf584721673d2399a624dd3f884c10f9b784,"{""evidence_acc"":1.0,""label_acc"":1.0,""verification_eff"":0.0}","{""evidence_acc"":1.0,""label_acc"":1.0,""verification_eff"":0.0}","{""evidence_acc"":1.0,""label_acc"":1.0,""verification_eff"":0.0}","{""evidence_acc"":1.0,""label_acc"":1.0,""verification_eff"":0.0}",False,False,False,False
6cea59774c52ec2cb63819e0,gpt-5.6-sol,evidence_audit,cost_moderate,poolact,18dd6270d9173a301c64ed3b04b48eec941ae42255938222082c1cac5d93b232,"{""evidence_acc"":0.9411764705882353,""label_acc"":0.8823529411764706,""verification_eff"":0.0}","{""evidence_acc"":0.9411764705882353,""label_acc"":0.8823529411764706,""verification_eff"":0.0}","{""evidence_acc"":0.9411764705882353,""label_acc"":0.8823529411764706,""verification_eff"":0.0}","{""evidence_acc"":0.9411764705882353,""label_acc"":0.8823529411764706,""verification_eff"":0.0}",False,False,False,False
76a0957426d0305e7c8e3dec,gpt-5.6-sol,evidence_audit,cost_moderate,poolact,ce5b91325fe77ab730eaab4245958cf47dc1195dccffd337a62d5f5424182630,"{""evidence_acc"":0.6470588235294118,""label_acc"":0.8823529411764706,""verification_eff"":0.0}","{""evidence_acc"":0.6470588235294118,""label_acc"":0.8823529411764706,""verification_eff"":0.0}","{""evidence_acc"":0.6470588235294118,""label_acc"":0.8823529411764706,""verification_eff"":0.0}","{""evidence_acc"":0.6470588235294118,""label_acc"":0.8823529411764706,""verification_eff"":0.0}",False,False,False,False
fa9058f6754ef416e13841eb,gpt-5.6-sol,evidence_audit,cost_moderate,poolact,18e17f869982fa95c52421ce38cd02cc4ad3f1256aa6875981a197738cc87d07,"{""evidence_acc"":1.0,""label_acc"":1.0,""verification_eff"":0.0}","{""evidence_acc"":1.0,""label_acc"":1.0,""verification_eff"":0.0}","{""evidence_acc"":1.0,""label_acc"":1.0,""verification_eff"":0.0}","{""evidence_acc"":1.0,""label_acc"":1.0,""verification_eff"":0.0}",False,False,False,False
3174055888db2b6c38beb746,gpt-5.6-sol,evidence_audit,cost_moderate,poolact,6e5c31a3684fcd5e962df826d1c328e410d51c04a9bfc6172d3a44d4f7a31e9c,"{""evidence_acc"":0.35294117647058826,""label_acc"":1.0,""verification_eff"":0.0}","{""evidence_acc"":0.35294117647058826,""label_acc"":1.0,""verification_eff"":0.0}","{""evidence_acc"":0.35294117647058826,""label_acc"":1.0,""verification_eff"":0.0}","{""evidence_acc"":0.35294117647058826,""label_acc"":1.0,""verification_eff"":0.0}",False,False,False,False
5e52c93a68ec8d64957c3fa1,gpt-5.6-sol,evidence_audit,cost_moderate,poolact,a1330659fd2383c408ac17d671db4cdfbb1eff6edd9c6c6540a5b3f0c17aeb60,"{""evidence_acc"":0.5882352941176471,""label_acc"":0.7647058823529411,""verification_eff"":0.0}","{""evidence_acc"":0.5882352941176471,""label_acc"":0.7647058823529411,""verification_eff"":0.0}","{""evidence_acc"":0.5882352941176471,""label_acc"":0.7647058823529411,""verification_eff"":0.0}","{""evidence_acc"":0.5882352941176471,""label_acc"":0.7647058823529411,""verification_eff"":0.0}",False,False,False,False
711d010dc9c6a550253a7e08,gpt-5.6-sol,evidence_audit,cost_tight,cached,c5be83b1f885e69fd3c887e133fe1144dd47cb89fcc8e4697b79c4b0f7075ebf,"{""evidence_acc"":0.47058823529411764,""label_acc"":0.8235294117647058,""verification_eff"":0.0}","{""evidence_acc"":0.47058823529411764,""label_acc"":0.8235294117647058,""verification_eff"":0.0}","{""evidence_acc"":0.47058823529411764,""label_acc"":0.8235294117647058,""verification_eff"":0.0}","{""evidence_acc"":0.47058823529411764,""label_acc"":0.8235294117647058,""verification_eff"":0.0}",False,False,False,False
d808fbf386a58e475018a80e,gpt-5.6-sol,evidence_audit,cost_tight,cached,22433473fc2419c539e4868b075500bb4ca6045dba2047181d4856e4cb462836,"{""evidence_acc"":0.5882352941176471,""label_acc"":0.8823529411764706,""verification_eff"":0.0}","{""evidence_acc"":0.5882352941176471,""label_acc"":0.8823529411764706,""verification_eff"":0.0}","{""evidence_acc"":0.5882352941176471,""label_acc"":0.8823529411764706,""verification_eff"":0.0}","{""evidence_acc"":0.5882352941176471,""label_acc"":0.8823529411764706,""verification_eff"":0.0}",False,False,False,False
2a51b7888fbb4b424524aa83,gpt-5.6-sol,evidence_audit,cost_tight,cached,485d3d1650df64f8516c3098b34575e69bb36dfd21a93f99c89244eb163a3ef0,"{""evidence_acc"":0.35294117647058826,""label_acc"":0.8235294117647058,""verification_eff"":0.0}","{""evidence_acc"":0.35294117647058826,""label_acc"":0.8235294117647058,""verification_eff"":0.0}","{""evidence_acc"":0.35294117647058826,""label_acc"":0.8235294117647058,""verification_eff"":0.0}","{""evidence_acc"":0.35294117647058826,""label_acc"":0.8235294117647058,""verification_eff"":0.0}",False,False,False,False
ec72c03d4f6831fec5a0c789,gpt-5.6-sol,evidence_audit,cost_tight,cached,b412f3a18ec6df93373760a4cb9626bdc377b56363b2dc155c35956564f5d647,"{""evidence_acc"":0.4117647058823529,""label_acc"":0.8235294117647058,""verification_eff"":0.0}","{""evidence_acc"":0.4117647058823529,""label_acc"":0.8235294117647058,""verification_eff"":0.0}","{""evidence_acc"":0.4117647058823529,""label_acc"":0.8235294117647058,""verification_eff"":0.0}","{""evidence_acc"":0.4117647058823529,""label_acc"":0.8235294117647058,""verification_eff"":0.0}",False,False,False,False
2d222f20174396a2f5cbc7fc,gpt-5.6-sol,evidence_audit,cost_tight,cached,1a019df65cece9a445fe92d33574736bfe0e5de29afc71b8ca3df6c7d1f5f970,"{""evidence_acc"":0.5294117647058824,""label_acc"":0.8235294117647058,""verification_eff"":0.0}","{""evidence_acc"":0.5294117647058824,""label_acc"":0.8235294117647058,""verification_eff"":0.0}","{""evidence_acc"":0.5294117647058824,""label_acc"":0.8235294117647058,""verification_eff"":0.0}","{""evidence_acc"":0.5294117647058824,""label_acc"":0.8235294117647058,""verification_eff"":0.0}",False,False,False,False
c2c488c654b6638c324b83fd,gpt-5.6-sol,evidence_audit,cost_tight,cached,51be9d4acdb44064e70d430677be65c66c99632e50be41003f4718b9ad1f096e,"{""evidence_acc"":0.8235294117647058,""label_acc"":0.8235294117647058,""verification_eff"":0.0}","{""evidence_acc"":0.8235294117647058,""label_acc"":0.8235294117647058,""verification_eff"":0.0}","{""evidence_acc"":0.8235294117647058,""label_acc"":0.8235294117647058,""verification_eff"":0.0}","{""evidence_acc"":0.8235294117647058,""label_acc"":0.8235294117647058,""verification_eff"":0.0}",False,False,False,False
89f9887d6b2f8856576af302,gpt-5.6-sol,evidence_audit,cost_tight,cached,f54257b55c7b7004bed688e5399bdd9dea8ac873e5f66504f9c2ae906954e43d,"{""evidence_acc"":0.7647058823529411,""label_acc"":0.7647058823529411,""verification_eff"":0.0}","{""evidence_acc"":0.7647058823529411,""label_acc"":0.7647058823529411,""verification_eff"":0.0}","{""evidence_acc"":0.7647058823529411,""label_acc"":0.7647058823529411,""verification_eff"":0.0}","{""evidence_acc"":0.7647058823529411,""label_acc"":0.7647058823529411,""verification_eff"":0.0}",False,False,False,False
e006b308818874041a7c45d1,gpt-5.6-sol,evidence_audit,cost_tight,cached,fa2871e135ae9f6a1a98106cce24457a4610260cb648985e2ff0831e2a4507f5,"{""evidence_acc"":0.7058823529411765,""label_acc"":1.0,""verification_eff"":0.0}","{""evidence_acc"":0.7058823529411765,""label_acc"":1.0,""verification_eff"":0.0}","{""evidence_acc"":0.7058823529411765,""label_acc"":1.0,""verification_eff"":0.0}","{""evidence_acc"":0.7058823529411765,""label_acc"":1.0,""verification_eff"":0.0}",False,False,False,False
b15ac50e66201fb45e6d4661,gpt-5.6-sol,evidence_audit,cost_tight,cached,bc08761df420b3c02f4c76b3a96b9c5494fc3ff3f7e196c5cbe50ee52d75c277,"{""evidence_acc"":0.8823529411764706,""label_acc"":0.8235294117647058,""verification_eff"":0.0}","{""evidence_acc"":0.8823529411764706,""label_acc"":0.8235294117647058,""verification_eff"":0.0}","{""evidence_acc"":0.8823529411764706,""label_acc"":0.8235294117647058,""verification_eff"":0.0}","{""evidence_acc"":0.8823529411764706,""label_acc"":0.8235294117647058,""verification_eff"":0.0}",False,False,False,False
b95a222eb04128a2aa5dcc9d,gpt-5.6-sol,evidence_audit,cost_tight,cached,ec05df95e2cacc3cde3c1ec11748a6f0e8dfda93650d758f015080afc277fcbb,"{""evidence_acc"":0.5882352941176471,""label_acc"":0.8235294117647058,""verification_eff"":0.0}","{""evidence_acc"":0.5882352941176471,""label_acc"":0.8235294117647058,""verification_eff"":0.0}","{""evidence_acc"":0.5882352941176471,""label_acc"":0.8235294117647058,""verification_eff"":0.0}","{""evidence_acc"":0.5882352941176471,""label_acc"":0.8235294117647058,""verification_eff"":0.0}",False,False,False,False
a1228fa225a92b6b129ca846,gpt-5.6-sol,evidence_audit,cost_tight,cached,c98e754e764f288794191f877f57c0aa59ebf208b80372ea41a90b977a22a365,"{""evidence_acc"":0.6470588235294118,""label_acc"":0.7058823529411765,""verification_eff"":0.0}","{""evidence_acc"":0.6470588235294118,""label_acc"":0.7058823529411765,""verification_eff"":0.0}","{""evidence_acc"":0.6470588235294118,""label_acc"":0.7058823529411765,""verification_eff"":0.0}","{""evidence_acc"":0.6470588235294118,""label_acc"":0.7058823529411765,""verification_eff"":0.0}",False,False,False,False
8d6ae3142445eeb8967e5f5a,gpt-5.6-sol,evidence_audit,cost_tight,cached,8e4cd0c74b7a954376f3c024dd48aa9fc581b76754a1569cdef9836fcd11fb9e,"{""evidence_acc"":0.35294117647058826,""label_acc"":1.0,""verification_eff"":0.0}","{""evidence_acc"":0.35294117647058826,""label_acc"":1.0,""verification_eff"":0.0}","{""evidence_acc"":0.35294117647058826,""label_acc"":1.0,""verification_eff"":0.0}","{""evidence_acc"":0.35294117647058826,""label_acc"":1.0,""verification_eff"":0.0}",False,False,False,False
0c4c2865acdf6ba2bcb2ac46,gpt-5.6-sol,evidence_audit,cost_tight,cached,cbabe333a1e7a75dd0fb460bc10a6d83d275ee72944609ac9029364feefb6e43,"{""evidence_acc"":0.5294117647058824,""label_acc"":0.7647058823529411,""verification_eff"":0.0}","{""evidence_acc"":0.5294117647058824,""label_acc"":0.7647058823529411,""verification_eff"":0.0}","{""evidence_acc"":0.5294117647058824,""label_acc"":0.7647058823529411,""verification_eff"":0.0}","{""evidence_acc"":0.5294117647058824,""label_acc"":0.7647058823529411,""verification_eff"":0.0}",False,False,False,False
6b401d16dc9c9f903a987117,gpt-5.6-sol,evidence_audit,cost_tight,naive,84a0321ba71e6e069c3f653f5cfe69ae8f402560ffc7b256becc1404e447146a,"{""evidence_acc"":0.4117647058823529,""label_acc"":0.9411764705882353,""verification_eff"":0.0}","{""evidence_acc"":0.4117647058823529,""label_acc"":0.9411764705882353,""verification_eff"":0.0}","{""evidence_acc"":0.4117647058823529,""label_acc"":0.9411764705882353,""verification_eff"":0.0}","{""evidence_acc"":0.4117647058823529,""label_acc"":0.9411764705882353,""verification_eff"":0.0}",False,False,False,False
dbe6d3bf0d798730d55962cc,gpt-5.6-sol,evidence_audit,cost_tight,naive,4c0fc8a0a9a479c3bf8a8bc6b4b448742102020e5ed770bb1dfacfa714069e9c,"{""evidence_acc"":0.35294117647058826,""label_acc"":0.6470588235294118,""verification_eff"":0.0}","{""evidence_acc"":0.35294117647058826,""label_acc"":0.6470588235294118,""verification_eff"":0.0}","{""evidence_acc"":0.35294117647058826,""label_acc"":0.6470588235294118,""verification_eff"":0.0}","{""evidence_acc"":0.35294117647058826,""label_acc"":0.6470588235294118,""verification_eff"":0.0}",False,False,False,False
a0fbb03bdafa75e06a86a92d,gpt-5.6-sol,evidence_audit,cost_tight,naive,72546f8181374b71f75ed0772bcb169b25f814e926d25fd3e087c1d4821e8245,"{""evidence_acc"":0.35294117647058826,""label_acc"":0.8235294117647058,""verification_eff"":0.0}","{""evidence_acc"":0.35294117647058826,""label_acc"":0.8235294117647058,""verification_eff"":0.0}","{""evidence_acc"":0.35294117647058826,""label_acc"":0.8235294117647058,""verification_eff"":0.0}","{""evidence_acc"":0.35294117647058826,""label_acc"":0.8235294117647058,""verification_eff"":0.0}",False,False,False,False
7c1ad1064d48d1af5b69d469,gpt-5.6-sol,evidence_audit,cost_tight,naive,6908439655cac0f4456209235031b7ab598a0837cf0e36f0f5f30fc4aef73b48,"{""evidence_acc"":0.23529411764705882,""label_acc"":0.7058823529411765,""verification_eff"":0.0}","{""evidence_acc"":0.23529411764705882,""label_acc"":0.7058823529411765,""verification_eff"":0.0}","{""evidence_acc"":0.23529411764705882,""label_acc"":0.7058823529411765,""verification_eff"":0.0}","{""evidence_acc"":0.23529411764705882,""label_acc"":0.7058823529411765,""verification_eff"":0.0}",False,False,False,False
ff70aac81406723b7750525d,gpt-5.6-sol,evidence_audit,cost_tight,naive,e079a15ec746d4bf098e15677023363a0833f02b44fe1689eba6dca5a0ebdd5d,"{""evidence_acc"":0.47058823529411764,""label_acc"":0.7647058823529411,""verification_eff"":0.0}","{""evidence_acc"":0.47058823529411764,""label_acc"":0.7647058823529411,""verification_eff"":0.0}","{""evidence_acc"":0.47058823529411764,""label_acc"":0.7647058823529411,""verification_eff"":0.0}","{""evidence_acc"":0.47058823529411764,""label_acc"":0.7647058823529411,""verification_eff"":0.0}",False,False,False,False
0cfb5958da87b5293d3ec738,gpt-5.6-sol,evidence_audit,cost_tight,naive,2146eaa0063a12af6a941362a91a2418204f6b3329c5582ac014d7d940425e9e,"{""evidence_acc"":0.7058823529411765,""label_acc"":0.7058823529411765,""verification_eff"":0.0}","{""evidence_acc"":0.7058823529411765,""label_acc"":0.7058823529411765,""verification_eff"":0.0}","{""evidence_acc"":0.7058823529411765,""label_acc"":0.7058823529411765,""verification_eff"":0.0}","{""evidence_acc"":0.7058823529411765,""label_acc"":0.7058823529411765,""verification_eff"":0.0}",False,False,False,False
cbf7e68efb8ed96cc55af095,gpt-5.6-sol,evidence_audit,cost_tight,naive,e8cc76fc11e11f14ab974de0cedbb8b0731fb9dbf5583187540ae5866e7a6cec,"{""evidence_acc"":0.7058823529411765,""label_acc"":0.7647058823529411,""verification_eff"":0.0}","{""evidence_acc"":0.7058823529411765,""label_acc"":0.7647058823529411,""verification_eff"":0.0}","{""evidence_acc"":0.7058823529411765,""label_acc"":0.7647058823529411,""verification_eff"":0.0}","{""evidence_acc"":0.7058823529411765,""label_acc"":0.7647058823529411,""verification_eff"":0.0}",False,False,False,False
e26027c59bdf54e6986dcd2f,gpt-5.6-sol,evidence_audit,cost_tight,naive,e99b26829381885408460cb2d20dfe1bcd9a1aab1ee46d3710f17797e42f8984,"{""evidence_acc"":0.5882352941176471,""label_acc"":0.8823529411764706,""verification_eff"":0.0}","{""evidence_acc"":0.5882352941176471,""label_acc"":0.8823529411764706,""verification_eff"":0.0}","{""evidence_acc"":0.5882352941176471,""label_acc"":0.8823529411764706,""verification_eff"":0.0}","{""evidence_acc"":0.5882352941176471,""label_acc"":0.8823529411764706,""verification_eff"":0.0}",False,False,False,False
d76182ed136847d13c301be7,gpt-5.6-sol,evidence_audit,cost_tight,naive,d9127597b565da736f6e5f1d76d9daffb8acd1dda8b897fce84d983d1bfa2234,"{""evidence_acc"":0.8235294117647058,""label_acc"":0.7647058823529411,""verification_eff"":0.0}","{""evidence_acc"":0.8235294117647058,""label_acc"":0.7647058823529411,""verification_eff"":0.0}","{""evidence_acc"":0.8235294117647058,""label_acc"":0.7647058823529411,""verification_eff"":0.0}","{""evidence_acc"":0.8235294117647058,""label_acc"":0.7647058823529411,""verification_eff"":0.0}",False,False,False,False
aab3509cecfd53ae63ffd59e,gpt-5.6-sol,evidence_audit,cost_tight,naive,cbfc52cde2deef22245f4cee92ea7cd505fc6124ae41b7f77a414ea2b396cd13,"{""evidence_acc"":0.5882352941176471,""label_acc"":0.8235294117647058,""verification_eff"":0.0}","{""evidence_acc"":0.5882352941176471,""label_acc"":0.8235294117647058,""verification_eff"":0.0}","{""evidence_acc"":0.5882352941176471,""label_acc"":0.8235294117647058,""verification_eff"":0.0}","{""evidence_acc"":0.5882352941176471,""label_acc"":0.8235294117647058,""verification_eff"":0.0}",False,False,False,False
5df28ec32c61e6591f73a965,gpt-5.6-sol,evidence_audit,cost_tight,naive,379cc409e437fd7fef6a13ce8aa3d760f1984318f13d6ab0b757e2edc479634e,"{""evidence_acc"":0.5882352941176471,""label_acc"":0.7058823529411765,""verification_eff"":0.0}","{""evidence_acc"":0.5882352941176471,""label_acc"":0.7058823529411765,""verification_eff"":0.0}","{""evidence_acc"":0.5882352941176471,""label_acc"":0.7058823529411765,""verification_eff"":0.0}","{""evidence_acc"":0.5882352941176471,""label_acc"":0.7058823529411765,""verification_eff"":0.0}",False,False,False,True
a77a4ac0d64a4cad2e654100,gpt-5.6-sol,evidence_audit,cost_tight,naive,0553ee96165cde21ef2a432ee5c31f56051af233b01d9d99ba103ed6e491f4ff,"{""evidence_acc"":0.47058823529411764,""label_acc"":1.0,""verification_eff"":0.0}","{""evidence_acc"":0.47058823529411764,""label_acc"":1.0,""verification_eff"":0.0}","{""evidence_acc"":0.47058823529411764,""label_acc"":1.0,""verification_eff"":0.0}","{""evidence_acc"":0.47058823529411764,""label_acc"":1.0,""verification_eff"":0.0}",False,False,False,False
2a3a886c2c53b048cfbddd6e,gpt-5.6-sol,evidence_audit,cost_tight,naive,3d4111b38604a5043d0fd09aaec42aeacb50fcb2bb84837913052230b3f895ce,"{""evidence_acc"":0.4117647058823529,""label_acc"":0.7647058823529411,""verification_eff"":0.0}","{""evidence_acc"":0.4117647058823529,""label_acc"":0.7647058823529411,""verification_eff"":0.0}","{""evidence_acc"":0.4117647058823529,""label_acc"":0.7647058823529411,""verification_eff"":0.0}","{""evidence_acc"":0.4117647058823529,""label_acc"":0.7647058823529411,""verification_eff"":0.0}",False,False,False,False
2d17e96893c1ab871a68267d,gpt-5.6-sol,evidence_audit,cost_tight,poolact,ff120218abd55e18734f11d6714cf7f9b097f613b27054e308c9910612ae1c26,"{""evidence_acc"":0.5294117647058824,""label_acc"":0.9411764705882353,""verification_eff"":0.0}","{""evidence_acc"":0.5294117647058824,""label_acc"":0.9411764705882353,""verification_eff"":0.0}","{""evidence_acc"":0.5294117647058824,""label_acc"":0.9411764705882353,""verification_eff"":0.0}","{""evidence_acc"":0.5294117647058824,""label_acc"":0.9411764705882353,""verification_eff"":0.0}",False,False,False,False
acea0039291e40e71e2f374e,gpt-5.6-sol,evidence_audit,cost_tight,poolact,774340162ba90e009014393510f286011e41951887f500d3bf36f21f33f74127,"{""evidence_acc"":0.7058823529411765,""label_acc"":0.8823529411764706,""verification_eff"":0.0}","{""evidence_acc"":0.7058823529411765,""label_acc"":0.8823529411764706,""verification_eff"":0.0}","{""evidence_acc"":0.7058823529411765,""label_acc"":0.8823529411764706,""verification_eff"":0.0}","{""evidence_acc"":0.7058823529411765,""label_acc"":0.8823529411764706,""verification_eff"":0.0}",False,False,False,False
b26f5c683cf06439cff89f65,gpt-5.6-sol,evidence_audit,cost_tight,poolact,0dc35fa133fb3265ec1da57a5c064f73932a2e1af5a426d11a5090a07a7b0b3e,"{""evidence_acc"":0.35294117647058826,""label_acc"":0.8235294117647058,""verification_eff"":0.0}","{""evidence_acc"":0.35294117647058826,""label_acc"":0.8235294117647058,""verification_eff"":0.0}","{""evidence_acc"":0.35294117647058826,""label_acc"":0.8235294117647058,""verification_eff"":0.0}","{""evidence_acc"":0.35294117647058826,""label_acc"":0.8235294117647058,""verification_eff"":0.0}",False,False,False,False
d4cda713c98544a14a62b049,gpt-5.6-sol,evidence_audit,cost_tight,poolact,41063a1343d274b1da7a38a0108a526e1e1b685457db43919edda3272329afb9,"{""evidence_acc"":0.47058823529411764,""label_acc"":0.8823529411764706,""verification_eff"":0.0}","{""evidence_acc"":0.47058823529411764,""label_acc"":0.8823529411764706,""verification_eff"":0.0}","{""evidence_acc"":0.47058823529411764,""label_acc"":0.8823529411764706,""verification_eff"":0.0}","{""evidence_acc"":0.47058823529411764,""label_acc"":0.8823529411764706,""verification_eff"":0.0}",False,False,False,False
8ba0768c9db5af3efdbed5d5,gpt-5.6-sol,evidence_audit,cost_tight,poolact,a649567f9e2d4f63b3d47af812645d733d4049b0fd29733fe20c6449444efad2,"{""evidence_acc"":0.5882352941176471,""label_acc"":0.8823529411764706,""verification_eff"":0.0}","{""evidence_acc"":0.5882352941176471,""label_acc"":0.8823529411764706,""verification_eff"":0.0}","{""evidence_acc"":0.5882352941176471,""label_acc"":0.8823529411764706,""verification_eff"":0.0}","{""evidence_acc"":0.5882352941176471,""label_acc"":0.8823529411764706,""verification_eff"":0.0}",False,False,False,False
02f7e411ab1ced66b4a4fa84,gpt-5.6-sol,evidence_audit,cost_tight,poolact,cc6f37659849f764283829a172ca102b8e56ac92034717771ef0f138e937b352,"{""evidence_acc"":0.8235294117647058,""label_acc"":0.8235294117647058,""verification_eff"":0.0}","{""evidence_acc"":0.8235294117647058,""label_acc"":0.8235294117647058,""verification_eff"":0.0}","{""evidence_acc"":0.8235294117647058,""label_acc"":0.8235294117647058,""verification_eff"":0.0}","{""evidence_acc"":0.8235294117647058,""label_acc"":0.8235294117647058,""verification_eff"":0.0}",False,False,False,False
e253f42eb703ea7065038ab3,gpt-5.6-sol,evidence_audit,cost_tight,poolact,f1e6c0b87670c0c5a312bece8e0ee539d6326f1682bdf4b7ba137afdd6826ca9,"{""evidence_acc"":0.7647058823529411,""label_acc"":0.7647058823529411,""verification_eff"":0.0}","{""evidence_acc"":0.7647058823529411,""label_acc"":0.7647058823529411,""verification_eff"":0.0}","{""evidence_acc"":0.7647058823529411,""label_acc"":0.7647058823529411,""verification_eff"":0.0}","{""evidence_acc"":0.7647058823529411,""label_acc"":0.7647058823529411,""verification_eff"":0.0}",False,False,False,False
4b24f9bbd101b3aaa88483f3,gpt-5.6-sol,evidence_audit,cost_tight,poolact,007424155906421f8ae49e3a71cd6d9ef690301bf28092c8f7f4e39eb73a61af,"{""evidence_acc"":0.6470588235294118,""label_acc"":0.9411764705882353,""verification_eff"":0.0}","{""evidence_acc"":0.6470588235294118,""label_acc"":0.9411764705882353,""verification_eff"":0.0}","{""evidence_acc"":0.6470588235294118,""label_acc"":0.9411764705882353,""verification_eff"":0.0}","{""evidence_acc"":0.6470588235294118,""label_acc"":0.9411764705882353,""verification_eff"":0.0}",False,False,False,False
ea573258097e812b59e8a687,gpt-5.6-sol,evidence_audit,cost_tight,poolact,f1514e8bd8cb81a52e2d41429e5725c79f17be730d9001e21027f0e48ccf0dca,"{""evidence_acc"":0.8235294117647058,""label_acc"":0.8235294117647058,""verification_eff"":0.0}","{""evidence_acc"":0.8235294117647058,""label_acc"":0.8235294117647058,""verification_eff"":0.0}","{""evidence_acc"":0.8235294117647058,""label_acc"":0.8235294117647058,""verification_eff"":0.0}","{""evidence_acc"":0.8235294117647058,""label_acc"":0.8235294117647058,""verification_eff"":0.0}",False,False,False,False
083a0f6ea06a132b60dffb4d,gpt-5.6-sol,evidence_audit,cost_tight,poolact,73e97bd326c5ff294a2b350b94276670a725a2b9ff2d97a5f09858407b429955,"{""evidence_acc"":0.5882352941176471,""label_acc"":0.8235294117647058,""verification_eff"":0.0}","{""evidence_acc"":0.5882352941176471,""label_acc"":0.8235294117647058,""verification_eff"":0.0}","{""evidence_acc"":0.5882352941176471,""label_acc"":0.8235294117647058,""verification_eff"":0.0}","{""evidence_acc"":0.5882352941176471,""label_acc"":0.8235294117647058,""verification_eff"":0.0}",False,False,False,False
d2c81bdc0cde40077c536076,gpt-5.6-sol,evidence_audit,cost_tight,poolact,7227872e731f87eb74a01a5c1a3f615fed2b281e50a8a3384b4611d332953cde,"{""evidence_acc"":0.7058823529411765,""label_acc"":0.8235294117647058,""verification_eff"":0.0}","{""evidence_acc"":0.7058823529411765,""label_acc"":0.8235294117647058,""verification_eff"":0.0}","{""evidence_acc"":0.7058823529411765,""label_acc"":0.8235294117647058,""verification_eff"":0.0}","{""evidence_acc"":0.7058823529411765,""label_acc"":0.8235294117647058,""verification_eff"":0.0}",False,False,False,False
63391bf06fba2637eaa2094a,gpt-5.6-sol,evidence_audit,cost_tight,poolact,784a94048d2c9ee329ed0440cecd71289af454c3c76a7b21dda76f4a016107aa,"{""evidence_acc"":0.5294117647058824,""label_acc"":1.0,""verification_eff"":0.0}","{""evidence_acc"":0.5294117647058824,""label_acc"":1.0,""verification_eff"":0.0}","{""evidence_acc"":0.5294117647058824,""label_acc"":1.0,""verification_eff"":0.0}","{""evidence_acc"":0.5294117647058824,""label_acc"":1.0,""verification_eff"":0.0}",False,False,False,False
10bf314d8adee6020b1756f4,gpt-5.6-sol,evidence_audit,cost_tight,poolact,cf2fd128844956ee46a0803fbf3369991cb360b2b82905f17c4f94ea1c733ce2,"{""evidence_acc"":0.5882352941176471,""label_acc"":0.7647058823529411,""verification_eff"":0.0}","{""evidence_acc"":0.5882352941176471,""label_acc"":0.7647058823529411,""verification_eff"":0.0}","{""evidence_acc"":0.5882352941176471,""label_acc"":0.7647058823529411,""verification_eff"":0.0}","{""evidence_acc"":0.5882352941176471,""label_acc"":0.7647058823529411,""verification_eff"":0.0}",False,False,False,False
cb961ac5d16c1213e27c317e,gpt-5.6-sol,restricted_search,cost_moderate,cached,a7bc1f02964e7219299b78d4931e1631644708ef67a1b8576125c9f61caa7455,1.0,1.0,1.0,1.0,False,False,False,False
c30e46d3a325ed3751fb8bbd,gpt-5.6-sol,restricted_search,cost_moderate,cached,513ac502e836cb20a93e90b8037dedb92360a7d7946870b950495fa3093aa1c2,1.0,1.0,1.0,1.0,False,False,False,False
26c53ef8c8f8305515635a7d,gpt-5.6-sol,restricted_search,cost_moderate,cached,ecc168527b353572d64fdce7b145424c6141014135ae303a7adea632801139e3,0.0,0.0,0.0,0.0,False,False,False,False
afa93060c1e5593c3327b237,gpt-5.6-sol,restricted_search,cost_moderate,cached,e67ace5b0684ed0e0f2abe5e096b1031ff9f623b937c96a2ac045637ba2d0da2,0.0,0.0,0.0,0.0,False,False,False,False
0a85bb7fb8612e12b905bf7d,gpt-5.6-sol,restricted_search,cost_moderate,cached,3166dd1a8712e62fa867ce32358b911797d6cb0f90b1157406b5b968f061d246,1.0,1.0,1.0,1.0,False,False,False,False
5315f8e5b91471dd5b9853ea,gpt-5.6-sol,restricted_search,cost_moderate,cached,0b860f9a67f9d2ce5e30685b8f999b395eb73a06e7375fd9e1365a365e9845d0,0.0,0.0,0.0,0.0,False,False,False,False
da6bd0f7a6ecaaa207717428,gpt-5.6-sol,restricted_search,cost_moderate,cached,ca37df620a545f3975fa1265c73307bb019eb871ac1d069e862977ce78e567fb,1.0,1.0,1.0,1.0,False,False,False,False
90e95a083c730d752fbbccf7,gpt-5.6-sol,restricted_search,cost_moderate,cached,a5db960855737d9c650038cda7260970cd331efcca1b80633b9c8c23bb66082e,0.0,0.0,0.0,0.0,False,False,False,False
8c31101a3c700efd80a875b7,gpt-5.6-sol,restricted_search,cost_moderate,cached,0acd4c4361cf95d918e2beec1f0d1a19fc750921c85514bad2d9a087b58ac5a1,1.0,1.0,1.0,1.0,False,False,False,False
59f4e15d44c53278a765415e,gpt-5.6-sol,restricted_search,cost_moderate,cached,98d70fa0cf0c6a18608b594dbbb694dddc8a73b9c3ef4056a5f6e559419b0810,0.0,0.0,0.0,0.0,False,False,False,False
f8db24aa3d7277c33d03a2e6,gpt-5.6-sol,restricted_search,cost_moderate,cached,528d76ca8c62b47dcfa6f2eee257f2b07c5a3054141af252f6146ae003ef37ab,0.0,0.0,0.0,0.0,False,False,False,False
c3b7e2138bcfbf759cc40c25,gpt-5.6-sol,restricted_search,cost_moderate,cached,6d62539c78f4ffe74347d38e3cda0a99a7385eb55c529f7b4a910dd0b482e734,0.0,0.0,0.0,0.0,False,False,False,False
ca24cd690b9250c0648764a1,gpt-5.6-sol,restricted_search,cost_moderate,cached,068cb6fc4a649de8a46181efacc008260920e746d18671da66b211d81e5f66bf,1.0,1.0,1.0,1.0,False,False,False,False
5b70da4f2145b2865b952f25,gpt-5.6-sol,restricted_search,cost_moderate,cached,30b8ed3019bfe03ebd868303c2b8bd04f8611823ae1df4a42f5157b02117df97,1.0,1.0,1.0,1.0,False,False,False,False
64b93f667571e16e0a6e66a5,gpt-5.6-sol,restricted_search,cost_moderate,cached,66afc87aa14da6a5c7f5d7e22e5eb5413fe50acf934416e7b7f993359f7e308f,1.0,1.0,1.0,1.0,False,False,False,False
3d8e698b1c2070ad0fbd8b16,gpt-5.6-sol,restricted_search,cost_moderate,cached,7f2db06f1eecf82a4b9b6ac13d352160ee0e6a8711adee20731788a5f6cb910d,1.0,1.0,1.0,1.0,False,False,False,False
418655847dfd317306bd7709,gpt-5.6-sol,restricted_search,cost_moderate,cached,e9a230656691b05dd1339703d398eec94b19e5b5430cb3a7400609dd593985e1,1.0,1.0,1.0,1.0,False,False,False,False
b0a448ab6aa89a166e86d949,gpt-5.6-sol,restricted_search,cost_moderate,cached,b822a5d5d4388e6a0344ab8b5bdc70e1b6dc1e6311cb6e7552228d2c20db0adc,1.0,1.0,1.0,1.0,False,False,False,False
d8ced3902343e707482ec169,gpt-5.6-sol,restricted_search,cost_moderate,cached,9f92c6a075cb292d5f2311aefae3b0184718fadc3f2196fe4845e62f6eab59e1,0.6666666666666666,0.6666666666666666,0.6666666666666666,0.6666666666666666,False,False,False,False
1a22af8c530c5c37dd27aca5,gpt-5.6-sol,restricted_search,cost_moderate,cached,61039dc77bf02f74cfd24e8e2df462a0316d0383d1e905151021111b56a58c88,1.0,1.0,1.0,1.0,False,False,False,False
48fa2dbd35f65378680016e0,gpt-5.6-sol,restricted_search,cost_moderate,cached,2fd4c9c265e49e0a9cff27ba3c9f2aaf3ba8a887345fe47150005e3bbc224e48,1.0,1.0,1.0,1.0,False,False,False,False
37e0067bd02592e3024d5b62,gpt-5.6-sol,restricted_search,cost_moderate,cached,52c54257c13af099b9b81b81f932e32fb777c8db0e4859bb71b64f34fff170c2,1.0,1.0,1.0,1.0,False,False,False,False
d2a8b55a8e2b5c31c3acc502,gpt-5.6-sol,restricted_search,cost_moderate,cached,c0ac634b64236c59c4d9f29cca22959b86e7073eb9dcc4ebba3ef7f748e1cacd,0.23529411764705882,0.23529411764705882,0.23529411764705882,0.23529411764705882,False,False,False,False
e99379f27af7b6df80ab6457,gpt-5.6-sol,restricted_search,cost_moderate,cached,d68a1c74259e9412d40ca9a40ce5371d05d5614d8979e6b8fa159b10d1c17291,1.0,1.0,1.0,1.0,False,False,False,False
a96b422316ecbbe7c2b5bc53,gpt-5.6-sol,restricted_search,cost_moderate,cached,43b6642a2ac85c236891ec9b666c83b0651e4eecfd9cb09de5ec5d13dd03c273,0.0,0.0,0.0,0.0,False,False,False,False
57d209ab3f8242ed874a9a9c,gpt-5.6-sol,restricted_search,cost_moderate,cached,cae88315a5683ba669facfcb1af43d0778f5622d8cb6049e68a262434adedcdd,1.0,1.0,1.0,1.0,False,False,False,False
2e07db0b45bfcdcbdb2aba10,gpt-5.6-sol,restricted_search,cost_moderate,cached,e516a7dd1af8f4ff95fa9761085a36bbc8cdef6e4a266c01075458a223484031,1.0,1.0,1.0,1.0,False,False,False,False
73f585b2bd6ac3a1170a67f9,gpt-5.6-sol,restricted_search,cost_moderate,cached,fceec8bb687a8954bba0ab225759547101a6aad52666df50405b78d5318b9c8d,0.0,0.0,0.0,0.0,False,False,False,False
6dea29b87db5dd6ac6095a89,gpt-5.6-sol,restricted_search,cost_moderate,cached,036ce98bad42e770a589638f0d8b336277151ceeae4e2ea26bab8b2622161bf0,0.5714285714285715,0.5714285714285715,0.5714285714285715,0.5714285714285715,False,False,False,False
16666aea7f1b276e8f9f8978,gpt-5.6-sol,restricted_search,cost_moderate,cached,baea4963dc02361169fa4e452ffcea4f6606ecf8eb36bcad7f714427dd62b866,0.0,0.0,0.0,0.0,False,False,False,False
a7df2a856e0b2dd9eb9f36bb,gpt-5.6-sol,restricted_search,cost_moderate,cached,898e44f7ba062d94ec2b5819f7786cbf87c9905f831eb80ad308bc5223818e72,0.0,0.0,0.0,0.0,False,False,False,False
c780aee51c6645638fa6e9c7,gpt-5.6-sol,restricted_search,cost_moderate,cached,6901a022a9fbe056e7c7d0de8a97c5eb1e06dc72354b8d0efa5b2fbcd735de05,1.0,1.0,1.0,1.0,False,False,False,False
d587566e5febf9e416891704,gpt-5.6-sol,restricted_search,cost_moderate,cached,9b0f0cca38b036fa2aebaf271f1bb0c018ea6e0200bfea227afd1be62ac6dcbe,1.0,1.0,1.0,1.0,False,False,False,False
370c93e492e27371fc5e38c2,gpt-5.6-sol,restricted_search,cost_moderate,cached,a34b89defa07283edc673093bf4a6af6e557d8eca992b137b9a4926924fac5df,1.0,1.0,1.0,1.0,False,False,False,False
d694a6a023ba4cf40795f98d,gpt-5.6-sol,restricted_search,cost_moderate,cached,69610314c1d75a590103b36f9ae0af1dccdb0775231e62be06b8fba6c593c7bc,1.0,1.0,1.0,1.0,False,False,False,False
fbb4a9155d8ec9a0c9139a45,gpt-5.6-sol,restricted_search,cost_moderate,cached,07cdd3f8a780f9d81efe23c6643d951ba88ccc3515d30cb77c7aa0bc52263de8,0.4,0.4,0.4,0.4,False,False,False,False
9247743769ee63c07e305fd6,gpt-5.6-sol,restricted_search,cost_moderate,cached,93952935dbe76d744a1a9dc632565ac1d2bc1a6ed22df2327fe5b1b260a664c2,1.0,1.0,1.0,1.0,False,False,False,False
29680c542891838b7df1c04f,gpt-5.6-sol,restricted_search,cost_moderate,cached,df4bdff8911a125e0636140447770ac0c329813980dd24ced6e56a7b9fb4043d,0.0,0.0,0.0,0.0,False,False,False,False
cc54a79353d5d14edbb28644,gpt-5.6-sol,restricted_search,cost_moderate,cached,0c0b4222df3e8eb3a659949d771f45d6249817c0489635370073f802b904d95e,1.0,1.0,1.0,1.0,False,False,False,False
78409ab24fc9bae6b6a20355,gpt-5.6-sol,restricted_search,cost_moderate,naive,3a7d0818441fa870697069559f6aff70ae98ae59a8360008e95b34b17a8ea39f,1.0,1.0,1.0,1.0,False,False,False,False
4d5f6d2aa9e41e1ed0e62be6,gpt-5.6-sol,restricted_search,cost_moderate,naive,9ce1b9334abf57d84203b3f7031ca4355b02ccbf0dace88d4cf4b0e42480c68c,1.0,1.0,1.0,1.0,False,False,False,False
89d82a28417446a1a246c095,gpt-5.6-sol,restricted_search,cost_moderate,naive,a62c3d31c1e17ea3c63ad9b3c1249f1883513fd6d36e6b77949a6994a316cf9d,0.0,0.0,0.0,0.0,False,False,False,False
abb2404cf567d2cf6776c0c6,gpt-5.6-sol,restricted_search,cost_moderate,naive,3ee7ea318d46d4f30d4f4b9df8f7c9a4b7312cf8077f82f041d3f04724cc8811,0.0,0.0,0.0,0.0,False,False,False,False
70e5344066dc5e71795e4d7d,gpt-5.6-sol,restricted_search,cost_moderate,naive,cc068e593a3681fc5e90b5e6af16ade06af06ef94ca863c5fe27b99c899f6749,1.0,1.0,1.0,1.0,False,False,False,False
6b3f28efe7e181938421743a,gpt-5.6-sol,restricted_search,cost_moderate,naive,697d376b54ef75cb3d2d2d6844186c6827b29e90daa52981ad1a549c3955b507,0.0,0.0,0.0,0.0,False,False,False,False
3364fcc51990557b80bfa685,gpt-5.6-sol,restricted_search,cost_moderate,naive,46409b1cc78c4b47de33b60267664a7178dd4913005edee70fb0d0bec99acf58,1.0,1.0,1.0,1.0,False,False,False,False
d3552e16302986f00c9b1a11,gpt-5.6-sol,restricted_search,cost_moderate,naive,eeee66dbe8a419b8c1a77a377a14bdf3f1ff9dd3f0f0474b6206b51766c22c68,0.0,0.0,0.0,0.0,False,False,False,False
dfa8097b0e6abdf86e0988ab,gpt-5.6-sol,restricted_search,cost_moderate,naive,b9abd394e430419f28bbc2a5644e5dee3a24f99c92e159bf8274223d70c1ddfe,1.0,1.0,1.0,1.0,False,False,False,False
9c9803cc433f0439938b7d7b,gpt-5.6-sol,restricted_search,cost_moderate,naive,66def075453d5f2148aab5548a41c207b08f39091cfc1b108d12c3489addb08a,0.0,0.0,0.0,0.0,False,False,False,False
7ae851161d3ea7dffe30d0db,gpt-5.6-sol,restricted_search,cost_moderate,naive,9074d35a906efcdc43aaee7949c9febfcc24715829f320364fbcbcb7bf68e80d,0.0,0.0,0.0,0.0,False,False,False,False
e36d11eb9e09e22c569300c5,gpt-5.6-sol,restricted_search,cost_moderate,naive,6df0b80665804d5f7ea0f8b28200ea08a34c58aa2be87832d407b1498b63e557,0.0,0.0,0.0,0.0,False,False,False,False
24f0979cf8f74a941b8f247c,gpt-5.6-sol,restricted_search,cost_moderate,naive,0a405bab3f0caadafb7a23227da5f55a30b863cb586daca7db6094895090c6c1,1.0,1.0,1.0,1.0,False,False,False,False
c4d52131bc3df7fbc05c338c,gpt-5.6-sol,restricted_search,cost_moderate,naive,66435120f82663e222963f5801a58bfda95254e5bd247390e9a88cf433ac487a,1.0,1.0,1.0,1.0,False,False,False,False
f9409f76e3d9c1d447995703,gpt-5.6-sol,restricted_search,cost_moderate,naive,db9c87d80091fd426710a8a28f221a126c70f072b5af320f949f1e535e5952e3,1.0,1.0,1.0,1.0,False,False,False,False
632533c869faa10a9cc5003c,gpt-5.6-sol,restricted_search,cost_moderate,naive,a4e574366cc7cc78fc9f257e9e55210bf61eba192779d6edcd414f252dec3075,1.0,1.0,1.0,1.0,False,False,False,False
66e38eb1223e238efdaf0244,gpt-5.6-sol,restricted_search,cost_moderate,naive,298180e7646c2f1a488479cbc6b92f18e84d49a4928da5b01b30db08ea010793,1.0,1.0,1.0,1.0,False,False,False,False
a73a6824a68abc618f3a28fa,gpt-5.6-sol,restricted_search,cost_moderate,naive,2f9fef97b31f8c98010e720482c635d3a8620e364365ab0994e77503b549eea2,1.0,1.0,1.0,1.0,False,False,False,False
5d106bb651a77ace8d16ba56,gpt-5.6-sol,restricted_search,cost_moderate,naive,517470216bd1eb011c21ea12bc95e24eb347145622e70269a19c6d288b9d8dfe,0.6666666666666666,0.6666666666666666,0.6666666666666666,0.6666666666666666,False,False,False,False
e7ac577ec03c6604aaa63c56,gpt-5.6-sol,restricted_search,cost_moderate,naive,fa0fe41b288f152652b93d16f4502bcf7587c425627dd46cd3d637138fbf71ab,1.0,1.0,1.0,1.0,False,False,False,False
93b7489b51e8e58337383f27,gpt-5.6-sol,restricted_search,cost_moderate,naive,a8e2a481c6a417f11c64dd0aad4e92341461a087727140ded6a1ccd6374a189a,1.0,1.0,1.0,1.0,False,False,False,False
3e4275a339c0aa2b2479efe6,gpt-5.6-sol,restricted_search,cost_moderate,naive,423e17b6529c9e7fe62e07c1f89e3f6d580117c3a36c7c8d6ff5de4bfdd06e02,1.0,1.0,1.0,1.0,False,False,False,False
5d2a4b239f6d66b191f812c7,gpt-5.6-sol,restricted_search,cost_moderate,naive,42ad223177e34fcaa4739975ee9c7644bd8bc4e0ecaebd0f2e5f68f40b823e9c,0.23529411764705882,0.23529411764705882,0.23529411764705882,0.23529411764705882,False,False,False,False
967c6a17a3775ce6cce94b4c,gpt-5.6-sol,restricted_search,cost_moderate,naive,13198d5884e66018a5023fdaf955315a52eca86a8afe9b08a4574c661483dc0f,1.0,1.0,1.0,1.0,False,False,False,False
f0ba79fe7af25ece329902fd,gpt-5.6-sol,restricted_search,cost_moderate,naive,5435bb0ed0ce7b19279ffda80703011fe66246050dcccd96db5bb082d71f8f75,0.0,0.0,0.0,0.0,False,False,False,False
52d6f86da1f4efbeb8a83b5c,gpt-5.6-sol,restricted_search,cost_moderate,naive,4225c9828a561c0953a7875ca10cb5425c4755b9dd542338282d09dd04f527a6,1.0,1.0,1.0,1.0,False,False,False,False
0a036e983995030b91e584ce,gpt-5.6-sol,restricted_search,cost_moderate,naive,b7df4d08a5163cb4fa8e3cee7084055c12ef37afa694759a1565c542330c71ec,1.0,1.0,1.0,1.0,False,False,False,False
7af5e0596483ae8f5fefd2dc,gpt-5.6-sol,restricted_search,cost_moderate,naive,cc86d914e8988f92f4cb334ee86846ac12142e9b4af23ce00016fb3a72aa6389,0.0,0.0,0.0,0.0,False,False,False,False
5d151aee6b38eee52f25e9b5,gpt-5.6-sol,restricted_search,cost_moderate,naive,cb14f0e7e9a19beb4565c2a43fadf369433d00576362240202a1d665ec9f8032,0.0,0.0,0.0,0.0,False,False,False,False
2cf315a869fc001603bf63d7,gpt-5.6-sol,restricted_search,cost_moderate,naive,d406cbe9e6f05ffc5d893030e784bc1cb3f4384890bf105b1fad1a63dc8d4b7c,0.0,0.0,0.0,0.0,False,False,False,False
bcdf59b589b53e2e2ead6982,gpt-5.6-sol,restricted_search,cost_moderate,naive,7699f1d2dadc7d59a95960768c95605427f211dac9b475d1afe8c6994f3de61e,0.0,0.0,0.0,0.0,False,False,False,False
ddffcf1c3403dbad57ed7332,gpt-5.6-sol,restricted_search,cost_moderate,naive,7cfa75d591fd30fda9228524ede2de53e16ebeb302c4ab9cfcf3072a04fb3420,1.0,1.0,1.0,1.0,False,False,False,False
84ed476077b99afb6f9e652b,gpt-5.6-sol,restricted_search,cost_moderate,naive,d804a1565eb1aa97774061f0b0c682d7fb6c617fddec404517d3f7e2d1605c90,1.0,1.0,1.0,1.0,False,False,False,False
a44a1abffab3392f4b564483,gpt-5.6-sol,restricted_search,cost_moderate,naive,3520f9396b19127a28f2529e3fb6d604cc850a774db8eff869aeb26f59c52003,1.0,1.0,1.0,1.0,False,False,False,False
5287b7952d44a7ddcc7d387e,gpt-5.6-sol,restricted_search,cost_moderate,naive,61f3093e76670c3ddfe97648ab35bfa28e23f1f935715a8be0c6086548b296fd,1.0,1.0,1.0,1.0,False,False,False,False
dd4a615bb1a22a84f802ab23,gpt-5.6-sol,restricted_search,cost_moderate,naive,d90b2ecd598505b2793a2c1abbc4aabdfd9815b1630a81188f6692c4b6c35b57,0.4,0.4,0.4,0.4,False,False,False,False
8302673e1c8ba7d74b4fb8f1,gpt-5.6-sol,restricted_search,cost_moderate,naive,ab6737ec2c26336bdb78175a781f3f372e5a8fc42a47a95f13d9eed8f5e8d7d4,1.0,1.0,1.0,1.0,False,False,False,False
4a726ec9a8bacfffadee2a74,gpt-5.6-sol,restricted_search,cost_moderate,naive,bdf707883e0aff657d3985061013411b60c217f57592b78e42744ef6f99b3c74,0.0,0.0,0.0,0.0,False,False,False,False
c8609e6dbd81c2a623d05c32,gpt-5.6-sol,restricted_search,cost_moderate,naive,0ec53ec1451bca207e3f03131e1fc48c75eebee341c7b5c8e9615812dcbd5ce7,1.0,1.0,1.0,1.0,False,False,False,False
a115acdaf74e552ad327b0f9,gpt-5.6-sol,restricted_search,cost_moderate,poolact,857c9cc56cf8217e1f97d3a8bb451931aeb7af6050a051809f5629d5658f9878,1.0,1.0,1.0,1.0,False,False,False,False
656b0aaae7b54f4218b7706c,gpt-5.6-sol,restricted_search,cost_moderate,poolact,f1b282cecc506933c2b891e7d5f3dfa720f561a25511fd9713485226847906a1,1.0,1.0,1.0,1.0,False,False,False,False
891907f13766bf673a8bd91c,gpt-5.6-sol,restricted_search,cost_moderate,poolact,8d2ad33eefd79ae6501c296c27701a2ffc5b7f341b4b9d40ce3fef43b690613d,0.0,0.0,0.0,0.0,False,False,False,False
bb27c90c248281b8b12e46da,gpt-5.6-sol,restricted_search,cost_moderate,poolact,a0ad3605ef6473e8846cecc89dc8fb0abff76f11c549d4d7a4ef70a1872ab025,0.0,0.0,0.0,0.0,False,False,False,False
acf6903805d07012da6280d1,gpt-5.6-sol,restricted_search,cost_moderate,poolact,4ce34216a80c70f3af837f2ca4094fb4af11a1405b5abaaf04c4f8fe8af60e99,1.0,1.0,1.0,1.0,False,False,False,False
9c01cf9179dbc103168669b1,gpt-5.6-sol,restricted_search,cost_moderate,poolact,b9984ee68bd6582b9a6932020dbbd9de86da19500605c74b63b39de1e98d5f71,0.0,0.0,0.0,0.0,False,False,False,False
6d1c86243afafba0735230dc,gpt-5.6-sol,restricted_search,cost_moderate,poolact,8351ba1ca1ce7ee7e5d7dc7ecffd00359512d2073da8571103030f1ae00420be,1.0,1.0,1.0,1.0,False,False,False,False
70dfb3c7c843a03b5ff599d7,gpt-5.6-sol,restricted_search,cost_moderate,poolact,0286b8953d732cb6fc10edf40826c1b15c5e10cef833801300bbf6518fb7596a,0.0,0.0,0.0,0.0,False,False,False,False
d9359eea04f833158218d074,gpt-5.6-sol,restricted_search,cost_moderate,poolact,cc9b91e83e746561886fb31331868984f9a2752651cf00f0210749d2fb67fd12,1.0,1.0,1.0,1.0,False,False,False,False
079c18e0db7005328a882d6a,gpt-5.6-sol,restricted_search,cost_moderate,poolact,ecb94abb41c304e0106cea016da9d1e4c922d2f56a412496f02eae66e65555a6,0.0,0.0,0.0,0.0,False,False,False,False
e9377231f587d5f206871c7c,gpt-5.6-sol,restricted_search,cost_moderate,poolact,dada3fe6e0df59da578d6a79648324c5374dc3930699db5a251976d1cb8842c0,0.0,0.0,0.0,0.0,False,False,False,False
a258b1e6c98936da3187f6f1,gpt-5.6-sol,restricted_search,cost_moderate,poolact,18cc1a8788567b109daf499fe228e8bad6ff209419d0a684f80dab58749edc3f,0.0,0.0,0.0,0.0,False,False,False,False
d37cb9e70d0afcf9a9baecc3,gpt-5.6-sol,restricted_search,cost_moderate,poolact,236d2a5bf8d765850f380653a7a9624fab85e54e43231f641b24adf696b44aed,1.0,1.0,1.0,1.0,False,False,False,False
ca6af4f312eada24655fbf20,gpt-5.6-sol,restricted_search,cost_moderate,poolact,bc8d847e13e04cbed26dc44378f2af424abc56a82ef848e9e5c8c37295fddb59,1.0,1.0,1.0,1.0,False,False,False,False
97e6a93acef3942e178e914a,gpt-5.6-sol,restricted_search,cost_moderate,poolact,1a253937b5b82bd40b34685b149a375517bdb8911ffb14d9cea5cc69cccd3a6f,1.0,1.0,1.0,1.0,False,False,False,False
8202f04c6a4f12d6e47aff08,gpt-5.6-sol,restricted_search,cost_moderate,poolact,568bc54bc8f7294f950ce1fcc8cb5eafc7f7db634f48725437c803560744fb1b,1.0,1.0,1.0,1.0,False,False,False,False
670d809cd88a7a51ff11451f,gpt-5.6-sol,restricted_search,cost_moderate,poolact,301e43a79b99789842cd3c22cf289daa001f4fda0e6b4c1dfb44fc66579d417d,1.0,1.0,1.0,1.0,False,False,False,False
00fd3de3741d622cdfc575b4,gpt-5.6-sol,restricted_search,cost_moderate,poolact,b2b61ede8ecad8a73a2b9da26f35aedf4a33721486dab5637b0ee24b81ff2f26,1.0,1.0,1.0,1.0,False,False,False,False
27b14e891dc786998ce72e0e,gpt-5.6-sol,restricted_search,cost_moderate,poolact,d1da775b6ae714367b6fc22507c829b02fe6d49a33c858cf2ea5cd7e9399b173,1.0,1.0,1.0,1.0,False,False,False,False
f9f0ce459d191b475770ed29,gpt-5.6-sol,restricted_search,cost_moderate,poolact,1fb349696a297dff0824125a2db3282d38830d5e7dd8e744812ebde503379d60,1.0,1.0,1.0,1.0,False,False,False,False
fb3d92ee1cd22fb1f05d287e,gpt-5.6-sol,restricted_search,cost_moderate,poolact,ae0144003e5fcfaf5e7855a524c0f6e3879c68e81df9e728b8b155066af9b86d,1.0,1.0,1.0,1.0,False,False,False,False
0b56731982d2907d38d26d55,gpt-5.6-sol,restricted_search,cost_moderate,poolact,72d97b40f60ded418a1e21aeda955e26d7ec2ca0939deefdb1383bd42d1b810e,1.0,1.0,1.0,1.0,False,False,False,False
0941faaec77a33a493b176a7,gpt-5.6-sol,restricted_search,cost_moderate,poolact,4d951e1ab8922bc117c14bc2ee4bf1f3d21d3db995022c3f9cf57ffe476bf28e,0.23529411764705882,0.23529411764705882,0.23529411764705882,0.23529411764705882,False,False,False,False
a0bc1dc22675d217be745977,gpt-5.6-sol,restricted_search,cost_moderate,poolact,1e40f91ba552de3bb2d062340dcaebbf68c3ca86380c61a4d05edfd0b6f2bf49,1.0,1.0,1.0,1.0,False,False,False,False
94d3cf90a295e67a757639bb,gpt-5.6-sol,restricted_search,cost_moderate,poolact,0eb2eca8c83344c815907a0b7bf5fb6049dd0e43e5a810aeac6f0b2cef53c018,0.0,0.0,0.0,0.0,False,False,False,False
d0224171873556e6a281d17e,gpt-5.6-sol,restricted_search,cost_moderate,poolact,40aff3aba1b1437d59c0ca4dbdc3611d919c779d7168bbaacf196844af3ca530,1.0,1.0,1.0,1.0,False,False,False,False
245b91e1b96a0a69cd5ad5f3,gpt-5.6-sol,restricted_search,cost_moderate,poolact,d1895bd7e2081c8deb76092e95ed159c015abc7fcc7ff53797bd19b8eb7392b7,1.0,1.0,1.0,1.0,False,False,False,False
e6450a2150ca4a7af1b58eae,gpt-5.6-sol,restricted_search,cost_moderate,poolact,dc9b1fe560cccc67183fd02553d3569e91bf9d9ae79899a7d0ab3f954d61ff43,0.0,0.0,0.0,0.0,False,False,False,False
e2071951af985723cde20342,gpt-5.6-sol,restricted_search,cost_moderate,poolact,244dffb88738a9f8ece8ca18fec8987146717c6e1a7478248bd1f8df5b2eb999,0.0,0.0,0.0,0.0,False,False,False,False
165b0194303f3902776ed099,gpt-5.6-sol,restricted_search,cost_moderate,poolact,a56c369bb8f6294197d118a52a69af04438c3bd72fcd1c81240546c333aabb5c,0.0,0.0,0.0,0.0,False,False,False,False
8fe8afc3f60fef5ed51364a9,gpt-5.6-sol,restricted_search,cost_moderate,poolact,c3578d3966c6c7ad6ba063fffcc8d6910cb811e47c737e31ef9d0f56d982fe46,0.0,0.0,0.0,0.0,False,False,False,False
99bc3df4cc0c8ee501e2985d,gpt-5.6-sol,restricted_search,cost_moderate,poolact,0dbc1928b5bae8955943df86dda7489851c432e5aea96db3e26dc4d617667c53,1.0,1.0,1.0,1.0,False,False,False,False
486b9e19c02b5b6b38cf41e4,gpt-5.6-sol,restricted_search,cost_moderate,poolact,279645bb52ccd1451f09a1ccf6a83621ed6e9a8434288de974f3d7b6993d0e57,1.0,1.0,1.0,1.0,False,False,False,False
dbe5945c3815eb87eb75c233,gpt-5.6-sol,restricted_search,cost_moderate,poolact,798dff276f11e5bf0a2d253f0f23857160c6b1e204d7f975f04259c726bb85fc,1.0,1.0,1.0,1.0,False,False,False,False
8318bbfbeb7a02fb56caf62b,gpt-5.6-sol,restricted_search,cost_moderate,poolact,4af1c94145445a589e418786168f6a1be722bf83a77577581b78290adc454f49,1.0,1.0,1.0,1.0,False,False,False,False
a688be807acc40646eaf5947,gpt-5.6-sol,restricted_search,cost_moderate,poolact,dae3e6bcbab890ba8c814a5f33ae5a6ea13178911fbe7ba5dadaadd3bb7900f2,0.4,0.4,0.4,0.4,False,False,False,False
51e1fd76bd2a354f33d7ee81,gpt-5.6-sol,restricted_search,cost_moderate,poolact,2fb9d4641a45027aa256d9d0bb43e87a64fb16a06e3b83b4e7cb33b7e5a615bf,0.0,0.0,0.0,0.0,False,False,False,False
6ce037c12d0fb83631b3112d,gpt-5.6-sol,restricted_search,cost_moderate,poolact,96acce17a7a80733fa252aea3cbd52a27ff9f3cb22b6719fb693d62a5a6089fe,0.0,0.0,0.0,0.0,False,False,False,False
936b938fa6753a357285e9f2,gpt-5.6-sol,restricted_search,cost_moderate,poolact,4e42439aa3c2f89a281ec8e45b2010ef46b03e7d20bdea5b0de73144b569e501,1.0,1.0,1.0,1.0,False,False,False,False
b361fb2388f6eade77e1bc85,gpt-5.6-sol,restricted_search,cost_tight,cached,1aa037c266b17352255f29a961d8080c6ee1e5971b5da89d35de48bfaa2793b6,1.0,1.0,1.0,1.0,False,False,False,False
aabb37fd5f98c077a5daaf24,gpt-5.6-sol,restricted_search,cost_tight,cached,2a1ee1bb784dfed761ce94b17fee74a5841b57c64265d8e45b21ff517d22dbf4,0.0,0.0,0.0,0.0,False,False,False,False
d5b2876886c31c4497e8a6d8,gpt-5.6-sol,restricted_search,cost_tight,cached,322b4df32a29764b6cbf583b94520f13897c596c400c5fc58d6914e40d942a4c,0.0,0.0,0.0,0.0,False,False,False,False
5527132b647a706c0b9b0a0a,gpt-5.6-sol,restricted_search,cost_tight,cached,d66f41e094ba2e168a38d4bc148b37299f16c2d01716581f142afb24c12b6bed,0.0,0.0,0.0,0.0,False,False,False,False
56e90a111752543056b39ab9,gpt-5.6-sol,restricted_search,cost_tight,cached,6b9501984dfae6ca61631813d7106af8f3d19f13914550234e7b05521b774992,0.0,0.0,0.0,0.0,False,False,False,False
2f39630ea33ef8b7447ec471,gpt-5.6-sol,restricted_search,cost_tight,cached,d14217793bea1d08f7cf699ead90da8f7c66bd8ea455ce334ffcba318d50d064,0.0,0.0,0.0,0.0,False,False,False,True
96b7d8ae2e0902a92ef9b8a6,gpt-5.6-sol,restricted_search,cost_tight,cached,37271eda39678d119b8a4ad68e2f93481324ae4f8727c6ad4dbdebdd3a707ca7,1.0,1.0,1.0,1.0,False,False,False,False
9ba6f5c19f25dd8c4f30b018,gpt-5.6-sol,restricted_search,cost_tight,cached,6c0ffab5a1f35015a5041f37c60334345b50dfe11671727acc700311135dcba0,0.0,0.0,0.0,0.0,False,False,False,False
9385285e344409b395528954,gpt-5.6-sol,restricted_search,cost_tight,cached,f528c4f8b730bd16f5db837ab337a6e2002066a11d9e0fb560b6511e840c7e1e,0.0,0.0,0.0,0.0,False,False,False,False
f07697f3530c3b62db5989cc,gpt-5.6-sol,restricted_search,cost_tight,cached,b47d595d623e32db5cc7eec28daabf787abaa587285b3c906fc1700ac1aea244,0.0,0.0,0.0,0.0,False,False,False,False
73d1fc823080354bd77ebd76,gpt-5.6-sol,restricted_search,cost_tight,cached,39afc12de98f916c46f7ecb6e06f923e36bf9655f68ec1931b38d8a05e3f925c,0.0,0.0,0.0,0.0,False,False,False,False
23bd8fc5e949bb57effb35f3,gpt-5.6-sol,restricted_search,cost_tight,cached,7e08cffd6d51c6ecda7fdfa05169b2d7f411b3bcfe8c8dc55034f3792af2f67a,0.0,0.0,0.0,0.0,False,False,False,False
ce67bb85e5749fde465fde3a,gpt-5.6-sol,restricted_search,cost_tight,cached,943cf6db6e98a35c19642e2c09e54559a1da11e5d6169d9ffd2136b92e392667,0.0,0.0,0.0,0.0,False,False,False,False
7e05a6d72c9a2a7349cefdb8,gpt-5.6-sol,restricted_search,cost_tight,cached,8297889524fa890be3c5a613e500b19da2413b5d8273853dc43b4f34af666a4d,0.0,0.0,0.0,0.0,False,False,False,False
fbf9f0055487339486f7b5c5,gpt-5.6-sol,restricted_search,cost_tight,cached,dbd0cdab7a8f19184aaac3772d97be82145b806ccc0a9e68886543de838b47af,0.6666666666666666,0.6666666666666666,0.6666666666666666,0.6666666666666666,False,False,False,False
1ba806d4351061fe3b60c182,gpt-5.6-sol,restricted_search,cost_tight,cached,bd60a9cc95c20c0316791541d3e4fde27ee7ac0d95541c09449f3007d8ca3895,0.0,0.0,0.0,0.0,False,False,False,False
6aceeecb938fd601304f9609,gpt-5.6-sol,restricted_search,cost_tight,cached,37872145427ee020ebf11c854ad04194b642c8cbbb53fd96884abad4f355c4e7,0.0,0.0,0.0,0.0,False,False,False,False
934a66a7f87ab45678260ecb,gpt-5.6-sol,restricted_search,cost_tight,cached,e8465c4f01317400bd0cae4b161c895949a0603840b1eded8eeb99d000493c8c,0.0,0.0,0.0,0.0,False,False,False,False
862ed3e81eda99ce4dca3489,gpt-5.6-sol,restricted_search,cost_tight,cached,6651978b0a0d465b9c4d2dabc21560c8b5a94b660d47b326dcdf538299742914,0.5,0.5,0.5,0.5,False,False,False,False
2c1dad0a041a1a43c04e1fcf,gpt-5.6-sol,restricted_search,cost_tight,cached,312eae5c21a0ab916fdff166adf9ddf50bbd7b9c7a821048a67da9334182d992,0.0,0.0,0.0,0.0,False,False,False,False
18d6b60dfe31cb794144b33f,gpt-5.6-sol,restricted_search,cost_tight,cached,bfa8e41961fd727181daa487785df1c3b4b4607901ec0714b4e25457d2058869,0.8571428571428571,0.8571428571428571,0.8571428571428571,0.8571428571428571,False,False,False,False
35737410b78f4463d3ef6448,gpt-5.6-sol,restricted_search,cost_tight,cached,5d1ae02c8631a2259106a88ccc96a8a4860d391961467bc7c1d5a9afaca8bd3c,0.6666666666666666,0.6666666666666666,0.6666666666666666,0.6666666666666666,False,False,False,False
3d18abddccb79e29838a3a2c,gpt-5.6-sol,restricted_search,cost_tight,cached,69e203cae7c89a484710759b8ad74bd6b7d83a47c125daebca367acdf4c82a6e,0.23529411764705882,0.23529411764705882,0.23529411764705882,0.23529411764705882,False,False,False,False
b5bc6c0855b6f32233ae56bd,gpt-5.6-sol,restricted_search,cost_tight,cached,a97c3303e5ebf99306a3b8d82706c5602912b6cb8002f8b0ef50fbea9d1a1b5f,1.0,1.0,1.0,1.0,False,False,False,False
cf6cbed38e6e35a4cb382bef,gpt-5.6-sol,restricted_search,cost_tight,cached,b17f965d3dc87761044ad73c2d8ee8eea89bc2b4b43d1610f2d390c57e0d0627,0.0,0.0,0.0,0.0,False,False,False,False
1873883dd264d81299afd39a,gpt-5.6-sol,restricted_search,cost_tight,cached,4fa9801726453ad154acb38d8e71c0d4e6affeaf768b3794c26494452f8b6f02,0.0,0.0,0.0,0.0,False,False,False,False
281037ea00f4bb9675c72663,gpt-5.6-sol,restricted_search,cost_tight,cached,4b7b5f5dd1fc50232bd5843446c173d39cdc03910de6a849b6ec7d6472f73648,0.0,0.0,0.0,0.0,False,False,False,False
8b61f3ed819a91d2766af42e,gpt-5.6-sol,restricted_search,cost_tight,cached,afa76c7656741396d15a148812afb8c739ceda8a16bdb7df8f3c0c4ec13f67f9,0.0,0.0,0.0,0.0,False,False,False,False
223853f54ca35609f82db7b2,gpt-5.6-sol,restricted_search,cost_tight,cached,64486448d1ae127822632f188ba2d088776d3ff2c602d622e01360b4d3850dda,0.18181818181818182,0.18181818181818182,0.18181818181818182,0.18181818181818182,False,False,False,False
6ed8b99a8773cb390c7ab47c,gpt-5.6-sol,restricted_search,cost_tight,cached,6f2c349d2422c6ea96041e8de4ead35d8f459c89ff6e0d7a9cae32848b080bae,0.0,0.0,0.0,0.0,False,False,False,False
b806815cbcf1ef4bdfd86b48,gpt-5.6-sol,restricted_search,cost_tight,cached,c647bc99c988841120fd47fb4414f67f179105570e742ff5b8ed79acc9173d5d,0.0,0.0,0.0,0.0,False,False,False,False
fa4a29e4d44d7dea140716df,gpt-5.6-sol,restricted_search,cost_tight,cached,746ae2286945b882ca8d30f8d3d2308cb958a98fb73981dc74b8bd6251d2bc66,0.0,0.0,0.0,0.0,False,False,False,False
a5bcd698efca5b39c8cfe30a,gpt-5.6-sol,restricted_search,cost_tight,cached,e7976da3157e0060bac28b57ba5d4d0264b64b645b79a58771ae6538ad9f3e92,0.8,0.8,0.8,0.8,False,False,False,False
b9e4c99f3056bf03efe453f2,gpt-5.6-sol,restricted_search,cost_tight,cached,2c17f0371d898350165f1a055538432a10adbf0f5200229cab89ae2a336c10a1,1.0,1.0,1.0,1.0,False,False,False,False
56142877a067fbd5d13b84c8,gpt-5.6-sol,restricted_search,cost_tight,cached,3465baa1cce01bffa9b9c7c6dfc359e0156f06169fcaff637df95e18d184a334,0.0,0.0,0.0,0.0,False,False,False,False
6dc9df85377a8c2ba4a7cd64,gpt-5.6-sol,restricted_search,cost_tight,cached,cafaa1eb50a2badd99b6572c33f6ecd01de12db7f0504efd4637236398e0af16,0.0,0.0,0.0,0.0,False,False,False,False
adf389165ff0b817137a05cf,gpt-5.6-sol,restricted_search,cost_tight,cached,dd5a53ce72479b79a532231993a6bdf5fd35d9620558f797fb6ff842f260ec5b,0.0,0.0,0.0,0.0,False,False,False,False
624597d91ffb32d4b6a1f6cc,gpt-5.6-sol,restricted_search,cost_tight,cached,89c38a1a33e55e79ab24680435b7318173cb366419f172451593de7a961386a9,0.0,0.0,0.0,0.0,False,False,False,True
d78e660fdf3282f7709658e0,gpt-5.6-sol,restricted_search,cost_tight,cached,dd26e1ee39d234291b09198e4aaa63d5641bd75d24087205375de14a2878b9f4,0.0,0.0,0.0,0.0,False,False,False,False
623b44b2eacf6d4e43e0b432,gpt-5.6-sol,restricted_search,cost_tight,naive,e4b60d30be26bb5bdeebd51ce9a36bbaa7dbcd96d95b51fa9330fc6458431362,1.0,1.0,1.0,1.0,False,False,False,False
878b233b356c6ef026af2757,gpt-5.6-sol,restricted_search,cost_tight,naive,69ab1757cd5b9389bf02ecebeb42fb15372b765aa96936d5c9c7b25f45949b18,0.0,0.0,0.0,0.0,False,False,False,False
863ecba23eb78a7c4d913102,gpt-5.6-sol,restricted_search,cost_tight,naive,88f55f4830e92e1d910da03aa279bae9002c1288fd91cc12f36c3ace9a3caddd,0.0,0.0,0.0,0.0,False,False,False,False
3e6c7aca57fcdf328a703bed,gpt-5.6-sol,restricted_search,cost_tight,naive,49efeec667aa01515f9ca9377015f2657ccc92436eb91882c19b89157bb242f7,0.0,0.0,0.0,0.0,False,False,False,False
f262dfa0d89e93e8f0302d05,gpt-5.6-sol,restricted_search,cost_tight,naive,c1929a031e49edc7aaea006a67bd141bd30d4c7210541292183a8853df9061cf,0.0,0.0,0.0,0.0,False,False,False,False
37919ceb0360ef4fa87ce72f,gpt-5.6-sol,restricted_search,cost_tight,naive,2c5281fe70b1e3b0c8c655dcafd610de80e42b4189ca40989399f1b2a2e7c4b2,0.0,0.0,0.0,0.0,False,False,False,False
678426e81f1a46dd0d1ff2fc,gpt-5.6-sol,restricted_search,cost_tight,naive,e996b673af037a3855923b10666ab37b0d313c20256f62d01543e89124f31424,1.0,1.0,1.0,1.0,False,False,False,False
11144d13f20cba6f79397d30,gpt-5.6-sol,restricted_search,cost_tight,naive,4c0ed2db2990fb8a65746f1174b9ac13fba8afec7dc16e5835a9bcc2e0849a53,0.0,0.0,0.0,0.0,False,False,False,False
62c8184da5faf3c87429d316,gpt-5.6-sol,restricted_search,cost_tight,naive,a988fae27d5922ee05f57b4a04f00b2aceb4590d58e448b647ae35eb616f9625,0.0,0.0,0.0,0.0,False,False,False,False
b14ece06bf5ca5db219d0832,gpt-5.6-sol,restricted_search,cost_tight,naive,836349ba7ce480b5cace769fb3cb17fb13b2a6284b7bdb9991217e28a00c404b,0.0,0.0,0.0,0.0,False,False,False,False
fc9c433186174336ad587526,gpt-5.6-sol,restricted_search,cost_tight,naive,a4a4ab57b41443a9eec9b4fd5f533c880944e12f647afee5495506ab00f75bc2,0.0,0.0,0.0,0.0,False,False,False,False
4fef3fdfb0fd972dec528b64,gpt-5.6-sol,restricted_search,cost_tight,naive,0a7765990dce74de23c9f7acc403d9971171d71a9b86d8bd6492d733e9f90d5e,0.0,0.0,0.0,0.0,False,False,False,False
ee02a842c37f649d1c96a9bd,gpt-5.6-sol,restricted_search,cost_tight,naive,90eb696aa0f00b20f8d4063155ad1bdd7d95258cc36b1811ce720df7cca02ad2,0.0,0.0,0.0,0.0,False,False,False,False
d8d135c4180a0c3547c2e202,gpt-5.6-sol,restricted_search,cost_tight,naive,6f490d95f509a0903a359658eae5660e7e532cfd291e712bc609569970d7cd45,0.0,0.0,0.0,0.0,False,False,False,False
57ddd80b20517b253b47956d,gpt-5.6-sol,restricted_search,cost_tight,naive,e639c42d4a59661f67b9748bde8cdb50bfa58d8c2a783e6a87174e6653f65987,0.6666666666666666,0.6666666666666666,0.6666666666666666,0.6666666666666666,False,False,False,False
665ceb643abbe1763ce06393,gpt-5.6-sol,restricted_search,cost_tight,naive,4e55fd70a426d31e19a11e9de47a01904f7d06b701d8bbb4be84257fe5d5f711,0.0,0.0,0.0,0.0,False,False,False,True
ffdb519017d038995b1170cd,gpt-5.6-sol,restricted_search,cost_tight,naive,814ffce5375345ff4bbe60a65859369a17179588b4b1731550f5925cb3ae8323,0.0,0.0,0.0,0.0,False,False,False,False
ab1c6111e9d3c7100753c10c,gpt-5.6-sol,restricted_search,cost_tight,naive,021268c2b7f69d9c05ff5ac1b9ddc8f6653248f7b2b782f9f0758158f9b60b07,0.0,0.0,0.0,0.0,False,False,False,False
8402792f3b0f95ab94b2b797,gpt-5.6-sol,restricted_search,cost_tight,naive,610f7356451c0c18053c66418322ef296c719ee23266c4497579578a6a0fa003,0.6666666666666666,0.6666666666666666,0.6666666666666666,0.6666666666666666,False,False,False,False
476a7ae5e894fc2986a0440c,gpt-5.6-sol,restricted_search,cost_tight,naive,0b1b323c9fd60a9b33b424e2f011ca94cbc4c942ede3c767e7e8ccdcd3f75e3e,0.0,0.0,0.0,0.0,False,False,False,True
36661e6db652b1d1c8596832,gpt-5.6-sol,restricted_search,cost_tight,naive,f8941fe8c786bebb4e54af23de4b07f72005dcee3b8959f89700477794c24d4c,0.4,0.4,0.4,0.4,False,False,False,False
cdc77715af4e0aa139aa719a,gpt-5.6-sol,restricted_search,cost_tight,naive,31790eafced3f748460bb4fa12a50814a362fff79f2e9ad13acc6f95c5b800b5,0.6666666666666666,0.6666666666666666,0.6666666666666666,0.6666666666666666,False,False,False,False
1fb0c2a9a0d48f7770ed3544,gpt-5.6-sol,restricted_search,cost_tight,naive,0056d4ac3ea536611a2f764fed5c2bb8e850035039ca39cb63d9859c4c335747,0.23529411764705882,0.23529411764705882,0.23529411764705882,0.23529411764705882,False,False,False,False
72cdb753fd6fd7d97c87955e,gpt-5.6-sol,restricted_search,cost_tight,naive,2b52b6d9cf87c51ec3f8e18b274f3764e10dc7a8816a9d0ef4051a7b952c2fc0,1.0,1.0,1.0,1.0,False,False,False,False
012ecb1f8709c86535e5b2da,gpt-5.6-sol,restricted_search,cost_tight,naive,37c825146588bc323b42eed1cc2abcbad91355168663eebbc14562687762100c,0.0,0.0,0.0,0.0,False,False,False,False
5efaeb4a6a38b2d75223eb6c,gpt-5.6-sol,restricted_search,cost_tight,naive,dac748203adeb6c85ae322e873ac2621680539c27df157b2d764b81e6a916a67,0.0,0.0,0.0,0.0,False,False,False,False
f67667ba0961f1ba607a0a71,gpt-5.6-sol,restricted_search,cost_tight,naive,965ce88a876a87fa72513cbae4ac097f4fb016205248153605a05dd00543ad8c,0.0,0.0,0.0,0.0,False,False,False,False
1aae0556ba1a516577f01565,gpt-5.6-sol,restricted_search,cost_tight,naive,7a985c641ff4e12600f1a889964c7e6f6d3fa07ec9d17469d3defe8dc1076d95,0.0,0.0,0.0,0.0,False,False,False,False
5053277852300c73b9abc726,gpt-5.6-sol,restricted_search,cost_tight,naive,eb378d62a4888c0d61eba8a83408d006f5f1d54653788f2c1dcd38fd28d7ebbe,0.33333333333333337,0.33333333333333337,0.33333333333333337,0.33333333333333337,False,False,False,False
47623f6242048a7b8578100f,gpt-5.6-sol,restricted_search,cost_tight,naive,f7535e83604bd5f5dde76df1c97e2326d9a49eec8a55a31ed341505aaa255ed4,0.0,0.0,0.0,0.0,False,False,False,False
f3f4452dfaebf8e952b4c8e6,gpt-5.6-sol,restricted_search,cost_tight,naive,2949889d63703115230a8a68b02e48bfe55335857e4e33f1443298b687004dcf,0.0,0.0,0.0,0.0,False,False,False,False
e65d436465243555d461fb62,gpt-5.6-sol,restricted_search,cost_tight,naive,cded2d4d2359682728c2d8ff04d857378e32bb5a16ab9cd74f90d1745d4ff6fe,0.0,0.0,0.0,0.0,False,False,False,False
151902c29014542e73c45701,gpt-5.6-sol,restricted_search,cost_tight,naive,97d29b2adf8aa0f8c0f21de1ca4082a9762c6cb93d48b2e74474604622ec93e8,0.5,0.5,0.5,0.5,False,False,False,False
1b6d1add462ba969fcd23c78,gpt-5.6-sol,restricted_search,cost_tight,naive,476a56e34b7b5f074c787415a03622508b8c91c46445479478003d6f9647d6b3,1.0,1.0,1.0,1.0,False,False,False,False
cfce6d42a6014d8ee40d21dd,gpt-5.6-sol,restricted_search,cost_tight,naive,293a0127bc85498fa72a1a64b18f0637b4e3dfdb5e5cb8da7281393fccc99e2e,0.0,0.0,0.0,0.0,False,False,False,False
57acdbb93f032587cf3f081e,gpt-5.6-sol,restricted_search,cost_tight,naive,5a8ba0e0d9c21d5b19aa099175bf3a4011d8c344137938892090ebd2998dce25,0.0,0.0,0.0,0.0,False,False,False,False
048970a5df0fa041cff69f39,gpt-5.6-sol,restricted_search,cost_tight,naive,02faf5970af44a12f236e188d9946bd48b5524db53337dde4a2951745ebc97b2,0.0,0.0,0.0,0.0,False,False,False,False
3a0960b5c57ea0fcdbb909a6,gpt-5.6-sol,restricted_search,cost_tight,naive,ddc207cb1ed49687a95d84cad39182c4e8b1f7c3e0a06882d1f5d71e7534f993,0.0,0.0,0.0,0.0,False,False,False,False
a12dcc3fd6b8775b27977679,gpt-5.6-sol,restricted_search,cost_tight,naive,6f15eab2224c4a2d69ee73d664c7c5a7774aac6ee2a6d79c301d9e185ef227d9,0.0,0.0,0.0,0.0,False,False,False,True
3417c3817c85752af82d3519,gpt-5.6-sol,restricted_search,cost_tight,poolact,f81316539ede11441c412e1fb6d20dde14eab66e227e7380cd705b67da6a8a8b,1.0,1.0,1.0,1.0,False,False,False,False
4ae8c814dc9855663cd32813,gpt-5.6-sol,restricted_search,cost_tight,poolact,3db8446155a854c254c399d8491cd8ba2caa35a14f10b6335b104fb2a5fd89a4,0.0,0.0,0.0,0.0,False,False,False,False
0a7e578f686c061465c7d5cb,gpt-5.6-sol,restricted_search,cost_tight,poolact,7083c036ee96ba2d333ef8c8adbca8bc641ff7a27e8f7611454ef32697e23506,0.0,0.0,0.0,0.0,False,False,False,False
9aeee0163abbec3f6768f146,gpt-5.6-sol,restricted_search,cost_tight,poolact,58a42762dba1652ae50056e4163b5b13f903af612380b7c5d96bae90486ab8d0,0.0,0.0,0.0,0.0,False,False,False,False
f52590c837420220fe431791,gpt-5.6-sol,restricted_search,cost_tight,poolact,f1c2f93a5943639ab1b399f0f73fa150b993820e4c39242923bdb32765fbf098,0.0,0.0,0.0,0.0,False,False,False,False
6eb450058772a73a2534845e,gpt-5.6-sol,restricted_search,cost_tight,poolact,224ed7086ba29f4da487959201ad008414321b3c9e58eeada683c92339798d76,0.0,0.0,0.0,0.0,False,False,False,False
a85dec9db1d595464dba7a76,gpt-5.6-sol,restricted_search,cost_tight,poolact,d796da025d68715271b82fbd52c73eb4be5d30f777be05e6e7d633932c4302b0,1.0,1.0,1.0,1.0,False,False,False,False
ac7b44d42536160f1015dd08,gpt-5.6-sol,restricted_search,cost_tight,poolact,e87cf90dca8c0eae341e91783ff1fafad1cf73ea3a1c4ce2c9c6ba841055d479,0.0,0.0,0.0,0.0,False,False,False,True
137a20140814b6696b913840,gpt-5.6-sol,restricted_search,cost_tight,poolact,b05b4341b05e93191b55b69159e5809c0bd17928ba15566846aee7f53eee7c9a,0.0,0.0,0.0,0.0,False,False,False,False
5795f7e7e9884b8913a37145,gpt-5.6-sol,restricted_search,cost_tight,poolact,cffdfa799a30e64a3b2f20d6c04dea2f61c3776e98270f5fd9c9091058c33458,0.0,0.0,0.0,0.0,False,False,False,False
481abb5693442e46ae6ef99d,gpt-5.6-sol,restricted_search,cost_tight,poolact,39553ad6a1910fe78358f5b7da51c388af3242ca280b39735d5db963db0fba4b,0.0,0.0,0.0,0.0,False,False,False,False
6b32f08322accb723f30ae23,gpt-5.6-sol,restricted_search,cost_tight,poolact,fb1ca3d7d7bbf6c06dee0b418f36edd127962451f3e4e967fddc41c0b57b2ab2,0.0,0.0,0.0,0.0,False,False,False,False
30f7b9c636195d70f14beb6d,gpt-5.6-sol,restricted_search,cost_tight,poolact,231b1cb0a5e686f5dbfce5b367dfcae567b073f27abde4ea99f961b29af65e23,0.0,0.0,0.0,0.0,False,False,False,False
b845f64f24428168b068a5f8,gpt-5.6-sol,restricted_search,cost_tight,poolact,b1db838921e14ee80dc75c32ed105887ad3f3343e4c9e20c1dff78846c02f83a,0.6666666666666666,0.6666666666666666,0.6666666666666666,0.6666666666666666,False,False,False,False
0a92cf8201a1eb72b29cdc2f,gpt-5.6-sol,restricted_search,cost_tight,poolact,e9d878f15d09f0b9bf90bed9b3cde195a8bfba576bee7193143244e76e571c89,0.6666666666666666,0.6666666666666666,0.6666666666666666,0.6666666666666666,False,False,False,False
2bd69875bb45355dc21032f4,gpt-5.6-sol,restricted_search,cost_tight,poolact,98d492e0196237f2a13ba9572048e61b447106b517e34731a20e0be82d05523f,0.0,0.0,0.0,0.0,False,False,False,False
7f964f5dbe5000c45ffc5943,gpt-5.6-sol,restricted_search,cost_tight,poolact,c705e49e28277a4ee68a7a536cec1c6b9eb796bc92f23cf74c96d71543e66492,0.0,0.0,0.0,0.0,False,False,False,False
33d19c2f2ebac047622c5a77,gpt-5.6-sol,restricted_search,cost_tight,poolact,cef4cc7e229a414efa01e7ef52b2913994b9da8890653fe9e9433abd5bcb0bfe,0.0,0.0,0.0,0.0,False,False,False,False
2fffeeb7442b359b12112324,gpt-5.6-sol,restricted_search,cost_tight,poolact,433ccfff810459842d87e9ad141244a9ab8a0564607f5bb7fda901702f081386,0.5,0.5,0.5,0.5,False,False,False,False
83666217a9e9fcbb686a450c,gpt-5.6-sol,restricted_search,cost_tight,poolact,e9d1ec6a304ab18a49f9e74acb7985420387a562f61382d5f00351b1da89b0ae,0.0,0.0,0.0,0.0,False,False,False,False
3e997c60b35a8e338f00f45d,gpt-5.6-sol,restricted_search,cost_tight,poolact,fb9fc08253070552362da80944bebd089cb6b3b66d8c0127dce4de103f1d08b0,0.4,0.4,0.4,0.4,False,False,False,False
e7ab4f607d7c42c77d34dfbf,gpt-5.6-sol,restricted_search,cost_tight,poolact,1165f3eeeb866d6c389523328b73bb08e8b8b7c72a045c72c7cf40d2651c2d5f,0.6666666666666666,0.6666666666666666,0.6666666666666666,0.6666666666666666,False,False,False,False
02bd6bcca52260e62b2390ec,gpt-5.6-sol,restricted_search,cost_tight,poolact,4756ccdcf06b3c5829f7f9c1e7a760ac5b1971d7b0e69b9113f14abebf0905b2,0.23529411764705882,0.23529411764705882,0.23529411764705882,0.23529411764705882,False,False,False,False
086acedeeca96d4cbc17a7e4,gpt-5.6-sol,restricted_search,cost_tight,poolact,0bada77d0c23f8a1ae80a73500fdd63ed509971ef2c2e6a22f6a4d236c61b4c5,1.0,1.0,1.0,1.0,False,False,False,False
4a0d5df9af905c42faeee55b,gpt-5.6-sol,restricted_search,cost_tight,poolact,da1f7bbf26dc88e8589a3285cc14e63b2b63b90d3302ea304e4c74b2726c99e1,0.0,0.0,0.0,0.0,False,False,False,False
e152848c75a4dcbdf2b4a8d5,gpt-5.6-sol,restricted_search,cost_tight,poolact,da90d8c491eeba2f00188cc171bd031ba121ad21283d07fe7b7e0e9ab859971c,1.0,1.0,1.0,1.0,False,False,False,False
5186c0f992f9dc5647017088,gpt-5.6-sol,restricted_search,cost_tight,poolact,8494dfd9fd181df934fdada677c19ceec2f0aa3ad85e75555dd03ffd6e8ce9f8,0.0,0.0,0.0,0.0,False,False,False,True
efac354b7455ec4afa985c76,gpt-5.6-sol,restricted_search,cost_tight,poolact,0555a8e0db3792a9294744abd1a156db2ff3cb4bc702d08ed020de55ab96fe9d,0.0,0.0,0.0,0.0,False,False,False,False
fbedf8cc7c83cc79ab181b48,gpt-5.6-sol,restricted_search,cost_tight,poolact,7af67aa8764b14e97e4cb0826f8b75ad0277d8f12ec57c6907d9e0c7e08cefcf,0.0,0.0,0.0,0.0,False,False,False,False
ec37c35098485d28928a19db,gpt-5.6-sol,restricted_search,cost_tight,poolact,aaf8d41700935f7e6ae1b6683e4bf98078dd5be29cda8aa75f526df08db64ec7,0.0,0.0,0.0,0.0,False,False,False,False
0af2335c9e457023d62dec91,gpt-5.6-sol,restricted_search,cost_tight,poolact,f5c73c8c9b5bdd7300c29fa4c6ad30cf91089263d8862e208f97246ce22db34b,0.0,0.0,0.0,0.0,False,False,False,False
e6cee6597474814009c7eed3,gpt-5.6-sol,restricted_search,cost_tight,poolact,d490ec5454eb47c8b0c42fa967cd57d96200801377bc847a8d74000502a87742,0.0,0.0,0.0,0.0,False,False,False,False
963759af4048c1cac2924ccc,gpt-5.6-sol,restricted_search,cost_tight,poolact,988e4f54d75705b60e0fe7fa8bcce28539228a158be863b0bca534c791c8fe20,0.0,0.0,0.0,0.0,False,False,False,False
4e60539828e7558e4e85a849,gpt-5.6-sol,restricted_search,cost_tight,poolact,945a5d902f0e144c88c8d617a1fa25d76a08625abbf5e5063c5bb3eab9257e82,1.0,1.0,1.0,1.0,False,False,False,False
3da9d4e9a0e25be070e1ff85,gpt-5.6-sol,restricted_search,cost_tight,poolact,072ea282b68383729f997d87fd628fe3a401a30e1a9c70c6a406464b0d36da89,0.0,0.0,0.0,0.0,False,False,False,False
cd84d88f95a8cdba98283ac2,gpt-5.6-sol,restricted_search,cost_tight,poolact,402a03715a7a7b3b41a30a6ccde333c13cd847e7523af704b9f5c15418096296,0.4,0.4,0.4,0.4,False,False,False,False
1ed9f46013829a75b174e8f8,gpt-5.6-sol,restricted_search,cost_tight,poolact,bfb134715c64f4ba1396a65e55b420e41d0725763018b0ad7cefdb3c28b820b0,0.0,0.0,0.0,0.0,False,False,False,True
9410b2f08ae1739a99552b55,gpt-5.6-sol,restricted_search,cost_tight,poolact,b7699e51696d7c12c3fd7bef24cb5ca9c48c9f033ab80e7cf64d44e7c6e896ba,0.0,0.0,0.0,0.0,False,False,False,False
cc8d371526c2ca483de888b2,gpt-5.6-sol,restricted_search,cost_tight,poolact,1a3a89b1efff5331af232a49c1094e2e81fff2f6b3a6a8127dac717fe58b7272,0.0,0.0,0.0,0.0,False,False,False,False
3d83843585d46910ffbda484,kimi-k3,evidence_audit,cost_moderate,cached,e3532a3ec09a91e9d040d1fa00bed3636c6a3ad2d6070ada28cb713de179776a,"{""evidence_acc"":0.47058823529411764,""label_acc"":0.9411764705882353,""verification_eff"":0.0}","{""evidence_acc"":0.47058823529411764,""label_acc"":0.9411764705882353,""verification_eff"":0.0}","{""evidence_acc"":0.47058823529411764,""label_acc"":0.9411764705882353,""verification_eff"":0.0}","{""evidence_acc"":0.47058823529411764,""label_acc"":0.9411764705882353,""verification_eff"":0.0}",False,False,False,False
a62ab5e431d6f33c0f88a479,kimi-k3,evidence_audit,cost_moderate,cached,17485ed399d157ec3a4e0e4d469b35336f53cf78be05e7547c758a834cfd5ce8,"{""evidence_acc"":0.8823529411764706,""label_acc"":0.8823529411764706,""verification_eff"":0.0}","{""evidence_acc"":0.8823529411764706,""label_acc"":0.8823529411764706,""verification_eff"":0.0}","{""evidence_acc"":0.8823529411764706,""label_acc"":0.8823529411764706,""verification_eff"":0.0}","{""evidence_acc"":0.8823529411764706,""label_acc"":0.8823529411764706,""verification_eff"":0.0}",False,False,False,False
453b84dd4320a0a6f10c9d17,kimi-k3,evidence_audit,cost_moderate,cached,bec23171866f6198b790d7d8792a796a1046a1a56e5e9f2159d1e53cbc9e2054,"{""evidence_acc"":0.35294117647058826,""label_acc"":0.8823529411764706,""verification_eff"":0.0}","{""evidence_acc"":0.35294117647058826,""label_acc"":0.8823529411764706,""verification_eff"":0.0}","{""evidence_acc"":0.35294117647058826,""label_acc"":0.8823529411764706,""verification_eff"":0.0}","{""evidence_acc"":0.4117647058823529,""label_acc"":0.9411764705882353,""verification_eff"":0.0}",False,False,True,True
b7a5fe6ac4398d650aa3ceef,kimi-k3,evidence_audit,cost_moderate,cached,10fac8cc004cdd12720ae0cca356bbd80e3f7e8c5c641d68653ccbc7e9630944,"{""evidence_acc"":0.5294117647058824,""label_acc"":0.8823529411764706,""verification_eff"":0.0}","{""evidence_acc"":0.5294117647058824,""label_acc"":0.8823529411764706,""verification_eff"":0.0}","{""evidence_acc"":0.5294117647058824,""label_acc"":0.8823529411764706,""verification_eff"":0.0}","{""evidence_acc"":0.5294117647058824,""label_acc"":0.8823529411764706,""verification_eff"":0.0}",False,False,False,False
86628226da1443a9813891af,kimi-k3,evidence_audit,cost_moderate,cached,7560ba5f06fa1d1f6237bcd37c50338882caf614bf41687b68934e9bebf0893b,"{""evidence_acc"":0.6470588235294118,""label_acc"":1.0,""verification_eff"":0.0}","{""evidence_acc"":0.6470588235294118,""label_acc"":1.0,""verification_eff"":0.0}","{""evidence_acc"":0.6470588235294118,""label_acc"":1.0,""verification_eff"":0.0}","{""evidence_acc"":0.6470588235294118,""label_acc"":1.0,""verification_eff"":0.0}",False,False,False,False
6e9dcd8ddeac285234191f76,kimi-k3,evidence_audit,cost_moderate,cached,1418230be93912bb439b6c45d8e3328b1b120a92ac3235026b61e6306600df1a,"{""evidence_acc"":0.9411764705882353,""label_acc"":0.9411764705882353,""verification_eff"":0.0}","{""evidence_acc"":0.9411764705882353,""label_acc"":0.9411764705882353,""verification_eff"":0.0}","{""evidence_acc"":0.9411764705882353,""label_acc"":0.9411764705882353,""verification_eff"":0.0}","{""evidence_acc"":0.9411764705882353,""label_acc"":0.9411764705882353,""verification_eff"":0.0}",False,False,False,False
534f0c5a2bdfa7be10356aec,kimi-k3,evidence_audit,cost_moderate,cached,e6efe0b2e0edaea6f0c2a7caeec3991e7a37e4952f739e42f93ace3b96fbaf50,"{""evidence_acc"":0.8823529411764706,""label_acc"":0.8823529411764706,""verification_eff"":0.0}","{""evidence_acc"":0.9411764705882353,""label_acc"":0.9411764705882353,""verification_eff"":0.0}","{""evidence_acc"":0.9411764705882353,""label_acc"":0.9411764705882353,""verification_eff"":0.0}","{""evidence_acc"":0.9411764705882353,""label_acc"":0.9411764705882353,""verification_eff"":0.0}",True,False,False,False
1d2d6b22c23b3e4dbf1f7a0c,kimi-k3,evidence_audit,cost_moderate,cached,cc5d522a270a5ccc9662862984a1675821f33a6ad7eb265fd63b2a6c31944e31,"{""evidence_acc"":0.8235294117647058,""label_acc"":1.0,""verification_eff"":0.0}","{""evidence_acc"":0.8235294117647058,""label_acc"":1.0,""verification_eff"":0.0}","{""evidence_acc"":0.8235294117647058,""label_acc"":1.0,""verification_eff"":0.0}","{""evidence_acc"":0.8235294117647058,""label_acc"":1.0,""verification_eff"":0.0}",False,False,False,False
302e775a5f164fe90cb40cb0,kimi-k3,evidence_audit,cost_moderate,cached,f6f50bc4b133dfc9ab6f31ee790da7a0167181a25cabe9cb49ff3efd9dbc23bd,"{""evidence_acc"":1.0,""label_acc"":0.9411764705882353,""verification_eff"":0.0}","{""evidence_acc"":1.0,""label_acc"":0.9411764705882353,""verification_eff"":0.0}","{""evidence_acc"":1.0,""label_acc"":0.9411764705882353,""verification_eff"":0.0}","{""evidence_acc"":1.0,""label_acc"":0.9411764705882353,""verification_eff"":0.0}",False,False,False,False
cf71765ca22f48a44299b104,kimi-k3,evidence_audit,cost_moderate,cached,9246ae3d86c9984719727bfb946b5f5d309ec22676cfd0af171349e35bbe58b5,"{""evidence_acc"":0.7058823529411765,""label_acc"":0.9411764705882353,""verification_eff"":0.0}","{""evidence_acc"":0.7058823529411765,""label_acc"":0.9411764705882353,""verification_eff"":0.0}","{""evidence_acc"":0.7058823529411765,""label_acc"":0.9411764705882353,""verification_eff"":0.0}","{""evidence_acc"":0.7058823529411765,""label_acc"":0.9411764705882353,""verification_eff"":0.0}",False,False,False,False
65fe92010fce8a7c2da4ebea,kimi-k3,evidence_audit,cost_moderate,cached,d8f7ed6b7fbf94814a75e0d9d56ad035521026c7fd1fdd0ec3e76735f1a1e241,"{""evidence_acc"":0.8823529411764706,""label_acc"":0.9411764705882353,""verification_eff"":0.0}","{""evidence_acc"":0.8823529411764706,""label_acc"":0.9411764705882353,""verification_eff"":0.0}","{""evidence_acc"":0.8823529411764706,""label_acc"":0.9411764705882353,""verification_eff"":0.0}","{""evidence_acc"":0.8823529411764706,""label_acc"":0.9411764705882353,""verification_eff"":0.0}",False,False,False,False
8ebd00022cac339d1da0f424,kimi-k3,evidence_audit,cost_moderate,cached,69865644436e91e07915715004e7fc40fd9f78581d25260c7377e55b7f6bfa7e,"{""evidence_acc"":0.8823529411764706,""label_acc"":1.0,""verification_eff"":0.0}","{""evidence_acc"":0.8823529411764706,""label_acc"":1.0,""verification_eff"":0.0}","{""evidence_acc"":0.8823529411764706,""label_acc"":1.0,""verification_eff"":0.0}","{""evidence_acc"":0.8823529411764706,""label_acc"":1.0,""verification_eff"":0.0}",False,False,False,False
136bdec75bdd5eb07daf21c0,kimi-k3,evidence_audit,cost_moderate,cached,b26f73c9d7d2028c2e5530fbda9a0a5a0527901f481c6885c9c244bb133f942d,"{""evidence_acc"":0.9411764705882353,""label_acc"":0.9411764705882353,""verification_eff"":0.0}","{""evidence_acc"":0.9411764705882353,""label_acc"":0.9411764705882353,""verification_eff"":0.0}","{""evidence_acc"":0.9411764705882353,""label_acc"":0.9411764705882353,""verification_eff"":0.0}","{""evidence_acc"":0.9411764705882353,""label_acc"":0.9411764705882353,""verification_eff"":0.0}",False,False,False,False
f156f95f5c4e3f4b82b08acd,kimi-k3,evidence_audit,cost_moderate,naive,a66622ea6cc6f9f90dda3250f26a3ec0a8a465ba82bf06aef7dc2647368f5de6,"{""evidence_acc"":0.35294117647058826,""label_acc"":0.8823529411764706,""verification_eff"":0.0}","{""evidence_acc"":0.35294117647058826,""label_acc"":0.8823529411764706,""verification_eff"":0.0}","{""evidence_acc"":0.35294117647058826,""label_acc"":0.8823529411764706,""verification_eff"":0.0}","{""evidence_acc"":0.35294117647058826,""label_acc"":0.8823529411764706,""verification_eff"":0.0}",False,False,False,False
0a6e880236b69718a2b28aa5,kimi-k3,evidence_audit,cost_moderate,naive,b9eea80a630470a76b985b928a6295127298fc925ba3d93c930323bd1620eaeb,"{""evidence_acc"":0.7647058823529411,""label_acc"":0.8823529411764706,""verification_eff"":0.0}","{""evidence_acc"":0.7647058823529411,""label_acc"":0.8823529411764706,""verification_eff"":0.0}","{""evidence_acc"":0.7647058823529411,""label_acc"":0.8823529411764706,""verification_eff"":0.0}","{""evidence_acc"":0.7647058823529411,""label_acc"":0.8823529411764706,""verification_eff"":0.0}",False,False,False,False
65fab7d551b002401bdaf856,kimi-k3,evidence_audit,cost_moderate,naive,0072fd3fb5bf23177f75b2b325371ca3262c48f7f573194492837cf7d8b42a73,"{""evidence_acc"":0.4117647058823529,""label_acc"":0.8823529411764706,""verification_eff"":0.0}","{""evidence_acc"":0.4117647058823529,""label_acc"":0.8823529411764706,""verification_eff"":0.0}","{""evidence_acc"":0.4117647058823529,""label_acc"":0.8823529411764706,""verification_eff"":0.0}","{""evidence_acc"":0.4117647058823529,""label_acc"":0.8823529411764706,""verification_eff"":0.0}",False,False,False,False
ca463a95a3958752a5ccbb50,kimi-k3,evidence_audit,cost_moderate,naive,6bbb73c1bb6307d3c592aaf8e96ba01e194ab5dd6ea0f890357c1c27b0a43ff2,"{""evidence_acc"":0.5294117647058824,""label_acc"":0.9411764705882353,""verification_eff"":0.0}","{""evidence_acc"":0.5294117647058824,""label_acc"":0.9411764705882353,""verification_eff"":0.0}","{""evidence_acc"":0.5294117647058824,""label_acc"":0.9411764705882353,""verification_eff"":0.0}","{""evidence_acc"":0.5294117647058824,""label_acc"":0.9411764705882353,""verification_eff"":0.0}",False,False,False,False
ea0f64df8af04379b0efd096,kimi-k3,evidence_audit,cost_moderate,naive,e0f76603d09c6aad7a012c58a5d67faf8d05815119002f8b0dbfafb2bed5bf31,"{""evidence_acc"":0.7647058823529411,""label_acc"":0.9411764705882353,""verification_eff"":0.0}","{""evidence_acc"":0.7647058823529411,""label_acc"":0.9411764705882353,""verification_eff"":0.0}","{""evidence_acc"":0.7647058823529411,""label_acc"":0.9411764705882353,""verification_eff"":0.0}","{""evidence_acc"":0.7647058823529411,""label_acc"":0.9411764705882353,""verification_eff"":0.0}",False,False,False,False
a7782c9ad8e4cd48d0e4920a,kimi-k3,evidence_audit,cost_moderate,naive,1566ebfca7bb766f971f4f7c4303165783f90db64f5b52de6650111f2f0f6454,"{""evidence_acc"":0.9411764705882353,""label_acc"":0.9411764705882353,""verification_eff"":0.0}","{""evidence_acc"":0.9411764705882353,""label_acc"":0.9411764705882353,""verification_eff"":0.0}","{""evidence_acc"":0.9411764705882353,""label_acc"":0.9411764705882353,""verification_eff"":0.0}","{""evidence_acc"":0.9411764705882353,""label_acc"":0.9411764705882353,""verification_eff"":0.0}",False,False,False,False
4196a9e78be9dbe18352c1a8,kimi-k3,evidence_audit,cost_moderate,naive,66d724c0c95d4fb36beb20ed43470bf4dd61326b04a7323bf66c8346451879ca,"{""evidence_acc"":0.8235294117647058,""label_acc"":0.8823529411764706,""verification_eff"":0.0}","{""evidence_acc"":0.8235294117647058,""label_acc"":0.8823529411764706,""verification_eff"":0.0}","{""evidence_acc"":0.8235294117647058,""label_acc"":0.8823529411764706,""verification_eff"":0.0}","{""evidence_acc"":0.8235294117647058,""label_acc"":0.8823529411764706,""verification_eff"":0.0}",False,False,False,False
d450d620acf21a8ee0a2275f,kimi-k3,evidence_audit,cost_moderate,naive,b429fdb3e2702c1de8ad7b7601c5b24961ad629977ff809ec97e809d63081445,"{""evidence_acc"":0.8235294117647058,""label_acc"":1.0,""verification_eff"":0.0}","{""evidence_acc"":0.8235294117647058,""label_acc"":1.0,""verification_eff"":0.0}","{""evidence_acc"":0.8235294117647058,""label_acc"":1.0,""verification_eff"":0.0}","{""evidence_acc"":0.8235294117647058,""label_acc"":1.0,""verification_eff"":0.0}",False,False,False,False
811a8f148c6734b3ff68a448,kimi-k3,evidence_audit,cost_moderate,naive,8d628d6012023917ac6ee831c58d5808aa3899ea91fa55460698530abbba2133,"{""evidence_acc"":0.9411764705882353,""label_acc"":0.9411764705882353,""verification_eff"":0.0}","{""evidence_acc"":0.9411764705882353,""label_acc"":0.9411764705882353,""verification_eff"":0.0}","{""evidence_acc"":0.9411764705882353,""label_acc"":0.9411764705882353,""verification_eff"":0.0}","{""evidence_acc"":0.9411764705882353,""label_acc"":0.9411764705882353,""verification_eff"":0.0}",False,False,False,False
d654b812a0ca21e41eb908c8,kimi-k3,evidence_audit,cost_moderate,naive,f22200c4bda51d34cafaa465b3ed7af5b3564db52330f81250329d20d1840737,"{""evidence_acc"":0.7058823529411765,""label_acc"":0.9411764705882353,""verification_eff"":0.0}","{""evidence_acc"":0.7058823529411765,""label_acc"":0.9411764705882353,""verification_eff"":0.0}","{""evidence_acc"":0.7058823529411765,""label_acc"":0.9411764705882353,""verification_eff"":0.0}","{""evidence_acc"":0.7058823529411765,""label_acc"":0.9411764705882353,""verification_eff"":0.0}",False,False,False,False
a63dfff1122bfcf9baa2bbf8,kimi-k3,evidence_audit,cost_moderate,naive,3246d4ff6c34a81fe66c09d99e1f755b234c53e1fdd531a8284e2fcae39c97b5,"{""evidence_acc"":0.8235294117647058,""label_acc"":0.8823529411764706,""verification_eff"":0.0}","{""evidence_acc"":0.8235294117647058,""label_acc"":0.8823529411764706,""verification_eff"":0.0}","{""evidence_acc"":0.8235294117647058,""label_acc"":0.8823529411764706,""verification_eff"":0.0}","{""evidence_acc"":0.8235294117647058,""label_acc"":0.8823529411764706,""verification_eff"":0.0}",False,False,False,False
ff45fe2a43d0e10be0ec4a6e,kimi-k3,evidence_audit,cost_moderate,naive,c621ba688b53e87dbe95e88d9acef45f93264a66aab11c1f3969f731f9cbd79b,"{""evidence_acc"":0.8235294117647058,""label_acc"":1.0,""verification_eff"":0.0}","{""evidence_acc"":0.8235294117647058,""label_acc"":1.0,""verification_eff"":0.0}","{""evidence_acc"":0.8235294117647058,""label_acc"":1.0,""verification_eff"":0.0}","{""evidence_acc"":0.5882352941176471,""label_acc"":1.0,""verification_eff"":0.0}",False,False,True,True
dd0b6690fdb156d1ae05b775,kimi-k3,evidence_audit,cost_moderate,naive,0e1cdb446b634bdf4d6f5f9d8be1e3d1de85f30ca1160ab61106c021f25b3ed0,"{""evidence_acc"":0.8823529411764706,""label_acc"":0.8823529411764706,""verification_eff"":0.0}","{""evidence_acc"":0.8823529411764706,""label_acc"":0.8823529411764706,""verification_eff"":0.0}","{""evidence_acc"":0.8823529411764706,""label_acc"":0.8823529411764706,""verification_eff"":0.0}","{""evidence_acc"":0.8823529411764706,""label_acc"":0.8823529411764706,""verification_eff"":0.0}",False,False,False,False
115e6db6bceee47ffde91a69,kimi-k3,evidence_audit,cost_moderate,poolact,a7312f90a7313d464bdc9dcc7a1047ec16bc5b95d09b137ccccb1080dfae11ec,"{""evidence_acc"":0.5882352941176471,""label_acc"":0.9411764705882353,""verification_eff"":0.0}","{""evidence_acc"":0.5882352941176471,""label_acc"":0.9411764705882353,""verification_eff"":0.0}","{""evidence_acc"":0.5882352941176471,""label_acc"":0.9411764705882353,""verification_eff"":0.0}","{""evidence_acc"":0.7058823529411765,""label_acc"":0.9411764705882353,""verification_eff"":0.0}",False,False,True,True
b58293b61b3e37f17c6794ce,kimi-k3,evidence_audit,cost_moderate,poolact,7daefa06d991f60911ba497f06485a0c3a2e8efbe8777a12d977055b48625b6c,"{""evidence_acc"":1.0,""label_acc"":0.9411764705882353,""verification_eff"":0.0}","{""evidence_acc"":1.0,""label_acc"":0.9411764705882353,""verification_eff"":0.0}","{""evidence_acc"":1.0,""label_acc"":0.9411764705882353,""verification_eff"":0.0}","{""evidence_acc"":1.0,""label_acc"":0.9411764705882353,""verification_eff"":0.0}",False,False,False,False
8f5789746689793f5783d790,kimi-k3,evidence_audit,cost_moderate,poolact,7bfd15fbf762797d58a3875905f02d0d3dad8501dfe2b93c0687a259bd0e3b84,"{""evidence_acc"":0.8235294117647058,""label_acc"":1.0,""verification_eff"":0.0}","{""evidence_acc"":0.8235294117647058,""label_acc"":1.0,""verification_eff"":0.0}","{""evidence_acc"":0.8235294117647058,""label_acc"":1.0,""verification_eff"":0.0}","{""evidence_acc"":0.8235294117647058,""label_acc"":1.0,""verification_eff"":0.0}",False,False,False,False
3779758abcae89b6d3673301,kimi-k3,evidence_audit,cost_moderate,poolact,2114b73e13beb7ce71dd253f111b4a6458f8650f87641ba0b7743eb69b0ad0f1,"{""evidence_acc"":0.9411764705882353,""label_acc"":1.0,""verification_eff"":0.0}","{""evidence_acc"":0.9411764705882353,""label_acc"":1.0,""verification_eff"":0.0}","{""evidence_acc"":0.9411764705882353,""label_acc"":1.0,""verification_eff"":0.0}","{""evidence_acc"":0.9411764705882353,""label_acc"":1.0,""verification_eff"":0.0}",False,False,False,False
791bcb4b6a4ea37073c58d6e,kimi-k3,evidence_audit,cost_moderate,poolact,deba65889eeee47111679b8ee047bc6e15f13e42fb6949496b6ad5e09eace8c2,"{""evidence_acc"":0.8823529411764706,""label_acc"":1.0,""verification_eff"":0.0}","{""evidence_acc"":0.8823529411764706,""label_acc"":1.0,""verification_eff"":0.0}","{""evidence_acc"":0.8823529411764706,""label_acc"":1.0,""verification_eff"":0.0}","{""evidence_acc"":1.0,""label_acc"":1.0,""verification_eff"":0.0}",False,False,True,True
877370999eb9cda09c58438b,kimi-k3,evidence_audit,cost_moderate,poolact,5c93e04ea3296878d10bf788759b639f641cfd7dd4244211efd3e474af1f0e7e,"{""evidence_acc"":1.0,""label_acc"":1.0,""verification_eff"":0.0}","{""evidence_acc"":1.0,""label_acc"":1.0,""verification_eff"":0.0}","{""evidence_acc"":1.0,""label_acc"":1.0,""verification_eff"":0.0}","{""evidence_acc"":1.0,""label_acc"":1.0,""verification_eff"":0.0}",False,False,False,False
e78ded9c3bb282b2d9d46551,kimi-k3,evidence_audit,cost_moderate,poolact,45167d2013e5b279eb271a3338e192d750e08333347f6e3aa8ffede51162f2c9,"{""evidence_acc"":1.0,""label_acc"":0.9411764705882353,""verification_eff"":0.0}","{""evidence_acc"":1.0,""label_acc"":0.9411764705882353,""verification_eff"":0.0}","{""evidence_acc"":1.0,""label_acc"":0.9411764705882353,""verification_eff"":0.0}","{""evidence_acc"":1.0,""label_acc"":0.9411764705882353,""verification_eff"":0.0}",False,False,False,False
ead48dfebd98b169cc2a3ce9,kimi-k3,evidence_audit,cost_moderate,poolact,5a7c56e953a84bf6338cf6cfdc906db715bbc3cd3cf5785d35ae636e103a431f,"{""evidence_acc"":1.0,""label_acc"":1.0,""verification_eff"":0.0}","{""evidence_acc"":1.0,""label_acc"":1.0,""verification_eff"":0.0}","{""evidence_acc"":1.0,""label_acc"":1.0,""verification_eff"":0.0}","{""evidence_acc"":1.0,""label_acc"":1.0,""verification_eff"":0.0}",False,False,False,False
bd9fb47fc18db651d4ea839d,kimi-k3,evidence_audit,cost_moderate,poolact,53b07d8c67537e256f08bfba38f0a4d29d52e6da68c5e3e19a72220f5207a69d,"{""evidence_acc"":1.0,""label_acc"":0.8823529411764706,""verification_eff"":0.0}","{""evidence_acc"":1.0,""label_acc"":0.8823529411764706,""verification_eff"":0.0}","{""evidence_acc"":1.0,""label_acc"":0.8823529411764706,""verification_eff"":0.0}","{""evidence_acc"":1.0,""label_acc"":0.8823529411764706,""verification_eff"":0.0}",False,False,False,False
76a61231fdf5712212ffa015,kimi-k3,evidence_audit,cost_moderate,poolact,53ec3c7927bed6bb2108cc8e836a558fc84dd42f165a94407101faa874a3a377,"{""evidence_acc"":1.0,""label_acc"":1.0,""verification_eff"":0.0}","{""evidence_acc"":1.0,""label_acc"":1.0,""verification_eff"":0.0}","{""evidence_acc"":1.0,""label_acc"":1.0,""verification_eff"":0.0}","{""evidence_acc"":1.0,""label_acc"":1.0,""verification_eff"":0.0}",False,False,False,False
03b71fe7dff5c10f3b1c8e6c,kimi-k3,evidence_audit,cost_moderate,poolact,95aead8df9fca1bc1d1443b0dc5187ad5a15c11800a7f907102a7dd1e5ae5032,"{""evidence_acc"":1.0,""label_acc"":1.0,""verification_eff"":0.0}","{""evidence_acc"":1.0,""label_acc"":1.0,""verification_eff"":0.0}","{""evidence_acc"":1.0,""label_acc"":1.0,""verification_eff"":0.0}","{""evidence_acc"":1.0,""label_acc"":1.0,""verification_eff"":0.0}",False,False,False,False
802dccfd0c9cd13dc2e1017e,kimi-k3,evidence_audit,cost_moderate,poolact,99f14164b07d9d7e9a3af0e2a76c3e78f41b1f602b7f293f92cfd429bbe6105c,"{""evidence_acc"":0.9411764705882353,""label_acc"":1.0,""verification_eff"":0.0}","{""evidence_acc"":0.9411764705882353,""label_acc"":1.0,""verification_eff"":0.0}","{""evidence_acc"":0.9411764705882353,""label_acc"":1.0,""verification_eff"":0.0}","{""evidence_acc"":0.9411764705882353,""label_acc"":1.0,""verification_eff"":0.0}",False,False,False,False
6e6feaf7ad1e3041abecaf3c,kimi-k3,evidence_audit,cost_moderate,poolact,3bda93d81035dee85e16e690d1046f8a16f7f136a90903e372d6ac40db3d4e60,"{""evidence_acc"":1.0,""label_acc"":0.9411764705882353,""verification_eff"":0.0}","{""evidence_acc"":1.0,""label_acc"":0.9411764705882353,""verification_eff"":0.0}","{""evidence_acc"":1.0,""label_acc"":0.9411764705882353,""verification_eff"":0.0}","{""evidence_acc"":1.0,""label_acc"":0.9411764705882353,""verification_eff"":0.0}",False,False,False,False
0649e634ab446e934f4fd556,kimi-k3,evidence_audit,cost_tight,cached,dbbe0f887dfa447d8ea81c5c97f5a599bb263570e35efa4713bc67d0f51f2c3f,"{""evidence_acc"":0.35294117647058826,""label_acc"":0.8823529411764706,""verification_eff"":0.0}","{""evidence_acc"":0.35294117647058826,""label_acc"":0.8823529411764706,""verification_eff"":0.0}","{""evidence_acc"":0.35294117647058826,""label_acc"":0.8823529411764706,""verification_eff"":0.0}","{""evidence_acc"":0.35294117647058826,""label_acc"":0.8823529411764706,""verification_eff"":0.0}",False,False,False,False
8d13554996f1cd71a67e6308,kimi-k3,evidence_audit,cost_tight,cached,08479e66d9f94916cba31474aaac422013f478c2db0ca5b2b5bc0c64a8d0dcbe,"{""evidence_acc"":0.7058823529411765,""label_acc"":0.8823529411764706,""verification_eff"":0.0}","{""evidence_acc"":0.7058823529411765,""label_acc"":0.8823529411764706,""verification_eff"":0.0}","{""evidence_acc"":0.7058823529411765,""label_acc"":0.8823529411764706,""verification_eff"":0.0}","{""evidence_acc"":0.7058823529411765,""label_acc"":0.8823529411764706,""verification_eff"":0.0}",False,False,False,False
8bfc093a09afd8ff0d0c71f9,kimi-k3,evidence_audit,cost_tight,cached,c939b43364cd4b4b37a095c2ab3ab86f029fb4d8cda3ede7dc3fdb3a590f44e2,"{""evidence_acc"":0.29411764705882354,""label_acc"":0.8235294117647058,""verification_eff"":0.0}","{""evidence_acc"":0.29411764705882354,""label_acc"":0.8235294117647058,""verification_eff"":0.0}","{""evidence_acc"":0.29411764705882354,""label_acc"":0.8235294117647058,""verification_eff"":0.0}","{""evidence_acc"":0.29411764705882354,""label_acc"":0.8235294117647058,""verification_eff"":0.0}",False,False,False,False
7f6e0a451c6e3cd698ac7964,kimi-k3,evidence_audit,cost_tight,cached,177618f96f378340399c5d6f2876abb3f84d7c75284ca4cdbc471f1ae4039909,"{""evidence_acc"":0.4117647058823529,""label_acc"":0.8235294117647058,""verification_eff"":0.0}","{""evidence_acc"":0.4117647058823529,""label_acc"":0.8235294117647058,""verification_eff"":0.0}","{""evidence_acc"":0.4117647058823529,""label_acc"":0.8235294117647058,""verification_eff"":0.0}","{""evidence_acc"":0.4117647058823529,""label_acc"":0.8235294117647058,""verification_eff"":0.0}",False,False,False,False
b110fe723d0caad395dc71b4,kimi-k3,evidence_audit,cost_tight,cached,407917ffc1bc6a0b21a10ccd572d6de6634e1fdd22edaa35572c567ac2866822,"{""evidence_acc"":0.4117647058823529,""label_acc"":0.7647058823529411,""verification_eff"":0.0}","{""evidence_acc"":0.4117647058823529,""label_acc"":0.7647058823529411,""verification_eff"":0.0}","{""evidence_acc"":0.4117647058823529,""label_acc"":0.7647058823529411,""verification_eff"":0.0}","{""evidence_acc"":0.4117647058823529,""label_acc"":0.7647058823529411,""verification_eff"":0.0}",False,False,False,False
8fe5820ae6a96524cd7d9332,kimi-k3,evidence_audit,cost_tight,cached,2dd24bf4fe4f352da9dbfb5e6947c52613ef940e3ab16f0c84e3a423a210258e,"{""evidence_acc"":0.7058823529411765,""label_acc"":0.7058823529411765,""verification_eff"":0.0}","{""evidence_acc"":0.7058823529411765,""label_acc"":0.7058823529411765,""verification_eff"":0.0}","{""evidence_acc"":0.7058823529411765,""label_acc"":0.7058823529411765,""verification_eff"":0.0}","{""evidence_acc"":0.7058823529411765,""label_acc"":0.7058823529411765,""verification_eff"":0.0}",False,False,False,False
1d2b566939ebc5dde0c714a1,kimi-k3,evidence_audit,cost_tight,cached,3387992422e5b06b10f26b6aeda6d85df0bc28765d8c1d5c86dcca22120f6698,"{""evidence_acc"":0.7647058823529411,""label_acc"":0.8823529411764706,""verification_eff"":0.0}","{""evidence_acc"":0.7647058823529411,""label_acc"":0.8823529411764706,""verification_eff"":0.0}","{""evidence_acc"":0.7647058823529411,""label_acc"":0.8823529411764706,""verification_eff"":0.0}","{""evidence_acc"":0.7647058823529411,""label_acc"":0.8823529411764706,""verification_eff"":0.0}",False,False,False,False
02a0cdb9dd61f55b1b4cc6cf,kimi-k3,evidence_audit,cost_tight,cached,e5f30c5cd217b05a9dd9ce04c1990c0f88e105e39c96866c109f579ac6ac41f7,"{""evidence_acc"":0.7058823529411765,""label_acc"":1.0,""verification_eff"":0.0}","{""evidence_acc"":0.7058823529411765,""label_acc"":1.0,""verification_eff"":0.0}","{""evidence_acc"":0.7058823529411765,""label_acc"":1.0,""verification_eff"":0.0}","{""evidence_acc"":0.7058823529411765,""label_acc"":1.0,""verification_eff"":0.0}",False,False,False,False
cbe64e1b182e57b8b771490e,kimi-k3,evidence_audit,cost_tight,cached,496d06c34d965e3911af7989a154c8eefb1f8796584d68524c3a2a1ba4ab51e6,"{""evidence_acc"":0.8823529411764706,""label_acc"":0.8823529411764706,""verification_eff"":0.0}","{""evidence_acc"":0.8823529411764706,""label_acc"":0.8823529411764706,""verification_eff"":0.0}","{""evidence_acc"":0.8823529411764706,""label_acc"":0.8823529411764706,""verification_eff"":0.0}","{""evidence_acc"":0.8823529411764706,""label_acc"":0.8823529411764706,""verification_eff"":0.0}",False,False,False,False
37ffc152255d348380fca9b2,kimi-k3,evidence_audit,cost_tight,cached,ef85c771525516331f83ac177ca9693570ce6668d8d6e332626139d255ce140f,"{""evidence_acc"":0.6470588235294118,""label_acc"":0.8823529411764706,""verification_eff"":0.0}","{""evidence_acc"":0.6470588235294118,""label_acc"":0.8823529411764706,""verification_eff"":0.0}","{""evidence_acc"":0.6470588235294118,""label_acc"":0.8823529411764706,""verification_eff"":0.0}","{""evidence_acc"":0.6470588235294118,""label_acc"":0.8823529411764706,""verification_eff"":0.0}",False,False,False,False
fe0d901c9e924feef0755b4d,kimi-k3,evidence_audit,cost_tight,cached,1166726e52a434418bc141c1f30ff93ea32e25d69298daa110f2e367a228768b,"{""evidence_acc"":0.7058823529411765,""label_acc"":0.8235294117647058,""verification_eff"":0.0}","{""evidence_acc"":0.7058823529411765,""label_acc"":0.8235294117647058,""verification_eff"":0.0}","{""evidence_acc"":0.7058823529411765,""label_acc"":0.8235294117647058,""verification_eff"":0.0}","{""evidence_acc"":0.7058823529411765,""label_acc"":0.8235294117647058,""verification_eff"":0.0}",False,False,False,False
cf41c83e3b4731ec9726a739,kimi-k3,evidence_audit,cost_tight,cached,f495f886b5f082c4105944e3845677522af2b4de7272b4588a2496708b5d4cd2,"{""evidence_acc"":0.17647058823529413,""label_acc"":0.8235294117647058,""verification_eff"":0.0}","{""evidence_acc"":0.17647058823529413,""label_acc"":0.8235294117647058,""verification_eff"":0.0}","{""evidence_acc"":0.17647058823529413,""label_acc"":0.8235294117647058,""verification_eff"":0.0}","{""evidence_acc"":0.17647058823529413,""label_acc"":0.8235294117647058,""verification_eff"":0.0}",False,False,False,False
94ff52b75ce91fb24f335ab8,kimi-k3,evidence_audit,cost_tight,cached,7eb671c985a5cce15429e4d788bf85990e6a24a8a65bc6b6787d25127afe65d9,"{""evidence_acc"":0.35294117647058826,""label_acc"":0.7058823529411765,""verification_eff"":0.0}","{""evidence_acc"":0.35294117647058826,""label_acc"":0.7058823529411765,""verification_eff"":0.0}","{""evidence_acc"":0.35294117647058826,""label_acc"":0.7058823529411765,""verification_eff"":0.0}","{""evidence_acc"":0.35294117647058826,""label_acc"":0.7058823529411765,""verification_eff"":0.0}",False,False,False,False
0536abb8e2f2e8530ed2b654,kimi-k3,evidence_audit,cost_tight,naive,89b2c06478f7d68f8b0b23f7c54399bc743feebc89a14aaefe9ca6b1716efbcd,"{""evidence_acc"":0.47058823529411764,""label_acc"":0.9411764705882353,""verification_eff"":0.0}","{""evidence_acc"":0.47058823529411764,""label_acc"":0.9411764705882353,""verification_eff"":0.0}","{""evidence_acc"":0.47058823529411764,""label_acc"":0.9411764705882353,""verification_eff"":0.0}","{""evidence_acc"":0.47058823529411764,""label_acc"":0.9411764705882353,""verification_eff"":0.0}",False,False,False,False
cc67230ce7c52d9c32efa4ad,kimi-k3,evidence_audit,cost_tight,naive,a0b92d578fb43ba2608248ed0d42a191c44141f400e2f37577d92afd83be5328,"{""evidence_acc"":0.7058823529411765,""label_acc"":0.8823529411764706,""verification_eff"":0.0}","{""evidence_acc"":0.7058823529411765,""label_acc"":0.8823529411764706,""verification_eff"":0.0}","{""evidence_acc"":0.7058823529411765,""label_acc"":0.8823529411764706,""verification_eff"":0.0}","{""evidence_acc"":0.6470588235294118,""label_acc"":0.8823529411764706,""verification_eff"":0.0}",False,False,True,True
8a9ebbeaafe99e8d9721575c,kimi-k3,evidence_audit,cost_tight,naive,be7a39071f100512de17711058fdd132b49efa0d4fb4b09b9f140647272c1082,"{""evidence_acc"":0.29411764705882354,""label_acc"":0.8235294117647058,""verification_eff"":0.0}","{""evidence_acc"":0.29411764705882354,""label_acc"":0.8235294117647058,""verification_eff"":0.0}","{""evidence_acc"":0.29411764705882354,""label_acc"":0.8235294117647058,""verification_eff"":0.0}","{""evidence_acc"":0.29411764705882354,""label_acc"":0.8235294117647058,""verification_eff"":0.0}",False,False,False,False
be5e6ca3bff9a8becba01c44,kimi-k3,evidence_audit,cost_tight,naive,86bf957976f42a1929aca78e4637e0d1f3a9bce6ebaa0c15f4308fb24263f7b5,"{""evidence_acc"":0.29411764705882354,""label_acc"":0.7647058823529411,""verification_eff"":0.0}","{""evidence_acc"":0.29411764705882354,""label_acc"":0.7647058823529411,""verification_eff"":0.0}","{""evidence_acc"":0.29411764705882354,""label_acc"":0.7647058823529411,""verification_eff"":0.0}","{""evidence_acc"":0.29411764705882354,""label_acc"":0.7647058823529411,""verification_eff"":0.0}",False,False,False,False
b61222686d2d7ea784516fc4,kimi-k3,evidence_audit,cost_tight,naive,b42feba2a0d61e0e162ad59f39280b40b5059614a1efe1efd0bc9f2815a1b6da,"{""evidence_acc"":0.4117647058823529,""label_acc"":0.7647058823529411,""verification_eff"":0.0}","{""evidence_acc"":0.4117647058823529,""label_acc"":0.7647058823529411,""verification_eff"":0.0}","{""evidence_acc"":0.4117647058823529,""label_acc"":0.7647058823529411,""verification_eff"":0.0}","{""evidence_acc"":0.4117647058823529,""label_acc"":0.7647058823529411,""verification_eff"":0.0}",False,False,False,True
b7f35b88d47dc013a9225d60,kimi-k3,evidence_audit,cost_tight,naive,6184d9da2f2f3336472fccc7c21128c33d0646d29fce9d45e09559bf79350537,"{""evidence_acc"":0.7058823529411765,""label_acc"":0.7058823529411765,""verification_eff"":0.0}","{""evidence_acc"":0.7058823529411765,""label_acc"":0.7058823529411765,""verification_eff"":0.0}","{""evidence_acc"":0.7058823529411765,""label_acc"":0.7058823529411765,""verification_eff"":0.0}","{""evidence_acc"":0.7058823529411765,""label_acc"":0.7058823529411765,""verification_eff"":0.0}",False,False,False,False
d73f02cfe82c69cad4f752f2,kimi-k3,evidence_audit,cost_tight,naive,722b26d79aac6262378f83be0ebbba407ef8536bffc99f2a0076295bb9ed5249,"{""evidence_acc"":0.7647058823529411,""label_acc"":0.8823529411764706,""verification_eff"":0.0}","{""evidence_acc"":0.7647058823529411,""label_acc"":0.8823529411764706,""verification_eff"":0.0}","{""evidence_acc"":0.7647058823529411,""label_acc"":0.8823529411764706,""verification_eff"":0.0}","{""evidence_acc"":0.7647058823529411,""label_acc"":0.8823529411764706,""verification_eff"":0.0}",False,False,False,False
cc1aa3e29aaf8fa42795be67,kimi-k3,evidence_audit,cost_tight,naive,fa42f0a0ac77c8f2933e1103f7627c30d0400c50685a00211f10ab13a75ca2c4,"{""evidence_acc"":0.7058823529411765,""label_acc"":1.0,""verification_eff"":0.0}","{""evidence_acc"":0.7058823529411765,""label_acc"":1.0,""verification_eff"":0.0}","{""evidence_acc"":0.7058823529411765,""label_acc"":1.0,""verification_eff"":0.0}","{""evidence_acc"":0.7058823529411765,""label_acc"":1.0,""verification_eff"":0.0}",False,False,False,False
5a6f141d2c646dfe0806b7a8,kimi-k3,evidence_audit,cost_tight,naive,379eda49865792687c1c2373725635543dd166312dd89f2d8fbc5902ef65b234,"{""evidence_acc"":0.8235294117647058,""label_acc"":0.8235294117647058,""verification_eff"":0.0}","{""evidence_acc"":0.8235294117647058,""label_acc"":0.8235294117647058,""verification_eff"":0.0}","{""evidence_acc"":0.8235294117647058,""label_acc"":0.8235294117647058,""verification_eff"":0.0}","{""evidence_acc"":0.8235294117647058,""label_acc"":0.8235294117647058,""verification_eff"":0.0}",False,False,False,False
867ec4fa3be3e043fddc040f,kimi-k3,evidence_audit,cost_tight,naive,0dad8101fa063b96d6f49b5965087366324877486b3b22287a7e8d7820c8e019,"{""evidence_acc"":0.6470588235294118,""label_acc"":0.8823529411764706,""verification_eff"":0.0}","{""evidence_acc"":0.6470588235294118,""label_acc"":0.8823529411764706,""verification_eff"":0.0}","{""evidence_acc"":0.6470588235294118,""label_acc"":0.8823529411764706,""verification_eff"":0.0}","{""evidence_acc"":0.6470588235294118,""label_acc"":0.8823529411764706,""verification_eff"":0.0}",False,False,False,False
348cedbc8ce26246a6d76f8f,kimi-k3,evidence_audit,cost_tight,naive,1b46c1a009e35c4d3c1dacb7aaf209f7d7cf43fa65c608eb3e1ff3d630dc4e1b,"{""evidence_acc"":0.6470588235294118,""label_acc"":0.7647058823529411,""verification_eff"":0.0}","{""evidence_acc"":0.6470588235294118,""label_acc"":0.7647058823529411,""verification_eff"":0.0}","{""evidence_acc"":0.6470588235294118,""label_acc"":0.7647058823529411,""verification_eff"":0.0}","{""evidence_acc"":0.6470588235294118,""label_acc"":0.7647058823529411,""verification_eff"":0.0}",False,False,False,False
0378b8ca3bf694b4e76f59bb,kimi-k3,evidence_audit,cost_tight,naive,5ecdd25f2785dfc4ebf1619c5f50c67f946402aa104d7c89b87f1fbaf2488ebc,"{""evidence_acc"":0.23529411764705882,""label_acc"":0.8823529411764706,""verification_eff"":0.0}","{""evidence_acc"":0.23529411764705882,""label_acc"":0.8823529411764706,""verification_eff"":0.0}","{""evidence_acc"":0.23529411764705882,""label_acc"":0.8823529411764706,""verification_eff"":0.0}","{""evidence_acc"":0.23529411764705882,""label_acc"":0.8823529411764706,""verification_eff"":0.0}",False,False,False,True
293aec631d80484bf157dd3c,kimi-k3,evidence_audit,cost_tight,naive,a013dd4040633bdb4addf7c83dc673aea62aeb15de1c0be511b59d84620978db,"{""evidence_acc"":0.47058823529411764,""label_acc"":0.8235294117647058,""verification_eff"":0.0}","{""evidence_acc"":0.47058823529411764,""label_acc"":0.8235294117647058,""verification_eff"":0.0}","{""evidence_acc"":0.47058823529411764,""label_acc"":0.8235294117647058,""verification_eff"":0.0}","{""evidence_acc"":0.47058823529411764,""label_acc"":0.8235294117647058,""verification_eff"":0.0}",False,False,False,False
7aa8581c31807439d5fdff30,kimi-k3,evidence_audit,cost_tight,poolact,5889da7a2ec2a96dd64636ca94cfb3160a4efd9041b119e2231631998ec1b3dc,"{""evidence_acc"":0.4117647058823529,""label_acc"":0.9411764705882353,""verification_eff"":0.0}","{""evidence_acc"":0.4117647058823529,""label_acc"":0.9411764705882353,""verification_eff"":0.0}","{""evidence_acc"":0.4117647058823529,""label_acc"":0.9411764705882353,""verification_eff"":0.0}","{""evidence_acc"":0.4117647058823529,""label_acc"":0.9411764705882353,""verification_eff"":0.0}",False,False,False,False
d981c560d69578d3fe7cab00,kimi-k3,evidence_audit,cost_tight,poolact,955c0289d9201733b9d0364e86042469e294d21f4b96738de38b699c27e39912,"{""evidence_acc"":0.8235294117647058,""label_acc"":0.8823529411764706,""verification_eff"":0.0}","{""evidence_acc"":0.8235294117647058,""label_acc"":0.8823529411764706,""verification_eff"":0.0}","{""evidence_acc"":0.8235294117647058,""label_acc"":0.8823529411764706,""verification_eff"":0.0}","{""evidence_acc"":0.8235294117647058,""label_acc"":0.8823529411764706,""verification_eff"":0.0}",False,False,False,False
4a87c537f4ab100f83a5b4bb,kimi-k3,evidence_audit,cost_tight,poolact,965268a18d22261b38c6ff8ecb23db4dea87754405188fedcb98ce4d99acd727,"{""evidence_acc"":0.35294117647058826,""label_acc"":0.7647058823529411,""verification_eff"":0.0}","{""evidence_acc"":0.35294117647058826,""label_acc"":0.7647058823529411,""verification_eff"":0.0}","{""evidence_acc"":0.35294117647058826,""label_acc"":0.7647058823529411,""verification_eff"":0.0}","{""evidence_acc"":0.35294117647058826,""label_acc"":0.7647058823529411,""verification_eff"":0.0}",False,False,False,False
f4306d279977fbf9e6030a07,kimi-k3,evidence_audit,cost_tight,poolact,a311ab0b6aafef55ed0c3e29431a627814c700ae5964f82fbe5940366772bf3f,"{""evidence_acc"":0.4117647058823529,""label_acc"":0.8823529411764706,""verification_eff"":0.0}","{""evidence_acc"":0.4117647058823529,""label_acc"":0.8823529411764706,""verification_eff"":0.0}","{""evidence_acc"":0.4117647058823529,""label_acc"":0.8823529411764706,""verification_eff"":0.0}","{""evidence_acc"":0.4117647058823529,""label_acc"":0.8823529411764706,""verification_eff"":0.0}",False,False,False,False
3058e10769055f35f1d715a6,kimi-k3,evidence_audit,cost_tight,poolact,87d806081276c7156470d8a01da785415c58833296b1fabbbf8b929c95b8704a,"{""evidence_acc"":0.47058823529411764,""label_acc"":0.8235294117647058,""verification_eff"":0.0}","{""evidence_acc"":0.47058823529411764,""label_acc"":0.8235294117647058,""verification_eff"":0.0}","{""evidence_acc"":0.47058823529411764,""label_acc"":0.8235294117647058,""verification_eff"":0.0}","{""evidence_acc"":0.47058823529411764,""label_acc"":0.8235294117647058,""verification_eff"":0.0}",False,False,False,False
377672baa355add6d1665ff9,kimi-k3,evidence_audit,cost_tight,poolact,3a131498318260c2eb2728d270af0e4a03751e00f49b4ccaa8623d9447bba903,"{""evidence_acc"":0.8235294117647058,""label_acc"":0.8235294117647058,""verification_eff"":0.0}","{""evidence_acc"":0.8235294117647058,""label_acc"":0.8235294117647058,""verification_eff"":0.0}","{""evidence_acc"":0.8235294117647058,""label_acc"":0.8235294117647058,""verification_eff"":0.0}","{""evidence_acc"":0.8235294117647058,""label_acc"":0.8235294117647058,""verification_eff"":0.0}",False,False,False,False
051e91bfda4548db750fb886,kimi-k3,evidence_audit,cost_tight,poolact,c6bf853e2d922eff0f3033160367b80bab05b0578c79b107cf24afdb3247a83c,"{""evidence_acc"":0.6470588235294118,""label_acc"":0.7647058823529411,""verification_eff"":0.0}","{""evidence_acc"":0.6470588235294118,""label_acc"":0.7647058823529411,""verification_eff"":0.0}","{""evidence_acc"":0.6470588235294118,""label_acc"":0.7647058823529411,""verification_eff"":0.0}","{""evidence_acc"":0.6470588235294118,""label_acc"":0.7647058823529411,""verification_eff"":0.0}",False,False,False,False
5b9c7e1db79b80488d62267f,kimi-k3,evidence_audit,cost_tight,poolact,df2cce1b45ac820fb017f3867e455dc105cb6852ecbe99abace9c41bf3371607,"{""evidence_acc"":0.7647058823529411,""label_acc"":1.0,""verification_eff"":0.0}","{""evidence_acc"":0.7647058823529411,""label_acc"":1.0,""verification_eff"":0.0}","{""evidence_acc"":0.7647058823529411,""label_acc"":1.0,""verification_eff"":0.0}","{""evidence_acc"":0.7647058823529411,""label_acc"":1.0,""verification_eff"":0.0}",False,False,False,False
7c310472205152339363f81f,kimi-k3,evidence_audit,cost_tight,poolact,e3afd22f0d697babfb31658e0712f440597741739aa283080dc0fbdf01e68c64,"{""evidence_acc"":0.9411764705882353,""label_acc"":0.8823529411764706,""verification_eff"":0.0}","{""evidence_acc"":0.9411764705882353,""label_acc"":0.8823529411764706,""verification_eff"":0.0}","{""evidence_acc"":0.9411764705882353,""label_acc"":0.8823529411764706,""verification_eff"":0.0}","{""evidence_acc"":0.9411764705882353,""label_acc"":0.8235294117647058,""verification_eff"":0.0}",False,False,True,True
905e6a3d3e39b22a090320ad,kimi-k3,evidence_audit,cost_tight,poolact,a8eae04e576c1388831fcbbf4b768438fb2a730ae024c89cf81c58e272cd8f12,"{""evidence_acc"":0.6470588235294118,""label_acc"":0.8823529411764706,""verification_eff"":0.0}","{""evidence_acc"":0.6470588235294118,""label_acc"":0.8823529411764706,""verification_eff"":0.0}","{""evidence_acc"":0.6470588235294118,""label_acc"":0.8823529411764706,""verification_eff"":0.0}","{""evidence_acc"":0.6470588235294118,""label_acc"":0.8823529411764706,""verification_eff"":0.0}",False,False,False,False
4295fce5a1b1794b50d58aee,kimi-k3,evidence_audit,cost_tight,poolact,4d2930f6b81c08e864f8f1d0fce081d38181dae136cc81b62c1ca9813e490e88,"{""evidence_acc"":0.8823529411764706,""label_acc"":0.8823529411764706,""verification_eff"":0.0}","{""evidence_acc"":0.8823529411764706,""label_acc"":0.8823529411764706,""verification_eff"":0.0}","{""evidence_acc"":0.8823529411764706,""label_acc"":0.8823529411764706,""verification_eff"":0.0}","{""evidence_acc"":0.8823529411764706,""label_acc"":0.8823529411764706,""verification_eff"":0.0}",False,False,False,False
9a836dd59443b08a79f528d8,kimi-k3,evidence_audit,cost_tight,poolact,479b57fc0e96c472a95bd6d660ba598c53deb2d264bb2e8c7c90ecef6555b7e2,"{""evidence_acc"":0.35294117647058826,""label_acc"":1.0,""verification_eff"":0.0}","{""evidence_acc"":0.35294117647058826,""label_acc"":1.0,""verification_eff"":0.0}","{""evidence_acc"":0.35294117647058826,""label_acc"":1.0,""verification_eff"":0.0}","{""evidence_acc"":0.35294117647058826,""label_acc"":1.0,""verification_eff"":0.0}",False,False,False,False
a3eb8bafb6dcb8d56fe9821b,kimi-k3,evidence_audit,cost_tight,poolact,5fba01cae869ca00fc661ff5dfb4f24fdf8c47284d78637f97eaccaf0d84a3e6,"{""evidence_acc"":0.6470588235294118,""label_acc"":0.8235294117647058,""verification_eff"":0.0}","{""evidence_acc"":0.6470588235294118,""label_acc"":0.8235294117647058,""verification_eff"":0.0}","{""evidence_acc"":0.6470588235294118,""label_acc"":0.8235294117647058,""verification_eff"":0.0}","{""evidence_acc"":0.6470588235294118,""label_acc"":0.8235294117647058,""verification_eff"":0.0}",False,False,False,False
1896b9fcb444ead1006c9b84,kimi-k3,restricted_search,cost_moderate,cached,9996844c3c416cfdcfb768ccaa5af900449d4557a27555559051b677c496fdb6,1.0,1.0,1.0,1.0,False,False,False,False
daeddf00da73878e52bd8a50,kimi-k3,restricted_search,cost_moderate,cached,b5116e401798b793157e445ef9a3a08b65dec927ae833beb184dbdc33f52572a,1.0,1.0,1.0,1.0,False,False,False,False
c99d30e71eb0ecff214fceb4,kimi-k3,restricted_search,cost_moderate,cached,e44159b56cb621f16f6a7cabaa9af8c5554fd1f22a7d619702397a8a469b6857,0.0,0.0,0.0,0.0,False,False,False,False
b7640296e0e6d7dfb3f9085b,kimi-k3,restricted_search,cost_moderate,cached,c379a24ca0f2e0c09604e163b37f08a41f8b48c9b85e038659f29c8b121cbfc4,0.5555555555555556,0.5555555555555556,0.5555555555555556,0.5555555555555556,False,False,False,False
975a46d5ed34aa0ec238e500,kimi-k3,restricted_search,cost_moderate,cached,808734df320044642c0f24304665375eeee989261920a11ac776414727a9a24d,1.0,1.0,1.0,1.0,False,False,False,False
8bb96e3daec515f08e126824,kimi-k3,restricted_search,cost_moderate,cached,70c627b08a19cfaccca39b137ebc884dd165e14b4a6487a2763fd088a12991d3,0.0,0.0,0.0,0.0,False,False,False,False
5093c5582e41a2ccc59177b2,kimi-k3,restricted_search,cost_moderate,cached,0df4b5e20dfae5cb68df8d5f32666e1dc1b7080867adc924c8a7ad998e318cba,1.0,1.0,1.0,1.0,False,False,False,False
e34c626c6af1d30d4f11b3a7,kimi-k3,restricted_search,cost_moderate,cached,0e4e4477d02fd847c827581657c26d505809a5053aa6799e6a5f2fdb211a93e5,0.0,0.0,0.0,0.0,False,False,False,False
6598f5985020157137f3514c,kimi-k3,restricted_search,cost_moderate,cached,d3727ab686aff8624c550fde40a3bb6e2d613fe476f635570d1d8c5a12fe7449,1.0,1.0,1.0,1.0,False,False,False,False
34d346ae46b064df73e93404,kimi-k3,restricted_search,cost_moderate,cached,39a26f86fcad7b27e80c130915227d89a8787f2a9e2efb58f120de11dce227c4,0.0,0.0,0.0,0.0,False,False,False,False
3af304ee3b501a0af0abe966,kimi-k3,restricted_search,cost_moderate,cached,35449fc166f235d3e02208be9d92c88d55de56ba762ca1ab7632ffdb936e67e4,0.0,0.0,0.0,0.0,False,False,False,False
6944d9979c672e87d3a66868,kimi-k3,restricted_search,cost_moderate,cached,b908f64405afe582d363c30d2c34ef5ca47df0a60c6d9567104bbdffd7bfec0d,0.0,0.0,0.0,0.0,False,False,False,False
691b8f910c609e674918d224,kimi-k3,restricted_search,cost_moderate,cached,c2773289bea15d3c4953b4825262d2aeb8e77f40d30850bba87eb645663d87c6,1.0,1.0,1.0,1.0,False,False,False,False
1c5bb19fcafe821e3af34c92,kimi-k3,restricted_search,cost_moderate,cached,0f4130d11ebcebcfcb547bb4692c3dcb5c89d4f51d5ab5465b2f115a82a87cbd,0.6666666666666666,0.6666666666666666,0.6666666666666666,0.6666666666666666,False,False,False,False
8cce8d45d338c0095931fed3,kimi-k3,restricted_search,cost_moderate,cached,bcdc581865f9c72856c8749d18f200d74adc5e0a7e6d5d8291af8c6d3e08c213,1.0,1.0,1.0,1.0,False,False,False,False
d8a30aefb209dc3dd936c77f,kimi-k3,restricted_search,cost_moderate,cached,5edce8863cba910b6532dbf36d0c731484f9574b4b5eabdb4349b1eeb66df2e5,1.0,1.0,1.0,1.0,False,False,False,False
948559263f2d7b515749c7c3,kimi-k3,restricted_search,cost_moderate,cached,434160282dda5ff572f9f70a4a54fe8511536702b0c9eb7bb211c6cf3eed6438,1.0,1.0,1.0,1.0,False,False,False,False
7842bb195b8d908d527672fd,kimi-k3,restricted_search,cost_moderate,cached,b6109a778e6b6e9a4bad53ca60724fd7b77805b3fa2e23974825babf47a779d5,1.0,1.0,1.0,1.0,False,False,False,False
de15dc1dfb014f4fc0beae89,kimi-k3,restricted_search,cost_moderate,cached,52085da1dc3b5a142429006a9a826aa0e72c052bcc7e4d6c05c5dc287419e258,1.0,1.0,1.0,1.0,False,False,False,False
e5e7dc1cfbc2fc31895b9308,kimi-k3,restricted_search,cost_moderate,cached,cc9dd643379331dde49d1ae00c5af77cccc246a3ba912edde363d5981a5ea755,1.0,1.0,1.0,1.0,False,False,False,False
e822c0b5bed2f4568a5d2b8e,kimi-k3,restricted_search,cost_moderate,cached,0345b227bbdd8fce2f1c943d2a118d7198b276201010663bc8c8e9b120d09b96,1.0,1.0,1.0,1.0,False,False,False,False
5978a98ac26fcfb657fb1144,kimi-k3,restricted_search,cost_moderate,cached,314adb347d4feccc9da1da9ef880206323ace2a80a0bd30b14dcac45c7dcdc02,1.0,1.0,1.0,1.0,False,False,False,False
dea21ed4f6fefa835ad6a256,kimi-k3,restricted_search,cost_moderate,cached,baa5bb779fc5c92b7435049ebe13fc46daa686db364304418be718ecac042650,0.23529411764705882,0.23529411764705882,0.23529411764705882,0.23529411764705882,False,False,False,False
c64bf486458d68dd3aefcfec,kimi-k3,restricted_search,cost_moderate,cached,95a4e39d0c99678007f03ee40cbfc7e037f91f75c8da2cf0d2b63d7589d4d0f3,1.0,1.0,1.0,1.0,False,False,False,False
7c1d531e4a2bd0a32b532df5,kimi-k3,restricted_search,cost_moderate,cached,43fd0c2bbb2c89450c6da329ca63921a998ce194105801c53a9bea0926ab72e9,0.0,0.0,0.0,0.0,False,False,False,False
2c62b71780aa4fe02c526a4f,kimi-k3,restricted_search,cost_moderate,cached,0cb2e267a64edd1e62c18c3d27ddd8d5bf6b083d1d7080e7fe009f50232e5653,1.0,1.0,1.0,1.0,False,False,False,False
6e1e918bef932ca4043d2719,kimi-k3,restricted_search,cost_moderate,cached,f041c9af4a786510fa8e0fbf2afbb707b48c7ffb555dc79ac87e0db6507c672b,1.0,1.0,1.0,1.0,False,False,False,False
eb5364d1a099ec4de0b0b5f4,kimi-k3,restricted_search,cost_moderate,cached,117ca79052664df3b5653f3abf45a4461e6d4537ab839fb0b5c513ce914223f9,0.0,0.0,0.0,0.0,False,False,False,False
a751ab8a83a9982c94f9992a,kimi-k3,restricted_search,cost_moderate,cached,e3769d31bb0cefa75dcb05f57b6b539968425bc5cd8f31ca94f6fd4dd2b755db,0.18181818181818182,0.18181818181818182,0.18181818181818182,0.18181818181818182,False,False,False,False
0196995275824d6def34d00d,kimi-k3,restricted_search,cost_moderate,cached,1431e360c3711692b32f3e54bf385a21c24d9d61e4b6c528436911d2a247939f,0.0,0.0,0.0,0.0,False,False,False,False
f8defdbe8a984bcf5a539299,kimi-k3,restricted_search,cost_moderate,cached,5d12e1dd39669f26f2a1a226f4058dd3731cec04d98a14ce0a637e13a792af65,0.0,0.0,0.0,0.0,False,False,False,False
da0b2eab8ff87643940b1bb0,kimi-k3,restricted_search,cost_moderate,cached,a99e0b7dab248072bd71fae2ef37fe8ac72e5922c215cc28399b44de4a6b0a72,1.0,1.0,1.0,1.0,False,False,False,False
59f95d920848916f238df870,kimi-k3,restricted_search,cost_moderate,cached,fd4335b686fcbdea6d129b7f10d4264aec8cf6058e0d547df02c15905f2f4067,1.0,1.0,1.0,1.0,False,False,False,False
042d012bb4362f12a098d3b0,kimi-k3,restricted_search,cost_moderate,cached,4fba3c4eb55ea882ee6405ad002f5db50c06e2fb93f22783c65dfb6206e16944,1.0,1.0,1.0,1.0,False,False,False,False
3d874b11d8e42cd06c9e87dc,kimi-k3,restricted_search,cost_moderate,cached,a750cc86b60c1a141f3605c8b6ce935e76a7613723265c247e5b52ca9e44913e,1.0,1.0,1.0,1.0,False,False,False,False
2ff166d98be9e0ff413c026d,kimi-k3,restricted_search,cost_moderate,cached,c8a3ec02546d4b89e3c524c2f9485a27f577f816f83f9bb6a472d4ccc0d565f0,0.4,0.4,0.4,0.4,False,False,False,False
0ae309009bd595e6cd7a718e,kimi-k3,restricted_search,cost_moderate,cached,78f7f1c3cac3332f2e2d66b2d095ed5dc25783148135ce508f72b06966af33ea,1.0,1.0,1.0,1.0,False,False,False,False
bfe6ee596847690c9eac9c7d,kimi-k3,restricted_search,cost_moderate,cached,80e2198762a3ed2944691170b332ad1e69d0816f800b86735c5d60c74f199064,0.0,0.0,0.0,0.0,False,False,False,False
22ea7a07ff9cccaa610801f2,kimi-k3,restricted_search,cost_moderate,cached,6f5825665396f73080bc0f3202c9cd7534ec8900b2f7718dc5e2b81aa77c8bff,1.0,1.0,1.0,1.0,False,False,False,False
3a8ea62fd061802452d8fe03,kimi-k3,restricted_search,cost_moderate,naive,983feb0f2969487874103de65bde4167bc62600f8f7b24a74d760a18abe9ec51,1.0,1.0,1.0,1.0,False,False,False,False
7fd4e9c69f80023e34f82e0e,kimi-k3,restricted_search,cost_moderate,naive,e972efb52c6ffed46a5870d1b4b8b4afc6c148838aef86b8285ba2ac6e04f661,1.0,1.0,1.0,1.0,False,False,False,False
04adfa3c600903be2b6ea273,kimi-k3,restricted_search,cost_moderate,naive,b300dedb01c87760b274180774cd05739c5aa3dedeb8f2398cabdd6a45f42d27,0.0,0.0,0.0,0.0,False,False,False,False
3d3663197c274f63c5b52cdb,kimi-k3,restricted_search,cost_moderate,naive,0b47e02a9f57bcb309ec928e50a9e39668b5d0e971481b1b1c4de7024ae561de,0.5555555555555556,0.5555555555555556,0.5555555555555556,0.5555555555555556,False,False,False,False
08f53c50e443482cf7aae511,kimi-k3,restricted_search,cost_moderate,naive,b991c7cfb8ecf3615f6a25f265c45f45acda7af7f9eff7c87421465fb9195efe,1.0,1.0,1.0,1.0,False,False,False,False
3c676b434f2472ee553ae979,kimi-k3,restricted_search,cost_moderate,naive,44f8b4c659ce1607c98ff4d3fa87811e4081c5fcad5205a96ee89834416b8667,0.0,0.0,0.0,0.0,False,False,False,False
e875d43d5a75be8e792503f5,kimi-k3,restricted_search,cost_moderate,naive,e290f97c062680eb5a099b4fe936afa1de1631e19e437b84c3d43f3bbe850a17,1.0,1.0,1.0,1.0,False,False,False,False
1df22fcdf1115866874ffde0,kimi-k3,restricted_search,cost_moderate,naive,8050642d195c7d45b0c460a59ea88cc6a3ab003b574c4f0f0a182a65f12d1c4b,0.0,0.0,0.0,0.0,False,False,False,False
c001aa251a8976964f0509ac,kimi-k3,restricted_search,cost_moderate,naive,5b8aba2753a7c8be4ab6c16f753a16698ab92fb7832c9fd0fc0945f018ae1810,1.0,1.0,1.0,1.0,False,False,False,False
ad195afa27a3310c390d6296,kimi-k3,restricted_search,cost_moderate,naive,1c4ebd9f8b4910c058a7c9bd8fe38215701200e99ec1b53a505dc6d5284468a9,0.0,0.0,0.0,0.0,False,False,False,False
6153323ef24cbffe260bb8f2,kimi-k3,restricted_search,cost_moderate,naive,ebb730a09f731d8699b5d8b881e24e51bd6cfdadc86a5f65670005df5b416b28,0.0,0.0,0.0,0.0,False,False,False,False
291e3c7d4c48d48931aa0f45,kimi-k3,restricted_search,cost_moderate,naive,552abdd2473399387b312bb55aecb5e876c94e19f23aa6722f3331a829218f1e,0.0,0.0,0.0,0.0,False,False,False,False
04634f0e29c1cc4d24791e94,kimi-k3,restricted_search,cost_moderate,naive,25d9a3968b23253c3bf0f5448819fbadf812c8a3e013ce5f36f3bc2fc019b8d7,1.0,1.0,1.0,1.0,False,False,False,False
8d7283a469bf58bc998bd518,kimi-k3,restricted_search,cost_moderate,naive,2de3f826fa9ce2f17500ab0ca616b30dfabffd9cce56c3a2e9a13db1c4519551,1.0,1.0,1.0,1.0,False,False,False,False
50b14831e71a623c22571b79,kimi-k3,restricted_search,cost_moderate,naive,cc9098c58297d66d3bf0ca266e4ef4dd1e91e1f26f72bc7e366360079f3e3e5e,1.0,1.0,1.0,1.0,False,False,False,False
bff87f7d5acd39bb42c600fb,kimi-k3,restricted_search,cost_moderate,naive,5e6b65972725d64bb0eea049f0fc52fb4bda99eddde699c3bbf2908ba0deca49,1.0,1.0,1.0,1.0,False,False,False,False
7505f1f0ae2c516f955649a3,kimi-k3,restricted_search,cost_moderate,naive,36f951a1b058776e7fbabe7366aa3340b7570df336161118721245b5775afb8e,1.0,1.0,1.0,1.0,False,False,False,False
3f339798ba600d422942321d,kimi-k3,restricted_search,cost_moderate,naive,5cec46898261e24f9abfd1c28f6ad329b6eaa692cd2cd9b09510eed08793b14e,1.0,1.0,1.0,1.0,False,False,False,False
598be04cbd273dda1636c57b,kimi-k3,restricted_search,cost_moderate,naive,14f31db401ca0dac1cfaa5b5b56f2d0b1f8e7c9a19a7fa241a6c9518a041a52d,1.0,1.0,1.0,1.0,False,False,False,False
32b3a71d68f7c31767c93bb9,kimi-k3,restricted_search,cost_moderate,naive,9f0ff3bd2aec6a4d0ef3fd474e86c336222aed9e159669d9d9c7dd865e927da7,1.0,1.0,1.0,1.0,False,False,False,False
3351a730f32c2cbbb6230db0,kimi-k3,restricted_search,cost_moderate,naive,5d30fc6ee49d1fc6b81f66eae263239f61bd0debfa39cb2abe54727768d88c8f,1.0,1.0,1.0,1.0,False,False,False,False
4fcdb1c7e5281d79440be833,kimi-k3,restricted_search,cost_moderate,naive,2581774cbfd4e9975b086ae85aa21d2549085e430dc322e7a6a10b2d9e3749de,0.6666666666666666,0.6666666666666666,0.6666666666666666,0.6666666666666666,False,False,False,False
72ac63f1cc28fb4f3eae64a2,kimi-k3,restricted_search,cost_moderate,naive,b7526a95f909e092e1c9be464fdf8b6c3271214042fe6dba0076be52629ce1d9,0.23529411764705882,0.23529411764705882,0.23529411764705882,0.23529411764705882,False,False,False,False
6c5809cba00fdbbd440fef85,kimi-k3,restricted_search,cost_moderate,naive,293d670ab1cda7abc863a9fbea8c1d2a17e24c1d9307f6e77db2547891fc2de2,1.0,1.0,1.0,1.0,False,False,False,False
b9bce4b0cda684ced3a94ac7,kimi-k3,restricted_search,cost_moderate,naive,fd2775eaa2abbf80e9db27c60a556f8921cd6008b3e0c584221bdeadbdb4f6cd,0.0,0.0,0.0,0.0,False,False,False,False
93f561abac6098ac09e86bae,kimi-k3,restricted_search,cost_moderate,naive,ffcd367bbc4502e899fc8a2e66d2c900fbf1d1ccf25e6b744cb19e823308ba91,1.0,1.0,1.0,1.0,False,False,False,False
d9e0d2cb7629de1c89eab459,kimi-k3,restricted_search,cost_moderate,naive,a4d0966f2b12c68358f3485790dc6d427ca35ac98daff532d68e9e6e9052f4d8,1.0,1.0,1.0,1.0,False,False,False,False
2a4b7d804f7d41618c854823,kimi-k3,restricted_search,cost_moderate,naive,0f152ea5fab4e173916ebc567242292e35a6c412df6dbcc8b2caf6f884b2487a,0.0,0.0,0.0,0.0,False,False,False,False
88c4519f114612f17facff95,kimi-k3,restricted_search,cost_moderate,naive,fe6dfa1124af100dca23c77a26644a4ba31aae322df43ba792790b00829d5f69,0.0,0.0,0.0,0.0,False,False,False,False
ea9fe48719db14f7a7463e49,kimi-k3,restricted_search,cost_moderate,naive,98adf7e3fe4b4a4f1e2185655b5f85e3aebe38e314419c805828b780c200f9f2,0.0,0.0,0.0,0.0,False,False,False,False
639ab48ce280457497b12cec,kimi-k3,restricted_search,cost_moderate,naive,5386fccdd417375188c99bd2b3b37a66e3ddb88e79dba1491462d533d132f7f9,0.0,0.0,0.0,0.0,False,False,False,False
bd7dddf33d3565eb52acda6c,kimi-k3,restricted_search,cost_moderate,naive,804a098fde97629b6f7258857452818834bb86b6f833cb04cbce370d8747d7f1,1.0,1.0,1.0,1.0,False,False,False,False
9ce5625a8bcf19a769dc0d65,kimi-k3,restricted_search,cost_moderate,naive,ee6b9b7b083ddf14992bfcfecc20059ae387e2786890e5d374d33fd0dfd51542,1.0,1.0,1.0,1.0,False,False,False,False
c7b1e1f1203779381a311a4c,kimi-k3,restricted_search,cost_moderate,naive,7ab939ddd452bcf98099704eddc2154f18c511af0dabcd2421858e49ff9da65f,1.0,1.0,1.0,1.0,False,False,False,False
18e47284cd387c25e1dcb8fa,kimi-k3,restricted_search,cost_moderate,naive,45ac3268d35c6b69bf74fa413d534cd72dcb12f82074a648527c6fb42cfb1726,1.0,1.0,1.0,1.0,False,False,False,False
6b14691768a4ec0cda12ae5f,kimi-k3,restricted_search,cost_moderate,naive,0f0b559f698c17ab1f2dc04bb42da1f0c22523bfc170050fd5c528659f2be4df,0.4,0.4,0.4,0.4,False,False,False,False
d5bf7f099aaa02b22e324ba0,kimi-k3,restricted_search,cost_moderate,naive,191df157194484535e69dce9f360ce1a3d67fa665547bec92eb2440131eee364,1.0,1.0,1.0,1.0,False,False,False,False
f0e9969a393e7a7b6a0239dd,kimi-k3,restricted_search,cost_moderate,naive,713a810fcb3e78433d0075171b9500d9c4f9636c8f750abaa219a78190b7f4fe,0.33333333333333337,0.33333333333333337,0.33333333333333337,0.33333333333333337,False,False,False,False
d3ab1444beb1a509e9faf38b,kimi-k3,restricted_search,cost_moderate,naive,1663cc0895f89fd6ad9cd76e4967515b6e382efbd1d3156019fdf0cad7be30a0,1.0,1.0,1.0,1.0,False,False,False,False
ea092af1a6d88c7d99ad53b2,kimi-k3,restricted_search,cost_moderate,poolact,705f0506b315f0b3dc68f0d6655f2b22f09fd4c7d1fd662d84f264ba934d2ad8,1.0,1.0,1.0,1.0,False,False,False,False
a0b5939364e1ecec0f8aff5b,kimi-k3,restricted_search,cost_moderate,poolact,221859e5ab4a84e0417e20ded83fdd4e73f3866720b2db4096daa6cebd285431,1.0,1.0,1.0,1.0,False,False,False,False
95cf7f2c5f337bdcacce7ac1,kimi-k3,restricted_search,cost_moderate,poolact,27dab476621e5e6c339513932d0fc14d45eb015a678b72b0c1c9eeaa0794d021,0.0,0.0,0.0,0.0,False,False,False,False
54d7be8a900cf60193060264,kimi-k3,restricted_search,cost_moderate,poolact,215f8e6582423ebf5b96e5956d36aadf903fcd99ca47d4805599fbea29991b88,0.5555555555555556,0.5555555555555556,0.5555555555555556,0.5555555555555556,False,False,False,False
830798492bea63babb6f43ea,kimi-k3,restricted_search,cost_moderate,poolact,88fb084d35e4ec5723dfd04996cc96c65982099fd75a8eef167facb17ca70654,1.0,1.0,1.0,1.0,False,False,False,False
e6846accaee8721ce50dcb83,kimi-k3,restricted_search,cost_moderate,poolact,23ca2121826c31db9a27ef961e537a32f88c1772c7f61a20a577f7cfbd5af488,0.0,0.0,0.0,0.0,False,False,False,False
966346a2a76e45771f14ab31,kimi-k3,restricted_search,cost_moderate,poolact,a6dbe06f831e486c5d7403adca28c21b31559e3682c241a48d51feeeb44aa75c,1.0,1.0,1.0,1.0,False,False,False,False
e4b4c54e4c6341d26cca5079,kimi-k3,restricted_search,cost_moderate,poolact,1b64e502570cf43aa6c3afa33c2ec8c62ff4ed6b896af14b74e9808072705117,0.0,0.0,0.0,0.0,False,False,False,False
5d878938ce1ca00c3bb96f9f,kimi-k3,restricted_search,cost_moderate,poolact,dfa604df6fc569099dde8d09ddd136738dc02864314e2d504e9ba15884d5e4b5,1.0,1.0,1.0,1.0,False,False,False,False
007819bf73901accfc5085ea,kimi-k3,restricted_search,cost_moderate,poolact,c7f20a164f7db66e42f300083180f90da12e2fd64955ba3cefceca736f27b6ae,0.0,0.0,0.0,0.0,False,False,False,False
f707b11a1cd426693caf62d9,kimi-k3,restricted_search,cost_moderate,poolact,cd8ddb6d13fa7474d08edc045344f72c5d53188956de2b6086cf7c730cd724b7,0.0,0.0,0.0,0.0,False,False,False,False
e0ece8c10ba050de2c475c91,kimi-k3,restricted_search,cost_moderate,poolact,253bf5ee8537e2eaa38cff75f62204895a01816d70d01a0625bff91030045cbc,0.0,0.0,0.0,0.0,False,False,False,False
de0fb883ab226b281069d3d6,kimi-k3,restricted_search,cost_moderate,poolact,531b78b266cd9ec338e62a94b4d806400208b002c972d9572c6109dfd2aa1f19,1.0,1.0,1.0,1.0,False,False,False,False
90eb6ce33ae84310bcefac6b,kimi-k3,restricted_search,cost_moderate,poolact,d90a84ddf90ddb3e01ca7fef9ea8c8a5bdd8ece1a49973f37cc6e44fdd7c92b6,1.0,1.0,1.0,1.0,False,False,False,False
f0918fa1976818d5abd141ba,kimi-k3,restricted_search,cost_moderate,poolact,35fe41d44b658609e607d647eeca08aeeefdd371015d45b3e4f65d29f5e08b83,1.0,1.0,1.0,1.0,False,False,False,False
2758411754ee053aad03b68a,kimi-k3,restricted_search,cost_moderate,poolact,c9edb818c6c5602d04de44d5a64abc523e66220ebbb0841f70865e351f1bbd2e,1.0,1.0,1.0,1.0,False,False,False,False
dde35d3ce168a415c664c386,kimi-k3,restricted_search,cost_moderate,poolact,39fdb5e88adfce32d90057ea42b0dc85e3f7a7336b7ead8ba15bd9a1e99b1c7a,1.0,1.0,1.0,1.0,False,False,False,False
b80913b43d234d4103a77d60,kimi-k3,restricted_search,cost_moderate,poolact,e7e01bc7087004cd09b8623b75e7f9887063f7c19c93b9108bb3b2190aa8aea6,1.0,1.0,1.0,1.0,False,False,False,False
b77a373381c45b702922060d,kimi-k3,restricted_search,cost_moderate,poolact,e1bbcd2f4dbd44b3dcada9801c4a323f31a03ff4621dc7464550c0238b6fbb52,0.6666666666666666,0.6666666666666666,0.6666666666666666,0.6666666666666666,False,False,False,False
64e3df453efac64ead17bd68,kimi-k3,restricted_search,cost_moderate,poolact,7e89d52cee74d9ffd95226cee8a82dda8b526bd1fe8b6fac8b9c60d2637d9dc9,1.0,1.0,1.0,1.0,False,False,False,False
19a4f5ca7c6efc6417833086,kimi-k3,restricted_search,cost_moderate,poolact,7cdcac4c7007121badb38d95188c8a1d3600e5ecdd96ecd7de386123156e0c62,1.0,1.0,1.0,1.0,False,False,False,False
5b0c17c173e85f6a52ac6355,kimi-k3,restricted_search,cost_moderate,poolact,d4aafe5cc55f0d0b53675ff54dddee8fe5c804a271a765c7600572ded3c87d3d,1.0,1.0,1.0,1.0,False,False,False,False
9174d56ad50582d53c8a9bb4,kimi-k3,restricted_search,cost_moderate,poolact,ca8ecd04cef77bafb338ac853f3453c10a4f9e75155e411991694e5c770f12f3,0.23529411764705882,0.23529411764705882,0.23529411764705882,0.23529411764705882,False,False,False,False
715d67102c1d974d12220480,kimi-k3,restricted_search,cost_moderate,poolact,6238f0a2d0732f9f556b1417a8c75e5acd5239aa2177f18e4c351a8bad099894,1.0,1.0,1.0,1.0,False,False,False,False
5c6f2cfa0eb2c0a215a57c1f,kimi-k3,restricted_search,cost_moderate,poolact,7737b6fd2cafd45f53c9645cca38c28fe9b027a5fad6281611e6eae8b77ba7ae,0.0,0.0,0.0,0.0,False,False,False,False
65fbb97731c7e9808477847b,kimi-k3,restricted_search,cost_moderate,poolact,fd40353741bcf8a44821ddf2c6c7d854efad4a57153e86cfa5cc8d97df99e8ec,1.0,1.0,1.0,1.0,False,False,False,False
bca94619e289cc7ae58d8d19,kimi-k3,restricted_search,cost_moderate,poolact,e648843702c9409f5e069b65231ea76f190568483ec3663de796ebeab91ac120,1.0,1.0,1.0,1.0,False,False,False,False
24ce1c597a4a90f2d0a64f92,kimi-k3,restricted_search,cost_moderate,poolact,e11bbff2c5686bb1eeb233867103a9f6a8fcab0a4042dec275adcc1133d1ff66,0.0,0.0,0.0,0.0,False,False,False,False
a4f1c43b4fb1ee8d537f7eb8,kimi-k3,restricted_search,cost_moderate,poolact,cf726d1fadb0b9a67b20e3110de711002fd3864c8762bc8c39b14b496dbc3f77,0.5714285714285715,0.5714285714285715,0.5714285714285715,0.5714285714285715,False,False,False,False
af17349b4ab92377ea099153,kimi-k3,restricted_search,cost_moderate,poolact,cb395544c84081beee07133a378591e4aea3ef7464ba5755b2c22ddfb9d9e10e,0.0,0.0,0.0,0.0,False,False,False,False
2bbba72718620a26e23deb1c,kimi-k3,restricted_search,cost_moderate,poolact,66daea1da796788b9726afc09747e779b9145400856faee142b3f004e94703b4,0.0,0.0,0.0,0.0,False,False,False,False
5c1740253c6a4226d1130d23,kimi-k3,restricted_search,cost_moderate,poolact,1a26828bd9c5946f3016d45d4fddaf7f586b0c030c56b9824b38972716a9678d,1.0,1.0,1.0,1.0,False,False,False,False
96554263f14bc638e788ea4e,kimi-k3,restricted_search,cost_moderate,poolact,2d17f81e7930553999c9aa8df5dc1b0983cb72f858acf9989d16ac059e626651,1.0,1.0,1.0,1.0,False,False,False,False
5535cbb23533842d4c5ddc4b,kimi-k3,restricted_search,cost_moderate,poolact,b7da89e7bfd3fef52c916e5f209d729c0991121aab2be95480b2a96e6607f3db,1.0,1.0,1.0,1.0,False,False,False,False
45021c63d957af3dc3849710,kimi-k3,restricted_search,cost_moderate,poolact,0a06c74eaca5b8d43a55a1e1fd4f85e562a6e271319b21ab2a21bf53021eec5c,1.0,1.0,1.0,1.0,False,False,False,False
f91ad746c6dc849bd8ee89f5,kimi-k3,restricted_search,cost_moderate,poolact,92f9da7827deb4a5d9eec68bb8f6b9fd25dbfcfc96bb81a64fda30a232bf68be,1.0,1.0,1.0,1.0,False,False,False,False
aba660bdd0bfa6d4b0169ec9,kimi-k3,restricted_search,cost_moderate,poolact,63b546d71083322341c9d8bfe1a559aec31a2173532c185532054e54d2e8d001,1.0,1.0,1.0,1.0,False,False,False,False
d5a4cb6e66f13e0ef45b2f66,kimi-k3,restricted_search,cost_moderate,poolact,62a76ebea452a08834db50bed9f442fba4cb81d98d7ae19d59d3093a26170bad,0.0,0.0,0.0,0.0,False,False,False,False
cac248aa6642a126b704b753,kimi-k3,restricted_search,cost_moderate,poolact,f37c25238ddb6b419d55615f9f4d114c492096decbc49064733f24e5ffeb66cd,1.0,1.0,1.0,1.0,False,False,False,False
b7c72acb85fdaf80014340d8,kimi-k3,restricted_search,cost_tight,cached,ea97febbb2e38e2869aa660fa41a7e3d57c59870082c50a52c44400e1bc045dc,1.0,1.0,1.0,1.0,False,False,False,False
6a16952ba6f758b4f16dc8cc,kimi-k3,restricted_search,cost_tight,cached,9083fbd5b03ed4d69f83cfde48cf4aba305c98217c654726aa74bb4b0b672477,0.0,0.0,0.0,0.0,False,False,False,False
43913b3562474039b0544e29,kimi-k3,restricted_search,cost_tight,cached,a4eb3c8e23be4af798e9788574ed45d1b04d5fd9d293ae44724d6298c7339a50,0.0,0.0,0.0,0.0,False,False,False,False
7f223c77208ad6ec8faea79c,kimi-k3,restricted_search,cost_tight,cached,1235295f6c2c84ea90e70defd5d06864d1edc76b8286e9ef5eccbddfe21e1663,0.0,0.0,0.0,0.0,False,False,False,False
c155448f9f5c8d43cffc0d17,kimi-k3,restricted_search,cost_tight,cached,052b650b2c4937d117a8f48bf35590e76907f4bdd59224635236a9457f48245a,0.0,0.0,0.0,0.0,False,False,False,False
82f9999a89a22f67702585e7,kimi-k3,restricted_search,cost_tight,cached,5a34f707ea5f8d6e2d0ab2f1eaa7d6ad128bf048693d999362eab9b47c0c540d,0.0,0.0,0.0,0.0,False,False,False,True
26874fbab00d4efc224ae12b,kimi-k3,restricted_search,cost_tight,cached,359c04deb8ad386a30cf6feb3023b5af314faf2b4e28e4d38a906be7592d45df,0.5,0.5,0.5,0.5,False,False,False,False
bfcb38d32850e0f40dee3481,kimi-k3,restricted_search,cost_tight,cached,8eb5cfca9ccfe1d11b8bbbda707ea2383949770e0d6bd5b776b808dd4de7d06a,0.0,0.0,0.0,0.0,False,False,False,False
2c2ecbee28642d022435db65,kimi-k3,restricted_search,cost_tight,cached,0027b57c2ab7138f3ec18820745dcfda0bf40698272c15ad7d4c32a9b46078b8,0.0,0.0,0.0,0.0,False,False,False,False
0d0c107365b013ad100eca9c,kimi-k3,restricted_search,cost_tight,cached,45b56e64599093f5e76f9f610b507a079940409b4468649b773e642890eb030b,0.0,0.0,0.0,0.0,False,False,False,False
fbe7b31f6ca99092d592fc89,kimi-k3,restricted_search,cost_tight,cached,bac0a925025d5c21c4dddc9902b917f6d7b0a94e3f97d29e6d7e09b0a695414b,0.0,0.0,0.0,0.0,False,False,False,False
ec7001d65974619aa7cac4d0,kimi-k3,restricted_search,cost_tight,cached,4bc248c2df2fcfaa07bb4031ff86ead9975e2286512e99514683d8dcb60abc9c,0.0,0.0,0.0,0.0,False,False,False,False
4ec80d3085e1451bd1012b3c,kimi-k3,restricted_search,cost_tight,cached,485df08e39a37090e4372932cce8450ac5e173a0fe4c5f79167a01c533f0e3fb,0.0,0.0,0.0,0.0,False,False,False,False
6bef944fa6537fc2ceeda761,kimi-k3,restricted_search,cost_tight,cached,07f7cee16e7acfbacd5d015a46cf8679623bc1b6949e5e9e9f3e48f8ddabf05a,0.6666666666666666,0.6666666666666666,0.6666666666666666,0.6666666666666666,False,False,False,False
54ccb0b9e52e829b4b0e6f8f,kimi-k3,restricted_search,cost_tight,cached,bce28439213cd2303c5d8734a5f4506675d0bcd4c9a7b01be0a0253ea447ae72,0.6666666666666666,0.6666666666666666,0.6666666666666666,0.6666666666666666,False,False,False,False
baf284e04277d3f05e4d92c2,kimi-k3,restricted_search,cost_tight,cached,36842ff71893196d796507794616af5e405393d7c2778055de61d1ee1b2466c6,0.0,0.0,0.0,0.0,False,False,False,False
318c85e35fb46829e165e411,kimi-k3,restricted_search,cost_tight,cached,a5c8db6007f03cf05536fd726f7b879bf62daa7e24864f9c3b2ec38eab9dbe9a,0.0,0.0,0.0,0.0,False,False,False,False
394eaad96301e9e3456ec082,kimi-k3,restricted_search,cost_tight,cached,2ddc0064c4614e04ecb27c10fc5cfc4c31b6fc4848eb73c9016c3cc50e00f4b6,0.0,0.0,0.0,0.0,False,False,False,False
02b3fd018a47c27968012318,kimi-k3,restricted_search,cost_tight,cached,0a8d156331b84f0880b6bda8c5652c0cc211c7596c85a06d6ff09a6125cdd855,0.6666666666666666,0.6666666666666666,0.6666666666666666,0.6666666666666666,False,False,False,False
90e4901a58bc87fbf291d364,kimi-k3,restricted_search,cost_tight,cached,8a80dcacd43a4850409733ef800fcf8955cd4fd58bab07e14afb64d1c4cacc82,0.0,0.0,0.0,0.0,False,False,False,False
3b074b266e45f59e448f61f5,kimi-k3,restricted_search,cost_tight,cached,88ed6a395d5b4252eee3170e37478c9cd53c62d80e4e4e047a494d15fc99cb37,0.4,0.4,0.4,0.4,False,False,False,False
7bca3961c0e774fb2956b171,kimi-k3,restricted_search,cost_tight,cached,353eec76989f09c5daa84fa475fbcb4e2913fd225afdfa9a0a82e3829c3043e8,0.6666666666666666,0.6666666666666666,0.6666666666666666,0.6666666666666666,False,False,False,False
05b179b9ac60cdd9021632aa,kimi-k3,restricted_search,cost_tight,cached,973a15507b9937eb040b598dcd186f32526e13d1b4b4a5d12c49c0c4e6e80ecb,0.23529411764705882,0.23529411764705882,0.23529411764705882,0.23529411764705882,False,False,False,False
6337bde45ec2df91821c806e,kimi-k3,restricted_search,cost_tight,cached,778e6cf0813f642abacd739bcc46d2ad3bc4d74968b210d4555551ca6bd0ecd1,1.0,1.0,1.0,1.0,False,False,False,False
12f16155032243cd537db884,kimi-k3,restricted_search,cost_tight,cached,76f30c29033259b86e218d32c12024393fddf0d261fc00ff84aac89703ad3f57,0.0,0.0,0.0,0.0,False,False,False,False
946962b0c7d71a20cb3993e7,kimi-k3,restricted_search,cost_tight,cached,73ee7d04b26095de5571c84d4dffc4d5e2fdd1f7bddc67512866f38d23f9b834,0.0,0.0,0.0,0.0,False,False,False,False
753f3944d12acaaf997cba9f,kimi-k3,restricted_search,cost_tight,cached,266b0ba3b6f5f79f5ee2531f7dae6f3dd97a0be462d4e83dcb0cf5f3dfc4b1b2,0.0,0.0,0.0,0.0,False,False,False,False
39bae49bc1004197764de728,kimi-k3,restricted_search,cost_tight,cached,c088b09bfe42ca68c9d9539e0230a05a747a9f7e0fd3add506d0868465b496de,0.0,0.0,0.0,0.0,False,False,False,False
4d26cdeb965906002dbfdf43,kimi-k3,restricted_search,cost_tight,cached,b246abaf4486a40dfb9d5f4cafd1fa709f7321a78411e842cb57f08aada7be99,0.0,0.0,0.0,0.0,False,False,False,False
8e205ca60086e608d3716c24,kimi-k3,restricted_search,cost_tight,cached,1341b7ae07e2047421aa433982d82b82cab8607517998bea0452a7d10d14aad4,0.0,0.0,0.0,0.0,False,False,False,False
8ef4785e556057000f3098ea,kimi-k3,restricted_search,cost_tight,cached,f69bea0952f3a9a0407c94edd15f49518066c7d1aa80aa23eae07348ee6def2d,0.0,0.0,0.0,0.0,False,False,False,False
2875caee697327708b97a5ee,kimi-k3,restricted_search,cost_tight,cached,45b6dbb9bc10bcbac22a90c53d987db99222008d8b024ecedf482cf5f68fa50a,0.0,0.0,0.0,0.0,False,False,False,False
18394534792007939c077089,kimi-k3,restricted_search,cost_tight,cached,df65ac31ea97491619bbe9341564aed8735d28c56657584415f5190ea39002e6,0.5,0.5,0.5,0.5,False,False,False,False
3791081a128923170bc20afa,kimi-k3,restricted_search,cost_tight,cached,70ddea9385e5dff1cda96d1d78e3ea5dee286228ac5e5ee2148e1dfaecc32f5b,1.0,1.0,1.0,1.0,False,False,False,False
f2c0ca3ef23c3078ff9090bd,kimi-k3,restricted_search,cost_tight,cached,43e944c64bc4f2c75976e0be7f9411e2ca56674b6b46916a0f7946eb71d7f591,0.0,0.0,0.0,0.0,False,False,False,False
45f02c9d14a6d09a06dae49b,kimi-k3,restricted_search,cost_tight,cached,5b99730ac58a5809e918619a929b2c376988085c3bbff2af190d9ee856d2fdea,0.0,0.0,0.0,0.0,False,False,False,False
db1c00da2600f13bed3e6051,kimi-k3,restricted_search,cost_tight,cached,b0690ae878a9eab4e2763a489fecb872974686c71de521d252e6a8d4d2426122,0.0,0.0,0.0,0.0,False,False,False,False
a61e610a3e89d60d51dc69b8,kimi-k3,restricted_search,cost_tight,cached,231fcce307ae8cea0af4755bb7e9b606707c0dca92469c0c370dfded75c317a7,0.0,0.0,0.0,0.0,False,False,False,False
96fc91c0b43298c6341d490d,kimi-k3,restricted_search,cost_tight,cached,b540936ea2e508ec00de131f5bbd7dc88e9c754d0f2d2db5a339d71c6efd09d3,0.0,0.0,0.0,0.0,False,False,False,False
c1b9a2f1db6750fb88931cca,kimi-k3,restricted_search,cost_tight,naive,94f270c0ebe732fe049bef8ad49b55ed7c8bdb756677da4e27c33986fc412b90,1.0,1.0,1.0,1.0,False,False,False,False
f01d6ed6300812c72d0005aa,kimi-k3,restricted_search,cost_tight,naive,484e9490b0dd4a4b9c6749048808a23ceec0e09a14675e6c05a1468e0fa1ab1b,0.0,0.0,0.0,0.0,False,False,False,False
6b9e5c23e559b72dd5f8c886,kimi-k3,restricted_search,cost_tight,naive,63108c37f3580a385e41ab05ccdd4a86aac076981ac44a633be49cad7951c733,0.0,0.0,0.0,0.0,False,False,False,False
f12fc5346ede2ad0f4df4ab0,kimi-k3,restricted_search,cost_tight,naive,09828eedebe9b6288d69302e165d1fc14e1f22b22bb798267f52387865a6ba40,0.0,0.0,0.0,0.0,False,False,False,False
0eef71e326dbb653ffdaae55,kimi-k3,restricted_search,cost_tight,naive,dbf8379f5c726ce26c49d7a3f49a2449aa61396ff2ded4d2d7d48c6577bf7a67,0.0,0.0,0.0,0.0,False,False,False,False
56b128b93117ec54ea64fb86,kimi-k3,restricted_search,cost_tight,naive,8a5696a37402831a213c83b6c02e534aea639b4af1d739e330cb162b1278b638,0.0,0.0,0.0,0.0,False,False,False,False
6c9aa9e2d310e3667216f41f,kimi-k3,restricted_search,cost_tight,naive,0259b9c7420b9d305471378ab82d479e9031ace71a238c6d0aab516531ad2720,0.5,0.5,0.5,0.5,False,False,False,False
0c7adf7e6da465c09c68adcb,kimi-k3,restricted_search,cost_tight,naive,d287b1681c6832b0a86dfc4a7ad48f5a9b048280bf92e255dadc37e2e89e737f,0.0,0.0,0.0,0.0,False,False,False,True
d0a72ba80b19f521ab93593d,kimi-k3,restricted_search,cost_tight,naive,f813a686dc8d45bdccd1c0a6d9caf655da412dc03377b0213d57554c203ab379,0.0,0.0,0.0,0.0,False,False,False,False
897deb75ee67ba42c51a885a,kimi-k3,restricted_search,cost_tight,naive,c9741ac89daf7229bc499102a5245e9e6ebe38a95ac9fd4815104bf9fe069c02,0.0,0.0,0.0,0.0,False,False,False,False
fa47741087b62b2207deec1a,kimi-k3,restricted_search,cost_tight,naive,491cba2fbb6ffe9237aee0a6819e3c4d97dcab621acfb1b2bff46eb18a007ac0,0.0,0.0,0.0,0.0,False,False,False,False
3b62e7d6ba458ca84316cda5,kimi-k3,restricted_search,cost_tight,naive,4c41462f6f7f5dd0b38a6f3227aaeadb8f5d82fa604d3b7bd9e0f73872067be0,0.0,0.0,0.0,0.0,False,False,False,False
79d3f0545f6853a1e4b8c9c3,kimi-k3,restricted_search,cost_tight,naive,73a2f1773ffd911f5b2e388eb4a63fb740a345740e82406373090616ba77c9d7,0.0,0.0,0.0,0.0,False,False,False,False
928ddc3093ec12530b2331b9,kimi-k3,restricted_search,cost_tight,naive,83e4b817c89bffddf3a8c99780f2d89348fc63753255781717d0475e1c5f67e8,0.6666666666666666,0.6666666666666666,0.6666666666666666,0.6666666666666666,False,False,False,False
cf8dee6824cff6d458dced09,kimi-k3,restricted_search,cost_tight,naive,638391f3d95923b131a05a2c00c6ef9dd81af37771c38d4f1bf6778a00a4f00b,0.6666666666666666,0.6666666666666666,0.6666666666666666,0.6666666666666666,False,False,False,False
39f3512ac4cc1b10a1f7356e,kimi-k3,restricted_search,cost_tight,naive,b192dd35d6be48dfb3bc54d1d4ee0cfd66b99231584264edbf9007982c8a5d62,0.0,0.0,0.0,0.0,False,False,False,False
76cf865ef7b9bbf953354b1d,kimi-k3,restricted_search,cost_tight,naive,77b31cd6202f2c9833b44cf78654120fa125ca65ffc3fc840f44b776bc98ebed,0.0,0.0,0.0,0.0,False,False,False,False
dba9593a6614760cf7e516ea,kimi-k3,restricted_search,cost_tight,naive,c178af47bb7132608aac742db32582b6977f11d8027c64ad74c8de6352ea48c9,0.0,0.0,0.0,0.0,False,False,False,False
d53c371d49d4793d17d1f72d,kimi-k3,restricted_search,cost_tight,naive,2106ae186bccad9b1e94714c39d8f7be837e7dd94de0be6f4d7ad4242ecb9c54,0.6666666666666666,0.6666666666666666,0.6666666666666666,0.6666666666666666,False,False,False,False
4bd07ddaa1840e33d2b27b30,kimi-k3,restricted_search,cost_tight,naive,4c9c4a246306c43f4d1cee549855b73332d3beb0c651657c9b24ea2d8015e433,1.0,1.0,1.0,1.0,False,False,False,False
21db7ffa66c89c1dee94c4a7,kimi-k3,restricted_search,cost_tight,naive,8d2a2f1ed98b7322ec6a6b5a9ffd0d4667e4d4e35ed482e486ba4aa75bdba94e,0.4,0.4,0.4,0.4,False,False,False,False
e0bc7cb887147ace2479a773,kimi-k3,restricted_search,cost_tight,naive,dcbebd3a414eddc0c8ac830e3450ae7cf65d011ba6cc66e76876873787def3da,0.6666666666666666,0.6666666666666666,0.6666666666666666,0.6666666666666666,False,False,False,False
bf50a535f93885e3f6b31d05,kimi-k3,restricted_search,cost_tight,naive,96ee5bcb71faa433fca23d0079a1ad9c4904d53173ff66ebaf1d9354764bcb45,0.23529411764705882,0.23529411764705882,0.23529411764705882,0.23529411764705882,False,False,False,False
b938644a8280d96344bc09c1,kimi-k3,restricted_search,cost_tight,naive,7e4cdc16eecc806b5db5ec12635d3fe947fcab5bde28255c481fc5151aea26f7,1.0,1.0,1.0,1.0,False,False,False,False
b1835c4b66187fa4eccbb1c9,kimi-k3,restricted_search,cost_tight,naive,ff4f8df0f3469d56056e5770386e27f7ce9e89a3b910053cee905f850876c25a,0.0,0.0,0.0,0.0,False,False,False,False
e141fd283edb1b2f0714ff5f,kimi-k3,restricted_search,cost_tight,naive,10a90d571afd571a3a0a45b8bb06e6e16144e04a228b6884dc1ca210eb90b68c,0.0,0.0,0.0,0.0,False,False,False,False
2aed1640ffde21c653da5719,kimi-k3,restricted_search,cost_tight,naive,d010abaf096633f6f27254fdec25813d1d73b9ce7cb96b64a64029d280084e36,0.0,0.0,0.0,0.0,False,False,False,False
fd53b230f27fdb7ea55db4b1,kimi-k3,restricted_search,cost_tight,naive,aaa9a379ef0ba1acb30bb3e776eef883191a99dd8b5c68cf1a06f79f6a5df0a8,0.0,0.0,0.0,0.0,False,False,False,False
169804abd14c61d18f27f66f,kimi-k3,restricted_search,cost_tight,naive,beddc9dc5e9047a66e2cf1759550e1ae146d24c4dc1fd82625b4852df9ffbd5d,0.0,0.0,0.0,0.0,False,False,False,False
00d17ad49d2854db5b3f20b6,kimi-k3,restricted_search,cost_tight,naive,2909b189fb5f6e448a4514d5fae6bbbd3ce5d30456e96e0a0abdb3052aa801e4,0.0,0.0,0.0,0.0,False,False,False,False
58c7c24fcefe9ad4640c24b0,kimi-k3,restricted_search,cost_tight,naive,9a173843760382db4444f08ebeee503e642d1cc996f1e4dc1a7b2b23b3e9c444,0.0,0.0,0.0,0.0,False,False,False,False
fb3223493f3a816efe25c09a,kimi-k3,restricted_search,cost_tight,naive,683732024cd39e1ee63af1f506e9a2acd4fa19b70fc75bb80137c2c55a134ad0,0.0,0.0,0.0,0.0,False,False,False,False
8c63d29b83cad8d86d56d539,kimi-k3,restricted_search,cost_tight,naive,ed6a23e7e690ad04920c10aed883b9676956384af25634395d15fc1dbce5f71d,0.5,0.5,0.5,0.5,False,False,False,False
7d28edc7556d9fcb0a6d75f8,kimi-k3,restricted_search,cost_tight,naive,78b3d5fa45a3c4f06d12d7b353a3bfad5ee3c757cd67208f3e838905e861ffcd,1.0,1.0,1.0,1.0,False,False,False,False
105c5ece561e02f76c3186d6,kimi-k3,restricted_search,cost_tight,naive,82abbe8366dc16c71d30b618e570fa21dd559c65a97d8fdd53d55cce04e9c23c,0.0,0.0,0.0,0.0,False,False,False,False
02358f5c08a042260ac86afa,kimi-k3,restricted_search,cost_tight,naive,b7a25089fe8ea4dfcde8262ebdc7387156251941b3c0793d7d234d39eb6b6c23,0.0,0.0,0.0,0.0,False,False,False,False
a1b3bda84649a173c21ca044,kimi-k3,restricted_search,cost_tight,naive,67cd1af32b1cbb54c8e1cdff0d39be037317db0b287a8aa689c586c8020cec89,0.0,0.0,0.0,0.0,False,False,False,False
7636c4109fcfa399abaf4b5d,kimi-k3,restricted_search,cost_tight,naive,573639d7ae8a059c59ebbf2e3bcc267f01ec22f38828bf0ae1d7a313f542bfb0,0.0,0.0,0.0,0.0,False,False,False,False
dc9ac6e3417156c1b95a7a72,kimi-k3,restricted_search,cost_tight,naive,fbc934f28ed25154bbcbfe6cea8ba94a94397351bdc27abc50c470cf0af917e8,0.0,0.0,0.0,0.0,False,False,False,False
05ca860acca1e4edd01e86c5,kimi-k3,restricted_search,cost_tight,poolact,eed81f3131024bdb60cab153081952db2f9b5ed792f82b5cc1e0a49b3cb0d2fa,1.0,1.0,1.0,1.0,False,False,False,False
0bf4fd569fa00fe048b89ff4,kimi-k3,restricted_search,cost_tight,poolact,6c2dc8e337d9a671a3455e43433e8b18a347ef71e3f098bd4672288fdbbf1d16,0.8,0.8,0.8,0.8,False,False,False,False
ccf058fff2614959286b7962,kimi-k3,restricted_search,cost_tight,poolact,5c99af5f1509169e3fb85ef83d7bcdf69ce362ee15a0f9f29aa69c149fb5b796,0.0,0.0,0.0,0.0,False,False,False,False
529dec925e32fbdd69c637e6,kimi-k3,restricted_search,cost_tight,poolact,894a1dd874d228f8a9abc180308f9549639169faa07b035f34278eaaff370722,0.0,0.0,0.0,0.0,False,False,False,False
ee38cd592c8071f3f65f78e1,kimi-k3,restricted_search,cost_tight,poolact,b64e5dfdadf512e032bdf5102de3885c0235201dfe87030d16b7eb46929ecef6,0.0,0.0,0.0,0.0,False,False,False,False
7eb5cace6d975023a73e7b0c,kimi-k3,restricted_search,cost_tight,poolact,a4477375755ffc5da3695f17eb40c3d5ba82446968615edb2569d3691e7ecafb,0.0,0.0,0.0,0.0,False,False,False,False
6953ee290a95f2f12e1c6e43,kimi-k3,restricted_search,cost_tight,poolact,fb36550687287bdbe78c3e945c1c7e90a451c2b638da827f0d484b3aa42f92c8,1.0,1.0,1.0,1.0,False,False,False,False
b692f92c9e4f540befd2dfe2,kimi-k3,restricted_search,cost_tight,poolact,388b750e9fed47fd4945e2b82d3c1e6b802cb3182b4a6b6456655cc4fe276796,0.0,0.0,0.0,0.0,False,False,False,False
0c51f6938d10bcc26c5ddc98,kimi-k3,restricted_search,cost_tight,poolact,c022963983998c187a39c5422cb4219fa4f64dbabbe0a37bc80705cb1ff55f80,0.6666666666666666,0.6666666666666666,0.6666666666666666,0.6666666666666666,False,False,False,False
c17476ed264f335225a68337,kimi-k3,restricted_search,cost_tight,poolact,8c2522015ae96943f215a20145e9468bd5cfc526e8cc6349ea0b32c7f0a50305,0.0,0.0,0.0,0.0,False,False,False,False
fb5ecc0a3bfa9ea50a804821,kimi-k3,restricted_search,cost_tight,poolact,68d1c3c5f2c2782bb998bb3479fb28ff0c84b2e76f75ca705a69333b634f54b6,0.0,0.0,0.0,0.0,False,False,False,False
f92f810cd7e42d6044710a07,kimi-k3,restricted_search,cost_tight,poolact,d37946a80ef26ab9f53d1ceb889b8e2ef7b5176c6c5afddf60963d2c5c8e17d0,0.0,0.0,0.0,0.0,False,False,False,False
17aa32be71c7f20a60bf557f,kimi-k3,restricted_search,cost_tight,poolact,d2f8b4728c02622d2a60d17aa2b6efececca72372f077172cb06d51feab4cf30,0.0,0.0,0.0,0.0,False,False,False,True
0b152d8fb08cea3dde3f2242,kimi-k3,restricted_search,cost_tight,poolact,26d3fa7a028a4b5ec7c233fc9d6e90919ad4705519cbee257ad57a247aaff794,0.6666666666666666,0.6666666666666666,0.6666666666666666,0.6666666666666666,False,False,False,False
27b8c4477532e07f78895bcc,kimi-k3,restricted_search,cost_tight,poolact,90bb33c6394207fa6e80a6e84087a40c1cc14b06d108c31c8693886dc9a2d639,0.6666666666666666,0.6666666666666666,0.6666666666666666,0.6666666666666666,False,False,False,False
78a8f08d9e8a52aadf449bb2,kimi-k3,restricted_search,cost_tight,poolact,728b73ed93007b67a8efece93ac1b3e9c872c972cb33e16e392700f43d69f2e8,0.0,0.0,0.0,0.0,False,False,False,False
b9d2de1efd66c0c4e395c36b,kimi-k3,restricted_search,cost_tight,poolact,647bbe4dd0a5ea492775b7cd75a00aa334dbdeaa78ba1d3b52149c6f962e8eed,0.0,0.0,0.0,0.0,False,False,False,False
4491820a1c309c62008c71d5,kimi-k3,restricted_search,cost_tight,poolact,3508b37b25a337fbbd446d6d2022c6788f69dce32df878f4f5dee07c2c082d8f,0.0,0.0,0.0,0.0,False,False,False,False
9dce1d1d25fe7e16ca0347bb,kimi-k3,restricted_search,cost_tight,poolact,3a8ce47b373890b3f7d47d3b39d688b2513c9714e6d3050704df2ce31bfd1549,0.6666666666666666,0.6666666666666666,0.6666666666666666,0.6666666666666666,False,False,False,False
8e3e5fb2db02adfdc8778512,kimi-k3,restricted_search,cost_tight,poolact,1d7a575f64813352f28c2fac126676fd1063cbb2f99d7f60d3dd44e6c251c9b9,1.0,1.0,1.0,1.0,False,False,False,False
5c1550d799d9badcf99e4503,kimi-k3,restricted_search,cost_tight,poolact,e148222814987e27baa76f47bf5fc98a1d37cc48d5f628778ec66d8cbd18cf35,1.0,1.0,1.0,1.0,False,False,False,False
ca6a4499e78e5edb341c6342,kimi-k3,restricted_search,cost_tight,poolact,ef8784f5c9fb5e4e670dcc961f41e0a0e131bebdc8d5e2b2d4ae0783dcf71fce,0.6666666666666666,0.6666666666666666,0.6666666666666666,0.6666666666666666,False,False,False,False
b3f2436646973a232243d5a3,kimi-k3,restricted_search,cost_tight,poolact,c3844ef80fb045b59b13aacb6223fe42491be12e421a9448997283c1a617e355,0.23529411764705882,0.23529411764705882,0.23529411764705882,0.23529411764705882,False,False,False,False
5dae41175df968f3030e8bee,kimi-k3,restricted_search,cost_tight,poolact,ff9b084e8b6b6cafc0dc6c28c19416228c042da79f502cb538d4188e0f002471,1.0,1.0,1.0,1.0,False,False,False,False
4c7a0f9c6d4af5764d2fd8de,kimi-k3,restricted_search,cost_tight,poolact,b3fcef2eb04a8ed666c84b8d323dedcdb4bbba1f0fbabad4ba71ec60324a82cf,0.0,0.0,0.0,0.0,False,False,False,False
4a46ccdfda13310454905b3f,kimi-k3,restricted_search,cost_tight,poolact,f19950f91b33a3002e01b69463d5e1012722f3f4c6a58129c2a6a52ae396402d,1.0,1.0,1.0,1.0,False,False,False,False
591ad870deb81b1486865401,kimi-k3,restricted_search,cost_tight,poolact,0449cc79071c62ab7955866ae961de1d5f5f0f80f8eda52dfabc78bdb35fb9ab,0.0,0.0,0.0,0.0,False,False,False,False
cf29839566d60b6d69303a9e,kimi-k3,restricted_search,cost_tight,poolact,acb6bba4dcb9a90b931f71a25eaf8c54aa321aeb6632b2cfbfac834a40ba0ca8,0.0,0.0,0.0,0.0,False,False,False,False
75a445d5fe2fe541da66be75,kimi-k3,restricted_search,cost_tight,poolact,dbb55c784769b453bb9d63636d98bc43211a85be762d0cb837515947b42eb8a9,0.0,0.0,0.0,0.0,False,False,False,False
48ebbbd92c64f1e7cf39c028,kimi-k3,restricted_search,cost_tight,poolact,1e4e62af932b27ceb9194888afae0855332453e1d45c194b18a3fb62ba73c443,0.0,0.0,0.0,0.0,False,False,False,True
44301f7defd40234af99e603,kimi-k3,restricted_search,cost_tight,poolact,e43bd9c128d902930a4d095024a48d7a4f48ec6b729dbc760980165f4addf98c,0.0,0.0,0.0,0.0,False,False,False,False
a8e55acbff85426d3b267523,kimi-k3,restricted_search,cost_tight,poolact,7b2a6003d2bf28ccbb06d3b687eaa4c9d1417f64832fddc980965038c817c9e6,1.0,1.0,1.0,1.0,False,False,False,False
b633a5f72f806ecf2ce03350,kimi-k3,restricted_search,cost_tight,poolact,a9643cf8c96b64e3a11e4db0ad15581e463ba7252e0a9a3b88c898e26bf9f758,0.5,0.5,0.5,0.5,False,False,False,False
518bae6b91a8b44d1d7df5dd,kimi-k3,restricted_search,cost_tight,poolact,d636ef00c9de470ebf8f8a6e9469d1212aab1e6b2c42265dece920b1af0794e1,0.0,0.0,0.0,0.0,False,False,False,False
8fd095f98a9d01cafe222be9,kimi-k3,restricted_search,cost_tight,poolact,439e67e373e5c8d48a560d7ad01bf1b4fb1b63b5c6f45a3ce9303b127faf33a1,0.0,0.0,0.0,0.0,False,False,False,False
94e0d3e96b6c321691ec954f,kimi-k3,restricted_search,cost_tight,poolact,c3009ed68548b5363b82f01927e9234a7614ece1d080f27f59a261ea87be3cd6,0.0,0.0,0.0,0.0,False,False,False,False
578dbdf92bab1c81655fa740,kimi-k3,restricted_search,cost_tight,poolact,898884bffece49b75a3488dbae7647119464cc99de200de475183869ec331d70,0.0,0.0,0.0,0.0,False,False,False,False
65df57337d2df3a3e9fc60ce,kimi-k3,restricted_search,cost_tight,poolact,bfa636b646c2c22823bc2a5e713fef26ab00b09189cecffed072493d038bcb96,0.0,0.0,0.0,0.0,False,False,False,False
b5b9ae068c6caedbb3606a30,kimi-k3,restricted_search,cost_tight,poolact,b73898485b7a3ca1478b9de5d51e9e9d93e9f5038945e224428663f96270e1ab,0.0,0.0,0.0,0.0,False,False,False,False
2249434b48323922149d5578,qwen3.8-2.4t-a95b-fp8,evidence_audit,cost_moderate,cached,f8068220250289fa5e0bb0ac2023f49518d6d0466a389464745ea2c218574614,"{""evidence_acc"":0.5882352941176471,""label_acc"":1.0,""verification_eff"":0.0}","{""evidence_acc"":0.5882352941176471,""label_acc"":1.0,""verification_eff"":0.0}","{""evidence_acc"":0.5882352941176471,""label_acc"":1.0,""verification_eff"":0.0}","{""evidence_acc"":0.5882352941176471,""label_acc"":1.0,""verification_eff"":0.0}",False,False,False,False
2b0269494ffaa01ed717e365,qwen3.8-2.4t-a95b-fp8,evidence_audit,cost_moderate,cached,826a45727cfcac9fa3f40289c2ac3b64a2e078f38d5095c1db69f4d4474d45ba,"{""evidence_acc"":0.7647058823529411,""label_acc"":0.8823529411764706,""verification_eff"":0.0}","{""evidence_acc"":0.7647058823529411,""label_acc"":0.8823529411764706,""verification_eff"":0.0}","{""evidence_acc"":0.7647058823529411,""label_acc"":0.8823529411764706,""verification_eff"":0.0}","{""evidence_acc"":0.7647058823529411,""label_acc"":0.8823529411764706,""verification_eff"":0.0}",False,False,False,False
d67c769bf1e64fefbbc93e94,qwen3.8-2.4t-a95b-fp8,evidence_audit,cost_moderate,cached,191200492c609bff5919970fbed509d82881b02711e65969d9fca80f358c9c99,"{""evidence_acc"":0.47058823529411764,""label_acc"":0.8823529411764706,""verification_eff"":0.0}","{""evidence_acc"":0.47058823529411764,""label_acc"":0.8823529411764706,""verification_eff"":0.0}","{""evidence_acc"":0.47058823529411764,""label_acc"":0.8823529411764706,""verification_eff"":0.0}","{""evidence_acc"":0.47058823529411764,""label_acc"":0.9411764705882353,""verification_eff"":0.0}",False,False,True,True
60d715e9c89976f8d6431d2b,qwen3.8-2.4t-a95b-fp8,evidence_audit,cost_moderate,cached,352e17d1eff82d0daa2997d583305bf92a5d2a9f91f2fc0d8e7f6c1ea1dc4ab0,"{""evidence_acc"":0.6470588235294118,""label_acc"":0.8823529411764706,""verification_eff"":0.0}","{""evidence_acc"":0.6470588235294118,""label_acc"":0.8823529411764706,""verification_eff"":0.0}","{""evidence_acc"":0.6470588235294118,""label_acc"":0.8823529411764706,""verification_eff"":0.0}","{""evidence_acc"":0.6470588235294118,""label_acc"":0.8823529411764706,""verification_eff"":0.0}",False,False,False,False
af5764456aac8c246c791daa,qwen3.8-2.4t-a95b-fp8,evidence_audit,cost_moderate,cached,710d2b3018e448eb96130fd0a57efefcaa745358b5076cbb392e3ac1232c24a6,"{""evidence_acc"":0.7058823529411765,""label_acc"":0.8823529411764706,""verification_eff"":0.0}","{""evidence_acc"":0.7058823529411765,""label_acc"":0.8823529411764706,""verification_eff"":0.0}","{""evidence_acc"":0.7058823529411765,""label_acc"":0.8823529411764706,""verification_eff"":0.0}","{""evidence_acc"":0.7058823529411765,""label_acc"":0.8823529411764706,""verification_eff"":0.0}",False,False,False,False
b8dba157ed02fe6818b27060,qwen3.8-2.4t-a95b-fp8,evidence_audit,cost_moderate,cached,b268dc7637547a286469b37f6f6d3971620ff2855d16b8ae7370d873d0835eaf,"{""evidence_acc"":0.8235294117647058,""label_acc"":0.7647058823529411,""verification_eff"":0.0}","{""evidence_acc"":0.8235294117647058,""label_acc"":0.7647058823529411,""verification_eff"":0.0}","{""evidence_acc"":0.8235294117647058,""label_acc"":0.7647058823529411,""verification_eff"":0.0}","{""evidence_acc"":0.8235294117647058,""label_acc"":0.7647058823529411,""verification_eff"":0.0}",False,False,False,False
db611ad1148a799cccc433e6,qwen3.8-2.4t-a95b-fp8,evidence_audit,cost_moderate,cached,7d6bb1ae296f2aa4590b15fef2180b221c3f854c657f2cff4d690704180799c1,"{""evidence_acc"":0.8823529411764706,""label_acc"":0.8823529411764706,""verification_eff"":0.0}","{""evidence_acc"":0.8823529411764706,""label_acc"":0.8823529411764706,""verification_eff"":0.0}","{""evidence_acc"":0.8823529411764706,""label_acc"":0.8823529411764706,""verification_eff"":0.0}","{""evidence_acc"":0.8823529411764706,""label_acc"":0.8823529411764706,""verification_eff"":0.0}",False,False,False,False
6fbd4b9f0215d4171dd6f6aa,qwen3.8-2.4t-a95b-fp8,evidence_audit,cost_moderate,cached,dc2d0f2e22b5c126bff665e3b63e87021eb727789a9df0ac2526a27947a3b85d,"{""evidence_acc"":0.7647058823529411,""label_acc"":0.9411764705882353,""verification_eff"":0.0}","{""evidence_acc"":0.7647058823529411,""label_acc"":0.9411764705882353,""verification_eff"":0.0}","{""evidence_acc"":0.7647058823529411,""label_acc"":0.9411764705882353,""verification_eff"":0.0}","{""evidence_acc"":0.7647058823529411,""label_acc"":0.9411764705882353,""verification_eff"":0.0}",False,False,False,False
67954485581f2a77ef3ae8b5,qwen3.8-2.4t-a95b-fp8,evidence_audit,cost_moderate,cached,c38aae51f8f2e96ed363fce9de7f0220abb5c87d6160eb2c4a0e5f67541e426b,"{""evidence_acc"":0.8823529411764706,""label_acc"":0.8235294117647058,""verification_eff"":0.0}","{""evidence_acc"":0.8823529411764706,""label_acc"":0.8235294117647058,""verification_eff"":0.0}","{""evidence_acc"":0.8823529411764706,""label_acc"":0.8235294117647058,""verification_eff"":0.0}","{""evidence_acc"":0.8823529411764706,""label_acc"":0.8235294117647058,""verification_eff"":0.0}",False,False,False,False
90ddf3f42da9e525b57d8d0e,qwen3.8-2.4t-a95b-fp8,evidence_audit,cost_moderate,cached,5f950c47027d4be352fc8992abd64cef88cc22e25dc1fa316733645eb3f9d9fc,"{""evidence_acc"":0.7058823529411765,""label_acc"":0.9411764705882353,""verification_eff"":0.0}","{""evidence_acc"":0.7058823529411765,""label_acc"":0.9411764705882353,""verification_eff"":0.0}","{""evidence_acc"":0.7058823529411765,""label_acc"":0.9411764705882353,""verification_eff"":0.0}","{""evidence_acc"":0.7058823529411765,""label_acc"":0.9411764705882353,""verification_eff"":0.0}",False,False,False,False
e4c27406e0644d4dfba10545,qwen3.8-2.4t-a95b-fp8,evidence_audit,cost_moderate,cached,d173550e89e4df86f0e3745171b494c7ca577680defb9c778d12b0a0778fe0f3,"{""evidence_acc"":0.8235294117647058,""label_acc"":0.9411764705882353,""verification_eff"":0.0}","{""evidence_acc"":0.8235294117647058,""label_acc"":0.9411764705882353,""verification_eff"":0.0}","{""evidence_acc"":0.8235294117647058,""label_acc"":0.9411764705882353,""verification_eff"":0.0}","{""evidence_acc"":0.8235294117647058,""label_acc"":0.9411764705882353,""verification_eff"":0.0}",False,False,False,False
12c26df77e6b12026dea78d8,qwen3.8-2.4t-a95b-fp8,evidence_audit,cost_moderate,cached,32c548316647ee5d7dac8acd88d5939c146d80d576ebd879cf4dd6865081b604,"{""evidence_acc"":0.8235294117647058,""label_acc"":1.0,""verification_eff"":0.0}","{""evidence_acc"":0.8235294117647058,""label_acc"":1.0,""verification_eff"":0.0}","{""evidence_acc"":0.8235294117647058,""label_acc"":1.0,""verification_eff"":0.0}","{""evidence_acc"":0.8235294117647058,""label_acc"":1.0,""verification_eff"":0.0}",False,False,False,False
724b73335e7692e96215b6dd,qwen3.8-2.4t-a95b-fp8,evidence_audit,cost_moderate,cached,663d7c4250acda82e2deaad0b6a4ececf150bdc743f7d1856082baf757466275,"{""evidence_acc"":0.8235294117647058,""label_acc"":0.7647058823529411,""verification_eff"":0.0}","{""evidence_acc"":0.8235294117647058,""label_acc"":0.7647058823529411,""verification_eff"":0.0}","{""evidence_acc"":0.8235294117647058,""label_acc"":0.7647058823529411,""verification_eff"":0.0}","{""evidence_acc"":0.8235294117647058,""label_acc"":0.7647058823529411,""verification_eff"":0.0}",False,False,False,False
c552a0e00c664dec7ba4c481,qwen3.8-2.4t-a95b-fp8,evidence_audit,cost_moderate,naive,295bbde09b30f5a6831792717a2f4a5a525bdc18983d24ee75d4fe704870e98e,"{""evidence_acc"":0.47058823529411764,""label_acc"":0.9411764705882353,""verification_eff"":0.0}","{""evidence_acc"":0.47058823529411764,""label_acc"":0.9411764705882353,""verification_eff"":0.0}","{""evidence_acc"":0.47058823529411764,""label_acc"":0.9411764705882353,""verification_eff"":0.0}","{""evidence_acc"":0.47058823529411764,""label_acc"":0.9411764705882353,""verification_eff"":0.0}",False,False,False,False
1af4cc84a9789c34054221ad,qwen3.8-2.4t-a95b-fp8,evidence_audit,cost_moderate,naive,d23485a47511a586146ca842c6f845dd9cf1634bceb0540d871722c331e0ce10,"{""evidence_acc"":0.7647058823529411,""label_acc"":0.8823529411764706,""verification_eff"":0.0}","{""evidence_acc"":0.7647058823529411,""label_acc"":0.8823529411764706,""verification_eff"":0.0}","{""evidence_acc"":0.7647058823529411,""label_acc"":0.8823529411764706,""verification_eff"":0.0}","{""evidence_acc"":0.7647058823529411,""label_acc"":0.8823529411764706,""verification_eff"":0.0}",False,False,False,False
f76fac44b10b99e478bd4f3e,qwen3.8-2.4t-a95b-fp8,evidence_audit,cost_moderate,naive,0957e079a5bd9d1d37897bafdf68b49a238f074bf252009defdadfe22ce69628,"{""evidence_acc"":0.4117647058823529,""label_acc"":0.8823529411764706,""verification_eff"":0.0}","{""evidence_acc"":0.4117647058823529,""label_acc"":0.8823529411764706,""verification_eff"":0.0}","{""evidence_acc"":0.4117647058823529,""label_acc"":0.8823529411764706,""verification_eff"":0.0}","{""evidence_acc"":0.4117647058823529,""label_acc"":0.8823529411764706,""verification_eff"":0.0}",False,False,False,False
2799d62dc3a0f3d45dba2425,qwen3.8-2.4t-a95b-fp8,evidence_audit,cost_moderate,naive,c13cecc7a3456bf9482b1d808571eabbcc22c7e428cbb34ca0042dad847fb58f,"{""evidence_acc"":0.4117647058823529,""label_acc"":0.8235294117647058,""verification_eff"":0.0}","{""evidence_acc"":0.4117647058823529,""label_acc"":0.8235294117647058,""verification_eff"":0.0}","{""evidence_acc"":0.4117647058823529,""label_acc"":0.8235294117647058,""verification_eff"":0.0}","{""evidence_acc"":0.4117647058823529,""label_acc"":0.8235294117647058,""verification_eff"":0.0}",False,False,False,False
93797e0fc2d32815978cadda,qwen3.8-2.4t-a95b-fp8,evidence_audit,cost_moderate,naive,3a9c25fabcd6afe7db3129a8bc7a71f93d059b448699a8af3cba81eb8dbfb8e3,"{""evidence_acc"":0.5882352941176471,""label_acc"":0.8823529411764706,""verification_eff"":0.0}","{""evidence_acc"":0.5882352941176471,""label_acc"":0.8823529411764706,""verification_eff"":0.0}","{""evidence_acc"":0.5882352941176471,""label_acc"":0.8823529411764706,""verification_eff"":0.0}","{""evidence_acc"":0.5882352941176471,""label_acc"":0.8823529411764706,""verification_eff"":0.0}",False,False,False,False
7415b559c9ae98c15b028021,qwen3.8-2.4t-a95b-fp8,evidence_audit,cost_moderate,naive,056d63670002d074a60e3b0ed11f00aa709917f9b924bac6ab00fb92f12e805b,"{""evidence_acc"":0.8823529411764706,""label_acc"":0.8823529411764706,""verification_eff"":0.0}","{""evidence_acc"":0.8823529411764706,""label_acc"":0.8823529411764706,""verification_eff"":0.0}","{""evidence_acc"":0.8823529411764706,""label_acc"":0.8823529411764706,""verification_eff"":0.0}","{""evidence_acc"":0.8823529411764706,""label_acc"":0.8823529411764706,""verification_eff"":0.0}",False,False,False,False
4eab1dec466863889e5c735a,qwen3.8-2.4t-a95b-fp8,evidence_audit,cost_moderate,naive,06e260d99a301d363cc683c28d728577ba4cef07948e67880a7d166b40a91421,"{""evidence_acc"":0.9411764705882353,""label_acc"":0.8823529411764706,""verification_eff"":0.0}","{""evidence_acc"":0.9411764705882353,""label_acc"":0.8823529411764706,""verification_eff"":0.0}","{""evidence_acc"":0.9411764705882353,""label_acc"":0.8823529411764706,""verification_eff"":0.0}","{""evidence_acc"":0.9411764705882353,""label_acc"":0.8823529411764706,""verification_eff"":0.0}",False,False,False,False
d6d42fb7f08757b207743e8d,qwen3.8-2.4t-a95b-fp8,evidence_audit,cost_moderate,naive,d51e25d4e938e93529f022d0602f34c256d8177ea20f76f063fa5617535cf422,"{""evidence_acc"":0.7647058823529411,""label_acc"":0.9411764705882353,""verification_eff"":0.0}","{""evidence_acc"":0.7647058823529411,""label_acc"":0.9411764705882353,""verification_eff"":0.0}","{""evidence_acc"":0.7647058823529411,""label_acc"":0.9411764705882353,""verification_eff"":0.0}","{""evidence_acc"":0.7647058823529411,""label_acc"":0.9411764705882353,""verification_eff"":0.0}",False,False,False,False
e4b4d17072c3495b225b9ad7,qwen3.8-2.4t-a95b-fp8,evidence_audit,cost_moderate,naive,52eda2231308608e5e1530912c694354500b0b5da9d209108d05a6fd56ba1189,"{""evidence_acc"":1.0,""label_acc"":0.8823529411764706,""verification_eff"":0.0}","{""evidence_acc"":1.0,""label_acc"":0.8823529411764706,""verification_eff"":0.0}","{""evidence_acc"":1.0,""label_acc"":0.8823529411764706,""verification_eff"":0.0}","{""evidence_acc"":1.0,""label_acc"":0.8823529411764706,""verification_eff"":0.0}",False,False,False,False
6586740e57fb5c8bd1108e9d,qwen3.8-2.4t-a95b-fp8,evidence_audit,cost_moderate,naive,dcfc257b7d3ea094bd7545097e1a6555a32752c989216cdbcd2586c671a43728,"{""evidence_acc"":0.7058823529411765,""label_acc"":0.9411764705882353,""verification_eff"":0.0}","{""evidence_acc"":0.7058823529411765,""label_acc"":0.9411764705882353,""verification_eff"":0.0}","{""evidence_acc"":0.7058823529411765,""label_acc"":0.9411764705882353,""verification_eff"":0.0}","{""evidence_acc"":0.7058823529411765,""label_acc"":0.9411764705882353,""verification_eff"":0.0}",False,False,False,False
105fc934a13ce71c560ca4fd,qwen3.8-2.4t-a95b-fp8,evidence_audit,cost_moderate,naive,49d43e0b99145c337809f7c87ac68fb3b5ca6ef344d6c62ea2ce459eb641ca95,"{""evidence_acc"":0.8823529411764706,""label_acc"":0.9411764705882353,""verification_eff"":0.0}","{""evidence_acc"":0.8823529411764706,""label_acc"":0.9411764705882353,""verification_eff"":0.0}","{""evidence_acc"":0.8823529411764706,""label_acc"":0.9411764705882353,""verification_eff"":0.0}","{""evidence_acc"":0.8823529411764706,""label_acc"":0.9411764705882353,""verification_eff"":0.0}",False,False,False,False
09f8b749cdcb9812edd4e008,qwen3.8-2.4t-a95b-fp8,evidence_audit,cost_moderate,naive,b5ab196443befd05d18e18cb8ff06472e66ca55e2d95942c8af2276adc7a5537,"{""evidence_acc"":0.6470588235294118,""label_acc"":1.0,""verification_eff"":0.0}","{""evidence_acc"":0.6470588235294118,""label_acc"":1.0,""verification_eff"":0.0}","{""evidence_acc"":0.6470588235294118,""label_acc"":1.0,""verification_eff"":0.0}","{""evidence_acc"":0.6470588235294118,""label_acc"":1.0,""verification_eff"":0.0}",False,False,False,False
45838801285306246f30f575,qwen3.8-2.4t-a95b-fp8,evidence_audit,cost_moderate,naive,f880e7614396505c973aae4203d13dd6ee18fb087b512479a7c4d4ba8f3cf302,"{""evidence_acc"":0.47058823529411764,""label_acc"":0.8235294117647058,""verification_eff"":0.0}","{""evidence_acc"":0.47058823529411764,""label_acc"":0.8235294117647058,""verification_eff"":0.0}","{""evidence_acc"":0.47058823529411764,""label_acc"":0.8235294117647058,""verification_eff"":0.0}","{""evidence_acc"":0.47058823529411764,""label_acc"":0.8235294117647058,""verification_eff"":0.0}",False,False,False,False
f89ad4badf4c758833244ebb,qwen3.8-2.4t-a95b-fp8,evidence_audit,cost_moderate,poolact,8063b4f5be127cd38fb74efa3fc5f1ed662a5b74df331d8940393e774fa0bd82,"{""evidence_acc"":0.7058823529411765,""label_acc"":1.0,""verification_eff"":0.0}","{""evidence_acc"":0.7058823529411765,""label_acc"":1.0,""verification_eff"":0.0}","{""evidence_acc"":0.7058823529411765,""label_acc"":1.0,""verification_eff"":0.0}","{""evidence_acc"":0.7058823529411765,""label_acc"":1.0,""verification_eff"":0.0}",False,False,False,False
23bba5dfe1819cf80da3fd19,qwen3.8-2.4t-a95b-fp8,evidence_audit,cost_moderate,poolact,4f6edb01dc26cb67027009c01fef9eeb09368f102cc6e835650819b3c3f12a68,"{""evidence_acc"":0.9411764705882353,""label_acc"":0.8823529411764706,""verification_eff"":0.0}","{""evidence_acc"":0.9411764705882353,""label_acc"":0.8823529411764706,""verification_eff"":0.0}","{""evidence_acc"":0.9411764705882353,""label_acc"":0.8823529411764706,""verification_eff"":0.0}","{""evidence_acc"":0.9411764705882353,""label_acc"":0.8823529411764706,""verification_eff"":0.0}",False,False,False,False
6ef44ba14fb22ae3eed5984c,qwen3.8-2.4t-a95b-fp8,evidence_audit,cost_moderate,poolact,b703b04e31312d18035db4833b195eb5ea2c9b9bbeac9c64b18fc091d2ce39fa,"{""evidence_acc"":0.5882352941176471,""label_acc"":0.8823529411764706,""verification_eff"":0.0}","{""evidence_acc"":0.5882352941176471,""label_acc"":0.8823529411764706,""verification_eff"":0.0}","{""evidence_acc"":0.5882352941176471,""label_acc"":0.8823529411764706,""verification_eff"":0.0}","{""evidence_acc"":0.5882352941176471,""label_acc"":0.8823529411764706,""verification_eff"":0.0}",False,False,False,False
0476ab60788d42ac332c9a56,qwen3.8-2.4t-a95b-fp8,evidence_audit,cost_moderate,poolact,853005ad290ce2320f64146f0c8a836d26b19f9eae347fa9d5155e40656c5e9e,"{""evidence_acc"":1.0,""label_acc"":1.0,""verification_eff"":0.0}","{""evidence_acc"":1.0,""label_acc"":1.0,""verification_eff"":0.0}","{""evidence_acc"":1.0,""label_acc"":1.0,""verification_eff"":0.0}","{""evidence_acc"":1.0,""label_acc"":1.0,""verification_eff"":0.0}",False,False,False,False
5035b83b241478b326636807,qwen3.8-2.4t-a95b-fp8,evidence_audit,cost_moderate,poolact,5d541db7b0a7ce42a9c8036df35df961b4c5f2b9ef91944e5112f375db87829c,"{""evidence_acc"":1.0,""label_acc"":1.0,""verification_eff"":0.0}","{""evidence_acc"":1.0,""label_acc"":1.0,""verification_eff"":0.0}","{""evidence_acc"":1.0,""label_acc"":1.0,""verification_eff"":0.0}","{""evidence_acc"":1.0,""label_acc"":1.0,""verification_eff"":0.0}",False,False,False,False
36bf6f646425e306741e0608,qwen3.8-2.4t-a95b-fp8,evidence_audit,cost_moderate,poolact,e64f945a59f03514eadb15d50fb457df906bdf9653fd4b5292ee02896e4c8bda,"{""evidence_acc"":1.0,""label_acc"":1.0,""verification_eff"":0.0}","{""evidence_acc"":1.0,""label_acc"":1.0,""verification_eff"":0.0}","{""evidence_acc"":1.0,""label_acc"":1.0,""verification_eff"":0.0}","{""evidence_acc"":1.0,""label_acc"":1.0,""verification_eff"":0.0}",False,False,False,False
4a9e2233a1f5f05e0bfc4293,qwen3.8-2.4t-a95b-fp8,evidence_audit,cost_moderate,poolact,f61e63ba784da48185bed0b3732db8d0734bee56a906132c28797454a2a67609,"{""evidence_acc"":1.0,""label_acc"":0.9411764705882353,""verification_eff"":0.0}","{""evidence_acc"":1.0,""label_acc"":0.9411764705882353,""verification_eff"":0.0}","{""evidence_acc"":1.0,""label_acc"":0.9411764705882353,""verification_eff"":0.0}","{""evidence_acc"":1.0,""label_acc"":0.9411764705882353,""verification_eff"":0.0}",False,False,False,False
e0d5f2259519e3141c3b434d,qwen3.8-2.4t-a95b-fp8,evidence_audit,cost_moderate,poolact,754b7b9db78c4701c0d31fddcab6cbe087ecd7edbe017c6f0894a05aaa37d402,"{""evidence_acc"":1.0,""label_acc"":1.0,""verification_eff"":0.0}","{""evidence_acc"":1.0,""label_acc"":1.0,""verification_eff"":0.0}","{""evidence_acc"":1.0,""label_acc"":1.0,""verification_eff"":0.0}","{""evidence_acc"":1.0,""label_acc"":1.0,""verification_eff"":0.0}",False,False,False,False
09b2286c8a711fe3d5947e06,qwen3.8-2.4t-a95b-fp8,evidence_audit,cost_moderate,poolact,4ec89fa12e05073241bbcd4a5020d4a6f6ec8ee5991514fb1d1312d6f6286bc4,"{""evidence_acc"":1.0,""label_acc"":0.8823529411764706,""verification_eff"":0.0}","{""evidence_acc"":1.0,""label_acc"":0.8823529411764706,""verification_eff"":0.0}","{""evidence_acc"":1.0,""label_acc"":0.8823529411764706,""verification_eff"":0.0}","{""evidence_acc"":1.0,""label_acc"":0.8823529411764706,""verification_eff"":0.0}",False,False,False,False
363a9f8351f0db8256a46f0b,qwen3.8-2.4t-a95b-fp8,evidence_audit,cost_moderate,poolact,7eba4d3d5b1b041e54816788dbe1f322f36af072ec524d463b27b3b0efb53d91,"{""evidence_acc"":0.9411764705882353,""label_acc"":0.9411764705882353,""verification_eff"":0.0}","{""evidence_acc"":0.9411764705882353,""label_acc"":0.9411764705882353,""verification_eff"":0.0}","{""evidence_acc"":0.9411764705882353,""label_acc"":0.9411764705882353,""verification_eff"":0.0}","{""evidence_acc"":0.9411764705882353,""label_acc"":0.9411764705882353,""verification_eff"":0.0}",False,False,False,False
c71943652fd8b85b914b258f,qwen3.8-2.4t-a95b-fp8,evidence_audit,cost_moderate,poolact,fd30c8ee1d53c7d0dab80b2ad5c983c1b121980c74818854618c6841c66c6762,"{""evidence_acc"":1.0,""label_acc"":1.0,""verification_eff"":0.0}","{""evidence_acc"":1.0,""label_acc"":1.0,""verification_eff"":0.0}","{""evidence_acc"":1.0,""label_acc"":1.0,""verification_eff"":0.0}","{""evidence_acc"":1.0,""label_acc"":1.0,""verification_eff"":0.0}",False,False,False,False
63286b184c2fa48ded49005b,qwen3.8-2.4t-a95b-fp8,evidence_audit,cost_moderate,poolact,a154e666801c8b897db3f6c9689772c1bf0477e86014737859704f98eccb31f1,"{""evidence_acc"":1.0,""label_acc"":1.0,""verification_eff"":0.0}","{""evidence_acc"":1.0,""label_acc"":1.0,""verification_eff"":0.0}","{""evidence_acc"":1.0,""label_acc"":1.0,""verification_eff"":0.0}","{""evidence_acc"":1.0,""label_acc"":1.0,""verification_eff"":0.0}",False,False,False,False
cecbe18b18296dcdf5fce7f9,qwen3.8-2.4t-a95b-fp8,evidence_audit,cost_moderate,poolact,d75e1a13a1e78075bbfe40415924ae95080058094bf7cb88bf00a2dde1d0a38d,"{""evidence_acc"":1.0,""label_acc"":0.9411764705882353,""verification_eff"":0.0}","{""evidence_acc"":1.0,""label_acc"":0.9411764705882353,""verification_eff"":0.0}","{""evidence_acc"":1.0,""label_acc"":0.9411764705882353,""verification_eff"":0.0}","{""evidence_acc"":1.0,""label_acc"":0.9411764705882353,""verification_eff"":0.0}",False,False,False,False
5eb924b4e182f8e6daf84bba,qwen3.8-2.4t-a95b-fp8,evidence_audit,cost_tight,cached,d70de6892f3750f9005b72440891cf1a0b0c170cae356c31480b952672b86c32,"{""evidence_acc"":0.47058823529411764,""label_acc"":0.8823529411764706,""verification_eff"":0.0}","{""evidence_acc"":0.47058823529411764,""label_acc"":0.8823529411764706,""verification_eff"":0.0}","{""evidence_acc"":0.47058823529411764,""label_acc"":0.8823529411764706,""verification_eff"":0.0}","{""evidence_acc"":0.47058823529411764,""label_acc"":0.8823529411764706,""verification_eff"":0.0}",False,False,False,False
7b8e58f0a5a833149627e612,qwen3.8-2.4t-a95b-fp8,evidence_audit,cost_tight,cached,8abd1f7927081415a275c585289456bc18bb5f43bce5b715e6370244ab27491d,"{""evidence_acc"":0.6470588235294118,""label_acc"":0.8823529411764706,""verification_eff"":0.0}","{""evidence_acc"":0.6470588235294118,""label_acc"":0.8823529411764706,""verification_eff"":0.0}","{""evidence_acc"":0.6470588235294118,""label_acc"":0.8823529411764706,""verification_eff"":0.0}","{""evidence_acc"":0.6470588235294118,""label_acc"":0.8823529411764706,""verification_eff"":0.0}",False,False,False,False
36a89bc69878ae4cd93550b2,qwen3.8-2.4t-a95b-fp8,evidence_audit,cost_tight,cached,02334ead1735581fd49fe66294da3a4b6e9bcb4b143bb634f6704051f2adc606,"{""evidence_acc"":0.35294117647058826,""label_acc"":0.8235294117647058,""verification_eff"":0.0}","{""evidence_acc"":0.35294117647058826,""label_acc"":0.8235294117647058,""verification_eff"":0.0}","{""evidence_acc"":0.35294117647058826,""label_acc"":0.8235294117647058,""verification_eff"":0.0}","{""evidence_acc"":0.35294117647058826,""label_acc"":0.8235294117647058,""verification_eff"":0.0}",False,False,False,False
2bacf6a4959edafcdb03b66c,qwen3.8-2.4t-a95b-fp8,evidence_audit,cost_tight,cached,08cae591fb60aeac2515004613412749ad19aeac60a84431881562918cdae777,"{""evidence_acc"":0.35294117647058826,""label_acc"":0.7647058823529411,""verification_eff"":0.0}","{""evidence_acc"":0.35294117647058826,""label_acc"":0.7647058823529411,""verification_eff"":0.0}","{""evidence_acc"":0.35294117647058826,""label_acc"":0.7647058823529411,""verification_eff"":0.0}","{""evidence_acc"":0.35294117647058826,""label_acc"":0.7647058823529411,""verification_eff"":0.0}",False,False,False,False
28a80045f4f132d7552699bc,qwen3.8-2.4t-a95b-fp8,evidence_audit,cost_tight,cached,5235312ef3cd44b6216a4cc6a5f56545d28339726492467a829d324191410281,"{""evidence_acc"":0.6470588235294118,""label_acc"":0.8823529411764706,""verification_eff"":0.0}","{""evidence_acc"":0.6470588235294118,""label_acc"":0.8823529411764706,""verification_eff"":0.0}","{""evidence_acc"":0.6470588235294118,""label_acc"":0.8823529411764706,""verification_eff"":0.0}","{""evidence_acc"":0.6470588235294118,""label_acc"":0.8823529411764706,""verification_eff"":0.0}",False,False,False,False
84948a59328809e71ca84701,qwen3.8-2.4t-a95b-fp8,evidence_audit,cost_tight,cached,59fd9c553c3baea16cc805b31931597de02457eb1fea9cc408b87cbd61f22b6b,"{""evidence_acc"":0.7058823529411765,""label_acc"":0.6470588235294118,""verification_eff"":0.0}","{""evidence_acc"":0.7058823529411765,""label_acc"":0.6470588235294118,""verification_eff"":0.0}","{""evidence_acc"":0.7058823529411765,""label_acc"":0.6470588235294118,""verification_eff"":0.0}","{""evidence_acc"":0.7058823529411765,""label_acc"":0.6470588235294118,""verification_eff"":0.0}",False,False,False,False
fca4cd62bdf22b0ce8dc902d,qwen3.8-2.4t-a95b-fp8,evidence_audit,cost_tight,cached,90bfe54adf9df681721cfd9e74a62ce7e4badbc51df25a6ae679621df173bc64,"{""evidence_acc"":0.7058823529411765,""label_acc"":0.7647058823529411,""verification_eff"":0.0}","{""evidence_acc"":0.7058823529411765,""label_acc"":0.7647058823529411,""verification_eff"":0.0}","{""evidence_acc"":0.7058823529411765,""label_acc"":0.7647058823529411,""verification_eff"":0.0}","{""evidence_acc"":0.7058823529411765,""label_acc"":0.7647058823529411,""verification_eff"":0.0}",False,False,False,False
7ca89bc6ac16d3a9a4eb5ee9,qwen3.8-2.4t-a95b-fp8,evidence_audit,cost_tight,cached,682f39a6251d87145ddaff94ae0f6b70ebf3fdc182ea13b197f7a88a6355f0a4,"{""evidence_acc"":0.7647058823529411,""label_acc"":0.9411764705882353,""verification_eff"":0.0}","{""evidence_acc"":0.7647058823529411,""label_acc"":0.9411764705882353,""verification_eff"":0.0}","{""evidence_acc"":0.7647058823529411,""label_acc"":0.9411764705882353,""verification_eff"":0.0}","{""evidence_acc"":0.7647058823529411,""label_acc"":0.9411764705882353,""verification_eff"":0.0}",False,False,False,False
898031d7a600843f601f6672,qwen3.8-2.4t-a95b-fp8,evidence_audit,cost_tight,cached,6ef8845272eded01e976f4ee9eb9ad51952e89b094cae452df59f66039be5a4c,"{""evidence_acc"":0.8823529411764706,""label_acc"":0.8235294117647058,""verification_eff"":0.0}","{""evidence_acc"":0.8823529411764706,""label_acc"":0.8235294117647058,""verification_eff"":0.0}","{""evidence_acc"":0.8823529411764706,""label_acc"":0.8235294117647058,""verification_eff"":0.0}","{""evidence_acc"":0.8823529411764706,""label_acc"":0.8235294117647058,""verification_eff"":0.0}",False,False,False,False
2726626349dc3fafbe08807c,qwen3.8-2.4t-a95b-fp8,evidence_audit,cost_tight,cached,60a2d90203570f39b6d6b65b36603e6a5cc210e9609bfa1f61a235fc0c8c84ee,"{""evidence_acc"":0.5882352941176471,""label_acc"":0.8235294117647058,""verification_eff"":0.0}","{""evidence_acc"":0.5882352941176471,""label_acc"":0.8235294117647058,""verification_eff"":0.0}","{""evidence_acc"":0.5882352941176471,""label_acc"":0.8235294117647058,""verification_eff"":0.0}","{""evidence_acc"":0.5882352941176471,""label_acc"":0.8235294117647058,""verification_eff"":0.0}",False,False,False,False
636a43f09ea690372eedfe17,qwen3.8-2.4t-a95b-fp8,evidence_audit,cost_tight,cached,88648998e804d66aba0aa336cb5f116036041a6bd33569e64fd3db3969d94a81,"{""evidence_acc"":0.8235294117647058,""label_acc"":0.9411764705882353,""verification_eff"":0.0}","{""evidence_acc"":0.8235294117647058,""label_acc"":0.9411764705882353,""verification_eff"":0.0}","{""evidence_acc"":0.8235294117647058,""label_acc"":0.9411764705882353,""verification_eff"":0.0}","{""evidence_acc"":0.8235294117647058,""label_acc"":0.9411764705882353,""verification_eff"":0.0}",False,False,False,False
78a5076bb7f83cfd72cd2596,qwen3.8-2.4t-a95b-fp8,evidence_audit,cost_tight,cached,2b0578a9924f65141cb89edda11a4926573893e779ba9689151d2b3635b9cfd0,"{""evidence_acc"":0.29411764705882354,""label_acc"":0.9411764705882353,""verification_eff"":0.0}","{""evidence_acc"":0.29411764705882354,""label_acc"":0.9411764705882353,""verification_eff"":0.0}","{""evidence_acc"":0.29411764705882354,""label_acc"":0.9411764705882353,""verification_eff"":0.0}","{""evidence_acc"":0.29411764705882354,""label_acc"":0.9411764705882353,""verification_eff"":0.0}",False,False,False,False
a88524446145071a419fe93b,qwen3.8-2.4t-a95b-fp8,evidence_audit,cost_tight,cached,4a97ed9d9a0d34f6dca15cfed398821e3cece057453492706a0a2150200da2c3,"{""evidence_acc"":0.5882352941176471,""label_acc"":0.7647058823529411,""verification_eff"":0.0}","{""evidence_acc"":0.5882352941176471,""label_acc"":0.7647058823529411,""verification_eff"":0.0}","{""evidence_acc"":0.5882352941176471,""label_acc"":0.7647058823529411,""verification_eff"":0.0}","{""evidence_acc"":0.5882352941176471,""label_acc"":0.7647058823529411,""verification_eff"":0.0}",False,False,False,False
d417fb860a648d6d817a8bd7,qwen3.8-2.4t-a95b-fp8,evidence_audit,cost_tight,naive,60b03fc150e55c619a5be03dbaa8328f97f95925397d3e53cdf10f9d416464f3,"{""evidence_acc"":0.35294117647058826,""label_acc"":0.9411764705882353,""verification_eff"":0.0}","{""evidence_acc"":0.35294117647058826,""label_acc"":0.9411764705882353,""verification_eff"":0.0}","{""evidence_acc"":0.35294117647058826,""label_acc"":0.9411764705882353,""verification_eff"":0.0}","{""evidence_acc"":0.35294117647058826,""label_acc"":0.9411764705882353,""verification_eff"":0.0}",False,False,False,False
6579d33d7c138f59511c9b6e,qwen3.8-2.4t-a95b-fp8,evidence_audit,cost_tight,naive,2644cae958a0f76aaed97310ad5711be62f7ccd92d8b61cd4aa22f5dfb1a8919,"{""evidence_acc"":0.6470588235294118,""label_acc"":0.8823529411764706,""verification_eff"":0.0}","{""evidence_acc"":0.6470588235294118,""label_acc"":0.8823529411764706,""verification_eff"":0.0}","{""evidence_acc"":0.6470588235294118,""label_acc"":0.8823529411764706,""verification_eff"":0.0}","{""evidence_acc"":0.6470588235294118,""label_acc"":0.8823529411764706,""verification_eff"":0.0}",False,False,False,False
1d918c192ff2f7b4ff1ffb83,qwen3.8-2.4t-a95b-fp8,evidence_audit,cost_tight,naive,9e57c9f65785f7eac74c91cda5e937cca2913ff48a19ed28485879abe23a6a6c,"{""evidence_acc"":0.29411764705882354,""label_acc"":0.8235294117647058,""verification_eff"":0.0}","{""evidence_acc"":0.29411764705882354,""label_acc"":0.8235294117647058,""verification_eff"":0.0}","{""evidence_acc"":0.29411764705882354,""label_acc"":0.8235294117647058,""verification_eff"":0.0}","{""evidence_acc"":0.29411764705882354,""label_acc"":0.8235294117647058,""verification_eff"":0.0}",False,False,False,False
3ed12450787061f1fc9c0909,qwen3.8-2.4t-a95b-fp8,evidence_audit,cost_tight,naive,0da6c22dc7a728583ac6c94fadddfcf3e43a37471d4da472fad8dfc147775e95,"{""evidence_acc"":0.4117647058823529,""label_acc"":0.7647058823529411,""verification_eff"":0.0}","{""evidence_acc"":0.4117647058823529,""label_acc"":0.7647058823529411,""verification_eff"":0.0}","{""evidence_acc"":0.4117647058823529,""label_acc"":0.7647058823529411,""verification_eff"":0.0}","{""evidence_acc"":0.35294117647058826,""label_acc"":0.7647058823529411,""verification_eff"":0.0}",False,False,True,True
1b94a4ae5b6758c15d0fc1a2,qwen3.8-2.4t-a95b-fp8,evidence_audit,cost_tight,naive,0f5d151021d0b851fc241bd886734a5615ff95a95457a7f213712384a2332d0c,"{""evidence_acc"":0.4117647058823529,""label_acc"":0.7647058823529411,""verification_eff"":0.0}","{""evidence_acc"":0.4117647058823529,""label_acc"":0.7647058823529411,""verification_eff"":0.0}","{""evidence_acc"":0.4117647058823529,""label_acc"":0.7647058823529411,""verification_eff"":0.0}","{""evidence_acc"":0.4117647058823529,""label_acc"":0.7647058823529411,""verification_eff"":0.0}",False,False,False,False
1cab770e659940aae49e3b6a,qwen3.8-2.4t-a95b-fp8,evidence_audit,cost_tight,naive,9f1ceee6169ccfd3da0408fba084076f5a78d61889f1e41b1775e0cc38731546,"{""evidence_acc"":0.7647058823529411,""label_acc"":0.7058823529411765,""verification_eff"":0.0}","{""evidence_acc"":0.7647058823529411,""label_acc"":0.7058823529411765,""verification_eff"":0.0}","{""evidence_acc"":0.7647058823529411,""label_acc"":0.7058823529411765,""verification_eff"":0.0}","{""evidence_acc"":0.7647058823529411,""label_acc"":0.7058823529411765,""verification_eff"":0.0}",False,False,False,False
0bd56b63cea003a8713a9c35,qwen3.8-2.4t-a95b-fp8,evidence_audit,cost_tight,naive,485d726f3ed8ceb6b3f244b6af4e6b98ed557d0bc64a849e73e08783a1e4e14e,"{""evidence_acc"":0.7647058823529411,""label_acc"":0.8235294117647058,""verification_eff"":0.0}","{""evidence_acc"":0.7647058823529411,""label_acc"":0.8235294117647058,""verification_eff"":0.0}","{""evidence_acc"":0.7647058823529411,""label_acc"":0.8235294117647058,""verification_eff"":0.0}","{""evidence_acc"":0.7647058823529411,""label_acc"":0.8235294117647058,""verification_eff"":0.0}",False,False,False,False
c21048732b64cb727c8c88fe,qwen3.8-2.4t-a95b-fp8,evidence_audit,cost_tight,naive,99b0a86b74440e493c39d85199dd2843bf3279b786dc580fcc7538fdcaf9e264,"{""evidence_acc"":0.6470588235294118,""label_acc"":0.9411764705882353,""verification_eff"":0.0}","{""evidence_acc"":0.6470588235294118,""label_acc"":0.9411764705882353,""verification_eff"":0.0}","{""evidence_acc"":0.6470588235294118,""label_acc"":0.9411764705882353,""verification_eff"":0.0}","{""evidence_acc"":0.6470588235294118,""label_acc"":0.9411764705882353,""verification_eff"":0.0}",False,False,False,False
b3c63cc99c3e0481667f6dba,qwen3.8-2.4t-a95b-fp8,evidence_audit,cost_tight,naive,894098be358881d23d25c00a5d1ec28e81d69e792a06ccd5ebcdc7dd835e630d,"{""evidence_acc"":0.8235294117647058,""label_acc"":0.7647058823529411,""verification_eff"":0.0}","{""evidence_acc"":0.8235294117647058,""label_acc"":0.7647058823529411,""verification_eff"":0.0}","{""evidence_acc"":0.8235294117647058,""label_acc"":0.7647058823529411,""verification_eff"":0.0}","{""evidence_acc"":0.8235294117647058,""label_acc"":0.7647058823529411,""verification_eff"":0.0}",False,False,False,False
5c34f66242445c149e1e9004,qwen3.8-2.4t-a95b-fp8,evidence_audit,cost_tight,naive,0b01b731b1cac0ba8979c9001275d330f7d7f7fe4f75442f3f9e9b3295c01877,"{""evidence_acc"":0.6470588235294118,""label_acc"":0.8823529411764706,""verification_eff"":0.0}","{""evidence_acc"":0.6470588235294118,""label_acc"":0.8823529411764706,""verification_eff"":0.0}","{""evidence_acc"":0.6470588235294118,""label_acc"":0.8823529411764706,""verification_eff"":0.0}","{""evidence_acc"":0.6470588235294118,""label_acc"":0.8823529411764706,""verification_eff"":0.0}",False,False,False,False
5e86089d893490b841504b83,qwen3.8-2.4t-a95b-fp8,evidence_audit,cost_tight,naive,6974965c55f7833b2bc6ce6401655bd4dae2c874d47a4e2b936f47598cbb2ecd,"{""evidence_acc"":0.7058823529411765,""label_acc"":0.8235294117647058,""verification_eff"":0.0}","{""evidence_acc"":0.7058823529411765,""label_acc"":0.8235294117647058,""verification_eff"":0.0}","{""evidence_acc"":0.7058823529411765,""label_acc"":0.8235294117647058,""verification_eff"":0.0}","{""evidence_acc"":0.7058823529411765,""label_acc"":0.8235294117647058,""verification_eff"":0.0}",False,False,False,False
e91ff7d2da0a1d7f8dd20bf6,qwen3.8-2.4t-a95b-fp8,evidence_audit,cost_tight,naive,64c0fc1229ea44ac495793296a1730c149a1858871943ecf4396179851f83c99,"{""evidence_acc"":0.29411764705882354,""label_acc"":0.9411764705882353,""verification_eff"":0.0}","{""evidence_acc"":0.29411764705882354,""label_acc"":0.9411764705882353,""verification_eff"":0.0}","{""evidence_acc"":0.29411764705882354,""label_acc"":0.9411764705882353,""verification_eff"":0.0}","{""evidence_acc"":0.29411764705882354,""label_acc"":0.9411764705882353,""verification_eff"":0.0}",False,False,False,False
430c5cb44634b035d7db8187,qwen3.8-2.4t-a95b-fp8,evidence_audit,cost_tight,naive,507b3b8550e594968944c5f01904e0eeeec56d1d392d1a2f4233feaae67febac,"{""evidence_acc"":0.5294117647058824,""label_acc"":0.7647058823529411,""verification_eff"":0.0}","{""evidence_acc"":0.5294117647058824,""label_acc"":0.7647058823529411,""verification_eff"":0.0}","{""evidence_acc"":0.5294117647058824,""label_acc"":0.7647058823529411,""verification_eff"":0.0}","{""evidence_acc"":0.5294117647058824,""label_acc"":0.7647058823529411,""verification_eff"":0.0}",False,False,False,False
3868b8b321e7e1ef6660d610,qwen3.8-2.4t-a95b-fp8,evidence_audit,cost_tight,poolact,95ffbec590d1730ec37a58e4d297f6e8ee9c83a660fc2034c1d5ba8370b4140d,"{""evidence_acc"":0.47058823529411764,""label_acc"":0.9411764705882353,""verification_eff"":0.0}","{""evidence_acc"":0.47058823529411764,""label_acc"":0.9411764705882353,""verification_eff"":0.0}","{""evidence_acc"":0.47058823529411764,""label_acc"":0.9411764705882353,""verification_eff"":0.0}","{""evidence_acc"":0.47058823529411764,""label_acc"":0.9411764705882353,""verification_eff"":0.0}",False,False,False,False
efdd63d3b5c0599458713c62,qwen3.8-2.4t-a95b-fp8,evidence_audit,cost_tight,poolact,9590f5f8d5cffe74b858a60b7929d329052713c8c29f2da0767e5a28660b552f,"{""evidence_acc"":0.7058823529411765,""label_acc"":0.8823529411764706,""verification_eff"":0.0}","{""evidence_acc"":0.7058823529411765,""label_acc"":0.8823529411764706,""verification_eff"":0.0}","{""evidence_acc"":0.7058823529411765,""label_acc"":0.8823529411764706,""verification_eff"":0.0}","{""evidence_acc"":0.7058823529411765,""label_acc"":0.8823529411764706,""verification_eff"":0.0}",False,False,False,False
9d4136506d317f80681cc8ea,qwen3.8-2.4t-a95b-fp8,evidence_audit,cost_tight,poolact,c6218f3936fafcaeffe2736891d9fd892aa6c1ad2eb3a3a9485d1c6ac8fbfcf8,"{""evidence_acc"":0.29411764705882354,""label_acc"":0.8235294117647058,""verification_eff"":0.0}","{""evidence_acc"":0.29411764705882354,""label_acc"":0.8235294117647058,""verification_eff"":0.0}","{""evidence_acc"":0.29411764705882354,""label_acc"":0.8235294117647058,""verification_eff"":0.0}","{""evidence_acc"":0.29411764705882354,""label_acc"":0.8235294117647058,""verification_eff"":0.0}",False,False,False,False
018a2b0adb33870306e7557c,qwen3.8-2.4t-a95b-fp8,evidence_audit,cost_tight,poolact,2b604a8cdc50dd0823c48f18e0a2df5eb3b37b806209f8b67230baecbf11de41,"{""evidence_acc"":0.4117647058823529,""label_acc"":0.7647058823529411,""verification_eff"":0.0}","{""evidence_acc"":0.4117647058823529,""label_acc"":0.7647058823529411,""verification_eff"":0.0}","{""evidence_acc"":0.4117647058823529,""label_acc"":0.7647058823529411,""verification_eff"":0.0}","{""evidence_acc"":0.4117647058823529,""label_acc"":0.7647058823529411,""verification_eff"":0.0}",False,False,False,False
f60a013dfb26d680433cd801,qwen3.8-2.4t-a95b-fp8,evidence_audit,cost_tight,poolact,1af425f3f67074c16bb17fc5899fa727028f072d2a9d5ec75fa7f8f29895c403,"{""evidence_acc"":0.47058823529411764,""label_acc"":0.8235294117647058,""verification_eff"":0.0}","{""evidence_acc"":0.47058823529411764,""label_acc"":0.8235294117647058,""verification_eff"":0.0}","{""evidence_acc"":0.47058823529411764,""label_acc"":0.8235294117647058,""verification_eff"":0.0}","{""evidence_acc"":0.47058823529411764,""label_acc"":0.8235294117647058,""verification_eff"":0.0}",False,False,False,False
84ac183bb03a4820c7068d68,qwen3.8-2.4t-a95b-fp8,evidence_audit,cost_tight,poolact,7c7f2d58495109a168bf6b4fe4e794b3560bed9ca43b1b18a4cb2b49b01ec8b4,"{""evidence_acc"":0.9411764705882353,""label_acc"":0.9411764705882353,""verification_eff"":0.0}","{""evidence_acc"":0.9411764705882353,""label_acc"":0.9411764705882353,""verification_eff"":0.0}","{""evidence_acc"":0.9411764705882353,""label_acc"":0.9411764705882353,""verification_eff"":0.0}","{""evidence_acc"":0.9411764705882353,""label_acc"":0.9411764705882353,""verification_eff"":0.0}",False,False,False,False
ebf0f0e108f32d3a8022dc3e,qwen3.8-2.4t-a95b-fp8,evidence_audit,cost_tight,poolact,7b72da47c9995c7d0e5335ecf6f86862ee326b1fc8dc2d04b10ada43b577bf0b,"{""evidence_acc"":0.7647058823529411,""label_acc"":0.7647058823529411,""verification_eff"":0.0}","{""evidence_acc"":0.7647058823529411,""label_acc"":0.7647058823529411,""verification_eff"":0.0}","{""evidence_acc"":0.7647058823529411,""label_acc"":0.7647058823529411,""verification_eff"":0.0}","{""evidence_acc"":0.7647058823529411,""label_acc"":0.7647058823529411,""verification_eff"":0.0}",False,False,False,False
e169c170171620e175d2f0b8,qwen3.8-2.4t-a95b-fp8,evidence_audit,cost_tight,poolact,25c0ace86fc016a2884552c78ef01dd9db41853b659588100f691a043c45ee7c,"{""evidence_acc"":0.7058823529411765,""label_acc"":0.9411764705882353,""verification_eff"":0.0}","{""evidence_acc"":0.7058823529411765,""label_acc"":0.9411764705882353,""verification_eff"":0.0}","{""evidence_acc"":0.7058823529411765,""label_acc"":0.9411764705882353,""verification_eff"":0.0}","{""evidence_acc"":0.7058823529411765,""label_acc"":0.9411764705882353,""verification_eff"":0.0}",False,False,False,False
cf363566beea09360565b61d,qwen3.8-2.4t-a95b-fp8,evidence_audit,cost_tight,poolact,ae4d646c1f7a5f4023d9f0534813cefefbef7a70f91ed92a09085658b1fbc9aa,"{""evidence_acc"":0.8235294117647058,""label_acc"":0.7647058823529411,""verification_eff"":0.0}","{""evidence_acc"":0.8235294117647058,""label_acc"":0.7647058823529411,""verification_eff"":0.0}","{""evidence_acc"":0.8235294117647058,""label_acc"":0.7647058823529411,""verification_eff"":0.0}","{""evidence_acc"":0.8235294117647058,""label_acc"":0.7647058823529411,""verification_eff"":0.0}",False,False,False,False
1e90eb28c035b3f1d63e0f58,qwen3.8-2.4t-a95b-fp8,evidence_audit,cost_tight,poolact,13f10cff43e8587b0065f9b8cc54b737a828c99456058eb961a0bc46c9c2d484,"{""evidence_acc"":0.7647058823529411,""label_acc"":0.8235294117647058,""verification_eff"":0.0}","{""evidence_acc"":0.7647058823529411,""label_acc"":0.8235294117647058,""verification_eff"":0.0}","{""evidence_acc"":0.7647058823529411,""label_acc"":0.8235294117647058,""verification_eff"":0.0}","{""evidence_acc"":0.7647058823529411,""label_acc"":0.8235294117647058,""verification_eff"":0.0}",False,False,False,False
aa71162c88a3a1b7ebbd4265,qwen3.8-2.4t-a95b-fp8,evidence_audit,cost_tight,poolact,84dcd92389f1537693f8a02494d14f883029bab180167b507147b000f259dfe8,"{""evidence_acc"":0.7058823529411765,""label_acc"":0.8235294117647058,""verification_eff"":0.0}","{""evidence_acc"":0.7058823529411765,""label_acc"":0.8235294117647058,""verification_eff"":0.0}","{""evidence_acc"":0.7058823529411765,""label_acc"":0.8235294117647058,""verification_eff"":0.0}","{""evidence_acc"":0.7058823529411765,""label_acc"":0.8235294117647058,""verification_eff"":0.0}",False,False,False,False
de0f2a22303551bbb10a101d,qwen3.8-2.4t-a95b-fp8,evidence_audit,cost_tight,poolact,777dab33708d00e71a3930d2b6d86f491d5eeefc746055b0424cf1439673dbcb,"{""evidence_acc"":0.7058823529411765,""label_acc"":1.0,""verification_eff"":0.0}","{""evidence_acc"":0.7058823529411765,""label_acc"":1.0,""verification_eff"":0.0}","{""evidence_acc"":0.7058823529411765,""label_acc"":1.0,""verification_eff"":0.0}","{""evidence_acc"":0.7058823529411765,""label_acc"":1.0,""verification_eff"":0.0}",False,False,False,False
71a158063d0c97b19bdc46dd,qwen3.8-2.4t-a95b-fp8,evidence_audit,cost_tight,poolact,f906478908ff499b9794611974e14bc16438fe35445c099fd8e1457548db464b,"{""evidence_acc"":0.5294117647058824,""label_acc"":0.8235294117647058,""verification_eff"":0.0}","{""evidence_acc"":0.5294117647058824,""label_acc"":0.8235294117647058,""verification_eff"":0.0}","{""evidence_acc"":0.5294117647058824,""label_acc"":0.8235294117647058,""verification_eff"":0.0}","{""evidence_acc"":0.5882352941176471,""label_acc"":0.8823529411764706,""verification_eff"":0.0}",False,False,True,True
48620731dbc048f93cea99e8,qwen3.8-2.4t-a95b-fp8,restricted_search,cost_moderate,cached,d6c4b94870921165bb6a5bdf7ba78abb75a5f49e24f009aa157dd2116ff67df0,1.0,1.0,1.0,1.0,False,False,False,False
3062282a9adf43e1525e5c58,qwen3.8-2.4t-a95b-fp8,restricted_search,cost_moderate,cached,9d537d3781f574b94c6a439c8b09a6dc6f67590774d916fadfeba9af2c883dd1,1.0,1.0,1.0,1.0,False,False,False,False
4809aaef1957cb2701fc6625,qwen3.8-2.4t-a95b-fp8,restricted_search,cost_moderate,cached,bdd5a1956400507148cc703b4bf2db7ffca8e140ae120e5e61a04d3bdba52a73,0.0,0.0,0.0,0.0,False,False,False,False
2f78dff8de1f828b667ed376,qwen3.8-2.4t-a95b-fp8,restricted_search,cost_moderate,cached,46afdc96d98a90d6a280201124cf07e7df418ea5dc8cf64c84467395ac0154c2,0.5555555555555556,0.5555555555555556,0.5555555555555556,0.5555555555555556,False,False,False,False
fa04c7abb4ab7a4710ada40c,qwen3.8-2.4t-a95b-fp8,restricted_search,cost_moderate,cached,561c2ae87992fbb1126f6e4e3ca185e830d74a7b5521dca0ad4d10df78aab479,1.0,1.0,1.0,1.0,False,False,False,False
956d9c79b0f61bc9d13a2eba,qwen3.8-2.4t-a95b-fp8,restricted_search,cost_moderate,cached,cb2ed2ba61f889faaaf2585aa54e1788ecfdab481a2c4be390a622339dc84a40,0.0,0.0,0.0,0.0,False,False,False,False
ee70bad370f79716875d0a8e,qwen3.8-2.4t-a95b-fp8,restricted_search,cost_moderate,cached,4181c4703fef5c79879a97c3dc0dcd9545b797b5c59f1c5c17af32903b6500d8,1.0,1.0,1.0,1.0,False,False,False,False
d1bae8222f40bf46c0896f33,qwen3.8-2.4t-a95b-fp8,restricted_search,cost_moderate,cached,1e987c87fba44e01386d1705db45ca092a3beffe82b1dd3e761127b64ad4d297,0.0,0.0,0.0,0.0,False,False,False,False
e14c3936a122b0f5fcc95550,qwen3.8-2.4t-a95b-fp8,restricted_search,cost_moderate,cached,f3e1dc53019acc4048f33f4338f4a123b6c20e910f5b941449f7b99a366f9ad2,1.0,1.0,1.0,1.0,False,False,False,False
4a3718717557cd89ad1feedb,qwen3.8-2.4t-a95b-fp8,restricted_search,cost_moderate,cached,2258d8f19c0fdd5e8aee50aff9abacd7154654f4d6d13620c15ce6b080f50f46,0.0,0.0,0.0,0.0,False,False,False,False
432e14c2efb69379a12a41f8,qwen3.8-2.4t-a95b-fp8,restricted_search,cost_moderate,cached,af24c4abcb68358a0be3658484ba36b20af371f1c74abe397aa2c67a26a1d1ef,0.0,0.0,0.0,0.0,False,False,False,False
ee152b76b765ae7bac82f3f3,qwen3.8-2.4t-a95b-fp8,restricted_search,cost_moderate,cached,e04e05cc2e86ce7b0cd683aa89eb9a4a4ea9c34ffe12331d4a2cdcd2c700158a,0.0,0.0,0.0,0.0,False,False,False,False
31234554ae8a65f92bcf15b1,qwen3.8-2.4t-a95b-fp8,restricted_search,cost_moderate,cached,1a3ee84e63488b9609a0fd9cb58bb8603cf000c54e49254a5e89820286329508,1.0,1.0,1.0,1.0,False,False,False,False
7949b5ab6d774120eef4adf9,qwen3.8-2.4t-a95b-fp8,restricted_search,cost_moderate,cached,d6d58df6cd4c13770ba7763b50b6c2e137e1a681ccd783791992ddda7a1552a1,1.0,1.0,1.0,1.0,False,False,False,False
4dfb8b121bd957dbc3c56758,qwen3.8-2.4t-a95b-fp8,restricted_search,cost_moderate,cached,4cd9caf64860bcca90f9871141807d872378d7a65e669ed2f1c1f35a4a34978b,1.0,1.0,1.0,1.0,False,False,False,False
9bfe54f5a3860beba59d69e8,qwen3.8-2.4t-a95b-fp8,restricted_search,cost_moderate,cached,d4c91e1ddac540c17eb1d7a3d1c58e563c5263b6a8bafc558b365cb231dc24f9,1.0,1.0,1.0,1.0,False,False,False,False
9d074211cf27a04cf80cecac,qwen3.8-2.4t-a95b-fp8,restricted_search,cost_moderate,cached,348cdf1b32c0eb607a6734dbf645d8f6b0871987136ad12bf5b3b13c2c86114f,1.0,1.0,1.0,1.0,False,False,False,False
6af97bb72e9d091df07b6c75,qwen3.8-2.4t-a95b-fp8,restricted_search,cost_moderate,cached,035c2b3359126f1877199873611f26859e63add15d5a98b963757a6080e93ac0,1.0,1.0,1.0,1.0,False,False,False,False
51925d2a49b611200af6a7cb,qwen3.8-2.4t-a95b-fp8,restricted_search,cost_moderate,cached,e742ce185133b7dc9ddd24140c0d325cb95c8a380026b551abc5720d8b7d3fc2,0.6666666666666666,0.6666666666666666,0.6666666666666666,0.6666666666666666,False,False,False,False
11e84ba16782f6c75b03ceba,qwen3.8-2.4t-a95b-fp8,restricted_search,cost_moderate,cached,775377ce9d749ee9f0a26e1d25b1118ae12f197112218001ad7aca3a3ab9f6dd,1.0,1.0,1.0,1.0,False,False,False,False
94860f7f8c5a2ee30b272f91,qwen3.8-2.4t-a95b-fp8,restricted_search,cost_moderate,cached,41543ede20be9663bdc06ecb7096e1843b1b28568f660c998cc6e84101effd74,1.0,1.0,1.0,1.0,False,False,False,False
12abc2634c9d993985dc2f88,qwen3.8-2.4t-a95b-fp8,restricted_search,cost_moderate,cached,0be9949cce6c8c7df504645db2ff3a037f2708a9fa10d6fedf90c27719da46a1,1.0,1.0,1.0,1.0,False,False,False,False
011479c248aacce2b0ba8322,qwen3.8-2.4t-a95b-fp8,restricted_search,cost_moderate,cached,dead09d7addb96406503338c7d978cb76a3a999f56565249dff75bacd3622d06,0.23529411764705882,0.23529411764705882,0.23529411764705882,0.23529411764705882,False,False,False,False
e810b274466b352ddb30eba0,qwen3.8-2.4t-a95b-fp8,restricted_search,cost_moderate,cached,bb7b4a7f03974106d94215075a4914b2fdcbd38a38b187580a9a14252821e928,1.0,1.0,1.0,1.0,False,False,False,False
e52a5f80707b11dc0bd8c0d9,qwen3.8-2.4t-a95b-fp8,restricted_search,cost_moderate,cached,2e73a37c793ec6b2771634c668d3e247cf4b86667d0cad2854e080f6954a8174,0.0,0.0,0.0,0.0,False,False,False,False
48d0f78ff7bb1beffce0b4ab,qwen3.8-2.4t-a95b-fp8,restricted_search,cost_moderate,cached,a8916fdc5c3d3bdfe6a2002404310c081cfffb2b868f40d52cd9eb1bced072e7,1.0,1.0,1.0,1.0,False,False,False,False
52c765486b2566e565bee943,qwen3.8-2.4t-a95b-fp8,restricted_search,cost_moderate,cached,0d98d1f189f7e457b240c126a40cc01dc8f5258224d520ca8b505586ce79d6cd,1.0,1.0,1.0,1.0,False,False,False,False
b204be5bbbf5b8a67ce14c11,qwen3.8-2.4t-a95b-fp8,restricted_search,cost_moderate,cached,7de7c13e2cc404cdde71dbe21c1948bf428c6a0df498f6043881cc0ef0450c55,0.0,0.0,0.0,0.0,False,False,False,True
1f7256b033d4570af7b7aa3d,qwen3.8-2.4t-a95b-fp8,restricted_search,cost_moderate,cached,9f02a59c590d1266749912dd1c2934c0cd575158cb25cb7ef0b97bd6c7d1e099,0.0,0.0,0.0,0.0,False,False,False,False
8ce4cdb09dc4bdb90365e283,qwen3.8-2.4t-a95b-fp8,restricted_search,cost_moderate,cached,d0b4ab4581ce5ac556c359e03750168fde1a857d9408b5f72600fc16bd16f9e9,0.0,0.0,0.0,0.0,False,False,False,False
cc40886fa86c3560ae3fb2d9,qwen3.8-2.4t-a95b-fp8,restricted_search,cost_moderate,cached,fe902c9cb7142f41a16b58d5dab5e4d4bf638a67998d0664b7696dda26c811e1,0.0,0.0,0.0,0.0,False,False,False,False
2f2877de7a9e07e1f05cad9a,qwen3.8-2.4t-a95b-fp8,restricted_search,cost_moderate,cached,923b3d2bd84ad9aff821888cc3978e1103ec4511d92c6db537438fd88493d3ea,1.0,1.0,1.0,1.0,False,False,False,False
8ac2e9650cebcb64cf431d09,qwen3.8-2.4t-a95b-fp8,restricted_search,cost_moderate,cached,fcef80e0376188c89ccb2c34d55ad656b2148a698fa567d8e4d263601b31032f,1.0,1.0,1.0,1.0,False,False,False,False
b9b5d59ca2268adc272e7698,qwen3.8-2.4t-a95b-fp8,restricted_search,cost_moderate,cached,b153d5178f895111f112957ca659a23fd72ca6122a2818654dce863e5344e352,1.0,1.0,1.0,1.0,False,False,False,False
b7b54642479c7963e1d84c7a,qwen3.8-2.4t-a95b-fp8,restricted_search,cost_moderate,cached,29091781dfb5b72a43cc42f445bd3b413b87155094f365e67f37432798c9b33b,1.0,1.0,1.0,1.0,False,False,False,False
c61918bc675bd187b7763d87,qwen3.8-2.4t-a95b-fp8,restricted_search,cost_moderate,cached,4cf6c984dee13c7be3afca29645d70eed620a357c62c9da4eb83b489bf9a5b66,0.4,0.4,0.4,0.4,False,False,False,False
6f5dee631f7001972f85d952,qwen3.8-2.4t-a95b-fp8,restricted_search,cost_moderate,cached,898cc8dec0d0716263788464cd9bce3a09537c03be2cfc96b0e5e6cfb972cd82,1.0,1.0,1.0,1.0,False,False,False,False
195c0d32b23bbec18f57691e,qwen3.8-2.4t-a95b-fp8,restricted_search,cost_moderate,cached,619bf5bc04ccdb3fad3f391870785c050efb5198058b744455205e850b2f315c,0.0,0.0,0.0,0.0,False,False,False,False
2cfbffd0437793a5e28df2a0,qwen3.8-2.4t-a95b-fp8,restricted_search,cost_moderate,cached,199c9f1f4679bc48b4165971b9ac5a91b48e7db6995f9e73a6a9e0469d294247,0.0,0.0,0.0,0.0,False,False,False,False
aee84366c268ef28d780e8d8,qwen3.8-2.4t-a95b-fp8,restricted_search,cost_moderate,naive,92ef738a14b2542a7965089415132b0096fc208a3929308cf82067361f7f2bac,1.0,1.0,1.0,1.0,False,False,False,False
57e3f99b9bedce6d9cc452f9,qwen3.8-2.4t-a95b-fp8,restricted_search,cost_moderate,naive,d2afee05fd44933c2388283040e8143eb3a108f74503f3db4e9b68834f3ba4ac,1.0,1.0,1.0,1.0,False,False,False,False
2e2e74bbb3faa2090a611669,qwen3.8-2.4t-a95b-fp8,restricted_search,cost_moderate,naive,97ea6909e7dbdad5475a6c2208fb0a9929a77470b3fa3218eb76af540d131615,0.0,0.0,0.0,0.0,False,False,False,False
dcf6b06d406f84ba3f944467,qwen3.8-2.4t-a95b-fp8,restricted_search,cost_moderate,naive,a91461441d95b05624aa3b7dcb7b1ac8fcfed09fe97a8192500ba3be08b869df,0.0,0.0,0.0,0.0,False,False,False,False
846eecc94da9fa6731dde6ad,qwen3.8-2.4t-a95b-fp8,restricted_search,cost_moderate,naive,2e279ea35b48cf652845235bc373eccd4bc9d3ea834bfbb4bb0904d210e3b5af,1.0,1.0,1.0,1.0,False,False,False,False
9dcc8c22e74bf4235e255d96,qwen3.8-2.4t-a95b-fp8,restricted_search,cost_moderate,naive,27ce65bdb11b83294f5e7917bc6e821ad3e5b12be8b8b1eb8b3321c81b9d50ea,0.0,0.0,0.0,0.0,False,False,False,False
1836bc9f871e1df76eb339e9,qwen3.8-2.4t-a95b-fp8,restricted_search,cost_moderate,naive,19ac405201d71ba0fbc26948f77e6c7eb8390ac65ee7d9392ec8df35b85c4c5e,1.0,1.0,1.0,1.0,False,False,False,False
668ea7d1165665b7456072e6,qwen3.8-2.4t-a95b-fp8,restricted_search,cost_moderate,naive,75abe1e2a4382dc9a9f112800501fbb6467f45e58199e7e4e9eccad8b3f54b7f,0.0,0.0,0.0,0.0,False,False,False,False
a60c1bf613a3eff3950c1796,qwen3.8-2.4t-a95b-fp8,restricted_search,cost_moderate,naive,bf39bf1a2cdfed351b996dba6cc29c7f27ecff6f9434bc179c7eb77567dc0f04,0.6666666666666666,0.6666666666666666,0.6666666666666666,0.6666666666666666,False,False,False,False
fbe71533673afc84e67e8717,qwen3.8-2.4t-a95b-fp8,restricted_search,cost_moderate,naive,6489be56b8f6d757a3817cc74178723cb1448a31a3d89267f084858ebbe1f277,0.0,0.0,0.0,0.0,False,False,False,False
1065de84160dc3dca7ccf95c,qwen3.8-2.4t-a95b-fp8,restricted_search,cost_moderate,naive,a9ee6801515774183c1a8019b357f1c9b22d6284e0390f59c2bfcbee1c167596,0.0,0.0,0.0,0.0,False,False,False,False
76fba7d1ad3751597a48c8ac,qwen3.8-2.4t-a95b-fp8,restricted_search,cost_moderate,naive,7178977e47560e6f9d5d1e491ea1cf02986bd52104facb5f5ca9b1959e9a4a86,0.0,0.0,0.0,0.0,False,False,False,False
66b2e73d0b41746ceecb9e58,qwen3.8-2.4t-a95b-fp8,restricted_search,cost_moderate,naive,0a4dd803f9cf381e7ab82b18a66db13ef83e1d51e1c1fae835e5fa87804c362a,1.0,1.0,1.0,1.0,False,False,False,False
7f8df7c50d8f87e7f0f6411d,qwen3.8-2.4t-a95b-fp8,restricted_search,cost_moderate,naive,b3f4760a76d2e878d2f7122b5881f91ced9f7493e26d0bb02d90a4de3e0046a3,1.0,1.0,1.0,1.0,False,False,False,False
478bb72c206d18625b575e2e,qwen3.8-2.4t-a95b-fp8,restricted_search,cost_moderate,naive,9dcc96bdef7755f23ef9727fd80665a79e5f42c8242cca252000311eaff9c6d6,1.0,1.0,1.0,1.0,False,False,False,False
c9e7e1e4fa476fe14d6b3a17,qwen3.8-2.4t-a95b-fp8,restricted_search,cost_moderate,naive,d29433555ac7439cebd1cd31014d63412382863985a0a6662dfae2f82b3410ca,1.0,1.0,1.0,1.0,False,False,False,False
fb2cd4101b8fad2057807437,qwen3.8-2.4t-a95b-fp8,restricted_search,cost_moderate,naive,5bbc8e5aa8d48d02a337ce01084ed1a8c2dc31bbbc319db56f89629f9ffa3e7f,1.0,1.0,1.0,1.0,False,False,False,False
d2e7aa7dd75606e01211c255,qwen3.8-2.4t-a95b-fp8,restricted_search,cost_moderate,naive,08ad7fa7bcc79efd78e4b65a9c174cd7708ba4a29dc3ace2fc2e1c0e40cd790d,1.0,1.0,1.0,1.0,False,False,False,False
06f496bde4b4e6aad968504e,qwen3.8-2.4t-a95b-fp8,restricted_search,cost_moderate,naive,371f5d78f4ec9b062ea93cc87b037cea2b003fdfc5b4eca2be952f449b2afda0,0.6666666666666666,0.6666666666666666,0.6666666666666666,0.6666666666666666,False,False,False,False
cd996e68585763e0566f1f4d,qwen3.8-2.4t-a95b-fp8,restricted_search,cost_moderate,naive,f90390fc3bd774083c739763ffb569703bca99129a3c30f8798a4f3d172caa82,1.0,1.0,1.0,1.0,False,False,False,False
c78944ddba0082a8b0b070b5,qwen3.8-2.4t-a95b-fp8,restricted_search,cost_moderate,naive,25ad9d32b8144204705a8f4d226103b882eca64871f73637f6a9e392a9344225,1.0,1.0,1.0,1.0,False,False,False,False
89cc6ddaa845fc26089bbbb7,qwen3.8-2.4t-a95b-fp8,restricted_search,cost_moderate,naive,a81d8a87a49843b26d3096fee47ebf3e767f2461fe8f8a8d97389c9c316c8b6e,1.0,1.0,1.0,1.0,False,False,False,False
7c2e28a52ff2ab76e463fa32,qwen3.8-2.4t-a95b-fp8,restricted_search,cost_moderate,naive,2b0adbc66d75cd3206df42021135f1d50a519845a24d67b164e0a55b32a2ea54,0.23529411764705882,0.23529411764705882,0.23529411764705882,0.23529411764705882,False,False,False,False
b2b739ee456e1f9b7f682db5,qwen3.8-2.4t-a95b-fp8,restricted_search,cost_moderate,naive,39741818575047dbec5c0345a972fded768c7de6f5060f68dce8943d876ccf46,1.0,1.0,1.0,1.0,False,False,False,False
fdd9dc9432a20212c055604f,qwen3.8-2.4t-a95b-fp8,restricted_search,cost_moderate,naive,6c9fc72452c35d3bb8ed5cecbea0d7d2e6823ab3ca88eb24aacf91c5533bd9cf,0.0,0.0,0.0,0.0,False,False,False,False
27a9b2103b3ab553dc30cba8,qwen3.8-2.4t-a95b-fp8,restricted_search,cost_moderate,naive,82c3b9394d6350b26398091fd4aedc9decd21aa5a88a81c2dd046d7011ac51e4,1.0,1.0,1.0,1.0,False,False,False,False
89fa36189ee40ce23aaebe75,qwen3.8-2.4t-a95b-fp8,restricted_search,cost_moderate,naive,b8823437e5376e6f198726f37fb400bd0687e98507eeec646e6b83638a682d78,1.0,1.0,1.0,1.0,False,False,False,False
03e05ce328ee592bdcb0f5ab,qwen3.8-2.4t-a95b-fp8,restricted_search,cost_moderate,naive,ac155a0521a4be71876191a881a73fdfdb6fcfc18ab57161deef66901c8b5f8b,0.0,0.0,0.0,0.0,False,False,False,False
3892e41a3745f3355defac8c,qwen3.8-2.4t-a95b-fp8,restricted_search,cost_moderate,naive,ac72c4899f419e0b631cfac765d12e2fbc6a9598a45e2898ed332551f8a5e53a,0.5714285714285715,0.5714285714285715,0.5714285714285715,0.5714285714285715,False,False,False,False
b26fd52616011c515e504ca8,qwen3.8-2.4t-a95b-fp8,restricted_search,cost_moderate,naive,d25f625b8ec3fb3d73ec94f8d4d363f8476eaa01bcafc794229f84bbf1a9fa42,0.0,0.0,0.0,0.0,False,False,False,False
368f7fe7238e331b334507c0,qwen3.8-2.4t-a95b-fp8,restricted_search,cost_moderate,naive,b7243c9992273c07ec98a06a237b4e8035dc45a7b9a33adc3b638a8cbfb457e2,0.0,0.0,0.0,0.0,False,False,False,False
eac8bce32b6d5684f92e2939,qwen3.8-2.4t-a95b-fp8,restricted_search,cost_moderate,naive,2f7741913d0282ecc5cb9f78bcff65490fc4171d902c2d093f2c551e09343527,1.0,1.0,1.0,1.0,False,False,False,False
5ad470459e584a6f30c29cfb,qwen3.8-2.4t-a95b-fp8,restricted_search,cost_moderate,naive,de42777a5970e2514c7feb97129a76af0648da536270847b4de71e54d5b6b630,1.0,1.0,1.0,1.0,False,False,False,False
abef62a4e68f172698cb42b5,qwen3.8-2.4t-a95b-fp8,restricted_search,cost_moderate,naive,500d017e2590c8e13a9b70126103d81b01ed14b4b3907b7a2c89f9b54fc33e64,1.0,1.0,1.0,1.0,False,False,False,False
85a2488b639041955295400c,qwen3.8-2.4t-a95b-fp8,restricted_search,cost_moderate,naive,4ad355586953f090a16f7b93eb88d5303239b028d9771dbbe12a30f104338130,1.0,1.0,1.0,1.0,False,False,False,False
9ca7711ef65cae8cb1c0597d,qwen3.8-2.4t-a95b-fp8,restricted_search,cost_moderate,naive,35abd6bf6b0fe642b18d0639d004a47267914b9fd19de00d8adeaf14a2859564,0.4,0.4,0.4,0.4,False,False,False,False
19e6f179a008e5e8ff95a6e2,qwen3.8-2.4t-a95b-fp8,restricted_search,cost_moderate,naive,abc99a4524bf50b62f0f5de16e8a242f2dc34c2e6fd4c34a2b4061990e92e75e,1.0,1.0,1.0,1.0,False,False,False,False
e1bdea2b14f52e7d21025499,qwen3.8-2.4t-a95b-fp8,restricted_search,cost_moderate,naive,606b7fdfe81d9e0b670df3a2eaf0be2e0346fd25a2d808ddd263e28af21655e5,0.33333333333333337,0.33333333333333337,0.33333333333333337,0.33333333333333337,False,False,False,False
4bca354c35d95835be824f39,qwen3.8-2.4t-a95b-fp8,restricted_search,cost_moderate,naive,1be40853a95866219ccd9905cc516aa4fc88e00a96a8e8fa295f117f93dfbde7,0.0,0.0,0.0,0.0,False,False,False,False
03154fe2ee3772431a00fd10,qwen3.8-2.4t-a95b-fp8,restricted_search,cost_moderate,poolact,9a1b756cfeb38f41969d34ac1462934e66deea4f697a67537c3fda36ced8cd34,1.0,1.0,1.0,1.0,False,False,False,False
4ba62ff443c30471b8877fbf,qwen3.8-2.4t-a95b-fp8,restricted_search,cost_moderate,poolact,3e1a9ade0e8006d21ec6bd5f66fb061637fe2f2c6710aa53be06645c627d449d,1.0,1.0,1.0,1.0,False,False,False,False
b3927becf949b0d0084b0ddb,qwen3.8-2.4t-a95b-fp8,restricted_search,cost_moderate,poolact,baabb60734aef7b614f085c296e885fcb6bf16442beaefc018dadc5d92e708d0,0.0,0.0,0.0,0.0,False,False,False,False
64f135e8d4f1c1e9acbf3b8a,qwen3.8-2.4t-a95b-fp8,restricted_search,cost_moderate,poolact,7d0586b4a009f77ffb793a9a528045e4b6de9c4a2c3df884c4a332cc182f509a,0.0,0.0,0.0,0.0,False,False,False,False
17f16ab49e40134d09e4f126,qwen3.8-2.4t-a95b-fp8,restricted_search,cost_moderate,poolact,1c4e2f1c8129efbd6fb0bca63a7da6586d8f92ef62ce716807af3dcaced0cdd6,1.0,1.0,1.0,1.0,False,False,False,False
a8814130b842911c6202c577,qwen3.8-2.4t-a95b-fp8,restricted_search,cost_moderate,poolact,7906373df2a93a91ff3a72f97d9b846e8c4616edcb932e5c1c679c18da2a3d43,0.0,0.0,0.0,0.0,False,False,False,False
076d072232d465913cd7eb2d,qwen3.8-2.4t-a95b-fp8,restricted_search,cost_moderate,poolact,642a5f1ecdf0f524d7eadc177829365a961672d5c9a2d8d10bd58c4e03c45810,1.0,1.0,1.0,1.0,False,False,False,False
f43e4a410d3893973a0da999,qwen3.8-2.4t-a95b-fp8,restricted_search,cost_moderate,poolact,50109280b2cadeb3ed366ee9978f3a10381dc56690edfeaf712b8344cb3d8738,0.0,0.0,0.0,0.0,False,False,False,False
5113d49c0901dc1dc01386ed,qwen3.8-2.4t-a95b-fp8,restricted_search,cost_moderate,poolact,cd714508251f35977300512b7ab5af63fa21084177740a6ff78cedaad5226c2a,1.0,1.0,1.0,1.0,False,False,False,False
076aab07cc29f2a7c7cda6af,qwen3.8-2.4t-a95b-fp8,restricted_search,cost_moderate,poolact,5d2a4a73eb5a0ed10d365ed6490da3b83f25d8acd9716692162289af0a35c837,0.0,0.0,0.0,0.0,False,False,False,False
d44303ca754a1bbc1315909d,qwen3.8-2.4t-a95b-fp8,restricted_search,cost_moderate,poolact,f67981c3f8dc59a5c73dfef70095acb6466a28b4e873713f6e80634b90aa98ca,0.0,0.0,0.0,0.0,False,False,False,False
8ed58bae63555c911829ef45,qwen3.8-2.4t-a95b-fp8,restricted_search,cost_moderate,poolact,0b2fefd94a0524adb9505bd9d296cce687364525399825aecfaaadb555b8276b,0.0,0.0,0.0,0.0,False,False,False,False
0deeba0ffc9706cf10c9f520,qwen3.8-2.4t-a95b-fp8,restricted_search,cost_moderate,poolact,cbbbe2a2d3cde4042d8d8d1305e64dc0076611eacd54493e4f7712b13864b468,1.0,1.0,1.0,1.0,False,False,False,False
8ab390d2ad2751f3df23e350,qwen3.8-2.4t-a95b-fp8,restricted_search,cost_moderate,poolact,a3f4c8b96e562e200733424c5ffce85ecd475fb5625c068608b3f6f71b65dad6,1.0,1.0,1.0,1.0,False,False,False,False
b75a7682ba5a42b869353527,qwen3.8-2.4t-a95b-fp8,restricted_search,cost_moderate,poolact,cc1cdc0efbc5a560954341d505b3a9092cd6b0497a7033a99f2295a67a592939,1.0,1.0,1.0,1.0,False,False,False,False
976d0fa5199b3126c3968d05,qwen3.8-2.4t-a95b-fp8,restricted_search,cost_moderate,poolact,f5061ecb3912c6da4de9b3063ce36b339efa6d047374eee59e81c95c99b14723,1.0,1.0,1.0,1.0,False,False,False,False
411b4afb68552eb8125f5f1b,qwen3.8-2.4t-a95b-fp8,restricted_search,cost_moderate,poolact,c79fbe7c4bfc35b14bf243a7136cf50c94223f631175c1fc58d6886eb6aa77c6,1.0,1.0,1.0,1.0,False,False,False,False
f198776e4cb4a1b4d8ed364b,qwen3.8-2.4t-a95b-fp8,restricted_search,cost_moderate,poolact,2778d3d3456f4696e5f5df789b7318f03ae124071c07185a8a93b66249dbd592,1.0,1.0,1.0,1.0,False,False,False,False
d6f1d8f4c3da43c9f0d53ece,qwen3.8-2.4t-a95b-fp8,restricted_search,cost_moderate,poolact,99f950930e8f172956ab9956ac1a4e49573896caed2af04a5260edd006570fb9,1.0,1.0,1.0,1.0,False,False,False,False
81892175cbf9c652ef9a5c99,qwen3.8-2.4t-a95b-fp8,restricted_search,cost_moderate,poolact,89d150d3b1b828c04835f015fb8aaa36acf94583fe76a68f5aa187a9da00cadf,1.0,1.0,1.0,1.0,False,False,False,False
4d24d8d18c6c478d9dd1331e,qwen3.8-2.4t-a95b-fp8,restricted_search,cost_moderate,poolact,0259eba0663aba5f3f36976d87086ff6fb35dd64c838bfefee2a87b4b1185d3d,1.0,1.0,1.0,1.0,False,False,False,False
c110d39e618a3ceaa89ad2df,qwen3.8-2.4t-a95b-fp8,restricted_search,cost_moderate,poolact,b33bd654ff11fc5f8a3d00a371b784565cdc9563755fc05ad224d892d713e4df,0.6666666666666666,0.6666666666666666,0.6666666666666666,0.6666666666666666,False,False,False,False
c547b74aba5421f391461bdf,qwen3.8-2.4t-a95b-fp8,restricted_search,cost_moderate,poolact,6a6a3eef2dd2f3841551af706cd05c060e2782966ca4f7aa1e9264e803438090,0.23529411764705882,0.23529411764705882,0.23529411764705882,0.23529411764705882,False,False,False,False
7c9254b958d8b4b05f1cdfbd,qwen3.8-2.4t-a95b-fp8,restricted_search,cost_moderate,poolact,14aebe35f4c5958b98dc254e1e137a43f3b43e3319d7f083eb947cba41590a23,1.0,1.0,1.0,1.0,False,False,False,False
2bf1ecd27f42bcd35a253860,qwen3.8-2.4t-a95b-fp8,restricted_search,cost_moderate,poolact,fe18b60c74296513e529fd92d8b86cb946bd98a1883a634fa4552e94b1a0e55d,0.0,0.0,0.0,0.0,False,False,False,False
8ac89a63e40f28d5acd5a1a2,qwen3.8-2.4t-a95b-fp8,restricted_search,cost_moderate,poolact,2fcd3256b9bb2de37ef4027913cb33716cb63c2d8a02297e6b73d8de49791c62,1.0,1.0,1.0,1.0,False,False,False,False
6b4fb1495fd535494861a5d2,qwen3.8-2.4t-a95b-fp8,restricted_search,cost_moderate,poolact,baaf85aa4513283adca3fc8803a4a48ac61bccf8a56739f15e54452d1ac4c6ce,1.0,1.0,1.0,1.0,False,False,False,False
47e219dcef216f45b523adde,qwen3.8-2.4t-a95b-fp8,restricted_search,cost_moderate,poolact,ee0f922b529a1df11664783e7fa0c8d7a1597681086b381752218a1058999e62,0.0,0.0,0.0,0.0,False,False,False,False
b3aad5b1eb2be0232a9ec8a5,qwen3.8-2.4t-a95b-fp8,restricted_search,cost_moderate,poolact,9ec230e509ae634a0a1e45ec143521ddce752d98066d4e1cca867c1bc71523f3,0.0,0.0,0.0,0.0,False,False,False,False
c031bac09d7ef97f6e8f7a6c,qwen3.8-2.4t-a95b-fp8,restricted_search,cost_moderate,poolact,dc6501f6f05bb8846bed67e9fbc945d32e3f2a8d0ca341a9721b8e9bf2071233,0.0,0.0,0.0,0.0,False,False,False,False
4199b54f1f7ef3b4c565e9ee,qwen3.8-2.4t-a95b-fp8,restricted_search,cost_moderate,poolact,c30eaa0905db5c4452ec6500454bd08e3b816c9bfbaf61ec681881e7019c6d2e,0.0,0.0,0.0,0.0,False,False,False,False
f3ff82d5a208feda0f0c84a7,qwen3.8-2.4t-a95b-fp8,restricted_search,cost_moderate,poolact,f7976282e54c262bb5a04f3182605f1c141bdffa39e50154b7fd30352ea10bb1,1.0,1.0,1.0,1.0,False,False,False,False
39a36875662bf399d0d6ac5e,qwen3.8-2.4t-a95b-fp8,restricted_search,cost_moderate,poolact,0631d601cf2d0343d1f98fcfbf5c47e1e6c6aa571978515dbcfdb31c23f3626c,1.0,1.0,1.0,1.0,False,False,False,False
d069386653e4cd2fedea2380,qwen3.8-2.4t-a95b-fp8,restricted_search,cost_moderate,poolact,e32230bb5c4fa88e29cb6138bae7125a7c6b1e53eaa145d37b374cbb8dd7ea7a,1.0,1.0,1.0,1.0,False,False,False,False
f15d9d927773e094aba8b66c,qwen3.8-2.4t-a95b-fp8,restricted_search,cost_moderate,poolact,abb9b19692bdb17b03383635813d41e3c60fee220f4ec0964c52cf8df4b65215,1.0,1.0,1.0,1.0,False,False,False,False
f617e7811563258259b4ff27,qwen3.8-2.4t-a95b-fp8,restricted_search,cost_moderate,poolact,4460691bf97b97c6b178d425a25d4fbf6e00b2b4a369db2ad47187c5e88d3554,0.8571428571428571,0.8571428571428571,0.8571428571428571,0.8571428571428571,False,False,False,False
3313491dd6202f6a3df3159f,qwen3.8-2.4t-a95b-fp8,restricted_search,cost_moderate,poolact,356c8cfa90b4056c8dc21d3cfbd4f11adda39a5cbbbcab74c275c846a6399cdb,1.0,1.0,1.0,1.0,False,False,False,False
ed8de778a39a5fa25a0c0dcb,qwen3.8-2.4t-a95b-fp8,restricted_search,cost_moderate,poolact,0e6fdedd3a565b3364785227780191a7653fe1e81f52bdb33c8fe2cfc4a303da,0.0,0.0,0.0,0.0,False,False,False,False
2c6bc379008f98fb0edda454,qwen3.8-2.4t-a95b-fp8,restricted_search,cost_moderate,poolact,01991c5232b7e186739c15512310477a052a65e952af9289f23e928139933ff1,1.0,1.0,1.0,1.0,False,False,False,False
bc7298d1a3e7155922578c73,qwen3.8-2.4t-a95b-fp8,restricted_search,cost_tight,cached,ab3c76fa39c82a1860292e3b00118dea3f8a1fce29fa86d7496236c1fed71c3e,1.0,1.0,1.0,1.0,False,False,False,False
c3ef71d8885d1266b71a4d94,qwen3.8-2.4t-a95b-fp8,restricted_search,cost_tight,cached,9f0df4fe4b9e8ca499ca8e2aaa60a0ddc08ea5791d10b6d41387ba05d06dd750,0.0,0.0,0.0,0.0,False,False,False,False
6130261f491087fdaf0a180f,qwen3.8-2.4t-a95b-fp8,restricted_search,cost_tight,cached,7f7dec2c56241f79dc4176cadf6e9da641b65287868322b98805076cd777e644,0.0,0.0,0.0,0.0,False,False,False,False
92fe65d005e04f8101748351,qwen3.8-2.4t-a95b-fp8,restricted_search,cost_tight,cached,10b01689409a180d9904519492b07c2d958871d3990f2a0fb832082dc8cd9c19,0.0,0.0,0.0,0.0,False,False,False,False
4ef8b5407c82e3badccd13e8,qwen3.8-2.4t-a95b-fp8,restricted_search,cost_tight,cached,3b9dc1af31e30bc46f32d584204b70ba62d79069f124b1db1009cbca415a6304,0.0,0.0,0.0,0.0,False,False,False,False
a0f786efb7d77e4ad8ed97e6,qwen3.8-2.4t-a95b-fp8,restricted_search,cost_tight,cached,3fe48a3ef966c3dee2f02f8226c6bf14ee585adf5e851125246a010cfb6f1de6,0.0,0.0,0.0,0.0,False,False,False,False
d65ead3951d082562dcef370,qwen3.8-2.4t-a95b-fp8,restricted_search,cost_tight,cached,f3c1ccc167a7d1a875aa8ca88a8253f8c02ba297ef503be0177658a581a93496,1.0,1.0,1.0,1.0,False,False,False,False
5054f49c59cb10dcdb195bc4,qwen3.8-2.4t-a95b-fp8,restricted_search,cost_tight,cached,d75c54fff4ca461e09a010a39e3aaa4a18217b0e6730ee3d21c5559846f5ffb7,0.0,0.0,0.0,0.0,False,False,False,False
34f3ad8599a39124aec2fbe3,qwen3.8-2.4t-a95b-fp8,restricted_search,cost_tight,cached,89e2c986e723e363c562bfa5b9a39504cbad0962398d47aeeb991dea06f02f86,0.0,0.0,0.0,0.0,False,False,False,False
3a363e190268208e4366d861,qwen3.8-2.4t-a95b-fp8,restricted_search,cost_tight,cached,11153b80b1bf501f16b65b2ced1feaf838971771d99059e363a9127004fb3b9a,0.0,0.0,0.0,0.0,False,False,False,False
01caade67b48d63ee7c846a0,qwen3.8-2.4t-a95b-fp8,restricted_search,cost_tight,cached,10774e37f4dd77bcebb4cce2d23fe82c144180d6f04383323d28298ab694d034,0.0,0.0,0.0,0.0,False,False,False,False
610dbf9d8f50b7b0b23792fc,qwen3.8-2.4t-a95b-fp8,restricted_search,cost_tight,cached,4a379f68b574237453d069fd6540f8cdecbba6fef6ae9fdac58187eac7263eee,0.0,0.0,0.0,0.0,False,False,False,False
599aa12746205e530f39b3d4,qwen3.8-2.4t-a95b-fp8,restricted_search,cost_tight,cached,ba4867f1c0c79392c25415acb093a4dd0002d0629c664471f4260d680fd8fc92,0.0,0.0,0.0,0.0,False,False,False,False
9dc47f0f3088d2b7d7b5a751,qwen3.8-2.4t-a95b-fp8,restricted_search,cost_tight,cached,880c87e08d3358b50c03feabc7e8efcd5a6978db64da46216e5e4a1a4aba9021,0.0,0.0,0.0,0.0,False,False,False,False
9dd843ef8a5208cf6f8a868f,qwen3.8-2.4t-a95b-fp8,restricted_search,cost_tight,cached,7f622332d1f7c1825919a10a9b38a73497af137b28a490c4d9da2c511833fdc0,0.6666666666666666,0.6666666666666666,0.6666666666666666,0.6666666666666666,False,False,False,False
25bb608eace680357b4607ea,qwen3.8-2.4t-a95b-fp8,restricted_search,cost_tight,cached,3845278590b96cf10f948d8c86fc47b1d2c6afbbd1c2816effe66d68173a694f,0.0,0.0,0.0,0.0,False,False,False,False
ec3807af79db43bb2efe2f81,qwen3.8-2.4t-a95b-fp8,restricted_search,cost_tight,cached,44a2536fe6f39f07b7036d73a32836281572b9e3ed5419a0f7c3f2ca8bdc7ad0,0.0,0.0,0.0,0.0,False,False,False,False
d5958181920aa817f9171a3b,qwen3.8-2.4t-a95b-fp8,restricted_search,cost_tight,cached,ee08efd9ad35696580fe43c2e744a771696d4cc21be9f3c3c25b5298818425df,0.0,0.0,0.0,0.0,False,False,False,False
f01130847f4c5063abfeca65,qwen3.8-2.4t-a95b-fp8,restricted_search,cost_tight,cached,00d873d9aab0eb6064e79b303ff4b86a079fa3a467abdb1cb1b45788174cffcf,0.6666666666666666,0.6666666666666666,0.6666666666666666,0.6666666666666666,False,False,False,False
59ea9c37cea3537dad52c22b,qwen3.8-2.4t-a95b-fp8,restricted_search,cost_tight,cached,ac0ff00e63c7836525b170ab3db306ba106acfa31cf7380413eb870338024155,1.0,1.0,1.0,1.0,False,False,False,False
59edb0d350d45a6e797e52e4,qwen3.8-2.4t-a95b-fp8,restricted_search,cost_tight,cached,e765c98f3c8572028ad4903cbb6a294554c9a79eadeb8c9d2351699cc42d4c69,0.8571428571428571,0.8571428571428571,0.8571428571428571,0.8571428571428571,False,False,False,False
c27bbb415315c69edfc851f4,qwen3.8-2.4t-a95b-fp8,restricted_search,cost_tight,cached,496ea75bda1df5398be9df8f250cbefb6d05a55b4b9d30a2250a3dbc88fafae0,0.6666666666666666,0.6666666666666666,0.6666666666666666,0.6666666666666666,False,False,False,False
fe81161997ce1f5225604fa8,qwen3.8-2.4t-a95b-fp8,restricted_search,cost_tight,cached,e446cf7ee422177a628eaa6342236cfd1ef7e7ee820c593ccb20786e803ad673,0.23529411764705882,0.23529411764705882,0.23529411764705882,0.23529411764705882,False,False,False,False
103b3d557faf247913413186,qwen3.8-2.4t-a95b-fp8,restricted_search,cost_tight,cached,472c13e42d6a123da2401be9ca72b910ba1be03bed1bd28c01c839d9b9722d7a,1.0,1.0,1.0,1.0,False,False,False,False
b46dc7713b74a001940336ca,qwen3.8-2.4t-a95b-fp8,restricted_search,cost_tight,cached,ba1f1631717f23696fdcaabece91a9b39bd160b4c5c16b6acdd9898a2b8bce73,0.0,0.0,0.0,0.0,False,False,False,False
2dd4627f0c3c400216d5bf93,qwen3.8-2.4t-a95b-fp8,restricted_search,cost_tight,cached,504b1ad39176d3c6e23602a5feaeb94047a87eabe08e9c30e61dc51a49971356,1.0,1.0,1.0,1.0,False,False,False,False
da05eed32320fc1b5ab7405a,qwen3.8-2.4t-a95b-fp8,restricted_search,cost_tight,cached,d3dbee05dbd11742a1fea2017ba298d9ce0ed39a96e97c4fc3ece6500bae3c8b,0.0,0.0,0.0,0.0,False,False,False,False
8b805214e3c305d9952892c3,qwen3.8-2.4t-a95b-fp8,restricted_search,cost_tight,cached,dbdcbe27c96e3fd999f93532b76ed78b50c6468c1184691ca5696a27bcf9419e,0.0,0.0,0.0,0.0,False,False,False,False
d640896cdf0160ec7623c380,qwen3.8-2.4t-a95b-fp8,restricted_search,cost_tight,cached,07d357dea5aed11d105f9c20330f82c9699fc15db374ec4aded767c5d1f327d9,0.0,0.0,0.0,0.0,False,False,False,False
2cc4f45059c75e95fbd91879,qwen3.8-2.4t-a95b-fp8,restricted_search,cost_tight,cached,f3b25d3efc5abd253244a22cf9507075e685d179e6ca5747bf88450eb7dd3ad8,0.0,0.0,0.0,0.0,False,False,False,False
0ea716518ba645714638a5dd,qwen3.8-2.4t-a95b-fp8,restricted_search,cost_tight,cached,e61df6da7e74e29f76606dd7f66dbf3c112546353134b1be834a40e72a762a56,0.0,0.0,0.0,0.0,False,False,False,False
15f2c3783dc92f42d34e2611,qwen3.8-2.4t-a95b-fp8,restricted_search,cost_tight,cached,bed9f268e03faf9d0780ffe3c9c25a1cdccc894fa9b965b605ed252d4379aafb,0.0,0.0,0.0,0.0,False,False,False,False
008d3c011879ea90fd5bb002,qwen3.8-2.4t-a95b-fp8,restricted_search,cost_tight,cached,9cf681598a7fb7e2213cb6a0a666a41231f3b5eb70b7594b36702eb3646e0ad7,0.0,0.0,0.0,0.0,False,False,False,False
b83f3d9c598efefd7d32e5d3,qwen3.8-2.4t-a95b-fp8,restricted_search,cost_tight,cached,9365e56b8bfce38765e4b762d1b042a3d1188280947222dc91ceeae03bf20a51,1.0,1.0,1.0,1.0,False,False,False,False
ed61a02b8ee14e0a9d6a00b6,qwen3.8-2.4t-a95b-fp8,restricted_search,cost_tight,cached,ddf4224ef324b6d3c69e318b340c4cb61e35da5a1d507c1eaa7ccd4885649c8b,0.0,0.0,0.0,0.0,False,False,False,False
59a4dc0a16d5ff88eb298813,qwen3.8-2.4t-a95b-fp8,restricted_search,cost_tight,cached,da2db1345fd0e2480e868de98d71f88db13285c95c9d10869dc58f817ed936f5,0.0,0.0,0.0,0.0,False,False,False,False
a8a819e2075734c1b4273f56,qwen3.8-2.4t-a95b-fp8,restricted_search,cost_tight,cached,c8e895797c70ff40d1c2057bebcda8a12ca75628bb63dbf1efa85cebf69464af,0.0,0.0,0.0,0.0,False,False,False,False
2767a24b9eb9903dd043e2cd,qwen3.8-2.4t-a95b-fp8,restricted_search,cost_tight,cached,12d36bbf8c20163be8e2131783ebb2d4245bfbf4397f6a71617801c05da98d92,0.0,0.0,0.0,0.0,False,False,False,False
165e5daa9e94bb187649f762,qwen3.8-2.4t-a95b-fp8,restricted_search,cost_tight,cached,71c8424ff39232852b0f2b88bbce649c56b5c4fbe7a05f1f5e6f7d1e3160c531,0.0,0.0,0.0,0.0,False,False,False,False
4ab69f1080396b2915a06203,qwen3.8-2.4t-a95b-fp8,restricted_search,cost_tight,naive,069650dd627747fccdddf68aedb88fed480ca1ed36602ce11f259d656a63f0ce,1.0,1.0,1.0,1.0,False,False,False,False
967572d0eca83a48356a316e,qwen3.8-2.4t-a95b-fp8,restricted_search,cost_tight,naive,baa07c46831f88d55f2ce41450b950883c06ae611aebc10744554f329df171d6,0.0,0.0,0.0,0.0,False,False,False,False
227b183d12c049f13a7fdec1,qwen3.8-2.4t-a95b-fp8,restricted_search,cost_tight,naive,df1c8c30ff1937d7f5d3d5fecf54419c32fdaa8efba2e3cb188cf1dbd7b9a8bc,0.0,0.0,0.0,0.0,False,False,False,False
7f809927bd3f1dc5e83dba09,qwen3.8-2.4t-a95b-fp8,restricted_search,cost_tight,naive,a99e6c5dfdd09e3b96512a409e12608bebc6c1863d997b8b9704e6890a6f09f5,0.0,0.0,0.0,0.0,False,False,False,False
969c2e40829c0ebe741db079,qwen3.8-2.4t-a95b-fp8,restricted_search,cost_tight,naive,45b4fb54dbeb9af247cbb8bd555d6d71780cd43494fe655fc28f559c0d25b44d,0.0,0.0,0.0,0.0,False,False,False,False
797b17d411488551b4b9ed98,qwen3.8-2.4t-a95b-fp8,restricted_search,cost_tight,naive,4d5ad5060fc16428267674bd4c4ec2300fe5d2c47a2b17956da82568b31eed8e,0.0,0.0,0.0,0.0,False,False,False,False
0e0a06976d80d60d22df282e,qwen3.8-2.4t-a95b-fp8,restricted_search,cost_tight,naive,d3f69efd5b737caccbb2b3d3815e5ea83dbd85f1373cb20e06a43684a525bd9a,1.0,1.0,1.0,1.0,False,False,False,False
3049233da8ed6644043c8ad6,qwen3.8-2.4t-a95b-fp8,restricted_search,cost_tight,naive,1641c3dd916bbc6479accab58a822461ce879dc4553133b4fe8d349dea97d8ee,0.0,0.0,0.0,0.0,False,False,False,False
5f288eaaea0e98a6fc9e426d,qwen3.8-2.4t-a95b-fp8,restricted_search,cost_tight,naive,aa777690d0a62a513c022722a95942c62d96326e6b8667a05a4a7c388301d74d,0.0,0.0,0.0,0.0,False,False,False,False
bdf02f68bc570a79186b2577,qwen3.8-2.4t-a95b-fp8,restricted_search,cost_tight,naive,df586e9dee831c50bd2c7bea1a81970bc479e057c915e1c1b9882e8e8580941d,0.0,0.0,0.0,0.0,False,False,False,False
3347747c18aa72ab1b201873,qwen3.8-2.4t-a95b-fp8,restricted_search,cost_tight,naive,1e6b47bc2c3d19cc442c338ac470471b550d6ad34c009e5e31d16931b8ac74fe,0.0,0.0,0.0,0.0,False,False,False,False
539b66357b57b6f01d65d4a2,qwen3.8-2.4t-a95b-fp8,restricted_search,cost_tight,naive,e1f32c76543ac0a8eb09ca289619e09ebd965196bd8f1191593cd56a222a81e8,0.0,0.0,0.0,0.0,False,False,False,False
a938b361ed6bccf032cec140,qwen3.8-2.4t-a95b-fp8,restricted_search,cost_tight,naive,4b6769f7e0fe83f9f1838da345177a72bac36b3df30cd8c0054d03522911d147,0.0,0.0,0.0,0.0,False,False,False,False
230db3f34c4e86e6e30a1504,qwen3.8-2.4t-a95b-fp8,restricted_search,cost_tight,naive,b408994110cb124fba8b60d9772f840c5ade0b675f3f6a71611152b97daf2438,0.0,0.0,0.0,0.0,False,False,False,False
8e9d46daebcaf7d67aa32b88,qwen3.8-2.4t-a95b-fp8,restricted_search,cost_tight,naive,8bebeaff69ea99d6bd56a947dc5dd77a8dd36ba95a34cc82e27359291e6e0ce6,0.6666666666666666,0.6666666666666666,0.6666666666666666,0.6666666666666666,False,False,False,False
5c2fd09f222fdf1a4c165615,qwen3.8-2.4t-a95b-fp8,restricted_search,cost_tight,naive,6e9095320b53bcf40082c23cce587db100c278799d22b61a67a3eeaa0bfa707d,0.0,0.0,0.0,0.0,False,False,False,False
d5f651f77b3529cf9ef3f72b,qwen3.8-2.4t-a95b-fp8,restricted_search,cost_tight,naive,7a294cc2cb790a7634cf674ba91f68f569adbc2f4b74f4d7813efa5f25be2340,0.0,0.0,0.0,0.0,False,False,False,False
c0336ee7fb520341393bea3d,qwen3.8-2.4t-a95b-fp8,restricted_search,cost_tight,naive,f3bc4c6679662f26475a3b56d160ca1c8a3428d0b5c99a2118ea011e6fa75507,0.0,0.0,0.0,0.0,False,False,False,False
fa8365dcf03166b256f00516,qwen3.8-2.4t-a95b-fp8,restricted_search,cost_tight,naive,c6c495fa901666776f8f8bf60a072f97d49671bf530bba3e6165058f9dfb4076,0.6666666666666666,0.6666666666666666,0.6666666666666666,0.6666666666666666,False,False,False,False
f2678d2448ecf059433b76fd,qwen3.8-2.4t-a95b-fp8,restricted_search,cost_tight,naive,0aa74ebf2a0766fac9e68c01086805b9e4c3b8c92335a8b283754c0cf9d04821,0.0,0.0,0.0,0.0,False,False,False,False
542b6f938a3fe8280231f43c,qwen3.8-2.4t-a95b-fp8,restricted_search,cost_tight,naive,e0bee0024116a99f1767071ccdeb687a697acb7cb4c011f7ccca828cd2b8abdf,0.4,0.4,0.4,0.4,False,False,False,False
b4f2a3c11688b84683f0b3ba,qwen3.8-2.4t-a95b-fp8,restricted_search,cost_tight,naive,4e2cad0b13533f27063cdc6546240973b73a422e761645a6d37d017a588434f7,0.6666666666666666,0.6666666666666666,0.6666666666666666,0.6666666666666666,False,False,False,False
03a28d2c1d22487b7784a655,qwen3.8-2.4t-a95b-fp8,restricted_search,cost_tight,naive,fb3ab31b3157167ce4606b8d2c0be3048e01a9eec61f28e640b6ebe06c1b3c65,0.23529411764705882,0.23529411764705882,0.23529411764705882,0.23529411764705882,False,False,False,False
48aa1c159948e2b4866342cb,qwen3.8-2.4t-a95b-fp8,restricted_search,cost_tight,naive,182319738ee317309aaeb257d4b9c6323ec2b7135edd62bdcd0fe1d291665edd,1.0,1.0,1.0,1.0,False,False,False,False
3da52abc582bab91f628c582,qwen3.8-2.4t-a95b-fp8,restricted_search,cost_tight,naive,c5f7f1d5d45f371975d71546afd092d6fd4a580c7c1b560041eeac8b9fef0517,0.0,0.0,0.0,0.0,False,False,False,False
e364df84d7588118f630b04f,qwen3.8-2.4t-a95b-fp8,restricted_search,cost_tight,naive,dec7246e811396e9460361df858823164cdefa4f0283356be97b1cd32ca78232,0.0,0.0,0.0,0.0,False,False,False,False
a2bf546361b3d3a404343cef,qwen3.8-2.4t-a95b-fp8,restricted_search,cost_tight,naive,79d70a634d77831ab5890553ee370ce0bf91635d6c080681c7dff23bebbe69ce,0.0,0.0,0.0,0.0,False,False,False,False
7bcc7ee0dfbb9370f7fe7610,qwen3.8-2.4t-a95b-fp8,restricted_search,cost_tight,naive,9ea036a8fa4694860f1327657afb1db8058f43882727d9dbcfd26421eb5be965,0.0,0.0,0.0,0.0,False,False,False,False
c7d275e12e58ecfb2a8bde96,qwen3.8-2.4t-a95b-fp8,restricted_search,cost_tight,naive,7b8f8896c0c533007495cd4b60f83d23ec37ad6a5e69c7c326b6a606caae49c7,0.0,0.0,0.0,0.0,False,False,False,False
ef5b57ddefd3c06198b002b5,qwen3.8-2.4t-a95b-fp8,restricted_search,cost_tight,naive,c009db000242f50f1bd5e167f4b0cee2803e39b6d666d8b36e595eed8b33812e,0.0,0.0,0.0,0.0,False,False,False,False
1e6bd33f59baeb5968a19996,qwen3.8-2.4t-a95b-fp8,restricted_search,cost_tight,naive,5e9e95c05b3e3c51d2b18020623e2d9b8ea2d46b2f7ea885df0c297e91dd19e2,0.0,0.0,0.0,0.0,False,False,False,False
8b920e8073bd955ea7c4d87b,qwen3.8-2.4t-a95b-fp8,restricted_search,cost_tight,naive,59836eed8ce55cdef22616d5e47aae1b180d55b8ad9239cf95c9c70ea7d9c3d0,0.0,0.0,0.0,0.0,False,False,False,False
aa9ca921aaac7e64f7267ad7,qwen3.8-2.4t-a95b-fp8,restricted_search,cost_tight,naive,a465468ae7073d6e73d4af0263d8f7e1e08f618a91fd58d878fdd0aa55cb7bcf,0.5,0.5,0.5,0.5,False,False,False,False
ecb6abb2266038d4dc5b858b,qwen3.8-2.4t-a95b-fp8,restricted_search,cost_tight,naive,f32ebcb406e147e3bfa432ff2ce9c35779c41d1c0110d5cb1d30d89676d6c7b9,1.0,1.0,1.0,1.0,False,False,False,False
824c970b2930f08f6018e5d0,qwen3.8-2.4t-a95b-fp8,restricted_search,cost_tight,naive,2f9d553a64ed0f6f83a72d7677330aa00b0fc5956df4bd9ec595537d1351afa7,0.0,0.0,0.0,0.0,False,False,False,False
7c3827790a18ee0ff398fd68,qwen3.8-2.4t-a95b-fp8,restricted_search,cost_tight,naive,76a571487d1a23339e87d83862f1e3c6159c10a5b7a6fd87b6ca07ca155e1932,0.0,0.0,0.0,0.0,False,False,False,False
7ee259153f22015f54709ca0,qwen3.8-2.4t-a95b-fp8,restricted_search,cost_tight,naive,4b90a4c5ca2f24bae232ada52a0ad07b271123baa2c88ba3c72e42efc8815e7f,0.0,0.0,0.0,0.0,False,False,False,False
262b6196e86f732b7e6ec030,qwen3.8-2.4t-a95b-fp8,restricted_search,cost_tight,naive,9e056183cc670dfdb88f7694e94bcae10ca9acdd048405a04e3bc639f5c8f7e8,0.0,0.0,0.0,0.0,False,False,False,False
37dbb6af909d1a68c6607562,qwen3.8-2.4t-a95b-fp8,restricted_search,cost_tight,naive,b06696523c77ebd6d77d8a6f6f5ab820a0dabdee89e8a4178e768facd0942f26,0.0,0.0,0.0,0.0,False,False,False,False
ebdb7f50c565dfbaada38233,qwen3.8-2.4t-a95b-fp8,restricted_search,cost_tight,poolact,6c3fd382209114d78daebd5e9cdba0206eed5dde977a31e1d1529b582d1667e8,1.0,1.0,1.0,1.0,False,False,False,False
0f1bb4846b6452c228db9582,qwen3.8-2.4t-a95b-fp8,restricted_search,cost_tight,poolact,951bfd5c1fdf1d6f0b3cfbb2618483608bcdca81a6c27ba9c0201956f238078d,0.0,0.0,0.0,0.0,False,False,False,False
2956daa7c97e2bb85af999ae,qwen3.8-2.4t-a95b-fp8,restricted_search,cost_tight,poolact,9aa80a515692ec016b77dc8a0ceeda388c46d9500fa7a4a71ada6268c71f6bc2,0.0,0.0,0.0,0.0,False,False,False,False
9d19fa1d40e4e4bbbf705d81,qwen3.8-2.4t-a95b-fp8,restricted_search,cost_tight,poolact,192e39e931a40728991cb67820fd7808f23eb608c76cd4b7be014130cc3e590c,0.0,0.0,0.0,0.0,False,False,False,False
3f13d7bff2c94a97fdd1f773,qwen3.8-2.4t-a95b-fp8,restricted_search,cost_tight,poolact,26c5ac84f3b024ad44af6f5d389c909d6ad0d1cb785568a3976209fe0a8de00d,0.0,0.0,0.0,0.0,False,False,False,False
ed8f2f3ac0eb6c7afe4a089d,qwen3.8-2.4t-a95b-fp8,restricted_search,cost_tight,poolact,801301e1ab56c8f9785aa257574186006d39d76407cde6fd6f7821843c1da4d0,0.0,0.0,0.0,0.0,False,False,False,False
2b523a6fbcbe096f6a00bb09,qwen3.8-2.4t-a95b-fp8,restricted_search,cost_tight,poolact,fc43f3d7b41abdee0751a1a34431416ea7548d919cf5ad09eead2c26b4d0828b,0.5,0.5,0.5,0.5,False,False,False,False
f719dbb19932cdd59017e705,qwen3.8-2.4t-a95b-fp8,restricted_search,cost_tight,poolact,8b97770e322a50d98ae79560f98e6bf85e77204fa71811a58c5159b33e26c5b3,0.0,0.0,0.0,0.0,False,False,False,False
4001a7d0bd939d8bb2fe8ae6,qwen3.8-2.4t-a95b-fp8,restricted_search,cost_tight,poolact,3a1e2400e166a3d1f077b65f2d863e308517c4c69ea15eb876f88af2700a610b,0.0,0.0,0.0,0.0,False,False,False,False
2f43f4ecc3c2ad6dbce5f1e2,qwen3.8-2.4t-a95b-fp8,restricted_search,cost_tight,poolact,af983047f9959c713a9c098b749c95799e48fe9cad082b9ab0218c2360f0f0d9,0.0,0.0,0.0,0.0,False,False,False,False
34858d9f9971dc5a2b977201,qwen3.8-2.4t-a95b-fp8,restricted_search,cost_tight,poolact,ef4392c417284827f2a0b0b2945747849b9297bd8f77fb4acbdc3db67ed8837d,0.0,0.0,0.0,0.0,False,False,False,False
7de2c1762528f50d64bc55c3,qwen3.8-2.4t-a95b-fp8,restricted_search,cost_tight,poolact,9f5b998c3cd64a5c64da0c58818b9409ae80666a5ffbaf0f1639d37fa2f0812a,0.0,0.0,0.0,0.0,False,False,False,False
efdbc506fd1517b0151136ef,qwen3.8-2.4t-a95b-fp8,restricted_search,cost_tight,poolact,422f806f75bc5a6b931e963fd75871f9f11bec50f9a1f5bcdf934b262c44d0e2,0.0,0.0,0.0,0.0,False,False,False,False
21e82506b70546af7c358719,qwen3.8-2.4t-a95b-fp8,restricted_search,cost_tight,poolact,df276ea94d471d50706f3628db4596bdda58d275817bc5bb2e697304bac1363f,0.0,0.0,0.0,0.0,False,False,False,False
932cc9fc4757108666a00926,qwen3.8-2.4t-a95b-fp8,restricted_search,cost_tight,poolact,83b5045ce59771a68896d8f46274cbe9bbfc4597e79363373d8bb6cb33253d37,0.6666666666666666,0.6666666666666666,0.6666666666666666,0.6666666666666666,False,False,False,False
2dd6d99010381fe290ac688b,qwen3.8-2.4t-a95b-fp8,restricted_search,cost_tight,poolact,8f47d1bb467bf99df6e8fc399b2da4284772e460140f981e05bdd94851bbd090,0.0,0.0,0.0,0.0,False,False,False,False
c7fae181a5e637c2bcc57036,qwen3.8-2.4t-a95b-fp8,restricted_search,cost_tight,poolact,23d25abb49e1cd1fc9d44af6fa654da763ad4ff0ae0ae04d8139202cd4f749fa,0.0,0.0,0.0,0.0,False,False,False,False
2c0e931a1511aed3476409d9,qwen3.8-2.4t-a95b-fp8,restricted_search,cost_tight,poolact,be35e4f000851f2010f717f2345ea2a6b4a76c32a28a3738dd20a6e8d677f770,0.0,0.0,0.0,0.0,False,False,False,False
1c55aade20521aa6a6737fa3,qwen3.8-2.4t-a95b-fp8,restricted_search,cost_tight,poolact,c06585ac772f66f9c081bda14b502c7af473143300d3ce9aa4a37de5a24e36bc,0.5,0.5,0.5,0.5,False,False,False,False
7830d16c75a3e11d5c8d1e0f,qwen3.8-2.4t-a95b-fp8,restricted_search,cost_tight,poolact,5a52c924330d81438a0b4b1ec6c1a24808313cef12814e79ed4ff09de6a79e0c,0.0,0.0,0.0,0.0,False,False,False,False
60c6a772f6af4ab5d2b7e30d,qwen3.8-2.4t-a95b-fp8,restricted_search,cost_tight,poolact,78a6032f70b57692e9cbf879eca01067e3bb099643b021da97c1139e88ef3fa9,0.8571428571428571,0.8571428571428571,0.8571428571428571,0.8571428571428571,False,False,False,False
e6dfa82fbbf0c2fb9eef50ef,qwen3.8-2.4t-a95b-fp8,restricted_search,cost_tight,poolact,9de9d8c656650a0004c1ac1016994028dde80f5930dd4d4a510e3e1d2ccfa0c0,0.6666666666666666,0.6666666666666666,0.6666666666666666,0.6666666666666666,False,False,False,False
d0f1e8dee169040047932200,qwen3.8-2.4t-a95b-fp8,restricted_search,cost_tight,poolact,998ef0255fbc9ba2c046215a48b2446adcb27720e0888b596ecd910c13887caa,0.23529411764705882,0.23529411764705882,0.23529411764705882,0.23529411764705882,False,False,False,False
5806fa383b3afc481f304ae4,qwen3.8-2.4t-a95b-fp8,restricted_search,cost_tight,poolact,cf59bf06f7baf5536875d351d20e133c7b2fb890ce481ac56f1d7a0df6429e42,1.0,1.0,1.0,1.0,False,False,False,False
5e077c79838e17a61dadbd9f,qwen3.8-2.4t-a95b-fp8,restricted_search,cost_tight,poolact,a49c5e6515b65ca92c00456ba02c36491a02915917f0645a6c5398c2b8d25fb5,0.0,0.0,0.0,0.0,False,False,False,False
bcf63bf60550652f7616512b,qwen3.8-2.4t-a95b-fp8,restricted_search,cost_tight,poolact,f88ff0410c058ee6b04a756621c37822ab9e50e6f30c93ac7b9a44479c6d15e8,0.0,0.0,0.0,0.0,False,False,False,False
79bac917caa41923f2e5d037,qwen3.8-2.4t-a95b-fp8,restricted_search,cost_tight,poolact,a62de85dc2626ee2c978e9b3cbf2b603847507d8468c25ded9eb178f705c4a34,0.0,0.0,0.0,0.0,False,False,False,False
3e959c11ee78073de891767a,qwen3.8-2.4t-a95b-fp8,restricted_search,cost_tight,poolact,642ab73227d149aa5036acd740179940aad8f5796af4a9434e2786067e554755,0.0,0.0,0.0,0.0,False,False,False,False
297de094e436706e16a80e5c,qwen3.8-2.4t-a95b-fp8,restricted_search,cost_tight,poolact,2abe207a07544a281047425bd10ec51de40ccc2df4b2f4dff02708e76e2760b4,0.0,0.0,0.0,0.0,False,False,False,False
797cff72b01da4625412da49,qwen3.8-2.4t-a95b-fp8,restricted_search,cost_tight,poolact,34b8f5933f37d0e684d644ef27c77c0970d2d15c2f866fbfdf447c91bbdc735c,0.0,0.0,0.0,0.0,False,False,False,False
79be4f17f124c912f6a99908,qwen3.8-2.4t-a95b-fp8,restricted_search,cost_tight,poolact,1089c52819a83c5ca2dea07ab26734c409705a4c1bb3ad96d47e7de083809a46,0.0,0.0,0.0,0.0,False,False,False,False
015e6ad611993504ed025154,qwen3.8-2.4t-a95b-fp8,restricted_search,cost_tight,poolact,c2e5ff96cef248859c22520a719bd52e6d060a6af7aa5ff455f808ce5807e2ff,0.0,0.0,0.0,0.0,False,False,False,False
d46cc13a7a3d7a7c2c0ec19e,qwen3.8-2.4t-a95b-fp8,restricted_search,cost_tight,poolact,567d6a0c51d377c39dbd8557c83e9ebe689559e6436dfaa1d4ecb5a070fd2928,0.5,0.5,0.5,0.5,False,False,False,False
b5df50f9b6bca13bdff1c2be,qwen3.8-2.4t-a95b-fp8,restricted_search,cost_tight,poolact,8a8b2aa117bd6a99c42882a2dc87e5f5d58a920dfd7352b4f96836e02dfd47ff,1.0,1.0,1.0,1.0,False,False,False,False
b36fee28fa102c08c955503a,qwen3.8-2.4t-a95b-fp8,restricted_search,cost_tight,poolact,02f3d5f9b52c16fc5ad528f2900820b00c90a687a3178d78acb200045d2398a8,0.2857142857142857,0.2857142857142857,0.2857142857142857,0.2857142857142857,False,False,False,False
ea7009663dee5b5691906793,qwen3.8-2.4t-a95b-fp8,restricted_search,cost_tight,poolact,20a5dea71d9c654cd65e4d9d60b83ba88d5b6346880ecaf1650d33712919a285,0.0,0.0,0.0,0.4,False,False,True,True
e83f76e59509377661d33514,qwen3.8-2.4t-a95b-fp8,restricted_search,cost_tight,poolact,fa41d763f8cef0d30750c8499a9503020a3f2bce5885041c4c9cba847c9f19bb,0.8571428571428571,0.8571428571428571,0.8571428571428571,0.8571428571428571,False,False,False,False
507b053ffda84f616f2dfd7f,qwen3.8-2.4t-a95b-fp8,restricted_search,cost_tight,poolact,22162d42bc82aedb05843dd17db093fb4f35c05c7f0605cef97d40101f125512,0.0,0.0,0.0,0.0,False,False,False,False
09b04442b4ffbd63f94f12ea,qwen3.8-2.4t-a95b-fp8,restricted_search,cost_tight,poolact,c4221f0166ab12b5b2f94c0f031fa42956de2f80d0c998c8ba9af69a0c356335,0.0,0.0,0.0,0.0,False,False,False,False
