model,system,scenario,regime,strategy,N,metric,unit,higher_is_better,scope,slice_kind,slice,outerrep,seed_labels,expected_outcomes,known_outcomes,missing_outcomes,expected_items,known_items,complete_items,full_mean,known_subset_item_weighted_mean,known_component_subset_item_weighted_mean,expected_components,known_components,missing_components,min_repeats_per_item,max_repeats_per_item
qwen3.8-2.4t-a95b-fp8,expgym,evidence_audit,cost_free,single,1,duplicate_action_attempts,count,,planned_analysis_unit; Audit_mean_once; pool_resources_N_sum_except_wall,all,all,0,"[2200,2201,2202]",13,13,0,13,13,13,0.02564102564102564,0.02564102564102564,0.02564102564102564,39,39,0,1,1
qwen3.8-2.4t-a95b-fp8,expgym,evidence_audit,cost_free,single,1,duplicate_action_attempts,count,,planned_analysis_unit; Audit_mean_once; pool_resources_N_sum_except_wall,family,evidence_audit,0,"[2200,2201,2202]",13,13,0,13,13,13,0.02564102564102564,0.02564102564102564,0.02564102564102564,39,39,0,1,1
qwen3.8-2.4t-a95b-fp8,expgym,evidence_audit,cost_free,single,1,evidence_acc,fraction,True,planned_analysis_unit; Audit_mean_once; pool_resources_N_sum_except_wall,all,all,0,"[2200,2201,2202]",13,13,0,13,13,13,0.9185520361990951,0.9185520361990951,0.9185520361990951,39,39,0,1,1
qwen3.8-2.4t-a95b-fp8,expgym,evidence_audit,cost_free,single,1,evidence_acc,fraction,True,planned_analysis_unit; Audit_mean_once; pool_resources_N_sum_except_wall,family,evidence_audit,0,"[2200,2201,2202]",13,13,0,13,13,13,0.9185520361990951,0.9185520361990951,0.9185520361990951,39,39,0,1,1
qwen3.8-2.4t-a95b-fp8,expgym,evidence_audit,cost_free,single,1,feedback_attempts,count,,planned_analysis_unit; Audit_mean_once; pool_resources_N_sum_except_wall,all,all,0,"[2200,2201,2202]",13,13,0,13,13,13,27.82051282051282,27.82051282051282,27.82051282051282,39,39,0,1,1
qwen3.8-2.4t-a95b-fp8,expgym,evidence_audit,cost_free,single,1,feedback_attempts,count,,planned_analysis_unit; Audit_mean_once; pool_resources_N_sum_except_wall,family,evidence_audit,0,"[2200,2201,2202]",13,13,0,13,13,13,27.82051282051282,27.82051282051282,27.82051282051282,39,39,0,1,1
qwen3.8-2.4t-a95b-fp8,expgym,evidence_audit,cost_free,single,1,feedback_cost_seconds,seconds,,planned_analysis_unit; Audit_mean_once; pool_resources_N_sum_except_wall,all,all,0,"[2200,2201,2202]",13,13,0,13,13,13,8356.558677457178,8356.558677457178,8356.558677457178,39,39,0,1,1
qwen3.8-2.4t-a95b-fp8,expgym,evidence_audit,cost_free,single,1,feedback_cost_seconds,seconds,,planned_analysis_unit; Audit_mean_once; pool_resources_N_sum_except_wall,family,evidence_audit,0,"[2200,2201,2202]",13,13,0,13,13,13,8356.558677457178,8356.558677457178,8356.558677457178,39,39,0,1,1
qwen3.8-2.4t-a95b-fp8,expgym,evidence_audit,cost_free,single,1,feedback_visible,count,,planned_analysis_unit; Audit_mean_once; pool_resources_N_sum_except_wall,all,all,0,"[2200,2201,2202]",13,13,0,13,13,13,27.82051282051282,27.82051282051282,27.82051282051282,39,39,0,1,1
qwen3.8-2.4t-a95b-fp8,expgym,evidence_audit,cost_free,single,1,feedback_visible,count,,planned_analysis_unit; Audit_mean_once; pool_resources_N_sum_except_wall,family,evidence_audit,0,"[2200,2201,2202]",13,13,0,13,13,13,27.82051282051282,27.82051282051282,27.82051282051282,39,39,0,1,1
qwen3.8-2.4t-a95b-fp8,expgym,evidence_audit,cost_free,single,1,input_tokens,tokens,,planned_analysis_unit; Audit_mean_once; pool_resources_N_sum_except_wall,all,all,0,"[2200,2201,2202]",13,13,0,13,13,13,307147.28205128206,307147.28205128206,307147.28205128206,39,39,0,1,1
qwen3.8-2.4t-a95b-fp8,expgym,evidence_audit,cost_free,single,1,input_tokens,tokens,,planned_analysis_unit; Audit_mean_once; pool_resources_N_sum_except_wall,family,evidence_audit,0,"[2200,2201,2202]",13,13,0,13,13,13,307147.28205128206,307147.28205128206,307147.28205128206,39,39,0,1,1
qwen3.8-2.4t-a95b-fp8,expgym,evidence_audit,cost_free,single,1,label_acc,fraction,True,planned_analysis_unit; Audit_mean_once; pool_resources_N_sum_except_wall,all,all,0,"[2200,2201,2202]",13,13,0,13,13,13,0.947209653092006,0.947209653092006,0.947209653092006,39,39,0,1,1
qwen3.8-2.4t-a95b-fp8,expgym,evidence_audit,cost_free,single,1,label_acc,fraction,True,planned_analysis_unit; Audit_mean_once; pool_resources_N_sum_except_wall,family,evidence_audit,0,"[2200,2201,2202]",13,13,0,13,13,13,0.947209653092006,0.947209653092006,0.947209653092006,39,39,0,1,1
qwen3.8-2.4t-a95b-fp8,expgym,evidence_audit,cost_free,single,1,output_tokens,tokens,,planned_analysis_unit; Audit_mean_once; pool_resources_N_sum_except_wall,all,all,0,"[2200,2201,2202]",13,13,0,13,13,13,13626.307692307691,13626.307692307691,13626.307692307691,39,39,0,1,1
qwen3.8-2.4t-a95b-fp8,expgym,evidence_audit,cost_free,single,1,output_tokens,tokens,,planned_analysis_unit; Audit_mean_once; pool_resources_N_sum_except_wall,family,evidence_audit,0,"[2200,2201,2202]",13,13,0,13,13,13,13626.307692307691,13626.307692307691,13626.307692307691,39,39,0,1,1
qwen3.8-2.4t-a95b-fp8,expgym,evidence_audit,cost_free,single,1,protocol_failure_rate,fraction,,planned_analysis_unit; Audit_mean_once; pool_resources_N_sum_except_wall,all,all,0,"[2200,2201,2202]",13,13,0,13,13,13,0.01858998428890902,0.01858998428890902,0.01858998428890902,39,39,0,1,1
qwen3.8-2.4t-a95b-fp8,expgym,evidence_audit,cost_free,single,1,protocol_failure_rate,fraction,,planned_analysis_unit; Audit_mean_once; pool_resources_N_sum_except_wall,family,evidence_audit,0,"[2200,2201,2202]",13,13,0,13,13,13,0.01858998428890902,0.01858998428890902,0.01858998428890902,39,39,0,1,1
qwen3.8-2.4t-a95b-fp8,expgym,evidence_audit,cost_free,single,1,wall_time_seconds,seconds,,planned_analysis_unit; Audit_mean_once; pool_resources_N_sum_except_wall,all,all,0,"[2200,2201,2202]",13,13,0,13,13,13,562.4607949745961,562.4607949745961,562.4607949745961,39,39,0,1,1
qwen3.8-2.4t-a95b-fp8,expgym,evidence_audit,cost_free,single,1,wall_time_seconds,seconds,,planned_analysis_unit; Audit_mean_once; pool_resources_N_sum_except_wall,family,evidence_audit,0,"[2200,2201,2202]",13,13,0,13,13,13,562.4607949745961,562.4607949745961,562.4607949745961,39,39,0,1,1
qwen3.8-2.4t-a95b-fp8,expgym,evidence_audit,cost_moderate,single,1,budget_utilization,fraction,,planned_analysis_unit; Audit_mean_once; pool_resources_N_sum_except_wall,all,all,0,"[2200,2201,2202]",13,13,0,13,13,13,0.9808441458054238,0.9808441458054238,0.9808441458054238,39,39,0,1,1
qwen3.8-2.4t-a95b-fp8,expgym,evidence_audit,cost_moderate,single,1,budget_utilization,fraction,,planned_analysis_unit; Audit_mean_once; pool_resources_N_sum_except_wall,family,evidence_audit,0,"[2200,2201,2202]",13,13,0,13,13,13,0.9808441458054238,0.9808441458054238,0.9808441458054238,39,39,0,1,1
qwen3.8-2.4t-a95b-fp8,expgym,evidence_audit,cost_moderate,single,1,duplicate_action_attempts,count,,planned_analysis_unit; Audit_mean_once; pool_resources_N_sum_except_wall,all,all,0,"[2200,2201,2202]",13,13,0,13,13,13,0.0,0.0,0.0,39,39,0,1,1
qwen3.8-2.4t-a95b-fp8,expgym,evidence_audit,cost_moderate,single,1,duplicate_action_attempts,count,,planned_analysis_unit; Audit_mean_once; pool_resources_N_sum_except_wall,family,evidence_audit,0,"[2200,2201,2202]",13,13,0,13,13,13,0.0,0.0,0.0,39,39,0,1,1
qwen3.8-2.4t-a95b-fp8,expgym,evidence_audit,cost_moderate,single,1,evidence_acc,fraction,True,planned_analysis_unit; Audit_mean_once; pool_resources_N_sum_except_wall,all,all,0,"[2200,2201,2202]",13,13,0,13,13,13,0.7496229260935142,0.7496229260935142,0.7496229260935142,39,39,0,1,1
qwen3.8-2.4t-a95b-fp8,expgym,evidence_audit,cost_moderate,single,1,evidence_acc,fraction,True,planned_analysis_unit; Audit_mean_once; pool_resources_N_sum_except_wall,family,evidence_audit,0,"[2200,2201,2202]",13,13,0,13,13,13,0.7496229260935142,0.7496229260935142,0.7496229260935142,39,39,0,1,1
qwen3.8-2.4t-a95b-fp8,expgym,evidence_audit,cost_moderate,single,1,feedback_attempts,count,,planned_analysis_unit; Audit_mean_once; pool_resources_N_sum_except_wall,all,all,0,"[2200,2201,2202]",13,13,0,13,13,13,9.76923076923077,9.76923076923077,9.76923076923077,39,39,0,1,1
qwen3.8-2.4t-a95b-fp8,expgym,evidence_audit,cost_moderate,single,1,feedback_attempts,count,,planned_analysis_unit; Audit_mean_once; pool_resources_N_sum_except_wall,family,evidence_audit,0,"[2200,2201,2202]",13,13,0,13,13,13,9.76923076923077,9.76923076923077,9.76923076923077,39,39,0,1,1
qwen3.8-2.4t-a95b-fp8,expgym,evidence_audit,cost_moderate,single,1,feedback_cost_seconds,seconds,,planned_analysis_unit; Audit_mean_once; pool_resources_N_sum_except_wall,all,all,0,"[2200,2201,2202]",13,13,0,13,13,13,2942.532437416271,2942.532437416271,2942.532437416271,39,39,0,1,1
qwen3.8-2.4t-a95b-fp8,expgym,evidence_audit,cost_moderate,single,1,feedback_cost_seconds,seconds,,planned_analysis_unit; Audit_mean_once; pool_resources_N_sum_except_wall,family,evidence_audit,0,"[2200,2201,2202]",13,13,0,13,13,13,2942.532437416271,2942.532437416271,2942.532437416271,39,39,0,1,1
qwen3.8-2.4t-a95b-fp8,expgym,evidence_audit,cost_moderate,single,1,feedback_visible,count,,planned_analysis_unit; Audit_mean_once; pool_resources_N_sum_except_wall,all,all,0,"[2200,2201,2202]",13,13,0,13,13,13,9.35897435897436,9.35897435897436,9.35897435897436,39,39,0,1,1
qwen3.8-2.4t-a95b-fp8,expgym,evidence_audit,cost_moderate,single,1,feedback_visible,count,,planned_analysis_unit; Audit_mean_once; pool_resources_N_sum_except_wall,family,evidence_audit,0,"[2200,2201,2202]",13,13,0,13,13,13,9.35897435897436,9.35897435897436,9.35897435897436,39,39,0,1,1
qwen3.8-2.4t-a95b-fp8,expgym,evidence_audit,cost_moderate,single,1,input_tokens,tokens,,planned_analysis_unit; Audit_mean_once; pool_resources_N_sum_except_wall,all,all,0,"[2200,2201,2202]",13,13,0,13,13,13,95237.23076923077,95237.23076923077,95237.23076923077,39,39,0,1,1
qwen3.8-2.4t-a95b-fp8,expgym,evidence_audit,cost_moderate,single,1,input_tokens,tokens,,planned_analysis_unit; Audit_mean_once; pool_resources_N_sum_except_wall,family,evidence_audit,0,"[2200,2201,2202]",13,13,0,13,13,13,95237.23076923077,95237.23076923077,95237.23076923077,39,39,0,1,1
qwen3.8-2.4t-a95b-fp8,expgym,evidence_audit,cost_moderate,single,1,label_acc,fraction,True,planned_analysis_unit; Audit_mean_once; pool_resources_N_sum_except_wall,all,all,0,"[2200,2201,2202]",13,13,0,13,13,13,0.8823529411764706,0.8823529411764706,0.8823529411764706,39,39,0,1,1
qwen3.8-2.4t-a95b-fp8,expgym,evidence_audit,cost_moderate,single,1,label_acc,fraction,True,planned_analysis_unit; Audit_mean_once; pool_resources_N_sum_except_wall,family,evidence_audit,0,"[2200,2201,2202]",13,13,0,13,13,13,0.8823529411764706,0.8823529411764706,0.8823529411764706,39,39,0,1,1
qwen3.8-2.4t-a95b-fp8,expgym,evidence_audit,cost_moderate,single,1,output_tokens,tokens,,planned_analysis_unit; Audit_mean_once; pool_resources_N_sum_except_wall,all,all,0,"[2200,2201,2202]",13,13,0,13,13,13,12671.25641025641,12671.25641025641,12671.25641025641,39,39,0,1,1
qwen3.8-2.4t-a95b-fp8,expgym,evidence_audit,cost_moderate,single,1,output_tokens,tokens,,planned_analysis_unit; Audit_mean_once; pool_resources_N_sum_except_wall,family,evidence_audit,0,"[2200,2201,2202]",13,13,0,13,13,13,12671.25641025641,12671.25641025641,12671.25641025641,39,39,0,1,1
qwen3.8-2.4t-a95b-fp8,expgym,evidence_audit,cost_moderate,single,1,protocol_failure_rate,fraction,,planned_analysis_unit; Audit_mean_once; pool_resources_N_sum_except_wall,all,all,0,"[2200,2201,2202]",13,13,0,13,13,13,0.004273504273504273,0.004273504273504273,0.004273504273504273,39,39,0,1,1
qwen3.8-2.4t-a95b-fp8,expgym,evidence_audit,cost_moderate,single,1,protocol_failure_rate,fraction,,planned_analysis_unit; Audit_mean_once; pool_resources_N_sum_except_wall,family,evidence_audit,0,"[2200,2201,2202]",13,13,0,13,13,13,0.004273504273504273,0.004273504273504273,0.004273504273504273,39,39,0,1,1
qwen3.8-2.4t-a95b-fp8,expgym,evidence_audit,cost_moderate,single,1,wall_time_seconds,seconds,,planned_analysis_unit; Audit_mean_once; pool_resources_N_sum_except_wall,all,all,0,"[2200,2201,2202]",13,13,0,13,13,13,464.6790272639348,464.6790272639348,464.6790272639348,39,39,0,1,1
qwen3.8-2.4t-a95b-fp8,expgym,evidence_audit,cost_moderate,single,1,wall_time_seconds,seconds,,planned_analysis_unit; Audit_mean_once; pool_resources_N_sum_except_wall,family,evidence_audit,0,"[2200,2201,2202]",13,13,0,13,13,13,464.6790272639348,464.6790272639348,464.6790272639348,39,39,0,1,1
qwen3.8-2.4t-a95b-fp8,expgym,evidence_audit,cost_tight,single,1,budget_utilization,fraction,,planned_analysis_unit; Audit_mean_once; pool_resources_N_sum_except_wall,all,all,0,"[2200,2201,2202]",13,13,0,13,13,13,1.0177269709930672,1.0177269709930672,1.0177269709930672,39,39,0,1,1
qwen3.8-2.4t-a95b-fp8,expgym,evidence_audit,cost_tight,single,1,budget_utilization,fraction,,planned_analysis_unit; Audit_mean_once; pool_resources_N_sum_except_wall,family,evidence_audit,0,"[2200,2201,2202]",13,13,0,13,13,13,1.0177269709930672,1.0177269709930672,1.0177269709930672,39,39,0,1,1
qwen3.8-2.4t-a95b-fp8,expgym,evidence_audit,cost_tight,single,1,duplicate_action_attempts,count,,planned_analysis_unit; Audit_mean_once; pool_resources_N_sum_except_wall,all,all,0,"[2200,2201,2202]",13,13,0,13,13,13,0.0,0.0,0.0,39,39,0,1,1
qwen3.8-2.4t-a95b-fp8,expgym,evidence_audit,cost_tight,single,1,duplicate_action_attempts,count,,planned_analysis_unit; Audit_mean_once; pool_resources_N_sum_except_wall,family,evidence_audit,0,"[2200,2201,2202]",13,13,0,13,13,13,0.0,0.0,0.0,39,39,0,1,1
qwen3.8-2.4t-a95b-fp8,expgym,evidence_audit,cost_tight,single,1,evidence_acc,fraction,True,planned_analysis_unit; Audit_mean_once; pool_resources_N_sum_except_wall,all,all,0,"[2200,2201,2202]",13,13,0,13,13,13,0.5837104072398189,0.5837104072398189,0.5837104072398189,39,39,0,1,1
qwen3.8-2.4t-a95b-fp8,expgym,evidence_audit,cost_tight,single,1,evidence_acc,fraction,True,planned_analysis_unit; Audit_mean_once; pool_resources_N_sum_except_wall,family,evidence_audit,0,"[2200,2201,2202]",13,13,0,13,13,13,0.5837104072398189,0.5837104072398189,0.5837104072398189,39,39,0,1,1
qwen3.8-2.4t-a95b-fp8,expgym,evidence_audit,cost_tight,single,1,feedback_attempts,count,,planned_analysis_unit; Audit_mean_once; pool_resources_N_sum_except_wall,all,all,0,"[2200,2201,2202]",13,13,0,13,13,13,3.051282051282051,3.051282051282051,3.051282051282051,39,39,0,1,1
qwen3.8-2.4t-a95b-fp8,expgym,evidence_audit,cost_tight,single,1,feedback_attempts,count,,planned_analysis_unit; Audit_mean_once; pool_resources_N_sum_except_wall,family,evidence_audit,0,"[2200,2201,2202]",13,13,0,13,13,13,3.051282051282051,3.051282051282051,3.051282051282051,39,39,0,1,1
qwen3.8-2.4t-a95b-fp8,expgym,evidence_audit,cost_tight,single,1,feedback_cost_seconds,seconds,,planned_analysis_unit; Audit_mean_once; pool_resources_N_sum_except_wall,all,all,0,"[2200,2201,2202]",13,13,0,13,13,13,915.9542738937605,915.9542738937605,915.9542738937605,39,39,0,1,1
qwen3.8-2.4t-a95b-fp8,expgym,evidence_audit,cost_tight,single,1,feedback_cost_seconds,seconds,,planned_analysis_unit; Audit_mean_once; pool_resources_N_sum_except_wall,family,evidence_audit,0,"[2200,2201,2202]",13,13,0,13,13,13,915.9542738937605,915.9542738937605,915.9542738937605,39,39,0,1,1
qwen3.8-2.4t-a95b-fp8,expgym,evidence_audit,cost_tight,single,1,feedback_visible,count,,planned_analysis_unit; Audit_mean_once; pool_resources_N_sum_except_wall,all,all,0,"[2200,2201,2202]",13,13,0,13,13,13,2.435897435897436,2.435897435897436,2.435897435897436,39,39,0,1,1
qwen3.8-2.4t-a95b-fp8,expgym,evidence_audit,cost_tight,single,1,feedback_visible,count,,planned_analysis_unit; Audit_mean_once; pool_resources_N_sum_except_wall,family,evidence_audit,0,"[2200,2201,2202]",13,13,0,13,13,13,2.435897435897436,2.435897435897436,2.435897435897436,39,39,0,1,1
qwen3.8-2.4t-a95b-fp8,expgym,evidence_audit,cost_tight,single,1,input_tokens,tokens,,planned_analysis_unit; Audit_mean_once; pool_resources_N_sum_except_wall,all,all,0,"[2200,2201,2202]",13,13,0,13,13,13,29621.74358974359,29621.74358974359,29621.74358974359,39,39,0,1,1
qwen3.8-2.4t-a95b-fp8,expgym,evidence_audit,cost_tight,single,1,input_tokens,tokens,,planned_analysis_unit; Audit_mean_once; pool_resources_N_sum_except_wall,family,evidence_audit,0,"[2200,2201,2202]",13,13,0,13,13,13,29621.74358974359,29621.74358974359,29621.74358974359,39,39,0,1,1
qwen3.8-2.4t-a95b-fp8,expgym,evidence_audit,cost_tight,single,1,label_acc,fraction,True,planned_analysis_unit; Audit_mean_once; pool_resources_N_sum_except_wall,all,all,0,"[2200,2201,2202]",13,13,0,13,13,13,0.8310708898944194,0.8310708898944194,0.8310708898944194,39,39,0,1,1
qwen3.8-2.4t-a95b-fp8,expgym,evidence_audit,cost_tight,single,1,label_acc,fraction,True,planned_analysis_unit; Audit_mean_once; pool_resources_N_sum_except_wall,family,evidence_audit,0,"[2200,2201,2202]",13,13,0,13,13,13,0.8310708898944194,0.8310708898944194,0.8310708898944194,39,39,0,1,1
qwen3.8-2.4t-a95b-fp8,expgym,evidence_audit,cost_tight,single,1,output_tokens,tokens,,planned_analysis_unit; Audit_mean_once; pool_resources_N_sum_except_wall,all,all,0,"[2200,2201,2202]",13,13,0,13,13,13,10947.25641025641,10947.25641025641,10947.25641025641,39,39,0,1,1
qwen3.8-2.4t-a95b-fp8,expgym,evidence_audit,cost_tight,single,1,output_tokens,tokens,,planned_analysis_unit; Audit_mean_once; pool_resources_N_sum_except_wall,family,evidence_audit,0,"[2200,2201,2202]",13,13,0,13,13,13,10947.25641025641,10947.25641025641,10947.25641025641,39,39,0,1,1
qwen3.8-2.4t-a95b-fp8,expgym,evidence_audit,cost_tight,single,1,protocol_failure_rate,fraction,,planned_analysis_unit; Audit_mean_once; pool_resources_N_sum_except_wall,all,all,0,"[2200,2201,2202]",13,13,0,13,13,13,0.008547008547008546,0.008547008547008546,0.008547008547008546,39,39,0,1,1
qwen3.8-2.4t-a95b-fp8,expgym,evidence_audit,cost_tight,single,1,protocol_failure_rate,fraction,,planned_analysis_unit; Audit_mean_once; pool_resources_N_sum_except_wall,family,evidence_audit,0,"[2200,2201,2202]",13,13,0,13,13,13,0.008547008547008546,0.008547008547008546,0.008547008547008546,39,39,0,1,1
qwen3.8-2.4t-a95b-fp8,expgym,evidence_audit,cost_tight,single,1,wall_time_seconds,seconds,,planned_analysis_unit; Audit_mean_once; pool_resources_N_sum_except_wall,all,all,0,"[2200,2201,2202]",13,13,0,13,13,13,410.38628237675397,410.38628237675397,410.38628237675397,39,39,0,1,1
qwen3.8-2.4t-a95b-fp8,expgym,evidence_audit,cost_tight,single,1,wall_time_seconds,seconds,,planned_analysis_unit; Audit_mean_once; pool_resources_N_sum_except_wall,family,evidence_audit,0,"[2200,2201,2202]",13,13,0,13,13,13,410.38628237675397,410.38628237675397,410.38628237675397,39,39,0,1,1
qwen3.8-2.4t-a95b-fp8,expgym,restricted_search,cost_free,single,1,duplicate_action_attempts,count,,planned_analysis_unit; Audit_mean_once; pool_resources_N_sum_except_wall,all,all,0,[2200],73,73,0,73,73,73,0.0410958904109589,0.0410958904109589,0.0410958904109589,73,73,0,1,1
qwen3.8-2.4t-a95b-fp8,expgym,restricted_search,cost_free,single,1,duplicate_action_attempts,count,,planned_analysis_unit; Audit_mean_once; pool_resources_N_sum_except_wall,family,whatis,0,[2200],34,34,0,34,34,34,0.058823529411764705,0.058823529411764705,0.058823529411764705,34,34,0,1,1
qwen3.8-2.4t-a95b-fp8,expgym,restricted_search,cost_free,single,1,duplicate_action_attempts,count,,planned_analysis_unit; Audit_mean_once; pool_resources_N_sum_except_wall,family,whois,0,[2200],39,39,0,39,39,39,0.02564102564102564,0.02564102564102564,0.02564102564102564,39,39,0,1,1
qwen3.8-2.4t-a95b-fp8,expgym,restricted_search,cost_free,single,1,f1,fraction,True,planned_analysis_unit; Audit_mean_once; pool_resources_N_sum_except_wall,all,all,0,[2200],73,73,0,73,73,73,0.5814860781621458,0.5814860781621458,0.5814860781621458,73,73,0,1,1
qwen3.8-2.4t-a95b-fp8,expgym,restricted_search,cost_free,single,1,f1,fraction,True,planned_analysis_unit; Audit_mean_once; pool_resources_N_sum_except_wall,family,whatis,0,[2200],34,34,0,34,34,34,0.5131033182503771,0.5131033182503771,0.5131033182503771,34,34,0,1,1
qwen3.8-2.4t-a95b-fp8,expgym,restricted_search,cost_free,single,1,f1,fraction,True,planned_analysis_unit; Audit_mean_once; pool_resources_N_sum_except_wall,family,whois,0,[2200],39,39,0,39,39,39,0.6411018175724058,0.6411018175724058,0.6411018175724058,39,39,0,1,1
qwen3.8-2.4t-a95b-fp8,expgym,restricted_search,cost_free,single,1,feedback_attempts,count,,planned_analysis_unit; Audit_mean_once; pool_resources_N_sum_except_wall,all,all,0,[2200],73,73,0,73,73,73,14.643835616438356,14.643835616438356,14.643835616438356,73,73,0,1,1
qwen3.8-2.4t-a95b-fp8,expgym,restricted_search,cost_free,single,1,feedback_attempts,count,,planned_analysis_unit; Audit_mean_once; pool_resources_N_sum_except_wall,family,whatis,0,[2200],34,34,0,34,34,34,15.176470588235293,15.176470588235293,15.176470588235293,34,34,0,1,1
qwen3.8-2.4t-a95b-fp8,expgym,restricted_search,cost_free,single,1,feedback_attempts,count,,planned_analysis_unit; Audit_mean_once; pool_resources_N_sum_except_wall,family,whois,0,[2200],39,39,0,39,39,39,14.179487179487179,14.179487179487179,14.179487179487179,39,39,0,1,1
qwen3.8-2.4t-a95b-fp8,expgym,restricted_search,cost_free,single,1,feedback_cost_seconds,seconds,,planned_analysis_unit; Audit_mean_once; pool_resources_N_sum_except_wall,all,all,0,[2200],73,73,0,73,73,73,3497.117931017244,3497.117931017244,3497.117931017244,73,73,0,1,1
qwen3.8-2.4t-a95b-fp8,expgym,restricted_search,cost_free,single,1,feedback_cost_seconds,seconds,,planned_analysis_unit; Audit_mean_once; pool_resources_N_sum_except_wall,family,whatis,0,[2200],34,34,0,34,34,34,3768.883473981884,3768.883473981884,3768.883473981884,34,34,0,1,1
qwen3.8-2.4t-a95b-fp8,expgym,restricted_search,cost_free,single,1,feedback_cost_seconds,seconds,,planned_analysis_unit; Audit_mean_once; pool_resources_N_sum_except_wall,family,whois,0,[2200],39,39,0,39,39,39,3260.1941243301217,3260.1941243301217,3260.1941243301217,39,39,0,1,1
qwen3.8-2.4t-a95b-fp8,expgym,restricted_search,cost_free,single,1,feedback_visible,count,,planned_analysis_unit; Audit_mean_once; pool_resources_N_sum_except_wall,all,all,0,[2200],73,73,0,73,73,73,14.643835616438356,14.643835616438356,14.643835616438356,73,73,0,1,1
qwen3.8-2.4t-a95b-fp8,expgym,restricted_search,cost_free,single,1,feedback_visible,count,,planned_analysis_unit; Audit_mean_once; pool_resources_N_sum_except_wall,family,whatis,0,[2200],34,34,0,34,34,34,15.176470588235293,15.176470588235293,15.176470588235293,34,34,0,1,1
qwen3.8-2.4t-a95b-fp8,expgym,restricted_search,cost_free,single,1,feedback_visible,count,,planned_analysis_unit; Audit_mean_once; pool_resources_N_sum_except_wall,family,whois,0,[2200],39,39,0,39,39,39,14.179487179487179,14.179487179487179,14.179487179487179,39,39,0,1,1
qwen3.8-2.4t-a95b-fp8,expgym,restricted_search,cost_free,single,1,input_tokens,tokens,,planned_analysis_unit; Audit_mean_once; pool_resources_N_sum_except_wall,all,all,0,[2200],73,73,0,73,73,73,83932.78082191781,83932.78082191781,83932.78082191781,73,73,0,1,1
qwen3.8-2.4t-a95b-fp8,expgym,restricted_search,cost_free,single,1,input_tokens,tokens,,planned_analysis_unit; Audit_mean_once; pool_resources_N_sum_except_wall,family,whatis,0,[2200],34,34,0,34,34,34,90625.88235294117,90625.88235294117,90625.88235294117,34,34,0,1,1
qwen3.8-2.4t-a95b-fp8,expgym,restricted_search,cost_free,single,1,input_tokens,tokens,,planned_analysis_unit; Audit_mean_once; pool_resources_N_sum_except_wall,family,whois,0,[2200],39,39,0,39,39,39,78097.76923076923,78097.76923076923,78097.76923076923,39,39,0,1,1
qwen3.8-2.4t-a95b-fp8,expgym,restricted_search,cost_free,single,1,output_tokens,tokens,,planned_analysis_unit; Audit_mean_once; pool_resources_N_sum_except_wall,all,all,0,[2200],73,73,0,73,73,73,6003.315068493151,6003.315068493151,6003.315068493151,73,73,0,1,1
qwen3.8-2.4t-a95b-fp8,expgym,restricted_search,cost_free,single,1,output_tokens,tokens,,planned_analysis_unit; Audit_mean_once; pool_resources_N_sum_except_wall,family,whatis,0,[2200],34,34,0,34,34,34,5953.735294117647,5953.735294117647,5953.735294117647,34,34,0,1,1
qwen3.8-2.4t-a95b-fp8,expgym,restricted_search,cost_free,single,1,output_tokens,tokens,,planned_analysis_unit; Audit_mean_once; pool_resources_N_sum_except_wall,family,whois,0,[2200],39,39,0,39,39,39,6046.538461538462,6046.538461538462,6046.538461538462,39,39,0,1,1
qwen3.8-2.4t-a95b-fp8,expgym,restricted_search,cost_free,single,1,protocol_failure_rate,fraction,,planned_analysis_unit; Audit_mean_once; pool_resources_N_sum_except_wall,all,all,0,[2200],73,73,0,73,73,73,0.03366679980120946,0.03366679980120946,0.03366679980120946,73,73,0,1,1
qwen3.8-2.4t-a95b-fp8,expgym,restricted_search,cost_free,single,1,protocol_failure_rate,fraction,,planned_analysis_unit; Audit_mean_once; pool_resources_N_sum_except_wall,family,whatis,0,[2200],34,34,0,34,34,34,0.035422890103292644,0.035422890103292644,0.035422890103292644,34,34,0,1,1
qwen3.8-2.4t-a95b-fp8,expgym,restricted_search,cost_free,single,1,protocol_failure_rate,fraction,,planned_analysis_unit; Audit_mean_once; pool_resources_N_sum_except_wall,family,whois,0,[2200],39,39,0,39,39,39,0.03213584928144462,0.03213584928144462,0.03213584928144462,39,39,0,1,1
qwen3.8-2.4t-a95b-fp8,expgym,restricted_search,cost_free,single,1,wall_time_seconds,seconds,,planned_analysis_unit; Audit_mean_once; pool_resources_N_sum_except_wall,all,all,0,[2200],73,73,0,73,73,73,258.11558014399384,258.11558014399384,258.11558014399384,73,73,0,1,1
qwen3.8-2.4t-a95b-fp8,expgym,restricted_search,cost_free,single,1,wall_time_seconds,seconds,,planned_analysis_unit; Audit_mean_once; pool_resources_N_sum_except_wall,family,whatis,0,[2200],34,34,0,34,34,34,254.60851878278396,254.60851878278396,254.60851878278396,34,34,0,1,1
qwen3.8-2.4t-a95b-fp8,expgym,restricted_search,cost_free,single,1,wall_time_seconds,seconds,,planned_analysis_unit; Audit_mean_once; pool_resources_N_sum_except_wall,family,whois,0,[2200],39,39,0,39,39,39,261.1730182537666,261.1730182537666,261.1730182537666,39,39,0,1,1
qwen3.8-2.4t-a95b-fp8,expgym,restricted_search,cost_moderate,single,1,budget_utilization,fraction,,planned_analysis_unit; Audit_mean_once; pool_resources_N_sum_except_wall,all,all,0,[2200],73,73,0,73,73,73,0.8253655521521456,0.8253655521521456,0.8253655521521456,73,73,0,1,1
qwen3.8-2.4t-a95b-fp8,expgym,restricted_search,cost_moderate,single,1,budget_utilization,fraction,,planned_analysis_unit; Audit_mean_once; pool_resources_N_sum_except_wall,family,whatis,0,[2200],34,34,0,34,34,34,0.8453494253536394,0.8453494253536394,0.8453494253536394,34,34,0,1,1
qwen3.8-2.4t-a95b-fp8,expgym,restricted_search,cost_moderate,single,1,budget_utilization,fraction,,planned_analysis_unit; Audit_mean_once; pool_resources_N_sum_except_wall,family,whois,0,[2200],39,39,0,39,39,39,0.8079437139764841,0.8079437139764841,0.8079437139764841,39,39,0,1,1
qwen3.8-2.4t-a95b-fp8,expgym,restricted_search,cost_moderate,single,1,duplicate_action_attempts,count,,planned_analysis_unit; Audit_mean_once; pool_resources_N_sum_except_wall,all,all,0,[2200],73,73,0,73,73,73,0.0547945205479452,0.0547945205479452,0.0547945205479452,73,73,0,1,1
qwen3.8-2.4t-a95b-fp8,expgym,restricted_search,cost_moderate,single,1,duplicate_action_attempts,count,,planned_analysis_unit; Audit_mean_once; pool_resources_N_sum_except_wall,family,whatis,0,[2200],34,34,0,34,34,34,0.08823529411764706,0.08823529411764706,0.08823529411764706,34,34,0,1,1
qwen3.8-2.4t-a95b-fp8,expgym,restricted_search,cost_moderate,single,1,duplicate_action_attempts,count,,planned_analysis_unit; Audit_mean_once; pool_resources_N_sum_except_wall,family,whois,0,[2200],39,39,0,39,39,39,0.02564102564102564,0.02564102564102564,0.02564102564102564,39,39,0,1,1
qwen3.8-2.4t-a95b-fp8,expgym,restricted_search,cost_moderate,single,1,f1,fraction,True,planned_analysis_unit; Audit_mean_once; pool_resources_N_sum_except_wall,all,all,0,[2200],73,73,0,73,73,73,0.5098272195169858,0.5098272195169858,0.5098272195169858,73,73,0,1,1
qwen3.8-2.4t-a95b-fp8,expgym,restricted_search,cost_moderate,single,1,f1,fraction,True,planned_analysis_unit; Audit_mean_once; pool_resources_N_sum_except_wall,family,whatis,0,[2200],34,34,0,34,34,34,0.3934509118332648,0.3934509118332648,0.3934509118332648,34,34,0,1,1
qwen3.8-2.4t-a95b-fp8,expgym,restricted_search,cost_moderate,single,1,f1,fraction,True,planned_analysis_unit; Audit_mean_once; pool_resources_N_sum_except_wall,family,whois,0,[2200],39,39,0,39,39,39,0.6112834877540759,0.6112834877540759,0.6112834877540759,39,39,0,1,1
qwen3.8-2.4t-a95b-fp8,expgym,restricted_search,cost_moderate,single,1,feedback_attempts,count,,planned_analysis_unit; Audit_mean_once; pool_resources_N_sum_except_wall,all,all,0,[2200],73,73,0,73,73,73,10.767123287671232,10.767123287671232,10.767123287671232,73,73,0,1,1
qwen3.8-2.4t-a95b-fp8,expgym,restricted_search,cost_moderate,single,1,feedback_attempts,count,,planned_analysis_unit; Audit_mean_once; pool_resources_N_sum_except_wall,family,whatis,0,[2200],34,34,0,34,34,34,10.470588235294118,10.470588235294118,10.470588235294118,34,34,0,1,1
qwen3.8-2.4t-a95b-fp8,expgym,restricted_search,cost_moderate,single,1,feedback_attempts,count,,planned_analysis_unit; Audit_mean_once; pool_resources_N_sum_except_wall,family,whois,0,[2200],39,39,0,39,39,39,11.025641025641026,11.025641025641026,11.025641025641026,39,39,0,1,1
qwen3.8-2.4t-a95b-fp8,expgym,restricted_search,cost_moderate,single,1,feedback_cost_seconds,seconds,,planned_analysis_unit; Audit_mean_once; pool_resources_N_sum_except_wall,all,all,0,[2200],73,73,0,73,73,73,2476.0966564564364,2476.0966564564364,2476.0966564564364,73,73,0,1,1
qwen3.8-2.4t-a95b-fp8,expgym,restricted_search,cost_moderate,single,1,feedback_cost_seconds,seconds,,planned_analysis_unit; Audit_mean_once; pool_resources_N_sum_except_wall,family,whatis,0,[2200],34,34,0,34,34,34,2536.0482760609184,2536.0482760609184,2536.0482760609184,34,34,0,1,1
qwen3.8-2.4t-a95b-fp8,expgym,restricted_search,cost_moderate,single,1,feedback_cost_seconds,seconds,,planned_analysis_unit; Audit_mean_once; pool_resources_N_sum_except_wall,family,whois,0,[2200],39,39,0,39,39,39,2423.8311419294528,2423.8311419294528,2423.8311419294528,39,39,0,1,1
qwen3.8-2.4t-a95b-fp8,expgym,restricted_search,cost_moderate,single,1,feedback_visible,count,,planned_analysis_unit; Audit_mean_once; pool_resources_N_sum_except_wall,all,all,0,[2200],73,73,0,73,73,73,10.465753424657533,10.465753424657533,10.465753424657533,73,73,0,1,1
qwen3.8-2.4t-a95b-fp8,expgym,restricted_search,cost_moderate,single,1,feedback_visible,count,,planned_analysis_unit; Audit_mean_once; pool_resources_N_sum_except_wall,family,whatis,0,[2200],34,34,0,34,34,34,10.088235294117647,10.088235294117647,10.088235294117647,34,34,0,1,1
qwen3.8-2.4t-a95b-fp8,expgym,restricted_search,cost_moderate,single,1,feedback_visible,count,,planned_analysis_unit; Audit_mean_once; pool_resources_N_sum_except_wall,family,whois,0,[2200],39,39,0,39,39,39,10.794871794871796,10.794871794871796,10.794871794871796,39,39,0,1,1
qwen3.8-2.4t-a95b-fp8,expgym,restricted_search,cost_moderate,single,1,input_tokens,tokens,,planned_analysis_unit; Audit_mean_once; pool_resources_N_sum_except_wall,all,all,0,[2200],73,73,0,73,73,73,53450.150684931505,53450.150684931505,53450.150684931505,73,73,0,1,1
qwen3.8-2.4t-a95b-fp8,expgym,restricted_search,cost_moderate,single,1,input_tokens,tokens,,planned_analysis_unit; Audit_mean_once; pool_resources_N_sum_except_wall,family,whatis,0,[2200],34,34,0,34,34,34,51985.970588235294,51985.970588235294,51985.970588235294,34,34,0,1,1
qwen3.8-2.4t-a95b-fp8,expgym,restricted_search,cost_moderate,single,1,input_tokens,tokens,,planned_analysis_unit; Audit_mean_once; pool_resources_N_sum_except_wall,family,whois,0,[2200],39,39,0,39,39,39,54726.61538461538,54726.61538461538,54726.61538461538,39,39,0,1,1
qwen3.8-2.4t-a95b-fp8,expgym,restricted_search,cost_moderate,single,1,output_tokens,tokens,,planned_analysis_unit; Audit_mean_once; pool_resources_N_sum_except_wall,all,all,0,[2200],73,73,0,73,73,73,5958.506849315068,5958.506849315068,5958.506849315068,73,73,0,1,1
qwen3.8-2.4t-a95b-fp8,expgym,restricted_search,cost_moderate,single,1,output_tokens,tokens,,planned_analysis_unit; Audit_mean_once; pool_resources_N_sum_except_wall,family,whatis,0,[2200],34,34,0,34,34,34,5809.882352941177,5809.882352941177,5809.882352941177,34,34,0,1,1
qwen3.8-2.4t-a95b-fp8,expgym,restricted_search,cost_moderate,single,1,output_tokens,tokens,,planned_analysis_unit; Audit_mean_once; pool_resources_N_sum_except_wall,family,whois,0,[2200],39,39,0,39,39,39,6088.076923076923,6088.076923076923,6088.076923076923,39,39,0,1,1
qwen3.8-2.4t-a95b-fp8,expgym,restricted_search,cost_moderate,single,1,protocol_failure_rate,fraction,,planned_analysis_unit; Audit_mean_once; pool_resources_N_sum_except_wall,all,all,0,[2200],73,73,0,73,73,73,0.04558482534652897,0.04558482534652897,0.04558482534652897,73,73,0,1,1
qwen3.8-2.4t-a95b-fp8,expgym,restricted_search,cost_moderate,single,1,protocol_failure_rate,fraction,,planned_analysis_unit; Audit_mean_once; pool_resources_N_sum_except_wall,family,whatis,0,[2200],34,34,0,34,34,34,0.04151379797727046,0.04151379797727046,0.04151379797727046,34,34,0,1,1
qwen3.8-2.4t-a95b-fp8,expgym,restricted_search,cost_moderate,single,1,protocol_failure_rate,fraction,,planned_analysis_unit; Audit_mean_once; pool_resources_N_sum_except_wall,family,whois,0,[2200],39,39,0,39,39,39,0.049133926129985094,0.049133926129985094,0.049133926129985094,39,39,0,1,1
qwen3.8-2.4t-a95b-fp8,expgym,restricted_search,cost_moderate,single,1,wall_time_seconds,seconds,,planned_analysis_unit; Audit_mean_once; pool_resources_N_sum_except_wall,all,all,0,[2200],73,73,0,73,73,73,246.6917469828096,246.6917469828096,246.6917469828096,73,73,0,1,1
qwen3.8-2.4t-a95b-fp8,expgym,restricted_search,cost_moderate,single,1,wall_time_seconds,seconds,,planned_analysis_unit; Audit_mean_once; pool_resources_N_sum_except_wall,family,whatis,0,[2200],34,34,0,34,34,34,237.48607761018417,237.48607761018417,237.48607761018417,34,34,0,1,1
qwen3.8-2.4t-a95b-fp8,expgym,restricted_search,cost_moderate,single,1,wall_time_seconds,seconds,,planned_analysis_unit; Audit_mean_once; pool_resources_N_sum_except_wall,family,whois,0,[2200],39,39,0,39,39,39,254.7172023333036,254.7172023333036,254.7172023333036,39,39,0,1,1
qwen3.8-2.4t-a95b-fp8,expgym,restricted_search,cost_tight,single,1,budget_utilization,fraction,,planned_analysis_unit; Audit_mean_once; pool_resources_N_sum_except_wall,all,all,0,[2200],73,73,0,73,73,73,1.0961491243847146,1.0961491243847146,1.0961491243847146,73,73,0,1,1
qwen3.8-2.4t-a95b-fp8,expgym,restricted_search,cost_tight,single,1,budget_utilization,fraction,,planned_analysis_unit; Audit_mean_once; pool_resources_N_sum_except_wall,family,whatis,0,[2200],34,34,0,34,34,34,1.0971514033552356,1.0971514033552356,1.0971514033552356,34,34,0,1,1
qwen3.8-2.4t-a95b-fp8,expgym,restricted_search,cost_tight,single,1,budget_utilization,fraction,,planned_analysis_unit; Audit_mean_once; pool_resources_N_sum_except_wall,family,whois,0,[2200],39,39,0,39,39,39,1.0952753427181063,1.0952753427181063,1.0952753427181063,39,39,0,1,1
qwen3.8-2.4t-a95b-fp8,expgym,restricted_search,cost_tight,single,1,duplicate_action_attempts,count,,planned_analysis_unit; Audit_mean_once; pool_resources_N_sum_except_wall,all,all,0,[2200],73,73,0,73,73,73,0.0136986301369863,0.0136986301369863,0.0136986301369863,73,73,0,1,1
qwen3.8-2.4t-a95b-fp8,expgym,restricted_search,cost_tight,single,1,duplicate_action_attempts,count,,planned_analysis_unit; Audit_mean_once; pool_resources_N_sum_except_wall,family,whatis,0,[2200],34,34,0,34,34,34,0.0,0.0,0.0,34,34,0,1,1
qwen3.8-2.4t-a95b-fp8,expgym,restricted_search,cost_tight,single,1,duplicate_action_attempts,count,,planned_analysis_unit; Audit_mean_once; pool_resources_N_sum_except_wall,family,whois,0,[2200],39,39,0,39,39,39,0.02564102564102564,0.02564102564102564,0.02564102564102564,39,39,0,1,1
qwen3.8-2.4t-a95b-fp8,expgym,restricted_search,cost_tight,single,1,f1,fraction,True,planned_analysis_unit; Audit_mean_once; pool_resources_N_sum_except_wall,all,all,0,[2200],73,73,0,73,73,73,0.18470930090591656,0.18470930090591656,0.18470930090591656,73,73,0,1,1
qwen3.8-2.4t-a95b-fp8,expgym,restricted_search,cost_tight,single,1,f1,fraction,True,planned_analysis_unit; Audit_mean_once; pool_resources_N_sum_except_wall,family,whatis,0,[2200],34,34,0,34,34,34,0.13770053475935828,0.13770053475935828,0.13770053475935828,34,34,0,1,1
qwen3.8-2.4t-a95b-fp8,expgym,restricted_search,cost_tight,single,1,f1,fraction,True,planned_analysis_unit; Audit_mean_once; pool_resources_N_sum_except_wall,family,whois,0,[2200],39,39,0,39,39,39,0.22569130216189043,0.22569130216189043,0.22569130216189043,39,39,0,1,1
qwen3.8-2.4t-a95b-fp8,expgym,restricted_search,cost_tight,single,1,feedback_attempts,count,,planned_analysis_unit; Audit_mean_once; pool_resources_N_sum_except_wall,all,all,0,[2200],73,73,0,73,73,73,4.013698630136986,4.013698630136986,4.013698630136986,73,73,0,1,1
qwen3.8-2.4t-a95b-fp8,expgym,restricted_search,cost_tight,single,1,feedback_attempts,count,,planned_analysis_unit; Audit_mean_once; pool_resources_N_sum_except_wall,family,whatis,0,[2200],34,34,0,34,34,34,3.764705882352941,3.764705882352941,3.764705882352941,34,34,0,1,1
qwen3.8-2.4t-a95b-fp8,expgym,restricted_search,cost_tight,single,1,feedback_attempts,count,,planned_analysis_unit; Audit_mean_once; pool_resources_N_sum_except_wall,family,whois,0,[2200],39,39,0,39,39,39,4.230769230769231,4.230769230769231,4.230769230769231,39,39,0,1,1
qwen3.8-2.4t-a95b-fp8,expgym,restricted_search,cost_tight,single,1,feedback_cost_seconds,seconds,,planned_analysis_unit; Audit_mean_once; pool_resources_N_sum_except_wall,all,all,0,[2200],73,73,0,73,73,73,986.5342119462431,986.5342119462431,986.5342119462431,73,73,0,1,1
qwen3.8-2.4t-a95b-fp8,expgym,restricted_search,cost_tight,single,1,feedback_cost_seconds,seconds,,planned_analysis_unit; Audit_mean_once; pool_resources_N_sum_except_wall,family,whatis,0,[2200],34,34,0,34,34,34,987.4362630197121,987.4362630197121,987.4362630197121,34,34,0,1,1
qwen3.8-2.4t-a95b-fp8,expgym,restricted_search,cost_tight,single,1,feedback_cost_seconds,seconds,,planned_analysis_unit; Audit_mean_once; pool_resources_N_sum_except_wall,family,whois,0,[2200],39,39,0,39,39,39,985.7478084462957,985.7478084462957,985.7478084462957,39,39,0,1,1
qwen3.8-2.4t-a95b-fp8,expgym,restricted_search,cost_tight,single,1,feedback_visible,count,,planned_analysis_unit; Audit_mean_once; pool_resources_N_sum_except_wall,all,all,0,[2200],73,73,0,73,73,73,3.356164383561644,3.356164383561644,3.356164383561644,73,73,0,1,1
qwen3.8-2.4t-a95b-fp8,expgym,restricted_search,cost_tight,single,1,feedback_visible,count,,planned_analysis_unit; Audit_mean_once; pool_resources_N_sum_except_wall,family,whatis,0,[2200],34,34,0,34,34,34,3.088235294117647,3.088235294117647,3.088235294117647,34,34,0,1,1
qwen3.8-2.4t-a95b-fp8,expgym,restricted_search,cost_tight,single,1,feedback_visible,count,,planned_analysis_unit; Audit_mean_once; pool_resources_N_sum_except_wall,family,whois,0,[2200],39,39,0,39,39,39,3.58974358974359,3.58974358974359,3.58974358974359,39,39,0,1,1
qwen3.8-2.4t-a95b-fp8,expgym,restricted_search,cost_tight,single,1,input_tokens,tokens,,planned_analysis_unit; Audit_mean_once; pool_resources_N_sum_except_wall,all,all,0,[2200],73,73,0,73,73,73,9639.465753424658,9639.465753424658,9639.465753424658,73,73,0,1,1
qwen3.8-2.4t-a95b-fp8,expgym,restricted_search,cost_tight,single,1,input_tokens,tokens,,planned_analysis_unit; Audit_mean_once; pool_resources_N_sum_except_wall,family,whatis,0,[2200],34,34,0,34,34,34,11103.382352941177,11103.382352941177,11103.382352941177,34,34,0,1,1
qwen3.8-2.4t-a95b-fp8,expgym,restricted_search,cost_tight,single,1,input_tokens,tokens,,planned_analysis_unit; Audit_mean_once; pool_resources_N_sum_except_wall,family,whois,0,[2200],39,39,0,39,39,39,8363.23076923077,8363.23076923077,8363.23076923077,39,39,0,1,1
qwen3.8-2.4t-a95b-fp8,expgym,restricted_search,cost_tight,single,1,output_tokens,tokens,,planned_analysis_unit; Audit_mean_once; pool_resources_N_sum_except_wall,all,all,0,[2200],73,73,0,73,73,73,2305.890410958904,2305.890410958904,2305.890410958904,73,73,0,1,1
qwen3.8-2.4t-a95b-fp8,expgym,restricted_search,cost_tight,single,1,output_tokens,tokens,,planned_analysis_unit; Audit_mean_once; pool_resources_N_sum_except_wall,family,whatis,0,[2200],34,34,0,34,34,34,3408.6176470588234,3408.6176470588234,3408.6176470588234,34,34,0,1,1
qwen3.8-2.4t-a95b-fp8,expgym,restricted_search,cost_tight,single,1,output_tokens,tokens,,planned_analysis_unit; Audit_mean_once; pool_resources_N_sum_except_wall,family,whois,0,[2200],39,39,0,39,39,39,1344.5384615384614,1344.5384615384614,1344.5384615384614,39,39,0,1,1
qwen3.8-2.4t-a95b-fp8,expgym,restricted_search,cost_tight,single,1,protocol_failure_rate,fraction,,planned_analysis_unit; Audit_mean_once; pool_resources_N_sum_except_wall,all,all,0,[2200],73,73,0,73,73,73,0.05505544683626876,0.05505544683626876,0.05505544683626876,73,73,0,1,1
qwen3.8-2.4t-a95b-fp8,expgym,restricted_search,cost_tight,single,1,protocol_failure_rate,fraction,,planned_analysis_unit; Audit_mean_once; pool_resources_N_sum_except_wall,family,whatis,0,[2200],34,34,0,34,34,34,0.06330532212885154,0.06330532212885154,0.06330532212885154,34,34,0,1,1
qwen3.8-2.4t-a95b-fp8,expgym,restricted_search,cost_tight,single,1,protocol_failure_rate,fraction,,planned_analysis_unit; Audit_mean_once; pool_resources_N_sum_except_wall,family,whois,0,[2200],39,39,0,39,39,39,0.04786324786324787,0.04786324786324787,0.04786324786324787,39,39,0,1,1
qwen3.8-2.4t-a95b-fp8,expgym,restricted_search,cost_tight,single,1,wall_time_seconds,seconds,,planned_analysis_unit; Audit_mean_once; pool_resources_N_sum_except_wall,all,all,0,[2200],73,73,0,73,73,73,86.66429198931341,86.66429198931341,86.66429198931341,73,73,0,1,1
qwen3.8-2.4t-a95b-fp8,expgym,restricted_search,cost_tight,single,1,wall_time_seconds,seconds,,planned_analysis_unit; Audit_mean_once; pool_resources_N_sum_except_wall,family,whatis,0,[2200],34,34,0,34,34,34,120.72152986947228,120.72152986947228,120.72152986947228,34,34,0,1,1
qwen3.8-2.4t-a95b-fp8,expgym,restricted_search,cost_tight,single,1,wall_time_seconds,seconds,,planned_analysis_unit; Audit_mean_once; pool_resources_N_sum_except_wall,family,whois,0,[2200],39,39,0,39,39,39,56.97336665789286,56.97336665789286,56.97336665789286,39,39,0,1,1
qwen3.8-2.4t-a95b-fp8,expgym,tuning,cost_free,single,1,duplicate_action_attempts,count,,planned_analysis_unit; Audit_mean_once; pool_resources_N_sum_except_wall,all,all,0,[2200],9,9,0,9,9,9,0.1111111111111111,0.1111111111111111,0.1111111111111111,9,9,0,1,1
qwen3.8-2.4t-a95b-fp8,expgym,tuning,cost_free,single,1,duplicate_action_attempts,count,,planned_analysis_unit; Audit_mean_once; pool_resources_N_sum_except_wall,all,all,1,[2204],9,9,0,9,9,9,0.3333333333333333,0.3333333333333333,0.3333333333333333,9,9,0,1,1
qwen3.8-2.4t-a95b-fp8,expgym,tuning,cost_free,single,1,duplicate_action_attempts,count,,planned_analysis_unit; Audit_mean_once; pool_resources_N_sum_except_wall,all,all,2,[2208],9,9,0,9,9,9,0.1111111111111111,0.1111111111111111,0.1111111111111111,9,9,0,1,1
qwen3.8-2.4t-a95b-fp8,expgym,tuning,cost_free,single,1,duplicate_action_attempts,count,,planned_analysis_unit; Audit_mean_once; pool_resources_N_sum_except_wall,family,nasbench101,0,[2200],3,3,0,3,3,3,0.3333333333333333,0.3333333333333333,0.3333333333333333,3,3,0,1,1
qwen3.8-2.4t-a95b-fp8,expgym,tuning,cost_free,single,1,duplicate_action_attempts,count,,planned_analysis_unit; Audit_mean_once; pool_resources_N_sum_except_wall,family,nasbench101,1,[2204],3,3,0,3,3,3,0.0,0.0,0.0,3,3,0,1,1
qwen3.8-2.4t-a95b-fp8,expgym,tuning,cost_free,single,1,duplicate_action_attempts,count,,planned_analysis_unit; Audit_mean_once; pool_resources_N_sum_except_wall,family,nasbench101,2,[2208],3,3,0,3,3,3,0.3333333333333333,0.3333333333333333,0.3333333333333333,3,3,0,1,1
qwen3.8-2.4t-a95b-fp8,expgym,tuning,cost_free,single,1,duplicate_action_attempts,count,,planned_analysis_unit; Audit_mean_once; pool_resources_N_sum_except_wall,family,nasbench201,0,[2200],3,3,0,3,3,3,0.0,0.0,0.0,3,3,0,1,1
qwen3.8-2.4t-a95b-fp8,expgym,tuning,cost_free,single,1,duplicate_action_attempts,count,,planned_analysis_unit; Audit_mean_once; pool_resources_N_sum_except_wall,family,nasbench201,1,[2204],3,3,0,3,3,3,0.6666666666666666,0.6666666666666666,0.6666666666666666,3,3,0,1,1
qwen3.8-2.4t-a95b-fp8,expgym,tuning,cost_free,single,1,duplicate_action_attempts,count,,planned_analysis_unit; Audit_mean_once; pool_resources_N_sum_except_wall,family,nasbench201,2,[2208],3,3,0,3,3,3,0.0,0.0,0.0,3,3,0,1,1
qwen3.8-2.4t-a95b-fp8,expgym,tuning,cost_free,single,1,duplicate_action_attempts,count,,planned_analysis_unit; Audit_mean_once; pool_resources_N_sum_except_wall,family,paramnet,0,[2200],3,3,0,3,3,3,0.0,0.0,0.0,3,3,0,1,1
qwen3.8-2.4t-a95b-fp8,expgym,tuning,cost_free,single,1,duplicate_action_attempts,count,,planned_analysis_unit; Audit_mean_once; pool_resources_N_sum_except_wall,family,paramnet,1,[2204],3,3,0,3,3,3,0.3333333333333333,0.3333333333333333,0.3333333333333333,3,3,0,1,1
qwen3.8-2.4t-a95b-fp8,expgym,tuning,cost_free,single,1,duplicate_action_attempts,count,,planned_analysis_unit; Audit_mean_once; pool_resources_N_sum_except_wall,family,paramnet,2,[2208],3,3,0,3,3,3,0.0,0.0,0.0,3,3,0,1,1
qwen3.8-2.4t-a95b-fp8,expgym,tuning,cost_free,single,1,duplicate_action_attempts,count,,planned_analysis_unit; Audit_mean_once; pool_resources_N_sum_except_wall,task,hpobench:nasbench101:A,0,[2200],1,1,0,1,1,1,1.0,1.0,1.0,1,1,0,1,1
qwen3.8-2.4t-a95b-fp8,expgym,tuning,cost_free,single,1,duplicate_action_attempts,count,,planned_analysis_unit; Audit_mean_once; pool_resources_N_sum_except_wall,task,hpobench:nasbench101:A,1,[2204],1,1,0,1,1,1,0.0,0.0,0.0,1,1,0,1,1
qwen3.8-2.4t-a95b-fp8,expgym,tuning,cost_free,single,1,duplicate_action_attempts,count,,planned_analysis_unit; Audit_mean_once; pool_resources_N_sum_except_wall,task,hpobench:nasbench101:A,2,[2208],1,1,0,1,1,1,0.0,0.0,0.0,1,1,0,1,1
qwen3.8-2.4t-a95b-fp8,expgym,tuning,cost_free,single,1,duplicate_action_attempts,count,,planned_analysis_unit; Audit_mean_once; pool_resources_N_sum_except_wall,task,hpobench:nasbench101:B,0,[2200],1,1,0,1,1,1,0.0,0.0,0.0,1,1,0,1,1
qwen3.8-2.4t-a95b-fp8,expgym,tuning,cost_free,single,1,duplicate_action_attempts,count,,planned_analysis_unit; Audit_mean_once; pool_resources_N_sum_except_wall,task,hpobench:nasbench101:B,1,[2204],1,1,0,1,1,1,0.0,0.0,0.0,1,1,0,1,1
qwen3.8-2.4t-a95b-fp8,expgym,tuning,cost_free,single,1,duplicate_action_attempts,count,,planned_analysis_unit; Audit_mean_once; pool_resources_N_sum_except_wall,task,hpobench:nasbench101:B,2,[2208],1,1,0,1,1,1,1.0,1.0,1.0,1,1,0,1,1
qwen3.8-2.4t-a95b-fp8,expgym,tuning,cost_free,single,1,duplicate_action_attempts,count,,planned_analysis_unit; Audit_mean_once; pool_resources_N_sum_except_wall,task,hpobench:nasbench101:C,0,[2200],1,1,0,1,1,1,0.0,0.0,0.0,1,1,0,1,1
qwen3.8-2.4t-a95b-fp8,expgym,tuning,cost_free,single,1,duplicate_action_attempts,count,,planned_analysis_unit; Audit_mean_once; pool_resources_N_sum_except_wall,task,hpobench:nasbench101:C,1,[2204],1,1,0,1,1,1,0.0,0.0,0.0,1,1,0,1,1
qwen3.8-2.4t-a95b-fp8,expgym,tuning,cost_free,single,1,duplicate_action_attempts,count,,planned_analysis_unit; Audit_mean_once; pool_resources_N_sum_except_wall,task,hpobench:nasbench101:C,2,[2208],1,1,0,1,1,1,0.0,0.0,0.0,1,1,0,1,1
qwen3.8-2.4t-a95b-fp8,expgym,tuning,cost_free,single,1,duplicate_action_attempts,count,,planned_analysis_unit; Audit_mean_once; pool_resources_N_sum_except_wall,task,hpobench:nasbench201:cifar10-valid,0,[2200],1,1,0,1,1,1,0.0,0.0,0.0,1,1,0,1,1
qwen3.8-2.4t-a95b-fp8,expgym,tuning,cost_free,single,1,duplicate_action_attempts,count,,planned_analysis_unit; Audit_mean_once; pool_resources_N_sum_except_wall,task,hpobench:nasbench201:cifar10-valid,1,[2204],1,1,0,1,1,1,1.0,1.0,1.0,1,1,0,1,1
qwen3.8-2.4t-a95b-fp8,expgym,tuning,cost_free,single,1,duplicate_action_attempts,count,,planned_analysis_unit; Audit_mean_once; pool_resources_N_sum_except_wall,task,hpobench:nasbench201:cifar10-valid,2,[2208],1,1,0,1,1,1,0.0,0.0,0.0,1,1,0,1,1
qwen3.8-2.4t-a95b-fp8,expgym,tuning,cost_free,single,1,duplicate_action_attempts,count,,planned_analysis_unit; Audit_mean_once; pool_resources_N_sum_except_wall,task,hpobench:nasbench201:cifar100,0,[2200],1,1,0,1,1,1,0.0,0.0,0.0,1,1,0,1,1
qwen3.8-2.4t-a95b-fp8,expgym,tuning,cost_free,single,1,duplicate_action_attempts,count,,planned_analysis_unit; Audit_mean_once; pool_resources_N_sum_except_wall,task,hpobench:nasbench201:cifar100,1,[2204],1,1,0,1,1,1,1.0,1.0,1.0,1,1,0,1,1
qwen3.8-2.4t-a95b-fp8,expgym,tuning,cost_free,single,1,duplicate_action_attempts,count,,planned_analysis_unit; Audit_mean_once; pool_resources_N_sum_except_wall,task,hpobench:nasbench201:cifar100,2,[2208],1,1,0,1,1,1,0.0,0.0,0.0,1,1,0,1,1
qwen3.8-2.4t-a95b-fp8,expgym,tuning,cost_free,single,1,duplicate_action_attempts,count,,planned_analysis_unit; Audit_mean_once; pool_resources_N_sum_except_wall,task,hpobench:nasbench201:imagenet16-120,0,[2200],1,1,0,1,1,1,0.0,0.0,0.0,1,1,0,1,1
qwen3.8-2.4t-a95b-fp8,expgym,tuning,cost_free,single,1,duplicate_action_attempts,count,,planned_analysis_unit; Audit_mean_once; pool_resources_N_sum_except_wall,task,hpobench:nasbench201:imagenet16-120,1,[2204],1,1,0,1,1,1,0.0,0.0,0.0,1,1,0,1,1
qwen3.8-2.4t-a95b-fp8,expgym,tuning,cost_free,single,1,duplicate_action_attempts,count,,planned_analysis_unit; Audit_mean_once; pool_resources_N_sum_except_wall,task,hpobench:nasbench201:imagenet16-120,2,[2208],1,1,0,1,1,1,0.0,0.0,0.0,1,1,0,1,1
qwen3.8-2.4t-a95b-fp8,expgym,tuning,cost_free,single,1,duplicate_action_attempts,count,,planned_analysis_unit; Audit_mean_once; pool_resources_N_sum_except_wall,task,hpobench:paramnet:adult:steps,0,[2200],1,1,0,1,1,1,0.0,0.0,0.0,1,1,0,1,1
qwen3.8-2.4t-a95b-fp8,expgym,tuning,cost_free,single,1,duplicate_action_attempts,count,,planned_analysis_unit; Audit_mean_once; pool_resources_N_sum_except_wall,task,hpobench:paramnet:adult:steps,1,[2204],1,1,0,1,1,1,1.0,1.0,1.0,1,1,0,1,1
qwen3.8-2.4t-a95b-fp8,expgym,tuning,cost_free,single,1,duplicate_action_attempts,count,,planned_analysis_unit; Audit_mean_once; pool_resources_N_sum_except_wall,task,hpobench:paramnet:adult:steps,2,[2208],1,1,0,1,1,1,0.0,0.0,0.0,1,1,0,1,1
qwen3.8-2.4t-a95b-fp8,expgym,tuning,cost_free,single,1,duplicate_action_attempts,count,,planned_analysis_unit; Audit_mean_once; pool_resources_N_sum_except_wall,task,hpobench:paramnet:higgs:steps,0,[2200],1,1,0,1,1,1,0.0,0.0,0.0,1,1,0,1,1
qwen3.8-2.4t-a95b-fp8,expgym,tuning,cost_free,single,1,duplicate_action_attempts,count,,planned_analysis_unit; Audit_mean_once; pool_resources_N_sum_except_wall,task,hpobench:paramnet:higgs:steps,1,[2204],1,1,0,1,1,1,0.0,0.0,0.0,1,1,0,1,1
qwen3.8-2.4t-a95b-fp8,expgym,tuning,cost_free,single,1,duplicate_action_attempts,count,,planned_analysis_unit; Audit_mean_once; pool_resources_N_sum_except_wall,task,hpobench:paramnet:higgs:steps,2,[2208],1,1,0,1,1,1,0.0,0.0,0.0,1,1,0,1,1
qwen3.8-2.4t-a95b-fp8,expgym,tuning,cost_free,single,1,duplicate_action_attempts,count,,planned_analysis_unit; Audit_mean_once; pool_resources_N_sum_except_wall,task,hpobench:paramnet:letter:steps,0,[2200],1,1,0,1,1,1,0.0,0.0,0.0,1,1,0,1,1
qwen3.8-2.4t-a95b-fp8,expgym,tuning,cost_free,single,1,duplicate_action_attempts,count,,planned_analysis_unit; Audit_mean_once; pool_resources_N_sum_except_wall,task,hpobench:paramnet:letter:steps,1,[2204],1,1,0,1,1,1,0.0,0.0,0.0,1,1,0,1,1
qwen3.8-2.4t-a95b-fp8,expgym,tuning,cost_free,single,1,duplicate_action_attempts,count,,planned_analysis_unit; Audit_mean_once; pool_resources_N_sum_except_wall,task,hpobench:paramnet:letter:steps,2,[2208],1,1,0,1,1,1,0.0,0.0,0.0,1,1,0,1,1
qwen3.8-2.4t-a95b-fp8,expgym,tuning,cost_free,single,1,feedback_attempts,count,,planned_analysis_unit; Audit_mean_once; pool_resources_N_sum_except_wall,all,all,0,[2200],9,9,0,9,9,9,28.22222222222222,28.22222222222222,28.22222222222222,9,9,0,1,1
qwen3.8-2.4t-a95b-fp8,expgym,tuning,cost_free,single,1,feedback_attempts,count,,planned_analysis_unit; Audit_mean_once; pool_resources_N_sum_except_wall,all,all,1,[2204],9,9,0,9,9,9,29.444444444444443,29.444444444444443,29.444444444444443,9,9,0,1,1
qwen3.8-2.4t-a95b-fp8,expgym,tuning,cost_free,single,1,feedback_attempts,count,,planned_analysis_unit; Audit_mean_once; pool_resources_N_sum_except_wall,all,all,2,[2208],9,9,0,9,9,9,29.555555555555557,29.555555555555557,29.555555555555557,9,9,0,1,1
qwen3.8-2.4t-a95b-fp8,expgym,tuning,cost_free,single,1,feedback_attempts,count,,planned_analysis_unit; Audit_mean_once; pool_resources_N_sum_except_wall,family,nasbench101,0,[2200],3,3,0,3,3,3,29.666666666666668,29.666666666666668,29.666666666666668,3,3,0,1,1
qwen3.8-2.4t-a95b-fp8,expgym,tuning,cost_free,single,1,feedback_attempts,count,,planned_analysis_unit; Audit_mean_once; pool_resources_N_sum_except_wall,family,nasbench101,1,[2204],3,3,0,3,3,3,29.666666666666668,29.666666666666668,29.666666666666668,3,3,0,1,1
qwen3.8-2.4t-a95b-fp8,expgym,tuning,cost_free,single,1,feedback_attempts,count,,planned_analysis_unit; Audit_mean_once; pool_resources_N_sum_except_wall,family,nasbench101,2,[2208],3,3,0,3,3,3,29.666666666666668,29.666666666666668,29.666666666666668,3,3,0,1,1
qwen3.8-2.4t-a95b-fp8,expgym,tuning,cost_free,single,1,feedback_attempts,count,,planned_analysis_unit; Audit_mean_once; pool_resources_N_sum_except_wall,family,nasbench201,0,[2200],3,3,0,3,3,3,30.0,30.0,30.0,3,3,0,1,1
qwen3.8-2.4t-a95b-fp8,expgym,tuning,cost_free,single,1,feedback_attempts,count,,planned_analysis_unit; Audit_mean_once; pool_resources_N_sum_except_wall,family,nasbench201,1,[2204],3,3,0,3,3,3,29.666666666666668,29.666666666666668,29.666666666666668,3,3,0,1,1
qwen3.8-2.4t-a95b-fp8,expgym,tuning,cost_free,single,1,feedback_attempts,count,,planned_analysis_unit; Audit_mean_once; pool_resources_N_sum_except_wall,family,nasbench201,2,[2208],3,3,0,3,3,3,29.0,29.0,29.0,3,3,0,1,1
qwen3.8-2.4t-a95b-fp8,expgym,tuning,cost_free,single,1,feedback_attempts,count,,planned_analysis_unit; Audit_mean_once; pool_resources_N_sum_except_wall,family,paramnet,0,[2200],3,3,0,3,3,3,25.0,25.0,25.0,3,3,0,1,1
qwen3.8-2.4t-a95b-fp8,expgym,tuning,cost_free,single,1,feedback_attempts,count,,planned_analysis_unit; Audit_mean_once; pool_resources_N_sum_except_wall,family,paramnet,1,[2204],3,3,0,3,3,3,29.0,29.0,29.0,3,3,0,1,1
qwen3.8-2.4t-a95b-fp8,expgym,tuning,cost_free,single,1,feedback_attempts,count,,planned_analysis_unit; Audit_mean_once; pool_resources_N_sum_except_wall,family,paramnet,2,[2208],3,3,0,3,3,3,30.0,30.0,30.0,3,3,0,1,1
qwen3.8-2.4t-a95b-fp8,expgym,tuning,cost_free,single,1,feedback_attempts,count,,planned_analysis_unit; Audit_mean_once; pool_resources_N_sum_except_wall,task,hpobench:nasbench101:A,0,[2200],1,1,0,1,1,1,29.0,29.0,29.0,1,1,0,1,1
qwen3.8-2.4t-a95b-fp8,expgym,tuning,cost_free,single,1,feedback_attempts,count,,planned_analysis_unit; Audit_mean_once; pool_resources_N_sum_except_wall,task,hpobench:nasbench101:A,1,[2204],1,1,0,1,1,1,30.0,30.0,30.0,1,1,0,1,1
qwen3.8-2.4t-a95b-fp8,expgym,tuning,cost_free,single,1,feedback_attempts,count,,planned_analysis_unit; Audit_mean_once; pool_resources_N_sum_except_wall,task,hpobench:nasbench101:A,2,[2208],1,1,0,1,1,1,30.0,30.0,30.0,1,1,0,1,1
qwen3.8-2.4t-a95b-fp8,expgym,tuning,cost_free,single,1,feedback_attempts,count,,planned_analysis_unit; Audit_mean_once; pool_resources_N_sum_except_wall,task,hpobench:nasbench101:B,0,[2200],1,1,0,1,1,1,30.0,30.0,30.0,1,1,0,1,1
qwen3.8-2.4t-a95b-fp8,expgym,tuning,cost_free,single,1,feedback_attempts,count,,planned_analysis_unit; Audit_mean_once; pool_resources_N_sum_except_wall,task,hpobench:nasbench101:B,1,[2204],1,1,0,1,1,1,30.0,30.0,30.0,1,1,0,1,1
qwen3.8-2.4t-a95b-fp8,expgym,tuning,cost_free,single,1,feedback_attempts,count,,planned_analysis_unit; Audit_mean_once; pool_resources_N_sum_except_wall,task,hpobench:nasbench101:B,2,[2208],1,1,0,1,1,1,29.0,29.0,29.0,1,1,0,1,1
qwen3.8-2.4t-a95b-fp8,expgym,tuning,cost_free,single,1,feedback_attempts,count,,planned_analysis_unit; Audit_mean_once; pool_resources_N_sum_except_wall,task,hpobench:nasbench101:C,0,[2200],1,1,0,1,1,1,30.0,30.0,30.0,1,1,0,1,1
qwen3.8-2.4t-a95b-fp8,expgym,tuning,cost_free,single,1,feedback_attempts,count,,planned_analysis_unit; Audit_mean_once; pool_resources_N_sum_except_wall,task,hpobench:nasbench101:C,1,[2204],1,1,0,1,1,1,29.0,29.0,29.0,1,1,0,1,1
qwen3.8-2.4t-a95b-fp8,expgym,tuning,cost_free,single,1,feedback_attempts,count,,planned_analysis_unit; Audit_mean_once; pool_resources_N_sum_except_wall,task,hpobench:nasbench101:C,2,[2208],1,1,0,1,1,1,30.0,30.0,30.0,1,1,0,1,1
qwen3.8-2.4t-a95b-fp8,expgym,tuning,cost_free,single,1,feedback_attempts,count,,planned_analysis_unit; Audit_mean_once; pool_resources_N_sum_except_wall,task,hpobench:nasbench201:cifar10-valid,0,[2200],1,1,0,1,1,1,30.0,30.0,30.0,1,1,0,1,1
qwen3.8-2.4t-a95b-fp8,expgym,tuning,cost_free,single,1,feedback_attempts,count,,planned_analysis_unit; Audit_mean_once; pool_resources_N_sum_except_wall,task,hpobench:nasbench201:cifar10-valid,1,[2204],1,1,0,1,1,1,30.0,30.0,30.0,1,1,0,1,1
qwen3.8-2.4t-a95b-fp8,expgym,tuning,cost_free,single,1,feedback_attempts,count,,planned_analysis_unit; Audit_mean_once; pool_resources_N_sum_except_wall,task,hpobench:nasbench201:cifar10-valid,2,[2208],1,1,0,1,1,1,30.0,30.0,30.0,1,1,0,1,1
qwen3.8-2.4t-a95b-fp8,expgym,tuning,cost_free,single,1,feedback_attempts,count,,planned_analysis_unit; Audit_mean_once; pool_resources_N_sum_except_wall,task,hpobench:nasbench201:cifar100,0,[2200],1,1,0,1,1,1,30.0,30.0,30.0,1,1,0,1,1
qwen3.8-2.4t-a95b-fp8,expgym,tuning,cost_free,single,1,feedback_attempts,count,,planned_analysis_unit; Audit_mean_once; pool_resources_N_sum_except_wall,task,hpobench:nasbench201:cifar100,1,[2204],1,1,0,1,1,1,30.0,30.0,30.0,1,1,0,1,1
qwen3.8-2.4t-a95b-fp8,expgym,tuning,cost_free,single,1,feedback_attempts,count,,planned_analysis_unit; Audit_mean_once; pool_resources_N_sum_except_wall,task,hpobench:nasbench201:cifar100,2,[2208],1,1,0,1,1,1,27.0,27.0,27.0,1,1,0,1,1
qwen3.8-2.4t-a95b-fp8,expgym,tuning,cost_free,single,1,feedback_attempts,count,,planned_analysis_unit; Audit_mean_once; pool_resources_N_sum_except_wall,task,hpobench:nasbench201:imagenet16-120,0,[2200],1,1,0,1,1,1,30.0,30.0,30.0,1,1,0,1,1
qwen3.8-2.4t-a95b-fp8,expgym,tuning,cost_free,single,1,feedback_attempts,count,,planned_analysis_unit; Audit_mean_once; pool_resources_N_sum_except_wall,task,hpobench:nasbench201:imagenet16-120,1,[2204],1,1,0,1,1,1,29.0,29.0,29.0,1,1,0,1,1
qwen3.8-2.4t-a95b-fp8,expgym,tuning,cost_free,single,1,feedback_attempts,count,,planned_analysis_unit; Audit_mean_once; pool_resources_N_sum_except_wall,task,hpobench:nasbench201:imagenet16-120,2,[2208],1,1,0,1,1,1,30.0,30.0,30.0,1,1,0,1,1
qwen3.8-2.4t-a95b-fp8,expgym,tuning,cost_free,single,1,feedback_attempts,count,,planned_analysis_unit; Audit_mean_once; pool_resources_N_sum_except_wall,task,hpobench:paramnet:adult:steps,0,[2200],1,1,0,1,1,1,15.0,15.0,15.0,1,1,0,1,1
qwen3.8-2.4t-a95b-fp8,expgym,tuning,cost_free,single,1,feedback_attempts,count,,planned_analysis_unit; Audit_mean_once; pool_resources_N_sum_except_wall,task,hpobench:paramnet:adult:steps,1,[2204],1,1,0,1,1,1,27.0,27.0,27.0,1,1,0,1,1
qwen3.8-2.4t-a95b-fp8,expgym,tuning,cost_free,single,1,feedback_attempts,count,,planned_analysis_unit; Audit_mean_once; pool_resources_N_sum_except_wall,task,hpobench:paramnet:adult:steps,2,[2208],1,1,0,1,1,1,30.0,30.0,30.0,1,1,0,1,1
qwen3.8-2.4t-a95b-fp8,expgym,tuning,cost_free,single,1,feedback_attempts,count,,planned_analysis_unit; Audit_mean_once; pool_resources_N_sum_except_wall,task,hpobench:paramnet:higgs:steps,0,[2200],1,1,0,1,1,1,30.0,30.0,30.0,1,1,0,1,1
qwen3.8-2.4t-a95b-fp8,expgym,tuning,cost_free,single,1,feedback_attempts,count,,planned_analysis_unit; Audit_mean_once; pool_resources_N_sum_except_wall,task,hpobench:paramnet:higgs:steps,1,[2204],1,1,0,1,1,1,30.0,30.0,30.0,1,1,0,1,1
qwen3.8-2.4t-a95b-fp8,expgym,tuning,cost_free,single,1,feedback_attempts,count,,planned_analysis_unit; Audit_mean_once; pool_resources_N_sum_except_wall,task,hpobench:paramnet:higgs:steps,2,[2208],1,1,0,1,1,1,30.0,30.0,30.0,1,1,0,1,1
qwen3.8-2.4t-a95b-fp8,expgym,tuning,cost_free,single,1,feedback_attempts,count,,planned_analysis_unit; Audit_mean_once; pool_resources_N_sum_except_wall,task,hpobench:paramnet:letter:steps,0,[2200],1,1,0,1,1,1,30.0,30.0,30.0,1,1,0,1,1
qwen3.8-2.4t-a95b-fp8,expgym,tuning,cost_free,single,1,feedback_attempts,count,,planned_analysis_unit; Audit_mean_once; pool_resources_N_sum_except_wall,task,hpobench:paramnet:letter:steps,1,[2204],1,1,0,1,1,1,30.0,30.0,30.0,1,1,0,1,1
qwen3.8-2.4t-a95b-fp8,expgym,tuning,cost_free,single,1,feedback_attempts,count,,planned_analysis_unit; Audit_mean_once; pool_resources_N_sum_except_wall,task,hpobench:paramnet:letter:steps,2,[2208],1,1,0,1,1,1,30.0,30.0,30.0,1,1,0,1,1
qwen3.8-2.4t-a95b-fp8,expgym,tuning,cost_free,single,1,feedback_cost_seconds,seconds,,planned_analysis_unit; Audit_mean_once; pool_resources_N_sum_except_wall,all,all,0,[2200],9,9,0,9,9,9,318047.5350643426,318047.5350643426,318047.5350643426,9,9,0,1,1
qwen3.8-2.4t-a95b-fp8,expgym,tuning,cost_free,single,1,feedback_cost_seconds,seconds,,planned_analysis_unit; Audit_mean_once; pool_resources_N_sum_except_wall,all,all,1,[2204],9,9,0,9,9,9,309974.5699760366,309974.5699760366,309974.5699760366,9,9,0,1,1
qwen3.8-2.4t-a95b-fp8,expgym,tuning,cost_free,single,1,feedback_cost_seconds,seconds,,planned_analysis_unit; Audit_mean_once; pool_resources_N_sum_except_wall,all,all,2,[2208],9,9,0,9,9,9,309556.20985916513,309556.20985916513,309556.20985916513,9,9,0,1,1
qwen3.8-2.4t-a95b-fp8,expgym,tuning,cost_free,single,1,feedback_cost_seconds,seconds,,planned_analysis_unit; Audit_mean_once; pool_resources_N_sum_except_wall,family,nasbench101,0,[2200],3,3,0,3,3,3,227969.73881022134,227969.73881022134,227969.73881022134,3,3,0,1,1
qwen3.8-2.4t-a95b-fp8,expgym,tuning,cost_free,single,1,feedback_cost_seconds,seconds,,planned_analysis_unit; Audit_mean_once; pool_resources_N_sum_except_wall,family,nasbench101,1,[2204],3,3,0,3,3,3,193062.19592285156,193062.19592285156,193062.19592285156,3,3,0,1,1
qwen3.8-2.4t-a95b-fp8,expgym,tuning,cost_free,single,1,feedback_cost_seconds,seconds,,planned_analysis_unit; Audit_mean_once; pool_resources_N_sum_except_wall,family,nasbench101,2,[2208],3,3,0,3,3,3,202203.64888509116,202203.64888509116,202203.64888509116,3,3,0,1,1
qwen3.8-2.4t-a95b-fp8,expgym,tuning,cost_free,single,1,feedback_cost_seconds,seconds,,planned_analysis_unit; Audit_mean_once; pool_resources_N_sum_except_wall,family,nasbench201,0,[2200],3,3,0,3,3,3,722495.9088514416,722495.9088514416,722495.9088514416,3,3,0,1,1
qwen3.8-2.4t-a95b-fp8,expgym,tuning,cost_free,single,1,feedback_cost_seconds,seconds,,planned_analysis_unit; Audit_mean_once; pool_resources_N_sum_except_wall,family,nasbench201,1,[2204],3,3,0,3,3,3,729502.5328797126,729502.5328797126,729502.5328797126,3,3,0,1,1
qwen3.8-2.4t-a95b-fp8,expgym,tuning,cost_free,single,1,feedback_cost_seconds,seconds,,planned_analysis_unit; Audit_mean_once; pool_resources_N_sum_except_wall,family,nasbench201,2,[2208],3,3,0,3,3,3,720735.5612847981,720735.5612847981,720735.5612847981,3,3,0,1,1
qwen3.8-2.4t-a95b-fp8,expgym,tuning,cost_free,single,1,feedback_cost_seconds,seconds,,planned_analysis_unit; Audit_mean_once; pool_resources_N_sum_except_wall,family,paramnet,0,[2200],3,3,0,3,3,3,3676.95753136476,3676.95753136476,3676.95753136476,3,3,0,1,1
qwen3.8-2.4t-a95b-fp8,expgym,tuning,cost_free,single,1,feedback_cost_seconds,seconds,,planned_analysis_unit; Audit_mean_once; pool_resources_N_sum_except_wall,family,paramnet,1,[2204],3,3,0,3,3,3,7358.981125545502,7358.981125545502,7358.981125545502,3,3,0,1,1
qwen3.8-2.4t-a95b-fp8,expgym,tuning,cost_free,single,1,feedback_cost_seconds,seconds,,planned_analysis_unit; Audit_mean_once; pool_resources_N_sum_except_wall,family,paramnet,2,[2208],3,3,0,3,3,3,5729.419407606126,5729.419407606126,5729.419407606126,3,3,0,1,1
qwen3.8-2.4t-a95b-fp8,expgym,tuning,cost_free,single,1,feedback_cost_seconds,seconds,,planned_analysis_unit; Audit_mean_once; pool_resources_N_sum_except_wall,task,hpobench:nasbench101:A,0,[2200],1,1,0,1,1,1,242050.63830566406,242050.63830566406,242050.63830566406,1,1,0,1,1
qwen3.8-2.4t-a95b-fp8,expgym,tuning,cost_free,single,1,feedback_cost_seconds,seconds,,planned_analysis_unit; Audit_mean_once; pool_resources_N_sum_except_wall,task,hpobench:nasbench101:A,1,[2204],1,1,0,1,1,1,231163.96520996094,231163.96520996094,231163.96520996094,1,1,0,1,1
qwen3.8-2.4t-a95b-fp8,expgym,tuning,cost_free,single,1,feedback_cost_seconds,seconds,,planned_analysis_unit; Audit_mean_once; pool_resources_N_sum_except_wall,task,hpobench:nasbench101:A,2,[2208],1,1,0,1,1,1,222857.89099121094,222857.89099121094,222857.89099121094,1,1,0,1,1
qwen3.8-2.4t-a95b-fp8,expgym,tuning,cost_free,single,1,feedback_cost_seconds,seconds,,planned_analysis_unit; Audit_mean_once; pool_resources_N_sum_except_wall,task,hpobench:nasbench101:B,0,[2200],1,1,0,1,1,1,266043.7155761719,266043.7155761719,266043.7155761719,1,1,0,1,1
qwen3.8-2.4t-a95b-fp8,expgym,tuning,cost_free,single,1,feedback_cost_seconds,seconds,,planned_analysis_unit; Audit_mean_once; pool_resources_N_sum_except_wall,task,hpobench:nasbench101:B,1,[2204],1,1,0,1,1,1,173211.2374267578,173211.2374267578,173211.2374267578,1,1,0,1,1
qwen3.8-2.4t-a95b-fp8,expgym,tuning,cost_free,single,1,feedback_cost_seconds,seconds,,planned_analysis_unit; Audit_mean_once; pool_resources_N_sum_except_wall,task,hpobench:nasbench101:B,2,[2208],1,1,0,1,1,1,210462.96630859375,210462.96630859375,210462.96630859375,1,1,0,1,1
qwen3.8-2.4t-a95b-fp8,expgym,tuning,cost_free,single,1,feedback_cost_seconds,seconds,,planned_analysis_unit; Audit_mean_once; pool_resources_N_sum_except_wall,task,hpobench:nasbench101:C,0,[2200],1,1,0,1,1,1,175814.86254882812,175814.86254882812,175814.86254882812,1,1,0,1,1
qwen3.8-2.4t-a95b-fp8,expgym,tuning,cost_free,single,1,feedback_cost_seconds,seconds,,planned_analysis_unit; Audit_mean_once; pool_resources_N_sum_except_wall,task,hpobench:nasbench101:C,1,[2204],1,1,0,1,1,1,174811.38513183594,174811.38513183594,174811.38513183594,1,1,0,1,1
qwen3.8-2.4t-a95b-fp8,expgym,tuning,cost_free,single,1,feedback_cost_seconds,seconds,,planned_analysis_unit; Audit_mean_once; pool_resources_N_sum_except_wall,task,hpobench:nasbench101:C,2,[2208],1,1,0,1,1,1,173290.08935546875,173290.08935546875,173290.08935546875,1,1,0,1,1
qwen3.8-2.4t-a95b-fp8,expgym,tuning,cost_free,single,1,feedback_cost_seconds,seconds,,planned_analysis_unit; Audit_mean_once; pool_resources_N_sum_except_wall,task,hpobench:nasbench201:cifar10-valid,0,[2200],1,1,0,1,1,1,316952.9873213257,316952.9873213257,316952.9873213257,1,1,0,1,1
qwen3.8-2.4t-a95b-fp8,expgym,tuning,cost_free,single,1,feedback_cost_seconds,seconds,,planned_analysis_unit; Audit_mean_once; pool_resources_N_sum_except_wall,task,hpobench:nasbench201:cifar10-valid,1,[2204],1,1,0,1,1,1,325469.7522791283,325469.7522791283,325469.7522791283,1,1,0,1,1
qwen3.8-2.4t-a95b-fp8,expgym,tuning,cost_free,single,1,feedback_cost_seconds,seconds,,planned_analysis_unit; Audit_mean_once; pool_resources_N_sum_except_wall,task,hpobench:nasbench201:cifar10-valid,2,[2208],1,1,0,1,1,1,296674.2380236217,296674.2380236217,296674.2380236217,1,1,0,1,1
qwen3.8-2.4t-a95b-fp8,expgym,tuning,cost_free,single,1,feedback_cost_seconds,seconds,,planned_analysis_unit; Audit_mean_once; pool_resources_N_sum_except_wall,task,hpobench:nasbench201:cifar100,0,[2200],1,1,0,1,1,1,469995.6114259279,469995.6114259279,469995.6114259279,1,1,0,1,1
qwen3.8-2.4t-a95b-fp8,expgym,tuning,cost_free,single,1,feedback_cost_seconds,seconds,,planned_analysis_unit; Audit_mean_once; pool_resources_N_sum_except_wall,task,hpobench:nasbench201:cifar100,1,[2204],1,1,0,1,1,1,486600.57860268856,486600.57860268856,486600.57860268856,1,1,0,1,1
qwen3.8-2.4t-a95b-fp8,expgym,tuning,cost_free,single,1,feedback_cost_seconds,seconds,,planned_analysis_unit; Audit_mean_once; pool_resources_N_sum_except_wall,task,hpobench:nasbench201:cifar100,2,[2208],1,1,0,1,1,1,481867.3605524981,481867.3605524981,481867.3605524981,1,1,0,1,1
qwen3.8-2.4t-a95b-fp8,expgym,tuning,cost_free,single,1,feedback_cost_seconds,seconds,,planned_analysis_unit; Audit_mean_once; pool_resources_N_sum_except_wall,task,hpobench:nasbench201:imagenet16-120,0,[2200],1,1,0,1,1,1,1380539.1278070712,1380539.1278070712,1380539.1278070712,1,1,0,1,1
qwen3.8-2.4t-a95b-fp8,expgym,tuning,cost_free,single,1,feedback_cost_seconds,seconds,,planned_analysis_unit; Audit_mean_once; pool_resources_N_sum_except_wall,task,hpobench:nasbench201:imagenet16-120,1,[2204],1,1,0,1,1,1,1376437.2677573212,1376437.2677573212,1376437.2677573212,1,1,0,1,1
qwen3.8-2.4t-a95b-fp8,expgym,tuning,cost_free,single,1,feedback_cost_seconds,seconds,,planned_analysis_unit; Audit_mean_once; pool_resources_N_sum_except_wall,task,hpobench:nasbench201:imagenet16-120,2,[2208],1,1,0,1,1,1,1383665.0852782743,1383665.0852782743,1383665.0852782743,1,1,0,1,1
qwen3.8-2.4t-a95b-fp8,expgym,tuning,cost_free,single,1,feedback_cost_seconds,seconds,,planned_analysis_unit; Audit_mean_once; pool_resources_N_sum_except_wall,task,hpobench:paramnet:adult:steps,0,[2200],1,1,0,1,1,1,2254.784448194504,2254.784448194504,2254.784448194504,1,1,0,1,1
qwen3.8-2.4t-a95b-fp8,expgym,tuning,cost_free,single,1,feedback_cost_seconds,seconds,,planned_analysis_unit; Audit_mean_once; pool_resources_N_sum_except_wall,task,hpobench:paramnet:adult:steps,1,[2204],1,1,0,1,1,1,15748.203000545504,15748.203000545504,15748.203000545504,1,1,0,1,1
qwen3.8-2.4t-a95b-fp8,expgym,tuning,cost_free,single,1,feedback_cost_seconds,seconds,,planned_analysis_unit; Audit_mean_once; pool_resources_N_sum_except_wall,task,hpobench:paramnet:adult:steps,2,[2208],1,1,0,1,1,1,5539.822516584396,5539.822516584396,5539.822516584396,1,1,0,1,1
qwen3.8-2.4t-a95b-fp8,expgym,tuning,cost_free,single,1,feedback_cost_seconds,seconds,,planned_analysis_unit; Audit_mean_once; pool_resources_N_sum_except_wall,task,hpobench:paramnet:higgs:steps,0,[2200],1,1,0,1,1,1,5195.546172332766,5195.546172332766,5195.546172332766,1,1,0,1,1
qwen3.8-2.4t-a95b-fp8,expgym,tuning,cost_free,single,1,feedback_cost_seconds,seconds,,planned_analysis_unit; Audit_mean_once; pool_resources_N_sum_except_wall,task,hpobench:paramnet:higgs:steps,1,[2204],1,1,0,1,1,1,5448.8308138608945,5448.8308138608945,5448.8308138608945,1,1,0,1,1
qwen3.8-2.4t-a95b-fp8,expgym,tuning,cost_free,single,1,feedback_cost_seconds,seconds,,planned_analysis_unit; Audit_mean_once; pool_resources_N_sum_except_wall,task,hpobench:paramnet:higgs:steps,2,[2208],1,1,0,1,1,1,9606.947293758396,9606.947293758396,9606.947293758396,1,1,0,1,1
qwen3.8-2.4t-a95b-fp8,expgym,tuning,cost_free,single,1,feedback_cost_seconds,seconds,,planned_analysis_unit; Audit_mean_once; pool_resources_N_sum_except_wall,task,hpobench:paramnet:letter:steps,0,[2200],1,1,0,1,1,1,3580.54197356701,3580.54197356701,3580.54197356701,1,1,0,1,1
qwen3.8-2.4t-a95b-fp8,expgym,tuning,cost_free,single,1,feedback_cost_seconds,seconds,,planned_analysis_unit; Audit_mean_once; pool_resources_N_sum_except_wall,task,hpobench:paramnet:letter:steps,1,[2204],1,1,0,1,1,1,879.9095622301103,879.9095622301103,879.9095622301103,1,1,0,1,1
qwen3.8-2.4t-a95b-fp8,expgym,tuning,cost_free,single,1,feedback_cost_seconds,seconds,,planned_analysis_unit; Audit_mean_once; pool_resources_N_sum_except_wall,task,hpobench:paramnet:letter:steps,2,[2208],1,1,0,1,1,1,2041.4884124755854,2041.4884124755854,2041.4884124755854,1,1,0,1,1
qwen3.8-2.4t-a95b-fp8,expgym,tuning,cost_free,single,1,feedback_visible,count,,planned_analysis_unit; Audit_mean_once; pool_resources_N_sum_except_wall,all,all,0,[2200],9,9,0,9,9,9,28.22222222222222,28.22222222222222,28.22222222222222,9,9,0,1,1
qwen3.8-2.4t-a95b-fp8,expgym,tuning,cost_free,single,1,feedback_visible,count,,planned_analysis_unit; Audit_mean_once; pool_resources_N_sum_except_wall,all,all,1,[2204],9,9,0,9,9,9,29.444444444444443,29.444444444444443,29.444444444444443,9,9,0,1,1
qwen3.8-2.4t-a95b-fp8,expgym,tuning,cost_free,single,1,feedback_visible,count,,planned_analysis_unit; Audit_mean_once; pool_resources_N_sum_except_wall,all,all,2,[2208],9,9,0,9,9,9,29.555555555555557,29.555555555555557,29.555555555555557,9,9,0,1,1
qwen3.8-2.4t-a95b-fp8,expgym,tuning,cost_free,single,1,feedback_visible,count,,planned_analysis_unit; Audit_mean_once; pool_resources_N_sum_except_wall,family,nasbench101,0,[2200],3,3,0,3,3,3,29.666666666666668,29.666666666666668,29.666666666666668,3,3,0,1,1
qwen3.8-2.4t-a95b-fp8,expgym,tuning,cost_free,single,1,feedback_visible,count,,planned_analysis_unit; Audit_mean_once; pool_resources_N_sum_except_wall,family,nasbench101,1,[2204],3,3,0,3,3,3,29.666666666666668,29.666666666666668,29.666666666666668,3,3,0,1,1
qwen3.8-2.4t-a95b-fp8,expgym,tuning,cost_free,single,1,feedback_visible,count,,planned_analysis_unit; Audit_mean_once; pool_resources_N_sum_except_wall,family,nasbench101,2,[2208],3,3,0,3,3,3,29.666666666666668,29.666666666666668,29.666666666666668,3,3,0,1,1
qwen3.8-2.4t-a95b-fp8,expgym,tuning,cost_free,single,1,feedback_visible,count,,planned_analysis_unit; Audit_mean_once; pool_resources_N_sum_except_wall,family,nasbench201,0,[2200],3,3,0,3,3,3,30.0,30.0,30.0,3,3,0,1,1
qwen3.8-2.4t-a95b-fp8,expgym,tuning,cost_free,single,1,feedback_visible,count,,planned_analysis_unit; Audit_mean_once; pool_resources_N_sum_except_wall,family,nasbench201,1,[2204],3,3,0,3,3,3,29.666666666666668,29.666666666666668,29.666666666666668,3,3,0,1,1
qwen3.8-2.4t-a95b-fp8,expgym,tuning,cost_free,single,1,feedback_visible,count,,planned_analysis_unit; Audit_mean_once; pool_resources_N_sum_except_wall,family,nasbench201,2,[2208],3,3,0,3,3,3,29.0,29.0,29.0,3,3,0,1,1
qwen3.8-2.4t-a95b-fp8,expgym,tuning,cost_free,single,1,feedback_visible,count,,planned_analysis_unit; Audit_mean_once; pool_resources_N_sum_except_wall,family,paramnet,0,[2200],3,3,0,3,3,3,25.0,25.0,25.0,3,3,0,1,1
qwen3.8-2.4t-a95b-fp8,expgym,tuning,cost_free,single,1,feedback_visible,count,,planned_analysis_unit; Audit_mean_once; pool_resources_N_sum_except_wall,family,paramnet,1,[2204],3,3,0,3,3,3,29.0,29.0,29.0,3,3,0,1,1
qwen3.8-2.4t-a95b-fp8,expgym,tuning,cost_free,single,1,feedback_visible,count,,planned_analysis_unit; Audit_mean_once; pool_resources_N_sum_except_wall,family,paramnet,2,[2208],3,3,0,3,3,3,30.0,30.0,30.0,3,3,0,1,1
qwen3.8-2.4t-a95b-fp8,expgym,tuning,cost_free,single,1,feedback_visible,count,,planned_analysis_unit; Audit_mean_once; pool_resources_N_sum_except_wall,task,hpobench:nasbench101:A,0,[2200],1,1,0,1,1,1,29.0,29.0,29.0,1,1,0,1,1
qwen3.8-2.4t-a95b-fp8,expgym,tuning,cost_free,single,1,feedback_visible,count,,planned_analysis_unit; Audit_mean_once; pool_resources_N_sum_except_wall,task,hpobench:nasbench101:A,1,[2204],1,1,0,1,1,1,30.0,30.0,30.0,1,1,0,1,1
qwen3.8-2.4t-a95b-fp8,expgym,tuning,cost_free,single,1,feedback_visible,count,,planned_analysis_unit; Audit_mean_once; pool_resources_N_sum_except_wall,task,hpobench:nasbench101:A,2,[2208],1,1,0,1,1,1,30.0,30.0,30.0,1,1,0,1,1
qwen3.8-2.4t-a95b-fp8,expgym,tuning,cost_free,single,1,feedback_visible,count,,planned_analysis_unit; Audit_mean_once; pool_resources_N_sum_except_wall,task,hpobench:nasbench101:B,0,[2200],1,1,0,1,1,1,30.0,30.0,30.0,1,1,0,1,1
qwen3.8-2.4t-a95b-fp8,expgym,tuning,cost_free,single,1,feedback_visible,count,,planned_analysis_unit; Audit_mean_once; pool_resources_N_sum_except_wall,task,hpobench:nasbench101:B,1,[2204],1,1,0,1,1,1,30.0,30.0,30.0,1,1,0,1,1
qwen3.8-2.4t-a95b-fp8,expgym,tuning,cost_free,single,1,feedback_visible,count,,planned_analysis_unit; Audit_mean_once; pool_resources_N_sum_except_wall,task,hpobench:nasbench101:B,2,[2208],1,1,0,1,1,1,29.0,29.0,29.0,1,1,0,1,1
qwen3.8-2.4t-a95b-fp8,expgym,tuning,cost_free,single,1,feedback_visible,count,,planned_analysis_unit; Audit_mean_once; pool_resources_N_sum_except_wall,task,hpobench:nasbench101:C,0,[2200],1,1,0,1,1,1,30.0,30.0,30.0,1,1,0,1,1
qwen3.8-2.4t-a95b-fp8,expgym,tuning,cost_free,single,1,feedback_visible,count,,planned_analysis_unit; Audit_mean_once; pool_resources_N_sum_except_wall,task,hpobench:nasbench101:C,1,[2204],1,1,0,1,1,1,29.0,29.0,29.0,1,1,0,1,1
qwen3.8-2.4t-a95b-fp8,expgym,tuning,cost_free,single,1,feedback_visible,count,,planned_analysis_unit; Audit_mean_once; pool_resources_N_sum_except_wall,task,hpobench:nasbench101:C,2,[2208],1,1,0,1,1,1,30.0,30.0,30.0,1,1,0,1,1
qwen3.8-2.4t-a95b-fp8,expgym,tuning,cost_free,single,1,feedback_visible,count,,planned_analysis_unit; Audit_mean_once; pool_resources_N_sum_except_wall,task,hpobench:nasbench201:cifar10-valid,0,[2200],1,1,0,1,1,1,30.0,30.0,30.0,1,1,0,1,1
qwen3.8-2.4t-a95b-fp8,expgym,tuning,cost_free,single,1,feedback_visible,count,,planned_analysis_unit; Audit_mean_once; pool_resources_N_sum_except_wall,task,hpobench:nasbench201:cifar10-valid,1,[2204],1,1,0,1,1,1,30.0,30.0,30.0,1,1,0,1,1
qwen3.8-2.4t-a95b-fp8,expgym,tuning,cost_free,single,1,feedback_visible,count,,planned_analysis_unit; Audit_mean_once; pool_resources_N_sum_except_wall,task,hpobench:nasbench201:cifar10-valid,2,[2208],1,1,0,1,1,1,30.0,30.0,30.0,1,1,0,1,1
qwen3.8-2.4t-a95b-fp8,expgym,tuning,cost_free,single,1,feedback_visible,count,,planned_analysis_unit; Audit_mean_once; pool_resources_N_sum_except_wall,task,hpobench:nasbench201:cifar100,0,[2200],1,1,0,1,1,1,30.0,30.0,30.0,1,1,0,1,1
qwen3.8-2.4t-a95b-fp8,expgym,tuning,cost_free,single,1,feedback_visible,count,,planned_analysis_unit; Audit_mean_once; pool_resources_N_sum_except_wall,task,hpobench:nasbench201:cifar100,1,[2204],1,1,0,1,1,1,30.0,30.0,30.0,1,1,0,1,1
qwen3.8-2.4t-a95b-fp8,expgym,tuning,cost_free,single,1,feedback_visible,count,,planned_analysis_unit; Audit_mean_once; pool_resources_N_sum_except_wall,task,hpobench:nasbench201:cifar100,2,[2208],1,1,0,1,1,1,27.0,27.0,27.0,1,1,0,1,1
qwen3.8-2.4t-a95b-fp8,expgym,tuning,cost_free,single,1,feedback_visible,count,,planned_analysis_unit; Audit_mean_once; pool_resources_N_sum_except_wall,task,hpobench:nasbench201:imagenet16-120,0,[2200],1,1,0,1,1,1,30.0,30.0,30.0,1,1,0,1,1
qwen3.8-2.4t-a95b-fp8,expgym,tuning,cost_free,single,1,feedback_visible,count,,planned_analysis_unit; Audit_mean_once; pool_resources_N_sum_except_wall,task,hpobench:nasbench201:imagenet16-120,1,[2204],1,1,0,1,1,1,29.0,29.0,29.0,1,1,0,1,1
qwen3.8-2.4t-a95b-fp8,expgym,tuning,cost_free,single,1,feedback_visible,count,,planned_analysis_unit; Audit_mean_once; pool_resources_N_sum_except_wall,task,hpobench:nasbench201:imagenet16-120,2,[2208],1,1,0,1,1,1,30.0,30.0,30.0,1,1,0,1,1
qwen3.8-2.4t-a95b-fp8,expgym,tuning,cost_free,single,1,feedback_visible,count,,planned_analysis_unit; Audit_mean_once; pool_resources_N_sum_except_wall,task,hpobench:paramnet:adult:steps,0,[2200],1,1,0,1,1,1,15.0,15.0,15.0,1,1,0,1,1
qwen3.8-2.4t-a95b-fp8,expgym,tuning,cost_free,single,1,feedback_visible,count,,planned_analysis_unit; Audit_mean_once; pool_resources_N_sum_except_wall,task,hpobench:paramnet:adult:steps,1,[2204],1,1,0,1,1,1,27.0,27.0,27.0,1,1,0,1,1
qwen3.8-2.4t-a95b-fp8,expgym,tuning,cost_free,single,1,feedback_visible,count,,planned_analysis_unit; Audit_mean_once; pool_resources_N_sum_except_wall,task,hpobench:paramnet:adult:steps,2,[2208],1,1,0,1,1,1,30.0,30.0,30.0,1,1,0,1,1
qwen3.8-2.4t-a95b-fp8,expgym,tuning,cost_free,single,1,feedback_visible,count,,planned_analysis_unit; Audit_mean_once; pool_resources_N_sum_except_wall,task,hpobench:paramnet:higgs:steps,0,[2200],1,1,0,1,1,1,30.0,30.0,30.0,1,1,0,1,1
qwen3.8-2.4t-a95b-fp8,expgym,tuning,cost_free,single,1,feedback_visible,count,,planned_analysis_unit; Audit_mean_once; pool_resources_N_sum_except_wall,task,hpobench:paramnet:higgs:steps,1,[2204],1,1,0,1,1,1,30.0,30.0,30.0,1,1,0,1,1
qwen3.8-2.4t-a95b-fp8,expgym,tuning,cost_free,single,1,feedback_visible,count,,planned_analysis_unit; Audit_mean_once; pool_resources_N_sum_except_wall,task,hpobench:paramnet:higgs:steps,2,[2208],1,1,0,1,1,1,30.0,30.0,30.0,1,1,0,1,1
qwen3.8-2.4t-a95b-fp8,expgym,tuning,cost_free,single,1,feedback_visible,count,,planned_analysis_unit; Audit_mean_once; pool_resources_N_sum_except_wall,task,hpobench:paramnet:letter:steps,0,[2200],1,1,0,1,1,1,30.0,30.0,30.0,1,1,0,1,1
qwen3.8-2.4t-a95b-fp8,expgym,tuning,cost_free,single,1,feedback_visible,count,,planned_analysis_unit; Audit_mean_once; pool_resources_N_sum_except_wall,task,hpobench:paramnet:letter:steps,1,[2204],1,1,0,1,1,1,30.0,30.0,30.0,1,1,0,1,1
qwen3.8-2.4t-a95b-fp8,expgym,tuning,cost_free,single,1,feedback_visible,count,,planned_analysis_unit; Audit_mean_once; pool_resources_N_sum_except_wall,task,hpobench:paramnet:letter:steps,2,[2208],1,1,0,1,1,1,30.0,30.0,30.0,1,1,0,1,1
qwen3.8-2.4t-a95b-fp8,expgym,tuning,cost_free,single,1,gap,Gap points,True,planned_analysis_unit; Audit_mean_once; pool_resources_N_sum_except_wall,all,all,0,[2200],9,9,0,9,9,9,97.21845075481563,97.21845075481563,97.21845075481563,9,9,0,1,1
qwen3.8-2.4t-a95b-fp8,expgym,tuning,cost_free,single,1,gap,Gap points,True,planned_analysis_unit; Audit_mean_once; pool_resources_N_sum_except_wall,all,all,1,[2204],9,9,0,9,9,9,97.42374327067519,97.42374327067519,97.42374327067519,9,9,0,1,1
qwen3.8-2.4t-a95b-fp8,expgym,tuning,cost_free,single,1,gap,Gap points,True,planned_analysis_unit; Audit_mean_once; pool_resources_N_sum_except_wall,all,all,2,[2208],9,9,0,9,9,9,97.7534223993323,97.7534223993323,97.7534223993323,9,9,0,1,1
qwen3.8-2.4t-a95b-fp8,expgym,tuning,cost_free,single,1,gap,Gap points,True,planned_analysis_unit; Audit_mean_once; pool_resources_N_sum_except_wall,family,nasbench101,0,[2200],3,3,0,3,3,3,98.21763137003934,98.21763137003934,98.21763137003934,3,3,0,1,1
qwen3.8-2.4t-a95b-fp8,expgym,tuning,cost_free,single,1,gap,Gap points,True,planned_analysis_unit; Audit_mean_once; pool_resources_N_sum_except_wall,family,nasbench101,1,[2204],3,3,0,3,3,3,99.06670127436199,99.06670127436199,99.06670127436199,3,3,0,1,1
qwen3.8-2.4t-a95b-fp8,expgym,tuning,cost_free,single,1,gap,Gap points,True,planned_analysis_unit; Audit_mean_once; pool_resources_N_sum_except_wall,family,nasbench101,2,[2208],3,3,0,3,3,3,98.70096537975651,98.70096537975651,98.70096537975651,3,3,0,1,1
qwen3.8-2.4t-a95b-fp8,expgym,tuning,cost_free,single,1,gap,Gap points,True,planned_analysis_unit; Audit_mean_once; pool_resources_N_sum_except_wall,family,nasbench201,0,[2200],3,3,0,3,3,3,97.42760668365081,97.42760668365081,97.42760668365081,3,3,0,1,1
qwen3.8-2.4t-a95b-fp8,expgym,tuning,cost_free,single,1,gap,Gap points,True,planned_analysis_unit; Audit_mean_once; pool_resources_N_sum_except_wall,family,nasbench201,1,[2204],3,3,0,3,3,3,99.31250369009454,99.31250369009454,99.31250369009454,3,3,0,1,1
qwen3.8-2.4t-a95b-fp8,expgym,tuning,cost_free,single,1,gap,Gap points,True,planned_analysis_unit; Audit_mean_once; pool_resources_N_sum_except_wall,family,nasbench201,2,[2208],3,3,0,3,3,3,98.61456912092937,98.61456912092937,98.61456912092937,3,3,0,1,1
qwen3.8-2.4t-a95b-fp8,expgym,tuning,cost_free,single,1,gap,Gap points,True,planned_analysis_unit; Audit_mean_once; pool_resources_N_sum_except_wall,family,paramnet,0,[2200],3,3,0,3,3,3,96.01011421075675,96.01011421075675,96.01011421075675,3,3,0,1,1
qwen3.8-2.4t-a95b-fp8,expgym,tuning,cost_free,single,1,gap,Gap points,True,planned_analysis_unit; Audit_mean_once; pool_resources_N_sum_except_wall,family,paramnet,1,[2204],3,3,0,3,3,3,93.89202484756908,93.89202484756908,93.89202484756908,3,3,0,1,1
qwen3.8-2.4t-a95b-fp8,expgym,tuning,cost_free,single,1,gap,Gap points,True,planned_analysis_unit; Audit_mean_once; pool_resources_N_sum_except_wall,family,paramnet,2,[2208],3,3,0,3,3,3,95.94473269731101,95.94473269731101,95.94473269731101,3,3,0,1,1
qwen3.8-2.4t-a95b-fp8,expgym,tuning,cost_free,single,1,gap,Gap points,True,planned_analysis_unit; Audit_mean_once; pool_resources_N_sum_except_wall,task,hpobench:nasbench101:A,0,[2200],1,1,0,1,1,1,99.6108132863334,99.6108132863334,99.6108132863334,1,1,0,1,1
qwen3.8-2.4t-a95b-fp8,expgym,tuning,cost_free,single,1,gap,Gap points,True,planned_analysis_unit; Audit_mean_once; pool_resources_N_sum_except_wall,task,hpobench:nasbench101:A,1,[2204],1,1,0,1,1,1,99.92880741180844,99.92880741180844,99.92880741180844,1,1,0,1,1
qwen3.8-2.4t-a95b-fp8,expgym,tuning,cost_free,single,1,gap,Gap points,True,planned_analysis_unit; Audit_mean_once; pool_resources_N_sum_except_wall,task,hpobench:nasbench101:A,2,[2208],1,1,0,1,1,1,99.20263792828005,99.20263792828005,99.20263792828005,1,1,0,1,1
qwen3.8-2.4t-a95b-fp8,expgym,tuning,cost_free,single,1,gap,Gap points,True,planned_analysis_unit; Audit_mean_once; pool_resources_N_sum_except_wall,task,hpobench:nasbench101:B,0,[2200],1,1,0,1,1,1,95.9517857150481,95.9517857150481,95.9517857150481,1,1,0,1,1
qwen3.8-2.4t-a95b-fp8,expgym,tuning,cost_free,single,1,gap,Gap points,True,planned_analysis_unit; Audit_mean_once; pool_resources_N_sum_except_wall,task,hpobench:nasbench101:B,1,[2204],1,1,0,1,1,1,98.13965060084907,98.13965060084907,98.13965060084907,1,1,0,1,1
qwen3.8-2.4t-a95b-fp8,expgym,tuning,cost_free,single,1,gap,Gap points,True,planned_analysis_unit; Audit_mean_once; pool_resources_N_sum_except_wall,task,hpobench:nasbench101:B,2,[2208],1,1,0,1,1,1,97.24878103412478,97.24878103412478,97.24878103412478,1,1,0,1,1
qwen3.8-2.4t-a95b-fp8,expgym,tuning,cost_free,single,1,gap,Gap points,True,planned_analysis_unit; Audit_mean_once; pool_resources_N_sum_except_wall,task,hpobench:nasbench101:C,0,[2200],1,1,0,1,1,1,99.09029510873654,99.09029510873654,99.09029510873654,1,1,0,1,1
qwen3.8-2.4t-a95b-fp8,expgym,tuning,cost_free,single,1,gap,Gap points,True,planned_analysis_unit; Audit_mean_once; pool_resources_N_sum_except_wall,task,hpobench:nasbench101:C,1,[2204],1,1,0,1,1,1,99.13164581042844,99.13164581042844,99.13164581042844,1,1,0,1,1
qwen3.8-2.4t-a95b-fp8,expgym,tuning,cost_free,single,1,gap,Gap points,True,planned_analysis_unit; Audit_mean_once; pool_resources_N_sum_except_wall,task,hpobench:nasbench101:C,2,[2208],1,1,0,1,1,1,99.65147717686469,99.65147717686469,99.65147717686469,1,1,0,1,1
qwen3.8-2.4t-a95b-fp8,expgym,tuning,cost_free,single,1,gap,Gap points,True,planned_analysis_unit; Audit_mean_once; pool_resources_N_sum_except_wall,task,hpobench:nasbench201:cifar10-valid,0,[2200],1,1,0,1,1,1,100.0,100.0,100.0,1,1,0,1,1
qwen3.8-2.4t-a95b-fp8,expgym,tuning,cost_free,single,1,gap,Gap points,True,planned_analysis_unit; Audit_mean_once; pool_resources_N_sum_except_wall,task,hpobench:nasbench201:cifar10-valid,1,[2204],1,1,0,1,1,1,100.0,100.0,100.0,1,1,0,1,1
qwen3.8-2.4t-a95b-fp8,expgym,tuning,cost_free,single,1,gap,Gap points,True,planned_analysis_unit; Audit_mean_once; pool_resources_N_sum_except_wall,task,hpobench:nasbench201:cifar10-valid,2,[2208],1,1,0,1,1,1,97.90619629250446,97.90619629250446,97.90619629250446,1,1,0,1,1
qwen3.8-2.4t-a95b-fp8,expgym,tuning,cost_free,single,1,gap,Gap points,True,planned_analysis_unit; Audit_mean_once; pool_resources_N_sum_except_wall,task,hpobench:nasbench201:cifar100,0,[2200],1,1,0,1,1,1,92.95628597911372,92.95628597911372,92.95628597911372,1,1,0,1,1
qwen3.8-2.4t-a95b-fp8,expgym,tuning,cost_free,single,1,gap,Gap points,True,planned_analysis_unit; Audit_mean_once; pool_resources_N_sum_except_wall,task,hpobench:nasbench201:cifar100,1,[2204],1,1,0,1,1,1,100.0,100.0,100.0,1,1,0,1,1
qwen3.8-2.4t-a95b-fp8,expgym,tuning,cost_free,single,1,gap,Gap points,True,planned_analysis_unit; Audit_mean_once; pool_resources_N_sum_except_wall,task,hpobench:nasbench201:cifar100,2,[2208],1,1,0,1,1,1,100.0,100.0,100.0,1,1,0,1,1
qwen3.8-2.4t-a95b-fp8,expgym,tuning,cost_free,single,1,gap,Gap points,True,planned_analysis_unit; Audit_mean_once; pool_resources_N_sum_except_wall,task,hpobench:nasbench201:imagenet16-120,0,[2200],1,1,0,1,1,1,99.32653407183867,99.32653407183867,99.32653407183867,1,1,0,1,1
qwen3.8-2.4t-a95b-fp8,expgym,tuning,cost_free,single,1,gap,Gap points,True,planned_analysis_unit; Audit_mean_once; pool_resources_N_sum_except_wall,task,hpobench:nasbench201:imagenet16-120,1,[2204],1,1,0,1,1,1,97.93751107028362,97.93751107028362,97.93751107028362,1,1,0,1,1
qwen3.8-2.4t-a95b-fp8,expgym,tuning,cost_free,single,1,gap,Gap points,True,planned_analysis_unit; Audit_mean_once; pool_resources_N_sum_except_wall,task,hpobench:nasbench201:imagenet16-120,2,[2208],1,1,0,1,1,1,97.93751107028362,97.93751107028362,97.93751107028362,1,1,0,1,1
qwen3.8-2.4t-a95b-fp8,expgym,tuning,cost_free,single,1,gap,Gap points,True,planned_analysis_unit; Audit_mean_once; pool_resources_N_sum_except_wall,task,hpobench:paramnet:adult:steps,0,[2200],1,1,0,1,1,1,92.98651106058435,92.98651106058435,92.98651106058435,1,1,0,1,1
qwen3.8-2.4t-a95b-fp8,expgym,tuning,cost_free,single,1,gap,Gap points,True,planned_analysis_unit; Audit_mean_once; pool_resources_N_sum_except_wall,task,hpobench:paramnet:adult:steps,1,[2204],1,1,0,1,1,1,94.9421937207314,94.9421937207314,94.9421937207314,1,1,0,1,1
qwen3.8-2.4t-a95b-fp8,expgym,tuning,cost_free,single,1,gap,Gap points,True,planned_analysis_unit; Audit_mean_once; pool_resources_N_sum_except_wall,task,hpobench:paramnet:adult:steps,2,[2208],1,1,0,1,1,1,95.84136223530626,95.84136223530626,95.84136223530626,1,1,0,1,1
qwen3.8-2.4t-a95b-fp8,expgym,tuning,cost_free,single,1,gap,Gap points,True,planned_analysis_unit; Audit_mean_once; pool_resources_N_sum_except_wall,task,hpobench:paramnet:higgs:steps,0,[2200],1,1,0,1,1,1,95.3626177627357,95.3626177627357,95.3626177627357,1,1,0,1,1
qwen3.8-2.4t-a95b-fp8,expgym,tuning,cost_free,single,1,gap,Gap points,True,planned_analysis_unit; Audit_mean_once; pool_resources_N_sum_except_wall,task,hpobench:paramnet:higgs:steps,1,[2204],1,1,0,1,1,1,93.68256080155085,93.68256080155085,93.68256080155085,1,1,0,1,1
qwen3.8-2.4t-a95b-fp8,expgym,tuning,cost_free,single,1,gap,Gap points,True,planned_analysis_unit; Audit_mean_once; pool_resources_N_sum_except_wall,task,hpobench:paramnet:higgs:steps,2,[2208],1,1,0,1,1,1,92.94057934571727,92.94057934571727,92.94057934571727,1,1,0,1,1
qwen3.8-2.4t-a95b-fp8,expgym,tuning,cost_free,single,1,gap,Gap points,True,planned_analysis_unit; Audit_mean_once; pool_resources_N_sum_except_wall,task,hpobench:paramnet:letter:steps,0,[2200],1,1,0,1,1,1,99.68121380895023,99.68121380895023,99.68121380895023,1,1,0,1,1
qwen3.8-2.4t-a95b-fp8,expgym,tuning,cost_free,single,1,gap,Gap points,True,planned_analysis_unit; Audit_mean_once; pool_resources_N_sum_except_wall,task,hpobench:paramnet:letter:steps,1,[2204],1,1,0,1,1,1,93.05132002042498,93.05132002042498,93.05132002042498,1,1,0,1,1
qwen3.8-2.4t-a95b-fp8,expgym,tuning,cost_free,single,1,gap,Gap points,True,planned_analysis_unit; Audit_mean_once; pool_resources_N_sum_except_wall,task,hpobench:paramnet:letter:steps,2,[2208],1,1,0,1,1,1,99.05225651090953,99.05225651090953,99.05225651090953,1,1,0,1,1
qwen3.8-2.4t-a95b-fp8,expgym,tuning,cost_free,single,1,input_tokens,tokens,,planned_analysis_unit; Audit_mean_once; pool_resources_N_sum_except_wall,all,all,0,[2200],9,9,0,9,9,9,275231.1111111111,275231.1111111111,275231.1111111111,9,9,0,1,1
qwen3.8-2.4t-a95b-fp8,expgym,tuning,cost_free,single,1,input_tokens,tokens,,planned_analysis_unit; Audit_mean_once; pool_resources_N_sum_except_wall,all,all,1,[2204],9,9,0,9,9,9,271969.6666666667,271969.6666666667,271969.6666666667,9,9,0,1,1
qwen3.8-2.4t-a95b-fp8,expgym,tuning,cost_free,single,1,input_tokens,tokens,,planned_analysis_unit; Audit_mean_once; pool_resources_N_sum_except_wall,all,all,2,[2208],9,9,0,9,9,9,256104.0,256104.0,256104.0,9,9,0,1,1
qwen3.8-2.4t-a95b-fp8,expgym,tuning,cost_free,single,1,input_tokens,tokens,,planned_analysis_unit; Audit_mean_once; pool_resources_N_sum_except_wall,family,nasbench101,0,[2200],3,3,0,3,3,3,544112.0,544112.0,544112.0,3,3,0,1,1
qwen3.8-2.4t-a95b-fp8,expgym,tuning,cost_free,single,1,input_tokens,tokens,,planned_analysis_unit; Audit_mean_once; pool_resources_N_sum_except_wall,family,nasbench101,1,[2204],3,3,0,3,3,3,512116.3333333333,512116.3333333333,512116.3333333333,3,3,0,1,1
qwen3.8-2.4t-a95b-fp8,expgym,tuning,cost_free,single,1,input_tokens,tokens,,planned_analysis_unit; Audit_mean_once; pool_resources_N_sum_except_wall,family,nasbench101,2,[2208],3,3,0,3,3,3,464563.3333333333,464563.3333333333,464563.3333333333,3,3,0,1,1
qwen3.8-2.4t-a95b-fp8,expgym,tuning,cost_free,single,1,input_tokens,tokens,,planned_analysis_unit; Audit_mean_once; pool_resources_N_sum_except_wall,family,nasbench201,0,[2200],3,3,0,3,3,3,166330.33333333334,166330.33333333334,166330.33333333334,3,3,0,1,1
qwen3.8-2.4t-a95b-fp8,expgym,tuning,cost_free,single,1,input_tokens,tokens,,planned_analysis_unit; Audit_mean_once; pool_resources_N_sum_except_wall,family,nasbench201,1,[2204],3,3,0,3,3,3,164041.33333333334,164041.33333333334,164041.33333333334,3,3,0,1,1
qwen3.8-2.4t-a95b-fp8,expgym,tuning,cost_free,single,1,input_tokens,tokens,,planned_analysis_unit; Audit_mean_once; pool_resources_N_sum_except_wall,family,nasbench201,2,[2208],3,3,0,3,3,3,160180.33333333334,160180.33333333334,160180.33333333334,3,3,0,1,1
qwen3.8-2.4t-a95b-fp8,expgym,tuning,cost_free,single,1,input_tokens,tokens,,planned_analysis_unit; Audit_mean_once; pool_resources_N_sum_except_wall,family,paramnet,0,[2200],3,3,0,3,3,3,115251.0,115251.0,115251.0,3,3,0,1,1
qwen3.8-2.4t-a95b-fp8,expgym,tuning,cost_free,single,1,input_tokens,tokens,,planned_analysis_unit; Audit_mean_once; pool_resources_N_sum_except_wall,family,paramnet,1,[2204],3,3,0,3,3,3,139751.33333333334,139751.33333333334,139751.33333333334,3,3,0,1,1
qwen3.8-2.4t-a95b-fp8,expgym,tuning,cost_free,single,1,input_tokens,tokens,,planned_analysis_unit; Audit_mean_once; pool_resources_N_sum_except_wall,family,paramnet,2,[2208],3,3,0,3,3,3,143568.33333333334,143568.33333333334,143568.33333333334,3,3,0,1,1
qwen3.8-2.4t-a95b-fp8,expgym,tuning,cost_free,single,1,input_tokens,tokens,,planned_analysis_unit; Audit_mean_once; pool_resources_N_sum_except_wall,task,hpobench:nasbench101:A,0,[2200],1,1,0,1,1,1,546639.0,546639.0,546639.0,1,1,0,1,1
qwen3.8-2.4t-a95b-fp8,expgym,tuning,cost_free,single,1,input_tokens,tokens,,planned_analysis_unit; Audit_mean_once; pool_resources_N_sum_except_wall,task,hpobench:nasbench101:A,1,[2204],1,1,0,1,1,1,480645.0,480645.0,480645.0,1,1,0,1,1
qwen3.8-2.4t-a95b-fp8,expgym,tuning,cost_free,single,1,input_tokens,tokens,,planned_analysis_unit; Audit_mean_once; pool_resources_N_sum_except_wall,task,hpobench:nasbench101:A,2,[2208],1,1,0,1,1,1,500850.0,500850.0,500850.0,1,1,0,1,1
qwen3.8-2.4t-a95b-fp8,expgym,tuning,cost_free,single,1,input_tokens,tokens,,planned_analysis_unit; Audit_mean_once; pool_resources_N_sum_except_wall,task,hpobench:nasbench101:B,0,[2200],1,1,0,1,1,1,532756.0,532756.0,532756.0,1,1,0,1,1
qwen3.8-2.4t-a95b-fp8,expgym,tuning,cost_free,single,1,input_tokens,tokens,,planned_analysis_unit; Audit_mean_once; pool_resources_N_sum_except_wall,task,hpobench:nasbench101:B,1,[2204],1,1,0,1,1,1,341856.0,341856.0,341856.0,1,1,0,1,1
qwen3.8-2.4t-a95b-fp8,expgym,tuning,cost_free,single,1,input_tokens,tokens,,planned_analysis_unit; Audit_mean_once; pool_resources_N_sum_except_wall,task,hpobench:nasbench101:B,2,[2208],1,1,0,1,1,1,408964.0,408964.0,408964.0,1,1,0,1,1
qwen3.8-2.4t-a95b-fp8,expgym,tuning,cost_free,single,1,input_tokens,tokens,,planned_analysis_unit; Audit_mean_once; pool_resources_N_sum_except_wall,task,hpobench:nasbench101:C,0,[2200],1,1,0,1,1,1,552941.0,552941.0,552941.0,1,1,0,1,1
qwen3.8-2.4t-a95b-fp8,expgym,tuning,cost_free,single,1,input_tokens,tokens,,planned_analysis_unit; Audit_mean_once; pool_resources_N_sum_except_wall,task,hpobench:nasbench101:C,1,[2204],1,1,0,1,1,1,713848.0,713848.0,713848.0,1,1,0,1,1
qwen3.8-2.4t-a95b-fp8,expgym,tuning,cost_free,single,1,input_tokens,tokens,,planned_analysis_unit; Audit_mean_once; pool_resources_N_sum_except_wall,task,hpobench:nasbench101:C,2,[2208],1,1,0,1,1,1,483876.0,483876.0,483876.0,1,1,0,1,1
qwen3.8-2.4t-a95b-fp8,expgym,tuning,cost_free,single,1,input_tokens,tokens,,planned_analysis_unit; Audit_mean_once; pool_resources_N_sum_except_wall,task,hpobench:nasbench201:cifar10-valid,0,[2200],1,1,0,1,1,1,190957.0,190957.0,190957.0,1,1,0,1,1
qwen3.8-2.4t-a95b-fp8,expgym,tuning,cost_free,single,1,input_tokens,tokens,,planned_analysis_unit; Audit_mean_once; pool_resources_N_sum_except_wall,task,hpobench:nasbench201:cifar10-valid,1,[2204],1,1,0,1,1,1,133594.0,133594.0,133594.0,1,1,0,1,1
qwen3.8-2.4t-a95b-fp8,expgym,tuning,cost_free,single,1,input_tokens,tokens,,planned_analysis_unit; Audit_mean_once; pool_resources_N_sum_except_wall,task,hpobench:nasbench201:cifar10-valid,2,[2208],1,1,0,1,1,1,208008.0,208008.0,208008.0,1,1,0,1,1
qwen3.8-2.4t-a95b-fp8,expgym,tuning,cost_free,single,1,input_tokens,tokens,,planned_analysis_unit; Audit_mean_once; pool_resources_N_sum_except_wall,task,hpobench:nasbench201:cifar100,0,[2200],1,1,0,1,1,1,138139.0,138139.0,138139.0,1,1,0,1,1
qwen3.8-2.4t-a95b-fp8,expgym,tuning,cost_free,single,1,input_tokens,tokens,,planned_analysis_unit; Audit_mean_once; pool_resources_N_sum_except_wall,task,hpobench:nasbench201:cifar100,1,[2204],1,1,0,1,1,1,176734.0,176734.0,176734.0,1,1,0,1,1
qwen3.8-2.4t-a95b-fp8,expgym,tuning,cost_free,single,1,input_tokens,tokens,,planned_analysis_unit; Audit_mean_once; pool_resources_N_sum_except_wall,task,hpobench:nasbench201:cifar100,2,[2208],1,1,0,1,1,1,115423.0,115423.0,115423.0,1,1,0,1,1
qwen3.8-2.4t-a95b-fp8,expgym,tuning,cost_free,single,1,input_tokens,tokens,,planned_analysis_unit; Audit_mean_once; pool_resources_N_sum_except_wall,task,hpobench:nasbench201:imagenet16-120,0,[2200],1,1,0,1,1,1,169895.0,169895.0,169895.0,1,1,0,1,1
qwen3.8-2.4t-a95b-fp8,expgym,tuning,cost_free,single,1,input_tokens,tokens,,planned_analysis_unit; Audit_mean_once; pool_resources_N_sum_except_wall,task,hpobench:nasbench201:imagenet16-120,1,[2204],1,1,0,1,1,1,181796.0,181796.0,181796.0,1,1,0,1,1
qwen3.8-2.4t-a95b-fp8,expgym,tuning,cost_free,single,1,input_tokens,tokens,,planned_analysis_unit; Audit_mean_once; pool_resources_N_sum_except_wall,task,hpobench:nasbench201:imagenet16-120,2,[2208],1,1,0,1,1,1,157110.0,157110.0,157110.0,1,1,0,1,1
qwen3.8-2.4t-a95b-fp8,expgym,tuning,cost_free,single,1,input_tokens,tokens,,planned_analysis_unit; Audit_mean_once; pool_resources_N_sum_except_wall,task,hpobench:paramnet:adult:steps,0,[2200],1,1,0,1,1,1,68314.0,68314.0,68314.0,1,1,0,1,1
qwen3.8-2.4t-a95b-fp8,expgym,tuning,cost_free,single,1,input_tokens,tokens,,planned_analysis_unit; Audit_mean_once; pool_resources_N_sum_except_wall,task,hpobench:paramnet:adult:steps,1,[2204],1,1,0,1,1,1,132742.0,132742.0,132742.0,1,1,0,1,1
qwen3.8-2.4t-a95b-fp8,expgym,tuning,cost_free,single,1,input_tokens,tokens,,planned_analysis_unit; Audit_mean_once; pool_resources_N_sum_except_wall,task,hpobench:paramnet:adult:steps,2,[2208],1,1,0,1,1,1,154742.0,154742.0,154742.0,1,1,0,1,1
qwen3.8-2.4t-a95b-fp8,expgym,tuning,cost_free,single,1,input_tokens,tokens,,planned_analysis_unit; Audit_mean_once; pool_resources_N_sum_except_wall,task,hpobench:paramnet:higgs:steps,0,[2200],1,1,0,1,1,1,137978.0,137978.0,137978.0,1,1,0,1,1
qwen3.8-2.4t-a95b-fp8,expgym,tuning,cost_free,single,1,input_tokens,tokens,,planned_analysis_unit; Audit_mean_once; pool_resources_N_sum_except_wall,task,hpobench:paramnet:higgs:steps,1,[2204],1,1,0,1,1,1,143684.0,143684.0,143684.0,1,1,0,1,1
qwen3.8-2.4t-a95b-fp8,expgym,tuning,cost_free,single,1,input_tokens,tokens,,planned_analysis_unit; Audit_mean_once; pool_resources_N_sum_except_wall,task,hpobench:paramnet:higgs:steps,2,[2208],1,1,0,1,1,1,137646.0,137646.0,137646.0,1,1,0,1,1
qwen3.8-2.4t-a95b-fp8,expgym,tuning,cost_free,single,1,input_tokens,tokens,,planned_analysis_unit; Audit_mean_once; pool_resources_N_sum_except_wall,task,hpobench:paramnet:letter:steps,0,[2200],1,1,0,1,1,1,139461.0,139461.0,139461.0,1,1,0,1,1
qwen3.8-2.4t-a95b-fp8,expgym,tuning,cost_free,single,1,input_tokens,tokens,,planned_analysis_unit; Audit_mean_once; pool_resources_N_sum_except_wall,task,hpobench:paramnet:letter:steps,1,[2204],1,1,0,1,1,1,142828.0,142828.0,142828.0,1,1,0,1,1
qwen3.8-2.4t-a95b-fp8,expgym,tuning,cost_free,single,1,input_tokens,tokens,,planned_analysis_unit; Audit_mean_once; pool_resources_N_sum_except_wall,task,hpobench:paramnet:letter:steps,2,[2208],1,1,0,1,1,1,138317.0,138317.0,138317.0,1,1,0,1,1
qwen3.8-2.4t-a95b-fp8,expgym,tuning,cost_free,single,1,output_tokens,tokens,,planned_analysis_unit; Audit_mean_once; pool_resources_N_sum_except_wall,all,all,0,[2200],9,9,0,9,9,9,16701.11111111111,16701.11111111111,16701.11111111111,9,9,0,1,1
qwen3.8-2.4t-a95b-fp8,expgym,tuning,cost_free,single,1,output_tokens,tokens,,planned_analysis_unit; Audit_mean_once; pool_resources_N_sum_except_wall,all,all,1,[2204],9,9,0,9,9,9,12615.0,12615.0,12615.0,9,9,0,1,1
qwen3.8-2.4t-a95b-fp8,expgym,tuning,cost_free,single,1,output_tokens,tokens,,planned_analysis_unit; Audit_mean_once; pool_resources_N_sum_except_wall,all,all,2,[2208],9,9,0,9,9,9,11922.777777777777,11922.777777777777,11922.777777777777,9,9,0,1,1
qwen3.8-2.4t-a95b-fp8,expgym,tuning,cost_free,single,1,output_tokens,tokens,,planned_analysis_unit; Audit_mean_once; pool_resources_N_sum_except_wall,family,nasbench101,0,[2200],3,3,0,3,3,3,26122.666666666668,26122.666666666668,26122.666666666668,3,3,0,1,1
qwen3.8-2.4t-a95b-fp8,expgym,tuning,cost_free,single,1,output_tokens,tokens,,planned_analysis_unit; Audit_mean_once; pool_resources_N_sum_except_wall,family,nasbench101,1,[2204],3,3,0,3,3,3,24536.0,24536.0,24536.0,3,3,0,1,1
qwen3.8-2.4t-a95b-fp8,expgym,tuning,cost_free,single,1,output_tokens,tokens,,planned_analysis_unit; Audit_mean_once; pool_resources_N_sum_except_wall,family,nasbench101,2,[2208],3,3,0,3,3,3,20903.333333333332,20903.333333333332,20903.333333333332,3,3,0,1,1
qwen3.8-2.4t-a95b-fp8,expgym,tuning,cost_free,single,1,output_tokens,tokens,,planned_analysis_unit; Audit_mean_once; pool_resources_N_sum_except_wall,family,nasbench201,0,[2200],3,3,0,3,3,3,7437.0,7437.0,7437.0,3,3,0,1,1
qwen3.8-2.4t-a95b-fp8,expgym,tuning,cost_free,single,1,output_tokens,tokens,,planned_analysis_unit; Audit_mean_once; pool_resources_N_sum_except_wall,family,nasbench201,1,[2204],3,3,0,3,3,3,6635.666666666667,6635.666666666667,6635.666666666667,3,3,0,1,1
qwen3.8-2.4t-a95b-fp8,expgym,tuning,cost_free,single,1,output_tokens,tokens,,planned_analysis_unit; Audit_mean_once; pool_resources_N_sum_except_wall,family,nasbench201,2,[2208],3,3,0,3,3,3,8325.0,8325.0,8325.0,3,3,0,1,1
qwen3.8-2.4t-a95b-fp8,expgym,tuning,cost_free,single,1,output_tokens,tokens,,planned_analysis_unit; Audit_mean_once; pool_resources_N_sum_except_wall,family,paramnet,0,[2200],3,3,0,3,3,3,16543.666666666668,16543.666666666668,16543.666666666668,3,3,0,1,1
qwen3.8-2.4t-a95b-fp8,expgym,tuning,cost_free,single,1,output_tokens,tokens,,planned_analysis_unit; Audit_mean_once; pool_resources_N_sum_except_wall,family,paramnet,1,[2204],3,3,0,3,3,3,6673.333333333333,6673.333333333333,6673.333333333333,3,3,0,1,1
qwen3.8-2.4t-a95b-fp8,expgym,tuning,cost_free,single,1,output_tokens,tokens,,planned_analysis_unit; Audit_mean_once; pool_resources_N_sum_except_wall,family,paramnet,2,[2208],3,3,0,3,3,3,6540.0,6540.0,6540.0,3,3,0,1,1
qwen3.8-2.4t-a95b-fp8,expgym,tuning,cost_free,single,1,output_tokens,tokens,,planned_analysis_unit; Audit_mean_once; pool_resources_N_sum_except_wall,task,hpobench:nasbench101:A,0,[2200],1,1,0,1,1,1,27790.0,27790.0,27790.0,1,1,0,1,1
qwen3.8-2.4t-a95b-fp8,expgym,tuning,cost_free,single,1,output_tokens,tokens,,planned_analysis_unit; Audit_mean_once; pool_resources_N_sum_except_wall,task,hpobench:nasbench101:A,1,[2204],1,1,0,1,1,1,24385.0,24385.0,24385.0,1,1,0,1,1
qwen3.8-2.4t-a95b-fp8,expgym,tuning,cost_free,single,1,output_tokens,tokens,,planned_analysis_unit; Audit_mean_once; pool_resources_N_sum_except_wall,task,hpobench:nasbench101:A,2,[2208],1,1,0,1,1,1,23339.0,23339.0,23339.0,1,1,0,1,1
qwen3.8-2.4t-a95b-fp8,expgym,tuning,cost_free,single,1,output_tokens,tokens,,planned_analysis_unit; Audit_mean_once; pool_resources_N_sum_except_wall,task,hpobench:nasbench101:B,0,[2200],1,1,0,1,1,1,24433.0,24433.0,24433.0,1,1,0,1,1
qwen3.8-2.4t-a95b-fp8,expgym,tuning,cost_free,single,1,output_tokens,tokens,,planned_analysis_unit; Audit_mean_once; pool_resources_N_sum_except_wall,task,hpobench:nasbench101:B,1,[2204],1,1,0,1,1,1,14179.0,14179.0,14179.0,1,1,0,1,1
qwen3.8-2.4t-a95b-fp8,expgym,tuning,cost_free,single,1,output_tokens,tokens,,planned_analysis_unit; Audit_mean_once; pool_resources_N_sum_except_wall,task,hpobench:nasbench101:B,2,[2208],1,1,0,1,1,1,16494.0,16494.0,16494.0,1,1,0,1,1
qwen3.8-2.4t-a95b-fp8,expgym,tuning,cost_free,single,1,output_tokens,tokens,,planned_analysis_unit; Audit_mean_once; pool_resources_N_sum_except_wall,task,hpobench:nasbench101:C,0,[2200],1,1,0,1,1,1,26145.0,26145.0,26145.0,1,1,0,1,1
qwen3.8-2.4t-a95b-fp8,expgym,tuning,cost_free,single,1,output_tokens,tokens,,planned_analysis_unit; Audit_mean_once; pool_resources_N_sum_except_wall,task,hpobench:nasbench101:C,1,[2204],1,1,0,1,1,1,35044.0,35044.0,35044.0,1,1,0,1,1
qwen3.8-2.4t-a95b-fp8,expgym,tuning,cost_free,single,1,output_tokens,tokens,,planned_analysis_unit; Audit_mean_once; pool_resources_N_sum_except_wall,task,hpobench:nasbench101:C,2,[2208],1,1,0,1,1,1,22877.0,22877.0,22877.0,1,1,0,1,1
qwen3.8-2.4t-a95b-fp8,expgym,tuning,cost_free,single,1,output_tokens,tokens,,planned_analysis_unit; Audit_mean_once; pool_resources_N_sum_except_wall,task,hpobench:nasbench201:cifar10-valid,0,[2200],1,1,0,1,1,1,8401.0,8401.0,8401.0,1,1,0,1,1
qwen3.8-2.4t-a95b-fp8,expgym,tuning,cost_free,single,1,output_tokens,tokens,,planned_analysis_unit; Audit_mean_once; pool_resources_N_sum_except_wall,task,hpobench:nasbench201:cifar10-valid,1,[2204],1,1,0,1,1,1,6254.0,6254.0,6254.0,1,1,0,1,1
qwen3.8-2.4t-a95b-fp8,expgym,tuning,cost_free,single,1,output_tokens,tokens,,planned_analysis_unit; Audit_mean_once; pool_resources_N_sum_except_wall,task,hpobench:nasbench201:cifar10-valid,2,[2208],1,1,0,1,1,1,10278.0,10278.0,10278.0,1,1,0,1,1
qwen3.8-2.4t-a95b-fp8,expgym,tuning,cost_free,single,1,output_tokens,tokens,,planned_analysis_unit; Audit_mean_once; pool_resources_N_sum_except_wall,task,hpobench:nasbench201:cifar100,0,[2200],1,1,0,1,1,1,5324.0,5324.0,5324.0,1,1,0,1,1
qwen3.8-2.4t-a95b-fp8,expgym,tuning,cost_free,single,1,output_tokens,tokens,,planned_analysis_unit; Audit_mean_once; pool_resources_N_sum_except_wall,task,hpobench:nasbench201:cifar100,1,[2204],1,1,0,1,1,1,6790.0,6790.0,6790.0,1,1,0,1,1
qwen3.8-2.4t-a95b-fp8,expgym,tuning,cost_free,single,1,output_tokens,tokens,,planned_analysis_unit; Audit_mean_once; pool_resources_N_sum_except_wall,task,hpobench:nasbench201:cifar100,2,[2208],1,1,0,1,1,1,7847.0,7847.0,7847.0,1,1,0,1,1
qwen3.8-2.4t-a95b-fp8,expgym,tuning,cost_free,single,1,output_tokens,tokens,,planned_analysis_unit; Audit_mean_once; pool_resources_N_sum_except_wall,task,hpobench:nasbench201:imagenet16-120,0,[2200],1,1,0,1,1,1,8586.0,8586.0,8586.0,1,1,0,1,1
qwen3.8-2.4t-a95b-fp8,expgym,tuning,cost_free,single,1,output_tokens,tokens,,planned_analysis_unit; Audit_mean_once; pool_resources_N_sum_except_wall,task,hpobench:nasbench201:imagenet16-120,1,[2204],1,1,0,1,1,1,6863.0,6863.0,6863.0,1,1,0,1,1
qwen3.8-2.4t-a95b-fp8,expgym,tuning,cost_free,single,1,output_tokens,tokens,,planned_analysis_unit; Audit_mean_once; pool_resources_N_sum_except_wall,task,hpobench:nasbench201:imagenet16-120,2,[2208],1,1,0,1,1,1,6850.0,6850.0,6850.0,1,1,0,1,1
qwen3.8-2.4t-a95b-fp8,expgym,tuning,cost_free,single,1,output_tokens,tokens,,planned_analysis_unit; Audit_mean_once; pool_resources_N_sum_except_wall,task,hpobench:paramnet:adult:steps,0,[2200],1,1,0,1,1,1,37041.0,37041.0,37041.0,1,1,0,1,1
qwen3.8-2.4t-a95b-fp8,expgym,tuning,cost_free,single,1,output_tokens,tokens,,planned_analysis_unit; Audit_mean_once; pool_resources_N_sum_except_wall,task,hpobench:paramnet:adult:steps,1,[2204],1,1,0,1,1,1,7519.0,7519.0,7519.0,1,1,0,1,1
qwen3.8-2.4t-a95b-fp8,expgym,tuning,cost_free,single,1,output_tokens,tokens,,planned_analysis_unit; Audit_mean_once; pool_resources_N_sum_except_wall,task,hpobench:paramnet:adult:steps,2,[2208],1,1,0,1,1,1,7662.0,7662.0,7662.0,1,1,0,1,1
qwen3.8-2.4t-a95b-fp8,expgym,tuning,cost_free,single,1,output_tokens,tokens,,planned_analysis_unit; Audit_mean_once; pool_resources_N_sum_except_wall,task,hpobench:paramnet:higgs:steps,0,[2200],1,1,0,1,1,1,5971.0,5971.0,5971.0,1,1,0,1,1
qwen3.8-2.4t-a95b-fp8,expgym,tuning,cost_free,single,1,output_tokens,tokens,,planned_analysis_unit; Audit_mean_once; pool_resources_N_sum_except_wall,task,hpobench:paramnet:higgs:steps,1,[2204],1,1,0,1,1,1,6261.0,6261.0,6261.0,1,1,0,1,1
qwen3.8-2.4t-a95b-fp8,expgym,tuning,cost_free,single,1,output_tokens,tokens,,planned_analysis_unit; Audit_mean_once; pool_resources_N_sum_except_wall,task,hpobench:paramnet:higgs:steps,2,[2208],1,1,0,1,1,1,5966.0,5966.0,5966.0,1,1,0,1,1
qwen3.8-2.4t-a95b-fp8,expgym,tuning,cost_free,single,1,output_tokens,tokens,,planned_analysis_unit; Audit_mean_once; pool_resources_N_sum_except_wall,task,hpobench:paramnet:letter:steps,0,[2200],1,1,0,1,1,1,6619.0,6619.0,6619.0,1,1,0,1,1
qwen3.8-2.4t-a95b-fp8,expgym,tuning,cost_free,single,1,output_tokens,tokens,,planned_analysis_unit; Audit_mean_once; pool_resources_N_sum_except_wall,task,hpobench:paramnet:letter:steps,1,[2204],1,1,0,1,1,1,6240.0,6240.0,6240.0,1,1,0,1,1
qwen3.8-2.4t-a95b-fp8,expgym,tuning,cost_free,single,1,output_tokens,tokens,,planned_analysis_unit; Audit_mean_once; pool_resources_N_sum_except_wall,task,hpobench:paramnet:letter:steps,2,[2208],1,1,0,1,1,1,5992.0,5992.0,5992.0,1,1,0,1,1
qwen3.8-2.4t-a95b-fp8,expgym,tuning,cost_free,single,1,protocol_failure_rate,fraction,,planned_analysis_unit; Audit_mean_once; pool_resources_N_sum_except_wall,all,all,0,[2200],9,9,0,9,9,9,0.01592990840302668,0.01592990840302668,0.01592990840302668,9,9,0,1,1
qwen3.8-2.4t-a95b-fp8,expgym,tuning,cost_free,single,1,protocol_failure_rate,fraction,,planned_analysis_unit; Audit_mean_once; pool_resources_N_sum_except_wall,all,all,1,[2204],9,9,0,9,9,9,0.007168458781362007,0.007168458781362007,0.007168458781362007,9,9,0,1,1
qwen3.8-2.4t-a95b-fp8,expgym,tuning,cost_free,single,1,protocol_failure_rate,fraction,,planned_analysis_unit; Audit_mean_once; pool_resources_N_sum_except_wall,all,all,2,[2208],9,9,0,9,9,9,0.0035842293906810036,0.0035842293906810036,0.0035842293906810036,9,9,0,1,1
qwen3.8-2.4t-a95b-fp8,expgym,tuning,cost_free,single,1,protocol_failure_rate,fraction,,planned_analysis_unit; Audit_mean_once; pool_resources_N_sum_except_wall,family,nasbench101,0,[2200],3,3,0,3,3,3,0.01075268817204301,0.01075268817204301,0.01075268817204301,3,3,0,1,1
qwen3.8-2.4t-a95b-fp8,expgym,tuning,cost_free,single,1,protocol_failure_rate,fraction,,planned_analysis_unit; Audit_mean_once; pool_resources_N_sum_except_wall,family,nasbench101,1,[2204],3,3,0,3,3,3,0.01075268817204301,0.01075268817204301,0.01075268817204301,3,3,0,1,1
qwen3.8-2.4t-a95b-fp8,expgym,tuning,cost_free,single,1,protocol_failure_rate,fraction,,planned_analysis_unit; Audit_mean_once; pool_resources_N_sum_except_wall,family,nasbench101,2,[2208],3,3,0,3,3,3,0.01075268817204301,0.01075268817204301,0.01075268817204301,3,3,0,1,1
qwen3.8-2.4t-a95b-fp8,expgym,tuning,cost_free,single,1,protocol_failure_rate,fraction,,planned_analysis_unit; Audit_mean_once; pool_resources_N_sum_except_wall,family,nasbench201,0,[2200],3,3,0,3,3,3,0.0,0.0,0.0,3,3,0,1,1
qwen3.8-2.4t-a95b-fp8,expgym,tuning,cost_free,single,1,protocol_failure_rate,fraction,,planned_analysis_unit; Audit_mean_once; pool_resources_N_sum_except_wall,family,nasbench201,1,[2204],3,3,0,3,3,3,0.01075268817204301,0.01075268817204301,0.01075268817204301,3,3,0,1,1
qwen3.8-2.4t-a95b-fp8,expgym,tuning,cost_free,single,1,protocol_failure_rate,fraction,,planned_analysis_unit; Audit_mean_once; pool_resources_N_sum_except_wall,family,nasbench201,2,[2208],3,3,0,3,3,3,0.0,0.0,0.0,3,3,0,1,1
qwen3.8-2.4t-a95b-fp8,expgym,tuning,cost_free,single,1,protocol_failure_rate,fraction,,planned_analysis_unit; Audit_mean_once; pool_resources_N_sum_except_wall,family,paramnet,0,[2200],3,3,0,3,3,3,0.037037037037037035,0.037037037037037035,0.037037037037037035,3,3,0,1,1
qwen3.8-2.4t-a95b-fp8,expgym,tuning,cost_free,single,1,protocol_failure_rate,fraction,,planned_analysis_unit; Audit_mean_once; pool_resources_N_sum_except_wall,family,paramnet,1,[2204],3,3,0,3,3,3,0.0,0.0,0.0,3,3,0,1,1
qwen3.8-2.4t-a95b-fp8,expgym,tuning,cost_free,single,1,protocol_failure_rate,fraction,,planned_analysis_unit; Audit_mean_once; pool_resources_N_sum_except_wall,family,paramnet,2,[2208],3,3,0,3,3,3,0.0,0.0,0.0,3,3,0,1,1
qwen3.8-2.4t-a95b-fp8,expgym,tuning,cost_free,single,1,protocol_failure_rate,fraction,,planned_analysis_unit; Audit_mean_once; pool_resources_N_sum_except_wall,task,hpobench:nasbench101:A,0,[2200],1,1,0,1,1,1,0.03225806451612903,0.03225806451612903,0.03225806451612903,1,1,0,1,1
qwen3.8-2.4t-a95b-fp8,expgym,tuning,cost_free,single,1,protocol_failure_rate,fraction,,planned_analysis_unit; Audit_mean_once; pool_resources_N_sum_except_wall,task,hpobench:nasbench101:A,1,[2204],1,1,0,1,1,1,0.0,0.0,0.0,1,1,0,1,1
qwen3.8-2.4t-a95b-fp8,expgym,tuning,cost_free,single,1,protocol_failure_rate,fraction,,planned_analysis_unit; Audit_mean_once; pool_resources_N_sum_except_wall,task,hpobench:nasbench101:A,2,[2208],1,1,0,1,1,1,0.0,0.0,0.0,1,1,0,1,1
qwen3.8-2.4t-a95b-fp8,expgym,tuning,cost_free,single,1,protocol_failure_rate,fraction,,planned_analysis_unit; Audit_mean_once; pool_resources_N_sum_except_wall,task,hpobench:nasbench101:B,0,[2200],1,1,0,1,1,1,0.0,0.0,0.0,1,1,0,1,1
qwen3.8-2.4t-a95b-fp8,expgym,tuning,cost_free,single,1,protocol_failure_rate,fraction,,planned_analysis_unit; Audit_mean_once; pool_resources_N_sum_except_wall,task,hpobench:nasbench101:B,1,[2204],1,1,0,1,1,1,0.0,0.0,0.0,1,1,0,1,1
qwen3.8-2.4t-a95b-fp8,expgym,tuning,cost_free,single,1,protocol_failure_rate,fraction,,planned_analysis_unit; Audit_mean_once; pool_resources_N_sum_except_wall,task,hpobench:nasbench101:B,2,[2208],1,1,0,1,1,1,0.03225806451612903,0.03225806451612903,0.03225806451612903,1,1,0,1,1
qwen3.8-2.4t-a95b-fp8,expgym,tuning,cost_free,single,1,protocol_failure_rate,fraction,,planned_analysis_unit; Audit_mean_once; pool_resources_N_sum_except_wall,task,hpobench:nasbench101:C,0,[2200],1,1,0,1,1,1,0.0,0.0,0.0,1,1,0,1,1
qwen3.8-2.4t-a95b-fp8,expgym,tuning,cost_free,single,1,protocol_failure_rate,fraction,,planned_analysis_unit; Audit_mean_once; pool_resources_N_sum_except_wall,task,hpobench:nasbench101:C,1,[2204],1,1,0,1,1,1,0.03225806451612903,0.03225806451612903,0.03225806451612903,1,1,0,1,1
qwen3.8-2.4t-a95b-fp8,expgym,tuning,cost_free,single,1,protocol_failure_rate,fraction,,planned_analysis_unit; Audit_mean_once; pool_resources_N_sum_except_wall,task,hpobench:nasbench101:C,2,[2208],1,1,0,1,1,1,0.0,0.0,0.0,1,1,0,1,1
qwen3.8-2.4t-a95b-fp8,expgym,tuning,cost_free,single,1,protocol_failure_rate,fraction,,planned_analysis_unit; Audit_mean_once; pool_resources_N_sum_except_wall,task,hpobench:nasbench201:cifar10-valid,0,[2200],1,1,0,1,1,1,0.0,0.0,0.0,1,1,0,1,1
qwen3.8-2.4t-a95b-fp8,expgym,tuning,cost_free,single,1,protocol_failure_rate,fraction,,planned_analysis_unit; Audit_mean_once; pool_resources_N_sum_except_wall,task,hpobench:nasbench201:cifar10-valid,1,[2204],1,1,0,1,1,1,0.0,0.0,0.0,1,1,0,1,1
qwen3.8-2.4t-a95b-fp8,expgym,tuning,cost_free,single,1,protocol_failure_rate,fraction,,planned_analysis_unit; Audit_mean_once; pool_resources_N_sum_except_wall,task,hpobench:nasbench201:cifar10-valid,2,[2208],1,1,0,1,1,1,0.0,0.0,0.0,1,1,0,1,1
qwen3.8-2.4t-a95b-fp8,expgym,tuning,cost_free,single,1,protocol_failure_rate,fraction,,planned_analysis_unit; Audit_mean_once; pool_resources_N_sum_except_wall,task,hpobench:nasbench201:cifar100,0,[2200],1,1,0,1,1,1,0.0,0.0,0.0,1,1,0,1,1
qwen3.8-2.4t-a95b-fp8,expgym,tuning,cost_free,single,1,protocol_failure_rate,fraction,,planned_analysis_unit; Audit_mean_once; pool_resources_N_sum_except_wall,task,hpobench:nasbench201:cifar100,1,[2204],1,1,0,1,1,1,0.0,0.0,0.0,1,1,0,1,1
qwen3.8-2.4t-a95b-fp8,expgym,tuning,cost_free,single,1,protocol_failure_rate,fraction,,planned_analysis_unit; Audit_mean_once; pool_resources_N_sum_except_wall,task,hpobench:nasbench201:cifar100,2,[2208],1,1,0,1,1,1,0.0,0.0,0.0,1,1,0,1,1
qwen3.8-2.4t-a95b-fp8,expgym,tuning,cost_free,single,1,protocol_failure_rate,fraction,,planned_analysis_unit; Audit_mean_once; pool_resources_N_sum_except_wall,task,hpobench:nasbench201:imagenet16-120,0,[2200],1,1,0,1,1,1,0.0,0.0,0.0,1,1,0,1,1
qwen3.8-2.4t-a95b-fp8,expgym,tuning,cost_free,single,1,protocol_failure_rate,fraction,,planned_analysis_unit; Audit_mean_once; pool_resources_N_sum_except_wall,task,hpobench:nasbench201:imagenet16-120,1,[2204],1,1,0,1,1,1,0.03225806451612903,0.03225806451612903,0.03225806451612903,1,1,0,1,1
qwen3.8-2.4t-a95b-fp8,expgym,tuning,cost_free,single,1,protocol_failure_rate,fraction,,planned_analysis_unit; Audit_mean_once; pool_resources_N_sum_except_wall,task,hpobench:nasbench201:imagenet16-120,2,[2208],1,1,0,1,1,1,0.0,0.0,0.0,1,1,0,1,1
qwen3.8-2.4t-a95b-fp8,expgym,tuning,cost_free,single,1,protocol_failure_rate,fraction,,planned_analysis_unit; Audit_mean_once; pool_resources_N_sum_except_wall,task,hpobench:paramnet:adult:steps,0,[2200],1,1,0,1,1,1,0.1111111111111111,0.1111111111111111,0.1111111111111111,1,1,0,1,1
qwen3.8-2.4t-a95b-fp8,expgym,tuning,cost_free,single,1,protocol_failure_rate,fraction,,planned_analysis_unit; Audit_mean_once; pool_resources_N_sum_except_wall,task,hpobench:paramnet:adult:steps,1,[2204],1,1,0,1,1,1,0.0,0.0,0.0,1,1,0,1,1
qwen3.8-2.4t-a95b-fp8,expgym,tuning,cost_free,single,1,protocol_failure_rate,fraction,,planned_analysis_unit; Audit_mean_once; pool_resources_N_sum_except_wall,task,hpobench:paramnet:adult:steps,2,[2208],1,1,0,1,1,1,0.0,0.0,0.0,1,1,0,1,1
qwen3.8-2.4t-a95b-fp8,expgym,tuning,cost_free,single,1,protocol_failure_rate,fraction,,planned_analysis_unit; Audit_mean_once; pool_resources_N_sum_except_wall,task,hpobench:paramnet:higgs:steps,0,[2200],1,1,0,1,1,1,0.0,0.0,0.0,1,1,0,1,1
qwen3.8-2.4t-a95b-fp8,expgym,tuning,cost_free,single,1,protocol_failure_rate,fraction,,planned_analysis_unit; Audit_mean_once; pool_resources_N_sum_except_wall,task,hpobench:paramnet:higgs:steps,1,[2204],1,1,0,1,1,1,0.0,0.0,0.0,1,1,0,1,1
qwen3.8-2.4t-a95b-fp8,expgym,tuning,cost_free,single,1,protocol_failure_rate,fraction,,planned_analysis_unit; Audit_mean_once; pool_resources_N_sum_except_wall,task,hpobench:paramnet:higgs:steps,2,[2208],1,1,0,1,1,1,0.0,0.0,0.0,1,1,0,1,1
qwen3.8-2.4t-a95b-fp8,expgym,tuning,cost_free,single,1,protocol_failure_rate,fraction,,planned_analysis_unit; Audit_mean_once; pool_resources_N_sum_except_wall,task,hpobench:paramnet:letter:steps,0,[2200],1,1,0,1,1,1,0.0,0.0,0.0,1,1,0,1,1
qwen3.8-2.4t-a95b-fp8,expgym,tuning,cost_free,single,1,protocol_failure_rate,fraction,,planned_analysis_unit; Audit_mean_once; pool_resources_N_sum_except_wall,task,hpobench:paramnet:letter:steps,1,[2204],1,1,0,1,1,1,0.0,0.0,0.0,1,1,0,1,1
qwen3.8-2.4t-a95b-fp8,expgym,tuning,cost_free,single,1,protocol_failure_rate,fraction,,planned_analysis_unit; Audit_mean_once; pool_resources_N_sum_except_wall,task,hpobench:paramnet:letter:steps,2,[2208],1,1,0,1,1,1,0.0,0.0,0.0,1,1,0,1,1
qwen3.8-2.4t-a95b-fp8,expgym,tuning,cost_free,single,1,raw_perf,fraction,True,planned_analysis_unit; Audit_mean_once; pool_resources_N_sum_except_wall,all,all,0,[2200],9,9,0,9,9,9,0.8293109987614689,0.8293109987614689,0.8293109987614689,9,9,0,1,1
qwen3.8-2.4t-a95b-fp8,expgym,tuning,cost_free,single,1,raw_perf,fraction,True,planned_analysis_unit; Audit_mean_once; pool_resources_N_sum_except_wall,all,all,1,[2204],9,9,0,9,9,9,0.8270168853936379,0.8270168853936379,0.8270168853936379,9,9,0,1,1
qwen3.8-2.4t-a95b-fp8,expgym,tuning,cost_free,single,1,raw_perf,fraction,True,planned_analysis_unit; Audit_mean_once; pool_resources_N_sum_except_wall,all,all,2,[2208],9,9,0,9,9,9,0.8298078940941074,0.8298078940941074,0.8298078940941074,9,9,0,1,1
qwen3.8-2.4t-a95b-fp8,expgym,tuning,cost_free,single,1,raw_perf,fraction,True,planned_analysis_unit; Audit_mean_once; pool_resources_N_sum_except_wall,family,nasbench101,0,[2200],3,3,0,3,3,3,0.9408052894804212,0.9408052894804212,0.9408052894804212,3,3,0,1,1
qwen3.8-2.4t-a95b-fp8,expgym,tuning,cost_free,single,1,raw_perf,fraction,True,planned_analysis_unit; Audit_mean_once; pool_resources_N_sum_except_wall,family,nasbench101,1,[2204],3,3,0,3,3,3,0.9434873527950711,0.9434873527950711,0.9434873527950711,3,3,0,1,1
qwen3.8-2.4t-a95b-fp8,expgym,tuning,cost_free,single,1,raw_perf,fraction,True,planned_analysis_unit; Audit_mean_once; pool_resources_N_sum_except_wall,family,nasbench101,2,[2208],3,3,0,3,3,3,0.9420072038968405,0.9420072038968405,0.9420072038968405,3,3,0,1,1
qwen3.8-2.4t-a95b-fp8,expgym,tuning,cost_free,single,1,raw_perf,fraction,True,planned_analysis_unit; Audit_mean_once; pool_resources_N_sum_except_wall,family,nasbench201,0,[2200],3,3,0,3,3,3,0.7033518517749927,0.7033518517749927,0.7033518517749927,3,3,0,1,1
qwen3.8-2.4t-a95b-fp8,expgym,tuning,cost_free,single,1,raw_perf,fraction,True,planned_analysis_unit; Audit_mean_once; pool_resources_N_sum_except_wall,family,nasbench201,1,[2204],3,3,0,3,3,3,0.705607407353154,0.705607407353154,0.705607407353154,3,3,0,1,1
qwen3.8-2.4t-a95b-fp8,expgym,tuning,cost_free,single,1,raw_perf,fraction,True,planned_analysis_unit; Audit_mean_once; pool_resources_N_sum_except_wall,family,nasbench201,2,[2208],3,3,0,3,3,3,0.7050518518464265,0.7050518518464265,0.7050518518464265,3,3,0,1,1
qwen3.8-2.4t-a95b-fp8,expgym,tuning,cost_free,single,1,raw_perf,fraction,True,planned_analysis_unit; Audit_mean_once; pool_resources_N_sum_except_wall,family,paramnet,0,[2200],3,3,0,3,3,3,0.8437758550289925,0.8437758550289925,0.8437758550289925,3,3,0,1,1
qwen3.8-2.4t-a95b-fp8,expgym,tuning,cost_free,single,1,raw_perf,fraction,True,planned_analysis_unit; Audit_mean_once; pool_resources_N_sum_except_wall,family,paramnet,1,[2204],3,3,0,3,3,3,0.8319558960326887,0.8319558960326887,0.8319558960326887,3,3,0,1,1
qwen3.8-2.4t-a95b-fp8,expgym,tuning,cost_free,single,1,raw_perf,fraction,True,planned_analysis_unit; Audit_mean_once; pool_resources_N_sum_except_wall,family,paramnet,2,[2208],3,3,0,3,3,3,0.8423646265390553,0.8423646265390553,0.8423646265390553,3,3,0,1,1
qwen3.8-2.4t-a95b-fp8,expgym,tuning,cost_free,single,1,raw_perf,fraction,True,planned_analysis_unit; Audit_mean_once; pool_resources_N_sum_except_wall,task,hpobench:nasbench101:A,0,[2200],1,1,0,1,1,1,0.9433426856994629,0.9433426856994629,0.9433426856994629,1,1,0,1,1
qwen3.8-2.4t-a95b-fp8,expgym,tuning,cost_free,single,1,raw_perf,fraction,True,planned_analysis_unit; Audit_mean_once; pool_resources_N_sum_except_wall,task,hpobench:nasbench101:A,1,[2204],1,1,0,1,1,1,0.9455795884132385,0.9455795884132385,0.9455795884132385,1,1,0,1,1
qwen3.8-2.4t-a95b-fp8,expgym,tuning,cost_free,single,1,raw_perf,fraction,True,planned_analysis_unit; Audit_mean_once; pool_resources_N_sum_except_wall,task,hpobench:nasbench101:A,2,[2208],1,1,0,1,1,1,0.9404714107513428,0.9404714107513428,0.9404714107513428,1,1,0,1,1
qwen3.8-2.4t-a95b-fp8,expgym,tuning,cost_free,single,1,raw_perf,fraction,True,planned_analysis_unit; Audit_mean_once; pool_resources_N_sum_except_wall,task,hpobench:nasbench101:B,0,[2200],1,1,0,1,1,1,0.9386351505915324,0.9386351505915324,0.9386351505915324,1,1,0,1,1
qwen3.8-2.4t-a95b-fp8,expgym,tuning,cost_free,single,1,raw_perf,fraction,True,planned_analysis_unit; Audit_mean_once; pool_resources_N_sum_except_wall,task,hpobench:nasbench101:B,1,[2204],1,1,0,1,1,1,0.9442107280095419,0.9442107280095419,0.9442107280095419,1,1,0,1,1
qwen3.8-2.4t-a95b-fp8,expgym,tuning,cost_free,single,1,raw_perf,fraction,True,planned_analysis_unit; Audit_mean_once; pool_resources_N_sum_except_wall,task,hpobench:nasbench101:B,2,[2208],1,1,0,1,1,1,0.941940426826477,0.941940426826477,0.941940426826477,1,1,0,1,1
qwen3.8-2.4t-a95b-fp8,expgym,tuning,cost_free,single,1,raw_perf,fraction,True,planned_analysis_unit; Audit_mean_once; pool_resources_N_sum_except_wall,task,hpobench:nasbench101:C,0,[2200],1,1,0,1,1,1,0.9404380321502686,0.9404380321502686,0.9404380321502686,1,1,0,1,1
qwen3.8-2.4t-a95b-fp8,expgym,tuning,cost_free,single,1,raw_perf,fraction,True,planned_analysis_unit; Audit_mean_once; pool_resources_N_sum_except_wall,task,hpobench:nasbench101:C,1,[2204],1,1,0,1,1,1,0.9406717419624329,0.9406717419624329,0.9406717419624329,1,1,0,1,1
qwen3.8-2.4t-a95b-fp8,expgym,tuning,cost_free,single,1,raw_perf,fraction,True,planned_analysis_unit; Audit_mean_once; pool_resources_N_sum_except_wall,task,hpobench:nasbench101:C,2,[2208],1,1,0,1,1,1,0.9436097741127014,0.9436097741127014,0.9436097741127014,1,1,0,1,1
qwen3.8-2.4t-a95b-fp8,expgym,tuning,cost_free,single,1,raw_perf,fraction,True,planned_analysis_unit; Audit_mean_once; pool_resources_N_sum_except_wall,task,hpobench:nasbench201:cifar10-valid,0,[2200],1,1,0,1,1,1,0.9160666665039063,0.9160666665039063,0.9160666665039063,1,1,0,1,1
qwen3.8-2.4t-a95b-fp8,expgym,tuning,cost_free,single,1,raw_perf,fraction,True,planned_analysis_unit; Audit_mean_once; pool_resources_N_sum_except_wall,task,hpobench:nasbench201:cifar10-valid,1,[2204],1,1,0,1,1,1,0.9160666665039063,0.9160666665039063,0.9160666665039063,1,1,0,1,1
qwen3.8-2.4t-a95b-fp8,expgym,tuning,cost_free,single,1,raw_perf,fraction,True,planned_analysis_unit; Audit_mean_once; pool_resources_N_sum_except_wall,task,hpobench:nasbench201:cifar10-valid,2,[2208],1,1,0,1,1,1,0.9143999999837239,0.9143999999837239,0.9143999999837239,1,1,0,1,1
qwen3.8-2.4t-a95b-fp8,expgym,tuning,cost_free,single,1,raw_perf,fraction,True,planned_analysis_unit; Audit_mean_once; pool_resources_N_sum_except_wall,task,hpobench:nasbench201:cifar100,0,[2200],1,1,0,1,1,1,0.7264333333333333,0.7264333333333333,0.7264333333333333,1,1,0,1,1
qwen3.8-2.4t-a95b-fp8,expgym,tuning,cost_free,single,1,raw_perf,fraction,True,planned_analysis_unit; Audit_mean_once; pool_resources_N_sum_except_wall,task,hpobench:nasbench201:cifar100,1,[2204],1,1,0,1,1,1,0.7350333333333333,0.7350333333333333,0.7350333333333333,1,1,0,1,1
qwen3.8-2.4t-a95b-fp8,expgym,tuning,cost_free,single,1,raw_perf,fraction,True,planned_analysis_unit; Audit_mean_once; pool_resources_N_sum_except_wall,task,hpobench:nasbench201:cifar100,2,[2208],1,1,0,1,1,1,0.7350333333333333,0.7350333333333333,0.7350333333333333,1,1,0,1,1
qwen3.8-2.4t-a95b-fp8,expgym,tuning,cost_free,single,1,raw_perf,fraction,True,planned_analysis_unit; Audit_mean_once; pool_resources_N_sum_except_wall,task,hpobench:nasbench201:imagenet16-120,0,[2200],1,1,0,1,1,1,0.46755555548773864,0.46755555548773864,0.46755555548773864,1,1,0,1,1
qwen3.8-2.4t-a95b-fp8,expgym,tuning,cost_free,single,1,raw_perf,fraction,True,planned_analysis_unit; Audit_mean_once; pool_resources_N_sum_except_wall,task,hpobench:nasbench201:imagenet16-120,1,[2204],1,1,0,1,1,1,0.46572222222222226,0.46572222222222226,0.46572222222222226,1,1,0,1,1
qwen3.8-2.4t-a95b-fp8,expgym,tuning,cost_free,single,1,raw_perf,fraction,True,planned_analysis_unit; Audit_mean_once; pool_resources_N_sum_except_wall,task,hpobench:nasbench201:imagenet16-120,2,[2208],1,1,0,1,1,1,0.46572222222222226,0.46572222222222226,0.46572222222222226,1,1,0,1,1
qwen3.8-2.4t-a95b-fp8,expgym,tuning,cost_free,single,1,raw_perf,fraction,True,planned_analysis_unit; Audit_mean_once; pool_resources_N_sum_except_wall,task,hpobench:paramnet:adult:steps,0,[2200],1,1,0,1,1,1,0.8508425940967821,0.8508425940967821,0.8508425940967821,1,1,0,1,1
qwen3.8-2.4t-a95b-fp8,expgym,tuning,cost_free,single,1,raw_perf,fraction,True,planned_analysis_unit; Audit_mean_once; pool_resources_N_sum_except_wall,task,hpobench:paramnet:adult:steps,1,[2204],1,1,0,1,1,1,0.8516481478512287,0.8516481478512287,0.8516481478512287,1,1,0,1,1
qwen3.8-2.4t-a95b-fp8,expgym,tuning,cost_free,single,1,raw_perf,fraction,True,planned_analysis_unit; Audit_mean_once; pool_resources_N_sum_except_wall,task,hpobench:paramnet:adult:steps,2,[2208],1,1,0,1,1,1,0.8520185190712412,0.8520185190712412,0.8520185190712412,1,1,0,1,1
qwen3.8-2.4t-a95b-fp8,expgym,tuning,cost_free,single,1,raw_perf,fraction,True,planned_analysis_unit; Audit_mean_once; pool_resources_N_sum_except_wall,task,hpobench:paramnet:higgs:steps,0,[2200],1,1,0,1,1,1,0.7170295212398595,0.7170295212398595,0.7170295212398595,1,1,0,1,1
qwen3.8-2.4t-a95b-fp8,expgym,tuning,cost_free,single,1,raw_perf,fraction,True,planned_analysis_unit; Audit_mean_once; pool_resources_N_sum_except_wall,task,hpobench:paramnet:higgs:steps,1,[2204],1,1,0,1,1,1,0.715567343680951,0.715567343680951,0.715567343680951,1,1,0,1,1
qwen3.8-2.4t-a95b-fp8,expgym,tuning,cost_free,single,1,raw_perf,fraction,True,planned_analysis_unit; Audit_mean_once; pool_resources_N_sum_except_wall,task,hpobench:paramnet:higgs:steps,2,[2208],1,1,0,1,1,1,0.7149215866269276,0.7149215866269276,0.7149215866269276,1,1,0,1,1
qwen3.8-2.4t-a95b-fp8,expgym,tuning,cost_free,single,1,raw_perf,fraction,True,planned_analysis_unit; Audit_mean_once; pool_resources_N_sum_except_wall,task,hpobench:paramnet:letter:steps,0,[2200],1,1,0,1,1,1,0.9634554497503361,0.9634554497503361,0.9634554497503361,1,1,0,1,1
qwen3.8-2.4t-a95b-fp8,expgym,tuning,cost_free,single,1,raw_perf,fraction,True,planned_analysis_unit; Audit_mean_once; pool_resources_N_sum_except_wall,task,hpobench:paramnet:letter:steps,1,[2204],1,1,0,1,1,1,0.9286521965658864,0.9286521965658864,0.9286521965658864,1,1,0,1,1
qwen3.8-2.4t-a95b-fp8,expgym,tuning,cost_free,single,1,raw_perf,fraction,True,planned_analysis_unit; Audit_mean_once; pool_resources_N_sum_except_wall,task,hpobench:paramnet:letter:steps,2,[2208],1,1,0,1,1,1,0.9601537739189973,0.9601537739189973,0.9601537739189973,1,1,0,1,1
qwen3.8-2.4t-a95b-fp8,expgym,tuning,cost_free,single,1,wall_time_seconds,seconds,,planned_analysis_unit; Audit_mean_once; pool_resources_N_sum_except_wall,all,all,0,[2200],9,9,0,9,9,9,608.7387711207072,608.7387711207072,608.7387711207072,9,9,0,1,1
qwen3.8-2.4t-a95b-fp8,expgym,tuning,cost_free,single,1,wall_time_seconds,seconds,,planned_analysis_unit; Audit_mean_once; pool_resources_N_sum_except_wall,all,all,1,[2204],9,9,0,9,9,9,470.7528584268358,470.7528584268358,470.7528584268358,9,9,0,1,1
qwen3.8-2.4t-a95b-fp8,expgym,tuning,cost_free,single,1,wall_time_seconds,seconds,,planned_analysis_unit; Audit_mean_once; pool_resources_N_sum_except_wall,all,all,2,[2208],9,9,0,9,9,9,430.83644999398126,430.83644999398126,430.83644999398126,9,9,0,1,1
qwen3.8-2.4t-a95b-fp8,expgym,tuning,cost_free,single,1,wall_time_seconds,seconds,,planned_analysis_unit; Audit_mean_once; pool_resources_N_sum_except_wall,family,nasbench101,0,[2200],3,3,0,3,3,3,1015.6002646287283,1015.6002646287283,1015.6002646287283,3,3,0,1,1
qwen3.8-2.4t-a95b-fp8,expgym,tuning,cost_free,single,1,wall_time_seconds,seconds,,planned_analysis_unit; Audit_mean_once; pool_resources_N_sum_except_wall,family,nasbench101,1,[2204],3,3,0,3,3,3,950.4719420274099,950.4719420274099,950.4719420274099,3,3,0,1,1
qwen3.8-2.4t-a95b-fp8,expgym,tuning,cost_free,single,1,wall_time_seconds,seconds,,planned_analysis_unit; Audit_mean_once; pool_resources_N_sum_except_wall,family,nasbench101,2,[2208],3,3,0,3,3,3,762.5953786373138,762.5953786373138,762.5953786373138,3,3,0,1,1
qwen3.8-2.4t-a95b-fp8,expgym,tuning,cost_free,single,1,wall_time_seconds,seconds,,planned_analysis_unit; Audit_mean_once; pool_resources_N_sum_except_wall,family,nasbench201,0,[2200],3,3,0,3,3,3,293.71948353449505,293.71948353449505,293.71948353449505,3,3,0,1,1
qwen3.8-2.4t-a95b-fp8,expgym,tuning,cost_free,single,1,wall_time_seconds,seconds,,planned_analysis_unit; Audit_mean_once; pool_resources_N_sum_except_wall,family,nasbench201,1,[2204],3,3,0,3,3,3,260.9508622487386,260.9508622487386,260.9508622487386,3,3,0,1,1
qwen3.8-2.4t-a95b-fp8,expgym,tuning,cost_free,single,1,wall_time_seconds,seconds,,planned_analysis_unit; Audit_mean_once; pool_resources_N_sum_except_wall,family,nasbench201,2,[2208],3,3,0,3,3,3,338.06770888964337,338.06770888964337,338.06770888964337,3,3,0,1,1
qwen3.8-2.4t-a95b-fp8,expgym,tuning,cost_free,single,1,wall_time_seconds,seconds,,planned_analysis_unit; Audit_mean_once; pool_resources_N_sum_except_wall,family,paramnet,0,[2200],3,3,0,3,3,3,516.8965651988983,516.8965651988983,516.8965651988983,3,3,0,1,1
qwen3.8-2.4t-a95b-fp8,expgym,tuning,cost_free,single,1,wall_time_seconds,seconds,,planned_analysis_unit; Audit_mean_once; pool_resources_N_sum_except_wall,family,paramnet,1,[2204],3,3,0,3,3,3,200.83577100435892,200.83577100435892,200.83577100435892,3,3,0,1,1
qwen3.8-2.4t-a95b-fp8,expgym,tuning,cost_free,single,1,wall_time_seconds,seconds,,planned_analysis_unit; Audit_mean_once; pool_resources_N_sum_except_wall,family,paramnet,2,[2208],3,3,0,3,3,3,191.84626245498657,191.84626245498657,191.84626245498657,3,3,0,1,1
qwen3.8-2.4t-a95b-fp8,expgym,tuning,cost_free,single,1,wall_time_seconds,seconds,,planned_analysis_unit; Audit_mean_once; pool_resources_N_sum_except_wall,task,hpobench:nasbench101:A,0,[2200],1,1,0,1,1,1,1081.8167662620544,1081.8167662620544,1081.8167662620544,1,1,0,1,1
qwen3.8-2.4t-a95b-fp8,expgym,tuning,cost_free,single,1,wall_time_seconds,seconds,,planned_analysis_unit; Audit_mean_once; pool_resources_N_sum_except_wall,task,hpobench:nasbench101:A,1,[2204],1,1,0,1,1,1,952.66765666008,952.66765666008,952.66765666008,1,1,0,1,1
qwen3.8-2.4t-a95b-fp8,expgym,tuning,cost_free,single,1,wall_time_seconds,seconds,,planned_analysis_unit; Audit_mean_once; pool_resources_N_sum_except_wall,task,hpobench:nasbench101:A,2,[2208],1,1,0,1,1,1,835.0040647983551,835.0040647983551,835.0040647983551,1,1,0,1,1
qwen3.8-2.4t-a95b-fp8,expgym,tuning,cost_free,single,1,wall_time_seconds,seconds,,planned_analysis_unit; Audit_mean_once; pool_resources_N_sum_except_wall,task,hpobench:nasbench101:B,0,[2200],1,1,0,1,1,1,947.5341320037842,947.5341320037842,947.5341320037842,1,1,0,1,1
qwen3.8-2.4t-a95b-fp8,expgym,tuning,cost_free,single,1,wall_time_seconds,seconds,,planned_analysis_unit; Audit_mean_once; pool_resources_N_sum_except_wall,task,hpobench:nasbench101:B,1,[2204],1,1,0,1,1,1,553.6193294525146,553.6193294525146,553.6193294525146,1,1,0,1,1
qwen3.8-2.4t-a95b-fp8,expgym,tuning,cost_free,single,1,wall_time_seconds,seconds,,planned_analysis_unit; Audit_mean_once; pool_resources_N_sum_except_wall,task,hpobench:nasbench101:B,2,[2208],1,1,0,1,1,1,639.8118424415588,639.8118424415588,639.8118424415588,1,1,0,1,1
qwen3.8-2.4t-a95b-fp8,expgym,tuning,cost_free,single,1,wall_time_seconds,seconds,,planned_analysis_unit; Audit_mean_once; pool_resources_N_sum_except_wall,task,hpobench:nasbench101:C,0,[2200],1,1,0,1,1,1,1017.4498956203461,1017.4498956203461,1017.4498956203461,1,1,0,1,1
qwen3.8-2.4t-a95b-fp8,expgym,tuning,cost_free,single,1,wall_time_seconds,seconds,,planned_analysis_unit; Audit_mean_once; pool_resources_N_sum_except_wall,task,hpobench:nasbench101:C,1,[2204],1,1,0,1,1,1,1345.128839969635,1345.128839969635,1345.128839969635,1,1,0,1,1
qwen3.8-2.4t-a95b-fp8,expgym,tuning,cost_free,single,1,wall_time_seconds,seconds,,planned_analysis_unit; Audit_mean_once; pool_resources_N_sum_except_wall,task,hpobench:nasbench101:C,2,[2208],1,1,0,1,1,1,812.9702286720276,812.9702286720276,812.9702286720276,1,1,0,1,1
qwen3.8-2.4t-a95b-fp8,expgym,tuning,cost_free,single,1,wall_time_seconds,seconds,,planned_analysis_unit; Audit_mean_once; pool_resources_N_sum_except_wall,task,hpobench:nasbench201:cifar10-valid,0,[2200],1,1,0,1,1,1,331.38839626312256,331.38839626312256,331.38839626312256,1,1,0,1,1
qwen3.8-2.4t-a95b-fp8,expgym,tuning,cost_free,single,1,wall_time_seconds,seconds,,planned_analysis_unit; Audit_mean_once; pool_resources_N_sum_except_wall,task,hpobench:nasbench201:cifar10-valid,1,[2204],1,1,0,1,1,1,245.52022528648376,245.52022528648376,245.52022528648376,1,1,0,1,1
qwen3.8-2.4t-a95b-fp8,expgym,tuning,cost_free,single,1,wall_time_seconds,seconds,,planned_analysis_unit; Audit_mean_once; pool_resources_N_sum_except_wall,task,hpobench:nasbench201:cifar10-valid,2,[2208],1,1,0,1,1,1,411.79416251182556,411.79416251182556,411.79416251182556,1,1,0,1,1
qwen3.8-2.4t-a95b-fp8,expgym,tuning,cost_free,single,1,wall_time_seconds,seconds,,planned_analysis_unit; Audit_mean_once; pool_resources_N_sum_except_wall,task,hpobench:nasbench201:cifar100,0,[2200],1,1,0,1,1,1,211.6050410270691,211.6050410270691,211.6050410270691,1,1,0,1,1
qwen3.8-2.4t-a95b-fp8,expgym,tuning,cost_free,single,1,wall_time_seconds,seconds,,planned_analysis_unit; Audit_mean_once; pool_resources_N_sum_except_wall,task,hpobench:nasbench201:cifar100,1,[2204],1,1,0,1,1,1,265.8808422088623,265.8808422088623,265.8808422088623,1,1,0,1,1
qwen3.8-2.4t-a95b-fp8,expgym,tuning,cost_free,single,1,wall_time_seconds,seconds,,planned_analysis_unit; Audit_mean_once; pool_resources_N_sum_except_wall,task,hpobench:nasbench201:cifar100,2,[2208],1,1,0,1,1,1,319.6915147304535,319.6915147304535,319.6915147304535,1,1,0,1,1
qwen3.8-2.4t-a95b-fp8,expgym,tuning,cost_free,single,1,wall_time_seconds,seconds,,planned_analysis_unit; Audit_mean_once; pool_resources_N_sum_except_wall,task,hpobench:nasbench201:imagenet16-120,0,[2200],1,1,0,1,1,1,338.16501331329346,338.16501331329346,338.16501331329346,1,1,0,1,1
qwen3.8-2.4t-a95b-fp8,expgym,tuning,cost_free,single,1,wall_time_seconds,seconds,,planned_analysis_unit; Audit_mean_once; pool_resources_N_sum_except_wall,task,hpobench:nasbench201:imagenet16-120,1,[2204],1,1,0,1,1,1,271.45151925086975,271.45151925086975,271.45151925086975,1,1,0,1,1
qwen3.8-2.4t-a95b-fp8,expgym,tuning,cost_free,single,1,wall_time_seconds,seconds,,planned_analysis_unit; Audit_mean_once; pool_resources_N_sum_except_wall,task,hpobench:nasbench201:imagenet16-120,2,[2208],1,1,0,1,1,1,282.717449426651,282.717449426651,282.717449426651,1,1,0,1,1
qwen3.8-2.4t-a95b-fp8,expgym,tuning,cost_free,single,1,wall_time_seconds,seconds,,planned_analysis_unit; Audit_mean_once; pool_resources_N_sum_except_wall,task,hpobench:paramnet:adult:steps,0,[2200],1,1,0,1,1,1,1167.2914071083069,1167.2914071083069,1167.2914071083069,1,1,0,1,1
qwen3.8-2.4t-a95b-fp8,expgym,tuning,cost_free,single,1,wall_time_seconds,seconds,,planned_analysis_unit; Audit_mean_once; pool_resources_N_sum_except_wall,task,hpobench:paramnet:adult:steps,1,[2204],1,1,0,1,1,1,225.7469413280487,225.7469413280487,225.7469413280487,1,1,0,1,1
qwen3.8-2.4t-a95b-fp8,expgym,tuning,cost_free,single,1,wall_time_seconds,seconds,,planned_analysis_unit; Audit_mean_once; pool_resources_N_sum_except_wall,task,hpobench:paramnet:adult:steps,2,[2208],1,1,0,1,1,1,224.78782963752747,224.78782963752747,224.78782963752747,1,1,0,1,1
qwen3.8-2.4t-a95b-fp8,expgym,tuning,cost_free,single,1,wall_time_seconds,seconds,,planned_analysis_unit; Audit_mean_once; pool_resources_N_sum_except_wall,task,hpobench:paramnet:higgs:steps,0,[2200],1,1,0,1,1,1,181.87881660461426,181.87881660461426,181.87881660461426,1,1,0,1,1
qwen3.8-2.4t-a95b-fp8,expgym,tuning,cost_free,single,1,wall_time_seconds,seconds,,planned_analysis_unit; Audit_mean_once; pool_resources_N_sum_except_wall,task,hpobench:paramnet:higgs:steps,1,[2204],1,1,0,1,1,1,189.1282377243042,189.1282377243042,189.1282377243042,1,1,0,1,1
qwen3.8-2.4t-a95b-fp8,expgym,tuning,cost_free,single,1,wall_time_seconds,seconds,,planned_analysis_unit; Audit_mean_once; pool_resources_N_sum_except_wall,task,hpobench:paramnet:higgs:steps,2,[2208],1,1,0,1,1,1,174.5008463859558,174.5008463859558,174.5008463859558,1,1,0,1,1
qwen3.8-2.4t-a95b-fp8,expgym,tuning,cost_free,single,1,wall_time_seconds,seconds,,planned_analysis_unit; Audit_mean_once; pool_resources_N_sum_except_wall,task,hpobench:paramnet:letter:steps,0,[2200],1,1,0,1,1,1,201.5194718837738,201.5194718837738,201.5194718837738,1,1,0,1,1
qwen3.8-2.4t-a95b-fp8,expgym,tuning,cost_free,single,1,wall_time_seconds,seconds,,planned_analysis_unit; Audit_mean_once; pool_resources_N_sum_except_wall,task,hpobench:paramnet:letter:steps,1,[2204],1,1,0,1,1,1,187.63213396072388,187.63213396072388,187.63213396072388,1,1,0,1,1
qwen3.8-2.4t-a95b-fp8,expgym,tuning,cost_free,single,1,wall_time_seconds,seconds,,planned_analysis_unit; Audit_mean_once; pool_resources_N_sum_except_wall,task,hpobench:paramnet:letter:steps,2,[2208],1,1,0,1,1,1,176.25011134147644,176.25011134147644,176.25011134147644,1,1,0,1,1
qwen3.8-2.4t-a95b-fp8,expgym,tuning,cost_moderate,single,1,budget_utilization,fraction,,planned_analysis_unit; Audit_mean_once; pool_resources_N_sum_except_wall,all,all,0,[2200],9,9,0,9,9,9,0.9409851329117733,0.9409851329117733,0.9409851329117733,9,9,0,1,1
qwen3.8-2.4t-a95b-fp8,expgym,tuning,cost_moderate,single,1,budget_utilization,fraction,,planned_analysis_unit; Audit_mean_once; pool_resources_N_sum_except_wall,all,all,1,[2204],9,9,0,9,9,9,0.9100780539664007,0.9100780539664007,0.9100780539664007,9,9,0,1,1
qwen3.8-2.4t-a95b-fp8,expgym,tuning,cost_moderate,single,1,budget_utilization,fraction,,planned_analysis_unit; Audit_mean_once; pool_resources_N_sum_except_wall,all,all,2,[2208],9,9,0,9,9,9,0.9366889985360198,0.9366889985360198,0.9366889985360198,9,9,0,1,1
qwen3.8-2.4t-a95b-fp8,expgym,tuning,cost_moderate,single,1,budget_utilization,fraction,,planned_analysis_unit; Audit_mean_once; pool_resources_N_sum_except_wall,family,nasbench101,0,[2200],3,3,0,3,3,3,0.9605346525521313,0.9605346525521313,0.9605346525521313,3,3,0,1,1
qwen3.8-2.4t-a95b-fp8,expgym,tuning,cost_moderate,single,1,budget_utilization,fraction,,planned_analysis_unit; Audit_mean_once; pool_resources_N_sum_except_wall,family,nasbench101,1,[2204],3,3,0,3,3,3,0.8148814822374072,0.8148814822374072,0.8148814822374072,3,3,0,1,1
qwen3.8-2.4t-a95b-fp8,expgym,tuning,cost_moderate,single,1,budget_utilization,fraction,,planned_analysis_unit; Audit_mean_once; pool_resources_N_sum_except_wall,family,nasbench101,2,[2208],3,3,0,3,3,3,0.9323496886779002,0.9323496886779002,0.9323496886779002,3,3,0,1,1
qwen3.8-2.4t-a95b-fp8,expgym,tuning,cost_moderate,single,1,budget_utilization,fraction,,planned_analysis_unit; Audit_mean_once; pool_resources_N_sum_except_wall,family,nasbench201,0,[2200],3,3,0,3,3,3,0.9450617330015901,0.9450617330015901,0.9450617330015901,3,3,0,1,1
qwen3.8-2.4t-a95b-fp8,expgym,tuning,cost_moderate,single,1,budget_utilization,fraction,,planned_analysis_unit; Audit_mean_once; pool_resources_N_sum_except_wall,family,nasbench201,1,[2204],3,3,0,3,3,3,0.9776670150031804,0.9776670150031804,0.9776670150031804,3,3,0,1,1
qwen3.8-2.4t-a95b-fp8,expgym,tuning,cost_moderate,single,1,budget_utilization,fraction,,planned_analysis_unit; Audit_mean_once; pool_resources_N_sum_except_wall,family,nasbench201,2,[2208],3,3,0,3,3,3,0.9073946418091577,0.9073946418091577,0.9073946418091577,3,3,0,1,1
qwen3.8-2.4t-a95b-fp8,expgym,tuning,cost_moderate,single,1,budget_utilization,fraction,,planned_analysis_unit; Audit_mean_once; pool_resources_N_sum_except_wall,family,paramnet,0,[2200],3,3,0,3,3,3,0.9173590131815986,0.9173590131815986,0.9173590131815986,3,3,0,1,1
qwen3.8-2.4t-a95b-fp8,expgym,tuning,cost_moderate,single,1,budget_utilization,fraction,,planned_analysis_unit; Audit_mean_once; pool_resources_N_sum_except_wall,family,paramnet,1,[2204],3,3,0,3,3,3,0.9376856646586145,0.9376856646586145,0.9376856646586145,3,3,0,1,1
qwen3.8-2.4t-a95b-fp8,expgym,tuning,cost_moderate,single,1,budget_utilization,fraction,,planned_analysis_unit; Audit_mean_once; pool_resources_N_sum_except_wall,family,paramnet,2,[2208],3,3,0,3,3,3,0.9703226651210016,0.9703226651210016,0.9703226651210016,3,3,0,1,1
qwen3.8-2.4t-a95b-fp8,expgym,tuning,cost_moderate,single,1,budget_utilization,fraction,,planned_analysis_unit; Audit_mean_once; pool_resources_N_sum_except_wall,task,hpobench:nasbench101:A,0,[2200],1,1,0,1,1,1,0.9505165434997657,0.9505165434997657,0.9505165434997657,1,1,0,1,1
qwen3.8-2.4t-a95b-fp8,expgym,tuning,cost_moderate,single,1,budget_utilization,fraction,,planned_analysis_unit; Audit_mean_once; pool_resources_N_sum_except_wall,task,hpobench:nasbench101:A,1,[2204],1,1,0,1,1,1,0.5385701137317618,0.5385701137317618,0.5385701137317618,1,1,0,1,1
qwen3.8-2.4t-a95b-fp8,expgym,tuning,cost_moderate,single,1,budget_utilization,fraction,,planned_analysis_unit; Audit_mean_once; pool_resources_N_sum_except_wall,task,hpobench:nasbench101:A,2,[2208],1,1,0,1,1,1,0.9796387995267649,0.9796387995267649,0.9796387995267649,1,1,0,1,1
qwen3.8-2.4t-a95b-fp8,expgym,tuning,cost_moderate,single,1,budget_utilization,fraction,,planned_analysis_unit; Audit_mean_once; pool_resources_N_sum_except_wall,task,hpobench:nasbench101:B,0,[2200],1,1,0,1,1,1,0.926635116372811,0.926635116372811,0.926635116372811,1,1,0,1,1
qwen3.8-2.4t-a95b-fp8,expgym,tuning,cost_moderate,single,1,budget_utilization,fraction,,planned_analysis_unit; Audit_mean_once; pool_resources_N_sum_except_wall,task,hpobench:nasbench101:B,1,[2204],1,1,0,1,1,1,0.9713200696030668,0.9713200696030668,0.9713200696030668,1,1,0,1,1
qwen3.8-2.4t-a95b-fp8,expgym,tuning,cost_moderate,single,1,budget_utilization,fraction,,planned_analysis_unit; Audit_mean_once; pool_resources_N_sum_except_wall,task,hpobench:nasbench101:B,2,[2208],1,1,0,1,1,1,0.8801656947308829,0.8801656947308829,0.8801656947308829,1,1,0,1,1
qwen3.8-2.4t-a95b-fp8,expgym,tuning,cost_moderate,single,1,budget_utilization,fraction,,planned_analysis_unit; Audit_mean_once; pool_resources_N_sum_except_wall,task,hpobench:nasbench101:C,0,[2200],1,1,0,1,1,1,1.004452297783817,1.004452297783817,1.004452297783817,1,1,0,1,1
qwen3.8-2.4t-a95b-fp8,expgym,tuning,cost_moderate,single,1,budget_utilization,fraction,,planned_analysis_unit; Audit_mean_once; pool_resources_N_sum_except_wall,task,hpobench:nasbench101:C,1,[2204],1,1,0,1,1,1,0.934754263377393,0.934754263377393,0.934754263377393,1,1,0,1,1
qwen3.8-2.4t-a95b-fp8,expgym,tuning,cost_moderate,single,1,budget_utilization,fraction,,planned_analysis_unit; Audit_mean_once; pool_resources_N_sum_except_wall,task,hpobench:nasbench101:C,2,[2208],1,1,0,1,1,1,0.937244571776053,0.937244571776053,0.937244571776053,1,1,0,1,1
qwen3.8-2.4t-a95b-fp8,expgym,tuning,cost_moderate,single,1,budget_utilization,fraction,,planned_analysis_unit; Audit_mean_once; pool_resources_N_sum_except_wall,task,hpobench:nasbench201:cifar10-valid,0,[2200],1,1,0,1,1,1,0.9044419102273037,0.9044419102273037,0.9044419102273037,1,1,0,1,1
qwen3.8-2.4t-a95b-fp8,expgym,tuning,cost_moderate,single,1,budget_utilization,fraction,,planned_analysis_unit; Audit_mean_once; pool_resources_N_sum_except_wall,task,hpobench:nasbench201:cifar10-valid,1,[2204],1,1,0,1,1,1,1.049730318659833,1.049730318659833,1.049730318659833,1,1,0,1,1
qwen3.8-2.4t-a95b-fp8,expgym,tuning,cost_moderate,single,1,budget_utilization,fraction,,planned_analysis_unit; Audit_mean_once; pool_resources_N_sum_except_wall,task,hpobench:nasbench201:cifar10-valid,2,[2208],1,1,0,1,1,1,0.9156468736401207,0.9156468736401207,0.9156468736401207,1,1,0,1,1
qwen3.8-2.4t-a95b-fp8,expgym,tuning,cost_moderate,single,1,budget_utilization,fraction,,planned_analysis_unit; Audit_mean_once; pool_resources_N_sum_except_wall,task,hpobench:nasbench201:cifar100,0,[2200],1,1,0,1,1,1,0.9489993081108125,0.9489993081108125,0.9489993081108125,1,1,0,1,1
qwen3.8-2.4t-a95b-fp8,expgym,tuning,cost_moderate,single,1,budget_utilization,fraction,,planned_analysis_unit; Audit_mean_once; pool_resources_N_sum_except_wall,task,hpobench:nasbench201:cifar100,1,[2204],1,1,0,1,1,1,0.9169613590826011,0.9169613590826011,0.9169613590826011,1,1,0,1,1
qwen3.8-2.4t-a95b-fp8,expgym,tuning,cost_moderate,single,1,budget_utilization,fraction,,planned_analysis_unit; Audit_mean_once; pool_resources_N_sum_except_wall,task,hpobench:nasbench201:cifar100,2,[2208],1,1,0,1,1,1,0.8118594449948769,0.8118594449948769,0.8118594449948769,1,1,0,1,1
qwen3.8-2.4t-a95b-fp8,expgym,tuning,cost_moderate,single,1,budget_utilization,fraction,,planned_analysis_unit; Audit_mean_once; pool_resources_N_sum_except_wall,task,hpobench:nasbench201:imagenet16-120,0,[2200],1,1,0,1,1,1,0.9817439806666542,0.9817439806666542,0.9817439806666542,1,1,0,1,1
qwen3.8-2.4t-a95b-fp8,expgym,tuning,cost_moderate,single,1,budget_utilization,fraction,,planned_analysis_unit; Audit_mean_once; pool_resources_N_sum_except_wall,task,hpobench:nasbench201:imagenet16-120,1,[2204],1,1,0,1,1,1,0.9663093672671074,0.9663093672671074,0.9663093672671074,1,1,0,1,1
qwen3.8-2.4t-a95b-fp8,expgym,tuning,cost_moderate,single,1,budget_utilization,fraction,,planned_analysis_unit; Audit_mean_once; pool_resources_N_sum_except_wall,task,hpobench:nasbench201:imagenet16-120,2,[2208],1,1,0,1,1,1,0.9946776067924754,0.9946776067924754,0.9946776067924754,1,1,0,1,1
qwen3.8-2.4t-a95b-fp8,expgym,tuning,cost_moderate,single,1,budget_utilization,fraction,,planned_analysis_unit; Audit_mean_once; pool_resources_N_sum_except_wall,task,hpobench:paramnet:adult:steps,0,[2200],1,1,0,1,1,1,0.8636874976827641,0.8636874976827641,0.8636874976827641,1,1,0,1,1
qwen3.8-2.4t-a95b-fp8,expgym,tuning,cost_moderate,single,1,budget_utilization,fraction,,planned_analysis_unit; Audit_mean_once; pool_resources_N_sum_except_wall,task,hpobench:paramnet:adult:steps,1,[2204],1,1,0,1,1,1,0.9240328681339995,0.9240328681339995,0.9240328681339995,1,1,0,1,1
qwen3.8-2.4t-a95b-fp8,expgym,tuning,cost_moderate,single,1,budget_utilization,fraction,,planned_analysis_unit; Audit_mean_once; pool_resources_N_sum_except_wall,task,hpobench:paramnet:adult:steps,2,[2208],1,1,0,1,1,1,0.9729710298014546,0.9729710298014546,0.9729710298014546,1,1,0,1,1
qwen3.8-2.4t-a95b-fp8,expgym,tuning,cost_moderate,single,1,budget_utilization,fraction,,planned_analysis_unit; Audit_mean_once; pool_resources_N_sum_except_wall,task,hpobench:paramnet:higgs:steps,0,[2200],1,1,0,1,1,1,0.9380826591320748,0.9380826591320748,0.9380826591320748,1,1,0,1,1
qwen3.8-2.4t-a95b-fp8,expgym,tuning,cost_moderate,single,1,budget_utilization,fraction,,planned_analysis_unit; Audit_mean_once; pool_resources_N_sum_except_wall,task,hpobench:paramnet:higgs:steps,1,[2204],1,1,0,1,1,1,0.9559104719021865,0.9559104719021865,0.9559104719021865,1,1,0,1,1
qwen3.8-2.4t-a95b-fp8,expgym,tuning,cost_moderate,single,1,budget_utilization,fraction,,planned_analysis_unit; Audit_mean_once; pool_resources_N_sum_except_wall,task,hpobench:paramnet:higgs:steps,2,[2208],1,1,0,1,1,1,0.9735513613257417,0.9735513613257417,0.9735513613257417,1,1,0,1,1
qwen3.8-2.4t-a95b-fp8,expgym,tuning,cost_moderate,single,1,budget_utilization,fraction,,planned_analysis_unit; Audit_mean_once; pool_resources_N_sum_except_wall,task,hpobench:paramnet:letter:steps,0,[2200],1,1,0,1,1,1,0.9503068827299568,0.9503068827299568,0.9503068827299568,1,1,0,1,1
qwen3.8-2.4t-a95b-fp8,expgym,tuning,cost_moderate,single,1,budget_utilization,fraction,,planned_analysis_unit; Audit_mean_once; pool_resources_N_sum_except_wall,task,hpobench:paramnet:letter:steps,1,[2204],1,1,0,1,1,1,0.9331136539396573,0.9331136539396573,0.9331136539396573,1,1,0,1,1
qwen3.8-2.4t-a95b-fp8,expgym,tuning,cost_moderate,single,1,budget_utilization,fraction,,planned_analysis_unit; Audit_mean_once; pool_resources_N_sum_except_wall,task,hpobench:paramnet:letter:steps,2,[2208],1,1,0,1,1,1,0.9644456042358083,0.9644456042358083,0.9644456042358083,1,1,0,1,1
qwen3.8-2.4t-a95b-fp8,expgym,tuning,cost_moderate,single,1,duplicate_action_attempts,count,,planned_analysis_unit; Audit_mean_once; pool_resources_N_sum_except_wall,all,all,0,[2200],9,9,0,9,9,9,0.0,0.0,0.0,9,9,0,1,1
qwen3.8-2.4t-a95b-fp8,expgym,tuning,cost_moderate,single,1,duplicate_action_attempts,count,,planned_analysis_unit; Audit_mean_once; pool_resources_N_sum_except_wall,all,all,1,[2204],9,9,0,9,9,9,0.0,0.0,0.0,9,9,0,1,1
qwen3.8-2.4t-a95b-fp8,expgym,tuning,cost_moderate,single,1,duplicate_action_attempts,count,,planned_analysis_unit; Audit_mean_once; pool_resources_N_sum_except_wall,all,all,2,[2208],9,9,0,9,9,9,0.1111111111111111,0.1111111111111111,0.1111111111111111,9,9,0,1,1
qwen3.8-2.4t-a95b-fp8,expgym,tuning,cost_moderate,single,1,duplicate_action_attempts,count,,planned_analysis_unit; Audit_mean_once; pool_resources_N_sum_except_wall,family,nasbench101,0,[2200],3,3,0,3,3,3,0.0,0.0,0.0,3,3,0,1,1
qwen3.8-2.4t-a95b-fp8,expgym,tuning,cost_moderate,single,1,duplicate_action_attempts,count,,planned_analysis_unit; Audit_mean_once; pool_resources_N_sum_except_wall,family,nasbench101,1,[2204],3,3,0,3,3,3,0.0,0.0,0.0,3,3,0,1,1
qwen3.8-2.4t-a95b-fp8,expgym,tuning,cost_moderate,single,1,duplicate_action_attempts,count,,planned_analysis_unit; Audit_mean_once; pool_resources_N_sum_except_wall,family,nasbench101,2,[2208],3,3,0,3,3,3,0.3333333333333333,0.3333333333333333,0.3333333333333333,3,3,0,1,1
qwen3.8-2.4t-a95b-fp8,expgym,tuning,cost_moderate,single,1,duplicate_action_attempts,count,,planned_analysis_unit; Audit_mean_once; pool_resources_N_sum_except_wall,family,nasbench201,0,[2200],3,3,0,3,3,3,0.0,0.0,0.0,3,3,0,1,1
qwen3.8-2.4t-a95b-fp8,expgym,tuning,cost_moderate,single,1,duplicate_action_attempts,count,,planned_analysis_unit; Audit_mean_once; pool_resources_N_sum_except_wall,family,nasbench201,1,[2204],3,3,0,3,3,3,0.0,0.0,0.0,3,3,0,1,1
qwen3.8-2.4t-a95b-fp8,expgym,tuning,cost_moderate,single,1,duplicate_action_attempts,count,,planned_analysis_unit; Audit_mean_once; pool_resources_N_sum_except_wall,family,nasbench201,2,[2208],3,3,0,3,3,3,0.0,0.0,0.0,3,3,0,1,1
qwen3.8-2.4t-a95b-fp8,expgym,tuning,cost_moderate,single,1,duplicate_action_attempts,count,,planned_analysis_unit; Audit_mean_once; pool_resources_N_sum_except_wall,family,paramnet,0,[2200],3,3,0,3,3,3,0.0,0.0,0.0,3,3,0,1,1
qwen3.8-2.4t-a95b-fp8,expgym,tuning,cost_moderate,single,1,duplicate_action_attempts,count,,planned_analysis_unit; Audit_mean_once; pool_resources_N_sum_except_wall,family,paramnet,1,[2204],3,3,0,3,3,3,0.0,0.0,0.0,3,3,0,1,1
qwen3.8-2.4t-a95b-fp8,expgym,tuning,cost_moderate,single,1,duplicate_action_attempts,count,,planned_analysis_unit; Audit_mean_once; pool_resources_N_sum_except_wall,family,paramnet,2,[2208],3,3,0,3,3,3,0.0,0.0,0.0,3,3,0,1,1
qwen3.8-2.4t-a95b-fp8,expgym,tuning,cost_moderate,single,1,duplicate_action_attempts,count,,planned_analysis_unit; Audit_mean_once; pool_resources_N_sum_except_wall,task,hpobench:nasbench101:A,0,[2200],1,1,0,1,1,1,0.0,0.0,0.0,1,1,0,1,1
qwen3.8-2.4t-a95b-fp8,expgym,tuning,cost_moderate,single,1,duplicate_action_attempts,count,,planned_analysis_unit; Audit_mean_once; pool_resources_N_sum_except_wall,task,hpobench:nasbench101:A,1,[2204],1,1,0,1,1,1,0.0,0.0,0.0,1,1,0,1,1
qwen3.8-2.4t-a95b-fp8,expgym,tuning,cost_moderate,single,1,duplicate_action_attempts,count,,planned_analysis_unit; Audit_mean_once; pool_resources_N_sum_except_wall,task,hpobench:nasbench101:A,2,[2208],1,1,0,1,1,1,0.0,0.0,0.0,1,1,0,1,1
qwen3.8-2.4t-a95b-fp8,expgym,tuning,cost_moderate,single,1,duplicate_action_attempts,count,,planned_analysis_unit; Audit_mean_once; pool_resources_N_sum_except_wall,task,hpobench:nasbench101:B,0,[2200],1,1,0,1,1,1,0.0,0.0,0.0,1,1,0,1,1
qwen3.8-2.4t-a95b-fp8,expgym,tuning,cost_moderate,single,1,duplicate_action_attempts,count,,planned_analysis_unit; Audit_mean_once; pool_resources_N_sum_except_wall,task,hpobench:nasbench101:B,1,[2204],1,1,0,1,1,1,0.0,0.0,0.0,1,1,0,1,1
qwen3.8-2.4t-a95b-fp8,expgym,tuning,cost_moderate,single,1,duplicate_action_attempts,count,,planned_analysis_unit; Audit_mean_once; pool_resources_N_sum_except_wall,task,hpobench:nasbench101:B,2,[2208],1,1,0,1,1,1,1.0,1.0,1.0,1,1,0,1,1
qwen3.8-2.4t-a95b-fp8,expgym,tuning,cost_moderate,single,1,duplicate_action_attempts,count,,planned_analysis_unit; Audit_mean_once; pool_resources_N_sum_except_wall,task,hpobench:nasbench101:C,0,[2200],1,1,0,1,1,1,0.0,0.0,0.0,1,1,0,1,1
qwen3.8-2.4t-a95b-fp8,expgym,tuning,cost_moderate,single,1,duplicate_action_attempts,count,,planned_analysis_unit; Audit_mean_once; pool_resources_N_sum_except_wall,task,hpobench:nasbench101:C,1,[2204],1,1,0,1,1,1,0.0,0.0,0.0,1,1,0,1,1
qwen3.8-2.4t-a95b-fp8,expgym,tuning,cost_moderate,single,1,duplicate_action_attempts,count,,planned_analysis_unit; Audit_mean_once; pool_resources_N_sum_except_wall,task,hpobench:nasbench101:C,2,[2208],1,1,0,1,1,1,0.0,0.0,0.0,1,1,0,1,1
qwen3.8-2.4t-a95b-fp8,expgym,tuning,cost_moderate,single,1,duplicate_action_attempts,count,,planned_analysis_unit; Audit_mean_once; pool_resources_N_sum_except_wall,task,hpobench:nasbench201:cifar10-valid,0,[2200],1,1,0,1,1,1,0.0,0.0,0.0,1,1,0,1,1
qwen3.8-2.4t-a95b-fp8,expgym,tuning,cost_moderate,single,1,duplicate_action_attempts,count,,planned_analysis_unit; Audit_mean_once; pool_resources_N_sum_except_wall,task,hpobench:nasbench201:cifar10-valid,1,[2204],1,1,0,1,1,1,0.0,0.0,0.0,1,1,0,1,1
qwen3.8-2.4t-a95b-fp8,expgym,tuning,cost_moderate,single,1,duplicate_action_attempts,count,,planned_analysis_unit; Audit_mean_once; pool_resources_N_sum_except_wall,task,hpobench:nasbench201:cifar10-valid,2,[2208],1,1,0,1,1,1,0.0,0.0,0.0,1,1,0,1,1
qwen3.8-2.4t-a95b-fp8,expgym,tuning,cost_moderate,single,1,duplicate_action_attempts,count,,planned_analysis_unit; Audit_mean_once; pool_resources_N_sum_except_wall,task,hpobench:nasbench201:cifar100,0,[2200],1,1,0,1,1,1,0.0,0.0,0.0,1,1,0,1,1
qwen3.8-2.4t-a95b-fp8,expgym,tuning,cost_moderate,single,1,duplicate_action_attempts,count,,planned_analysis_unit; Audit_mean_once; pool_resources_N_sum_except_wall,task,hpobench:nasbench201:cifar100,1,[2204],1,1,0,1,1,1,0.0,0.0,0.0,1,1,0,1,1
qwen3.8-2.4t-a95b-fp8,expgym,tuning,cost_moderate,single,1,duplicate_action_attempts,count,,planned_analysis_unit; Audit_mean_once; pool_resources_N_sum_except_wall,task,hpobench:nasbench201:cifar100,2,[2208],1,1,0,1,1,1,0.0,0.0,0.0,1,1,0,1,1
qwen3.8-2.4t-a95b-fp8,expgym,tuning,cost_moderate,single,1,duplicate_action_attempts,count,,planned_analysis_unit; Audit_mean_once; pool_resources_N_sum_except_wall,task,hpobench:nasbench201:imagenet16-120,0,[2200],1,1,0,1,1,1,0.0,0.0,0.0,1,1,0,1,1
qwen3.8-2.4t-a95b-fp8,expgym,tuning,cost_moderate,single,1,duplicate_action_attempts,count,,planned_analysis_unit; Audit_mean_once; pool_resources_N_sum_except_wall,task,hpobench:nasbench201:imagenet16-120,1,[2204],1,1,0,1,1,1,0.0,0.0,0.0,1,1,0,1,1
qwen3.8-2.4t-a95b-fp8,expgym,tuning,cost_moderate,single,1,duplicate_action_attempts,count,,planned_analysis_unit; Audit_mean_once; pool_resources_N_sum_except_wall,task,hpobench:nasbench201:imagenet16-120,2,[2208],1,1,0,1,1,1,0.0,0.0,0.0,1,1,0,1,1
qwen3.8-2.4t-a95b-fp8,expgym,tuning,cost_moderate,single,1,duplicate_action_attempts,count,,planned_analysis_unit; Audit_mean_once; pool_resources_N_sum_except_wall,task,hpobench:paramnet:adult:steps,0,[2200],1,1,0,1,1,1,0.0,0.0,0.0,1,1,0,1,1
qwen3.8-2.4t-a95b-fp8,expgym,tuning,cost_moderate,single,1,duplicate_action_attempts,count,,planned_analysis_unit; Audit_mean_once; pool_resources_N_sum_except_wall,task,hpobench:paramnet:adult:steps,1,[2204],1,1,0,1,1,1,0.0,0.0,0.0,1,1,0,1,1
qwen3.8-2.4t-a95b-fp8,expgym,tuning,cost_moderate,single,1,duplicate_action_attempts,count,,planned_analysis_unit; Audit_mean_once; pool_resources_N_sum_except_wall,task,hpobench:paramnet:adult:steps,2,[2208],1,1,0,1,1,1,0.0,0.0,0.0,1,1,0,1,1
qwen3.8-2.4t-a95b-fp8,expgym,tuning,cost_moderate,single,1,duplicate_action_attempts,count,,planned_analysis_unit; Audit_mean_once; pool_resources_N_sum_except_wall,task,hpobench:paramnet:higgs:steps,0,[2200],1,1,0,1,1,1,0.0,0.0,0.0,1,1,0,1,1
qwen3.8-2.4t-a95b-fp8,expgym,tuning,cost_moderate,single,1,duplicate_action_attempts,count,,planned_analysis_unit; Audit_mean_once; pool_resources_N_sum_except_wall,task,hpobench:paramnet:higgs:steps,1,[2204],1,1,0,1,1,1,0.0,0.0,0.0,1,1,0,1,1
qwen3.8-2.4t-a95b-fp8,expgym,tuning,cost_moderate,single,1,duplicate_action_attempts,count,,planned_analysis_unit; Audit_mean_once; pool_resources_N_sum_except_wall,task,hpobench:paramnet:higgs:steps,2,[2208],1,1,0,1,1,1,0.0,0.0,0.0,1,1,0,1,1
qwen3.8-2.4t-a95b-fp8,expgym,tuning,cost_moderate,single,1,duplicate_action_attempts,count,,planned_analysis_unit; Audit_mean_once; pool_resources_N_sum_except_wall,task,hpobench:paramnet:letter:steps,0,[2200],1,1,0,1,1,1,0.0,0.0,0.0,1,1,0,1,1
qwen3.8-2.4t-a95b-fp8,expgym,tuning,cost_moderate,single,1,duplicate_action_attempts,count,,planned_analysis_unit; Audit_mean_once; pool_resources_N_sum_except_wall,task,hpobench:paramnet:letter:steps,1,[2204],1,1,0,1,1,1,0.0,0.0,0.0,1,1,0,1,1
qwen3.8-2.4t-a95b-fp8,expgym,tuning,cost_moderate,single,1,duplicate_action_attempts,count,,planned_analysis_unit; Audit_mean_once; pool_resources_N_sum_except_wall,task,hpobench:paramnet:letter:steps,2,[2208],1,1,0,1,1,1,0.0,0.0,0.0,1,1,0,1,1
qwen3.8-2.4t-a95b-fp8,expgym,tuning,cost_moderate,single,1,feedback_attempts,count,,planned_analysis_unit; Audit_mean_once; pool_resources_N_sum_except_wall,all,all,0,[2200],9,9,0,9,9,9,9.11111111111111,9.11111111111111,9.11111111111111,9,9,0,1,1
qwen3.8-2.4t-a95b-fp8,expgym,tuning,cost_moderate,single,1,feedback_attempts,count,,planned_analysis_unit; Audit_mean_once; pool_resources_N_sum_except_wall,all,all,1,[2204],9,9,0,9,9,9,10.11111111111111,10.11111111111111,10.11111111111111,9,9,0,1,1
qwen3.8-2.4t-a95b-fp8,expgym,tuning,cost_moderate,single,1,feedback_attempts,count,,planned_analysis_unit; Audit_mean_once; pool_resources_N_sum_except_wall,all,all,2,[2208],9,9,0,9,9,9,9.777777777777779,9.777777777777779,9.777777777777779,9,9,0,1,1
qwen3.8-2.4t-a95b-fp8,expgym,tuning,cost_moderate,single,1,feedback_attempts,count,,planned_analysis_unit; Audit_mean_once; pool_resources_N_sum_except_wall,family,nasbench101,0,[2200],3,3,0,3,3,3,9.0,9.0,9.0,3,3,0,1,1
qwen3.8-2.4t-a95b-fp8,expgym,tuning,cost_moderate,single,1,feedback_attempts,count,,planned_analysis_unit; Audit_mean_once; pool_resources_N_sum_except_wall,family,nasbench101,1,[2204],3,3,0,3,3,3,10.0,10.0,10.0,3,3,0,1,1
qwen3.8-2.4t-a95b-fp8,expgym,tuning,cost_moderate,single,1,feedback_attempts,count,,planned_analysis_unit; Audit_mean_once; pool_resources_N_sum_except_wall,family,nasbench101,2,[2208],3,3,0,3,3,3,7.333333333333333,7.333333333333333,7.333333333333333,3,3,0,1,1
qwen3.8-2.4t-a95b-fp8,expgym,tuning,cost_moderate,single,1,feedback_attempts,count,,planned_analysis_unit; Audit_mean_once; pool_resources_N_sum_except_wall,family,nasbench201,0,[2200],3,3,0,3,3,3,10.333333333333334,10.333333333333334,10.333333333333334,3,3,0,1,1
qwen3.8-2.4t-a95b-fp8,expgym,tuning,cost_moderate,single,1,feedback_attempts,count,,planned_analysis_unit; Audit_mean_once; pool_resources_N_sum_except_wall,family,nasbench201,1,[2204],3,3,0,3,3,3,11.666666666666666,11.666666666666666,11.666666666666666,3,3,0,1,1
qwen3.8-2.4t-a95b-fp8,expgym,tuning,cost_moderate,single,1,feedback_attempts,count,,planned_analysis_unit; Audit_mean_once; pool_resources_N_sum_except_wall,family,nasbench201,2,[2208],3,3,0,3,3,3,10.0,10.0,10.0,3,3,0,1,1
qwen3.8-2.4t-a95b-fp8,expgym,tuning,cost_moderate,single,1,feedback_attempts,count,,planned_analysis_unit; Audit_mean_once; pool_resources_N_sum_except_wall,family,paramnet,0,[2200],3,3,0,3,3,3,8.0,8.0,8.0,3,3,0,1,1
qwen3.8-2.4t-a95b-fp8,expgym,tuning,cost_moderate,single,1,feedback_attempts,count,,planned_analysis_unit; Audit_mean_once; pool_resources_N_sum_except_wall,family,paramnet,1,[2204],3,3,0,3,3,3,8.666666666666666,8.666666666666666,8.666666666666666,3,3,0,1,1
qwen3.8-2.4t-a95b-fp8,expgym,tuning,cost_moderate,single,1,feedback_attempts,count,,planned_analysis_unit; Audit_mean_once; pool_resources_N_sum_except_wall,family,paramnet,2,[2208],3,3,0,3,3,3,12.0,12.0,12.0,3,3,0,1,1
qwen3.8-2.4t-a95b-fp8,expgym,tuning,cost_moderate,single,1,feedback_attempts,count,,planned_analysis_unit; Audit_mean_once; pool_resources_N_sum_except_wall,task,hpobench:nasbench101:A,0,[2200],1,1,0,1,1,1,5.0,5.0,5.0,1,1,0,1,1
qwen3.8-2.4t-a95b-fp8,expgym,tuning,cost_moderate,single,1,feedback_attempts,count,,planned_analysis_unit; Audit_mean_once; pool_resources_N_sum_except_wall,task,hpobench:nasbench101:A,1,[2204],1,1,0,1,1,1,2.0,2.0,2.0,1,1,0,1,1
qwen3.8-2.4t-a95b-fp8,expgym,tuning,cost_moderate,single,1,feedback_attempts,count,,planned_analysis_unit; Audit_mean_once; pool_resources_N_sum_except_wall,task,hpobench:nasbench101:A,2,[2208],1,1,0,1,1,1,8.0,8.0,8.0,1,1,0,1,1
qwen3.8-2.4t-a95b-fp8,expgym,tuning,cost_moderate,single,1,feedback_attempts,count,,planned_analysis_unit; Audit_mean_once; pool_resources_N_sum_except_wall,task,hpobench:nasbench101:B,0,[2200],1,1,0,1,1,1,6.0,6.0,6.0,1,1,0,1,1
qwen3.8-2.4t-a95b-fp8,expgym,tuning,cost_moderate,single,1,feedback_attempts,count,,planned_analysis_unit; Audit_mean_once; pool_resources_N_sum_except_wall,task,hpobench:nasbench101:B,1,[2204],1,1,0,1,1,1,12.0,12.0,12.0,1,1,0,1,1
qwen3.8-2.4t-a95b-fp8,expgym,tuning,cost_moderate,single,1,feedback_attempts,count,,planned_analysis_unit; Audit_mean_once; pool_resources_N_sum_except_wall,task,hpobench:nasbench101:B,2,[2208],1,1,0,1,1,1,6.0,6.0,6.0,1,1,0,1,1
qwen3.8-2.4t-a95b-fp8,expgym,tuning,cost_moderate,single,1,feedback_attempts,count,,planned_analysis_unit; Audit_mean_once; pool_resources_N_sum_except_wall,task,hpobench:nasbench101:C,0,[2200],1,1,0,1,1,1,16.0,16.0,16.0,1,1,0,1,1
qwen3.8-2.4t-a95b-fp8,expgym,tuning,cost_moderate,single,1,feedback_attempts,count,,planned_analysis_unit; Audit_mean_once; pool_resources_N_sum_except_wall,task,hpobench:nasbench101:C,1,[2204],1,1,0,1,1,1,16.0,16.0,16.0,1,1,0,1,1
qwen3.8-2.4t-a95b-fp8,expgym,tuning,cost_moderate,single,1,feedback_attempts,count,,planned_analysis_unit; Audit_mean_once; pool_resources_N_sum_except_wall,task,hpobench:nasbench101:C,2,[2208],1,1,0,1,1,1,8.0,8.0,8.0,1,1,0,1,1
qwen3.8-2.4t-a95b-fp8,expgym,tuning,cost_moderate,single,1,feedback_attempts,count,,planned_analysis_unit; Audit_mean_once; pool_resources_N_sum_except_wall,task,hpobench:nasbench201:cifar10-valid,0,[2200],1,1,0,1,1,1,11.0,11.0,11.0,1,1,0,1,1
qwen3.8-2.4t-a95b-fp8,expgym,tuning,cost_moderate,single,1,feedback_attempts,count,,planned_analysis_unit; Audit_mean_once; pool_resources_N_sum_except_wall,task,hpobench:nasbench201:cifar10-valid,1,[2204],1,1,0,1,1,1,12.0,12.0,12.0,1,1,0,1,1
qwen3.8-2.4t-a95b-fp8,expgym,tuning,cost_moderate,single,1,feedback_attempts,count,,planned_analysis_unit; Audit_mean_once; pool_resources_N_sum_except_wall,task,hpobench:nasbench201:cifar10-valid,2,[2208],1,1,0,1,1,1,10.0,10.0,10.0,1,1,0,1,1
qwen3.8-2.4t-a95b-fp8,expgym,tuning,cost_moderate,single,1,feedback_attempts,count,,planned_analysis_unit; Audit_mean_once; pool_resources_N_sum_except_wall,task,hpobench:nasbench201:cifar100,0,[2200],1,1,0,1,1,1,10.0,10.0,10.0,1,1,0,1,1
qwen3.8-2.4t-a95b-fp8,expgym,tuning,cost_moderate,single,1,feedback_attempts,count,,planned_analysis_unit; Audit_mean_once; pool_resources_N_sum_except_wall,task,hpobench:nasbench201:cifar100,1,[2204],1,1,0,1,1,1,12.0,12.0,12.0,1,1,0,1,1
qwen3.8-2.4t-a95b-fp8,expgym,tuning,cost_moderate,single,1,feedback_attempts,count,,planned_analysis_unit; Audit_mean_once; pool_resources_N_sum_except_wall,task,hpobench:nasbench201:cifar100,2,[2208],1,1,0,1,1,1,9.0,9.0,9.0,1,1,0,1,1
qwen3.8-2.4t-a95b-fp8,expgym,tuning,cost_moderate,single,1,feedback_attempts,count,,planned_analysis_unit; Audit_mean_once; pool_resources_N_sum_except_wall,task,hpobench:nasbench201:imagenet16-120,0,[2200],1,1,0,1,1,1,10.0,10.0,10.0,1,1,0,1,1
qwen3.8-2.4t-a95b-fp8,expgym,tuning,cost_moderate,single,1,feedback_attempts,count,,planned_analysis_unit; Audit_mean_once; pool_resources_N_sum_except_wall,task,hpobench:nasbench201:imagenet16-120,1,[2204],1,1,0,1,1,1,11.0,11.0,11.0,1,1,0,1,1
qwen3.8-2.4t-a95b-fp8,expgym,tuning,cost_moderate,single,1,feedback_attempts,count,,planned_analysis_unit; Audit_mean_once; pool_resources_N_sum_except_wall,task,hpobench:nasbench201:imagenet16-120,2,[2208],1,1,0,1,1,1,11.0,11.0,11.0,1,1,0,1,1
qwen3.8-2.4t-a95b-fp8,expgym,tuning,cost_moderate,single,1,feedback_attempts,count,,planned_analysis_unit; Audit_mean_once; pool_resources_N_sum_except_wall,task,hpobench:paramnet:adult:steps,0,[2200],1,1,0,1,1,1,3.0,3.0,3.0,1,1,0,1,1
qwen3.8-2.4t-a95b-fp8,expgym,tuning,cost_moderate,single,1,feedback_attempts,count,,planned_analysis_unit; Audit_mean_once; pool_resources_N_sum_except_wall,task,hpobench:paramnet:adult:steps,1,[2204],1,1,0,1,1,1,3.0,3.0,3.0,1,1,0,1,1
qwen3.8-2.4t-a95b-fp8,expgym,tuning,cost_moderate,single,1,feedback_attempts,count,,planned_analysis_unit; Audit_mean_once; pool_resources_N_sum_except_wall,task,hpobench:paramnet:adult:steps,2,[2208],1,1,0,1,1,1,3.0,3.0,3.0,1,1,0,1,1
qwen3.8-2.4t-a95b-fp8,expgym,tuning,cost_moderate,single,1,feedback_attempts,count,,planned_analysis_unit; Audit_mean_once; pool_resources_N_sum_except_wall,task,hpobench:paramnet:higgs:steps,0,[2200],1,1,0,1,1,1,12.0,12.0,12.0,1,1,0,1,1
qwen3.8-2.4t-a95b-fp8,expgym,tuning,cost_moderate,single,1,feedback_attempts,count,,planned_analysis_unit; Audit_mean_once; pool_resources_N_sum_except_wall,task,hpobench:paramnet:higgs:steps,1,[2204],1,1,0,1,1,1,10.0,10.0,10.0,1,1,0,1,1
qwen3.8-2.4t-a95b-fp8,expgym,tuning,cost_moderate,single,1,feedback_attempts,count,,planned_analysis_unit; Audit_mean_once; pool_resources_N_sum_except_wall,task,hpobench:paramnet:higgs:steps,2,[2208],1,1,0,1,1,1,23.0,23.0,23.0,1,1,0,1,1
qwen3.8-2.4t-a95b-fp8,expgym,tuning,cost_moderate,single,1,feedback_attempts,count,,planned_analysis_unit; Audit_mean_once; pool_resources_N_sum_except_wall,task,hpobench:paramnet:letter:steps,0,[2200],1,1,0,1,1,1,9.0,9.0,9.0,1,1,0,1,1
qwen3.8-2.4t-a95b-fp8,expgym,tuning,cost_moderate,single,1,feedback_attempts,count,,planned_analysis_unit; Audit_mean_once; pool_resources_N_sum_except_wall,task,hpobench:paramnet:letter:steps,1,[2204],1,1,0,1,1,1,13.0,13.0,13.0,1,1,0,1,1
qwen3.8-2.4t-a95b-fp8,expgym,tuning,cost_moderate,single,1,feedback_attempts,count,,planned_analysis_unit; Audit_mean_once; pool_resources_N_sum_except_wall,task,hpobench:paramnet:letter:steps,2,[2208],1,1,0,1,1,1,10.0,10.0,10.0,1,1,0,1,1
qwen3.8-2.4t-a95b-fp8,expgym,tuning,cost_moderate,single,1,feedback_cost_seconds,seconds,,planned_analysis_unit; Audit_mean_once; pool_resources_N_sum_except_wall,all,all,0,[2200],9,9,0,9,9,9,114558.34511801893,114558.34511801893,114558.34511801893,9,9,0,1,1
qwen3.8-2.4t-a95b-fp8,expgym,tuning,cost_moderate,single,1,feedback_cost_seconds,seconds,,planned_analysis_unit; Audit_mean_once; pool_resources_N_sum_except_wall,all,all,1,[2204],9,9,0,9,9,9,112244.13330151369,112244.13330151369,112244.13330151369,9,9,0,1,1
qwen3.8-2.4t-a95b-fp8,expgym,tuning,cost_moderate,single,1,feedback_cost_seconds,seconds,,planned_analysis_unit; Audit_mean_once; pool_resources_N_sum_except_wall,all,all,2,[2208],9,9,0,9,9,9,111386.89014843378,111386.89014843378,111386.89014843378,9,9,0,1,1
qwen3.8-2.4t-a95b-fp8,expgym,tuning,cost_moderate,single,1,feedback_cost_seconds,seconds,,planned_analysis_unit; Audit_mean_once; pool_resources_N_sum_except_wall,family,nasbench101,0,[2200],3,3,0,3,3,3,84999.86393229167,84999.86393229167,84999.86393229167,3,3,0,1,1
qwen3.8-2.4t-a95b-fp8,expgym,tuning,cost_moderate,single,1,feedback_cost_seconds,seconds,,planned_analysis_unit; Audit_mean_once; pool_resources_N_sum_except_wall,family,nasbench101,1,[2204],3,3,0,3,3,3,77142.38533528645,77142.38533528645,77142.38533528645,3,3,0,1,1
qwen3.8-2.4t-a95b-fp8,expgym,tuning,cost_moderate,single,1,feedback_cost_seconds,seconds,,planned_analysis_unit; Audit_mean_once; pool_resources_N_sum_except_wall,family,nasbench101,2,[2208],3,3,0,3,3,3,81374.0127766927,81374.0127766927,81374.0127766927,3,3,0,1,1
qwen3.8-2.4t-a95b-fp8,expgym,tuning,cost_moderate,single,1,feedback_cost_seconds,seconds,,planned_analysis_unit; Audit_mean_once; pool_resources_N_sum_except_wall,family,nasbench201,0,[2200],3,3,0,3,3,3,257548.89783906026,257548.89783906026,257548.89783906026,3,3,0,1,1
qwen3.8-2.4t-a95b-fp8,expgym,tuning,cost_moderate,single,1,feedback_cost_seconds,seconds,,planned_analysis_unit; Audit_mean_once; pool_resources_N_sum_except_wall,family,nasbench201,1,[2204],3,3,0,3,3,3,258449.70539658458,258449.70539658458,258449.70539658458,3,3,0,1,1
qwen3.8-2.4t-a95b-fp8,expgym,tuning,cost_moderate,single,1,feedback_cost_seconds,seconds,,planned_analysis_unit; Audit_mean_once; pool_resources_N_sum_except_wall,family,nasbench201,2,[2208],3,3,0,3,3,3,251617.64878465552,251617.64878465552,251617.64878465552,3,3,0,1,1
qwen3.8-2.4t-a95b-fp8,expgym,tuning,cost_moderate,single,1,feedback_cost_seconds,seconds,,planned_analysis_unit; Audit_mean_once; pool_resources_N_sum_except_wall,family,paramnet,0,[2200],3,3,0,3,3,3,1126.273582704862,1126.273582704862,1126.273582704862,3,3,0,1,1
qwen3.8-2.4t-a95b-fp8,expgym,tuning,cost_moderate,single,1,feedback_cost_seconds,seconds,,planned_analysis_unit; Audit_mean_once; pool_resources_N_sum_except_wall,family,paramnet,1,[2204],3,3,0,3,3,3,1140.3091726700466,1140.3091726700466,1140.3091726700466,3,3,0,1,1
qwen3.8-2.4t-a95b-fp8,expgym,tuning,cost_moderate,single,1,feedback_cost_seconds,seconds,,planned_analysis_unit; Audit_mean_once; pool_resources_N_sum_except_wall,family,paramnet,2,[2208],3,3,0,3,3,3,1169.0088839530945,1169.0088839530945,1169.0088839530945,3,3,0,1,1
qwen3.8-2.4t-a95b-fp8,expgym,tuning,cost_moderate,single,1,feedback_cost_seconds,seconds,,planned_analysis_unit; Audit_mean_once; pool_resources_N_sum_except_wall,task,hpobench:nasbench101:A,0,[2200],1,1,0,1,1,1,46994.983642578125,46994.983642578125,46994.983642578125,1,1,0,1,1
qwen3.8-2.4t-a95b-fp8,expgym,tuning,cost_moderate,single,1,feedback_cost_seconds,seconds,,planned_analysis_unit; Audit_mean_once; pool_resources_N_sum_except_wall,task,hpobench:nasbench101:A,1,[2204],1,1,0,1,1,1,26627.7255859375,26627.7255859375,26627.7255859375,1,1,0,1,1
qwen3.8-2.4t-a95b-fp8,expgym,tuning,cost_moderate,single,1,feedback_cost_seconds,seconds,,planned_analysis_unit; Audit_mean_once; pool_resources_N_sum_except_wall,task,hpobench:nasbench101:A,2,[2208],1,1,0,1,1,1,48434.832275390625,48434.832275390625,48434.832275390625,1,1,0,1,1
qwen3.8-2.4t-a95b-fp8,expgym,tuning,cost_moderate,single,1,feedback_cost_seconds,seconds,,planned_analysis_unit; Audit_mean_once; pool_resources_N_sum_except_wall,task,hpobench:nasbench101:B,0,[2200],1,1,0,1,1,1,95467.1484375,95467.1484375,95467.1484375,1,1,0,1,1
qwen3.8-2.4t-a95b-fp8,expgym,tuning,cost_moderate,single,1,feedback_cost_seconds,seconds,,planned_analysis_unit; Audit_mean_once; pool_resources_N_sum_except_wall,task,hpobench:nasbench101:B,1,[2204],1,1,0,1,1,1,100070.84301757812,100070.84301757812,100070.84301757812,1,1,0,1,1
qwen3.8-2.4t-a95b-fp8,expgym,tuning,cost_moderate,single,1,feedback_cost_seconds,seconds,,planned_analysis_unit; Audit_mean_once; pool_resources_N_sum_except_wall,task,hpobench:nasbench101:B,2,[2208],1,1,0,1,1,1,90679.60791015625,90679.60791015625,90679.60791015625,1,1,0,1,1
qwen3.8-2.4t-a95b-fp8,expgym,tuning,cost_moderate,single,1,feedback_cost_seconds,seconds,,planned_analysis_unit; Audit_mean_once; pool_resources_N_sum_except_wall,task,hpobench:nasbench101:C,0,[2200],1,1,0,1,1,1,112537.45971679688,112537.45971679688,112537.45971679688,1,1,0,1,1
qwen3.8-2.4t-a95b-fp8,expgym,tuning,cost_moderate,single,1,feedback_cost_seconds,seconds,,planned_analysis_unit; Audit_mean_once; pool_resources_N_sum_except_wall,task,hpobench:nasbench101:C,1,[2204],1,1,0,1,1,1,104728.58740234375,104728.58740234375,104728.58740234375,1,1,0,1,1
qwen3.8-2.4t-a95b-fp8,expgym,tuning,cost_moderate,single,1,feedback_cost_seconds,seconds,,planned_analysis_unit; Audit_mean_once; pool_resources_N_sum_except_wall,task,hpobench:nasbench101:C,2,[2208],1,1,0,1,1,1,105007.59814453125,105007.59814453125,105007.59814453125,1,1,0,1,1
qwen3.8-2.4t-a95b-fp8,expgym,tuning,cost_moderate,single,1,feedback_cost_seconds,seconds,,planned_analysis_unit; Audit_mean_once; pool_resources_N_sum_except_wall,task,hpobench:nasbench201:cifar10-valid,0,[2200],1,1,0,1,1,1,102292.83036902119,102292.83036902119,102292.83036902119,1,1,0,1,1
qwen3.8-2.4t-a95b-fp8,expgym,tuning,cost_moderate,single,1,feedback_cost_seconds,seconds,,planned_analysis_unit; Audit_mean_once; pool_resources_N_sum_except_wall,task,hpobench:nasbench201:cifar10-valid,1,[2204],1,1,0,1,1,1,118725.02170194901,118725.02170194901,118725.02170194901,1,1,0,1,1
qwen3.8-2.4t-a95b-fp8,expgym,tuning,cost_moderate,single,1,feedback_cost_seconds,seconds,,planned_analysis_unit; Audit_mean_once; pool_resources_N_sum_except_wall,task,hpobench:nasbench201:cifar10-valid,2,[2208],1,1,0,1,1,1,103560.11730997056,103560.11730997056,103560.11730997056,1,1,0,1,1
qwen3.8-2.4t-a95b-fp8,expgym,tuning,cost_moderate,single,1,feedback_cost_seconds,seconds,,planned_analysis_unit; Audit_mean_once; pool_resources_N_sum_except_wall,task,hpobench:nasbench201:cifar100,0,[2200],1,1,0,1,1,1,176887.61522628576,176887.61522628576,176887.61522628576,1,1,0,1,1
qwen3.8-2.4t-a95b-fp8,expgym,tuning,cost_moderate,single,1,feedback_cost_seconds,seconds,,planned_analysis_unit; Audit_mean_once; pool_resources_N_sum_except_wall,task,hpobench:nasbench201:cifar100,1,[2204],1,1,0,1,1,1,170915.9392177719,170915.9392177719,170915.9392177719,1,1,0,1,1
qwen3.8-2.4t-a95b-fp8,expgym,tuning,cost_moderate,single,1,feedback_cost_seconds,seconds,,planned_analysis_unit; Audit_mean_once; pool_resources_N_sum_except_wall,task,hpobench:nasbench201:cifar100,2,[2208],1,1,0,1,1,1,151325.5909637723,151325.5909637723,151325.5909637723,1,1,0,1,1
qwen3.8-2.4t-a95b-fp8,expgym,tuning,cost_moderate,single,1,feedback_cost_seconds,seconds,,planned_analysis_unit; Audit_mean_once; pool_resources_N_sum_except_wall,task,hpobench:nasbench201:imagenet16-120,0,[2200],1,1,0,1,1,1,493466.24792187376,493466.24792187376,493466.24792187376,1,1,0,1,1
qwen3.8-2.4t-a95b-fp8,expgym,tuning,cost_moderate,single,1,feedback_cost_seconds,seconds,,planned_analysis_unit; Audit_mean_once; pool_resources_N_sum_except_wall,task,hpobench:nasbench201:imagenet16-120,1,[2204],1,1,0,1,1,1,485708.1552700328,485708.1552700328,485708.1552700328,1,1,0,1,1
qwen3.8-2.4t-a95b-fp8,expgym,tuning,cost_moderate,single,1,feedback_cost_seconds,seconds,,planned_analysis_unit; Audit_mean_once; pool_resources_N_sum_except_wall,task,hpobench:nasbench201:imagenet16-120,2,[2208],1,1,0,1,1,1,499967.2380802238,499967.2380802238,499967.2380802238,1,1,0,1,1
qwen3.8-2.4t-a95b-fp8,expgym,tuning,cost_moderate,single,1,feedback_cost_seconds,seconds,,planned_analysis_unit; Audit_mean_once; pool_resources_N_sum_except_wall,task,hpobench:paramnet:adult:steps,0,[2200],1,1,0,1,1,1,246.48686921596527,246.48686921596527,246.48686921596527,1,1,0,1,1
qwen3.8-2.4t-a95b-fp8,expgym,tuning,cost_moderate,single,1,feedback_cost_seconds,seconds,,planned_analysis_unit; Audit_mean_once; pool_resources_N_sum_except_wall,task,hpobench:paramnet:adult:steps,1,[2204],1,1,0,1,1,1,263.7087712049484,263.7087712049484,263.7087712049484,1,1,0,1,1
qwen3.8-2.4t-a95b-fp8,expgym,tuning,cost_moderate,single,1,feedback_cost_seconds,seconds,,planned_analysis_unit; Audit_mean_once; pool_resources_N_sum_except_wall,task,hpobench:paramnet:adult:steps,2,[2208],1,1,0,1,1,1,277.6751818418503,277.6751818418503,277.6751818418503,1,1,0,1,1
qwen3.8-2.4t-a95b-fp8,expgym,tuning,cost_moderate,single,1,feedback_cost_seconds,seconds,,planned_analysis_unit; Audit_mean_once; pool_resources_N_sum_except_wall,task,hpobench:paramnet:higgs:steps,0,[2200],1,1,0,1,1,1,2198.462803912163,2198.462803912163,2198.462803912163,1,1,0,1,1
qwen3.8-2.4t-a95b-fp8,expgym,tuning,cost_moderate,single,1,feedback_cost_seconds,seconds,,planned_analysis_unit; Audit_mean_once; pool_resources_N_sum_except_wall,task,hpobench:paramnet:higgs:steps,1,[2204],1,1,0,1,1,1,2240.2435391902923,2240.2435391902923,2240.2435391902923,1,1,0,1,1
qwen3.8-2.4t-a95b-fp8,expgym,tuning,cost_moderate,single,1,feedback_cost_seconds,seconds,,planned_analysis_unit; Audit_mean_once; pool_resources_N_sum_except_wall,task,hpobench:paramnet:higgs:steps,2,[2208],1,1,0,1,1,1,2281.586206436157,2281.586206436157,2281.586206436157,1,1,0,1,1
qwen3.8-2.4t-a95b-fp8,expgym,tuning,cost_moderate,single,1,feedback_cost_seconds,seconds,,planned_analysis_unit; Audit_mean_once; pool_resources_N_sum_except_wall,task,hpobench:paramnet:letter:steps,0,[2200],1,1,0,1,1,1,933.8710749864579,933.8710749864579,933.8710749864579,1,1,0,1,1
qwen3.8-2.4t-a95b-fp8,expgym,tuning,cost_moderate,single,1,feedback_cost_seconds,seconds,,planned_analysis_unit; Audit_mean_once; pool_resources_N_sum_except_wall,task,hpobench:paramnet:letter:steps,1,[2204],1,1,0,1,1,1,916.9752076148987,916.9752076148987,916.9752076148987,1,1,0,1,1
qwen3.8-2.4t-a95b-fp8,expgym,tuning,cost_moderate,single,1,feedback_cost_seconds,seconds,,planned_analysis_unit; Audit_mean_once; pool_resources_N_sum_except_wall,task,hpobench:paramnet:letter:steps,2,[2208],1,1,0,1,1,1,947.7652635812759,947.7652635812759,947.7652635812759,1,1,0,1,1
qwen3.8-2.4t-a95b-fp8,expgym,tuning,cost_moderate,single,1,feedback_visible,count,,planned_analysis_unit; Audit_mean_once; pool_resources_N_sum_except_wall,all,all,0,[2200],9,9,0,9,9,9,9.0,9.0,9.0,9,9,0,1,1
qwen3.8-2.4t-a95b-fp8,expgym,tuning,cost_moderate,single,1,feedback_visible,count,,planned_analysis_unit; Audit_mean_once; pool_resources_N_sum_except_wall,all,all,1,[2204],9,9,0,9,9,9,10.0,10.0,10.0,9,9,0,1,1
qwen3.8-2.4t-a95b-fp8,expgym,tuning,cost_moderate,single,1,feedback_visible,count,,planned_analysis_unit; Audit_mean_once; pool_resources_N_sum_except_wall,all,all,2,[2208],9,9,0,9,9,9,9.777777777777779,9.777777777777779,9.777777777777779,9,9,0,1,1
qwen3.8-2.4t-a95b-fp8,expgym,tuning,cost_moderate,single,1,feedback_visible,count,,planned_analysis_unit; Audit_mean_once; pool_resources_N_sum_except_wall,family,nasbench101,0,[2200],3,3,0,3,3,3,8.666666666666666,8.666666666666666,8.666666666666666,3,3,0,1,1
qwen3.8-2.4t-a95b-fp8,expgym,tuning,cost_moderate,single,1,feedback_visible,count,,planned_analysis_unit; Audit_mean_once; pool_resources_N_sum_except_wall,family,nasbench101,1,[2204],3,3,0,3,3,3,10.0,10.0,10.0,3,3,0,1,1
qwen3.8-2.4t-a95b-fp8,expgym,tuning,cost_moderate,single,1,feedback_visible,count,,planned_analysis_unit; Audit_mean_once; pool_resources_N_sum_except_wall,family,nasbench101,2,[2208],3,3,0,3,3,3,7.333333333333333,7.333333333333333,7.333333333333333,3,3,0,1,1
qwen3.8-2.4t-a95b-fp8,expgym,tuning,cost_moderate,single,1,feedback_visible,count,,planned_analysis_unit; Audit_mean_once; pool_resources_N_sum_except_wall,family,nasbench201,0,[2200],3,3,0,3,3,3,10.333333333333334,10.333333333333334,10.333333333333334,3,3,0,1,1
qwen3.8-2.4t-a95b-fp8,expgym,tuning,cost_moderate,single,1,feedback_visible,count,,planned_analysis_unit; Audit_mean_once; pool_resources_N_sum_except_wall,family,nasbench201,1,[2204],3,3,0,3,3,3,11.333333333333334,11.333333333333334,11.333333333333334,3,3,0,1,1
qwen3.8-2.4t-a95b-fp8,expgym,tuning,cost_moderate,single,1,feedback_visible,count,,planned_analysis_unit; Audit_mean_once; pool_resources_N_sum_except_wall,family,nasbench201,2,[2208],3,3,0,3,3,3,10.0,10.0,10.0,3,3,0,1,1
qwen3.8-2.4t-a95b-fp8,expgym,tuning,cost_moderate,single,1,feedback_visible,count,,planned_analysis_unit; Audit_mean_once; pool_resources_N_sum_except_wall,family,paramnet,0,[2200],3,3,0,3,3,3,8.0,8.0,8.0,3,3,0,1,1
qwen3.8-2.4t-a95b-fp8,expgym,tuning,cost_moderate,single,1,feedback_visible,count,,planned_analysis_unit; Audit_mean_once; pool_resources_N_sum_except_wall,family,paramnet,1,[2204],3,3,0,3,3,3,8.666666666666666,8.666666666666666,8.666666666666666,3,3,0,1,1
qwen3.8-2.4t-a95b-fp8,expgym,tuning,cost_moderate,single,1,feedback_visible,count,,planned_analysis_unit; Audit_mean_once; pool_resources_N_sum_except_wall,family,paramnet,2,[2208],3,3,0,3,3,3,12.0,12.0,12.0,3,3,0,1,1
qwen3.8-2.4t-a95b-fp8,expgym,tuning,cost_moderate,single,1,feedback_visible,count,,planned_analysis_unit; Audit_mean_once; pool_resources_N_sum_except_wall,task,hpobench:nasbench101:A,0,[2200],1,1,0,1,1,1,5.0,5.0,5.0,1,1,0,1,1
qwen3.8-2.4t-a95b-fp8,expgym,tuning,cost_moderate,single,1,feedback_visible,count,,planned_analysis_unit; Audit_mean_once; pool_resources_N_sum_except_wall,task,hpobench:nasbench101:A,1,[2204],1,1,0,1,1,1,2.0,2.0,2.0,1,1,0,1,1
qwen3.8-2.4t-a95b-fp8,expgym,tuning,cost_moderate,single,1,feedback_visible,count,,planned_analysis_unit; Audit_mean_once; pool_resources_N_sum_except_wall,task,hpobench:nasbench101:A,2,[2208],1,1,0,1,1,1,8.0,8.0,8.0,1,1,0,1,1
qwen3.8-2.4t-a95b-fp8,expgym,tuning,cost_moderate,single,1,feedback_visible,count,,planned_analysis_unit; Audit_mean_once; pool_resources_N_sum_except_wall,task,hpobench:nasbench101:B,0,[2200],1,1,0,1,1,1,6.0,6.0,6.0,1,1,0,1,1
qwen3.8-2.4t-a95b-fp8,expgym,tuning,cost_moderate,single,1,feedback_visible,count,,planned_analysis_unit; Audit_mean_once; pool_resources_N_sum_except_wall,task,hpobench:nasbench101:B,1,[2204],1,1,0,1,1,1,12.0,12.0,12.0,1,1,0,1,1
qwen3.8-2.4t-a95b-fp8,expgym,tuning,cost_moderate,single,1,feedback_visible,count,,planned_analysis_unit; Audit_mean_once; pool_resources_N_sum_except_wall,task,hpobench:nasbench101:B,2,[2208],1,1,0,1,1,1,6.0,6.0,6.0,1,1,0,1,1
qwen3.8-2.4t-a95b-fp8,expgym,tuning,cost_moderate,single,1,feedback_visible,count,,planned_analysis_unit; Audit_mean_once; pool_resources_N_sum_except_wall,task,hpobench:nasbench101:C,0,[2200],1,1,0,1,1,1,15.0,15.0,15.0,1,1,0,1,1
qwen3.8-2.4t-a95b-fp8,expgym,tuning,cost_moderate,single,1,feedback_visible,count,,planned_analysis_unit; Audit_mean_once; pool_resources_N_sum_except_wall,task,hpobench:nasbench101:C,1,[2204],1,1,0,1,1,1,16.0,16.0,16.0,1,1,0,1,1
qwen3.8-2.4t-a95b-fp8,expgym,tuning,cost_moderate,single,1,feedback_visible,count,,planned_analysis_unit; Audit_mean_once; pool_resources_N_sum_except_wall,task,hpobench:nasbench101:C,2,[2208],1,1,0,1,1,1,8.0,8.0,8.0,1,1,0,1,1
qwen3.8-2.4t-a95b-fp8,expgym,tuning,cost_moderate,single,1,feedback_visible,count,,planned_analysis_unit; Audit_mean_once; pool_resources_N_sum_except_wall,task,hpobench:nasbench201:cifar10-valid,0,[2200],1,1,0,1,1,1,11.0,11.0,11.0,1,1,0,1,1
qwen3.8-2.4t-a95b-fp8,expgym,tuning,cost_moderate,single,1,feedback_visible,count,,planned_analysis_unit; Audit_mean_once; pool_resources_N_sum_except_wall,task,hpobench:nasbench201:cifar10-valid,1,[2204],1,1,0,1,1,1,11.0,11.0,11.0,1,1,0,1,1
qwen3.8-2.4t-a95b-fp8,expgym,tuning,cost_moderate,single,1,feedback_visible,count,,planned_analysis_unit; Audit_mean_once; pool_resources_N_sum_except_wall,task,hpobench:nasbench201:cifar10-valid,2,[2208],1,1,0,1,1,1,10.0,10.0,10.0,1,1,0,1,1
qwen3.8-2.4t-a95b-fp8,expgym,tuning,cost_moderate,single,1,feedback_visible,count,,planned_analysis_unit; Audit_mean_once; pool_resources_N_sum_except_wall,task,hpobench:nasbench201:cifar100,0,[2200],1,1,0,1,1,1,10.0,10.0,10.0,1,1,0,1,1
qwen3.8-2.4t-a95b-fp8,expgym,tuning,cost_moderate,single,1,feedback_visible,count,,planned_analysis_unit; Audit_mean_once; pool_resources_N_sum_except_wall,task,hpobench:nasbench201:cifar100,1,[2204],1,1,0,1,1,1,12.0,12.0,12.0,1,1,0,1,1
qwen3.8-2.4t-a95b-fp8,expgym,tuning,cost_moderate,single,1,feedback_visible,count,,planned_analysis_unit; Audit_mean_once; pool_resources_N_sum_except_wall,task,hpobench:nasbench201:cifar100,2,[2208],1,1,0,1,1,1,9.0,9.0,9.0,1,1,0,1,1
qwen3.8-2.4t-a95b-fp8,expgym,tuning,cost_moderate,single,1,feedback_visible,count,,planned_analysis_unit; Audit_mean_once; pool_resources_N_sum_except_wall,task,hpobench:nasbench201:imagenet16-120,0,[2200],1,1,0,1,1,1,10.0,10.0,10.0,1,1,0,1,1
qwen3.8-2.4t-a95b-fp8,expgym,tuning,cost_moderate,single,1,feedback_visible,count,,planned_analysis_unit; Audit_mean_once; pool_resources_N_sum_except_wall,task,hpobench:nasbench201:imagenet16-120,1,[2204],1,1,0,1,1,1,11.0,11.0,11.0,1,1,0,1,1
qwen3.8-2.4t-a95b-fp8,expgym,tuning,cost_moderate,single,1,feedback_visible,count,,planned_analysis_unit; Audit_mean_once; pool_resources_N_sum_except_wall,task,hpobench:nasbench201:imagenet16-120,2,[2208],1,1,0,1,1,1,11.0,11.0,11.0,1,1,0,1,1
qwen3.8-2.4t-a95b-fp8,expgym,tuning,cost_moderate,single,1,feedback_visible,count,,planned_analysis_unit; Audit_mean_once; pool_resources_N_sum_except_wall,task,hpobench:paramnet:adult:steps,0,[2200],1,1,0,1,1,1,3.0,3.0,3.0,1,1,0,1,1
qwen3.8-2.4t-a95b-fp8,expgym,tuning,cost_moderate,single,1,feedback_visible,count,,planned_analysis_unit; Audit_mean_once; pool_resources_N_sum_except_wall,task,hpobench:paramnet:adult:steps,1,[2204],1,1,0,1,1,1,3.0,3.0,3.0,1,1,0,1,1
qwen3.8-2.4t-a95b-fp8,expgym,tuning,cost_moderate,single,1,feedback_visible,count,,planned_analysis_unit; Audit_mean_once; pool_resources_N_sum_except_wall,task,hpobench:paramnet:adult:steps,2,[2208],1,1,0,1,1,1,3.0,3.0,3.0,1,1,0,1,1
qwen3.8-2.4t-a95b-fp8,expgym,tuning,cost_moderate,single,1,feedback_visible,count,,planned_analysis_unit; Audit_mean_once; pool_resources_N_sum_except_wall,task,hpobench:paramnet:higgs:steps,0,[2200],1,1,0,1,1,1,12.0,12.0,12.0,1,1,0,1,1
qwen3.8-2.4t-a95b-fp8,expgym,tuning,cost_moderate,single,1,feedback_visible,count,,planned_analysis_unit; Audit_mean_once; pool_resources_N_sum_except_wall,task,hpobench:paramnet:higgs:steps,1,[2204],1,1,0,1,1,1,10.0,10.0,10.0,1,1,0,1,1
qwen3.8-2.4t-a95b-fp8,expgym,tuning,cost_moderate,single,1,feedback_visible,count,,planned_analysis_unit; Audit_mean_once; pool_resources_N_sum_except_wall,task,hpobench:paramnet:higgs:steps,2,[2208],1,1,0,1,1,1,23.0,23.0,23.0,1,1,0,1,1
qwen3.8-2.4t-a95b-fp8,expgym,tuning,cost_moderate,single,1,feedback_visible,count,,planned_analysis_unit; Audit_mean_once; pool_resources_N_sum_except_wall,task,hpobench:paramnet:letter:steps,0,[2200],1,1,0,1,1,1,9.0,9.0,9.0,1,1,0,1,1
qwen3.8-2.4t-a95b-fp8,expgym,tuning,cost_moderate,single,1,feedback_visible,count,,planned_analysis_unit; Audit_mean_once; pool_resources_N_sum_except_wall,task,hpobench:paramnet:letter:steps,1,[2204],1,1,0,1,1,1,13.0,13.0,13.0,1,1,0,1,1
qwen3.8-2.4t-a95b-fp8,expgym,tuning,cost_moderate,single,1,feedback_visible,count,,planned_analysis_unit; Audit_mean_once; pool_resources_N_sum_except_wall,task,hpobench:paramnet:letter:steps,2,[2208],1,1,0,1,1,1,10.0,10.0,10.0,1,1,0,1,1
qwen3.8-2.4t-a95b-fp8,expgym,tuning,cost_moderate,single,1,gap,Gap points,True,planned_analysis_unit; Audit_mean_once; pool_resources_N_sum_except_wall,all,all,0,[2200],9,9,0,9,9,9,96.9503001076749,96.9503001076749,96.9503001076749,9,9,0,1,1
qwen3.8-2.4t-a95b-fp8,expgym,tuning,cost_moderate,single,1,gap,Gap points,True,planned_analysis_unit; Audit_mean_once; pool_resources_N_sum_except_wall,all,all,1,[2204],9,9,0,9,9,9,95.5732915699048,95.5732915699048,95.5732915699048,9,9,0,1,1
qwen3.8-2.4t-a95b-fp8,expgym,tuning,cost_moderate,single,1,gap,Gap points,True,planned_analysis_unit; Audit_mean_once; pool_resources_N_sum_except_wall,all,all,2,[2208],9,9,0,9,9,9,92.87651580153907,92.87651580153907,92.87651580153907,9,9,0,1,1
qwen3.8-2.4t-a95b-fp8,expgym,tuning,cost_moderate,single,1,gap,Gap points,True,planned_analysis_unit; Audit_mean_once; pool_resources_N_sum_except_wall,family,nasbench101,0,[2200],3,3,0,3,3,3,98.01431532822888,98.01431532822888,98.01431532822888,3,3,0,1,1
qwen3.8-2.4t-a95b-fp8,expgym,tuning,cost_moderate,single,1,gap,Gap points,True,planned_analysis_unit; Audit_mean_once; pool_resources_N_sum_except_wall,family,nasbench101,1,[2204],3,3,0,3,3,3,97.26004285731828,97.26004285731828,97.26004285731828,3,3,0,1,1
qwen3.8-2.4t-a95b-fp8,expgym,tuning,cost_moderate,single,1,gap,Gap points,True,planned_analysis_unit; Audit_mean_once; pool_resources_N_sum_except_wall,family,nasbench101,2,[2208],3,3,0,3,3,3,94.25863299556902,94.25863299556902,94.25863299556902,3,3,0,1,1
qwen3.8-2.4t-a95b-fp8,expgym,tuning,cost_moderate,single,1,gap,Gap points,True,planned_analysis_unit; Audit_mean_once; pool_resources_N_sum_except_wall,family,nasbench201,0,[2200],3,3,0,3,3,3,98.65421804018672,98.65421804018672,98.65421804018672,3,3,0,1,1
qwen3.8-2.4t-a95b-fp8,expgym,tuning,cost_moderate,single,1,gap,Gap points,True,planned_analysis_unit; Audit_mean_once; pool_resources_N_sum_except_wall,family,nasbench201,1,[2204],3,3,0,3,3,3,94.84579470802056,94.84579470802056,94.84579470802056,3,3,0,1,1
qwen3.8-2.4t-a95b-fp8,expgym,tuning,cost_moderate,single,1,gap,Gap points,True,planned_analysis_unit; Audit_mean_once; pool_resources_N_sum_except_wall,family,nasbench201,2,[2208],3,3,0,3,3,3,88.30923683049923,88.30923683049923,88.30923683049923,3,3,0,1,1
qwen3.8-2.4t-a95b-fp8,expgym,tuning,cost_moderate,single,1,gap,Gap points,True,planned_analysis_unit; Audit_mean_once; pool_resources_N_sum_except_wall,family,paramnet,0,[2200],3,3,0,3,3,3,94.18236695460912,94.18236695460912,94.18236695460912,3,3,0,1,1
qwen3.8-2.4t-a95b-fp8,expgym,tuning,cost_moderate,single,1,gap,Gap points,True,planned_analysis_unit; Audit_mean_once; pool_resources_N_sum_except_wall,family,paramnet,1,[2204],3,3,0,3,3,3,94.61403714437553,94.61403714437553,94.61403714437553,3,3,0,1,1
qwen3.8-2.4t-a95b-fp8,expgym,tuning,cost_moderate,single,1,gap,Gap points,True,planned_analysis_unit; Audit_mean_once; pool_resources_N_sum_except_wall,family,paramnet,2,[2208],3,3,0,3,3,3,96.06167757854898,96.06167757854898,96.06167757854898,3,3,0,1,1
qwen3.8-2.4t-a95b-fp8,expgym,tuning,cost_moderate,single,1,gap,Gap points,True,planned_analysis_unit; Audit_mean_once; pool_resources_N_sum_except_wall,task,hpobench:nasbench101:A,0,[2200],1,1,0,1,1,1,98.79921043743096,98.79921043743096,98.79921043743096,1,1,0,1,1
qwen3.8-2.4t-a95b-fp8,expgym,tuning,cost_moderate,single,1,gap,Gap points,True,planned_analysis_unit; Audit_mean_once; pool_resources_N_sum_except_wall,task,hpobench:nasbench101:A,1,[2204],1,1,0,1,1,1,96.59697677297574,96.59697677297574,96.59697677297574,1,1,0,1,1
qwen3.8-2.4t-a95b-fp8,expgym,tuning,cost_moderate,single,1,gap,Gap points,True,planned_analysis_unit; Audit_mean_once; pool_resources_N_sum_except_wall,task,hpobench:nasbench101:A,2,[2208],1,1,0,1,1,1,99.17416202277552,99.17416202277552,99.17416202277552,1,1,0,1,1
qwen3.8-2.4t-a95b-fp8,expgym,tuning,cost_moderate,single,1,gap,Gap points,True,planned_analysis_unit; Audit_mean_once; pool_resources_N_sum_except_wall,task,hpobench:nasbench101:B,0,[2200],1,1,0,1,1,1,97.52390526960744,97.52390526960744,97.52390526960744,1,1,0,1,1
qwen3.8-2.4t-a95b-fp8,expgym,tuning,cost_moderate,single,1,gap,Gap points,True,planned_analysis_unit; Audit_mean_once; pool_resources_N_sum_except_wall,task,hpobench:nasbench101:B,1,[2204],1,1,0,1,1,1,96.30551241991606,96.30551241991606,96.30551241991606,1,1,0,1,1
qwen3.8-2.4t-a95b-fp8,expgym,tuning,cost_moderate,single,1,gap,Gap points,True,planned_analysis_unit; Audit_mean_once; pool_resources_N_sum_except_wall,task,hpobench:nasbench101:B,2,[2208],1,1,0,1,1,1,84.1215683303678,84.1215683303678,84.1215683303678,1,1,0,1,1
qwen3.8-2.4t-a95b-fp8,expgym,tuning,cost_moderate,single,1,gap,Gap points,True,planned_analysis_unit; Audit_mean_once; pool_resources_N_sum_except_wall,task,hpobench:nasbench101:C,0,[2200],1,1,0,1,1,1,97.71983027764827,97.71983027764827,97.71983027764827,1,1,0,1,1
qwen3.8-2.4t-a95b-fp8,expgym,tuning,cost_moderate,single,1,gap,Gap points,True,planned_analysis_unit; Audit_mean_once; pool_resources_N_sum_except_wall,task,hpobench:nasbench101:C,1,[2204],1,1,0,1,1,1,98.87763937906306,98.87763937906306,98.87763937906306,1,1,0,1,1
qwen3.8-2.4t-a95b-fp8,expgym,tuning,cost_moderate,single,1,gap,Gap points,True,planned_analysis_unit; Audit_mean_once; pool_resources_N_sum_except_wall,task,hpobench:nasbench101:C,2,[2208],1,1,0,1,1,1,99.48016863356374,99.48016863356374,99.48016863356374,1,1,0,1,1
qwen3.8-2.4t-a95b-fp8,expgym,tuning,cost_moderate,single,1,gap,Gap points,True,planned_analysis_unit; Audit_mean_once; pool_resources_N_sum_except_wall,task,hpobench:nasbench201:cifar10-valid,0,[2200],1,1,0,1,1,1,99.32998283650223,99.32998283650223,99.32998283650223,1,1,0,1,1
qwen3.8-2.4t-a95b-fp8,expgym,tuning,cost_moderate,single,1,gap,Gap points,True,planned_analysis_unit; Audit_mean_once; pool_resources_N_sum_except_wall,task,hpobench:nasbench201:cifar10-valid,1,[2204],1,1,0,1,1,1,98.00669875661379,98.00669875661379,98.00669875661379,1,1,0,1,1
qwen3.8-2.4t-a95b-fp8,expgym,tuning,cost_moderate,single,1,gap,Gap points,True,planned_analysis_unit; Audit_mean_once; pool_resources_N_sum_except_wall,task,hpobench:nasbench201:cifar10-valid,2,[2208],1,1,0,1,1,1,82.31154476532424,82.31154476532424,82.31154476532424,1,1,0,1,1
qwen3.8-2.4t-a95b-fp8,expgym,tuning,cost_moderate,single,1,gap,Gap points,True,planned_analysis_unit; Audit_mean_once; pool_resources_N_sum_except_wall,task,hpobench:nasbench201:cifar100,0,[2200],1,1,0,1,1,1,100.0,100.0,100.0,1,1,0,1,1
qwen3.8-2.4t-a95b-fp8,expgym,tuning,cost_moderate,single,1,gap,Gap points,True,planned_analysis_unit; Audit_mean_once; pool_resources_N_sum_except_wall,task,hpobench:nasbench201:cifar100,1,[2204],1,1,0,1,1,1,100.0,100.0,100.0,1,1,0,1,1
qwen3.8-2.4t-a95b-fp8,expgym,tuning,cost_moderate,single,1,gap,Gap points,True,planned_analysis_unit; Audit_mean_once; pool_resources_N_sum_except_wall,task,hpobench:nasbench201:cifar100,2,[2208],1,1,0,1,1,1,100.0,100.0,100.0,1,1,0,1,1
qwen3.8-2.4t-a95b-fp8,expgym,tuning,cost_moderate,single,1,gap,Gap points,True,planned_analysis_unit; Audit_mean_once; pool_resources_N_sum_except_wall,task,hpobench:nasbench201:imagenet16-120,0,[2200],1,1,0,1,1,1,96.63267128405795,96.63267128405795,96.63267128405795,1,1,0,1,1
qwen3.8-2.4t-a95b-fp8,expgym,tuning,cost_moderate,single,1,gap,Gap points,True,planned_analysis_unit; Audit_mean_once; pool_resources_N_sum_except_wall,task,hpobench:nasbench201:imagenet16-120,1,[2204],1,1,0,1,1,1,86.5306853674479,86.5306853674479,86.5306853674479,1,1,0,1,1
qwen3.8-2.4t-a95b-fp8,expgym,tuning,cost_moderate,single,1,gap,Gap points,True,planned_analysis_unit; Audit_mean_once; pool_resources_N_sum_except_wall,task,hpobench:nasbench201:imagenet16-120,2,[2208],1,1,0,1,1,1,82.61616572617346,82.61616572617346,82.61616572617346,1,1,0,1,1
qwen3.8-2.4t-a95b-fp8,expgym,tuning,cost_moderate,single,1,gap,Gap points,True,planned_analysis_unit; Audit_mean_once; pool_resources_N_sum_except_wall,task,hpobench:paramnet:adult:steps,0,[2200],1,1,0,1,1,1,92.06486553385217,92.06486553385217,92.06486553385217,1,1,0,1,1
qwen3.8-2.4t-a95b-fp8,expgym,tuning,cost_moderate,single,1,gap,Gap points,True,planned_analysis_unit; Audit_mean_once; pool_resources_N_sum_except_wall,task,hpobench:paramnet:adult:steps,1,[2204],1,1,0,1,1,1,92.06486633375002,92.06486633375002,92.06486633375002,1,1,0,1,1
qwen3.8-2.4t-a95b-fp8,expgym,tuning,cost_moderate,single,1,gap,Gap points,True,planned_analysis_unit; Audit_mean_once; pool_resources_N_sum_except_wall,task,hpobench:paramnet:adult:steps,2,[2208],1,1,0,1,1,1,91.81759556417904,91.81759556417904,91.81759556417904,1,1,0,1,1
qwen3.8-2.4t-a95b-fp8,expgym,tuning,cost_moderate,single,1,gap,Gap points,True,planned_analysis_unit; Audit_mean_once; pool_resources_N_sum_except_wall,task,hpobench:paramnet:higgs:steps,0,[2200],1,1,0,1,1,1,91.77461269033058,91.77461269033058,91.77461269033058,1,1,0,1,1
qwen3.8-2.4t-a95b-fp8,expgym,tuning,cost_moderate,single,1,gap,Gap points,True,planned_analysis_unit; Audit_mean_once; pool_resources_N_sum_except_wall,task,hpobench:paramnet:higgs:steps,1,[2204],1,1,0,1,1,1,92.61729013094367,92.61729013094367,92.61729013094367,1,1,0,1,1
qwen3.8-2.4t-a95b-fp8,expgym,tuning,cost_moderate,single,1,gap,Gap points,True,planned_analysis_unit; Audit_mean_once; pool_resources_N_sum_except_wall,task,hpobench:paramnet:higgs:steps,2,[2208],1,1,0,1,1,1,97.57796379662572,97.57796379662572,97.57796379662572,1,1,0,1,1
qwen3.8-2.4t-a95b-fp8,expgym,tuning,cost_moderate,single,1,gap,Gap points,True,planned_analysis_unit; Audit_mean_once; pool_resources_N_sum_except_wall,task,hpobench:paramnet:letter:steps,0,[2200],1,1,0,1,1,1,98.70762263964461,98.70762263964461,98.70762263964461,1,1,0,1,1
qwen3.8-2.4t-a95b-fp8,expgym,tuning,cost_moderate,single,1,gap,Gap points,True,planned_analysis_unit; Audit_mean_once; pool_resources_N_sum_except_wall,task,hpobench:paramnet:letter:steps,1,[2204],1,1,0,1,1,1,99.1599549684329,99.1599549684329,99.1599549684329,1,1,0,1,1
qwen3.8-2.4t-a95b-fp8,expgym,tuning,cost_moderate,single,1,gap,Gap points,True,planned_analysis_unit; Audit_mean_once; pool_resources_N_sum_except_wall,task,hpobench:paramnet:letter:steps,2,[2208],1,1,0,1,1,1,98.78947337484217,98.78947337484217,98.78947337484217,1,1,0,1,1
qwen3.8-2.4t-a95b-fp8,expgym,tuning,cost_moderate,single,1,input_tokens,tokens,,planned_analysis_unit; Audit_mean_once; pool_resources_N_sum_except_wall,all,all,0,[2200],9,9,0,9,9,9,61368.0,61368.0,61368.0,9,9,0,1,1
qwen3.8-2.4t-a95b-fp8,expgym,tuning,cost_moderate,single,1,input_tokens,tokens,,planned_analysis_unit; Audit_mean_once; pool_resources_N_sum_except_wall,all,all,1,[2204],9,9,0,9,9,9,73675.33333333333,73675.33333333333,73675.33333333333,9,9,0,1,1
qwen3.8-2.4t-a95b-fp8,expgym,tuning,cost_moderate,single,1,input_tokens,tokens,,planned_analysis_unit; Audit_mean_once; pool_resources_N_sum_except_wall,all,all,2,[2208],9,9,0,9,9,9,59815.0,59815.0,59815.0,9,9,0,1,1
qwen3.8-2.4t-a95b-fp8,expgym,tuning,cost_moderate,single,1,input_tokens,tokens,,planned_analysis_unit; Audit_mean_once; pool_resources_N_sum_except_wall,family,nasbench101,0,[2200],3,3,0,3,3,3,122643.33333333333,122643.33333333333,122643.33333333333,3,3,0,1,1
qwen3.8-2.4t-a95b-fp8,expgym,tuning,cost_moderate,single,1,input_tokens,tokens,,planned_analysis_unit; Audit_mean_once; pool_resources_N_sum_except_wall,family,nasbench101,1,[2204],3,3,0,3,3,3,143833.66666666666,143833.66666666666,143833.66666666666,3,3,0,1,1
qwen3.8-2.4t-a95b-fp8,expgym,tuning,cost_moderate,single,1,input_tokens,tokens,,planned_analysis_unit; Audit_mean_once; pool_resources_N_sum_except_wall,family,nasbench101,2,[2208],3,3,0,3,3,3,90097.66666666667,90097.66666666667,90097.66666666667,3,3,0,1,1
qwen3.8-2.4t-a95b-fp8,expgym,tuning,cost_moderate,single,1,input_tokens,tokens,,planned_analysis_unit; Audit_mean_once; pool_resources_N_sum_except_wall,family,nasbench201,0,[2200],3,3,0,3,3,3,39888.0,39888.0,39888.0,3,3,0,1,1
qwen3.8-2.4t-a95b-fp8,expgym,tuning,cost_moderate,single,1,input_tokens,tokens,,planned_analysis_unit; Audit_mean_once; pool_resources_N_sum_except_wall,family,nasbench201,1,[2204],3,3,0,3,3,3,49933.666666666664,49933.666666666664,49933.666666666664,3,3,0,1,1
qwen3.8-2.4t-a95b-fp8,expgym,tuning,cost_moderate,single,1,input_tokens,tokens,,planned_analysis_unit; Audit_mean_once; pool_resources_N_sum_except_wall,family,nasbench201,2,[2208],3,3,0,3,3,3,43933.333333333336,43933.333333333336,43933.333333333336,3,3,0,1,1
qwen3.8-2.4t-a95b-fp8,expgym,tuning,cost_moderate,single,1,input_tokens,tokens,,planned_analysis_unit; Audit_mean_once; pool_resources_N_sum_except_wall,family,paramnet,0,[2200],3,3,0,3,3,3,21572.666666666668,21572.666666666668,21572.666666666668,3,3,0,1,1
qwen3.8-2.4t-a95b-fp8,expgym,tuning,cost_moderate,single,1,input_tokens,tokens,,planned_analysis_unit; Audit_mean_once; pool_resources_N_sum_except_wall,family,paramnet,1,[2204],3,3,0,3,3,3,27258.666666666668,27258.666666666668,27258.666666666668,3,3,0,1,1
qwen3.8-2.4t-a95b-fp8,expgym,tuning,cost_moderate,single,1,input_tokens,tokens,,planned_analysis_unit; Audit_mean_once; pool_resources_N_sum_except_wall,family,paramnet,2,[2208],3,3,0,3,3,3,45414.0,45414.0,45414.0,3,3,0,1,1
qwen3.8-2.4t-a95b-fp8,expgym,tuning,cost_moderate,single,1,input_tokens,tokens,,planned_analysis_unit; Audit_mean_once; pool_resources_N_sum_except_wall,task,hpobench:nasbench101:A,0,[2200],1,1,0,1,1,1,44949.0,44949.0,44949.0,1,1,0,1,1
qwen3.8-2.4t-a95b-fp8,expgym,tuning,cost_moderate,single,1,input_tokens,tokens,,planned_analysis_unit; Audit_mean_once; pool_resources_N_sum_except_wall,task,hpobench:nasbench101:A,1,[2204],1,1,0,1,1,1,27678.0,27678.0,27678.0,1,1,0,1,1
qwen3.8-2.4t-a95b-fp8,expgym,tuning,cost_moderate,single,1,input_tokens,tokens,,planned_analysis_unit; Audit_mean_once; pool_resources_N_sum_except_wall,task,hpobench:nasbench101:A,2,[2208],1,1,0,1,1,1,117699.0,117699.0,117699.0,1,1,0,1,1
qwen3.8-2.4t-a95b-fp8,expgym,tuning,cost_moderate,single,1,input_tokens,tokens,,planned_analysis_unit; Audit_mean_once; pool_resources_N_sum_except_wall,task,hpobench:nasbench101:B,0,[2200],1,1,0,1,1,1,70003.0,70003.0,70003.0,1,1,0,1,1
qwen3.8-2.4t-a95b-fp8,expgym,tuning,cost_moderate,single,1,input_tokens,tokens,,planned_analysis_unit; Audit_mean_once; pool_resources_N_sum_except_wall,task,hpobench:nasbench101:B,1,[2204],1,1,0,1,1,1,127562.0,127562.0,127562.0,1,1,0,1,1
qwen3.8-2.4t-a95b-fp8,expgym,tuning,cost_moderate,single,1,input_tokens,tokens,,planned_analysis_unit; Audit_mean_once; pool_resources_N_sum_except_wall,task,hpobench:nasbench101:B,2,[2208],1,1,0,1,1,1,45894.0,45894.0,45894.0,1,1,0,1,1
qwen3.8-2.4t-a95b-fp8,expgym,tuning,cost_moderate,single,1,input_tokens,tokens,,planned_analysis_unit; Audit_mean_once; pool_resources_N_sum_except_wall,task,hpobench:nasbench101:C,0,[2200],1,1,0,1,1,1,252978.0,252978.0,252978.0,1,1,0,1,1
qwen3.8-2.4t-a95b-fp8,expgym,tuning,cost_moderate,single,1,input_tokens,tokens,,planned_analysis_unit; Audit_mean_once; pool_resources_N_sum_except_wall,task,hpobench:nasbench101:C,1,[2204],1,1,0,1,1,1,276261.0,276261.0,276261.0,1,1,0,1,1
qwen3.8-2.4t-a95b-fp8,expgym,tuning,cost_moderate,single,1,input_tokens,tokens,,planned_analysis_unit; Audit_mean_once; pool_resources_N_sum_except_wall,task,hpobench:nasbench101:C,2,[2208],1,1,0,1,1,1,106700.0,106700.0,106700.0,1,1,0,1,1
qwen3.8-2.4t-a95b-fp8,expgym,tuning,cost_moderate,single,1,input_tokens,tokens,,planned_analysis_unit; Audit_mean_once; pool_resources_N_sum_except_wall,task,hpobench:nasbench201:cifar10-valid,0,[2200],1,1,0,1,1,1,43092.0,43092.0,43092.0,1,1,0,1,1
qwen3.8-2.4t-a95b-fp8,expgym,tuning,cost_moderate,single,1,input_tokens,tokens,,planned_analysis_unit; Audit_mean_once; pool_resources_N_sum_except_wall,task,hpobench:nasbench201:cifar10-valid,1,[2204],1,1,0,1,1,1,42169.0,42169.0,42169.0,1,1,0,1,1
qwen3.8-2.4t-a95b-fp8,expgym,tuning,cost_moderate,single,1,input_tokens,tokens,,planned_analysis_unit; Audit_mean_once; pool_resources_N_sum_except_wall,task,hpobench:nasbench201:cifar10-valid,2,[2208],1,1,0,1,1,1,30138.0,30138.0,30138.0,1,1,0,1,1
qwen3.8-2.4t-a95b-fp8,expgym,tuning,cost_moderate,single,1,input_tokens,tokens,,planned_analysis_unit; Audit_mean_once; pool_resources_N_sum_except_wall,task,hpobench:nasbench201:cifar100,0,[2200],1,1,0,1,1,1,36511.0,36511.0,36511.0,1,1,0,1,1
qwen3.8-2.4t-a95b-fp8,expgym,tuning,cost_moderate,single,1,input_tokens,tokens,,planned_analysis_unit; Audit_mean_once; pool_resources_N_sum_except_wall,task,hpobench:nasbench201:cifar100,1,[2204],1,1,0,1,1,1,61611.0,61611.0,61611.0,1,1,0,1,1
qwen3.8-2.4t-a95b-fp8,expgym,tuning,cost_moderate,single,1,input_tokens,tokens,,planned_analysis_unit; Audit_mean_once; pool_resources_N_sum_except_wall,task,hpobench:nasbench201:cifar100,2,[2208],1,1,0,1,1,1,42471.0,42471.0,42471.0,1,1,0,1,1
qwen3.8-2.4t-a95b-fp8,expgym,tuning,cost_moderate,single,1,input_tokens,tokens,,planned_analysis_unit; Audit_mean_once; pool_resources_N_sum_except_wall,task,hpobench:nasbench201:imagenet16-120,0,[2200],1,1,0,1,1,1,40061.0,40061.0,40061.0,1,1,0,1,1
qwen3.8-2.4t-a95b-fp8,expgym,tuning,cost_moderate,single,1,input_tokens,tokens,,planned_analysis_unit; Audit_mean_once; pool_resources_N_sum_except_wall,task,hpobench:nasbench201:imagenet16-120,1,[2204],1,1,0,1,1,1,46021.0,46021.0,46021.0,1,1,0,1,1
qwen3.8-2.4t-a95b-fp8,expgym,tuning,cost_moderate,single,1,input_tokens,tokens,,planned_analysis_unit; Audit_mean_once; pool_resources_N_sum_except_wall,task,hpobench:nasbench201:imagenet16-120,2,[2208],1,1,0,1,1,1,59191.0,59191.0,59191.0,1,1,0,1,1
qwen3.8-2.4t-a95b-fp8,expgym,tuning,cost_moderate,single,1,input_tokens,tokens,,planned_analysis_unit; Audit_mean_once; pool_resources_N_sum_except_wall,task,hpobench:paramnet:adult:steps,0,[2200],1,1,0,1,1,1,6749.0,6749.0,6749.0,1,1,0,1,1
qwen3.8-2.4t-a95b-fp8,expgym,tuning,cost_moderate,single,1,input_tokens,tokens,,planned_analysis_unit; Audit_mean_once; pool_resources_N_sum_except_wall,task,hpobench:paramnet:adult:steps,1,[2204],1,1,0,1,1,1,5893.0,5893.0,5893.0,1,1,0,1,1
qwen3.8-2.4t-a95b-fp8,expgym,tuning,cost_moderate,single,1,input_tokens,tokens,,planned_analysis_unit; Audit_mean_once; pool_resources_N_sum_except_wall,task,hpobench:paramnet:adult:steps,2,[2208],1,1,0,1,1,1,7042.0,7042.0,7042.0,1,1,0,1,1
qwen3.8-2.4t-a95b-fp8,expgym,tuning,cost_moderate,single,1,input_tokens,tokens,,planned_analysis_unit; Audit_mean_once; pool_resources_N_sum_except_wall,task,hpobench:paramnet:higgs:steps,0,[2200],1,1,0,1,1,1,35208.0,35208.0,35208.0,1,1,0,1,1
qwen3.8-2.4t-a95b-fp8,expgym,tuning,cost_moderate,single,1,input_tokens,tokens,,planned_analysis_unit; Audit_mean_once; pool_resources_N_sum_except_wall,task,hpobench:paramnet:higgs:steps,1,[2204],1,1,0,1,1,1,34977.0,34977.0,34977.0,1,1,0,1,1
qwen3.8-2.4t-a95b-fp8,expgym,tuning,cost_moderate,single,1,input_tokens,tokens,,planned_analysis_unit; Audit_mean_once; pool_resources_N_sum_except_wall,task,hpobench:paramnet:higgs:steps,2,[2208],1,1,0,1,1,1,99115.0,99115.0,99115.0,1,1,0,1,1
qwen3.8-2.4t-a95b-fp8,expgym,tuning,cost_moderate,single,1,input_tokens,tokens,,planned_analysis_unit; Audit_mean_once; pool_resources_N_sum_except_wall,task,hpobench:paramnet:letter:steps,0,[2200],1,1,0,1,1,1,22761.0,22761.0,22761.0,1,1,0,1,1
qwen3.8-2.4t-a95b-fp8,expgym,tuning,cost_moderate,single,1,input_tokens,tokens,,planned_analysis_unit; Audit_mean_once; pool_resources_N_sum_except_wall,task,hpobench:paramnet:letter:steps,1,[2204],1,1,0,1,1,1,40906.0,40906.0,40906.0,1,1,0,1,1
qwen3.8-2.4t-a95b-fp8,expgym,tuning,cost_moderate,single,1,input_tokens,tokens,,planned_analysis_unit; Audit_mean_once; pool_resources_N_sum_except_wall,task,hpobench:paramnet:letter:steps,2,[2208],1,1,0,1,1,1,30085.0,30085.0,30085.0,1,1,0,1,1
qwen3.8-2.4t-a95b-fp8,expgym,tuning,cost_moderate,single,1,output_tokens,tokens,,planned_analysis_unit; Audit_mean_once; pool_resources_N_sum_except_wall,all,all,0,[2200],9,9,0,9,9,9,6886.444444444444,6886.444444444444,6886.444444444444,9,9,0,1,1
qwen3.8-2.4t-a95b-fp8,expgym,tuning,cost_moderate,single,1,output_tokens,tokens,,planned_analysis_unit; Audit_mean_once; pool_resources_N_sum_except_wall,all,all,1,[2204],9,9,0,9,9,9,8906.555555555555,8906.555555555555,8906.555555555555,9,9,0,1,1
qwen3.8-2.4t-a95b-fp8,expgym,tuning,cost_moderate,single,1,output_tokens,tokens,,planned_analysis_unit; Audit_mean_once; pool_resources_N_sum_except_wall,all,all,2,[2208],9,9,0,9,9,9,7174.666666666667,7174.666666666667,7174.666666666667,9,9,0,1,1
qwen3.8-2.4t-a95b-fp8,expgym,tuning,cost_moderate,single,1,output_tokens,tokens,,planned_analysis_unit; Audit_mean_once; pool_resources_N_sum_except_wall,family,nasbench101,0,[2200],3,3,0,3,3,3,13208.666666666666,13208.666666666666,13208.666666666666,3,3,0,1,1
qwen3.8-2.4t-a95b-fp8,expgym,tuning,cost_moderate,single,1,output_tokens,tokens,,planned_analysis_unit; Audit_mean_once; pool_resources_N_sum_except_wall,family,nasbench101,1,[2204],3,3,0,3,3,3,17144.333333333332,17144.333333333332,17144.333333333332,3,3,0,1,1
qwen3.8-2.4t-a95b-fp8,expgym,tuning,cost_moderate,single,1,output_tokens,tokens,,planned_analysis_unit; Audit_mean_once; pool_resources_N_sum_except_wall,family,nasbench101,2,[2208],3,3,0,3,3,3,12540.666666666666,12540.666666666666,12540.666666666666,3,3,0,1,1
qwen3.8-2.4t-a95b-fp8,expgym,tuning,cost_moderate,single,1,output_tokens,tokens,,planned_analysis_unit; Audit_mean_once; pool_resources_N_sum_except_wall,family,nasbench201,0,[2200],3,3,0,3,3,3,4622.0,4622.0,4622.0,3,3,0,1,1
qwen3.8-2.4t-a95b-fp8,expgym,tuning,cost_moderate,single,1,output_tokens,tokens,,planned_analysis_unit; Audit_mean_once; pool_resources_N_sum_except_wall,family,nasbench201,1,[2204],3,3,0,3,3,3,6126.333333333333,6126.333333333333,6126.333333333333,3,3,0,1,1
qwen3.8-2.4t-a95b-fp8,expgym,tuning,cost_moderate,single,1,output_tokens,tokens,,planned_analysis_unit; Audit_mean_once; pool_resources_N_sum_except_wall,family,nasbench201,2,[2208],3,3,0,3,3,3,5119.666666666667,5119.666666666667,5119.666666666667,3,3,0,1,1
qwen3.8-2.4t-a95b-fp8,expgym,tuning,cost_moderate,single,1,output_tokens,tokens,,planned_analysis_unit; Audit_mean_once; pool_resources_N_sum_except_wall,family,paramnet,0,[2200],3,3,0,3,3,3,2828.6666666666665,2828.6666666666665,2828.6666666666665,3,3,0,1,1
qwen3.8-2.4t-a95b-fp8,expgym,tuning,cost_moderate,single,1,output_tokens,tokens,,planned_analysis_unit; Audit_mean_once; pool_resources_N_sum_except_wall,family,paramnet,1,[2204],3,3,0,3,3,3,3449.0,3449.0,3449.0,3,3,0,1,1
qwen3.8-2.4t-a95b-fp8,expgym,tuning,cost_moderate,single,1,output_tokens,tokens,,planned_analysis_unit; Audit_mean_once; pool_resources_N_sum_except_wall,family,paramnet,2,[2208],3,3,0,3,3,3,3863.6666666666665,3863.6666666666665,3863.6666666666665,3,3,0,1,1
qwen3.8-2.4t-a95b-fp8,expgym,tuning,cost_moderate,single,1,output_tokens,tokens,,planned_analysis_unit; Audit_mean_once; pool_resources_N_sum_except_wall,task,hpobench:nasbench101:A,0,[2200],1,1,0,1,1,1,6902.0,6902.0,6902.0,1,1,0,1,1
qwen3.8-2.4t-a95b-fp8,expgym,tuning,cost_moderate,single,1,output_tokens,tokens,,planned_analysis_unit; Audit_mean_once; pool_resources_N_sum_except_wall,task,hpobench:nasbench101:A,1,[2204],1,1,0,1,1,1,13700.0,13700.0,13700.0,1,1,0,1,1
qwen3.8-2.4t-a95b-fp8,expgym,tuning,cost_moderate,single,1,output_tokens,tokens,,planned_analysis_unit; Audit_mean_once; pool_resources_N_sum_except_wall,task,hpobench:nasbench101:A,2,[2208],1,1,0,1,1,1,14364.0,14364.0,14364.0,1,1,0,1,1
qwen3.8-2.4t-a95b-fp8,expgym,tuning,cost_moderate,single,1,output_tokens,tokens,,planned_analysis_unit; Audit_mean_once; pool_resources_N_sum_except_wall,task,hpobench:nasbench101:B,0,[2200],1,1,0,1,1,1,10801.0,10801.0,10801.0,1,1,0,1,1
qwen3.8-2.4t-a95b-fp8,expgym,tuning,cost_moderate,single,1,output_tokens,tokens,,planned_analysis_unit; Audit_mean_once; pool_resources_N_sum_except_wall,task,hpobench:nasbench101:B,1,[2204],1,1,0,1,1,1,13056.0,13056.0,13056.0,1,1,0,1,1
qwen3.8-2.4t-a95b-fp8,expgym,tuning,cost_moderate,single,1,output_tokens,tokens,,planned_analysis_unit; Audit_mean_once; pool_resources_N_sum_except_wall,task,hpobench:nasbench101:B,2,[2208],1,1,0,1,1,1,8457.0,8457.0,8457.0,1,1,0,1,1
qwen3.8-2.4t-a95b-fp8,expgym,tuning,cost_moderate,single,1,output_tokens,tokens,,planned_analysis_unit; Audit_mean_once; pool_resources_N_sum_except_wall,task,hpobench:nasbench101:C,0,[2200],1,1,0,1,1,1,21923.0,21923.0,21923.0,1,1,0,1,1
qwen3.8-2.4t-a95b-fp8,expgym,tuning,cost_moderate,single,1,output_tokens,tokens,,planned_analysis_unit; Audit_mean_once; pool_resources_N_sum_except_wall,task,hpobench:nasbench101:C,1,[2204],1,1,0,1,1,1,24677.0,24677.0,24677.0,1,1,0,1,1
qwen3.8-2.4t-a95b-fp8,expgym,tuning,cost_moderate,single,1,output_tokens,tokens,,planned_analysis_unit; Audit_mean_once; pool_resources_N_sum_except_wall,task,hpobench:nasbench101:C,2,[2208],1,1,0,1,1,1,14801.0,14801.0,14801.0,1,1,0,1,1
qwen3.8-2.4t-a95b-fp8,expgym,tuning,cost_moderate,single,1,output_tokens,tokens,,planned_analysis_unit; Audit_mean_once; pool_resources_N_sum_except_wall,task,hpobench:nasbench201:cifar10-valid,0,[2200],1,1,0,1,1,1,4618.0,4618.0,4618.0,1,1,0,1,1
qwen3.8-2.4t-a95b-fp8,expgym,tuning,cost_moderate,single,1,output_tokens,tokens,,planned_analysis_unit; Audit_mean_once; pool_resources_N_sum_except_wall,task,hpobench:nasbench201:cifar10-valid,1,[2204],1,1,0,1,1,1,4070.0,4070.0,4070.0,1,1,0,1,1
qwen3.8-2.4t-a95b-fp8,expgym,tuning,cost_moderate,single,1,output_tokens,tokens,,planned_analysis_unit; Audit_mean_once; pool_resources_N_sum_except_wall,task,hpobench:nasbench201:cifar10-valid,2,[2208],1,1,0,1,1,1,3179.0,3179.0,3179.0,1,1,0,1,1
qwen3.8-2.4t-a95b-fp8,expgym,tuning,cost_moderate,single,1,output_tokens,tokens,,planned_analysis_unit; Audit_mean_once; pool_resources_N_sum_except_wall,task,hpobench:nasbench201:cifar100,0,[2200],1,1,0,1,1,1,3207.0,3207.0,3207.0,1,1,0,1,1
qwen3.8-2.4t-a95b-fp8,expgym,tuning,cost_moderate,single,1,output_tokens,tokens,,planned_analysis_unit; Audit_mean_once; pool_resources_N_sum_except_wall,task,hpobench:nasbench201:cifar100,1,[2204],1,1,0,1,1,1,9697.0,9697.0,9697.0,1,1,0,1,1
qwen3.8-2.4t-a95b-fp8,expgym,tuning,cost_moderate,single,1,output_tokens,tokens,,planned_analysis_unit; Audit_mean_once; pool_resources_N_sum_except_wall,task,hpobench:nasbench201:cifar100,2,[2208],1,1,0,1,1,1,5958.0,5958.0,5958.0,1,1,0,1,1
qwen3.8-2.4t-a95b-fp8,expgym,tuning,cost_moderate,single,1,output_tokens,tokens,,planned_analysis_unit; Audit_mean_once; pool_resources_N_sum_except_wall,task,hpobench:nasbench201:imagenet16-120,0,[2200],1,1,0,1,1,1,6041.0,6041.0,6041.0,1,1,0,1,1
qwen3.8-2.4t-a95b-fp8,expgym,tuning,cost_moderate,single,1,output_tokens,tokens,,planned_analysis_unit; Audit_mean_once; pool_resources_N_sum_except_wall,task,hpobench:nasbench201:imagenet16-120,1,[2204],1,1,0,1,1,1,4612.0,4612.0,4612.0,1,1,0,1,1
qwen3.8-2.4t-a95b-fp8,expgym,tuning,cost_moderate,single,1,output_tokens,tokens,,planned_analysis_unit; Audit_mean_once; pool_resources_N_sum_except_wall,task,hpobench:nasbench201:imagenet16-120,2,[2208],1,1,0,1,1,1,6222.0,6222.0,6222.0,1,1,0,1,1
qwen3.8-2.4t-a95b-fp8,expgym,tuning,cost_moderate,single,1,output_tokens,tokens,,planned_analysis_unit; Audit_mean_once; pool_resources_N_sum_except_wall,task,hpobench:paramnet:adult:steps,0,[2200],1,1,0,1,1,1,2912.0,2912.0,2912.0,1,1,0,1,1
qwen3.8-2.4t-a95b-fp8,expgym,tuning,cost_moderate,single,1,output_tokens,tokens,,planned_analysis_unit; Audit_mean_once; pool_resources_N_sum_except_wall,task,hpobench:paramnet:adult:steps,1,[2204],1,1,0,1,1,1,1513.0,1513.0,1513.0,1,1,0,1,1
qwen3.8-2.4t-a95b-fp8,expgym,tuning,cost_moderate,single,1,output_tokens,tokens,,planned_analysis_unit; Audit_mean_once; pool_resources_N_sum_except_wall,task,hpobench:paramnet:adult:steps,2,[2208],1,1,0,1,1,1,2072.0,2072.0,2072.0,1,1,0,1,1
qwen3.8-2.4t-a95b-fp8,expgym,tuning,cost_moderate,single,1,output_tokens,tokens,,planned_analysis_unit; Audit_mean_once; pool_resources_N_sum_except_wall,task,hpobench:paramnet:higgs:steps,0,[2200],1,1,0,1,1,1,3151.0,3151.0,3151.0,1,1,0,1,1
qwen3.8-2.4t-a95b-fp8,expgym,tuning,cost_moderate,single,1,output_tokens,tokens,,planned_analysis_unit; Audit_mean_once; pool_resources_N_sum_except_wall,task,hpobench:paramnet:higgs:steps,1,[2204],1,1,0,1,1,1,5242.0,5242.0,5242.0,1,1,0,1,1
qwen3.8-2.4t-a95b-fp8,expgym,tuning,cost_moderate,single,1,output_tokens,tokens,,planned_analysis_unit; Audit_mean_once; pool_resources_N_sum_except_wall,task,hpobench:paramnet:higgs:steps,2,[2208],1,1,0,1,1,1,5447.0,5447.0,5447.0,1,1,0,1,1
qwen3.8-2.4t-a95b-fp8,expgym,tuning,cost_moderate,single,1,output_tokens,tokens,,planned_analysis_unit; Audit_mean_once; pool_resources_N_sum_except_wall,task,hpobench:paramnet:letter:steps,0,[2200],1,1,0,1,1,1,2423.0,2423.0,2423.0,1,1,0,1,1
qwen3.8-2.4t-a95b-fp8,expgym,tuning,cost_moderate,single,1,output_tokens,tokens,,planned_analysis_unit; Audit_mean_once; pool_resources_N_sum_except_wall,task,hpobench:paramnet:letter:steps,1,[2204],1,1,0,1,1,1,3592.0,3592.0,3592.0,1,1,0,1,1
qwen3.8-2.4t-a95b-fp8,expgym,tuning,cost_moderate,single,1,output_tokens,tokens,,planned_analysis_unit; Audit_mean_once; pool_resources_N_sum_except_wall,task,hpobench:paramnet:letter:steps,2,[2208],1,1,0,1,1,1,4072.0,4072.0,4072.0,1,1,0,1,1
qwen3.8-2.4t-a95b-fp8,expgym,tuning,cost_moderate,single,1,protocol_failure_rate,fraction,,planned_analysis_unit; Audit_mean_once; pool_resources_N_sum_except_wall,all,all,0,[2200],9,9,0,9,9,9,0.02442002442002442,0.02442002442002442,0.02442002442002442,9,9,0,1,1
qwen3.8-2.4t-a95b-fp8,expgym,tuning,cost_moderate,single,1,protocol_failure_rate,fraction,,planned_analysis_unit; Audit_mean_once; pool_resources_N_sum_except_wall,all,all,1,[2204],9,9,0,9,9,9,0.027777777777777776,0.027777777777777776,0.027777777777777776,9,9,0,1,1
qwen3.8-2.4t-a95b-fp8,expgym,tuning,cost_moderate,single,1,protocol_failure_rate,fraction,,planned_analysis_unit; Audit_mean_once; pool_resources_N_sum_except_wall,all,all,2,[2208],9,9,0,9,9,9,0.019658119658119658,0.019658119658119658,0.019658119658119658,9,9,0,1,1
qwen3.8-2.4t-a95b-fp8,expgym,tuning,cost_moderate,single,1,protocol_failure_rate,fraction,,planned_analysis_unit; Audit_mean_once; pool_resources_N_sum_except_wall,family,nasbench101,0,[2200],3,3,0,3,3,3,0.047619047619047616,0.047619047619047616,0.047619047619047616,3,3,0,1,1
qwen3.8-2.4t-a95b-fp8,expgym,tuning,cost_moderate,single,1,protocol_failure_rate,fraction,,planned_analysis_unit; Audit_mean_once; pool_resources_N_sum_except_wall,family,nasbench101,1,[2204],3,3,0,3,3,3,0.08333333333333333,0.08333333333333333,0.08333333333333333,3,3,0,1,1
qwen3.8-2.4t-a95b-fp8,expgym,tuning,cost_moderate,single,1,protocol_failure_rate,fraction,,planned_analysis_unit; Audit_mean_once; pool_resources_N_sum_except_wall,family,nasbench101,2,[2208],3,3,0,3,3,3,0.03333333333333333,0.03333333333333333,0.03333333333333333,3,3,0,1,1
qwen3.8-2.4t-a95b-fp8,expgym,tuning,cost_moderate,single,1,protocol_failure_rate,fraction,,planned_analysis_unit; Audit_mean_once; pool_resources_N_sum_except_wall,family,nasbench201,0,[2200],3,3,0,3,3,3,0.025641025641025644,0.025641025641025644,0.025641025641025644,3,3,0,1,1
qwen3.8-2.4t-a95b-fp8,expgym,tuning,cost_moderate,single,1,protocol_failure_rate,fraction,,planned_analysis_unit; Audit_mean_once; pool_resources_N_sum_except_wall,family,nasbench201,1,[2204],3,3,0,3,3,3,0.0,0.0,0.0,3,3,0,1,1
qwen3.8-2.4t-a95b-fp8,expgym,tuning,cost_moderate,single,1,protocol_failure_rate,fraction,,planned_analysis_unit; Audit_mean_once; pool_resources_N_sum_except_wall,family,nasbench201,2,[2208],3,3,0,3,3,3,0.025641025641025644,0.025641025641025644,0.025641025641025644,3,3,0,1,1
qwen3.8-2.4t-a95b-fp8,expgym,tuning,cost_moderate,single,1,protocol_failure_rate,fraction,,planned_analysis_unit; Audit_mean_once; pool_resources_N_sum_except_wall,family,paramnet,0,[2200],3,3,0,3,3,3,0.0,0.0,0.0,3,3,0,1,1
qwen3.8-2.4t-a95b-fp8,expgym,tuning,cost_moderate,single,1,protocol_failure_rate,fraction,,planned_analysis_unit; Audit_mean_once; pool_resources_N_sum_except_wall,family,paramnet,1,[2204],3,3,0,3,3,3,0.0,0.0,0.0,3,3,0,1,1
qwen3.8-2.4t-a95b-fp8,expgym,tuning,cost_moderate,single,1,protocol_failure_rate,fraction,,planned_analysis_unit; Audit_mean_once; pool_resources_N_sum_except_wall,family,paramnet,2,[2208],3,3,0,3,3,3,0.0,0.0,0.0,3,3,0,1,1
qwen3.8-2.4t-a95b-fp8,expgym,tuning,cost_moderate,single,1,protocol_failure_rate,fraction,,planned_analysis_unit; Audit_mean_once; pool_resources_N_sum_except_wall,task,hpobench:nasbench101:A,0,[2200],1,1,0,1,1,1,0.14285714285714285,0.14285714285714285,0.14285714285714285,1,1,0,1,1
qwen3.8-2.4t-a95b-fp8,expgym,tuning,cost_moderate,single,1,protocol_failure_rate,fraction,,planned_analysis_unit; Audit_mean_once; pool_resources_N_sum_except_wall,task,hpobench:nasbench101:A,1,[2204],1,1,0,1,1,1,0.25,0.25,0.25,1,1,0,1,1
qwen3.8-2.4t-a95b-fp8,expgym,tuning,cost_moderate,single,1,protocol_failure_rate,fraction,,planned_analysis_unit; Audit_mean_once; pool_resources_N_sum_except_wall,task,hpobench:nasbench101:A,2,[2208],1,1,0,1,1,1,0.1,0.1,0.1,1,1,0,1,1
qwen3.8-2.4t-a95b-fp8,expgym,tuning,cost_moderate,single,1,protocol_failure_rate,fraction,,planned_analysis_unit; Audit_mean_once; pool_resources_N_sum_except_wall,task,hpobench:nasbench101:B,0,[2200],1,1,0,1,1,1,0.0,0.0,0.0,1,1,0,1,1
qwen3.8-2.4t-a95b-fp8,expgym,tuning,cost_moderate,single,1,protocol_failure_rate,fraction,,planned_analysis_unit; Audit_mean_once; pool_resources_N_sum_except_wall,task,hpobench:nasbench101:B,1,[2204],1,1,0,1,1,1,0.0,0.0,0.0,1,1,0,1,1
qwen3.8-2.4t-a95b-fp8,expgym,tuning,cost_moderate,single,1,protocol_failure_rate,fraction,,planned_analysis_unit; Audit_mean_once; pool_resources_N_sum_except_wall,task,hpobench:nasbench101:B,2,[2208],1,1,0,1,1,1,0.0,0.0,0.0,1,1,0,1,1
qwen3.8-2.4t-a95b-fp8,expgym,tuning,cost_moderate,single,1,protocol_failure_rate,fraction,,planned_analysis_unit; Audit_mean_once; pool_resources_N_sum_except_wall,task,hpobench:nasbench101:C,0,[2200],1,1,0,1,1,1,0.0,0.0,0.0,1,1,0,1,1
qwen3.8-2.4t-a95b-fp8,expgym,tuning,cost_moderate,single,1,protocol_failure_rate,fraction,,planned_analysis_unit; Audit_mean_once; pool_resources_N_sum_except_wall,task,hpobench:nasbench101:C,1,[2204],1,1,0,1,1,1,0.0,0.0,0.0,1,1,0,1,1
qwen3.8-2.4t-a95b-fp8,expgym,tuning,cost_moderate,single,1,protocol_failure_rate,fraction,,planned_analysis_unit; Audit_mean_once; pool_resources_N_sum_except_wall,task,hpobench:nasbench101:C,2,[2208],1,1,0,1,1,1,0.0,0.0,0.0,1,1,0,1,1
qwen3.8-2.4t-a95b-fp8,expgym,tuning,cost_moderate,single,1,protocol_failure_rate,fraction,,planned_analysis_unit; Audit_mean_once; pool_resources_N_sum_except_wall,task,hpobench:nasbench201:cifar10-valid,0,[2200],1,1,0,1,1,1,0.07692307692307693,0.07692307692307693,0.07692307692307693,1,1,0,1,1
qwen3.8-2.4t-a95b-fp8,expgym,tuning,cost_moderate,single,1,protocol_failure_rate,fraction,,planned_analysis_unit; Audit_mean_once; pool_resources_N_sum_except_wall,task,hpobench:nasbench201:cifar10-valid,1,[2204],1,1,0,1,1,1,0.0,0.0,0.0,1,1,0,1,1
qwen3.8-2.4t-a95b-fp8,expgym,tuning,cost_moderate,single,1,protocol_failure_rate,fraction,,planned_analysis_unit; Audit_mean_once; pool_resources_N_sum_except_wall,task,hpobench:nasbench201:cifar10-valid,2,[2208],1,1,0,1,1,1,0.0,0.0,0.0,1,1,0,1,1
qwen3.8-2.4t-a95b-fp8,expgym,tuning,cost_moderate,single,1,protocol_failure_rate,fraction,,planned_analysis_unit; Audit_mean_once; pool_resources_N_sum_except_wall,task,hpobench:nasbench201:cifar100,0,[2200],1,1,0,1,1,1,0.0,0.0,0.0,1,1,0,1,1
qwen3.8-2.4t-a95b-fp8,expgym,tuning,cost_moderate,single,1,protocol_failure_rate,fraction,,planned_analysis_unit; Audit_mean_once; pool_resources_N_sum_except_wall,task,hpobench:nasbench201:cifar100,1,[2204],1,1,0,1,1,1,0.0,0.0,0.0,1,1,0,1,1
qwen3.8-2.4t-a95b-fp8,expgym,tuning,cost_moderate,single,1,protocol_failure_rate,fraction,,planned_analysis_unit; Audit_mean_once; pool_resources_N_sum_except_wall,task,hpobench:nasbench201:cifar100,2,[2208],1,1,0,1,1,1,0.0,0.0,0.0,1,1,0,1,1
qwen3.8-2.4t-a95b-fp8,expgym,tuning,cost_moderate,single,1,protocol_failure_rate,fraction,,planned_analysis_unit; Audit_mean_once; pool_resources_N_sum_except_wall,task,hpobench:nasbench201:imagenet16-120,0,[2200],1,1,0,1,1,1,0.0,0.0,0.0,1,1,0,1,1
qwen3.8-2.4t-a95b-fp8,expgym,tuning,cost_moderate,single,1,protocol_failure_rate,fraction,,planned_analysis_unit; Audit_mean_once; pool_resources_N_sum_except_wall,task,hpobench:nasbench201:imagenet16-120,1,[2204],1,1,0,1,1,1,0.0,0.0,0.0,1,1,0,1,1
qwen3.8-2.4t-a95b-fp8,expgym,tuning,cost_moderate,single,1,protocol_failure_rate,fraction,,planned_analysis_unit; Audit_mean_once; pool_resources_N_sum_except_wall,task,hpobench:nasbench201:imagenet16-120,2,[2208],1,1,0,1,1,1,0.07692307692307693,0.07692307692307693,0.07692307692307693,1,1,0,1,1
qwen3.8-2.4t-a95b-fp8,expgym,tuning,cost_moderate,single,1,protocol_failure_rate,fraction,,planned_analysis_unit; Audit_mean_once; pool_resources_N_sum_except_wall,task,hpobench:paramnet:adult:steps,0,[2200],1,1,0,1,1,1,0.0,0.0,0.0,1,1,0,1,1
qwen3.8-2.4t-a95b-fp8,expgym,tuning,cost_moderate,single,1,protocol_failure_rate,fraction,,planned_analysis_unit; Audit_mean_once; pool_resources_N_sum_except_wall,task,hpobench:paramnet:adult:steps,1,[2204],1,1,0,1,1,1,0.0,0.0,0.0,1,1,0,1,1
qwen3.8-2.4t-a95b-fp8,expgym,tuning,cost_moderate,single,1,protocol_failure_rate,fraction,,planned_analysis_unit; Audit_mean_once; pool_resources_N_sum_except_wall,task,hpobench:paramnet:adult:steps,2,[2208],1,1,0,1,1,1,0.0,0.0,0.0,1,1,0,1,1
qwen3.8-2.4t-a95b-fp8,expgym,tuning,cost_moderate,single,1,protocol_failure_rate,fraction,,planned_analysis_unit; Audit_mean_once; pool_resources_N_sum_except_wall,task,hpobench:paramnet:higgs:steps,0,[2200],1,1,0,1,1,1,0.0,0.0,0.0,1,1,0,1,1
qwen3.8-2.4t-a95b-fp8,expgym,tuning,cost_moderate,single,1,protocol_failure_rate,fraction,,planned_analysis_unit; Audit_mean_once; pool_resources_N_sum_except_wall,task,hpobench:paramnet:higgs:steps,1,[2204],1,1,0,1,1,1,0.0,0.0,0.0,1,1,0,1,1
qwen3.8-2.4t-a95b-fp8,expgym,tuning,cost_moderate,single,1,protocol_failure_rate,fraction,,planned_analysis_unit; Audit_mean_once; pool_resources_N_sum_except_wall,task,hpobench:paramnet:higgs:steps,2,[2208],1,1,0,1,1,1,0.0,0.0,0.0,1,1,0,1,1
qwen3.8-2.4t-a95b-fp8,expgym,tuning,cost_moderate,single,1,protocol_failure_rate,fraction,,planned_analysis_unit; Audit_mean_once; pool_resources_N_sum_except_wall,task,hpobench:paramnet:letter:steps,0,[2200],1,1,0,1,1,1,0.0,0.0,0.0,1,1,0,1,1
qwen3.8-2.4t-a95b-fp8,expgym,tuning,cost_moderate,single,1,protocol_failure_rate,fraction,,planned_analysis_unit; Audit_mean_once; pool_resources_N_sum_except_wall,task,hpobench:paramnet:letter:steps,1,[2204],1,1,0,1,1,1,0.0,0.0,0.0,1,1,0,1,1
qwen3.8-2.4t-a95b-fp8,expgym,tuning,cost_moderate,single,1,protocol_failure_rate,fraction,,planned_analysis_unit; Audit_mean_once; pool_resources_N_sum_except_wall,task,hpobench:paramnet:letter:steps,2,[2208],1,1,0,1,1,1,0.0,0.0,0.0,1,1,0,1,1
qwen3.8-2.4t-a95b-fp8,expgym,tuning,cost_moderate,single,1,raw_perf,fraction,True,planned_analysis_unit; Audit_mean_once; pool_resources_N_sum_except_wall,all,all,0,[2200],9,9,0,9,9,9,0.8278053886625284,0.8278053886625284,0.8278053886625284,9,9,0,1,1
qwen3.8-2.4t-a95b-fp8,expgym,tuning,cost_moderate,single,1,raw_perf,fraction,True,planned_analysis_unit; Audit_mean_once; pool_resources_N_sum_except_wall,all,all,1,[2204],9,9,0,9,9,9,0.8252130158881475,0.8252130158881475,0.8252130158881475,9,9,0,1,1
qwen3.8-2.4t-a95b-fp8,expgym,tuning,cost_moderate,single,1,raw_perf,fraction,True,planned_analysis_unit; Audit_mean_once; pool_resources_N_sum_except_wall,all,all,2,[2208],9,9,0,9,9,9,0.8224458386927889,0.8224458386927889,0.8224458386927889,9,9,0,1,1
qwen3.8-2.4t-a95b-fp8,expgym,tuning,cost_moderate,single,1,raw_perf,fraction,True,planned_analysis_unit; Audit_mean_once; pool_resources_N_sum_except_wall,family,nasbench101,0,[2200],3,3,0,3,3,3,0.9376557999187046,0.9376557999187046,0.9376557999187046,3,3,0,1,1
qwen3.8-2.4t-a95b-fp8,expgym,tuning,cost_moderate,single,1,raw_perf,fraction,True,planned_analysis_unit; Audit_mean_once; pool_resources_N_sum_except_wall,family,nasbench101,1,[2204],3,3,0,3,3,3,0.9336382746696472,0.9336382746696472,0.9336382746696472,3,3,0,1,1
qwen3.8-2.4t-a95b-fp8,expgym,tuning,cost_moderate,single,1,raw_perf,fraction,True,planned_analysis_unit; Audit_mean_once; pool_resources_N_sum_except_wall,family,nasbench101,2,[2208],3,3,0,3,3,3,0.9304665194617378,0.9304665194617378,0.9304665194617378,3,3,0,1,1
qwen3.8-2.4t-a95b-fp8,expgym,tuning,cost_moderate,single,1,raw_perf,fraction,True,planned_analysis_unit; Audit_mean_once; pool_resources_N_sum_except_wall,family,nasbench201,0,[2200],3,3,0,3,3,3,0.704855555545609,0.704855555545609,0.704855555545609,3,3,0,1,1
qwen3.8-2.4t-a95b-fp8,expgym,tuning,cost_moderate,single,1,raw_perf,fraction,True,planned_analysis_unit; Audit_mean_once; pool_resources_N_sum_except_wall,family,nasbench201,1,[2204],3,3,0,3,3,3,0.7000599999507199,0.7000599999507199,0.7000599999507199,3,3,0,1,1
qwen3.8-2.4t-a95b-fp8,expgym,tuning,cost_moderate,single,1,raw_perf,fraction,True,planned_analysis_unit; Audit_mean_once; pool_resources_N_sum_except_wall,family,nasbench201,2,[2208],3,3,0,3,3,3,0.6941733332221137,0.6941733332221137,0.6941733332221137,3,3,0,1,1
qwen3.8-2.4t-a95b-fp8,expgym,tuning,cost_moderate,single,1,raw_perf,fraction,True,planned_analysis_unit; Audit_mean_once; pool_resources_N_sum_except_wall,family,paramnet,0,[2200],3,3,0,3,3,3,0.8409048105232716,0.8409048105232716,0.8409048105232716,3,3,0,1,1
qwen3.8-2.4t-a95b-fp8,expgym,tuning,cost_moderate,single,1,raw_perf,fraction,True,planned_analysis_unit; Audit_mean_once; pool_resources_N_sum_except_wall,family,paramnet,1,[2204],3,3,0,3,3,3,0.8419407730440756,0.8419407730440756,0.8419407730440756,3,3,0,1,1
qwen3.8-2.4t-a95b-fp8,expgym,tuning,cost_moderate,single,1,raw_perf,fraction,True,planned_analysis_unit; Audit_mean_once; pool_resources_N_sum_except_wall,family,paramnet,2,[2208],3,3,0,3,3,3,0.8426976633945152,0.8426976633945152,0.8426976633945152,3,3,0,1,1
qwen3.8-2.4t-a95b-fp8,expgym,tuning,cost_moderate,single,1,raw_perf,fraction,True,planned_analysis_unit; Audit_mean_once; pool_resources_N_sum_except_wall,task,hpobench:nasbench101:A,0,[2200],1,1,0,1,1,1,0.9376335342725118,0.9376335342725118,0.9376335342725118,1,1,0,1,1
qwen3.8-2.4t-a95b-fp8,expgym,tuning,cost_moderate,single,1,raw_perf,fraction,True,planned_analysis_unit; Audit_mean_once; pool_resources_N_sum_except_wall,task,hpobench:nasbench101:A,1,[2204],1,1,0,1,1,1,0.9221421082814535,0.9221421082814535,0.9221421082814535,1,1,0,1,1
qwen3.8-2.4t-a95b-fp8,expgym,tuning,cost_moderate,single,1,raw_perf,fraction,True,planned_analysis_unit; Audit_mean_once; pool_resources_N_sum_except_wall,task,hpobench:nasbench101:A,2,[2208],1,1,0,1,1,1,0.9402710994084676,0.9402710994084676,0.9402710994084676,1,1,0,1,1
qwen3.8-2.4t-a95b-fp8,expgym,tuning,cost_moderate,single,1,raw_perf,fraction,True,planned_analysis_unit; Audit_mean_once; pool_resources_N_sum_except_wall,task,hpobench:nasbench101:B,0,[2200],1,1,0,1,1,1,0.94264155626297,0.94264155626297,0.94264155626297,1,1,0,1,1
qwen3.8-2.4t-a95b-fp8,expgym,tuning,cost_moderate,single,1,raw_perf,fraction,True,planned_analysis_unit; Audit_mean_once; pool_resources_N_sum_except_wall,task,hpobench:nasbench101:B,1,[2204],1,1,0,1,1,1,0.9395365913709005,0.9395365913709005,0.9395365913709005,1,1,0,1,1
qwen3.8-2.4t-a95b-fp8,expgym,tuning,cost_moderate,single,1,raw_perf,fraction,True,planned_analysis_unit; Audit_mean_once; pool_resources_N_sum_except_wall,task,hpobench:nasbench101:B,2,[2208],1,1,0,1,1,1,0.9084869027137756,0.9084869027137756,0.9084869027137756,1,1,0,1,1
qwen3.8-2.4t-a95b-fp8,expgym,tuning,cost_moderate,single,1,raw_perf,fraction,True,planned_analysis_unit; Audit_mean_once; pool_resources_N_sum_except_wall,task,hpobench:nasbench101:C,0,[2200],1,1,0,1,1,1,0.932692309220632,0.932692309220632,0.932692309220632,1,1,0,1,1
qwen3.8-2.4t-a95b-fp8,expgym,tuning,cost_moderate,single,1,raw_perf,fraction,True,planned_analysis_unit; Audit_mean_once; pool_resources_N_sum_except_wall,task,hpobench:nasbench101:C,1,[2204],1,1,0,1,1,1,0.9392361243565878,0.9392361243565878,0.9392361243565878,1,1,0,1,1
qwen3.8-2.4t-a95b-fp8,expgym,tuning,cost_moderate,single,1,raw_perf,fraction,True,planned_analysis_unit; Audit_mean_once; pool_resources_N_sum_except_wall,task,hpobench:nasbench101:C,2,[2208],1,1,0,1,1,1,0.94264155626297,0.94264155626297,0.94264155626297,1,1,0,1,1
qwen3.8-2.4t-a95b-fp8,expgym,tuning,cost_moderate,single,1,raw_perf,fraction,True,planned_analysis_unit; Audit_mean_once; pool_resources_N_sum_except_wall,task,hpobench:nasbench201:cifar10-valid,0,[2200],1,1,0,1,1,1,0.915533333235677,0.915533333235677,0.915533333235677,1,1,0,1,1
qwen3.8-2.4t-a95b-fp8,expgym,tuning,cost_moderate,single,1,raw_perf,fraction,True,planned_analysis_unit; Audit_mean_once; pool_resources_N_sum_except_wall,task,hpobench:nasbench201:cifar10-valid,1,[2204],1,1,0,1,1,1,0.9144799998860678,0.9144799998860678,0.9144799998860678,1,1,0,1,1
qwen3.8-2.4t-a95b-fp8,expgym,tuning,cost_moderate,single,1,raw_perf,fraction,True,planned_analysis_unit; Audit_mean_once; pool_resources_N_sum_except_wall,task,hpobench:nasbench201:cifar10-valid,2,[2208],1,1,0,1,1,1,0.9019866665364583,0.9019866665364583,0.9019866665364583,1,1,0,1,1
qwen3.8-2.4t-a95b-fp8,expgym,tuning,cost_moderate,single,1,raw_perf,fraction,True,planned_analysis_unit; Audit_mean_once; pool_resources_N_sum_except_wall,task,hpobench:nasbench201:cifar100,0,[2200],1,1,0,1,1,1,0.7350333333333333,0.7350333333333333,0.7350333333333333,1,1,0,1,1
qwen3.8-2.4t-a95b-fp8,expgym,tuning,cost_moderate,single,1,raw_perf,fraction,True,planned_analysis_unit; Audit_mean_once; pool_resources_N_sum_except_wall,task,hpobench:nasbench201:cifar100,1,[2204],1,1,0,1,1,1,0.7350333333333333,0.7350333333333333,0.7350333333333333,1,1,0,1,1
qwen3.8-2.4t-a95b-fp8,expgym,tuning,cost_moderate,single,1,raw_perf,fraction,True,planned_analysis_unit; Audit_mean_once; pool_resources_N_sum_except_wall,task,hpobench:nasbench201:cifar100,2,[2208],1,1,0,1,1,1,0.7350333333333333,0.7350333333333333,0.7350333333333333,1,1,0,1,1
qwen3.8-2.4t-a95b-fp8,expgym,tuning,cost_moderate,single,1,raw_perf,fraction,True,planned_analysis_unit; Audit_mean_once; pool_resources_N_sum_except_wall,task,hpobench:nasbench201:imagenet16-120,0,[2200],1,1,0,1,1,1,0.46400000006781683,0.46400000006781683,0.46400000006781683,1,1,0,1,1
qwen3.8-2.4t-a95b-fp8,expgym,tuning,cost_moderate,single,1,raw_perf,fraction,True,planned_analysis_unit; Audit_mean_once; pool_resources_N_sum_except_wall,task,hpobench:nasbench201:imagenet16-120,1,[2204],1,1,0,1,1,1,0.45066666663275834,0.45066666663275834,0.45066666663275834,1,1,0,1,1
qwen3.8-2.4t-a95b-fp8,expgym,tuning,cost_moderate,single,1,raw_perf,fraction,True,planned_analysis_unit; Audit_mean_once; pool_resources_N_sum_except_wall,task,hpobench:nasbench201:imagenet16-120,2,[2208],1,1,0,1,1,1,0.44549999979654953,0.44549999979654953,0.44549999979654953,1,1,0,1,1
qwen3.8-2.4t-a95b-fp8,expgym,tuning,cost_moderate,single,1,raw_perf,fraction,True,planned_analysis_unit; Audit_mean_once; pool_resources_N_sum_except_wall,task,hpobench:paramnet:adult:steps,0,[2200],1,1,0,1,1,1,0.8504629645027496,0.8504629645027496,0.8504629645027496,1,1,0,1,1
qwen3.8-2.4t-a95b-fp8,expgym,tuning,cost_moderate,single,1,raw_perf,fraction,True,planned_analysis_unit; Audit_mean_once; pool_resources_N_sum_except_wall,task,hpobench:paramnet:adult:steps,1,[2204],1,1,0,1,1,1,0.8504629648322308,0.8504629648322308,0.8504629648322308,1,1,0,1,1
qwen3.8-2.4t-a95b-fp8,expgym,tuning,cost_moderate,single,1,raw_perf,fraction,True,planned_analysis_unit; Audit_mean_once; pool_resources_N_sum_except_wall,task,hpobench:paramnet:adult:steps,2,[2208],1,1,0,1,1,1,0.8503611129823107,0.8503611129823107,0.8503611129823107,1,1,0,1,1
qwen3.8-2.4t-a95b-fp8,expgym,tuning,cost_moderate,single,1,raw_perf,fraction,True,planned_analysis_unit; Audit_mean_once; pool_resources_N_sum_except_wall,task,hpobench:paramnet:higgs:steps,0,[2200],1,1,0,1,1,1,0.7139068292006439,0.7139068292006439,0.7139068292006439,1,1,0,1,1
qwen3.8-2.4t-a95b-fp8,expgym,tuning,cost_moderate,single,1,raw_perf,fraction,True,planned_analysis_unit; Audit_mean_once; pool_resources_N_sum_except_wall,task,hpobench:paramnet:higgs:steps,1,[2204],1,1,0,1,1,1,0.7146402234078224,0.7146402234078224,0.7146402234078224,1,1,0,1,1
qwen3.8-2.4t-a95b-fp8,expgym,tuning,cost_moderate,single,1,raw_perf,fraction,True,planned_analysis_unit; Audit_mean_once; pool_resources_N_sum_except_wall,task,hpobench:paramnet:higgs:steps,2,[2208],1,1,0,1,1,1,0.7189575685208794,0.7189575685208794,0.7189575685208794,1,1,0,1,1
qwen3.8-2.4t-a95b-fp8,expgym,tuning,cost_moderate,single,1,raw_perf,fraction,True,planned_analysis_unit; Audit_mean_once; pool_resources_N_sum_except_wall,task,hpobench:paramnet:letter:steps,0,[2200],1,1,0,1,1,1,0.9583446378664213,0.9583446378664213,0.9583446378664213,1,1,0,1,1
qwen3.8-2.4t-a95b-fp8,expgym,tuning,cost_moderate,single,1,raw_perf,fraction,True,planned_analysis_unit; Audit_mean_once; pool_resources_N_sum_except_wall,task,hpobench:paramnet:letter:steps,1,[2204],1,1,0,1,1,1,0.9607191308921734,0.9607191308921734,0.9607191308921734,1,1,0,1,1
qwen3.8-2.4t-a95b-fp8,expgym,tuning,cost_moderate,single,1,raw_perf,fraction,True,planned_analysis_unit; Audit_mean_once; pool_resources_N_sum_except_wall,task,hpobench:paramnet:letter:steps,2,[2208],1,1,0,1,1,1,0.9587743086803557,0.9587743086803557,0.9587743086803557,1,1,0,1,1
qwen3.8-2.4t-a95b-fp8,expgym,tuning,cost_moderate,single,1,wall_time_seconds,seconds,,planned_analysis_unit; Audit_mean_once; pool_resources_N_sum_except_wall,all,all,0,[2200],9,9,0,9,9,9,260.35139094458685,260.35139094458685,260.35139094458685,9,9,0,1,1
qwen3.8-2.4t-a95b-fp8,expgym,tuning,cost_moderate,single,1,wall_time_seconds,seconds,,planned_analysis_unit; Audit_mean_once; pool_resources_N_sum_except_wall,all,all,1,[2204],9,9,0,9,9,9,335.22913228140936,335.22913228140936,335.22913228140936,9,9,0,1,1
qwen3.8-2.4t-a95b-fp8,expgym,tuning,cost_moderate,single,1,wall_time_seconds,seconds,,planned_analysis_unit; Audit_mean_once; pool_resources_N_sum_except_wall,all,all,2,[2208],9,9,0,9,9,9,264.8488420645396,264.8488420645396,264.8488420645396,9,9,0,1,1
qwen3.8-2.4t-a95b-fp8,expgym,tuning,cost_moderate,single,1,wall_time_seconds,seconds,,planned_analysis_unit; Audit_mean_once; pool_resources_N_sum_except_wall,family,nasbench101,0,[2200],3,3,0,3,3,3,514.1621810595194,514.1621810595194,514.1621810595194,3,3,0,1,1
qwen3.8-2.4t-a95b-fp8,expgym,tuning,cost_moderate,single,1,wall_time_seconds,seconds,,planned_analysis_unit; Audit_mean_once; pool_resources_N_sum_except_wall,family,nasbench101,1,[2204],3,3,0,3,3,3,660.7408572038015,660.7408572038015,660.7408572038015,3,3,0,1,1
qwen3.8-2.4t-a95b-fp8,expgym,tuning,cost_moderate,single,1,wall_time_seconds,seconds,,planned_analysis_unit; Audit_mean_once; pool_resources_N_sum_except_wall,family,nasbench101,2,[2208],3,3,0,3,3,3,471.64545647303265,471.64545647303265,471.64545647303265,3,3,0,1,1
qwen3.8-2.4t-a95b-fp8,expgym,tuning,cost_moderate,single,1,wall_time_seconds,seconds,,planned_analysis_unit; Audit_mean_once; pool_resources_N_sum_except_wall,family,nasbench201,0,[2200],3,3,0,3,3,3,179.6961261431376,179.6961261431376,179.6961261431376,3,3,0,1,1
qwen3.8-2.4t-a95b-fp8,expgym,tuning,cost_moderate,single,1,wall_time_seconds,seconds,,planned_analysis_unit; Audit_mean_once; pool_resources_N_sum_except_wall,family,nasbench201,1,[2204],3,3,0,3,3,3,238.8356030782064,238.8356030782064,238.8356030782064,3,3,0,1,1
qwen3.8-2.4t-a95b-fp8,expgym,tuning,cost_moderate,single,1,wall_time_seconds,seconds,,planned_analysis_unit; Audit_mean_once; pool_resources_N_sum_except_wall,family,nasbench201,2,[2208],3,3,0,3,3,3,206.5022157828013,206.5022157828013,206.5022157828013,3,3,0,1,1
qwen3.8-2.4t-a95b-fp8,expgym,tuning,cost_moderate,single,1,wall_time_seconds,seconds,,planned_analysis_unit; Audit_mean_once; pool_resources_N_sum_except_wall,family,paramnet,0,[2200],3,3,0,3,3,3,87.19586563110352,87.19586563110352,87.19586563110352,3,3,0,1,1
qwen3.8-2.4t-a95b-fp8,expgym,tuning,cost_moderate,single,1,wall_time_seconds,seconds,,planned_analysis_unit; Audit_mean_once; pool_resources_N_sum_except_wall,family,paramnet,1,[2204],3,3,0,3,3,3,106.11093656222026,106.11093656222026,106.11093656222026,3,3,0,1,1
qwen3.8-2.4t-a95b-fp8,expgym,tuning,cost_moderate,single,1,wall_time_seconds,seconds,,planned_analysis_unit; Audit_mean_once; pool_resources_N_sum_except_wall,family,paramnet,2,[2208],3,3,0,3,3,3,116.39885393778484,116.39885393778484,116.39885393778484,3,3,0,1,1
qwen3.8-2.4t-a95b-fp8,expgym,tuning,cost_moderate,single,1,wall_time_seconds,seconds,,planned_analysis_unit; Audit_mean_once; pool_resources_N_sum_except_wall,task,hpobench:nasbench101:A,0,[2200],1,1,0,1,1,1,272.7321288585663,272.7321288585663,272.7321288585663,1,1,0,1,1
qwen3.8-2.4t-a95b-fp8,expgym,tuning,cost_moderate,single,1,wall_time_seconds,seconds,,planned_analysis_unit; Audit_mean_once; pool_resources_N_sum_except_wall,task,hpobench:nasbench101:A,1,[2204],1,1,0,1,1,1,530.9272909164429,530.9272909164429,530.9272909164429,1,1,0,1,1
qwen3.8-2.4t-a95b-fp8,expgym,tuning,cost_moderate,single,1,wall_time_seconds,seconds,,planned_analysis_unit; Audit_mean_once; pool_resources_N_sum_except_wall,task,hpobench:nasbench101:A,2,[2208],1,1,0,1,1,1,532.6624484062195,532.6624484062195,532.6624484062195,1,1,0,1,1
qwen3.8-2.4t-a95b-fp8,expgym,tuning,cost_moderate,single,1,wall_time_seconds,seconds,,planned_analysis_unit; Audit_mean_once; pool_resources_N_sum_except_wall,task,hpobench:nasbench101:B,0,[2200],1,1,0,1,1,1,420.7277932167053,420.7277932167053,420.7277932167053,1,1,0,1,1
qwen3.8-2.4t-a95b-fp8,expgym,tuning,cost_moderate,single,1,wall_time_seconds,seconds,,planned_analysis_unit; Audit_mean_once; pool_resources_N_sum_except_wall,task,hpobench:nasbench101:B,1,[2204],1,1,0,1,1,1,509.75733613967896,509.75733613967896,509.75733613967896,1,1,0,1,1
qwen3.8-2.4t-a95b-fp8,expgym,tuning,cost_moderate,single,1,wall_time_seconds,seconds,,planned_analysis_unit; Audit_mean_once; pool_resources_N_sum_except_wall,task,hpobench:nasbench101:B,2,[2208],1,1,0,1,1,1,341.01545691490173,341.01545691490173,341.01545691490173,1,1,0,1,1
qwen3.8-2.4t-a95b-fp8,expgym,tuning,cost_moderate,single,1,wall_time_seconds,seconds,,planned_analysis_unit; Audit_mean_once; pool_resources_N_sum_except_wall,task,hpobench:nasbench101:C,0,[2200],1,1,0,1,1,1,849.0266211032867,849.0266211032867,849.0266211032867,1,1,0,1,1
qwen3.8-2.4t-a95b-fp8,expgym,tuning,cost_moderate,single,1,wall_time_seconds,seconds,,planned_analysis_unit; Audit_mean_once; pool_resources_N_sum_except_wall,task,hpobench:nasbench101:C,1,[2204],1,1,0,1,1,1,941.5379445552826,941.5379445552826,941.5379445552826,1,1,0,1,1
qwen3.8-2.4t-a95b-fp8,expgym,tuning,cost_moderate,single,1,wall_time_seconds,seconds,,planned_analysis_unit; Audit_mean_once; pool_resources_N_sum_except_wall,task,hpobench:nasbench101:C,2,[2208],1,1,0,1,1,1,541.2584640979767,541.2584640979767,541.2584640979767,1,1,0,1,1
qwen3.8-2.4t-a95b-fp8,expgym,tuning,cost_moderate,single,1,wall_time_seconds,seconds,,planned_analysis_unit; Audit_mean_once; pool_resources_N_sum_except_wall,task,hpobench:nasbench201:cifar10-valid,0,[2200],1,1,0,1,1,1,183.58171033859253,183.58171033859253,183.58171033859253,1,1,0,1,1
qwen3.8-2.4t-a95b-fp8,expgym,tuning,cost_moderate,single,1,wall_time_seconds,seconds,,planned_analysis_unit; Audit_mean_once; pool_resources_N_sum_except_wall,task,hpobench:nasbench201:cifar10-valid,1,[2204],1,1,0,1,1,1,163.69067907333374,163.69067907333374,163.69067907333374,1,1,0,1,1
qwen3.8-2.4t-a95b-fp8,expgym,tuning,cost_moderate,single,1,wall_time_seconds,seconds,,planned_analysis_unit; Audit_mean_once; pool_resources_N_sum_except_wall,task,hpobench:nasbench201:cifar10-valid,2,[2208],1,1,0,1,1,1,134.85824608802795,134.85824608802795,134.85824608802795,1,1,0,1,1
qwen3.8-2.4t-a95b-fp8,expgym,tuning,cost_moderate,single,1,wall_time_seconds,seconds,,planned_analysis_unit; Audit_mean_once; pool_resources_N_sum_except_wall,task,hpobench:nasbench201:cifar100,0,[2200],1,1,0,1,1,1,125.20972561836243,125.20972561836243,125.20972561836243,1,1,0,1,1
qwen3.8-2.4t-a95b-fp8,expgym,tuning,cost_moderate,single,1,wall_time_seconds,seconds,,planned_analysis_unit; Audit_mean_once; pool_resources_N_sum_except_wall,task,hpobench:nasbench201:cifar100,1,[2204],1,1,0,1,1,1,376.843727350235,376.843727350235,376.843727350235,1,1,0,1,1
qwen3.8-2.4t-a95b-fp8,expgym,tuning,cost_moderate,single,1,wall_time_seconds,seconds,,planned_analysis_unit; Audit_mean_once; pool_resources_N_sum_except_wall,task,hpobench:nasbench201:cifar100,2,[2208],1,1,0,1,1,1,239.10174298286438,239.10174298286438,239.10174298286438,1,1,0,1,1
qwen3.8-2.4t-a95b-fp8,expgym,tuning,cost_moderate,single,1,wall_time_seconds,seconds,,planned_analysis_unit; Audit_mean_once; pool_resources_N_sum_except_wall,task,hpobench:nasbench201:imagenet16-120,0,[2200],1,1,0,1,1,1,230.29694247245789,230.29694247245789,230.29694247245789,1,1,0,1,1
qwen3.8-2.4t-a95b-fp8,expgym,tuning,cost_moderate,single,1,wall_time_seconds,seconds,,planned_analysis_unit; Audit_mean_once; pool_resources_N_sum_except_wall,task,hpobench:nasbench201:imagenet16-120,1,[2204],1,1,0,1,1,1,175.97240281105042,175.97240281105042,175.97240281105042,1,1,0,1,1
qwen3.8-2.4t-a95b-fp8,expgym,tuning,cost_moderate,single,1,wall_time_seconds,seconds,,planned_analysis_unit; Audit_mean_once; pool_resources_N_sum_except_wall,task,hpobench:nasbench201:imagenet16-120,2,[2208],1,1,0,1,1,1,245.5466582775116,245.5466582775116,245.5466582775116,1,1,0,1,1
qwen3.8-2.4t-a95b-fp8,expgym,tuning,cost_moderate,single,1,wall_time_seconds,seconds,,planned_analysis_unit; Audit_mean_once; pool_resources_N_sum_except_wall,task,hpobench:paramnet:adult:steps,0,[2200],1,1,0,1,1,1,85.2790892124176,85.2790892124176,85.2790892124176,1,1,0,1,1
qwen3.8-2.4t-a95b-fp8,expgym,tuning,cost_moderate,single,1,wall_time_seconds,seconds,,planned_analysis_unit; Audit_mean_once; pool_resources_N_sum_except_wall,task,hpobench:paramnet:adult:steps,1,[2204],1,1,0,1,1,1,45.180628538131714,45.180628538131714,45.180628538131714,1,1,0,1,1
qwen3.8-2.4t-a95b-fp8,expgym,tuning,cost_moderate,single,1,wall_time_seconds,seconds,,planned_analysis_unit; Audit_mean_once; pool_resources_N_sum_except_wall,task,hpobench:paramnet:adult:steps,2,[2208],1,1,0,1,1,1,61.93133473396301,61.93133473396301,61.93133473396301,1,1,0,1,1
qwen3.8-2.4t-a95b-fp8,expgym,tuning,cost_moderate,single,1,wall_time_seconds,seconds,,planned_analysis_unit; Audit_mean_once; pool_resources_N_sum_except_wall,task,hpobench:paramnet:higgs:steps,0,[2200],1,1,0,1,1,1,98.74578642845154,98.74578642845154,98.74578642845154,1,1,0,1,1
qwen3.8-2.4t-a95b-fp8,expgym,tuning,cost_moderate,single,1,wall_time_seconds,seconds,,planned_analysis_unit; Audit_mean_once; pool_resources_N_sum_except_wall,task,hpobench:paramnet:higgs:steps,1,[2204],1,1,0,1,1,1,160.10303473472595,160.10303473472595,160.10303473472595,1,1,0,1,1
qwen3.8-2.4t-a95b-fp8,expgym,tuning,cost_moderate,single,1,wall_time_seconds,seconds,,planned_analysis_unit; Audit_mean_once; pool_resources_N_sum_except_wall,task,hpobench:paramnet:higgs:steps,2,[2208],1,1,0,1,1,1,163.1511001586914,163.1511001586914,163.1511001586914,1,1,0,1,1
qwen3.8-2.4t-a95b-fp8,expgym,tuning,cost_moderate,single,1,wall_time_seconds,seconds,,planned_analysis_unit; Audit_mean_once; pool_resources_N_sum_except_wall,task,hpobench:paramnet:letter:steps,0,[2200],1,1,0,1,1,1,77.5627212524414,77.5627212524414,77.5627212524414,1,1,0,1,1
qwen3.8-2.4t-a95b-fp8,expgym,tuning,cost_moderate,single,1,wall_time_seconds,seconds,,planned_analysis_unit; Audit_mean_once; pool_resources_N_sum_except_wall,task,hpobench:paramnet:letter:steps,1,[2204],1,1,0,1,1,1,113.0491464138031,113.0491464138031,113.0491464138031,1,1,0,1,1
qwen3.8-2.4t-a95b-fp8,expgym,tuning,cost_moderate,single,1,wall_time_seconds,seconds,,planned_analysis_unit; Audit_mean_once; pool_resources_N_sum_except_wall,task,hpobench:paramnet:letter:steps,2,[2208],1,1,0,1,1,1,124.11412692070007,124.11412692070007,124.11412692070007,1,1,0,1,1
qwen3.8-2.4t-a95b-fp8,expgym,tuning,cost_tight,single,1,budget_utilization,fraction,,planned_analysis_unit; Audit_mean_once; pool_resources_N_sum_except_wall,all,all,0,[2200],9,9,0,9,9,9,1.0670755504496452,1.0670755504496452,1.0670755504496452,9,9,0,1,1
qwen3.8-2.4t-a95b-fp8,expgym,tuning,cost_tight,single,1,budget_utilization,fraction,,planned_analysis_unit; Audit_mean_once; pool_resources_N_sum_except_wall,all,all,1,[2204],9,9,0,9,9,9,1.1547046241542722,1.1547046241542722,1.1547046241542722,9,9,0,1,1
qwen3.8-2.4t-a95b-fp8,expgym,tuning,cost_tight,single,1,budget_utilization,fraction,,planned_analysis_unit; Audit_mean_once; pool_resources_N_sum_except_wall,all,all,2,[2208],9,9,0,9,9,9,1.1043650918070145,1.1043650918070145,1.1043650918070145,9,9,0,1,1
qwen3.8-2.4t-a95b-fp8,expgym,tuning,cost_tight,single,1,budget_utilization,fraction,,planned_analysis_unit; Audit_mean_once; pool_resources_N_sum_except_wall,family,nasbench101,0,[2200],3,3,0,3,3,3,1.0760434553532607,1.0760434553532607,1.0760434553532607,3,3,0,1,1
qwen3.8-2.4t-a95b-fp8,expgym,tuning,cost_tight,single,1,budget_utilization,fraction,,planned_analysis_unit; Audit_mean_once; pool_resources_N_sum_except_wall,family,nasbench101,1,[2204],3,3,0,3,3,3,1.1886790735175903,1.1886790735175903,1.1886790735175903,3,3,0,1,1
qwen3.8-2.4t-a95b-fp8,expgym,tuning,cost_tight,single,1,budget_utilization,fraction,,planned_analysis_unit; Audit_mean_once; pool_resources_N_sum_except_wall,family,nasbench101,2,[2208],3,3,0,3,3,3,1.2268179148909801,1.2268179148909801,1.2268179148909801,3,3,0,1,1
qwen3.8-2.4t-a95b-fp8,expgym,tuning,cost_tight,single,1,budget_utilization,fraction,,planned_analysis_unit; Audit_mean_once; pool_resources_N_sum_except_wall,family,nasbench201,0,[2200],3,3,0,3,3,3,0.9698057028240261,0.9698057028240261,0.9698057028240261,3,3,0,1,1
qwen3.8-2.4t-a95b-fp8,expgym,tuning,cost_tight,single,1,budget_utilization,fraction,,planned_analysis_unit; Audit_mean_once; pool_resources_N_sum_except_wall,family,nasbench201,1,[2204],3,3,0,3,3,3,1.0407142631426138,1.0407142631426138,1.0407142631426138,3,3,0,1,1
qwen3.8-2.4t-a95b-fp8,expgym,tuning,cost_tight,single,1,budget_utilization,fraction,,planned_analysis_unit; Audit_mean_once; pool_resources_N_sum_except_wall,family,nasbench201,2,[2208],3,3,0,3,3,3,1.1566901523104995,1.1566901523104995,1.1566901523104995,3,3,0,1,1
qwen3.8-2.4t-a95b-fp8,expgym,tuning,cost_tight,single,1,budget_utilization,fraction,,planned_analysis_unit; Audit_mean_once; pool_resources_N_sum_except_wall,family,paramnet,0,[2200],3,3,0,3,3,3,1.1553774931716492,1.1553774931716492,1.1553774931716492,3,3,0,1,1
qwen3.8-2.4t-a95b-fp8,expgym,tuning,cost_tight,single,1,budget_utilization,fraction,,planned_analysis_unit; Audit_mean_once; pool_resources_N_sum_except_wall,family,paramnet,1,[2204],3,3,0,3,3,3,1.2347205358026125,1.2347205358026125,1.2347205358026125,3,3,0,1,1
qwen3.8-2.4t-a95b-fp8,expgym,tuning,cost_tight,single,1,budget_utilization,fraction,,planned_analysis_unit; Audit_mean_once; pool_resources_N_sum_except_wall,family,paramnet,2,[2208],3,3,0,3,3,3,0.929587208219564,0.929587208219564,0.929587208219564,3,3,0,1,1
qwen3.8-2.4t-a95b-fp8,expgym,tuning,cost_tight,single,1,budget_utilization,fraction,,planned_analysis_unit; Audit_mean_once; pool_resources_N_sum_except_wall,task,hpobench:nasbench101:A,0,[2200],1,1,0,1,1,1,1.4034330906470434,1.4034330906470434,1.4034330906470434,1,1,0,1,1
qwen3.8-2.4t-a95b-fp8,expgym,tuning,cost_tight,single,1,budget_utilization,fraction,,planned_analysis_unit; Audit_mean_once; pool_resources_N_sum_except_wall,task,hpobench:nasbench101:A,1,[2204],1,1,0,1,1,1,1.3314276482167575,1.3314276482167575,1.3314276482167575,1,1,0,1,1
qwen3.8-2.4t-a95b-fp8,expgym,tuning,cost_tight,single,1,budget_utilization,fraction,,planned_analysis_unit; Audit_mean_once; pool_resources_N_sum_except_wall,task,hpobench:nasbench101:A,2,[2208],1,1,0,1,1,1,1.3612951340724846,1.3612951340724846,1.3612951340724846,1,1,0,1,1
qwen3.8-2.4t-a95b-fp8,expgym,tuning,cost_tight,single,1,budget_utilization,fraction,,planned_analysis_unit; Audit_mean_once; pool_resources_N_sum_except_wall,task,hpobench:nasbench101:B,0,[2200],1,1,0,1,1,1,0.9760054335827293,0.9760054335827293,0.9760054335827293,1,1,0,1,1
qwen3.8-2.4t-a95b-fp8,expgym,tuning,cost_tight,single,1,budget_utilization,fraction,,planned_analysis_unit; Audit_mean_once; pool_resources_N_sum_except_wall,task,hpobench:nasbench101:B,1,[2204],1,1,0,1,1,1,1.284144812231043,1.284144812231043,1.284144812231043,1,1,0,1,1
qwen3.8-2.4t-a95b-fp8,expgym,tuning,cost_tight,single,1,budget_utilization,fraction,,planned_analysis_unit; Audit_mean_once; pool_resources_N_sum_except_wall,task,hpobench:nasbench101:B,2,[2208],1,1,0,1,1,1,1.2663324983271835,1.2663324983271835,1.2663324983271835,1,1,0,1,1
qwen3.8-2.4t-a95b-fp8,expgym,tuning,cost_tight,single,1,budget_utilization,fraction,,planned_analysis_unit; Audit_mean_once; pool_resources_N_sum_except_wall,task,hpobench:nasbench101:C,0,[2200],1,1,0,1,1,1,0.8486918418300096,0.8486918418300096,0.8486918418300096,1,1,0,1,1
qwen3.8-2.4t-a95b-fp8,expgym,tuning,cost_tight,single,1,budget_utilization,fraction,,planned_analysis_unit; Audit_mean_once; pool_resources_N_sum_except_wall,task,hpobench:nasbench101:C,1,[2204],1,1,0,1,1,1,0.9504647601049702,0.9504647601049702,0.9504647601049702,1,1,0,1,1
qwen3.8-2.4t-a95b-fp8,expgym,tuning,cost_tight,single,1,budget_utilization,fraction,,planned_analysis_unit; Audit_mean_once; pool_resources_N_sum_except_wall,task,hpobench:nasbench101:C,2,[2208],1,1,0,1,1,1,1.0528261122732725,1.0528261122732725,1.0528261122732725,1,1,0,1,1
qwen3.8-2.4t-a95b-fp8,expgym,tuning,cost_tight,single,1,budget_utilization,fraction,,planned_analysis_unit; Audit_mean_once; pool_resources_N_sum_except_wall,task,hpobench:nasbench201:cifar10-valid,0,[2200],1,1,0,1,1,1,0.9629974077288973,0.9629974077288973,0.9629974077288973,1,1,0,1,1
qwen3.8-2.4t-a95b-fp8,expgym,tuning,cost_tight,single,1,budget_utilization,fraction,,planned_analysis_unit; Audit_mean_once; pool_resources_N_sum_except_wall,task,hpobench:nasbench201:cifar10-valid,1,[2204],1,1,0,1,1,1,0.9721365286638897,0.9721365286638897,0.9721365286638897,1,1,0,1,1
qwen3.8-2.4t-a95b-fp8,expgym,tuning,cost_tight,single,1,budget_utilization,fraction,,planned_analysis_unit; Audit_mean_once; pool_resources_N_sum_except_wall,task,hpobench:nasbench201:cifar10-valid,2,[2208],1,1,0,1,1,1,1.1421456233505738,1.1421456233505738,1.1421456233505738,1,1,0,1,1
qwen3.8-2.4t-a95b-fp8,expgym,tuning,cost_tight,single,1,budget_utilization,fraction,,planned_analysis_unit; Audit_mean_once; pool_resources_N_sum_except_wall,task,hpobench:nasbench201:cifar100,0,[2200],1,1,0,1,1,1,0.9670804997236468,0.9670804997236468,0.9670804997236468,1,1,0,1,1
qwen3.8-2.4t-a95b-fp8,expgym,tuning,cost_tight,single,1,budget_utilization,fraction,,planned_analysis_unit; Audit_mean_once; pool_resources_N_sum_except_wall,task,hpobench:nasbench201:cifar100,1,[2204],1,1,0,1,1,1,1.041265078221881,1.041265078221881,1.041265078221881,1,1,0,1,1
qwen3.8-2.4t-a95b-fp8,expgym,tuning,cost_tight,single,1,budget_utilization,fraction,,planned_analysis_unit; Audit_mean_once; pool_resources_N_sum_except_wall,task,hpobench:nasbench201:cifar100,2,[2208],1,1,0,1,1,1,1.1715485794072387,1.1715485794072387,1.1715485794072387,1,1,0,1,1
qwen3.8-2.4t-a95b-fp8,expgym,tuning,cost_tight,single,1,budget_utilization,fraction,,planned_analysis_unit; Audit_mean_once; pool_resources_N_sum_except_wall,task,hpobench:nasbench201:imagenet16-120,0,[2200],1,1,0,1,1,1,0.9793392010195341,0.9793392010195341,0.9793392010195341,1,1,0,1,1
qwen3.8-2.4t-a95b-fp8,expgym,tuning,cost_tight,single,1,budget_utilization,fraction,,planned_analysis_unit; Audit_mean_once; pool_resources_N_sum_except_wall,task,hpobench:nasbench201:imagenet16-120,1,[2204],1,1,0,1,1,1,1.1087411825420708,1.1087411825420708,1.1087411825420708,1,1,0,1,1
qwen3.8-2.4t-a95b-fp8,expgym,tuning,cost_tight,single,1,budget_utilization,fraction,,planned_analysis_unit; Audit_mean_once; pool_resources_N_sum_except_wall,task,hpobench:nasbench201:imagenet16-120,2,[2208],1,1,0,1,1,1,1.1563762541736862,1.1563762541736862,1.1563762541736862,1,1,0,1,1
qwen3.8-2.4t-a95b-fp8,expgym,tuning,cost_tight,single,1,budget_utilization,fraction,,planned_analysis_unit; Audit_mean_once; pool_resources_N_sum_except_wall,task,hpobench:paramnet:adult:steps,0,[2200],1,1,0,1,1,1,1.591680048504047,1.591680048504047,1.591680048504047,1,1,0,1,1
qwen3.8-2.4t-a95b-fp8,expgym,tuning,cost_tight,single,1,budget_utilization,fraction,,planned_analysis_unit; Audit_mean_once; pool_resources_N_sum_except_wall,task,hpobench:paramnet:adult:steps,1,[2204],1,1,0,1,1,1,1.2618042745723068,1.2618042745723068,1.2618042745723068,1,1,0,1,1
qwen3.8-2.4t-a95b-fp8,expgym,tuning,cost_tight,single,1,budget_utilization,fraction,,planned_analysis_unit; Audit_mean_once; pool_resources_N_sum_except_wall,task,hpobench:paramnet:adult:steps,2,[2208],1,1,0,1,1,1,0.9156323578071487,0.9156323578071487,0.9156323578071487,1,1,0,1,1
qwen3.8-2.4t-a95b-fp8,expgym,tuning,cost_tight,single,1,budget_utilization,fraction,,planned_analysis_unit; Audit_mean_once; pool_resources_N_sum_except_wall,task,hpobench:paramnet:higgs:steps,0,[2200],1,1,0,1,1,1,0.9317977520822716,0.9317977520822716,0.9317977520822716,1,1,0,1,1
qwen3.8-2.4t-a95b-fp8,expgym,tuning,cost_tight,single,1,budget_utilization,fraction,,planned_analysis_unit; Audit_mean_once; pool_resources_N_sum_except_wall,task,hpobench:paramnet:higgs:steps,1,[2204],1,1,0,1,1,1,1.2996410373681024,1.2996410373681024,1.2996410373681024,1,1,0,1,1
qwen3.8-2.4t-a95b-fp8,expgym,tuning,cost_tight,single,1,budget_utilization,fraction,,planned_analysis_unit; Audit_mean_once; pool_resources_N_sum_except_wall,task,hpobench:paramnet:higgs:steps,2,[2208],1,1,0,1,1,1,1.0344569010473859,1.0344569010473859,1.0344569010473859,1,1,0,1,1
qwen3.8-2.4t-a95b-fp8,expgym,tuning,cost_tight,single,1,budget_utilization,fraction,,planned_analysis_unit; Audit_mean_once; pool_resources_N_sum_except_wall,task,hpobench:paramnet:letter:steps,0,[2200],1,1,0,1,1,1,0.9426546789286292,0.9426546789286292,0.9426546789286292,1,1,0,1,1
qwen3.8-2.4t-a95b-fp8,expgym,tuning,cost_tight,single,1,budget_utilization,fraction,,planned_analysis_unit; Audit_mean_once; pool_resources_N_sum_except_wall,task,hpobench:paramnet:letter:steps,1,[2204],1,1,0,1,1,1,1.1427162954674281,1.1427162954674281,1.1427162954674281,1,1,0,1,1
qwen3.8-2.4t-a95b-fp8,expgym,tuning,cost_tight,single,1,budget_utilization,fraction,,planned_analysis_unit; Audit_mean_once; pool_resources_N_sum_except_wall,task,hpobench:paramnet:letter:steps,2,[2208],1,1,0,1,1,1,0.8386723658041572,0.8386723658041572,0.8386723658041572,1,1,0,1,1
qwen3.8-2.4t-a95b-fp8,expgym,tuning,cost_tight,single,1,duplicate_action_attempts,count,,planned_analysis_unit; Audit_mean_once; pool_resources_N_sum_except_wall,all,all,0,[2200],9,9,0,9,9,9,0.0,0.0,0.0,9,9,0,1,1
qwen3.8-2.4t-a95b-fp8,expgym,tuning,cost_tight,single,1,duplicate_action_attempts,count,,planned_analysis_unit; Audit_mean_once; pool_resources_N_sum_except_wall,all,all,1,[2204],9,9,0,9,9,9,0.0,0.0,0.0,9,9,0,1,1
qwen3.8-2.4t-a95b-fp8,expgym,tuning,cost_tight,single,1,duplicate_action_attempts,count,,planned_analysis_unit; Audit_mean_once; pool_resources_N_sum_except_wall,all,all,2,[2208],9,9,0,9,9,9,0.0,0.0,0.0,9,9,0,1,1
qwen3.8-2.4t-a95b-fp8,expgym,tuning,cost_tight,single,1,duplicate_action_attempts,count,,planned_analysis_unit; Audit_mean_once; pool_resources_N_sum_except_wall,family,nasbench101,0,[2200],3,3,0,3,3,3,0.0,0.0,0.0,3,3,0,1,1
qwen3.8-2.4t-a95b-fp8,expgym,tuning,cost_tight,single,1,duplicate_action_attempts,count,,planned_analysis_unit; Audit_mean_once; pool_resources_N_sum_except_wall,family,nasbench101,1,[2204],3,3,0,3,3,3,0.0,0.0,0.0,3,3,0,1,1
qwen3.8-2.4t-a95b-fp8,expgym,tuning,cost_tight,single,1,duplicate_action_attempts,count,,planned_analysis_unit; Audit_mean_once; pool_resources_N_sum_except_wall,family,nasbench101,2,[2208],3,3,0,3,3,3,0.0,0.0,0.0,3,3,0,1,1
qwen3.8-2.4t-a95b-fp8,expgym,tuning,cost_tight,single,1,duplicate_action_attempts,count,,planned_analysis_unit; Audit_mean_once; pool_resources_N_sum_except_wall,family,nasbench201,0,[2200],3,3,0,3,3,3,0.0,0.0,0.0,3,3,0,1,1
qwen3.8-2.4t-a95b-fp8,expgym,tuning,cost_tight,single,1,duplicate_action_attempts,count,,planned_analysis_unit; Audit_mean_once; pool_resources_N_sum_except_wall,family,nasbench201,1,[2204],3,3,0,3,3,3,0.0,0.0,0.0,3,3,0,1,1
qwen3.8-2.4t-a95b-fp8,expgym,tuning,cost_tight,single,1,duplicate_action_attempts,count,,planned_analysis_unit; Audit_mean_once; pool_resources_N_sum_except_wall,family,nasbench201,2,[2208],3,3,0,3,3,3,0.0,0.0,0.0,3,3,0,1,1
qwen3.8-2.4t-a95b-fp8,expgym,tuning,cost_tight,single,1,duplicate_action_attempts,count,,planned_analysis_unit; Audit_mean_once; pool_resources_N_sum_except_wall,family,paramnet,0,[2200],3,3,0,3,3,3,0.0,0.0,0.0,3,3,0,1,1
qwen3.8-2.4t-a95b-fp8,expgym,tuning,cost_tight,single,1,duplicate_action_attempts,count,,planned_analysis_unit; Audit_mean_once; pool_resources_N_sum_except_wall,family,paramnet,1,[2204],3,3,0,3,3,3,0.0,0.0,0.0,3,3,0,1,1
qwen3.8-2.4t-a95b-fp8,expgym,tuning,cost_tight,single,1,duplicate_action_attempts,count,,planned_analysis_unit; Audit_mean_once; pool_resources_N_sum_except_wall,family,paramnet,2,[2208],3,3,0,3,3,3,0.0,0.0,0.0,3,3,0,1,1
qwen3.8-2.4t-a95b-fp8,expgym,tuning,cost_tight,single,1,duplicate_action_attempts,count,,planned_analysis_unit; Audit_mean_once; pool_resources_N_sum_except_wall,task,hpobench:nasbench101:A,0,[2200],1,1,0,1,1,1,0.0,0.0,0.0,1,1,0,1,1
qwen3.8-2.4t-a95b-fp8,expgym,tuning,cost_tight,single,1,duplicate_action_attempts,count,,planned_analysis_unit; Audit_mean_once; pool_resources_N_sum_except_wall,task,hpobench:nasbench101:A,1,[2204],1,1,0,1,1,1,0.0,0.0,0.0,1,1,0,1,1
qwen3.8-2.4t-a95b-fp8,expgym,tuning,cost_tight,single,1,duplicate_action_attempts,count,,planned_analysis_unit; Audit_mean_once; pool_resources_N_sum_except_wall,task,hpobench:nasbench101:A,2,[2208],1,1,0,1,1,1,0.0,0.0,0.0,1,1,0,1,1
qwen3.8-2.4t-a95b-fp8,expgym,tuning,cost_tight,single,1,duplicate_action_attempts,count,,planned_analysis_unit; Audit_mean_once; pool_resources_N_sum_except_wall,task,hpobench:nasbench101:B,0,[2200],1,1,0,1,1,1,0.0,0.0,0.0,1,1,0,1,1
qwen3.8-2.4t-a95b-fp8,expgym,tuning,cost_tight,single,1,duplicate_action_attempts,count,,planned_analysis_unit; Audit_mean_once; pool_resources_N_sum_except_wall,task,hpobench:nasbench101:B,1,[2204],1,1,0,1,1,1,0.0,0.0,0.0,1,1,0,1,1
qwen3.8-2.4t-a95b-fp8,expgym,tuning,cost_tight,single,1,duplicate_action_attempts,count,,planned_analysis_unit; Audit_mean_once; pool_resources_N_sum_except_wall,task,hpobench:nasbench101:B,2,[2208],1,1,0,1,1,1,0.0,0.0,0.0,1,1,0,1,1
qwen3.8-2.4t-a95b-fp8,expgym,tuning,cost_tight,single,1,duplicate_action_attempts,count,,planned_analysis_unit; Audit_mean_once; pool_resources_N_sum_except_wall,task,hpobench:nasbench101:C,0,[2200],1,1,0,1,1,1,0.0,0.0,0.0,1,1,0,1,1
qwen3.8-2.4t-a95b-fp8,expgym,tuning,cost_tight,single,1,duplicate_action_attempts,count,,planned_analysis_unit; Audit_mean_once; pool_resources_N_sum_except_wall,task,hpobench:nasbench101:C,1,[2204],1,1,0,1,1,1,0.0,0.0,0.0,1,1,0,1,1
qwen3.8-2.4t-a95b-fp8,expgym,tuning,cost_tight,single,1,duplicate_action_attempts,count,,planned_analysis_unit; Audit_mean_once; pool_resources_N_sum_except_wall,task,hpobench:nasbench101:C,2,[2208],1,1,0,1,1,1,0.0,0.0,0.0,1,1,0,1,1
qwen3.8-2.4t-a95b-fp8,expgym,tuning,cost_tight,single,1,duplicate_action_attempts,count,,planned_analysis_unit; Audit_mean_once; pool_resources_N_sum_except_wall,task,hpobench:nasbench201:cifar10-valid,0,[2200],1,1,0,1,1,1,0.0,0.0,0.0,1,1,0,1,1
qwen3.8-2.4t-a95b-fp8,expgym,tuning,cost_tight,single,1,duplicate_action_attempts,count,,planned_analysis_unit; Audit_mean_once; pool_resources_N_sum_except_wall,task,hpobench:nasbench201:cifar10-valid,1,[2204],1,1,0,1,1,1,0.0,0.0,0.0,1,1,0,1,1
qwen3.8-2.4t-a95b-fp8,expgym,tuning,cost_tight,single,1,duplicate_action_attempts,count,,planned_analysis_unit; Audit_mean_once; pool_resources_N_sum_except_wall,task,hpobench:nasbench201:cifar10-valid,2,[2208],1,1,0,1,1,1,0.0,0.0,0.0,1,1,0,1,1
qwen3.8-2.4t-a95b-fp8,expgym,tuning,cost_tight,single,1,duplicate_action_attempts,count,,planned_analysis_unit; Audit_mean_once; pool_resources_N_sum_except_wall,task,hpobench:nasbench201:cifar100,0,[2200],1,1,0,1,1,1,0.0,0.0,0.0,1,1,0,1,1
qwen3.8-2.4t-a95b-fp8,expgym,tuning,cost_tight,single,1,duplicate_action_attempts,count,,planned_analysis_unit; Audit_mean_once; pool_resources_N_sum_except_wall,task,hpobench:nasbench201:cifar100,1,[2204],1,1,0,1,1,1,0.0,0.0,0.0,1,1,0,1,1
qwen3.8-2.4t-a95b-fp8,expgym,tuning,cost_tight,single,1,duplicate_action_attempts,count,,planned_analysis_unit; Audit_mean_once; pool_resources_N_sum_except_wall,task,hpobench:nasbench201:cifar100,2,[2208],1,1,0,1,1,1,0.0,0.0,0.0,1,1,0,1,1
qwen3.8-2.4t-a95b-fp8,expgym,tuning,cost_tight,single,1,duplicate_action_attempts,count,,planned_analysis_unit; Audit_mean_once; pool_resources_N_sum_except_wall,task,hpobench:nasbench201:imagenet16-120,0,[2200],1,1,0,1,1,1,0.0,0.0,0.0,1,1,0,1,1
qwen3.8-2.4t-a95b-fp8,expgym,tuning,cost_tight,single,1,duplicate_action_attempts,count,,planned_analysis_unit; Audit_mean_once; pool_resources_N_sum_except_wall,task,hpobench:nasbench201:imagenet16-120,1,[2204],1,1,0,1,1,1,0.0,0.0,0.0,1,1,0,1,1
qwen3.8-2.4t-a95b-fp8,expgym,tuning,cost_tight,single,1,duplicate_action_attempts,count,,planned_analysis_unit; Audit_mean_once; pool_resources_N_sum_except_wall,task,hpobench:nasbench201:imagenet16-120,2,[2208],1,1,0,1,1,1,0.0,0.0,0.0,1,1,0,1,1
qwen3.8-2.4t-a95b-fp8,expgym,tuning,cost_tight,single,1,duplicate_action_attempts,count,,planned_analysis_unit; Audit_mean_once; pool_resources_N_sum_except_wall,task,hpobench:paramnet:adult:steps,0,[2200],1,1,0,1,1,1,0.0,0.0,0.0,1,1,0,1,1
qwen3.8-2.4t-a95b-fp8,expgym,tuning,cost_tight,single,1,duplicate_action_attempts,count,,planned_analysis_unit; Audit_mean_once; pool_resources_N_sum_except_wall,task,hpobench:paramnet:adult:steps,1,[2204],1,1,0,1,1,1,0.0,0.0,0.0,1,1,0,1,1
qwen3.8-2.4t-a95b-fp8,expgym,tuning,cost_tight,single,1,duplicate_action_attempts,count,,planned_analysis_unit; Audit_mean_once; pool_resources_N_sum_except_wall,task,hpobench:paramnet:adult:steps,2,[2208],1,1,0,1,1,1,0.0,0.0,0.0,1,1,0,1,1
qwen3.8-2.4t-a95b-fp8,expgym,tuning,cost_tight,single,1,duplicate_action_attempts,count,,planned_analysis_unit; Audit_mean_once; pool_resources_N_sum_except_wall,task,hpobench:paramnet:higgs:steps,0,[2200],1,1,0,1,1,1,0.0,0.0,0.0,1,1,0,1,1
qwen3.8-2.4t-a95b-fp8,expgym,tuning,cost_tight,single,1,duplicate_action_attempts,count,,planned_analysis_unit; Audit_mean_once; pool_resources_N_sum_except_wall,task,hpobench:paramnet:higgs:steps,1,[2204],1,1,0,1,1,1,0.0,0.0,0.0,1,1,0,1,1
qwen3.8-2.4t-a95b-fp8,expgym,tuning,cost_tight,single,1,duplicate_action_attempts,count,,planned_analysis_unit; Audit_mean_once; pool_resources_N_sum_except_wall,task,hpobench:paramnet:higgs:steps,2,[2208],1,1,0,1,1,1,0.0,0.0,0.0,1,1,0,1,1
qwen3.8-2.4t-a95b-fp8,expgym,tuning,cost_tight,single,1,duplicate_action_attempts,count,,planned_analysis_unit; Audit_mean_once; pool_resources_N_sum_except_wall,task,hpobench:paramnet:letter:steps,0,[2200],1,1,0,1,1,1,0.0,0.0,0.0,1,1,0,1,1
qwen3.8-2.4t-a95b-fp8,expgym,tuning,cost_tight,single,1,duplicate_action_attempts,count,,planned_analysis_unit; Audit_mean_once; pool_resources_N_sum_except_wall,task,hpobench:paramnet:letter:steps,1,[2204],1,1,0,1,1,1,0.0,0.0,0.0,1,1,0,1,1
qwen3.8-2.4t-a95b-fp8,expgym,tuning,cost_tight,single,1,duplicate_action_attempts,count,,planned_analysis_unit; Audit_mean_once; pool_resources_N_sum_except_wall,task,hpobench:paramnet:letter:steps,2,[2208],1,1,0,1,1,1,0.0,0.0,0.0,1,1,0,1,1
qwen3.8-2.4t-a95b-fp8,expgym,tuning,cost_tight,single,1,feedback_attempts,count,,planned_analysis_unit; Audit_mean_once; pool_resources_N_sum_except_wall,all,all,0,[2200],9,9,0,9,9,9,3.888888888888889,3.888888888888889,3.888888888888889,9,9,0,1,1
qwen3.8-2.4t-a95b-fp8,expgym,tuning,cost_tight,single,1,feedback_attempts,count,,planned_analysis_unit; Audit_mean_once; pool_resources_N_sum_except_wall,all,all,1,[2204],9,9,0,9,9,9,4.444444444444445,4.444444444444445,4.444444444444445,9,9,0,1,1
qwen3.8-2.4t-a95b-fp8,expgym,tuning,cost_tight,single,1,feedback_attempts,count,,planned_analysis_unit; Audit_mean_once; pool_resources_N_sum_except_wall,all,all,2,[2208],9,9,0,9,9,9,3.111111111111111,3.111111111111111,3.111111111111111,9,9,0,1,1
qwen3.8-2.4t-a95b-fp8,expgym,tuning,cost_tight,single,1,feedback_attempts,count,,planned_analysis_unit; Audit_mean_once; pool_resources_N_sum_except_wall,family,nasbench101,0,[2200],3,3,0,3,3,3,4.0,4.0,4.0,3,3,0,1,1
qwen3.8-2.4t-a95b-fp8,expgym,tuning,cost_tight,single,1,feedback_attempts,count,,planned_analysis_unit; Audit_mean_once; pool_resources_N_sum_except_wall,family,nasbench101,1,[2204],3,3,0,3,3,3,4.333333333333333,4.333333333333333,4.333333333333333,3,3,0,1,1
qwen3.8-2.4t-a95b-fp8,expgym,tuning,cost_tight,single,1,feedback_attempts,count,,planned_analysis_unit; Audit_mean_once; pool_resources_N_sum_except_wall,family,nasbench101,2,[2208],3,3,0,3,3,3,3.0,3.0,3.0,3,3,0,1,1
qwen3.8-2.4t-a95b-fp8,expgym,tuning,cost_tight,single,1,feedback_attempts,count,,planned_analysis_unit; Audit_mean_once; pool_resources_N_sum_except_wall,family,nasbench201,0,[2200],3,3,0,3,3,3,4.0,4.0,4.0,3,3,0,1,1
qwen3.8-2.4t-a95b-fp8,expgym,tuning,cost_tight,single,1,feedback_attempts,count,,planned_analysis_unit; Audit_mean_once; pool_resources_N_sum_except_wall,family,nasbench201,1,[2204],3,3,0,3,3,3,3.6666666666666665,3.6666666666666665,3.6666666666666665,3,3,0,1,1
qwen3.8-2.4t-a95b-fp8,expgym,tuning,cost_tight,single,1,feedback_attempts,count,,planned_analysis_unit; Audit_mean_once; pool_resources_N_sum_except_wall,family,nasbench201,2,[2208],3,3,0,3,3,3,3.6666666666666665,3.6666666666666665,3.6666666666666665,3,3,0,1,1
qwen3.8-2.4t-a95b-fp8,expgym,tuning,cost_tight,single,1,feedback_attempts,count,,planned_analysis_unit; Audit_mean_once; pool_resources_N_sum_except_wall,family,paramnet,0,[2200],3,3,0,3,3,3,3.6666666666666665,3.6666666666666665,3.6666666666666665,3,3,0,1,1
qwen3.8-2.4t-a95b-fp8,expgym,tuning,cost_tight,single,1,feedback_attempts,count,,planned_analysis_unit; Audit_mean_once; pool_resources_N_sum_except_wall,family,paramnet,1,[2204],3,3,0,3,3,3,5.333333333333333,5.333333333333333,5.333333333333333,3,3,0,1,1
qwen3.8-2.4t-a95b-fp8,expgym,tuning,cost_tight,single,1,feedback_attempts,count,,planned_analysis_unit; Audit_mean_once; pool_resources_N_sum_except_wall,family,paramnet,2,[2208],3,3,0,3,3,3,2.6666666666666665,2.6666666666666665,2.6666666666666665,3,3,0,1,1
qwen3.8-2.4t-a95b-fp8,expgym,tuning,cost_tight,single,1,feedback_attempts,count,,planned_analysis_unit; Audit_mean_once; pool_resources_N_sum_except_wall,task,hpobench:nasbench101:A,0,[2200],1,1,0,1,1,1,3.0,3.0,3.0,1,1,0,1,1
qwen3.8-2.4t-a95b-fp8,expgym,tuning,cost_tight,single,1,feedback_attempts,count,,planned_analysis_unit; Audit_mean_once; pool_resources_N_sum_except_wall,task,hpobench:nasbench101:A,1,[2204],1,1,0,1,1,1,2.0,2.0,2.0,1,1,0,1,1
qwen3.8-2.4t-a95b-fp8,expgym,tuning,cost_tight,single,1,feedback_attempts,count,,planned_analysis_unit; Audit_mean_once; pool_resources_N_sum_except_wall,task,hpobench:nasbench101:A,2,[2208],1,1,0,1,1,1,2.0,2.0,2.0,1,1,0,1,1
qwen3.8-2.4t-a95b-fp8,expgym,tuning,cost_tight,single,1,feedback_attempts,count,,planned_analysis_unit; Audit_mean_once; pool_resources_N_sum_except_wall,task,hpobench:nasbench101:B,0,[2200],1,1,0,1,1,1,4.0,4.0,4.0,1,1,0,1,1
qwen3.8-2.4t-a95b-fp8,expgym,tuning,cost_tight,single,1,feedback_attempts,count,,planned_analysis_unit; Audit_mean_once; pool_resources_N_sum_except_wall,task,hpobench:nasbench101:B,1,[2204],1,1,0,1,1,1,4.0,4.0,4.0,1,1,0,1,1
qwen3.8-2.4t-a95b-fp8,expgym,tuning,cost_tight,single,1,feedback_attempts,count,,planned_analysis_unit; Audit_mean_once; pool_resources_N_sum_except_wall,task,hpobench:nasbench101:B,2,[2208],1,1,0,1,1,1,4.0,4.0,4.0,1,1,0,1,1
qwen3.8-2.4t-a95b-fp8,expgym,tuning,cost_tight,single,1,feedback_attempts,count,,planned_analysis_unit; Audit_mean_once; pool_resources_N_sum_except_wall,task,hpobench:nasbench101:C,0,[2200],1,1,0,1,1,1,5.0,5.0,5.0,1,1,0,1,1
qwen3.8-2.4t-a95b-fp8,expgym,tuning,cost_tight,single,1,feedback_attempts,count,,planned_analysis_unit; Audit_mean_once; pool_resources_N_sum_except_wall,task,hpobench:nasbench101:C,1,[2204],1,1,0,1,1,1,7.0,7.0,7.0,1,1,0,1,1
qwen3.8-2.4t-a95b-fp8,expgym,tuning,cost_tight,single,1,feedback_attempts,count,,planned_analysis_unit; Audit_mean_once; pool_resources_N_sum_except_wall,task,hpobench:nasbench101:C,2,[2208],1,1,0,1,1,1,3.0,3.0,3.0,1,1,0,1,1
qwen3.8-2.4t-a95b-fp8,expgym,tuning,cost_tight,single,1,feedback_attempts,count,,planned_analysis_unit; Audit_mean_once; pool_resources_N_sum_except_wall,task,hpobench:nasbench201:cifar10-valid,0,[2200],1,1,0,1,1,1,3.0,3.0,3.0,1,1,0,1,1
qwen3.8-2.4t-a95b-fp8,expgym,tuning,cost_tight,single,1,feedback_attempts,count,,planned_analysis_unit; Audit_mean_once; pool_resources_N_sum_except_wall,task,hpobench:nasbench201:cifar10-valid,1,[2204],1,1,0,1,1,1,3.0,3.0,3.0,1,1,0,1,1
qwen3.8-2.4t-a95b-fp8,expgym,tuning,cost_tight,single,1,feedback_attempts,count,,planned_analysis_unit; Audit_mean_once; pool_resources_N_sum_except_wall,task,hpobench:nasbench201:cifar10-valid,2,[2208],1,1,0,1,1,1,4.0,4.0,4.0,1,1,0,1,1
qwen3.8-2.4t-a95b-fp8,expgym,tuning,cost_tight,single,1,feedback_attempts,count,,planned_analysis_unit; Audit_mean_once; pool_resources_N_sum_except_wall,task,hpobench:nasbench201:cifar100,0,[2200],1,1,0,1,1,1,4.0,4.0,4.0,1,1,0,1,1
qwen3.8-2.4t-a95b-fp8,expgym,tuning,cost_tight,single,1,feedback_attempts,count,,planned_analysis_unit; Audit_mean_once; pool_resources_N_sum_except_wall,task,hpobench:nasbench201:cifar100,1,[2204],1,1,0,1,1,1,4.0,4.0,4.0,1,1,0,1,1
qwen3.8-2.4t-a95b-fp8,expgym,tuning,cost_tight,single,1,feedback_attempts,count,,planned_analysis_unit; Audit_mean_once; pool_resources_N_sum_except_wall,task,hpobench:nasbench201:cifar100,2,[2208],1,1,0,1,1,1,4.0,4.0,4.0,1,1,0,1,1
qwen3.8-2.4t-a95b-fp8,expgym,tuning,cost_tight,single,1,feedback_attempts,count,,planned_analysis_unit; Audit_mean_once; pool_resources_N_sum_except_wall,task,hpobench:nasbench201:imagenet16-120,0,[2200],1,1,0,1,1,1,5.0,5.0,5.0,1,1,0,1,1
qwen3.8-2.4t-a95b-fp8,expgym,tuning,cost_tight,single,1,feedback_attempts,count,,planned_analysis_unit; Audit_mean_once; pool_resources_N_sum_except_wall,task,hpobench:nasbench201:imagenet16-120,1,[2204],1,1,0,1,1,1,4.0,4.0,4.0,1,1,0,1,1
qwen3.8-2.4t-a95b-fp8,expgym,tuning,cost_tight,single,1,feedback_attempts,count,,planned_analysis_unit; Audit_mean_once; pool_resources_N_sum_except_wall,task,hpobench:nasbench201:imagenet16-120,2,[2208],1,1,0,1,1,1,3.0,3.0,3.0,1,1,0,1,1
qwen3.8-2.4t-a95b-fp8,expgym,tuning,cost_tight,single,1,feedback_attempts,count,,planned_analysis_unit; Audit_mean_once; pool_resources_N_sum_except_wall,task,hpobench:paramnet:adult:steps,0,[2200],1,1,0,1,1,1,2.0,2.0,2.0,1,1,0,1,1
qwen3.8-2.4t-a95b-fp8,expgym,tuning,cost_tight,single,1,feedback_attempts,count,,planned_analysis_unit; Audit_mean_once; pool_resources_N_sum_except_wall,task,hpobench:paramnet:adult:steps,1,[2204],1,1,0,1,1,1,2.0,2.0,2.0,1,1,0,1,1
qwen3.8-2.4t-a95b-fp8,expgym,tuning,cost_tight,single,1,feedback_attempts,count,,planned_analysis_unit; Audit_mean_once; pool_resources_N_sum_except_wall,task,hpobench:paramnet:adult:steps,2,[2208],1,1,0,1,1,1,2.0,2.0,2.0,1,1,0,1,1
qwen3.8-2.4t-a95b-fp8,expgym,tuning,cost_tight,single,1,feedback_attempts,count,,planned_analysis_unit; Audit_mean_once; pool_resources_N_sum_except_wall,task,hpobench:paramnet:higgs:steps,0,[2200],1,1,0,1,1,1,4.0,4.0,4.0,1,1,0,1,1
qwen3.8-2.4t-a95b-fp8,expgym,tuning,cost_tight,single,1,feedback_attempts,count,,planned_analysis_unit; Audit_mean_once; pool_resources_N_sum_except_wall,task,hpobench:paramnet:higgs:steps,1,[2204],1,1,0,1,1,1,3.0,3.0,3.0,1,1,0,1,1
qwen3.8-2.4t-a95b-fp8,expgym,tuning,cost_tight,single,1,feedback_attempts,count,,planned_analysis_unit; Audit_mean_once; pool_resources_N_sum_except_wall,task,hpobench:paramnet:higgs:steps,2,[2208],1,1,0,1,1,1,2.0,2.0,2.0,1,1,0,1,1
qwen3.8-2.4t-a95b-fp8,expgym,tuning,cost_tight,single,1,feedback_attempts,count,,planned_analysis_unit; Audit_mean_once; pool_resources_N_sum_except_wall,task,hpobench:paramnet:letter:steps,0,[2200],1,1,0,1,1,1,5.0,5.0,5.0,1,1,0,1,1
qwen3.8-2.4t-a95b-fp8,expgym,tuning,cost_tight,single,1,feedback_attempts,count,,planned_analysis_unit; Audit_mean_once; pool_resources_N_sum_except_wall,task,hpobench:paramnet:letter:steps,1,[2204],1,1,0,1,1,1,11.0,11.0,11.0,1,1,0,1,1
qwen3.8-2.4t-a95b-fp8,expgym,tuning,cost_tight,single,1,feedback_attempts,count,,planned_analysis_unit; Audit_mean_once; pool_resources_N_sum_except_wall,task,hpobench:paramnet:letter:steps,2,[2208],1,1,0,1,1,1,4.0,4.0,4.0,1,1,0,1,1
qwen3.8-2.4t-a95b-fp8,expgym,tuning,cost_tight,single,1,feedback_cost_seconds,seconds,,planned_analysis_unit; Audit_mean_once; pool_resources_N_sum_except_wall,all,all,0,[2200],9,9,0,9,9,9,35000.761800620174,35000.761800620174,35000.761800620174,9,9,0,1,1
qwen3.8-2.4t-a95b-fp8,expgym,tuning,cost_tight,single,1,feedback_cost_seconds,seconds,,planned_analysis_unit; Audit_mean_once; pool_resources_N_sum_except_wall,all,all,1,[2204],9,9,0,9,9,9,39016.00629311414,39016.00629311414,39016.00629311414,9,9,0,1,1
qwen3.8-2.4t-a95b-fp8,expgym,tuning,cost_tight,single,1,feedback_cost_seconds,seconds,,planned_analysis_unit; Audit_mean_once; pool_resources_N_sum_except_wall,all,all,2,[2208],9,9,0,9,9,9,41600.88975220107,41600.88975220107,41600.88975220107,9,9,0,1,1
qwen3.8-2.4t-a95b-fp8,expgym,tuning,cost_tight,single,1,feedback_cost_seconds,seconds,,planned_analysis_unit; Audit_mean_once; pool_resources_N_sum_except_wall,family,nasbench101,0,[2200],3,3,0,3,3,3,26502.769368489582,26502.769368489582,26502.769368489582,3,3,0,1,1
qwen3.8-2.4t-a95b-fp8,expgym,tuning,cost_tight,single,1,feedback_cost_seconds,seconds,,planned_analysis_unit; Audit_mean_once; pool_resources_N_sum_except_wall,family,nasbench101,1,[2204],3,3,0,3,3,3,30461.638102213543,30461.638102213543,30461.638102213543,3,3,0,1,1
qwen3.8-2.4t-a95b-fp8,expgym,tuning,cost_tight,single,1,feedback_cost_seconds,seconds,,planned_analysis_unit; Audit_mean_once; pool_resources_N_sum_except_wall,family,nasbench101,2,[2208],3,3,0,3,3,3,31572.637613932293,31572.637613932293,31572.637613932293,3,3,0,1,1
qwen3.8-2.4t-a95b-fp8,expgym,tuning,cost_tight,single,1,feedback_cost_seconds,seconds,,planned_analysis_unit; Audit_mean_once; pool_resources_N_sum_except_wall,family,nasbench201,0,[2200],3,3,0,3,3,3,78143.08275343543,78143.08275343543,78143.08275343543,3,3,0,1,1
qwen3.8-2.4t-a95b-fp8,expgym,tuning,cost_tight,single,1,feedback_cost_seconds,seconds,,planned_analysis_unit; Audit_mean_once; pool_resources_N_sum_except_wall,family,nasbench201,1,[2204],3,3,0,3,3,3,86133.49497195914,86133.49497195914,86133.49497195914,3,3,0,1,1
qwen3.8-2.4t-a95b-fp8,expgym,tuning,cost_tight,single,1,feedback_cost_seconds,seconds,,planned_analysis_unit; Audit_mean_once; pool_resources_N_sum_except_wall,family,nasbench201,2,[2208],3,3,0,3,3,3,92879.05151320643,92879.05151320643,92879.05151320643,3,3,0,1,1
qwen3.8-2.4t-a95b-fp8,expgym,tuning,cost_tight,single,1,feedback_cost_seconds,seconds,,planned_analysis_unit; Audit_mean_once; pool_resources_N_sum_except_wall,family,paramnet,0,[2200],3,3,0,3,3,3,356.43327993551884,356.43327993551884,356.43327993551884,3,3,0,1,1
qwen3.8-2.4t-a95b-fp8,expgym,tuning,cost_tight,single,1,feedback_cost_seconds,seconds,,planned_analysis_unit; Audit_mean_once; pool_resources_N_sum_except_wall,family,paramnet,1,[2204],3,3,0,3,3,3,452.88580516974133,452.88580516974133,452.88580516974133,3,3,0,1,1
qwen3.8-2.4t-a95b-fp8,expgym,tuning,cost_tight,single,1,feedback_cost_seconds,seconds,,planned_analysis_unit; Audit_mean_once; pool_resources_N_sum_except_wall,family,paramnet,2,[2208],3,3,0,3,3,3,350.9801294644674,350.9801294644674,350.9801294644674,3,3,0,1,1
qwen3.8-2.4t-a95b-fp8,expgym,tuning,cost_tight,single,1,feedback_cost_seconds,seconds,,planned_analysis_unit; Audit_mean_once; pool_resources_N_sum_except_wall,task,hpobench:nasbench101:A,0,[2200],1,1,0,1,1,1,20816.359985351562,20816.359985351562,20816.359985351562,1,1,0,1,1
qwen3.8-2.4t-a95b-fp8,expgym,tuning,cost_tight,single,1,feedback_cost_seconds,seconds,,planned_analysis_unit; Audit_mean_once; pool_resources_N_sum_except_wall,task,hpobench:nasbench101:A,1,[2204],1,1,0,1,1,1,19748.342407226562,19748.342407226562,19748.342407226562,1,1,0,1,1
qwen3.8-2.4t-a95b-fp8,expgym,tuning,cost_tight,single,1,feedback_cost_seconds,seconds,,planned_analysis_unit; Audit_mean_once; pool_resources_N_sum_except_wall,task,hpobench:nasbench101:A,2,[2208],1,1,0,1,1,1,20191.3505859375,20191.3505859375,20191.3505859375,1,1,0,1,1
qwen3.8-2.4t-a95b-fp8,expgym,tuning,cost_tight,single,1,feedback_cost_seconds,seconds,,planned_analysis_unit; Audit_mean_once; pool_resources_N_sum_except_wall,task,hpobench:nasbench101:B,0,[2200],1,1,0,1,1,1,30166.066650390625,30166.066650390625,30166.066650390625,1,1,0,1,1
qwen3.8-2.4t-a95b-fp8,expgym,tuning,cost_tight,single,1,feedback_cost_seconds,seconds,,planned_analysis_unit; Audit_mean_once; pool_resources_N_sum_except_wall,task,hpobench:nasbench101:B,1,[2204],1,1,0,1,1,1,39689.94091796875,39689.94091796875,39689.94091796875,1,1,0,1,1
qwen3.8-2.4t-a95b-fp8,expgym,tuning,cost_tight,single,1,feedback_cost_seconds,seconds,,planned_analysis_unit; Audit_mean_once; pool_resources_N_sum_except_wall,task,hpobench:nasbench101:B,2,[2208],1,1,0,1,1,1,39139.403564453125,39139.403564453125,39139.403564453125,1,1,0,1,1
qwen3.8-2.4t-a95b-fp8,expgym,tuning,cost_tight,single,1,feedback_cost_seconds,seconds,,planned_analysis_unit; Audit_mean_once; pool_resources_N_sum_except_wall,task,hpobench:nasbench101:C,0,[2200],1,1,0,1,1,1,28525.881469726562,28525.881469726562,28525.881469726562,1,1,0,1,1
qwen3.8-2.4t-a95b-fp8,expgym,tuning,cost_tight,single,1,feedback_cost_seconds,seconds,,planned_analysis_unit; Audit_mean_once; pool_resources_N_sum_except_wall,task,hpobench:nasbench101:C,1,[2204],1,1,0,1,1,1,31946.630981445312,31946.630981445312,31946.630981445312,1,1,0,1,1
qwen3.8-2.4t-a95b-fp8,expgym,tuning,cost_tight,single,1,feedback_cost_seconds,seconds,,planned_analysis_unit; Audit_mean_once; pool_resources_N_sum_except_wall,task,hpobench:nasbench101:C,2,[2208],1,1,0,1,1,1,35387.15869140625,35387.15869140625,35387.15869140625,1,1,0,1,1
qwen3.8-2.4t-a95b-fp8,expgym,tuning,cost_tight,single,1,feedback_cost_seconds,seconds,,planned_analysis_unit; Audit_mean_once; pool_resources_N_sum_except_wall,task,hpobench:nasbench201:cifar10-valid,0,[2200],1,1,0,1,1,1,32674.64588738342,32674.64588738342,32674.64588738342,1,1,0,1,1
qwen3.8-2.4t-a95b-fp8,expgym,tuning,cost_tight,single,1,feedback_cost_seconds,seconds,,planned_analysis_unit; Audit_mean_once; pool_resources_N_sum_except_wall,task,hpobench:nasbench201:cifar10-valid,1,[2204],1,1,0,1,1,1,32984.737625820286,32984.737625820286,32984.737625820286,1,1,0,1,1
qwen3.8-2.4t-a95b-fp8,expgym,tuning,cost_tight,single,1,feedback_cost_seconds,seconds,,planned_analysis_unit; Audit_mean_once; pool_resources_N_sum_except_wall,task,hpobench:nasbench201:cifar10-valid,2,[2208],1,1,0,1,1,1,38753.171602836635,38753.171602836635,38753.171602836635,1,1,0,1,1
qwen3.8-2.4t-a95b-fp8,expgym,tuning,cost_tight,single,1,feedback_cost_seconds,seconds,,planned_analysis_unit; Audit_mean_once; pool_resources_N_sum_except_wall,task,hpobench:nasbench201:cifar100,0,[2200],1,1,0,1,1,1,54077.351331847065,54077.351331847065,54077.351331847065,1,1,0,1,1
qwen3.8-2.4t-a95b-fp8,expgym,tuning,cost_tight,single,1,feedback_cost_seconds,seconds,,planned_analysis_unit; Audit_mean_once; pool_resources_N_sum_except_wall,task,hpobench:nasbench201:cifar100,1,[2204],1,1,0,1,1,1,58225.615634560636,58225.615634560636,58225.615634560636,1,1,0,1,1
qwen3.8-2.4t-a95b-fp8,expgym,tuning,cost_tight,single,1,feedback_cost_seconds,seconds,,planned_analysis_unit; Audit_mean_once; pool_resources_N_sum_except_wall,task,hpobench:nasbench201:cifar100,2,[2208],1,1,0,1,1,1,65510.82784632272,65510.82784632272,65510.82784632272,1,1,0,1,1
qwen3.8-2.4t-a95b-fp8,expgym,tuning,cost_tight,single,1,feedback_cost_seconds,seconds,,planned_analysis_unit; Audit_mean_once; pool_resources_N_sum_except_wall,task,hpobench:nasbench201:imagenet16-120,0,[2200],1,1,0,1,1,1,147677.2510410758,147677.2510410758,147677.2510410758,1,1,0,1,1
qwen3.8-2.4t-a95b-fp8,expgym,tuning,cost_tight,single,1,feedback_cost_seconds,seconds,,planned_analysis_unit; Audit_mean_once; pool_resources_N_sum_except_wall,task,hpobench:nasbench201:imagenet16-120,1,[2204],1,1,0,1,1,1,167190.1316554965,167190.1316554965,167190.1316554965,1,1,0,1,1
qwen3.8-2.4t-a95b-fp8,expgym,tuning,cost_tight,single,1,feedback_cost_seconds,seconds,,planned_analysis_unit; Audit_mean_once; pool_resources_N_sum_except_wall,task,hpobench:nasbench201:imagenet16-120,2,[2208],1,1,0,1,1,1,174373.1550904599,174373.1550904599,174373.1550904599,1,1,0,1,1
qwen3.8-2.4t-a95b-fp8,expgym,tuning,cost_tight,single,1,feedback_cost_seconds,seconds,,planned_analysis_unit; Audit_mean_once; pool_resources_N_sum_except_wall,task,hpobench:paramnet:adult:steps,0,[2200],1,1,0,1,1,1,136.27436995506287,136.27436995506287,136.27436995506287,1,1,0,1,1
qwen3.8-2.4t-a95b-fp8,expgym,tuning,cost_tight,single,1,feedback_cost_seconds,seconds,,planned_analysis_unit; Audit_mean_once; pool_resources_N_sum_except_wall,task,hpobench:paramnet:adult:steps,1,[2204],1,1,0,1,1,1,108.03149960041046,108.03149960041046,108.03149960041046,1,1,0,1,1
qwen3.8-2.4t-a95b-fp8,expgym,tuning,cost_tight,single,1,feedback_cost_seconds,seconds,,planned_analysis_unit; Audit_mean_once; pool_resources_N_sum_except_wall,task,hpobench:paramnet:adult:steps,2,[2208],1,1,0,1,1,1,78.39340751171112,78.39340751171112,78.39340751171112,1,1,0,1,1
qwen3.8-2.4t-a95b-fp8,expgym,tuning,cost_tight,single,1,feedback_cost_seconds,seconds,,planned_analysis_unit; Audit_mean_once; pool_resources_N_sum_except_wall,task,hpobench:paramnet:higgs:steps,0,[2200],1,1,0,1,1,1,655.1201044321059,655.1201044321059,655.1201044321059,1,1,0,1,1
qwen3.8-2.4t-a95b-fp8,expgym,tuning,cost_tight,single,1,feedback_cost_seconds,seconds,,planned_analysis_unit; Audit_mean_once; pool_resources_N_sum_except_wall,task,hpobench:paramnet:higgs:steps,1,[2204],1,1,0,1,1,1,913.7401010274887,913.7401010274887,913.7401010274887,1,1,0,1,1
qwen3.8-2.4t-a95b-fp8,expgym,tuning,cost_tight,single,1,feedback_cost_seconds,seconds,,planned_analysis_unit; Audit_mean_once; pool_resources_N_sum_except_wall,task,hpobench:paramnet:higgs:steps,2,[2208],1,1,0,1,1,1,727.2967889547348,727.2967889547348,727.2967889547348,1,1,0,1,1
qwen3.8-2.4t-a95b-fp8,expgym,tuning,cost_tight,single,1,feedback_cost_seconds,seconds,,planned_analysis_unit; Audit_mean_once; pool_resources_N_sum_except_wall,task,hpobench:paramnet:letter:steps,0,[2200],1,1,0,1,1,1,277.90536541938786,277.90536541938786,277.90536541938786,1,1,0,1,1
qwen3.8-2.4t-a95b-fp8,expgym,tuning,cost_tight,single,1,feedback_cost_seconds,seconds,,planned_analysis_unit; Audit_mean_once; pool_resources_N_sum_except_wall,task,hpobench:paramnet:letter:steps,1,[2204],1,1,0,1,1,1,336.88581488132473,336.88581488132473,336.88581488132473,1,1,0,1,1
qwen3.8-2.4t-a95b-fp8,expgym,tuning,cost_tight,single,1,feedback_cost_seconds,seconds,,planned_analysis_unit; Audit_mean_once; pool_resources_N_sum_except_wall,task,hpobench:paramnet:letter:steps,2,[2208],1,1,0,1,1,1,247.25019192695618,247.25019192695618,247.25019192695618,1,1,0,1,1
qwen3.8-2.4t-a95b-fp8,expgym,tuning,cost_tight,single,1,feedback_visible,count,,planned_analysis_unit; Audit_mean_once; pool_resources_N_sum_except_wall,all,all,0,[2200],9,9,0,9,9,9,3.6666666666666665,3.6666666666666665,3.6666666666666665,9,9,0,1,1
qwen3.8-2.4t-a95b-fp8,expgym,tuning,cost_tight,single,1,feedback_visible,count,,planned_analysis_unit; Audit_mean_once; pool_resources_N_sum_except_wall,all,all,1,[2204],9,9,0,9,9,9,3.6666666666666665,3.6666666666666665,3.6666666666666665,9,9,0,1,1
qwen3.8-2.4t-a95b-fp8,expgym,tuning,cost_tight,single,1,feedback_visible,count,,planned_analysis_unit; Audit_mean_once; pool_resources_N_sum_except_wall,all,all,2,[2208],9,9,0,9,9,9,2.3333333333333335,2.3333333333333335,2.3333333333333335,9,9,0,1,1
qwen3.8-2.4t-a95b-fp8,expgym,tuning,cost_tight,single,1,feedback_visible,count,,planned_analysis_unit; Audit_mean_once; pool_resources_N_sum_except_wall,family,nasbench101,0,[2200],3,3,0,3,3,3,3.6666666666666665,3.6666666666666665,3.6666666666666665,3,3,0,1,1
qwen3.8-2.4t-a95b-fp8,expgym,tuning,cost_tight,single,1,feedback_visible,count,,planned_analysis_unit; Audit_mean_once; pool_resources_N_sum_except_wall,family,nasbench101,1,[2204],3,3,0,3,3,3,3.6666666666666665,3.6666666666666665,3.6666666666666665,3,3,0,1,1
qwen3.8-2.4t-a95b-fp8,expgym,tuning,cost_tight,single,1,feedback_visible,count,,planned_analysis_unit; Audit_mean_once; pool_resources_N_sum_except_wall,family,nasbench101,2,[2208],3,3,0,3,3,3,2.0,2.0,2.0,3,3,0,1,1
qwen3.8-2.4t-a95b-fp8,expgym,tuning,cost_tight,single,1,feedback_visible,count,,planned_analysis_unit; Audit_mean_once; pool_resources_N_sum_except_wall,family,nasbench201,0,[2200],3,3,0,3,3,3,4.0,4.0,4.0,3,3,0,1,1
qwen3.8-2.4t-a95b-fp8,expgym,tuning,cost_tight,single,1,feedback_visible,count,,planned_analysis_unit; Audit_mean_once; pool_resources_N_sum_except_wall,family,nasbench201,1,[2204],3,3,0,3,3,3,3.0,3.0,3.0,3,3,0,1,1
qwen3.8-2.4t-a95b-fp8,expgym,tuning,cost_tight,single,1,feedback_visible,count,,planned_analysis_unit; Audit_mean_once; pool_resources_N_sum_except_wall,family,nasbench201,2,[2208],3,3,0,3,3,3,2.6666666666666665,2.6666666666666665,2.6666666666666665,3,3,0,1,1
qwen3.8-2.4t-a95b-fp8,expgym,tuning,cost_tight,single,1,feedback_visible,count,,planned_analysis_unit; Audit_mean_once; pool_resources_N_sum_except_wall,family,paramnet,0,[2200],3,3,0,3,3,3,3.3333333333333335,3.3333333333333335,3.3333333333333335,3,3,0,1,1
qwen3.8-2.4t-a95b-fp8,expgym,tuning,cost_tight,single,1,feedback_visible,count,,planned_analysis_unit; Audit_mean_once; pool_resources_N_sum_except_wall,family,paramnet,1,[2204],3,3,0,3,3,3,4.333333333333333,4.333333333333333,4.333333333333333,3,3,0,1,1
qwen3.8-2.4t-a95b-fp8,expgym,tuning,cost_tight,single,1,feedback_visible,count,,planned_analysis_unit; Audit_mean_once; pool_resources_N_sum_except_wall,family,paramnet,2,[2208],3,3,0,3,3,3,2.3333333333333335,2.3333333333333335,2.3333333333333335,3,3,0,1,1
qwen3.8-2.4t-a95b-fp8,expgym,tuning,cost_tight,single,1,feedback_visible,count,,planned_analysis_unit; Audit_mean_once; pool_resources_N_sum_except_wall,task,hpobench:nasbench101:A,0,[2200],1,1,0,1,1,1,2.0,2.0,2.0,1,1,0,1,1
qwen3.8-2.4t-a95b-fp8,expgym,tuning,cost_tight,single,1,feedback_visible,count,,planned_analysis_unit; Audit_mean_once; pool_resources_N_sum_except_wall,task,hpobench:nasbench101:A,1,[2204],1,1,0,1,1,1,1.0,1.0,1.0,1,1,0,1,1
qwen3.8-2.4t-a95b-fp8,expgym,tuning,cost_tight,single,1,feedback_visible,count,,planned_analysis_unit; Audit_mean_once; pool_resources_N_sum_except_wall,task,hpobench:nasbench101:A,2,[2208],1,1,0,1,1,1,1.0,1.0,1.0,1,1,0,1,1
qwen3.8-2.4t-a95b-fp8,expgym,tuning,cost_tight,single,1,feedback_visible,count,,planned_analysis_unit; Audit_mean_once; pool_resources_N_sum_except_wall,task,hpobench:nasbench101:B,0,[2200],1,1,0,1,1,1,4.0,4.0,4.0,1,1,0,1,1
qwen3.8-2.4t-a95b-fp8,expgym,tuning,cost_tight,single,1,feedback_visible,count,,planned_analysis_unit; Audit_mean_once; pool_resources_N_sum_except_wall,task,hpobench:nasbench101:B,1,[2204],1,1,0,1,1,1,3.0,3.0,3.0,1,1,0,1,1
qwen3.8-2.4t-a95b-fp8,expgym,tuning,cost_tight,single,1,feedback_visible,count,,planned_analysis_unit; Audit_mean_once; pool_resources_N_sum_except_wall,task,hpobench:nasbench101:B,2,[2208],1,1,0,1,1,1,3.0,3.0,3.0,1,1,0,1,1
qwen3.8-2.4t-a95b-fp8,expgym,tuning,cost_tight,single,1,feedback_visible,count,,planned_analysis_unit; Audit_mean_once; pool_resources_N_sum_except_wall,task,hpobench:nasbench101:C,0,[2200],1,1,0,1,1,1,5.0,5.0,5.0,1,1,0,1,1
qwen3.8-2.4t-a95b-fp8,expgym,tuning,cost_tight,single,1,feedback_visible,count,,planned_analysis_unit; Audit_mean_once; pool_resources_N_sum_except_wall,task,hpobench:nasbench101:C,1,[2204],1,1,0,1,1,1,7.0,7.0,7.0,1,1,0,1,1
qwen3.8-2.4t-a95b-fp8,expgym,tuning,cost_tight,single,1,feedback_visible,count,,planned_analysis_unit; Audit_mean_once; pool_resources_N_sum_except_wall,task,hpobench:nasbench101:C,2,[2208],1,1,0,1,1,1,2.0,2.0,2.0,1,1,0,1,1
qwen3.8-2.4t-a95b-fp8,expgym,tuning,cost_tight,single,1,feedback_visible,count,,planned_analysis_unit; Audit_mean_once; pool_resources_N_sum_except_wall,task,hpobench:nasbench201:cifar10-valid,0,[2200],1,1,0,1,1,1,3.0,3.0,3.0,1,1,0,1,1
qwen3.8-2.4t-a95b-fp8,expgym,tuning,cost_tight,single,1,feedback_visible,count,,planned_analysis_unit; Audit_mean_once; pool_resources_N_sum_except_wall,task,hpobench:nasbench201:cifar10-valid,1,[2204],1,1,0,1,1,1,3.0,3.0,3.0,1,1,0,1,1
qwen3.8-2.4t-a95b-fp8,expgym,tuning,cost_tight,single,1,feedback_visible,count,,planned_analysis_unit; Audit_mean_once; pool_resources_N_sum_except_wall,task,hpobench:nasbench201:cifar10-valid,2,[2208],1,1,0,1,1,1,3.0,3.0,3.0,1,1,0,1,1
qwen3.8-2.4t-a95b-fp8,expgym,tuning,cost_tight,single,1,feedback_visible,count,,planned_analysis_unit; Audit_mean_once; pool_resources_N_sum_except_wall,task,hpobench:nasbench201:cifar100,0,[2200],1,1,0,1,1,1,4.0,4.0,4.0,1,1,0,1,1
qwen3.8-2.4t-a95b-fp8,expgym,tuning,cost_tight,single,1,feedback_visible,count,,planned_analysis_unit; Audit_mean_once; pool_resources_N_sum_except_wall,task,hpobench:nasbench201:cifar100,1,[2204],1,1,0,1,1,1,3.0,3.0,3.0,1,1,0,1,1
qwen3.8-2.4t-a95b-fp8,expgym,tuning,cost_tight,single,1,feedback_visible,count,,planned_analysis_unit; Audit_mean_once; pool_resources_N_sum_except_wall,task,hpobench:nasbench201:cifar100,2,[2208],1,1,0,1,1,1,3.0,3.0,3.0,1,1,0,1,1
qwen3.8-2.4t-a95b-fp8,expgym,tuning,cost_tight,single,1,feedback_visible,count,,planned_analysis_unit; Audit_mean_once; pool_resources_N_sum_except_wall,task,hpobench:nasbench201:imagenet16-120,0,[2200],1,1,0,1,1,1,5.0,5.0,5.0,1,1,0,1,1
qwen3.8-2.4t-a95b-fp8,expgym,tuning,cost_tight,single,1,feedback_visible,count,,planned_analysis_unit; Audit_mean_once; pool_resources_N_sum_except_wall,task,hpobench:nasbench201:imagenet16-120,1,[2204],1,1,0,1,1,1,3.0,3.0,3.0,1,1,0,1,1
qwen3.8-2.4t-a95b-fp8,expgym,tuning,cost_tight,single,1,feedback_visible,count,,planned_analysis_unit; Audit_mean_once; pool_resources_N_sum_except_wall,task,hpobench:nasbench201:imagenet16-120,2,[2208],1,1,0,1,1,1,2.0,2.0,2.0,1,1,0,1,1
qwen3.8-2.4t-a95b-fp8,expgym,tuning,cost_tight,single,1,feedback_visible,count,,planned_analysis_unit; Audit_mean_once; pool_resources_N_sum_except_wall,task,hpobench:paramnet:adult:steps,0,[2200],1,1,0,1,1,1,1.0,1.0,1.0,1,1,0,1,1
qwen3.8-2.4t-a95b-fp8,expgym,tuning,cost_tight,single,1,feedback_visible,count,,planned_analysis_unit; Audit_mean_once; pool_resources_N_sum_except_wall,task,hpobench:paramnet:adult:steps,1,[2204],1,1,0,1,1,1,1.0,1.0,1.0,1,1,0,1,1
qwen3.8-2.4t-a95b-fp8,expgym,tuning,cost_tight,single,1,feedback_visible,count,,planned_analysis_unit; Audit_mean_once; pool_resources_N_sum_except_wall,task,hpobench:paramnet:adult:steps,2,[2208],1,1,0,1,1,1,2.0,2.0,2.0,1,1,0,1,1
qwen3.8-2.4t-a95b-fp8,expgym,tuning,cost_tight,single,1,feedback_visible,count,,planned_analysis_unit; Audit_mean_once; pool_resources_N_sum_except_wall,task,hpobench:paramnet:higgs:steps,0,[2200],1,1,0,1,1,1,4.0,4.0,4.0,1,1,0,1,1
qwen3.8-2.4t-a95b-fp8,expgym,tuning,cost_tight,single,1,feedback_visible,count,,planned_analysis_unit; Audit_mean_once; pool_resources_N_sum_except_wall,task,hpobench:paramnet:higgs:steps,1,[2204],1,1,0,1,1,1,2.0,2.0,2.0,1,1,0,1,1
qwen3.8-2.4t-a95b-fp8,expgym,tuning,cost_tight,single,1,feedback_visible,count,,planned_analysis_unit; Audit_mean_once; pool_resources_N_sum_except_wall,task,hpobench:paramnet:higgs:steps,2,[2208],1,1,0,1,1,1,1.0,1.0,1.0,1,1,0,1,1
qwen3.8-2.4t-a95b-fp8,expgym,tuning,cost_tight,single,1,feedback_visible,count,,planned_analysis_unit; Audit_mean_once; pool_resources_N_sum_except_wall,task,hpobench:paramnet:letter:steps,0,[2200],1,1,0,1,1,1,5.0,5.0,5.0,1,1,0,1,1
qwen3.8-2.4t-a95b-fp8,expgym,tuning,cost_tight,single,1,feedback_visible,count,,planned_analysis_unit; Audit_mean_once; pool_resources_N_sum_except_wall,task,hpobench:paramnet:letter:steps,1,[2204],1,1,0,1,1,1,10.0,10.0,10.0,1,1,0,1,1
qwen3.8-2.4t-a95b-fp8,expgym,tuning,cost_tight,single,1,feedback_visible,count,,planned_analysis_unit; Audit_mean_once; pool_resources_N_sum_except_wall,task,hpobench:paramnet:letter:steps,2,[2208],1,1,0,1,1,1,4.0,4.0,4.0,1,1,0,1,1
qwen3.8-2.4t-a95b-fp8,expgym,tuning,cost_tight,single,1,gap,Gap points,True,planned_analysis_unit; Audit_mean_once; pool_resources_N_sum_except_wall,all,all,0,[2200],9,9,0,9,9,9,86.40796086097504,86.40796086097504,86.40796086097504,9,9,0,1,1
qwen3.8-2.4t-a95b-fp8,expgym,tuning,cost_tight,single,1,gap,Gap points,True,planned_analysis_unit; Audit_mean_once; pool_resources_N_sum_except_wall,all,all,1,[2204],9,9,0,9,9,9,85.13947626252592,85.13947626252592,85.13947626252592,9,9,0,1,1
qwen3.8-2.4t-a95b-fp8,expgym,tuning,cost_tight,single,1,gap,Gap points,True,planned_analysis_unit; Audit_mean_once; pool_resources_N_sum_except_wall,all,all,2,[2208],9,9,0,9,9,9,85.58253309578814,85.58253309578814,85.58253309578814,9,9,0,1,1
qwen3.8-2.4t-a95b-fp8,expgym,tuning,cost_tight,single,1,gap,Gap points,True,planned_analysis_unit; Audit_mean_once; pool_resources_N_sum_except_wall,family,nasbench101,0,[2200],3,3,0,3,3,3,95.63555380641883,95.63555380641883,95.63555380641883,3,3,0,1,1
qwen3.8-2.4t-a95b-fp8,expgym,tuning,cost_tight,single,1,gap,Gap points,True,planned_analysis_unit; Audit_mean_once; pool_resources_N_sum_except_wall,family,nasbench101,1,[2204],3,3,0,3,3,3,93.91014112010934,93.91014112010934,93.91014112010934,3,3,0,1,1
qwen3.8-2.4t-a95b-fp8,expgym,tuning,cost_tight,single,1,gap,Gap points,True,planned_analysis_unit; Audit_mean_once; pool_resources_N_sum_except_wall,family,nasbench101,2,[2208],3,3,0,3,3,3,91.89975986128775,91.89975986128775,91.89975986128775,3,3,0,1,1
qwen3.8-2.4t-a95b-fp8,expgym,tuning,cost_tight,single,1,gap,Gap points,True,planned_analysis_unit; Audit_mean_once; pool_resources_N_sum_except_wall,family,nasbench201,0,[2200],3,3,0,3,3,3,77.43111789361987,77.43111789361987,77.43111789361987,3,3,0,1,1
qwen3.8-2.4t-a95b-fp8,expgym,tuning,cost_tight,single,1,gap,Gap points,True,planned_analysis_unit; Audit_mean_once; pool_resources_N_sum_except_wall,family,nasbench201,1,[2204],3,3,0,3,3,3,80.37382833314292,80.37382833314292,80.37382833314292,3,3,0,1,1
qwen3.8-2.4t-a95b-fp8,expgym,tuning,cost_tight,single,1,gap,Gap points,True,planned_analysis_unit; Audit_mean_once; pool_resources_N_sum_except_wall,family,nasbench201,2,[2208],3,3,0,3,3,3,98.54197366744518,98.54197366744518,98.54197366744518,3,3,0,1,1
qwen3.8-2.4t-a95b-fp8,expgym,tuning,cost_tight,single,1,gap,Gap points,True,planned_analysis_unit; Audit_mean_once; pool_resources_N_sum_except_wall,family,paramnet,0,[2200],3,3,0,3,3,3,86.15721088288645,86.15721088288645,86.15721088288645,3,3,0,1,1
qwen3.8-2.4t-a95b-fp8,expgym,tuning,cost_tight,single,1,gap,Gap points,True,planned_analysis_unit; Audit_mean_once; pool_resources_N_sum_except_wall,family,paramnet,1,[2204],3,3,0,3,3,3,81.13445933432548,81.13445933432548,81.13445933432548,3,3,0,1,1
qwen3.8-2.4t-a95b-fp8,expgym,tuning,cost_tight,single,1,gap,Gap points,True,planned_analysis_unit; Audit_mean_once; pool_resources_N_sum_except_wall,family,paramnet,2,[2208],3,3,0,3,3,3,66.30586575863148,66.30586575863148,66.30586575863148,3,3,0,1,1
qwen3.8-2.4t-a95b-fp8,expgym,tuning,cost_tight,single,1,gap,Gap points,True,planned_analysis_unit; Audit_mean_once; pool_resources_N_sum_except_wall,task,hpobench:nasbench101:A,0,[2200],1,1,0,1,1,1,97.51299315834828,97.51299315834828,97.51299315834828,1,1,0,1,1
qwen3.8-2.4t-a95b-fp8,expgym,tuning,cost_tight,single,1,gap,Gap points,True,planned_analysis_unit; Audit_mean_once; pool_resources_N_sum_except_wall,task,hpobench:nasbench101:A,1,[2204],1,1,0,1,1,1,85.75664976157574,85.75664976157574,85.75664976157574,1,1,0,1,1
qwen3.8-2.4t-a95b-fp8,expgym,tuning,cost_tight,single,1,gap,Gap points,True,planned_analysis_unit; Audit_mean_once; pool_resources_N_sum_except_wall,task,hpobench:nasbench101:A,2,[2208],1,1,0,1,1,1,85.75664976157574,85.75664976157574,85.75664976157574,1,1,0,1,1
qwen3.8-2.4t-a95b-fp8,expgym,tuning,cost_tight,single,1,gap,Gap points,True,planned_analysis_unit; Audit_mean_once; pool_resources_N_sum_except_wall,task,hpobench:nasbench101:B,0,[2200],1,1,0,1,1,1,92.57173140145657,92.57173140145657,92.57173140145657,1,1,0,1,1
qwen3.8-2.4t-a95b-fp8,expgym,tuning,cost_tight,single,1,gap,Gap points,True,planned_analysis_unit; Audit_mean_once; pool_resources_N_sum_except_wall,task,hpobench:nasbench101:B,1,[2204],1,1,0,1,1,1,96.77715062517899,96.77715062517899,96.77715062517899,1,1,0,1,1
qwen3.8-2.4t-a95b-fp8,expgym,tuning,cost_tight,single,1,gap,Gap points,True,planned_analysis_unit; Audit_mean_once; pool_resources_N_sum_except_wall,task,hpobench:nasbench101:B,2,[2208],1,1,0,1,1,1,90.4624611887238,90.4624611887238,90.4624611887238,1,1,0,1,1
qwen3.8-2.4t-a95b-fp8,expgym,tuning,cost_tight,single,1,gap,Gap points,True,planned_analysis_unit; Audit_mean_once; pool_resources_N_sum_except_wall,task,hpobench:nasbench101:C,0,[2200],1,1,0,1,1,1,96.82193685945163,96.82193685945163,96.82193685945163,1,1,0,1,1
qwen3.8-2.4t-a95b-fp8,expgym,tuning,cost_tight,single,1,gap,Gap points,True,planned_analysis_unit; Audit_mean_once; pool_resources_N_sum_except_wall,task,hpobench:nasbench101:C,1,[2204],1,1,0,1,1,1,99.19662297357327,99.19662297357327,99.19662297357327,1,1,0,1,1
qwen3.8-2.4t-a95b-fp8,expgym,tuning,cost_tight,single,1,gap,Gap points,True,planned_analysis_unit; Audit_mean_once; pool_resources_N_sum_except_wall,task,hpobench:nasbench101:C,2,[2208],1,1,0,1,1,1,99.48016863356374,99.48016863356374,99.48016863356374,1,1,0,1,1
qwen3.8-2.4t-a95b-fp8,expgym,tuning,cost_tight,single,1,gap,Gap points,True,planned_analysis_unit; Audit_mean_once; pool_resources_N_sum_except_wall,task,hpobench:nasbench201:cifar10-valid,0,[2200],1,1,0,1,1,1,90.72026125501479,90.72026125501479,90.72026125501479,1,1,0,1,1
qwen3.8-2.4t-a95b-fp8,expgym,tuning,cost_tight,single,1,gap,Gap points,True,planned_analysis_unit; Audit_mean_once; pool_resources_N_sum_except_wall,task,hpobench:nasbench201:cifar10-valid,1,[2204],1,1,0,1,1,1,99.32998283650223,99.32998283650223,99.32998283650223,1,1,0,1,1
qwen3.8-2.4t-a95b-fp8,expgym,tuning,cost_tight,single,1,gap,Gap points,True,planned_analysis_unit; Audit_mean_once; pool_resources_N_sum_except_wall,task,hpobench:nasbench201:cifar10-valid,2,[2208],1,1,0,1,1,1,99.32998283650223,99.32998283650223,99.32998283650223,1,1,0,1,1
qwen3.8-2.4t-a95b-fp8,expgym,tuning,cost_tight,single,1,gap,Gap points,True,planned_analysis_unit; Audit_mean_once; pool_resources_N_sum_except_wall,task,hpobench:nasbench201:cifar100,0,[2200],1,1,0,1,1,1,85.01163179276543,85.01163179276543,85.01163179276543,1,1,0,1,1
qwen3.8-2.4t-a95b-fp8,expgym,tuning,cost_tight,single,1,gap,Gap points,True,planned_analysis_unit; Audit_mean_once; pool_resources_N_sum_except_wall,task,hpobench:nasbench201:cifar100,1,[2204],1,1,0,1,1,1,85.23004152984714,85.23004152984714,85.23004152984714,1,1,0,1,1
qwen3.8-2.4t-a95b-fp8,expgym,tuning,cost_tight,single,1,gap,Gap points,True,planned_analysis_unit; Audit_mean_once; pool_resources_N_sum_except_wall,task,hpobench:nasbench201:cifar100,2,[2208],1,1,0,1,1,1,100.0,100.0,100.0,1,1,0,1,1
qwen3.8-2.4t-a95b-fp8,expgym,tuning,cost_tight,single,1,gap,Gap points,True,planned_analysis_unit; Audit_mean_once; pool_resources_N_sum_except_wall,task,hpobench:nasbench201:imagenet16-120,0,[2200],1,1,0,1,1,1,56.5614606330794,56.5614606330794,56.5614606330794,1,1,0,1,1
qwen3.8-2.4t-a95b-fp8,expgym,tuning,cost_tight,single,1,gap,Gap points,True,planned_analysis_unit; Audit_mean_once; pool_resources_N_sum_except_wall,task,hpobench:nasbench201:imagenet16-120,1,[2204],1,1,0,1,1,1,56.5614606330794,56.5614606330794,56.5614606330794,1,1,0,1,1
qwen3.8-2.4t-a95b-fp8,expgym,tuning,cost_tight,single,1,gap,Gap points,True,planned_analysis_unit; Audit_mean_once; pool_resources_N_sum_except_wall,task,hpobench:nasbench201:imagenet16-120,2,[2208],1,1,0,1,1,1,96.29593816583329,96.29593816583329,96.29593816583329,1,1,0,1,1
qwen3.8-2.4t-a95b-fp8,expgym,tuning,cost_tight,single,1,gap,Gap points,True,planned_analysis_unit; Audit_mean_once; pool_resources_N_sum_except_wall,task,hpobench:paramnet:adult:steps,0,[2200],1,1,0,1,1,1,72.01344351468897,72.01344351468897,72.01344351468897,1,1,0,1,1
qwen3.8-2.4t-a95b-fp8,expgym,tuning,cost_tight,single,1,gap,Gap points,True,planned_analysis_unit; Audit_mean_once; pool_resources_N_sum_except_wall,task,hpobench:paramnet:adult:steps,1,[2204],1,1,0,1,1,1,72.01344351468897,72.01344351468897,72.01344351468897,1,1,0,1,1
qwen3.8-2.4t-a95b-fp8,expgym,tuning,cost_tight,single,1,gap,Gap points,True,planned_analysis_unit; Audit_mean_once; pool_resources_N_sum_except_wall,task,hpobench:paramnet:adult:steps,2,[2208],1,1,0,1,1,1,86.73730010211293,86.73730010211293,86.73730010211293,1,1,0,1,1
qwen3.8-2.4t-a95b-fp8,expgym,tuning,cost_tight,single,1,gap,Gap points,True,planned_analysis_unit; Audit_mean_once; pool_resources_N_sum_except_wall,task,hpobench:paramnet:higgs:steps,0,[2200],1,1,0,1,1,1,89.65466867699178,89.65466867699178,89.65466867699178,1,1,0,1,1
qwen3.8-2.4t-a95b-fp8,expgym,tuning,cost_tight,single,1,gap,Gap points,True,planned_analysis_unit; Audit_mean_once; pool_resources_N_sum_except_wall,task,hpobench:paramnet:higgs:steps,1,[2204],1,1,0,1,1,1,86.78214513411211,86.78214513411211,86.78214513411211,1,1,0,1,1
qwen3.8-2.4t-a95b-fp8,expgym,tuning,cost_tight,single,1,gap,Gap points,True,planned_analysis_unit; Audit_mean_once; pool_resources_N_sum_except_wall,task,hpobench:paramnet:higgs:steps,2,[2208],1,1,0,1,1,1,20.16287898720514,20.16287898720514,20.16287898720514,1,1,0,1,1
qwen3.8-2.4t-a95b-fp8,expgym,tuning,cost_tight,single,1,gap,Gap points,True,planned_analysis_unit; Audit_mean_once; pool_resources_N_sum_except_wall,task,hpobench:paramnet:letter:steps,0,[2200],1,1,0,1,1,1,96.80352045697859,96.80352045697859,96.80352045697859,1,1,0,1,1
qwen3.8-2.4t-a95b-fp8,expgym,tuning,cost_tight,single,1,gap,Gap points,True,planned_analysis_unit; Audit_mean_once; pool_resources_N_sum_except_wall,task,hpobench:paramnet:letter:steps,1,[2204],1,1,0,1,1,1,84.6077893541754,84.6077893541754,84.6077893541754,1,1,0,1,1
qwen3.8-2.4t-a95b-fp8,expgym,tuning,cost_tight,single,1,gap,Gap points,True,planned_analysis_unit; Audit_mean_once; pool_resources_N_sum_except_wall,task,hpobench:paramnet:letter:steps,2,[2208],1,1,0,1,1,1,92.01741818657639,92.01741818657639,92.01741818657639,1,1,0,1,1
qwen3.8-2.4t-a95b-fp8,expgym,tuning,cost_tight,single,1,input_tokens,tokens,,planned_analysis_unit; Audit_mean_once; pool_resources_N_sum_except_wall,all,all,0,[2200],9,9,0,9,9,9,27326.555555555555,27326.555555555555,27326.555555555555,9,9,0,1,1
qwen3.8-2.4t-a95b-fp8,expgym,tuning,cost_tight,single,1,input_tokens,tokens,,planned_analysis_unit; Audit_mean_once; pool_resources_N_sum_except_wall,all,all,1,[2204],9,9,0,9,9,9,24738.333333333332,24738.333333333332,24738.333333333332,9,9,0,1,1
qwen3.8-2.4t-a95b-fp8,expgym,tuning,cost_tight,single,1,input_tokens,tokens,,planned_analysis_unit; Audit_mean_once; pool_resources_N_sum_except_wall,all,all,2,[2208],9,9,0,9,9,9,19146.444444444445,19146.444444444445,19146.444444444445,9,9,0,1,1
qwen3.8-2.4t-a95b-fp8,expgym,tuning,cost_tight,single,1,input_tokens,tokens,,planned_analysis_unit; Audit_mean_once; pool_resources_N_sum_except_wall,family,nasbench101,0,[2200],3,3,0,3,3,3,55294.333333333336,55294.333333333336,55294.333333333336,3,3,0,1,1
qwen3.8-2.4t-a95b-fp8,expgym,tuning,cost_tight,single,1,input_tokens,tokens,,planned_analysis_unit; Audit_mean_once; pool_resources_N_sum_except_wall,family,nasbench101,1,[2204],3,3,0,3,3,3,47874.333333333336,47874.333333333336,47874.333333333336,3,3,0,1,1
qwen3.8-2.4t-a95b-fp8,expgym,tuning,cost_tight,single,1,input_tokens,tokens,,planned_analysis_unit; Audit_mean_once; pool_resources_N_sum_except_wall,family,nasbench101,2,[2208],3,3,0,3,3,3,41020.666666666664,41020.666666666664,41020.666666666664,3,3,0,1,1
qwen3.8-2.4t-a95b-fp8,expgym,tuning,cost_tight,single,1,input_tokens,tokens,,planned_analysis_unit; Audit_mean_once; pool_resources_N_sum_except_wall,family,nasbench201,0,[2200],3,3,0,3,3,3,17358.0,17358.0,17358.0,3,3,0,1,1
qwen3.8-2.4t-a95b-fp8,expgym,tuning,cost_tight,single,1,input_tokens,tokens,,planned_analysis_unit; Audit_mean_once; pool_resources_N_sum_except_wall,family,nasbench201,1,[2204],3,3,0,3,3,3,11615.666666666666,11615.666666666666,11615.666666666666,3,3,0,1,1
qwen3.8-2.4t-a95b-fp8,expgym,tuning,cost_tight,single,1,input_tokens,tokens,,planned_analysis_unit; Audit_mean_once; pool_resources_N_sum_except_wall,family,nasbench201,2,[2208],3,3,0,3,3,3,9843.666666666666,9843.666666666666,9843.666666666666,3,3,0,1,1
qwen3.8-2.4t-a95b-fp8,expgym,tuning,cost_tight,single,1,input_tokens,tokens,,planned_analysis_unit; Audit_mean_once; pool_resources_N_sum_except_wall,family,paramnet,0,[2200],3,3,0,3,3,3,9327.333333333334,9327.333333333334,9327.333333333334,3,3,0,1,1
qwen3.8-2.4t-a95b-fp8,expgym,tuning,cost_tight,single,1,input_tokens,tokens,,planned_analysis_unit; Audit_mean_once; pool_resources_N_sum_except_wall,family,paramnet,1,[2204],3,3,0,3,3,3,14725.0,14725.0,14725.0,3,3,0,1,1
qwen3.8-2.4t-a95b-fp8,expgym,tuning,cost_tight,single,1,input_tokens,tokens,,planned_analysis_unit; Audit_mean_once; pool_resources_N_sum_except_wall,family,paramnet,2,[2208],3,3,0,3,3,3,6575.0,6575.0,6575.0,3,3,0,1,1
qwen3.8-2.4t-a95b-fp8,expgym,tuning,cost_tight,single,1,input_tokens,tokens,,planned_analysis_unit; Audit_mean_once; pool_resources_N_sum_except_wall,task,hpobench:nasbench101:A,0,[2200],1,1,0,1,1,1,56398.0,56398.0,56398.0,1,1,0,1,1
qwen3.8-2.4t-a95b-fp8,expgym,tuning,cost_tight,single,1,input_tokens,tokens,,planned_analysis_unit; Audit_mean_once; pool_resources_N_sum_except_wall,task,hpobench:nasbench101:A,1,[2204],1,1,0,1,1,1,10250.0,10250.0,10250.0,1,1,0,1,1
qwen3.8-2.4t-a95b-fp8,expgym,tuning,cost_tight,single,1,input_tokens,tokens,,planned_analysis_unit; Audit_mean_once; pool_resources_N_sum_except_wall,task,hpobench:nasbench101:A,2,[2208],1,1,0,1,1,1,12926.0,12926.0,12926.0,1,1,0,1,1
qwen3.8-2.4t-a95b-fp8,expgym,tuning,cost_tight,single,1,input_tokens,tokens,,planned_analysis_unit; Audit_mean_once; pool_resources_N_sum_except_wall,task,hpobench:nasbench101:B,0,[2200],1,1,0,1,1,1,25713.0,25713.0,25713.0,1,1,0,1,1
qwen3.8-2.4t-a95b-fp8,expgym,tuning,cost_tight,single,1,input_tokens,tokens,,planned_analysis_unit; Audit_mean_once; pool_resources_N_sum_except_wall,task,hpobench:nasbench101:B,1,[2204],1,1,0,1,1,1,36455.0,36455.0,36455.0,1,1,0,1,1
qwen3.8-2.4t-a95b-fp8,expgym,tuning,cost_tight,single,1,input_tokens,tokens,,planned_analysis_unit; Audit_mean_once; pool_resources_N_sum_except_wall,task,hpobench:nasbench101:B,2,[2208],1,1,0,1,1,1,66625.0,66625.0,66625.0,1,1,0,1,1
qwen3.8-2.4t-a95b-fp8,expgym,tuning,cost_tight,single,1,input_tokens,tokens,,planned_analysis_unit; Audit_mean_once; pool_resources_N_sum_except_wall,task,hpobench:nasbench101:C,0,[2200],1,1,0,1,1,1,83772.0,83772.0,83772.0,1,1,0,1,1
qwen3.8-2.4t-a95b-fp8,expgym,tuning,cost_tight,single,1,input_tokens,tokens,,planned_analysis_unit; Audit_mean_once; pool_resources_N_sum_except_wall,task,hpobench:nasbench101:C,1,[2204],1,1,0,1,1,1,96918.0,96918.0,96918.0,1,1,0,1,1
qwen3.8-2.4t-a95b-fp8,expgym,tuning,cost_tight,single,1,input_tokens,tokens,,planned_analysis_unit; Audit_mean_once; pool_resources_N_sum_except_wall,task,hpobench:nasbench101:C,2,[2208],1,1,0,1,1,1,43511.0,43511.0,43511.0,1,1,0,1,1
qwen3.8-2.4t-a95b-fp8,expgym,tuning,cost_tight,single,1,input_tokens,tokens,,planned_analysis_unit; Audit_mean_once; pool_resources_N_sum_except_wall,task,hpobench:nasbench201:cifar10-valid,0,[2200],1,1,0,1,1,1,11895.0,11895.0,11895.0,1,1,0,1,1
qwen3.8-2.4t-a95b-fp8,expgym,tuning,cost_tight,single,1,input_tokens,tokens,,planned_analysis_unit; Audit_mean_once; pool_resources_N_sum_except_wall,task,hpobench:nasbench201:cifar10-valid,1,[2204],1,1,0,1,1,1,11430.0,11430.0,11430.0,1,1,0,1,1
qwen3.8-2.4t-a95b-fp8,expgym,tuning,cost_tight,single,1,input_tokens,tokens,,planned_analysis_unit; Audit_mean_once; pool_resources_N_sum_except_wall,task,hpobench:nasbench201:cifar10-valid,2,[2208],1,1,0,1,1,1,8924.0,8924.0,8924.0,1,1,0,1,1
qwen3.8-2.4t-a95b-fp8,expgym,tuning,cost_tight,single,1,input_tokens,tokens,,planned_analysis_unit; Audit_mean_once; pool_resources_N_sum_except_wall,task,hpobench:nasbench201:cifar100,0,[2200],1,1,0,1,1,1,12943.0,12943.0,12943.0,1,1,0,1,1
qwen3.8-2.4t-a95b-fp8,expgym,tuning,cost_tight,single,1,input_tokens,tokens,,planned_analysis_unit; Audit_mean_once; pool_resources_N_sum_except_wall,task,hpobench:nasbench201:cifar100,1,[2204],1,1,0,1,1,1,9426.0,9426.0,9426.0,1,1,0,1,1
qwen3.8-2.4t-a95b-fp8,expgym,tuning,cost_tight,single,1,input_tokens,tokens,,planned_analysis_unit; Audit_mean_once; pool_resources_N_sum_except_wall,task,hpobench:nasbench201:cifar100,2,[2208],1,1,0,1,1,1,10961.0,10961.0,10961.0,1,1,0,1,1
qwen3.8-2.4t-a95b-fp8,expgym,tuning,cost_tight,single,1,input_tokens,tokens,,planned_analysis_unit; Audit_mean_once; pool_resources_N_sum_except_wall,task,hpobench:nasbench201:imagenet16-120,0,[2200],1,1,0,1,1,1,27236.0,27236.0,27236.0,1,1,0,1,1
qwen3.8-2.4t-a95b-fp8,expgym,tuning,cost_tight,single,1,input_tokens,tokens,,planned_analysis_unit; Audit_mean_once; pool_resources_N_sum_except_wall,task,hpobench:nasbench201:imagenet16-120,1,[2204],1,1,0,1,1,1,13991.0,13991.0,13991.0,1,1,0,1,1
qwen3.8-2.4t-a95b-fp8,expgym,tuning,cost_tight,single,1,input_tokens,tokens,,planned_analysis_unit; Audit_mean_once; pool_resources_N_sum_except_wall,task,hpobench:nasbench201:imagenet16-120,2,[2208],1,1,0,1,1,1,9646.0,9646.0,9646.0,1,1,0,1,1
qwen3.8-2.4t-a95b-fp8,expgym,tuning,cost_tight,single,1,input_tokens,tokens,,planned_analysis_unit; Audit_mean_once; pool_resources_N_sum_except_wall,task,hpobench:paramnet:adult:steps,0,[2200],1,1,0,1,1,1,3151.0,3151.0,3151.0,1,1,0,1,1
qwen3.8-2.4t-a95b-fp8,expgym,tuning,cost_tight,single,1,input_tokens,tokens,,planned_analysis_unit; Audit_mean_once; pool_resources_N_sum_except_wall,task,hpobench:paramnet:adult:steps,1,[2204],1,1,0,1,1,1,4800.0,4800.0,4800.0,1,1,0,1,1
qwen3.8-2.4t-a95b-fp8,expgym,tuning,cost_tight,single,1,input_tokens,tokens,,planned_analysis_unit; Audit_mean_once; pool_resources_N_sum_except_wall,task,hpobench:paramnet:adult:steps,2,[2208],1,1,0,1,1,1,6356.0,6356.0,6356.0,1,1,0,1,1
qwen3.8-2.4t-a95b-fp8,expgym,tuning,cost_tight,single,1,input_tokens,tokens,,planned_analysis_unit; Audit_mean_once; pool_resources_N_sum_except_wall,task,hpobench:paramnet:higgs:steps,0,[2200],1,1,0,1,1,1,11684.0,11684.0,11684.0,1,1,0,1,1
qwen3.8-2.4t-a95b-fp8,expgym,tuning,cost_tight,single,1,input_tokens,tokens,,planned_analysis_unit; Audit_mean_once; pool_resources_N_sum_except_wall,task,hpobench:paramnet:higgs:steps,1,[2204],1,1,0,1,1,1,4670.0,4670.0,4670.0,1,1,0,1,1
qwen3.8-2.4t-a95b-fp8,expgym,tuning,cost_tight,single,1,input_tokens,tokens,,planned_analysis_unit; Audit_mean_once; pool_resources_N_sum_except_wall,task,hpobench:paramnet:higgs:steps,2,[2208],1,1,0,1,1,1,3019.0,3019.0,3019.0,1,1,0,1,1
qwen3.8-2.4t-a95b-fp8,expgym,tuning,cost_tight,single,1,input_tokens,tokens,,planned_analysis_unit; Audit_mean_once; pool_resources_N_sum_except_wall,task,hpobench:paramnet:letter:steps,0,[2200],1,1,0,1,1,1,13147.0,13147.0,13147.0,1,1,0,1,1
qwen3.8-2.4t-a95b-fp8,expgym,tuning,cost_tight,single,1,input_tokens,tokens,,planned_analysis_unit; Audit_mean_once; pool_resources_N_sum_except_wall,task,hpobench:paramnet:letter:steps,1,[2204],1,1,0,1,1,1,34705.0,34705.0,34705.0,1,1,0,1,1
qwen3.8-2.4t-a95b-fp8,expgym,tuning,cost_tight,single,1,input_tokens,tokens,,planned_analysis_unit; Audit_mean_once; pool_resources_N_sum_except_wall,task,hpobench:paramnet:letter:steps,2,[2208],1,1,0,1,1,1,10350.0,10350.0,10350.0,1,1,0,1,1
qwen3.8-2.4t-a95b-fp8,expgym,tuning,cost_tight,single,1,output_tokens,tokens,,planned_analysis_unit; Audit_mean_once; pool_resources_N_sum_except_wall,all,all,0,[2200],9,9,0,9,9,9,7194.555555555556,7194.555555555556,7194.555555555556,9,9,0,1,1
qwen3.8-2.4t-a95b-fp8,expgym,tuning,cost_tight,single,1,output_tokens,tokens,,planned_analysis_unit; Audit_mean_once; pool_resources_N_sum_except_wall,all,all,1,[2204],9,9,0,9,9,9,5803.666666666667,5803.666666666667,5803.666666666667,9,9,0,1,1
qwen3.8-2.4t-a95b-fp8,expgym,tuning,cost_tight,single,1,output_tokens,tokens,,planned_analysis_unit; Audit_mean_once; pool_resources_N_sum_except_wall,all,all,2,[2208],9,9,0,9,9,9,6465.222222222223,6465.222222222223,6465.222222222223,9,9,0,1,1
qwen3.8-2.4t-a95b-fp8,expgym,tuning,cost_tight,single,1,output_tokens,tokens,,planned_analysis_unit; Audit_mean_once; pool_resources_N_sum_except_wall,family,nasbench101,0,[2200],3,3,0,3,3,3,12037.666666666666,12037.666666666666,12037.666666666666,3,3,0,1,1
qwen3.8-2.4t-a95b-fp8,expgym,tuning,cost_tight,single,1,output_tokens,tokens,,planned_analysis_unit; Audit_mean_once; pool_resources_N_sum_except_wall,family,nasbench101,1,[2204],3,3,0,3,3,3,10250.666666666666,10250.666666666666,10250.666666666666,3,3,0,1,1
qwen3.8-2.4t-a95b-fp8,expgym,tuning,cost_tight,single,1,output_tokens,tokens,,planned_analysis_unit; Audit_mean_once; pool_resources_N_sum_except_wall,family,nasbench101,2,[2208],3,3,0,3,3,3,15226.0,15226.0,15226.0,3,3,0,1,1
qwen3.8-2.4t-a95b-fp8,expgym,tuning,cost_tight,single,1,output_tokens,tokens,,planned_analysis_unit; Audit_mean_once; pool_resources_N_sum_except_wall,family,nasbench201,0,[2200],3,3,0,3,3,3,7241.666666666667,7241.666666666667,7241.666666666667,3,3,0,1,1
qwen3.8-2.4t-a95b-fp8,expgym,tuning,cost_tight,single,1,output_tokens,tokens,,planned_analysis_unit; Audit_mean_once; pool_resources_N_sum_except_wall,family,nasbench201,1,[2204],3,3,0,3,3,3,4432.333333333333,4432.333333333333,4432.333333333333,3,3,0,1,1
qwen3.8-2.4t-a95b-fp8,expgym,tuning,cost_tight,single,1,output_tokens,tokens,,planned_analysis_unit; Audit_mean_once; pool_resources_N_sum_except_wall,family,nasbench201,2,[2208],3,3,0,3,3,3,2243.3333333333335,2243.3333333333335,2243.3333333333335,3,3,0,1,1
qwen3.8-2.4t-a95b-fp8,expgym,tuning,cost_tight,single,1,output_tokens,tokens,,planned_analysis_unit; Audit_mean_once; pool_resources_N_sum_except_wall,family,paramnet,0,[2200],3,3,0,3,3,3,2304.3333333333335,2304.3333333333335,2304.3333333333335,3,3,0,1,1
qwen3.8-2.4t-a95b-fp8,expgym,tuning,cost_tight,single,1,output_tokens,tokens,,planned_analysis_unit; Audit_mean_once; pool_resources_N_sum_except_wall,family,paramnet,1,[2204],3,3,0,3,3,3,2728.0,2728.0,2728.0,3,3,0,1,1
qwen3.8-2.4t-a95b-fp8,expgym,tuning,cost_tight,single,1,output_tokens,tokens,,planned_analysis_unit; Audit_mean_once; pool_resources_N_sum_except_wall,family,paramnet,2,[2208],3,3,0,3,3,3,1926.3333333333333,1926.3333333333333,1926.3333333333333,3,3,0,1,1
qwen3.8-2.4t-a95b-fp8,expgym,tuning,cost_tight,single,1,output_tokens,tokens,,planned_analysis_unit; Audit_mean_once; pool_resources_N_sum_except_wall,task,hpobench:nasbench101:A,0,[2200],1,1,0,1,1,1,15100.0,15100.0,15100.0,1,1,0,1,1
qwen3.8-2.4t-a95b-fp8,expgym,tuning,cost_tight,single,1,output_tokens,tokens,,planned_analysis_unit; Audit_mean_once; pool_resources_N_sum_except_wall,task,hpobench:nasbench101:A,1,[2204],1,1,0,1,1,1,2906.0,2906.0,2906.0,1,1,0,1,1
qwen3.8-2.4t-a95b-fp8,expgym,tuning,cost_tight,single,1,output_tokens,tokens,,planned_analysis_unit; Audit_mean_once; pool_resources_N_sum_except_wall,task,hpobench:nasbench101:A,2,[2208],1,1,0,1,1,1,6995.0,6995.0,6995.0,1,1,0,1,1
qwen3.8-2.4t-a95b-fp8,expgym,tuning,cost_tight,single,1,output_tokens,tokens,,planned_analysis_unit; Audit_mean_once; pool_resources_N_sum_except_wall,task,hpobench:nasbench101:B,0,[2200],1,1,0,1,1,1,3670.0,3670.0,3670.0,1,1,0,1,1
qwen3.8-2.4t-a95b-fp8,expgym,tuning,cost_tight,single,1,output_tokens,tokens,,planned_analysis_unit; Audit_mean_once; pool_resources_N_sum_except_wall,task,hpobench:nasbench101:B,1,[2204],1,1,0,1,1,1,9356.0,9356.0,9356.0,1,1,0,1,1
qwen3.8-2.4t-a95b-fp8,expgym,tuning,cost_tight,single,1,output_tokens,tokens,,planned_analysis_unit; Audit_mean_once; pool_resources_N_sum_except_wall,task,hpobench:nasbench101:B,2,[2208],1,1,0,1,1,1,21551.0,21551.0,21551.0,1,1,0,1,1
qwen3.8-2.4t-a95b-fp8,expgym,tuning,cost_tight,single,1,output_tokens,tokens,,planned_analysis_unit; Audit_mean_once; pool_resources_N_sum_except_wall,task,hpobench:nasbench101:C,0,[2200],1,1,0,1,1,1,17343.0,17343.0,17343.0,1,1,0,1,1
qwen3.8-2.4t-a95b-fp8,expgym,tuning,cost_tight,single,1,output_tokens,tokens,,planned_analysis_unit; Audit_mean_once; pool_resources_N_sum_except_wall,task,hpobench:nasbench101:C,1,[2204],1,1,0,1,1,1,18490.0,18490.0,18490.0,1,1,0,1,1
qwen3.8-2.4t-a95b-fp8,expgym,tuning,cost_tight,single,1,output_tokens,tokens,,planned_analysis_unit; Audit_mean_once; pool_resources_N_sum_except_wall,task,hpobench:nasbench101:C,2,[2208],1,1,0,1,1,1,17132.0,17132.0,17132.0,1,1,0,1,1
qwen3.8-2.4t-a95b-fp8,expgym,tuning,cost_tight,single,1,output_tokens,tokens,,planned_analysis_unit; Audit_mean_once; pool_resources_N_sum_except_wall,task,hpobench:nasbench201:cifar10-valid,0,[2200],1,1,0,1,1,1,3613.0,3613.0,3613.0,1,1,0,1,1
qwen3.8-2.4t-a95b-fp8,expgym,tuning,cost_tight,single,1,output_tokens,tokens,,planned_analysis_unit; Audit_mean_once; pool_resources_N_sum_except_wall,task,hpobench:nasbench201:cifar10-valid,1,[2204],1,1,0,1,1,1,4684.0,4684.0,4684.0,1,1,0,1,1
qwen3.8-2.4t-a95b-fp8,expgym,tuning,cost_tight,single,1,output_tokens,tokens,,planned_analysis_unit; Audit_mean_once; pool_resources_N_sum_except_wall,task,hpobench:nasbench201:cifar10-valid,2,[2208],1,1,0,1,1,1,1848.0,1848.0,1848.0,1,1,0,1,1
qwen3.8-2.4t-a95b-fp8,expgym,tuning,cost_tight,single,1,output_tokens,tokens,,planned_analysis_unit; Audit_mean_once; pool_resources_N_sum_except_wall,task,hpobench:nasbench201:cifar100,0,[2200],1,1,0,1,1,1,2504.0,2504.0,2504.0,1,1,0,1,1
qwen3.8-2.4t-a95b-fp8,expgym,tuning,cost_tight,single,1,output_tokens,tokens,,planned_analysis_unit; Audit_mean_once; pool_resources_N_sum_except_wall,task,hpobench:nasbench201:cifar100,1,[2204],1,1,0,1,1,1,1966.0,1966.0,1966.0,1,1,0,1,1
qwen3.8-2.4t-a95b-fp8,expgym,tuning,cost_tight,single,1,output_tokens,tokens,,planned_analysis_unit; Audit_mean_once; pool_resources_N_sum_except_wall,task,hpobench:nasbench201:cifar100,2,[2208],1,1,0,1,1,1,2431.0,2431.0,2431.0,1,1,0,1,1
qwen3.8-2.4t-a95b-fp8,expgym,tuning,cost_tight,single,1,output_tokens,tokens,,planned_analysis_unit; Audit_mean_once; pool_resources_N_sum_except_wall,task,hpobench:nasbench201:imagenet16-120,0,[2200],1,1,0,1,1,1,15608.0,15608.0,15608.0,1,1,0,1,1
qwen3.8-2.4t-a95b-fp8,expgym,tuning,cost_tight,single,1,output_tokens,tokens,,planned_analysis_unit; Audit_mean_once; pool_resources_N_sum_except_wall,task,hpobench:nasbench201:imagenet16-120,1,[2204],1,1,0,1,1,1,6647.0,6647.0,6647.0,1,1,0,1,1
qwen3.8-2.4t-a95b-fp8,expgym,tuning,cost_tight,single,1,output_tokens,tokens,,planned_analysis_unit; Audit_mean_once; pool_resources_N_sum_except_wall,task,hpobench:nasbench201:imagenet16-120,2,[2208],1,1,0,1,1,1,2451.0,2451.0,2451.0,1,1,0,1,1
qwen3.8-2.4t-a95b-fp8,expgym,tuning,cost_tight,single,1,output_tokens,tokens,,planned_analysis_unit; Audit_mean_once; pool_resources_N_sum_except_wall,task,hpobench:paramnet:adult:steps,0,[2200],1,1,0,1,1,1,724.0,724.0,724.0,1,1,0,1,1
qwen3.8-2.4t-a95b-fp8,expgym,tuning,cost_tight,single,1,output_tokens,tokens,,planned_analysis_unit; Audit_mean_once; pool_resources_N_sum_except_wall,task,hpobench:paramnet:adult:steps,1,[2204],1,1,0,1,1,1,4054.0,4054.0,4054.0,1,1,0,1,1
qwen3.8-2.4t-a95b-fp8,expgym,tuning,cost_tight,single,1,output_tokens,tokens,,planned_analysis_unit; Audit_mean_once; pool_resources_N_sum_except_wall,task,hpobench:paramnet:adult:steps,2,[2208],1,1,0,1,1,1,3431.0,3431.0,3431.0,1,1,0,1,1
qwen3.8-2.4t-a95b-fp8,expgym,tuning,cost_tight,single,1,output_tokens,tokens,,planned_analysis_unit; Audit_mean_once; pool_resources_N_sum_except_wall,task,hpobench:paramnet:higgs:steps,0,[2200],1,1,0,1,1,1,3674.0,3674.0,3674.0,1,1,0,1,1
qwen3.8-2.4t-a95b-fp8,expgym,tuning,cost_tight,single,1,output_tokens,tokens,,planned_analysis_unit; Audit_mean_once; pool_resources_N_sum_except_wall,task,hpobench:paramnet:higgs:steps,1,[2204],1,1,0,1,1,1,876.0,876.0,876.0,1,1,0,1,1
qwen3.8-2.4t-a95b-fp8,expgym,tuning,cost_tight,single,1,output_tokens,tokens,,planned_analysis_unit; Audit_mean_once; pool_resources_N_sum_except_wall,task,hpobench:paramnet:higgs:steps,2,[2208],1,1,0,1,1,1,620.0,620.0,620.0,1,1,0,1,1
qwen3.8-2.4t-a95b-fp8,expgym,tuning,cost_tight,single,1,output_tokens,tokens,,planned_analysis_unit; Audit_mean_once; pool_resources_N_sum_except_wall,task,hpobench:paramnet:letter:steps,0,[2200],1,1,0,1,1,1,2515.0,2515.0,2515.0,1,1,0,1,1
qwen3.8-2.4t-a95b-fp8,expgym,tuning,cost_tight,single,1,output_tokens,tokens,,planned_analysis_unit; Audit_mean_once; pool_resources_N_sum_except_wall,task,hpobench:paramnet:letter:steps,1,[2204],1,1,0,1,1,1,3254.0,3254.0,3254.0,1,1,0,1,1
qwen3.8-2.4t-a95b-fp8,expgym,tuning,cost_tight,single,1,output_tokens,tokens,,planned_analysis_unit; Audit_mean_once; pool_resources_N_sum_except_wall,task,hpobench:paramnet:letter:steps,2,[2208],1,1,0,1,1,1,1728.0,1728.0,1728.0,1,1,0,1,1
qwen3.8-2.4t-a95b-fp8,expgym,tuning,cost_tight,single,1,protocol_failure_rate,fraction,,planned_analysis_unit; Audit_mean_once; pool_resources_N_sum_except_wall,all,all,0,[2200],9,9,0,9,9,9,0.0380952380952381,0.0380952380952381,0.0380952380952381,9,9,0,1,1
qwen3.8-2.4t-a95b-fp8,expgym,tuning,cost_tight,single,1,protocol_failure_rate,fraction,,planned_analysis_unit; Audit_mean_once; pool_resources_N_sum_except_wall,all,all,1,[2204],9,9,0,9,9,9,0.0,0.0,0.0,9,9,0,1,1
qwen3.8-2.4t-a95b-fp8,expgym,tuning,cost_tight,single,1,protocol_failure_rate,fraction,,planned_analysis_unit; Audit_mean_once; pool_resources_N_sum_except_wall,all,all,2,[2208],9,9,0,9,9,9,0.018518518518518517,0.018518518518518517,0.018518518518518517,9,9,0,1,1
qwen3.8-2.4t-a95b-fp8,expgym,tuning,cost_tight,single,1,protocol_failure_rate,fraction,,planned_analysis_unit; Audit_mean_once; pool_resources_N_sum_except_wall,family,nasbench101,0,[2200],3,3,0,3,3,3,0.11428571428571428,0.11428571428571428,0.11428571428571428,3,3,0,1,1
qwen3.8-2.4t-a95b-fp8,expgym,tuning,cost_tight,single,1,protocol_failure_rate,fraction,,planned_analysis_unit; Audit_mean_once; pool_resources_N_sum_except_wall,family,nasbench101,1,[2204],3,3,0,3,3,3,0.0,0.0,0.0,3,3,0,1,1
qwen3.8-2.4t-a95b-fp8,expgym,tuning,cost_tight,single,1,protocol_failure_rate,fraction,,planned_analysis_unit; Audit_mean_once; pool_resources_N_sum_except_wall,family,nasbench101,2,[2208],3,3,0,3,3,3,0.0,0.0,0.0,3,3,0,1,1
qwen3.8-2.4t-a95b-fp8,expgym,tuning,cost_tight,single,1,protocol_failure_rate,fraction,,planned_analysis_unit; Audit_mean_once; pool_resources_N_sum_except_wall,family,nasbench201,0,[2200],3,3,0,3,3,3,0.0,0.0,0.0,3,3,0,1,1
qwen3.8-2.4t-a95b-fp8,expgym,tuning,cost_tight,single,1,protocol_failure_rate,fraction,,planned_analysis_unit; Audit_mean_once; pool_resources_N_sum_except_wall,family,nasbench201,1,[2204],3,3,0,3,3,3,0.0,0.0,0.0,3,3,0,1,1
qwen3.8-2.4t-a95b-fp8,expgym,tuning,cost_tight,single,1,protocol_failure_rate,fraction,,planned_analysis_unit; Audit_mean_once; pool_resources_N_sum_except_wall,family,nasbench201,2,[2208],3,3,0,3,3,3,0.0,0.0,0.0,3,3,0,1,1
qwen3.8-2.4t-a95b-fp8,expgym,tuning,cost_tight,single,1,protocol_failure_rate,fraction,,planned_analysis_unit; Audit_mean_once; pool_resources_N_sum_except_wall,family,paramnet,0,[2200],3,3,0,3,3,3,0.0,0.0,0.0,3,3,0,1,1
qwen3.8-2.4t-a95b-fp8,expgym,tuning,cost_tight,single,1,protocol_failure_rate,fraction,,planned_analysis_unit; Audit_mean_once; pool_resources_N_sum_except_wall,family,paramnet,1,[2204],3,3,0,3,3,3,0.0,0.0,0.0,3,3,0,1,1
qwen3.8-2.4t-a95b-fp8,expgym,tuning,cost_tight,single,1,protocol_failure_rate,fraction,,planned_analysis_unit; Audit_mean_once; pool_resources_N_sum_except_wall,family,paramnet,2,[2208],3,3,0,3,3,3,0.05555555555555555,0.05555555555555555,0.05555555555555555,3,3,0,1,1
qwen3.8-2.4t-a95b-fp8,expgym,tuning,cost_tight,single,1,protocol_failure_rate,fraction,,planned_analysis_unit; Audit_mean_once; pool_resources_N_sum_except_wall,task,hpobench:nasbench101:A,0,[2200],1,1,0,1,1,1,0.2,0.2,0.2,1,1,0,1,1
qwen3.8-2.4t-a95b-fp8,expgym,tuning,cost_tight,single,1,protocol_failure_rate,fraction,,planned_analysis_unit; Audit_mean_once; pool_resources_N_sum_except_wall,task,hpobench:nasbench101:A,1,[2204],1,1,0,1,1,1,0.0,0.0,0.0,1,1,0,1,1
qwen3.8-2.4t-a95b-fp8,expgym,tuning,cost_tight,single,1,protocol_failure_rate,fraction,,planned_analysis_unit; Audit_mean_once; pool_resources_N_sum_except_wall,task,hpobench:nasbench101:A,2,[2208],1,1,0,1,1,1,0.0,0.0,0.0,1,1,0,1,1
qwen3.8-2.4t-a95b-fp8,expgym,tuning,cost_tight,single,1,protocol_failure_rate,fraction,,planned_analysis_unit; Audit_mean_once; pool_resources_N_sum_except_wall,task,hpobench:nasbench101:B,0,[2200],1,1,0,1,1,1,0.0,0.0,0.0,1,1,0,1,1
qwen3.8-2.4t-a95b-fp8,expgym,tuning,cost_tight,single,1,protocol_failure_rate,fraction,,planned_analysis_unit; Audit_mean_once; pool_resources_N_sum_except_wall,task,hpobench:nasbench101:B,1,[2204],1,1,0,1,1,1,0.0,0.0,0.0,1,1,0,1,1
qwen3.8-2.4t-a95b-fp8,expgym,tuning,cost_tight,single,1,protocol_failure_rate,fraction,,planned_analysis_unit; Audit_mean_once; pool_resources_N_sum_except_wall,task,hpobench:nasbench101:B,2,[2208],1,1,0,1,1,1,0.0,0.0,0.0,1,1,0,1,1
qwen3.8-2.4t-a95b-fp8,expgym,tuning,cost_tight,single,1,protocol_failure_rate,fraction,,planned_analysis_unit; Audit_mean_once; pool_resources_N_sum_except_wall,task,hpobench:nasbench101:C,0,[2200],1,1,0,1,1,1,0.14285714285714285,0.14285714285714285,0.14285714285714285,1,1,0,1,1
qwen3.8-2.4t-a95b-fp8,expgym,tuning,cost_tight,single,1,protocol_failure_rate,fraction,,planned_analysis_unit; Audit_mean_once; pool_resources_N_sum_except_wall,task,hpobench:nasbench101:C,1,[2204],1,1,0,1,1,1,0.0,0.0,0.0,1,1,0,1,1
qwen3.8-2.4t-a95b-fp8,expgym,tuning,cost_tight,single,1,protocol_failure_rate,fraction,,planned_analysis_unit; Audit_mean_once; pool_resources_N_sum_except_wall,task,hpobench:nasbench101:C,2,[2208],1,1,0,1,1,1,0.0,0.0,0.0,1,1,0,1,1
qwen3.8-2.4t-a95b-fp8,expgym,tuning,cost_tight,single,1,protocol_failure_rate,fraction,,planned_analysis_unit; Audit_mean_once; pool_resources_N_sum_except_wall,task,hpobench:nasbench201:cifar10-valid,0,[2200],1,1,0,1,1,1,0.0,0.0,0.0,1,1,0,1,1
qwen3.8-2.4t-a95b-fp8,expgym,tuning,cost_tight,single,1,protocol_failure_rate,fraction,,planned_analysis_unit; Audit_mean_once; pool_resources_N_sum_except_wall,task,hpobench:nasbench201:cifar10-valid,1,[2204],1,1,0,1,1,1,0.0,0.0,0.0,1,1,0,1,1
qwen3.8-2.4t-a95b-fp8,expgym,tuning,cost_tight,single,1,protocol_failure_rate,fraction,,planned_analysis_unit; Audit_mean_once; pool_resources_N_sum_except_wall,task,hpobench:nasbench201:cifar10-valid,2,[2208],1,1,0,1,1,1,0.0,0.0,0.0,1,1,0,1,1
qwen3.8-2.4t-a95b-fp8,expgym,tuning,cost_tight,single,1,protocol_failure_rate,fraction,,planned_analysis_unit; Audit_mean_once; pool_resources_N_sum_except_wall,task,hpobench:nasbench201:cifar100,0,[2200],1,1,0,1,1,1,0.0,0.0,0.0,1,1,0,1,1
qwen3.8-2.4t-a95b-fp8,expgym,tuning,cost_tight,single,1,protocol_failure_rate,fraction,,planned_analysis_unit; Audit_mean_once; pool_resources_N_sum_except_wall,task,hpobench:nasbench201:cifar100,1,[2204],1,1,0,1,1,1,0.0,0.0,0.0,1,1,0,1,1
qwen3.8-2.4t-a95b-fp8,expgym,tuning,cost_tight,single,1,protocol_failure_rate,fraction,,planned_analysis_unit; Audit_mean_once; pool_resources_N_sum_except_wall,task,hpobench:nasbench201:cifar100,2,[2208],1,1,0,1,1,1,0.0,0.0,0.0,1,1,0,1,1
qwen3.8-2.4t-a95b-fp8,expgym,tuning,cost_tight,single,1,protocol_failure_rate,fraction,,planned_analysis_unit; Audit_mean_once; pool_resources_N_sum_except_wall,task,hpobench:nasbench201:imagenet16-120,0,[2200],1,1,0,1,1,1,0.0,0.0,0.0,1,1,0,1,1
qwen3.8-2.4t-a95b-fp8,expgym,tuning,cost_tight,single,1,protocol_failure_rate,fraction,,planned_analysis_unit; Audit_mean_once; pool_resources_N_sum_except_wall,task,hpobench:nasbench201:imagenet16-120,1,[2204],1,1,0,1,1,1,0.0,0.0,0.0,1,1,0,1,1
qwen3.8-2.4t-a95b-fp8,expgym,tuning,cost_tight,single,1,protocol_failure_rate,fraction,,planned_analysis_unit; Audit_mean_once; pool_resources_N_sum_except_wall,task,hpobench:nasbench201:imagenet16-120,2,[2208],1,1,0,1,1,1,0.0,0.0,0.0,1,1,0,1,1
qwen3.8-2.4t-a95b-fp8,expgym,tuning,cost_tight,single,1,protocol_failure_rate,fraction,,planned_analysis_unit; Audit_mean_once; pool_resources_N_sum_except_wall,task,hpobench:paramnet:adult:steps,0,[2200],1,1,0,1,1,1,0.0,0.0,0.0,1,1,0,1,1
qwen3.8-2.4t-a95b-fp8,expgym,tuning,cost_tight,single,1,protocol_failure_rate,fraction,,planned_analysis_unit; Audit_mean_once; pool_resources_N_sum_except_wall,task,hpobench:paramnet:adult:steps,1,[2204],1,1,0,1,1,1,0.0,0.0,0.0,1,1,0,1,1
qwen3.8-2.4t-a95b-fp8,expgym,tuning,cost_tight,single,1,protocol_failure_rate,fraction,,planned_analysis_unit; Audit_mean_once; pool_resources_N_sum_except_wall,task,hpobench:paramnet:adult:steps,2,[2208],1,1,0,1,1,1,0.0,0.0,0.0,1,1,0,1,1
qwen3.8-2.4t-a95b-fp8,expgym,tuning,cost_tight,single,1,protocol_failure_rate,fraction,,planned_analysis_unit; Audit_mean_once; pool_resources_N_sum_except_wall,task,hpobench:paramnet:higgs:steps,0,[2200],1,1,0,1,1,1,0.0,0.0,0.0,1,1,0,1,1
qwen3.8-2.4t-a95b-fp8,expgym,tuning,cost_tight,single,1,protocol_failure_rate,fraction,,planned_analysis_unit; Audit_mean_once; pool_resources_N_sum_except_wall,task,hpobench:paramnet:higgs:steps,1,[2204],1,1,0,1,1,1,0.0,0.0,0.0,1,1,0,1,1
qwen3.8-2.4t-a95b-fp8,expgym,tuning,cost_tight,single,1,protocol_failure_rate,fraction,,planned_analysis_unit; Audit_mean_once; pool_resources_N_sum_except_wall,task,hpobench:paramnet:higgs:steps,2,[2208],1,1,0,1,1,1,0.0,0.0,0.0,1,1,0,1,1
qwen3.8-2.4t-a95b-fp8,expgym,tuning,cost_tight,single,1,protocol_failure_rate,fraction,,planned_analysis_unit; Audit_mean_once; pool_resources_N_sum_except_wall,task,hpobench:paramnet:letter:steps,0,[2200],1,1,0,1,1,1,0.0,0.0,0.0,1,1,0,1,1
qwen3.8-2.4t-a95b-fp8,expgym,tuning,cost_tight,single,1,protocol_failure_rate,fraction,,planned_analysis_unit; Audit_mean_once; pool_resources_N_sum_except_wall,task,hpobench:paramnet:letter:steps,1,[2204],1,1,0,1,1,1,0.0,0.0,0.0,1,1,0,1,1
qwen3.8-2.4t-a95b-fp8,expgym,tuning,cost_tight,single,1,protocol_failure_rate,fraction,,planned_analysis_unit; Audit_mean_once; pool_resources_N_sum_except_wall,task,hpobench:paramnet:letter:steps,2,[2208],1,1,0,1,1,1,0.16666666666666666,0.16666666666666666,0.16666666666666666,1,1,0,1,1
qwen3.8-2.4t-a95b-fp8,expgym,tuning,cost_tight,single,1,raw_perf,fraction,True,planned_analysis_unit; Audit_mean_once; pool_resources_N_sum_except_wall,all,all,0,[2200],9,9,0,9,9,9,0.8139293068097708,0.8139293068097708,0.8139293068097708,9,9,0,1,1
qwen3.8-2.4t-a95b-fp8,expgym,tuning,cost_tight,single,1,raw_perf,fraction,True,planned_analysis_unit; Audit_mean_once; pool_resources_N_sum_except_wall,all,all,1,[2204],9,9,0,9,9,9,0.8008225077535178,0.8008225077535178,0.8008225077535178,9,9,0,1,1
qwen3.8-2.4t-a95b-fp8,expgym,tuning,cost_tight,single,1,raw_perf,fraction,True,planned_analysis_unit; Audit_mean_once; pool_resources_N_sum_except_wall,all,all,2,[2208],9,9,0,9,9,9,0.8055968939032789,0.8055968939032789,0.8055968939032789,9,9,0,1,1
qwen3.8-2.4t-a95b-fp8,expgym,tuning,cost_tight,single,1,raw_perf,fraction,True,planned_analysis_unit; Audit_mean_once; pool_resources_N_sum_except_wall,family,nasbench101,0,[2200],3,3,0,3,3,3,0.9287415477964612,0.9287415477964612,0.9287415477964612,3,3,0,1,1
qwen3.8-2.4t-a95b-fp8,expgym,tuning,cost_tight,single,1,raw_perf,fraction,True,planned_analysis_unit; Audit_mean_once; pool_resources_N_sum_except_wall,family,nasbench101,1,[2204],3,3,0,3,3,3,0.9092214173740811,0.9092214173740811,0.9092214173740811,3,3,0,1,1
qwen3.8-2.4t-a95b-fp8,expgym,tuning,cost_tight,single,1,raw_perf,fraction,True,planned_analysis_unit; Audit_mean_once; pool_resources_N_sum_except_wall,family,nasbench101,2,[2208],3,3,0,3,3,3,0.9043914675712585,0.9043914675712585,0.9043914675712585,3,3,0,1,1
qwen3.8-2.4t-a95b-fp8,expgym,tuning,cost_tight,single,1,raw_perf,fraction,True,planned_analysis_unit; Audit_mean_once; pool_resources_N_sum_except_wall,family,nasbench201,0,[2200],3,3,0,3,3,3,0.6788414814091435,0.6788414814091435,0.6788414814091435,3,3,0,1,1
qwen3.8-2.4t-a95b-fp8,expgym,tuning,cost_tight,single,1,raw_perf,fraction,True,planned_analysis_unit; Audit_mean_once; pool_resources_N_sum_except_wall,family,nasbench201,1,[2204],3,3,0,3,3,3,0.6812148147370515,0.6812148147370515,0.6812148147370515,3,3,0,1,1
qwen3.8-2.4t-a95b-fp8,expgym,tuning,cost_tight,single,1,raw_perf,fraction,True,planned_analysis_unit; Audit_mean_once; pool_resources_N_sum_except_wall,family,nasbench201,2,[2208],3,3,0,3,3,3,0.7047074072844328,0.7047074072844328,0.7047074072844328,3,3,0,1,1
qwen3.8-2.4t-a95b-fp8,expgym,tuning,cost_tight,single,1,raw_perf,fraction,True,planned_analysis_unit; Audit_mean_once; pool_resources_N_sum_except_wall,family,paramnet,0,[2200],3,3,0,3,3,3,0.8342048912237076,0.8342048912237076,0.8342048912237076,3,3,0,1,1
qwen3.8-2.4t-a95b-fp8,expgym,tuning,cost_tight,single,1,raw_perf,fraction,True,planned_analysis_unit; Audit_mean_once; pool_resources_N_sum_except_wall,family,paramnet,1,[2204],3,3,0,3,3,3,0.8120312911494206,0.8120312911494206,0.8120312911494206,3,3,0,1,1
qwen3.8-2.4t-a95b-fp8,expgym,tuning,cost_tight,single,1,raw_perf,fraction,True,planned_analysis_unit; Audit_mean_once; pool_resources_N_sum_except_wall,family,paramnet,2,[2208],3,3,0,3,3,3,0.8076918068541454,0.8076918068541454,0.8076918068541454,3,3,0,1,1
qwen3.8-2.4t-a95b-fp8,expgym,tuning,cost_tight,single,1,raw_perf,fraction,True,planned_analysis_unit; Audit_mean_once; pool_resources_N_sum_except_wall,task,hpobench:nasbench101:A,0,[2200],1,1,0,1,1,1,0.9285857478777567,0.9285857478777567,0.9285857478777567,1,1,0,1,1
qwen3.8-2.4t-a95b-fp8,expgym,tuning,cost_tight,single,1,raw_perf,fraction,True,planned_analysis_unit; Audit_mean_once; pool_resources_N_sum_except_wall,task,hpobench:nasbench101:A,1,[2204],1,1,0,1,1,1,0.845886747042338,0.845886747042338,0.845886747042338,1,1,0,1,1
qwen3.8-2.4t-a95b-fp8,expgym,tuning,cost_tight,single,1,raw_perf,fraction,True,planned_analysis_unit; Audit_mean_once; pool_resources_N_sum_except_wall,task,hpobench:nasbench101:A,2,[2208],1,1,0,1,1,1,0.845886747042338,0.845886747042338,0.845886747042338,1,1,0,1,1
qwen3.8-2.4t-a95b-fp8,expgym,tuning,cost_tight,single,1,raw_perf,fraction,True,planned_analysis_unit; Audit_mean_once; pool_resources_N_sum_except_wall,task,hpobench:nasbench101:B,0,[2200],1,1,0,1,1,1,0.9300213853518168,0.9300213853518168,0.9300213853518168,1,1,0,1,1
qwen3.8-2.4t-a95b-fp8,expgym,tuning,cost_tight,single,1,raw_perf,fraction,True,planned_analysis_unit; Audit_mean_once; pool_resources_N_sum_except_wall,task,hpobench:nasbench101:B,1,[2204],1,1,0,1,1,1,0.9407385190327963,0.9407385190327963,0.9407385190327963,1,1,0,1,1
qwen3.8-2.4t-a95b-fp8,expgym,tuning,cost_tight,single,1,raw_perf,fraction,True,planned_analysis_unit; Audit_mean_once; pool_resources_N_sum_except_wall,task,hpobench:nasbench101:B,2,[2208],1,1,0,1,1,1,0.9246460994084676,0.9246460994084676,0.9246460994084676,1,1,0,1,1
qwen3.8-2.4t-a95b-fp8,expgym,tuning,cost_tight,single,1,raw_perf,fraction,True,planned_analysis_unit; Audit_mean_once; pool_resources_N_sum_except_wall,task,hpobench:nasbench101:C,0,[2200],1,1,0,1,1,1,0.9276175101598104,0.9276175101598104,0.9276175101598104,1,1,0,1,1
qwen3.8-2.4t-a95b-fp8,expgym,tuning,cost_tight,single,1,raw_perf,fraction,True,planned_analysis_unit; Audit_mean_once; pool_resources_N_sum_except_wall,task,hpobench:nasbench101:C,1,[2204],1,1,0,1,1,1,0.941038986047109,0.941038986047109,0.941038986047109,1,1,0,1,1
qwen3.8-2.4t-a95b-fp8,expgym,tuning,cost_tight,single,1,raw_perf,fraction,True,planned_analysis_unit; Audit_mean_once; pool_resources_N_sum_except_wall,task,hpobench:nasbench101:C,2,[2208],1,1,0,1,1,1,0.94264155626297,0.94264155626297,0.94264155626297,1,1,0,1,1
qwen3.8-2.4t-a95b-fp8,expgym,tuning,cost_tight,single,1,raw_perf,fraction,True,planned_analysis_unit; Audit_mean_once; pool_resources_N_sum_except_wall,task,hpobench:nasbench201:cifar10-valid,0,[2200],1,1,0,1,1,1,0.9086799999186197,0.9086799999186197,0.9086799999186197,1,1,0,1,1
qwen3.8-2.4t-a95b-fp8,expgym,tuning,cost_tight,single,1,raw_perf,fraction,True,planned_analysis_unit; Audit_mean_once; pool_resources_N_sum_except_wall,task,hpobench:nasbench201:cifar10-valid,1,[2204],1,1,0,1,1,1,0.915533333235677,0.915533333235677,0.915533333235677,1,1,0,1,1
qwen3.8-2.4t-a95b-fp8,expgym,tuning,cost_tight,single,1,raw_perf,fraction,True,planned_analysis_unit; Audit_mean_once; pool_resources_N_sum_except_wall,task,hpobench:nasbench201:cifar10-valid,2,[2208],1,1,0,1,1,1,0.915533333235677,0.915533333235677,0.915533333235677,1,1,0,1,1
qwen3.8-2.4t-a95b-fp8,expgym,tuning,cost_tight,single,1,raw_perf,fraction,True,planned_analysis_unit; Audit_mean_once; pool_resources_N_sum_except_wall,task,hpobench:nasbench201:cifar100,0,[2200],1,1,0,1,1,1,0.7167333333333334,0.7167333333333334,0.7167333333333334,1,1,0,1,1
qwen3.8-2.4t-a95b-fp8,expgym,tuning,cost_tight,single,1,raw_perf,fraction,True,planned_analysis_unit; Audit_mean_once; pool_resources_N_sum_except_wall,task,hpobench:nasbench201:cifar100,1,[2204],1,1,0,1,1,1,0.7170000000000001,0.7170000000000001,0.7170000000000001,1,1,0,1,1
qwen3.8-2.4t-a95b-fp8,expgym,tuning,cost_tight,single,1,raw_perf,fraction,True,planned_analysis_unit; Audit_mean_once; pool_resources_N_sum_except_wall,task,hpobench:nasbench201:cifar100,2,[2208],1,1,0,1,1,1,0.7350333333333333,0.7350333333333333,0.7350333333333333,1,1,0,1,1
qwen3.8-2.4t-a95b-fp8,expgym,tuning,cost_tight,single,1,raw_perf,fraction,True,planned_analysis_unit; Audit_mean_once; pool_resources_N_sum_except_wall,task,hpobench:nasbench201:imagenet16-120,0,[2200],1,1,0,1,1,1,0.41111111097547737,0.41111111097547737,0.41111111097547737,1,1,0,1,1
qwen3.8-2.4t-a95b-fp8,expgym,tuning,cost_tight,single,1,raw_perf,fraction,True,planned_analysis_unit; Audit_mean_once; pool_resources_N_sum_except_wall,task,hpobench:nasbench201:imagenet16-120,1,[2204],1,1,0,1,1,1,0.41111111097547737,0.41111111097547737,0.41111111097547737,1,1,0,1,1
qwen3.8-2.4t-a95b-fp8,expgym,tuning,cost_tight,single,1,raw_perf,fraction,True,planned_analysis_unit; Audit_mean_once; pool_resources_N_sum_except_wall,task,hpobench:nasbench201:imagenet16-120,2,[2208],1,1,0,1,1,1,0.46355555528428827,0.46355555528428827,0.46355555528428827,1,1,0,1,1
qwen3.8-2.4t-a95b-fp8,expgym,tuning,cost_tight,single,1,raw_perf,fraction,True,planned_analysis_unit; Audit_mean_once; pool_resources_N_sum_except_wall,task,hpobench:paramnet:adult:steps,0,[2200],1,1,0,1,1,1,0.8422037010656462,0.8422037010656462,0.8422037010656462,1,1,0,1,1
qwen3.8-2.4t-a95b-fp8,expgym,tuning,cost_tight,single,1,raw_perf,fraction,True,planned_analysis_unit; Audit_mean_once; pool_resources_N_sum_except_wall,task,hpobench:paramnet:adult:steps,1,[2204],1,1,0,1,1,1,0.8422037010656462,0.8422037010656462,0.8422037010656462,1,1,0,1,1
qwen3.8-2.4t-a95b-fp8,expgym,tuning,cost_tight,single,1,raw_perf,fraction,True,planned_analysis_unit; Audit_mean_once; pool_resources_N_sum_except_wall,task,hpobench:paramnet:adult:steps,2,[2208],1,1,0,1,1,1,0.8482685183264591,0.8482685183264591,0.8482685183264591,1,1,0,1,1
qwen3.8-2.4t-a95b-fp8,expgym,tuning,cost_tight,single,1,raw_perf,fraction,True,planned_analysis_unit; Audit_mean_once; pool_resources_N_sum_except_wall,task,hpobench:paramnet:higgs:steps,0,[2200],1,1,0,1,1,1,0.7120618116601312,0.7120618116601312,0.7120618116601312,1,1,0,1,1
qwen3.8-2.4t-a95b-fp8,expgym,tuning,cost_tight,single,1,raw_perf,fraction,True,planned_analysis_unit; Audit_mean_once; pool_resources_N_sum_except_wall,task,hpobench:paramnet:higgs:steps,1,[2204],1,1,0,1,1,1,0.7095618134107426,0.7095618134107426,0.7095618134107426,1,1,0,1,1
qwen3.8-2.4t-a95b-fp8,expgym,tuning,cost_tight,single,1,raw_perf,fraction,True,planned_analysis_unit; Audit_mean_once; pool_resources_N_sum_except_wall,task,hpobench:paramnet:higgs:steps,2,[2208],1,1,0,1,1,1,0.6515821149829788,0.6515821149829788,0.6515821149829788,1,1,0,1,1
qwen3.8-2.4t-a95b-fp8,expgym,tuning,cost_tight,single,1,raw_perf,fraction,True,planned_analysis_unit; Audit_mean_once; pool_resources_N_sum_except_wall,task,hpobench:paramnet:letter:steps,0,[2200],1,1,0,1,1,1,0.9483491609453454,0.9483491609453454,0.9483491609453454,1,1,0,1,1
qwen3.8-2.4t-a95b-fp8,expgym,tuning,cost_tight,single,1,raw_perf,fraction,True,planned_analysis_unit; Audit_mean_once; pool_resources_N_sum_except_wall,task,hpobench:paramnet:letter:steps,1,[2204],1,1,0,1,1,1,0.8843283589718731,0.8843283589718731,0.8843283589718731,1,1,0,1,1
qwen3.8-2.4t-a95b-fp8,expgym,tuning,cost_tight,single,1,raw_perf,fraction,True,planned_analysis_unit; Audit_mean_once; pool_resources_N_sum_except_wall,task,hpobench:paramnet:letter:steps,2,[2208],1,1,0,1,1,1,0.9232247872529985,0.9232247872529985,0.9232247872529985,1,1,0,1,1
qwen3.8-2.4t-a95b-fp8,expgym,tuning,cost_tight,single,1,wall_time_seconds,seconds,,planned_analysis_unit; Audit_mean_once; pool_resources_N_sum_except_wall,all,all,0,[2200],9,9,0,9,9,9,270.62152499622766,270.62152499622766,270.62152499622766,9,9,0,1,1
qwen3.8-2.4t-a95b-fp8,expgym,tuning,cost_tight,single,1,wall_time_seconds,seconds,,planned_analysis_unit; Audit_mean_once; pool_resources_N_sum_except_wall,all,all,1,[2204],9,9,0,9,9,9,214.5065793991089,214.5065793991089,214.5065793991089,9,9,0,1,1
qwen3.8-2.4t-a95b-fp8,expgym,tuning,cost_tight,single,1,wall_time_seconds,seconds,,planned_analysis_unit; Audit_mean_once; pool_resources_N_sum_except_wall,all,all,2,[2208],9,9,0,9,9,9,196.15284490585327,196.15284490585327,196.15284490585327,9,9,0,1,1
qwen3.8-2.4t-a95b-fp8,expgym,tuning,cost_tight,single,1,wall_time_seconds,seconds,,planned_analysis_unit; Audit_mean_once; pool_resources_N_sum_except_wall,family,nasbench101,0,[2200],3,3,0,3,3,3,462.81040628751117,462.81040628751117,462.81040628751117,3,3,0,1,1
qwen3.8-2.4t-a95b-fp8,expgym,tuning,cost_tight,single,1,wall_time_seconds,seconds,,planned_analysis_unit; Audit_mean_once; pool_resources_N_sum_except_wall,family,nasbench101,1,[2204],3,3,0,3,3,3,397.7774745623271,397.7774745623271,397.7774745623271,3,3,0,1,1
qwen3.8-2.4t-a95b-fp8,expgym,tuning,cost_tight,single,1,wall_time_seconds,seconds,,planned_analysis_unit; Audit_mean_once; pool_resources_N_sum_except_wall,family,nasbench101,2,[2208],3,3,0,3,3,3,459.9810905456543,459.9810905456543,459.9810905456543,3,3,0,1,1
qwen3.8-2.4t-a95b-fp8,expgym,tuning,cost_tight,single,1,wall_time_seconds,seconds,,planned_analysis_unit; Audit_mean_once; pool_resources_N_sum_except_wall,family,nasbench201,0,[2200],3,3,0,3,3,3,278.33268372217816,278.33268372217816,278.33268372217816,3,3,0,1,1
qwen3.8-2.4t-a95b-fp8,expgym,tuning,cost_tight,single,1,wall_time_seconds,seconds,,planned_analysis_unit; Audit_mean_once; pool_resources_N_sum_except_wall,family,nasbench201,1,[2204],3,3,0,3,3,3,168.52467568715414,168.52467568715414,168.52467568715414,3,3,0,1,1
qwen3.8-2.4t-a95b-fp8,expgym,tuning,cost_tight,single,1,wall_time_seconds,seconds,,planned_analysis_unit; Audit_mean_once; pool_resources_N_sum_except_wall,family,nasbench201,2,[2208],3,3,0,3,3,3,68.29961641629536,68.29961641629536,68.29961641629536,3,3,0,1,1
qwen3.8-2.4t-a95b-fp8,expgym,tuning,cost_tight,single,1,wall_time_seconds,seconds,,planned_analysis_unit; Audit_mean_once; pool_resources_N_sum_except_wall,family,paramnet,0,[2200],3,3,0,3,3,3,70.72148497899373,70.72148497899373,70.72148497899373,3,3,0,1,1
qwen3.8-2.4t-a95b-fp8,expgym,tuning,cost_tight,single,1,wall_time_seconds,seconds,,planned_analysis_unit; Audit_mean_once; pool_resources_N_sum_except_wall,family,paramnet,1,[2204],3,3,0,3,3,3,77.21758794784546,77.21758794784546,77.21758794784546,3,3,0,1,1
qwen3.8-2.4t-a95b-fp8,expgym,tuning,cost_tight,single,1,wall_time_seconds,seconds,,planned_analysis_unit; Audit_mean_once; pool_resources_N_sum_except_wall,family,paramnet,2,[2208],3,3,0,3,3,3,60.177827755610146,60.177827755610146,60.177827755610146,3,3,0,1,1
qwen3.8-2.4t-a95b-fp8,expgym,tuning,cost_tight,single,1,wall_time_seconds,seconds,,planned_analysis_unit; Audit_mean_once; pool_resources_N_sum_except_wall,task,hpobench:nasbench101:A,0,[2200],1,1,0,1,1,1,578.43723320961,578.43723320961,578.43723320961,1,1,0,1,1
qwen3.8-2.4t-a95b-fp8,expgym,tuning,cost_tight,single,1,wall_time_seconds,seconds,,planned_analysis_unit; Audit_mean_once; pool_resources_N_sum_except_wall,task,hpobench:nasbench101:A,1,[2204],1,1,0,1,1,1,112.98184609413147,112.98184609413147,112.98184609413147,1,1,0,1,1
qwen3.8-2.4t-a95b-fp8,expgym,tuning,cost_tight,single,1,wall_time_seconds,seconds,,planned_analysis_unit; Audit_mean_once; pool_resources_N_sum_except_wall,task,hpobench:nasbench101:A,2,[2208],1,1,0,1,1,1,259.7237102985382,259.7237102985382,259.7237102985382,1,1,0,1,1
qwen3.8-2.4t-a95b-fp8,expgym,tuning,cost_tight,single,1,wall_time_seconds,seconds,,planned_analysis_unit; Audit_mean_once; pool_resources_N_sum_except_wall,task,hpobench:nasbench101:B,0,[2200],1,1,0,1,1,1,141.1601390838623,141.1601390838623,141.1601390838623,1,1,0,1,1
qwen3.8-2.4t-a95b-fp8,expgym,tuning,cost_tight,single,1,wall_time_seconds,seconds,,planned_analysis_unit; Audit_mean_once; pool_resources_N_sum_except_wall,task,hpobench:nasbench101:B,1,[2204],1,1,0,1,1,1,364.4372100830078,364.4372100830078,364.4372100830078,1,1,0,1,1
qwen3.8-2.4t-a95b-fp8,expgym,tuning,cost_tight,single,1,wall_time_seconds,seconds,,planned_analysis_unit; Audit_mean_once; pool_resources_N_sum_except_wall,task,hpobench:nasbench101:B,2,[2208],1,1,0,1,1,1,605.071320772171,605.071320772171,605.071320772171,1,1,0,1,1
qwen3.8-2.4t-a95b-fp8,expgym,tuning,cost_tight,single,1,wall_time_seconds,seconds,,planned_analysis_unit; Audit_mean_once; pool_resources_N_sum_except_wall,task,hpobench:nasbench101:C,0,[2200],1,1,0,1,1,1,668.8338465690613,668.8338465690613,668.8338465690613,1,1,0,1,1
qwen3.8-2.4t-a95b-fp8,expgym,tuning,cost_tight,single,1,wall_time_seconds,seconds,,planned_analysis_unit; Audit_mean_once; pool_resources_N_sum_except_wall,task,hpobench:nasbench101:C,1,[2204],1,1,0,1,1,1,715.9133675098419,715.9133675098419,715.9133675098419,1,1,0,1,1
qwen3.8-2.4t-a95b-fp8,expgym,tuning,cost_tight,single,1,wall_time_seconds,seconds,,planned_analysis_unit; Audit_mean_once; pool_resources_N_sum_except_wall,task,hpobench:nasbench101:C,2,[2208],1,1,0,1,1,1,515.1482405662537,515.1482405662537,515.1482405662537,1,1,0,1,1
qwen3.8-2.4t-a95b-fp8,expgym,tuning,cost_tight,single,1,wall_time_seconds,seconds,,planned_analysis_unit; Audit_mean_once; pool_resources_N_sum_except_wall,task,hpobench:nasbench201:cifar10-valid,0,[2200],1,1,0,1,1,1,137.712064743042,137.712064743042,137.712064743042,1,1,0,1,1
qwen3.8-2.4t-a95b-fp8,expgym,tuning,cost_tight,single,1,wall_time_seconds,seconds,,planned_analysis_unit; Audit_mean_once; pool_resources_N_sum_except_wall,task,hpobench:nasbench201:cifar10-valid,1,[2204],1,1,0,1,1,1,175.64044666290283,175.64044666290283,175.64044666290283,1,1,0,1,1
qwen3.8-2.4t-a95b-fp8,expgym,tuning,cost_tight,single,1,wall_time_seconds,seconds,,planned_analysis_unit; Audit_mean_once; pool_resources_N_sum_except_wall,task,hpobench:nasbench201:cifar10-valid,2,[2208],1,1,0,1,1,1,71.93187260627747,71.93187260627747,71.93187260627747,1,1,0,1,1
qwen3.8-2.4t-a95b-fp8,expgym,tuning,cost_tight,single,1,wall_time_seconds,seconds,,planned_analysis_unit; Audit_mean_once; pool_resources_N_sum_except_wall,task,hpobench:nasbench201:cifar100,0,[2200],1,1,0,1,1,1,93.14036083221436,93.14036083221436,93.14036083221436,1,1,0,1,1
qwen3.8-2.4t-a95b-fp8,expgym,tuning,cost_tight,single,1,wall_time_seconds,seconds,,planned_analysis_unit; Audit_mean_once; pool_resources_N_sum_except_wall,task,hpobench:nasbench201:cifar100,1,[2204],1,1,0,1,1,1,74.85774660110474,74.85774660110474,74.85774660110474,1,1,0,1,1
qwen3.8-2.4t-a95b-fp8,expgym,tuning,cost_tight,single,1,wall_time_seconds,seconds,,planned_analysis_unit; Audit_mean_once; pool_resources_N_sum_except_wall,task,hpobench:nasbench201:cifar100,2,[2208],1,1,0,1,1,1,66.16955184936523,66.16955184936523,66.16955184936523,1,1,0,1,1
qwen3.8-2.4t-a95b-fp8,expgym,tuning,cost_tight,single,1,wall_time_seconds,seconds,,planned_analysis_unit; Audit_mean_once; pool_resources_N_sum_except_wall,task,hpobench:nasbench201:imagenet16-120,0,[2200],1,1,0,1,1,1,604.1456255912781,604.1456255912781,604.1456255912781,1,1,0,1,1
qwen3.8-2.4t-a95b-fp8,expgym,tuning,cost_tight,single,1,wall_time_seconds,seconds,,planned_analysis_unit; Audit_mean_once; pool_resources_N_sum_except_wall,task,hpobench:nasbench201:imagenet16-120,1,[2204],1,1,0,1,1,1,255.07583379745483,255.07583379745483,255.07583379745483,1,1,0,1,1
qwen3.8-2.4t-a95b-fp8,expgym,tuning,cost_tight,single,1,wall_time_seconds,seconds,,planned_analysis_unit; Audit_mean_once; pool_resources_N_sum_except_wall,task,hpobench:nasbench201:imagenet16-120,2,[2208],1,1,0,1,1,1,66.79742479324341,66.79742479324341,66.79742479324341,1,1,0,1,1
qwen3.8-2.4t-a95b-fp8,expgym,tuning,cost_tight,single,1,wall_time_seconds,seconds,,planned_analysis_unit; Audit_mean_once; pool_resources_N_sum_except_wall,task,hpobench:paramnet:adult:steps,0,[2200],1,1,0,1,1,1,24.341452598571777,24.341452598571777,24.341452598571777,1,1,0,1,1
qwen3.8-2.4t-a95b-fp8,expgym,tuning,cost_tight,single,1,wall_time_seconds,seconds,,planned_analysis_unit; Audit_mean_once; pool_resources_N_sum_except_wall,task,hpobench:paramnet:adult:steps,1,[2204],1,1,0,1,1,1,113.80356216430664,113.80356216430664,113.80356216430664,1,1,0,1,1
qwen3.8-2.4t-a95b-fp8,expgym,tuning,cost_tight,single,1,wall_time_seconds,seconds,,planned_analysis_unit; Audit_mean_once; pool_resources_N_sum_except_wall,task,hpobench:paramnet:adult:steps,2,[2208],1,1,0,1,1,1,105.23869729042053,105.23869729042053,105.23869729042053,1,1,0,1,1
qwen3.8-2.4t-a95b-fp8,expgym,tuning,cost_tight,single,1,wall_time_seconds,seconds,,planned_analysis_unit; Audit_mean_once; pool_resources_N_sum_except_wall,task,hpobench:paramnet:higgs:steps,0,[2200],1,1,0,1,1,1,111.21920251846313,111.21920251846313,111.21920251846313,1,1,0,1,1
qwen3.8-2.4t-a95b-fp8,expgym,tuning,cost_tight,single,1,wall_time_seconds,seconds,,planned_analysis_unit; Audit_mean_once; pool_resources_N_sum_except_wall,task,hpobench:paramnet:higgs:steps,1,[2204],1,1,0,1,1,1,25.38071346282959,25.38071346282959,25.38071346282959,1,1,0,1,1
qwen3.8-2.4t-a95b-fp8,expgym,tuning,cost_tight,single,1,wall_time_seconds,seconds,,planned_analysis_unit; Audit_mean_once; pool_resources_N_sum_except_wall,task,hpobench:paramnet:higgs:steps,2,[2208],1,1,0,1,1,1,22.378710746765137,22.378710746765137,22.378710746765137,1,1,0,1,1
qwen3.8-2.4t-a95b-fp8,expgym,tuning,cost_tight,single,1,wall_time_seconds,seconds,,planned_analysis_unit; Audit_mean_once; pool_resources_N_sum_except_wall,task,hpobench:paramnet:letter:steps,0,[2200],1,1,0,1,1,1,76.60379981994629,76.60379981994629,76.60379981994629,1,1,0,1,1
qwen3.8-2.4t-a95b-fp8,expgym,tuning,cost_tight,single,1,wall_time_seconds,seconds,,planned_analysis_unit; Audit_mean_once; pool_resources_N_sum_except_wall,task,hpobench:paramnet:letter:steps,1,[2204],1,1,0,1,1,1,92.46848821640015,92.46848821640015,92.46848821640015,1,1,0,1,1
qwen3.8-2.4t-a95b-fp8,expgym,tuning,cost_tight,single,1,wall_time_seconds,seconds,,planned_analysis_unit; Audit_mean_once; pool_resources_N_sum_except_wall,task,hpobench:paramnet:letter:steps,2,[2208],1,1,0,1,1,1,52.916075229644775,52.916075229644775,52.916075229644775,1,1,0,1,1
qwen3.8-2.4t-a95b-fp8,poolact,evidence_audit,cost_moderate,cached,4,budget_utilization,fraction,,planned_analysis_unit; Audit_mean_once; pool_resources_N_sum_except_wall,all,all,0,[2200],13,13,0,13,13,13,0.9920366002378675,0.9920366002378675,0.9920366002378675,13,13,0,1,1
qwen3.8-2.4t-a95b-fp8,poolact,evidence_audit,cost_moderate,cached,4,budget_utilization,fraction,,planned_analysis_unit; Audit_mean_once; pool_resources_N_sum_except_wall,family,evidence_audit,0,[2200],13,13,0,13,13,13,0.9920366002378675,0.9920366002378675,0.9920366002378675,13,13,0,1,1
qwen3.8-2.4t-a95b-fp8,poolact,evidence_audit,cost_moderate,cached,4,duplicate_action_attempts,count,,planned_analysis_unit; Audit_mean_once; pool_resources_N_sum_except_wall,all,all,0,[2200],13,13,0,13,13,13,22.846153846153847,22.846153846153847,22.846153846153847,13,13,0,1,1
qwen3.8-2.4t-a95b-fp8,poolact,evidence_audit,cost_moderate,cached,4,duplicate_action_attempts,count,,planned_analysis_unit; Audit_mean_once; pool_resources_N_sum_except_wall,family,evidence_audit,0,[2200],13,13,0,13,13,13,22.846153846153847,22.846153846153847,22.846153846153847,13,13,0,1,1
qwen3.8-2.4t-a95b-fp8,poolact,evidence_audit,cost_moderate,cached,4,evidence_acc_mi,fraction,True,planned_analysis_unit; Audit_mean_once; pool_resources_N_sum_except_wall,all,all,0,[2200],13,13,0,13,13,13,0.7126696832579186,0.7126696832579186,0.7126696832579186,13,13,0,1,1
qwen3.8-2.4t-a95b-fp8,poolact,evidence_audit,cost_moderate,cached,4,evidence_acc_mi,fraction,True,planned_analysis_unit; Audit_mean_once; pool_resources_N_sum_except_wall,family,evidence_audit,0,[2200],13,13,0,13,13,13,0.7126696832579186,0.7126696832579186,0.7126696832579186,13,13,0,1,1
qwen3.8-2.4t-a95b-fp8,poolact,evidence_audit,cost_moderate,cached,4,evidence_acc_mv,fraction,True,planned_analysis_unit; Audit_mean_once; pool_resources_N_sum_except_wall,all,all,0,[2200],13,13,0,13,13,13,0.7466063348416289,0.7466063348416289,0.7466063348416289,13,13,0,1,1
qwen3.8-2.4t-a95b-fp8,poolact,evidence_audit,cost_moderate,cached,4,evidence_acc_mv,fraction,True,planned_analysis_unit; Audit_mean_once; pool_resources_N_sum_except_wall,family,evidence_audit,0,[2200],13,13,0,13,13,13,0.7466063348416289,0.7466063348416289,0.7466063348416289,13,13,0,1,1
qwen3.8-2.4t-a95b-fp8,poolact,evidence_audit,cost_moderate,cached,4,feedback_attempts,count,,planned_analysis_unit; Audit_mean_once; pool_resources_N_sum_except_wall,all,all,0,[2200],13,13,0,13,13,13,44.38461538461539,44.38461538461539,44.38461538461539,13,13,0,1,1
qwen3.8-2.4t-a95b-fp8,poolact,evidence_audit,cost_moderate,cached,4,feedback_attempts,count,,planned_analysis_unit; Audit_mean_once; pool_resources_N_sum_except_wall,family,evidence_audit,0,[2200],13,13,0,13,13,13,44.38461538461539,44.38461538461539,44.38461538461539,13,13,0,1,1
qwen3.8-2.4t-a95b-fp8,poolact,evidence_audit,cost_moderate,cached,4,feedback_cost_seconds,seconds,,planned_analysis_unit; Audit_mean_once; pool_resources_N_sum_except_wall,all,all,0,[2200],13,13,0,13,13,13,11904.43920285441,11904.43920285441,11904.43920285441,13,13,0,1,1
qwen3.8-2.4t-a95b-fp8,poolact,evidence_audit,cost_moderate,cached,4,feedback_cost_seconds,seconds,,planned_analysis_unit; Audit_mean_once; pool_resources_N_sum_except_wall,family,evidence_audit,0,[2200],13,13,0,13,13,13,11904.43920285441,11904.43920285441,11904.43920285441,13,13,0,1,1
qwen3.8-2.4t-a95b-fp8,poolact,evidence_audit,cost_moderate,cached,4,feedback_visible,count,,planned_analysis_unit; Audit_mean_once; pool_resources_N_sum_except_wall,all,all,0,[2200],13,0,13,13,0,0,,,,13,0,13,1,1
qwen3.8-2.4t-a95b-fp8,poolact,evidence_audit,cost_moderate,cached,4,feedback_visible,count,,planned_analysis_unit; Audit_mean_once; pool_resources_N_sum_except_wall,family,evidence_audit,0,[2200],13,0,13,13,0,0,,,,13,0,13,1,1
qwen3.8-2.4t-a95b-fp8,poolact,evidence_audit,cost_moderate,cached,4,input_tokens,tokens,,planned_analysis_unit; Audit_mean_once; pool_resources_N_sum_except_wall,all,all,0,[2200],13,13,0,13,13,13,432017.76923076925,432017.76923076925,432017.76923076925,13,13,0,1,1
qwen3.8-2.4t-a95b-fp8,poolact,evidence_audit,cost_moderate,cached,4,input_tokens,tokens,,planned_analysis_unit; Audit_mean_once; pool_resources_N_sum_except_wall,family,evidence_audit,0,[2200],13,13,0,13,13,13,432017.76923076925,432017.76923076925,432017.76923076925,13,13,0,1,1
qwen3.8-2.4t-a95b-fp8,poolact,evidence_audit,cost_moderate,cached,4,label_acc_mi,fraction,True,planned_analysis_unit; Audit_mean_once; pool_resources_N_sum_except_wall,all,all,0,[2200],13,13,0,13,13,13,0.8914027149321266,0.8914027149321266,0.8914027149321266,13,13,0,1,1
qwen3.8-2.4t-a95b-fp8,poolact,evidence_audit,cost_moderate,cached,4,label_acc_mi,fraction,True,planned_analysis_unit; Audit_mean_once; pool_resources_N_sum_except_wall,family,evidence_audit,0,[2200],13,13,0,13,13,13,0.8914027149321266,0.8914027149321266,0.8914027149321266,13,13,0,1,1
qwen3.8-2.4t-a95b-fp8,poolact,evidence_audit,cost_moderate,cached,4,label_acc_mv,fraction,True,planned_analysis_unit; Audit_mean_once; pool_resources_N_sum_except_wall,all,all,0,[2200],13,13,0,13,13,13,0.8914027149321266,0.8914027149321266,0.8914027149321266,13,13,0,1,1
qwen3.8-2.4t-a95b-fp8,poolact,evidence_audit,cost_moderate,cached,4,label_acc_mv,fraction,True,planned_analysis_unit; Audit_mean_once; pool_resources_N_sum_except_wall,family,evidence_audit,0,[2200],13,13,0,13,13,13,0.8914027149321266,0.8914027149321266,0.8914027149321266,13,13,0,1,1
qwen3.8-2.4t-a95b-fp8,poolact,evidence_audit,cost_moderate,cached,4,output_tokens,tokens,,planned_analysis_unit; Audit_mean_once; pool_resources_N_sum_except_wall,all,all,0,[2200],13,13,0,13,13,13,45707.307692307695,45707.307692307695,45707.307692307695,13,13,0,1,1
qwen3.8-2.4t-a95b-fp8,poolact,evidence_audit,cost_moderate,cached,4,output_tokens,tokens,,planned_analysis_unit; Audit_mean_once; pool_resources_N_sum_except_wall,family,evidence_audit,0,[2200],13,13,0,13,13,13,45707.307692307695,45707.307692307695,45707.307692307695,13,13,0,1,1
qwen3.8-2.4t-a95b-fp8,poolact,evidence_audit,cost_moderate,cached,4,protocol_failure_rate,fraction,,planned_analysis_unit; Audit_mean_once; pool_resources_N_sum_except_wall,all,all,0,[2200],13,13,0,13,13,13,0.004586449964601225,0.004586449964601225,0.004586449964601225,13,13,0,1,1
qwen3.8-2.4t-a95b-fp8,poolact,evidence_audit,cost_moderate,cached,4,protocol_failure_rate,fraction,,planned_analysis_unit; Audit_mean_once; pool_resources_N_sum_except_wall,family,evidence_audit,0,[2200],13,13,0,13,13,13,0.004586449964601225,0.004586449964601225,0.004586449964601225,13,13,0,1,1
qwen3.8-2.4t-a95b-fp8,poolact,evidence_audit,cost_moderate,cached,4,wall_time_seconds,seconds,,planned_analysis_unit; Audit_mean_once; pool_resources_N_sum_except_wall,all,all,0,[2200],13,0,13,13,0,0,,,,13,0,13,1,1
qwen3.8-2.4t-a95b-fp8,poolact,evidence_audit,cost_moderate,cached,4,wall_time_seconds,seconds,,planned_analysis_unit; Audit_mean_once; pool_resources_N_sum_except_wall,family,evidence_audit,0,[2200],13,0,13,13,0,0,,,,13,0,13,1,1
qwen3.8-2.4t-a95b-fp8,poolact,evidence_audit,cost_moderate,naive,4,budget_utilization,fraction,,planned_analysis_unit; Audit_mean_once; pool_resources_N_sum_except_wall,all,all,0,[2200],13,13,0,13,13,13,0.991053615651774,0.991053615651774,0.991053615651774,13,13,0,1,1
qwen3.8-2.4t-a95b-fp8,poolact,evidence_audit,cost_moderate,naive,4,budget_utilization,fraction,,planned_analysis_unit; Audit_mean_once; pool_resources_N_sum_except_wall,family,evidence_audit,0,[2200],13,13,0,13,13,13,0.991053615651774,0.991053615651774,0.991053615651774,13,13,0,1,1
qwen3.8-2.4t-a95b-fp8,poolact,evidence_audit,cost_moderate,naive,4,duplicate_action_attempts,count,,planned_analysis_unit; Audit_mean_once; pool_resources_N_sum_except_wall,all,all,0,[2200],13,13,0,13,13,13,19.23076923076923,19.23076923076923,19.23076923076923,13,13,0,1,1
qwen3.8-2.4t-a95b-fp8,poolact,evidence_audit,cost_moderate,naive,4,duplicate_action_attempts,count,,planned_analysis_unit; Audit_mean_once; pool_resources_N_sum_except_wall,family,evidence_audit,0,[2200],13,13,0,13,13,13,19.23076923076923,19.23076923076923,19.23076923076923,13,13,0,1,1
qwen3.8-2.4t-a95b-fp8,poolact,evidence_audit,cost_moderate,naive,4,evidence_acc_mi,fraction,True,planned_analysis_unit; Audit_mean_once; pool_resources_N_sum_except_wall,all,all,0,[2200],13,13,0,13,13,13,0.6764705882352942,0.6764705882352942,0.6764705882352942,13,13,0,1,1
qwen3.8-2.4t-a95b-fp8,poolact,evidence_audit,cost_moderate,naive,4,evidence_acc_mi,fraction,True,planned_analysis_unit; Audit_mean_once; pool_resources_N_sum_except_wall,family,evidence_audit,0,[2200],13,13,0,13,13,13,0.6764705882352942,0.6764705882352942,0.6764705882352942,13,13,0,1,1
qwen3.8-2.4t-a95b-fp8,poolact,evidence_audit,cost_moderate,naive,4,evidence_acc_mv,fraction,True,planned_analysis_unit; Audit_mean_once; pool_resources_N_sum_except_wall,all,all,0,[2200],13,13,0,13,13,13,0.6877828054298643,0.6877828054298643,0.6877828054298643,13,13,0,1,1
qwen3.8-2.4t-a95b-fp8,poolact,evidence_audit,cost_moderate,naive,4,evidence_acc_mv,fraction,True,planned_analysis_unit; Audit_mean_once; pool_resources_N_sum_except_wall,family,evidence_audit,0,[2200],13,13,0,13,13,13,0.6877828054298643,0.6877828054298643,0.6877828054298643,13,13,0,1,1
qwen3.8-2.4t-a95b-fp8,poolact,evidence_audit,cost_moderate,naive,4,feedback_attempts,count,,planned_analysis_unit; Audit_mean_once; pool_resources_N_sum_except_wall,all,all,0,[2200],13,13,0,13,13,13,39.46153846153846,39.46153846153846,39.46153846153846,13,13,0,1,1
qwen3.8-2.4t-a95b-fp8,poolact,evidence_audit,cost_moderate,naive,4,feedback_attempts,count,,planned_analysis_unit; Audit_mean_once; pool_resources_N_sum_except_wall,family,evidence_audit,0,[2200],13,13,0,13,13,13,39.46153846153846,39.46153846153846,39.46153846153846,13,13,0,1,1
qwen3.8-2.4t-a95b-fp8,poolact,evidence_audit,cost_moderate,naive,4,feedback_cost_seconds,seconds,,planned_analysis_unit; Audit_mean_once; pool_resources_N_sum_except_wall,all,all,0,[2200],13,13,0,13,13,13,11892.643387821288,11892.643387821288,11892.643387821288,13,13,0,1,1
qwen3.8-2.4t-a95b-fp8,poolact,evidence_audit,cost_moderate,naive,4,feedback_cost_seconds,seconds,,planned_analysis_unit; Audit_mean_once; pool_resources_N_sum_except_wall,family,evidence_audit,0,[2200],13,13,0,13,13,13,11892.643387821288,11892.643387821288,11892.643387821288,13,13,0,1,1
qwen3.8-2.4t-a95b-fp8,poolact,evidence_audit,cost_moderate,naive,4,feedback_visible,count,,planned_analysis_unit; Audit_mean_once; pool_resources_N_sum_except_wall,all,all,0,[2200],13,0,13,13,0,0,,,,13,0,13,1,1
qwen3.8-2.4t-a95b-fp8,poolact,evidence_audit,cost_moderate,naive,4,feedback_visible,count,,planned_analysis_unit; Audit_mean_once; pool_resources_N_sum_except_wall,family,evidence_audit,0,[2200],13,0,13,13,0,0,,,,13,0,13,1,1
qwen3.8-2.4t-a95b-fp8,poolact,evidence_audit,cost_moderate,naive,4,input_tokens,tokens,,planned_analysis_unit; Audit_mean_once; pool_resources_N_sum_except_wall,all,all,0,[2200],13,13,0,13,13,13,367328.3076923077,367328.3076923077,367328.3076923077,13,13,0,1,1
qwen3.8-2.4t-a95b-fp8,poolact,evidence_audit,cost_moderate,naive,4,input_tokens,tokens,,planned_analysis_unit; Audit_mean_once; pool_resources_N_sum_except_wall,family,evidence_audit,0,[2200],13,13,0,13,13,13,367328.3076923077,367328.3076923077,367328.3076923077,13,13,0,1,1
qwen3.8-2.4t-a95b-fp8,poolact,evidence_audit,cost_moderate,naive,4,label_acc_mi,fraction,True,planned_analysis_unit; Audit_mean_once; pool_resources_N_sum_except_wall,all,all,0,[2200],13,13,0,13,13,13,0.8902714932126697,0.8902714932126697,0.8902714932126697,13,13,0,1,1
qwen3.8-2.4t-a95b-fp8,poolact,evidence_audit,cost_moderate,naive,4,label_acc_mi,fraction,True,planned_analysis_unit; Audit_mean_once; pool_resources_N_sum_except_wall,family,evidence_audit,0,[2200],13,13,0,13,13,13,0.8902714932126697,0.8902714932126697,0.8902714932126697,13,13,0,1,1
qwen3.8-2.4t-a95b-fp8,poolact,evidence_audit,cost_moderate,naive,4,label_acc_mv,fraction,True,planned_analysis_unit; Audit_mean_once; pool_resources_N_sum_except_wall,all,all,0,[2200],13,13,0,13,13,13,0.9004524886877827,0.9004524886877827,0.9004524886877827,13,13,0,1,1
qwen3.8-2.4t-a95b-fp8,poolact,evidence_audit,cost_moderate,naive,4,label_acc_mv,fraction,True,planned_analysis_unit; Audit_mean_once; pool_resources_N_sum_except_wall,family,evidence_audit,0,[2200],13,13,0,13,13,13,0.9004524886877827,0.9004524886877827,0.9004524886877827,13,13,0,1,1
qwen3.8-2.4t-a95b-fp8,poolact,evidence_audit,cost_moderate,naive,4,output_tokens,tokens,,planned_analysis_unit; Audit_mean_once; pool_resources_N_sum_except_wall,all,all,0,[2200],13,13,0,13,13,13,44462.92307692308,44462.92307692308,44462.92307692308,13,13,0,1,1
qwen3.8-2.4t-a95b-fp8,poolact,evidence_audit,cost_moderate,naive,4,output_tokens,tokens,,planned_analysis_unit; Audit_mean_once; pool_resources_N_sum_except_wall,family,evidence_audit,0,[2200],13,13,0,13,13,13,44462.92307692308,44462.92307692308,44462.92307692308,13,13,0,1,1
qwen3.8-2.4t-a95b-fp8,poolact,evidence_audit,cost_moderate,naive,4,protocol_failure_rate,fraction,,planned_analysis_unit; Audit_mean_once; pool_resources_N_sum_except_wall,all,all,0,[2200],13,13,0,13,13,13,0.008589354696533665,0.008589354696533665,0.008589354696533665,13,13,0,1,1
qwen3.8-2.4t-a95b-fp8,poolact,evidence_audit,cost_moderate,naive,4,protocol_failure_rate,fraction,,planned_analysis_unit; Audit_mean_once; pool_resources_N_sum_except_wall,family,evidence_audit,0,[2200],13,13,0,13,13,13,0.008589354696533665,0.008589354696533665,0.008589354696533665,13,13,0,1,1
qwen3.8-2.4t-a95b-fp8,poolact,evidence_audit,cost_moderate,naive,4,wall_time_seconds,seconds,,planned_analysis_unit; Audit_mean_once; pool_resources_N_sum_except_wall,all,all,0,[2200],13,0,13,13,0,0,,,,13,0,13,1,1
qwen3.8-2.4t-a95b-fp8,poolact,evidence_audit,cost_moderate,naive,4,wall_time_seconds,seconds,,planned_analysis_unit; Audit_mean_once; pool_resources_N_sum_except_wall,family,evidence_audit,0,[2200],13,0,13,13,0,0,,,,13,0,13,1,1
qwen3.8-2.4t-a95b-fp8,poolact,evidence_audit,cost_moderate,poolact,4,budget_utilization,fraction,,planned_analysis_unit; Audit_mean_once; pool_resources_N_sum_except_wall,all,all,0,[2200],13,13,0,13,13,13,0.9466710114488617,0.9466710114488617,0.9466710114488617,13,13,0,1,1
qwen3.8-2.4t-a95b-fp8,poolact,evidence_audit,cost_moderate,poolact,4,budget_utilization,fraction,,planned_analysis_unit; Audit_mean_once; pool_resources_N_sum_except_wall,family,evidence_audit,0,[2200],13,13,0,13,13,13,0.9466710114488617,0.9466710114488617,0.9466710114488617,13,13,0,1,1
qwen3.8-2.4t-a95b-fp8,poolact,evidence_audit,cost_moderate,poolact,4,duplicate_action_attempts,count,,planned_analysis_unit; Audit_mean_once; pool_resources_N_sum_except_wall,all,all,0,[2200],13,13,0,13,13,13,8.923076923076923,8.923076923076923,8.923076923076923,13,13,0,1,1
qwen3.8-2.4t-a95b-fp8,poolact,evidence_audit,cost_moderate,poolact,4,duplicate_action_attempts,count,,planned_analysis_unit; Audit_mean_once; pool_resources_N_sum_except_wall,family,evidence_audit,0,[2200],13,13,0,13,13,13,8.923076923076923,8.923076923076923,8.923076923076923,13,13,0,1,1
qwen3.8-2.4t-a95b-fp8,poolact,evidence_audit,cost_moderate,poolact,4,evidence_acc_mi,fraction,True,planned_analysis_unit; Audit_mean_once; pool_resources_N_sum_except_wall,all,all,0,[2200],13,13,0,13,13,13,0.9242081447963801,0.9242081447963801,0.9242081447963801,13,13,0,1,1
qwen3.8-2.4t-a95b-fp8,poolact,evidence_audit,cost_moderate,poolact,4,evidence_acc_mi,fraction,True,planned_analysis_unit; Audit_mean_once; pool_resources_N_sum_except_wall,family,evidence_audit,0,[2200],13,13,0,13,13,13,0.9242081447963801,0.9242081447963801,0.9242081447963801,13,13,0,1,1
qwen3.8-2.4t-a95b-fp8,poolact,evidence_audit,cost_moderate,poolact,4,evidence_acc_mv,fraction,True,planned_analysis_unit; Audit_mean_once; pool_resources_N_sum_except_wall,all,all,0,[2200],13,13,0,13,13,13,0.9366515837104072,0.9366515837104072,0.9366515837104072,13,13,0,1,1
qwen3.8-2.4t-a95b-fp8,poolact,evidence_audit,cost_moderate,poolact,4,evidence_acc_mv,fraction,True,planned_analysis_unit; Audit_mean_once; pool_resources_N_sum_except_wall,family,evidence_audit,0,[2200],13,13,0,13,13,13,0.9366515837104072,0.9366515837104072,0.9366515837104072,13,13,0,1,1
qwen3.8-2.4t-a95b-fp8,poolact,evidence_audit,cost_moderate,poolact,4,feedback_attempts,count,,planned_analysis_unit; Audit_mean_once; pool_resources_N_sum_except_wall,all,all,0,[2200],13,13,0,13,13,13,37.76923076923077,37.76923076923077,37.76923076923077,13,13,0,1,1
qwen3.8-2.4t-a95b-fp8,poolact,evidence_audit,cost_moderate,poolact,4,feedback_attempts,count,,planned_analysis_unit; Audit_mean_once; pool_resources_N_sum_except_wall,family,evidence_audit,0,[2200],13,13,0,13,13,13,37.76923076923077,37.76923076923077,37.76923076923077,13,13,0,1,1
qwen3.8-2.4t-a95b-fp8,poolact,evidence_audit,cost_moderate,poolact,4,feedback_cost_seconds,seconds,,planned_analysis_unit; Audit_mean_once; pool_resources_N_sum_except_wall,all,all,0,[2200],13,13,0,13,13,13,11360.052137386341,11360.052137386341,11360.052137386341,13,13,0,1,1
qwen3.8-2.4t-a95b-fp8,poolact,evidence_audit,cost_moderate,poolact,4,feedback_cost_seconds,seconds,,planned_analysis_unit; Audit_mean_once; pool_resources_N_sum_except_wall,family,evidence_audit,0,[2200],13,13,0,13,13,13,11360.052137386341,11360.052137386341,11360.052137386341,13,13,0,1,1
qwen3.8-2.4t-a95b-fp8,poolact,evidence_audit,cost_moderate,poolact,4,feedback_visible,count,,planned_analysis_unit; Audit_mean_once; pool_resources_N_sum_except_wall,all,all,0,[2200],13,0,13,13,0,0,,,,13,0,13,1,1
qwen3.8-2.4t-a95b-fp8,poolact,evidence_audit,cost_moderate,poolact,4,feedback_visible,count,,planned_analysis_unit; Audit_mean_once; pool_resources_N_sum_except_wall,family,evidence_audit,0,[2200],13,0,13,13,0,0,,,,13,0,13,1,1
qwen3.8-2.4t-a95b-fp8,poolact,evidence_audit,cost_moderate,poolact,4,input_tokens,tokens,,planned_analysis_unit; Audit_mean_once; pool_resources_N_sum_except_wall,all,all,0,[2200],13,13,0,13,13,13,607184.8461538461,607184.8461538461,607184.8461538461,13,13,0,1,1
qwen3.8-2.4t-a95b-fp8,poolact,evidence_audit,cost_moderate,poolact,4,input_tokens,tokens,,planned_analysis_unit; Audit_mean_once; pool_resources_N_sum_except_wall,family,evidence_audit,0,[2200],13,13,0,13,13,13,607184.8461538461,607184.8461538461,607184.8461538461,13,13,0,1,1
qwen3.8-2.4t-a95b-fp8,poolact,evidence_audit,cost_moderate,poolact,4,label_acc_mi,fraction,True,planned_analysis_unit; Audit_mean_once; pool_resources_N_sum_except_wall,all,all,0,[2200],13,13,0,13,13,13,0.9536199095022624,0.9536199095022624,0.9536199095022624,13,13,0,1,1
qwen3.8-2.4t-a95b-fp8,poolact,evidence_audit,cost_moderate,poolact,4,label_acc_mi,fraction,True,planned_analysis_unit; Audit_mean_once; pool_resources_N_sum_except_wall,family,evidence_audit,0,[2200],13,13,0,13,13,13,0.9536199095022624,0.9536199095022624,0.9536199095022624,13,13,0,1,1
qwen3.8-2.4t-a95b-fp8,poolact,evidence_audit,cost_moderate,poolact,4,label_acc_mv,fraction,True,planned_analysis_unit; Audit_mean_once; pool_resources_N_sum_except_wall,all,all,0,[2200],13,13,0,13,13,13,0.9592760180995475,0.9592760180995475,0.9592760180995475,13,13,0,1,1
qwen3.8-2.4t-a95b-fp8,poolact,evidence_audit,cost_moderate,poolact,4,label_acc_mv,fraction,True,planned_analysis_unit; Audit_mean_once; pool_resources_N_sum_except_wall,family,evidence_audit,0,[2200],13,13,0,13,13,13,0.9592760180995475,0.9592760180995475,0.9592760180995475,13,13,0,1,1
qwen3.8-2.4t-a95b-fp8,poolact,evidence_audit,cost_moderate,poolact,4,output_tokens,tokens,,planned_analysis_unit; Audit_mean_once; pool_resources_N_sum_except_wall,all,all,0,[2200],13,13,0,13,13,13,60782.153846153844,60782.153846153844,60782.153846153844,13,13,0,1,1
qwen3.8-2.4t-a95b-fp8,poolact,evidence_audit,cost_moderate,poolact,4,output_tokens,tokens,,planned_analysis_unit; Audit_mean_once; pool_resources_N_sum_except_wall,family,evidence_audit,0,[2200],13,13,0,13,13,13,60782.153846153844,60782.153846153844,60782.153846153844,13,13,0,1,1
qwen3.8-2.4t-a95b-fp8,poolact,evidence_audit,cost_moderate,poolact,4,protocol_failure_rate,fraction,,planned_analysis_unit; Audit_mean_once; pool_resources_N_sum_except_wall,all,all,0,[2200],13,13,0,13,13,13,0.012737262737262738,0.012737262737262738,0.012737262737262738,13,13,0,1,1
qwen3.8-2.4t-a95b-fp8,poolact,evidence_audit,cost_moderate,poolact,4,protocol_failure_rate,fraction,,planned_analysis_unit; Audit_mean_once; pool_resources_N_sum_except_wall,family,evidence_audit,0,[2200],13,13,0,13,13,13,0.012737262737262738,0.012737262737262738,0.012737262737262738,13,13,0,1,1
qwen3.8-2.4t-a95b-fp8,poolact,evidence_audit,cost_moderate,poolact,4,wall_time_seconds,seconds,,planned_analysis_unit; Audit_mean_once; pool_resources_N_sum_except_wall,all,all,0,[2200],13,0,13,13,0,0,,,,13,0,13,1,1
qwen3.8-2.4t-a95b-fp8,poolact,evidence_audit,cost_moderate,poolact,4,wall_time_seconds,seconds,,planned_analysis_unit; Audit_mean_once; pool_resources_N_sum_except_wall,family,evidence_audit,0,[2200],13,0,13,13,0,0,,,,13,0,13,1,1
qwen3.8-2.4t-a95b-fp8,poolact,evidence_audit,cost_tight,cached,4,budget_utilization,fraction,,planned_analysis_unit; Audit_mean_once; pool_resources_N_sum_except_wall,all,all,0,[2200],13,13,0,13,13,13,0.9802826600758215,0.9802826600758215,0.9802826600758215,13,13,0,1,1
qwen3.8-2.4t-a95b-fp8,poolact,evidence_audit,cost_tight,cached,4,budget_utilization,fraction,,planned_analysis_unit; Audit_mean_once; pool_resources_N_sum_except_wall,family,evidence_audit,0,[2200],13,13,0,13,13,13,0.9802826600758215,0.9802826600758215,0.9802826600758215,13,13,0,1,1
qwen3.8-2.4t-a95b-fp8,poolact,evidence_audit,cost_tight,cached,4,duplicate_action_attempts,count,,planned_analysis_unit; Audit_mean_once; pool_resources_N_sum_except_wall,all,all,0,[2200],13,13,0,13,13,13,5.923076923076923,5.923076923076923,5.923076923076923,13,13,0,1,1
qwen3.8-2.4t-a95b-fp8,poolact,evidence_audit,cost_tight,cached,4,duplicate_action_attempts,count,,planned_analysis_unit; Audit_mean_once; pool_resources_N_sum_except_wall,family,evidence_audit,0,[2200],13,13,0,13,13,13,5.923076923076923,5.923076923076923,5.923076923076923,13,13,0,1,1
qwen3.8-2.4t-a95b-fp8,poolact,evidence_audit,cost_tight,cached,4,evidence_acc_mi,fraction,True,planned_analysis_unit; Audit_mean_once; pool_resources_N_sum_except_wall,all,all,0,[2200],13,13,0,13,13,13,0.5904977375565611,0.5904977375565611,0.5904977375565611,13,13,0,1,1
qwen3.8-2.4t-a95b-fp8,poolact,evidence_audit,cost_tight,cached,4,evidence_acc_mi,fraction,True,planned_analysis_unit; Audit_mean_once; pool_resources_N_sum_except_wall,family,evidence_audit,0,[2200],13,13,0,13,13,13,0.5904977375565611,0.5904977375565611,0.5904977375565611,13,13,0,1,1
qwen3.8-2.4t-a95b-fp8,poolact,evidence_audit,cost_tight,cached,4,evidence_acc_mv,fraction,True,planned_analysis_unit; Audit_mean_once; pool_resources_N_sum_except_wall,all,all,0,[2200],13,13,0,13,13,13,0.6018099547511312,0.6018099547511312,0.6018099547511312,13,13,0,1,1
qwen3.8-2.4t-a95b-fp8,poolact,evidence_audit,cost_tight,cached,4,evidence_acc_mv,fraction,True,planned_analysis_unit; Audit_mean_once; pool_resources_N_sum_except_wall,family,evidence_audit,0,[2200],13,13,0,13,13,13,0.6018099547511312,0.6018099547511312,0.6018099547511312,13,13,0,1,1
qwen3.8-2.4t-a95b-fp8,poolact,evidence_audit,cost_tight,cached,4,feedback_attempts,count,,planned_analysis_unit; Audit_mean_once; pool_resources_N_sum_except_wall,all,all,0,[2200],13,13,0,13,13,13,11.846153846153847,11.846153846153847,11.846153846153847,13,13,0,1,1
qwen3.8-2.4t-a95b-fp8,poolact,evidence_audit,cost_tight,cached,4,feedback_attempts,count,,planned_analysis_unit; Audit_mean_once; pool_resources_N_sum_except_wall,family,evidence_audit,0,[2200],13,13,0,13,13,13,11.846153846153847,11.846153846153847,11.846153846153847,13,13,0,1,1
qwen3.8-2.4t-a95b-fp8,poolact,evidence_audit,cost_tight,cached,4,feedback_cost_seconds,seconds,,planned_analysis_unit; Audit_mean_once; pool_resources_N_sum_except_wall,all,all,0,[2200],13,13,0,13,13,13,3529.0175762729577,3529.0175762729577,3529.0175762729577,13,13,0,1,1
qwen3.8-2.4t-a95b-fp8,poolact,evidence_audit,cost_tight,cached,4,feedback_cost_seconds,seconds,,planned_analysis_unit; Audit_mean_once; pool_resources_N_sum_except_wall,family,evidence_audit,0,[2200],13,13,0,13,13,13,3529.0175762729577,3529.0175762729577,3529.0175762729577,13,13,0,1,1
qwen3.8-2.4t-a95b-fp8,poolact,evidence_audit,cost_tight,cached,4,feedback_visible,count,,planned_analysis_unit; Audit_mean_once; pool_resources_N_sum_except_wall,all,all,0,[2200],13,0,13,13,0,0,,,,13,0,13,1,1
qwen3.8-2.4t-a95b-fp8,poolact,evidence_audit,cost_tight,cached,4,feedback_visible,count,,planned_analysis_unit; Audit_mean_once; pool_resources_N_sum_except_wall,family,evidence_audit,0,[2200],13,0,13,13,0,0,,,,13,0,13,1,1
qwen3.8-2.4t-a95b-fp8,poolact,evidence_audit,cost_tight,cached,4,input_tokens,tokens,,planned_analysis_unit; Audit_mean_once; pool_resources_N_sum_except_wall,all,all,0,[2200],13,13,0,13,13,13,115658.84615384616,115658.84615384616,115658.84615384616,13,13,0,1,1
qwen3.8-2.4t-a95b-fp8,poolact,evidence_audit,cost_tight,cached,4,input_tokens,tokens,,planned_analysis_unit; Audit_mean_once; pool_resources_N_sum_except_wall,family,evidence_audit,0,[2200],13,13,0,13,13,13,115658.84615384616,115658.84615384616,115658.84615384616,13,13,0,1,1
qwen3.8-2.4t-a95b-fp8,poolact,evidence_audit,cost_tight,cached,4,label_acc_mi,fraction,True,planned_analysis_unit; Audit_mean_once; pool_resources_N_sum_except_wall,all,all,0,[2200],13,13,0,13,13,13,0.83710407239819,0.83710407239819,0.83710407239819,13,13,0,1,1
qwen3.8-2.4t-a95b-fp8,poolact,evidence_audit,cost_tight,cached,4,label_acc_mi,fraction,True,planned_analysis_unit; Audit_mean_once; pool_resources_N_sum_except_wall,family,evidence_audit,0,[2200],13,13,0,13,13,13,0.83710407239819,0.83710407239819,0.83710407239819,13,13,0,1,1
qwen3.8-2.4t-a95b-fp8,poolact,evidence_audit,cost_tight,cached,4,label_acc_mv,fraction,True,planned_analysis_unit; Audit_mean_once; pool_resources_N_sum_except_wall,all,all,0,[2200],13,13,0,13,13,13,0.8371040723981901,0.8371040723981901,0.8371040723981901,13,13,0,1,1
qwen3.8-2.4t-a95b-fp8,poolact,evidence_audit,cost_tight,cached,4,label_acc_mv,fraction,True,planned_analysis_unit; Audit_mean_once; pool_resources_N_sum_except_wall,family,evidence_audit,0,[2200],13,13,0,13,13,13,0.8371040723981901,0.8371040723981901,0.8371040723981901,13,13,0,1,1
qwen3.8-2.4t-a95b-fp8,poolact,evidence_audit,cost_tight,cached,4,output_tokens,tokens,,planned_analysis_unit; Audit_mean_once; pool_resources_N_sum_except_wall,all,all,0,[2200],13,13,0,13,13,13,47583.0,47583.0,47583.0,13,13,0,1,1
qwen3.8-2.4t-a95b-fp8,poolact,evidence_audit,cost_tight,cached,4,output_tokens,tokens,,planned_analysis_unit; Audit_mean_once; pool_resources_N_sum_except_wall,family,evidence_audit,0,[2200],13,13,0,13,13,13,47583.0,47583.0,47583.0,13,13,0,1,1
qwen3.8-2.4t-a95b-fp8,poolact,evidence_audit,cost_tight,cached,4,protocol_failure_rate,fraction,,planned_analysis_unit; Audit_mean_once; pool_resources_N_sum_except_wall,all,all,0,[2200],13,13,0,13,13,13,0.008573469873779471,0.008573469873779471,0.008573469873779471,13,13,0,1,1
qwen3.8-2.4t-a95b-fp8,poolact,evidence_audit,cost_tight,cached,4,protocol_failure_rate,fraction,,planned_analysis_unit; Audit_mean_once; pool_resources_N_sum_except_wall,family,evidence_audit,0,[2200],13,13,0,13,13,13,0.008573469873779471,0.008573469873779471,0.008573469873779471,13,13,0,1,1
qwen3.8-2.4t-a95b-fp8,poolact,evidence_audit,cost_tight,cached,4,wall_time_seconds,seconds,,planned_analysis_unit; Audit_mean_once; pool_resources_N_sum_except_wall,all,all,0,[2200],13,0,13,13,0,0,,,,13,0,13,1,1
qwen3.8-2.4t-a95b-fp8,poolact,evidence_audit,cost_tight,cached,4,wall_time_seconds,seconds,,planned_analysis_unit; Audit_mean_once; pool_resources_N_sum_except_wall,family,evidence_audit,0,[2200],13,0,13,13,0,0,,,,13,0,13,1,1
qwen3.8-2.4t-a95b-fp8,poolact,evidence_audit,cost_tight,naive,4,budget_utilization,fraction,,planned_analysis_unit; Audit_mean_once; pool_resources_N_sum_except_wall,all,all,0,[2200],13,13,0,13,13,13,0.9923649402727317,0.9923649402727317,0.9923649402727317,13,13,0,1,1
qwen3.8-2.4t-a95b-fp8,poolact,evidence_audit,cost_tight,naive,4,budget_utilization,fraction,,planned_analysis_unit; Audit_mean_once; pool_resources_N_sum_except_wall,family,evidence_audit,0,[2200],13,13,0,13,13,13,0.9923649402727317,0.9923649402727317,0.9923649402727317,13,13,0,1,1
qwen3.8-2.4t-a95b-fp8,poolact,evidence_audit,cost_tight,naive,4,duplicate_action_attempts,count,,planned_analysis_unit; Audit_mean_once; pool_resources_N_sum_except_wall,all,all,0,[2200],13,13,0,13,13,13,6.3076923076923075,6.3076923076923075,6.3076923076923075,13,13,0,1,1
qwen3.8-2.4t-a95b-fp8,poolact,evidence_audit,cost_tight,naive,4,duplicate_action_attempts,count,,planned_analysis_unit; Audit_mean_once; pool_resources_N_sum_except_wall,family,evidence_audit,0,[2200],13,13,0,13,13,13,6.3076923076923075,6.3076923076923075,6.3076923076923075,13,13,0,1,1
qwen3.8-2.4t-a95b-fp8,poolact,evidence_audit,cost_tight,naive,4,evidence_acc_mi,fraction,True,planned_analysis_unit; Audit_mean_once; pool_resources_N_sum_except_wall,all,all,0,[2200],13,13,0,13,13,13,0.5520361990950227,0.5520361990950227,0.5520361990950227,13,13,0,1,1
qwen3.8-2.4t-a95b-fp8,poolact,evidence_audit,cost_tight,naive,4,evidence_acc_mi,fraction,True,planned_analysis_unit; Audit_mean_once; pool_resources_N_sum_except_wall,family,evidence_audit,0,[2200],13,13,0,13,13,13,0.5520361990950227,0.5520361990950227,0.5520361990950227,13,13,0,1,1
qwen3.8-2.4t-a95b-fp8,poolact,evidence_audit,cost_tight,naive,4,evidence_acc_mv,fraction,True,planned_analysis_unit; Audit_mean_once; pool_resources_N_sum_except_wall,all,all,0,[2200],13,13,0,13,13,13,0.5610859728506787,0.5610859728506787,0.5610859728506787,13,13,0,1,1
qwen3.8-2.4t-a95b-fp8,poolact,evidence_audit,cost_tight,naive,4,evidence_acc_mv,fraction,True,planned_analysis_unit; Audit_mean_once; pool_resources_N_sum_except_wall,family,evidence_audit,0,[2200],13,13,0,13,13,13,0.5610859728506787,0.5610859728506787,0.5610859728506787,13,13,0,1,1
qwen3.8-2.4t-a95b-fp8,poolact,evidence_audit,cost_tight,naive,4,feedback_attempts,count,,planned_analysis_unit; Audit_mean_once; pool_resources_N_sum_except_wall,all,all,0,[2200],13,13,0,13,13,13,11.846153846153847,11.846153846153847,11.846153846153847,13,13,0,1,1
qwen3.8-2.4t-a95b-fp8,poolact,evidence_audit,cost_tight,naive,4,feedback_attempts,count,,planned_analysis_unit; Audit_mean_once; pool_resources_N_sum_except_wall,family,evidence_audit,0,[2200],13,13,0,13,13,13,11.846153846153847,11.846153846153847,11.846153846153847,13,13,0,1,1
qwen3.8-2.4t-a95b-fp8,poolact,evidence_audit,cost_tight,naive,4,feedback_cost_seconds,seconds,,planned_analysis_unit; Audit_mean_once; pool_resources_N_sum_except_wall,all,all,0,[2200],13,13,0,13,13,13,3572.5137849818343,3572.5137849818343,3572.5137849818343,13,13,0,1,1
qwen3.8-2.4t-a95b-fp8,poolact,evidence_audit,cost_tight,naive,4,feedback_cost_seconds,seconds,,planned_analysis_unit; Audit_mean_once; pool_resources_N_sum_except_wall,family,evidence_audit,0,[2200],13,13,0,13,13,13,3572.5137849818343,3572.5137849818343,3572.5137849818343,13,13,0,1,1
qwen3.8-2.4t-a95b-fp8,poolact,evidence_audit,cost_tight,naive,4,feedback_visible,count,,planned_analysis_unit; Audit_mean_once; pool_resources_N_sum_except_wall,all,all,0,[2200],13,0,13,13,0,0,,,,13,0,13,1,1
qwen3.8-2.4t-a95b-fp8,poolact,evidence_audit,cost_tight,naive,4,feedback_visible,count,,planned_analysis_unit; Audit_mean_once; pool_resources_N_sum_except_wall,family,evidence_audit,0,[2200],13,0,13,13,0,0,,,,13,0,13,1,1
qwen3.8-2.4t-a95b-fp8,poolact,evidence_audit,cost_tight,naive,4,input_tokens,tokens,,planned_analysis_unit; Audit_mean_once; pool_resources_N_sum_except_wall,all,all,0,[2200],13,13,0,13,13,13,109687.0,109687.0,109687.0,13,13,0,1,1
qwen3.8-2.4t-a95b-fp8,poolact,evidence_audit,cost_tight,naive,4,input_tokens,tokens,,planned_analysis_unit; Audit_mean_once; pool_resources_N_sum_except_wall,family,evidence_audit,0,[2200],13,13,0,13,13,13,109687.0,109687.0,109687.0,13,13,0,1,1
qwen3.8-2.4t-a95b-fp8,poolact,evidence_audit,cost_tight,naive,4,label_acc_mi,fraction,True,planned_analysis_unit; Audit_mean_once; pool_resources_N_sum_except_wall,all,all,0,[2200],13,13,0,13,13,13,0.8167420814479638,0.8167420814479638,0.8167420814479638,13,13,0,1,1
qwen3.8-2.4t-a95b-fp8,poolact,evidence_audit,cost_tight,naive,4,label_acc_mi,fraction,True,planned_analysis_unit; Audit_mean_once; pool_resources_N_sum_except_wall,family,evidence_audit,0,[2200],13,13,0,13,13,13,0.8167420814479638,0.8167420814479638,0.8167420814479638,13,13,0,1,1
qwen3.8-2.4t-a95b-fp8,poolact,evidence_audit,cost_tight,naive,4,label_acc_mv,fraction,True,planned_analysis_unit; Audit_mean_once; pool_resources_N_sum_except_wall,all,all,0,[2200],13,13,0,13,13,13,0.8325791855203619,0.8325791855203619,0.8325791855203619,13,13,0,1,1
qwen3.8-2.4t-a95b-fp8,poolact,evidence_audit,cost_tight,naive,4,label_acc_mv,fraction,True,planned_analysis_unit; Audit_mean_once; pool_resources_N_sum_except_wall,family,evidence_audit,0,[2200],13,13,0,13,13,13,0.8325791855203619,0.8325791855203619,0.8325791855203619,13,13,0,1,1
qwen3.8-2.4t-a95b-fp8,poolact,evidence_audit,cost_tight,naive,4,output_tokens,tokens,,planned_analysis_unit; Audit_mean_once; pool_resources_N_sum_except_wall,all,all,0,[2200],13,13,0,13,13,13,43988.38461538462,43988.38461538462,43988.38461538462,13,13,0,1,1
qwen3.8-2.4t-a95b-fp8,poolact,evidence_audit,cost_tight,naive,4,output_tokens,tokens,,planned_analysis_unit; Audit_mean_once; pool_resources_N_sum_except_wall,family,evidence_audit,0,[2200],13,13,0,13,13,13,43988.38461538462,43988.38461538462,43988.38461538462,13,13,0,1,1
qwen3.8-2.4t-a95b-fp8,poolact,evidence_audit,cost_tight,naive,4,protocol_failure_rate,fraction,,planned_analysis_unit; Audit_mean_once; pool_resources_N_sum_except_wall,all,all,0,[2200],13,13,0,13,13,13,0.0,0.0,0.0,13,13,0,1,1
qwen3.8-2.4t-a95b-fp8,poolact,evidence_audit,cost_tight,naive,4,protocol_failure_rate,fraction,,planned_analysis_unit; Audit_mean_once; pool_resources_N_sum_except_wall,family,evidence_audit,0,[2200],13,13,0,13,13,13,0.0,0.0,0.0,13,13,0,1,1
qwen3.8-2.4t-a95b-fp8,poolact,evidence_audit,cost_tight,naive,4,wall_time_seconds,seconds,,planned_analysis_unit; Audit_mean_once; pool_resources_N_sum_except_wall,all,all,0,[2200],13,0,13,13,0,0,,,,13,0,13,1,1
qwen3.8-2.4t-a95b-fp8,poolact,evidence_audit,cost_tight,naive,4,wall_time_seconds,seconds,,planned_analysis_unit; Audit_mean_once; pool_resources_N_sum_except_wall,family,evidence_audit,0,[2200],13,0,13,13,0,0,,,,13,0,13,1,1
qwen3.8-2.4t-a95b-fp8,poolact,evidence_audit,cost_tight,poolact,4,budget_utilization,fraction,,planned_analysis_unit; Audit_mean_once; pool_resources_N_sum_except_wall,all,all,0,[2200],13,13,0,13,13,13,1.0033227038860288,1.0033227038860288,1.0033227038860288,13,13,0,1,1
qwen3.8-2.4t-a95b-fp8,poolact,evidence_audit,cost_tight,poolact,4,budget_utilization,fraction,,planned_analysis_unit; Audit_mean_once; pool_resources_N_sum_except_wall,family,evidence_audit,0,[2200],13,13,0,13,13,13,1.0033227038860288,1.0033227038860288,1.0033227038860288,13,13,0,1,1
qwen3.8-2.4t-a95b-fp8,poolact,evidence_audit,cost_tight,poolact,4,duplicate_action_attempts,count,,planned_analysis_unit; Audit_mean_once; pool_resources_N_sum_except_wall,all,all,0,[2200],13,13,0,13,13,13,3.230769230769231,3.230769230769231,3.230769230769231,13,13,0,1,1
qwen3.8-2.4t-a95b-fp8,poolact,evidence_audit,cost_tight,poolact,4,duplicate_action_attempts,count,,planned_analysis_unit; Audit_mean_once; pool_resources_N_sum_except_wall,family,evidence_audit,0,[2200],13,13,0,13,13,13,3.230769230769231,3.230769230769231,3.230769230769231,13,13,0,1,1
qwen3.8-2.4t-a95b-fp8,poolact,evidence_audit,cost_tight,poolact,4,evidence_acc_mi,fraction,True,planned_analysis_unit; Audit_mean_once; pool_resources_N_sum_except_wall,all,all,0,[2200],13,13,0,13,13,13,0.6323529411764706,0.6323529411764706,0.6323529411764706,13,13,0,1,1
qwen3.8-2.4t-a95b-fp8,poolact,evidence_audit,cost_tight,poolact,4,evidence_acc_mi,fraction,True,planned_analysis_unit; Audit_mean_once; pool_resources_N_sum_except_wall,family,evidence_audit,0,[2200],13,13,0,13,13,13,0.6323529411764706,0.6323529411764706,0.6323529411764706,13,13,0,1,1
qwen3.8-2.4t-a95b-fp8,poolact,evidence_audit,cost_tight,poolact,4,evidence_acc_mv,fraction,True,planned_analysis_unit; Audit_mean_once; pool_resources_N_sum_except_wall,all,all,0,[2200],13,13,0,13,13,13,0.6380090497737557,0.6380090497737557,0.6380090497737557,13,13,0,1,1
qwen3.8-2.4t-a95b-fp8,poolact,evidence_audit,cost_tight,poolact,4,evidence_acc_mv,fraction,True,planned_analysis_unit; Audit_mean_once; pool_resources_N_sum_except_wall,family,evidence_audit,0,[2200],13,13,0,13,13,13,0.6380090497737557,0.6380090497737557,0.6380090497737557,13,13,0,1,1
qwen3.8-2.4t-a95b-fp8,poolact,evidence_audit,cost_tight,poolact,4,feedback_attempts,count,,planned_analysis_unit; Audit_mean_once; pool_resources_N_sum_except_wall,all,all,0,[2200],13,13,0,13,13,13,12.0,12.0,12.0,13,13,0,1,1
qwen3.8-2.4t-a95b-fp8,poolact,evidence_audit,cost_tight,poolact,4,feedback_attempts,count,,planned_analysis_unit; Audit_mean_once; pool_resources_N_sum_except_wall,family,evidence_audit,0,[2200],13,13,0,13,13,13,12.0,12.0,12.0,13,13,0,1,1
qwen3.8-2.4t-a95b-fp8,poolact,evidence_audit,cost_tight,poolact,4,feedback_cost_seconds,seconds,,planned_analysis_unit; Audit_mean_once; pool_resources_N_sum_except_wall,all,all,0,[2200],13,13,0,13,13,13,3611.961733989704,3611.961733989704,3611.961733989704,13,13,0,1,1
qwen3.8-2.4t-a95b-fp8,poolact,evidence_audit,cost_tight,poolact,4,feedback_cost_seconds,seconds,,planned_analysis_unit; Audit_mean_once; pool_resources_N_sum_except_wall,family,evidence_audit,0,[2200],13,13,0,13,13,13,3611.961733989704,3611.961733989704,3611.961733989704,13,13,0,1,1
qwen3.8-2.4t-a95b-fp8,poolact,evidence_audit,cost_tight,poolact,4,feedback_visible,count,,planned_analysis_unit; Audit_mean_once; pool_resources_N_sum_except_wall,all,all,0,[2200],13,0,13,13,0,0,,,,13,0,13,1,1
qwen3.8-2.4t-a95b-fp8,poolact,evidence_audit,cost_tight,poolact,4,feedback_visible,count,,planned_analysis_unit; Audit_mean_once; pool_resources_N_sum_except_wall,family,evidence_audit,0,[2200],13,0,13,13,0,0,,,,13,0,13,1,1
qwen3.8-2.4t-a95b-fp8,poolact,evidence_audit,cost_tight,poolact,4,input_tokens,tokens,,planned_analysis_unit; Audit_mean_once; pool_resources_N_sum_except_wall,all,all,0,[2200],13,13,0,13,13,13,121894.0,121894.0,121894.0,13,13,0,1,1
qwen3.8-2.4t-a95b-fp8,poolact,evidence_audit,cost_tight,poolact,4,input_tokens,tokens,,planned_analysis_unit; Audit_mean_once; pool_resources_N_sum_except_wall,family,evidence_audit,0,[2200],13,13,0,13,13,13,121894.0,121894.0,121894.0,13,13,0,1,1
qwen3.8-2.4t-a95b-fp8,poolact,evidence_audit,cost_tight,poolact,4,label_acc_mi,fraction,True,planned_analysis_unit; Audit_mean_once; pool_resources_N_sum_except_wall,all,all,0,[2200],13,13,0,13,13,13,0.8540723981900451,0.8540723981900451,0.8540723981900451,13,13,0,1,1
qwen3.8-2.4t-a95b-fp8,poolact,evidence_audit,cost_tight,poolact,4,label_acc_mi,fraction,True,planned_analysis_unit; Audit_mean_once; pool_resources_N_sum_except_wall,family,evidence_audit,0,[2200],13,13,0,13,13,13,0.8540723981900451,0.8540723981900451,0.8540723981900451,13,13,0,1,1
qwen3.8-2.4t-a95b-fp8,poolact,evidence_audit,cost_tight,poolact,4,label_acc_mv,fraction,True,planned_analysis_unit; Audit_mean_once; pool_resources_N_sum_except_wall,all,all,0,[2200],13,13,0,13,13,13,0.8552036199095022,0.8552036199095022,0.8552036199095022,13,13,0,1,1
qwen3.8-2.4t-a95b-fp8,poolact,evidence_audit,cost_tight,poolact,4,label_acc_mv,fraction,True,planned_analysis_unit; Audit_mean_once; pool_resources_N_sum_except_wall,family,evidence_audit,0,[2200],13,13,0,13,13,13,0.8552036199095022,0.8552036199095022,0.8552036199095022,13,13,0,1,1
qwen3.8-2.4t-a95b-fp8,poolact,evidence_audit,cost_tight,poolact,4,output_tokens,tokens,,planned_analysis_unit; Audit_mean_once; pool_resources_N_sum_except_wall,all,all,0,[2200],13,13,0,13,13,13,45493.92307692308,45493.92307692308,45493.92307692308,13,13,0,1,1
qwen3.8-2.4t-a95b-fp8,poolact,evidence_audit,cost_tight,poolact,4,output_tokens,tokens,,planned_analysis_unit; Audit_mean_once; pool_resources_N_sum_except_wall,family,evidence_audit,0,[2200],13,13,0,13,13,13,45493.92307692308,45493.92307692308,45493.92307692308,13,13,0,1,1
qwen3.8-2.4t-a95b-fp8,poolact,evidence_audit,cost_tight,poolact,4,protocol_failure_rate,fraction,,planned_analysis_unit; Audit_mean_once; pool_resources_N_sum_except_wall,all,all,0,[2200],13,13,0,13,13,13,0.008856275303643725,0.008856275303643725,0.008856275303643725,13,13,0,1,1
qwen3.8-2.4t-a95b-fp8,poolact,evidence_audit,cost_tight,poolact,4,protocol_failure_rate,fraction,,planned_analysis_unit; Audit_mean_once; pool_resources_N_sum_except_wall,family,evidence_audit,0,[2200],13,13,0,13,13,13,0.008856275303643725,0.008856275303643725,0.008856275303643725,13,13,0,1,1
qwen3.8-2.4t-a95b-fp8,poolact,evidence_audit,cost_tight,poolact,4,wall_time_seconds,seconds,,planned_analysis_unit; Audit_mean_once; pool_resources_N_sum_except_wall,all,all,0,[2200],13,0,13,13,0,0,,,,13,0,13,1,1
qwen3.8-2.4t-a95b-fp8,poolact,evidence_audit,cost_tight,poolact,4,wall_time_seconds,seconds,,planned_analysis_unit; Audit_mean_once; pool_resources_N_sum_except_wall,family,evidence_audit,0,[2200],13,0,13,13,0,0,,,,13,0,13,1,1
qwen3.8-2.4t-a95b-fp8,poolact,restricted_search,cost_moderate,cached,4,budget_utilization,fraction,,planned_analysis_unit; Audit_mean_once; pool_resources_N_sum_except_wall,all,all,0,[2200],39,39,0,39,39,39,0.7588355137303304,0.7588355137303304,0.7588355137303304,39,39,0,1,1
qwen3.8-2.4t-a95b-fp8,poolact,restricted_search,cost_moderate,cached,4,budget_utilization,fraction,,planned_analysis_unit; Audit_mean_once; pool_resources_N_sum_except_wall,family,whois,0,[2200],39,39,0,39,39,39,0.7588355137303304,0.7588355137303304,0.7588355137303304,39,39,0,1,1
qwen3.8-2.4t-a95b-fp8,poolact,restricted_search,cost_moderate,cached,4,duplicate_action_attempts,count,,planned_analysis_unit; Audit_mean_once; pool_resources_N_sum_except_wall,all,all,0,[2200],39,39,0,39,39,39,25.71794871794872,25.71794871794872,25.71794871794872,39,39,0,1,1
qwen3.8-2.4t-a95b-fp8,poolact,restricted_search,cost_moderate,cached,4,duplicate_action_attempts,count,,planned_analysis_unit; Audit_mean_once; pool_resources_N_sum_except_wall,family,whois,0,[2200],39,39,0,39,39,39,25.71794871794872,25.71794871794872,25.71794871794872,39,39,0,1,1
qwen3.8-2.4t-a95b-fp8,poolact,restricted_search,cost_moderate,cached,4,f1_mi,fraction,True,planned_analysis_unit; Audit_mean_once; pool_resources_N_sum_except_wall,all,all,0,[2200],39,39,0,39,39,39,0.5906892671598555,0.5906892671598555,0.5906892671598555,39,39,0,1,1
qwen3.8-2.4t-a95b-fp8,poolact,restricted_search,cost_moderate,cached,4,f1_mi,fraction,True,planned_analysis_unit; Audit_mean_once; pool_resources_N_sum_except_wall,family,whois,0,[2200],39,39,0,39,39,39,0.5906892671598555,0.5906892671598555,0.5906892671598555,39,39,0,1,1
qwen3.8-2.4t-a95b-fp8,poolact,restricted_search,cost_moderate,cached,4,f1_mv,fraction,True,planned_analysis_unit; Audit_mean_once; pool_resources_N_sum_except_wall,all,all,0,[2200],39,39,0,39,39,39,0.6117311882017764,0.6117311882017764,0.6117311882017764,39,39,0,1,1
qwen3.8-2.4t-a95b-fp8,poolact,restricted_search,cost_moderate,cached,4,f1_mv,fraction,True,planned_analysis_unit; Audit_mean_once; pool_resources_N_sum_except_wall,family,whois,0,[2200],39,39,0,39,39,39,0.6117311882017764,0.6117311882017764,0.6117311882017764,39,39,0,1,1
qwen3.8-2.4t-a95b-fp8,poolact,restricted_search,cost_moderate,cached,4,feedback_attempts,count,,planned_analysis_unit; Audit_mean_once; pool_resources_N_sum_except_wall,all,all,0,[2200],39,39,0,39,39,39,47.46153846153846,47.46153846153846,47.46153846153846,39,39,0,1,1
qwen3.8-2.4t-a95b-fp8,poolact,restricted_search,cost_moderate,cached,4,feedback_attempts,count,,planned_analysis_unit; Audit_mean_once; pool_resources_N_sum_except_wall,family,whois,0,[2200],39,39,0,39,39,39,47.46153846153846,47.46153846153846,47.46153846153846,39,39,0,1,1
qwen3.8-2.4t-a95b-fp8,poolact,restricted_search,cost_moderate,cached,4,feedback_cost_seconds,seconds,,planned_analysis_unit; Audit_mean_once; pool_resources_N_sum_except_wall,all,all,0,[2200],39,39,0,39,39,39,9106.026164763965,9106.026164763965,9106.026164763965,39,39,0,1,1
qwen3.8-2.4t-a95b-fp8,poolact,restricted_search,cost_moderate,cached,4,feedback_cost_seconds,seconds,,planned_analysis_unit; Audit_mean_once; pool_resources_N_sum_except_wall,family,whois,0,[2200],39,39,0,39,39,39,9106.026164763965,9106.026164763965,9106.026164763965,39,39,0,1,1
qwen3.8-2.4t-a95b-fp8,poolact,restricted_search,cost_moderate,cached,4,feedback_visible,count,,planned_analysis_unit; Audit_mean_once; pool_resources_N_sum_except_wall,all,all,0,[2200],39,0,39,39,0,0,,,,39,0,39,1,1
qwen3.8-2.4t-a95b-fp8,poolact,restricted_search,cost_moderate,cached,4,feedback_visible,count,,planned_analysis_unit; Audit_mean_once; pool_resources_N_sum_except_wall,family,whois,0,[2200],39,0,39,39,0,0,,,,39,0,39,1,1
qwen3.8-2.4t-a95b-fp8,poolact,restricted_search,cost_moderate,cached,4,input_tokens,tokens,,planned_analysis_unit; Audit_mean_once; pool_resources_N_sum_except_wall,all,all,0,[2200],39,39,0,39,39,39,250738.02564102566,250738.02564102566,250738.02564102566,39,39,0,1,1
qwen3.8-2.4t-a95b-fp8,poolact,restricted_search,cost_moderate,cached,4,input_tokens,tokens,,planned_analysis_unit; Audit_mean_once; pool_resources_N_sum_except_wall,family,whois,0,[2200],39,39,0,39,39,39,250738.02564102566,250738.02564102566,250738.02564102566,39,39,0,1,1
qwen3.8-2.4t-a95b-fp8,poolact,restricted_search,cost_moderate,cached,4,output_tokens,tokens,,planned_analysis_unit; Audit_mean_once; pool_resources_N_sum_except_wall,all,all,0,[2200],39,39,0,39,39,39,23713.897435897437,23713.897435897437,23713.897435897437,39,39,0,1,1
qwen3.8-2.4t-a95b-fp8,poolact,restricted_search,cost_moderate,cached,4,output_tokens,tokens,,planned_analysis_unit; Audit_mean_once; pool_resources_N_sum_except_wall,family,whois,0,[2200],39,39,0,39,39,39,23713.897435897437,23713.897435897437,23713.897435897437,39,39,0,1,1
qwen3.8-2.4t-a95b-fp8,poolact,restricted_search,cost_moderate,cached,4,protocol_failure_rate,fraction,,planned_analysis_unit; Audit_mean_once; pool_resources_N_sum_except_wall,all,all,0,[2200],39,39,0,39,39,39,0.04372670131069963,0.04372670131069963,0.04372670131069963,39,39,0,1,1
qwen3.8-2.4t-a95b-fp8,poolact,restricted_search,cost_moderate,cached,4,protocol_failure_rate,fraction,,planned_analysis_unit; Audit_mean_once; pool_resources_N_sum_except_wall,family,whois,0,[2200],39,39,0,39,39,39,0.04372670131069963,0.04372670131069963,0.04372670131069963,39,39,0,1,1
qwen3.8-2.4t-a95b-fp8,poolact,restricted_search,cost_moderate,cached,4,wall_time_seconds,seconds,,planned_analysis_unit; Audit_mean_once; pool_resources_N_sum_except_wall,all,all,0,[2200],39,0,39,39,0,0,,,,39,0,39,1,1
qwen3.8-2.4t-a95b-fp8,poolact,restricted_search,cost_moderate,cached,4,wall_time_seconds,seconds,,planned_analysis_unit; Audit_mean_once; pool_resources_N_sum_except_wall,family,whois,0,[2200],39,0,39,39,0,0,,,,39,0,39,1,1
qwen3.8-2.4t-a95b-fp8,poolact,restricted_search,cost_moderate,naive,4,budget_utilization,fraction,,planned_analysis_unit; Audit_mean_once; pool_resources_N_sum_except_wall,all,all,0,[2200],39,39,0,39,39,39,0.8195064011612373,0.8195064011612373,0.8195064011612373,39,39,0,1,1
qwen3.8-2.4t-a95b-fp8,poolact,restricted_search,cost_moderate,naive,4,budget_utilization,fraction,,planned_analysis_unit; Audit_mean_once; pool_resources_N_sum_except_wall,family,whois,0,[2200],39,39,0,39,39,39,0.8195064011612373,0.8195064011612373,0.8195064011612373,39,39,0,1,1
qwen3.8-2.4t-a95b-fp8,poolact,restricted_search,cost_moderate,naive,4,duplicate_action_attempts,count,,planned_analysis_unit; Audit_mean_once; pool_resources_N_sum_except_wall,all,all,0,[2200],39,39,0,39,39,39,24.512820512820515,24.512820512820515,24.512820512820515,39,39,0,1,1
qwen3.8-2.4t-a95b-fp8,poolact,restricted_search,cost_moderate,naive,4,duplicate_action_attempts,count,,planned_analysis_unit; Audit_mean_once; pool_resources_N_sum_except_wall,family,whois,0,[2200],39,39,0,39,39,39,24.512820512820515,24.512820512820515,24.512820512820515,39,39,0,1,1
qwen3.8-2.4t-a95b-fp8,poolact,restricted_search,cost_moderate,naive,4,f1_mi,fraction,True,planned_analysis_unit; Audit_mean_once; pool_resources_N_sum_except_wall,all,all,0,[2200],39,39,0,39,39,39,0.5888960712490124,0.5888960712490124,0.5888960712490124,39,39,0,1,1
qwen3.8-2.4t-a95b-fp8,poolact,restricted_search,cost_moderate,naive,4,f1_mi,fraction,True,planned_analysis_unit; Audit_mean_once; pool_resources_N_sum_except_wall,family,whois,0,[2200],39,39,0,39,39,39,0.5888960712490124,0.5888960712490124,0.5888960712490124,39,39,0,1,1
qwen3.8-2.4t-a95b-fp8,poolact,restricted_search,cost_moderate,naive,4,f1_mv,fraction,True,planned_analysis_unit; Audit_mean_once; pool_resources_N_sum_except_wall,all,all,0,[2200],39,39,0,39,39,39,0.6121381886087769,0.6121381886087769,0.6121381886087769,39,39,0,1,1
qwen3.8-2.4t-a95b-fp8,poolact,restricted_search,cost_moderate,naive,4,f1_mv,fraction,True,planned_analysis_unit; Audit_mean_once; pool_resources_N_sum_except_wall,family,whois,0,[2200],39,39,0,39,39,39,0.6121381886087769,0.6121381886087769,0.6121381886087769,39,39,0,1,1
qwen3.8-2.4t-a95b-fp8,poolact,restricted_search,cost_moderate,naive,4,feedback_attempts,count,,planned_analysis_unit; Audit_mean_once; pool_resources_N_sum_except_wall,all,all,0,[2200],39,39,0,39,39,39,45.17948717948718,45.17948717948718,45.17948717948718,39,39,0,1,1
qwen3.8-2.4t-a95b-fp8,poolact,restricted_search,cost_moderate,naive,4,feedback_attempts,count,,planned_analysis_unit; Audit_mean_once; pool_resources_N_sum_except_wall,family,whois,0,[2200],39,39,0,39,39,39,45.17948717948718,45.17948717948718,45.17948717948718,39,39,0,1,1
qwen3.8-2.4t-a95b-fp8,poolact,restricted_search,cost_moderate,naive,4,feedback_cost_seconds,seconds,,planned_analysis_unit; Audit_mean_once; pool_resources_N_sum_except_wall,all,all,0,[2200],39,39,0,39,39,39,9834.07681393485,9834.07681393485,9834.07681393485,39,39,0,1,1
qwen3.8-2.4t-a95b-fp8,poolact,restricted_search,cost_moderate,naive,4,feedback_cost_seconds,seconds,,planned_analysis_unit; Audit_mean_once; pool_resources_N_sum_except_wall,family,whois,0,[2200],39,39,0,39,39,39,9834.07681393485,9834.07681393485,9834.07681393485,39,39,0,1,1
qwen3.8-2.4t-a95b-fp8,poolact,restricted_search,cost_moderate,naive,4,feedback_visible,count,,planned_analysis_unit; Audit_mean_once; pool_resources_N_sum_except_wall,all,all,0,[2200],39,0,39,39,0,0,,,,39,0,39,1,1
qwen3.8-2.4t-a95b-fp8,poolact,restricted_search,cost_moderate,naive,4,feedback_visible,count,,planned_analysis_unit; Audit_mean_once; pool_resources_N_sum_except_wall,family,whois,0,[2200],39,0,39,39,0,0,,,,39,0,39,1,1
qwen3.8-2.4t-a95b-fp8,poolact,restricted_search,cost_moderate,naive,4,input_tokens,tokens,,planned_analysis_unit; Audit_mean_once; pool_resources_N_sum_except_wall,all,all,0,[2200],39,39,0,39,39,39,230991.76923076922,230991.76923076922,230991.76923076922,39,39,0,1,1
qwen3.8-2.4t-a95b-fp8,poolact,restricted_search,cost_moderate,naive,4,input_tokens,tokens,,planned_analysis_unit; Audit_mean_once; pool_resources_N_sum_except_wall,family,whois,0,[2200],39,39,0,39,39,39,230991.76923076922,230991.76923076922,230991.76923076922,39,39,0,1,1
qwen3.8-2.4t-a95b-fp8,poolact,restricted_search,cost_moderate,naive,4,output_tokens,tokens,,planned_analysis_unit; Audit_mean_once; pool_resources_N_sum_except_wall,all,all,0,[2200],39,39,0,39,39,39,25173.17948717949,25173.17948717949,25173.17948717949,39,39,0,1,1
qwen3.8-2.4t-a95b-fp8,poolact,restricted_search,cost_moderate,naive,4,output_tokens,tokens,,planned_analysis_unit; Audit_mean_once; pool_resources_N_sum_except_wall,family,whois,0,[2200],39,39,0,39,39,39,25173.17948717949,25173.17948717949,25173.17948717949,39,39,0,1,1
qwen3.8-2.4t-a95b-fp8,poolact,restricted_search,cost_moderate,naive,4,protocol_failure_rate,fraction,,planned_analysis_unit; Audit_mean_once; pool_resources_N_sum_except_wall,all,all,0,[2200],39,39,0,39,39,39,0.04877629396553577,0.04877629396553577,0.04877629396553577,39,39,0,1,1
qwen3.8-2.4t-a95b-fp8,poolact,restricted_search,cost_moderate,naive,4,protocol_failure_rate,fraction,,planned_analysis_unit; Audit_mean_once; pool_resources_N_sum_except_wall,family,whois,0,[2200],39,39,0,39,39,39,0.04877629396553577,0.04877629396553577,0.04877629396553577,39,39,0,1,1
qwen3.8-2.4t-a95b-fp8,poolact,restricted_search,cost_moderate,naive,4,wall_time_seconds,seconds,,planned_analysis_unit; Audit_mean_once; pool_resources_N_sum_except_wall,all,all,0,[2200],39,0,39,39,0,0,,,,39,0,39,1,1
qwen3.8-2.4t-a95b-fp8,poolact,restricted_search,cost_moderate,naive,4,wall_time_seconds,seconds,,planned_analysis_unit; Audit_mean_once; pool_resources_N_sum_except_wall,family,whois,0,[2200],39,0,39,39,0,0,,,,39,0,39,1,1
qwen3.8-2.4t-a95b-fp8,poolact,restricted_search,cost_moderate,poolact,4,budget_utilization,fraction,,planned_analysis_unit; Audit_mean_once; pool_resources_N_sum_except_wall,all,all,0,[2200],39,39,0,39,39,39,0.6555847720414376,0.6555847720414376,0.6555847720414376,39,39,0,1,1
qwen3.8-2.4t-a95b-fp8,poolact,restricted_search,cost_moderate,poolact,4,budget_utilization,fraction,,planned_analysis_unit; Audit_mean_once; pool_resources_N_sum_except_wall,family,whois,0,[2200],39,39,0,39,39,39,0.6555847720414376,0.6555847720414376,0.6555847720414376,39,39,0,1,1
qwen3.8-2.4t-a95b-fp8,poolact,restricted_search,cost_moderate,poolact,4,duplicate_action_attempts,count,,planned_analysis_unit; Audit_mean_once; pool_resources_N_sum_except_wall,all,all,0,[2200],39,39,0,39,39,39,21.23076923076923,21.23076923076923,21.23076923076923,39,39,0,1,1
qwen3.8-2.4t-a95b-fp8,poolact,restricted_search,cost_moderate,poolact,4,duplicate_action_attempts,count,,planned_analysis_unit; Audit_mean_once; pool_resources_N_sum_except_wall,family,whois,0,[2200],39,39,0,39,39,39,21.23076923076923,21.23076923076923,21.23076923076923,39,39,0,1,1
qwen3.8-2.4t-a95b-fp8,poolact,restricted_search,cost_moderate,poolact,4,f1_mi,fraction,True,planned_analysis_unit; Audit_mean_once; pool_resources_N_sum_except_wall,all,all,0,[2200],39,39,0,39,39,39,0.623277049747638,0.623277049747638,0.623277049747638,39,39,0,1,1
qwen3.8-2.4t-a95b-fp8,poolact,restricted_search,cost_moderate,poolact,4,f1_mi,fraction,True,planned_analysis_unit; Audit_mean_once; pool_resources_N_sum_except_wall,family,whois,0,[2200],39,39,0,39,39,39,0.623277049747638,0.623277049747638,0.623277049747638,39,39,0,1,1
qwen3.8-2.4t-a95b-fp8,poolact,restricted_search,cost_moderate,poolact,4,f1_mv,fraction,True,planned_analysis_unit; Audit_mean_once; pool_resources_N_sum_except_wall,all,all,0,[2200],39,39,0,39,39,39,0.6348488113193996,0.6348488113193996,0.6348488113193996,39,39,0,1,1
qwen3.8-2.4t-a95b-fp8,poolact,restricted_search,cost_moderate,poolact,4,f1_mv,fraction,True,planned_analysis_unit; Audit_mean_once; pool_resources_N_sum_except_wall,family,whois,0,[2200],39,39,0,39,39,39,0.6348488113193996,0.6348488113193996,0.6348488113193996,39,39,0,1,1
qwen3.8-2.4t-a95b-fp8,poolact,restricted_search,cost_moderate,poolact,4,feedback_attempts,count,,planned_analysis_unit; Audit_mean_once; pool_resources_N_sum_except_wall,all,all,0,[2200],39,39,0,39,39,39,44.48717948717949,44.48717948717949,44.48717948717949,39,39,0,1,1
qwen3.8-2.4t-a95b-fp8,poolact,restricted_search,cost_moderate,poolact,4,feedback_attempts,count,,planned_analysis_unit; Audit_mean_once; pool_resources_N_sum_except_wall,family,whois,0,[2200],39,39,0,39,39,39,44.48717948717949,44.48717948717949,44.48717948717949,39,39,0,1,1
qwen3.8-2.4t-a95b-fp8,poolact,restricted_search,cost_moderate,poolact,4,feedback_cost_seconds,seconds,,planned_analysis_unit; Audit_mean_once; pool_resources_N_sum_except_wall,all,all,0,[2200],39,39,0,39,39,39,7867.017264497252,7867.017264497252,7867.017264497252,39,39,0,1,1
qwen3.8-2.4t-a95b-fp8,poolact,restricted_search,cost_moderate,poolact,4,feedback_cost_seconds,seconds,,planned_analysis_unit; Audit_mean_once; pool_resources_N_sum_except_wall,family,whois,0,[2200],39,39,0,39,39,39,7867.017264497252,7867.017264497252,7867.017264497252,39,39,0,1,1
qwen3.8-2.4t-a95b-fp8,poolact,restricted_search,cost_moderate,poolact,4,feedback_visible,count,,planned_analysis_unit; Audit_mean_once; pool_resources_N_sum_except_wall,all,all,0,[2200],39,0,39,39,0,0,,,,39,0,39,1,1
qwen3.8-2.4t-a95b-fp8,poolact,restricted_search,cost_moderate,poolact,4,feedback_visible,count,,planned_analysis_unit; Audit_mean_once; pool_resources_N_sum_except_wall,family,whois,0,[2200],39,0,39,39,0,0,,,,39,0,39,1,1
qwen3.8-2.4t-a95b-fp8,poolact,restricted_search,cost_moderate,poolact,4,input_tokens,tokens,,planned_analysis_unit; Audit_mean_once; pool_resources_N_sum_except_wall,all,all,0,[2200],39,39,0,39,39,39,548091.3333333334,548091.3333333334,548091.3333333334,39,39,0,1,1
qwen3.8-2.4t-a95b-fp8,poolact,restricted_search,cost_moderate,poolact,4,input_tokens,tokens,,planned_analysis_unit; Audit_mean_once; pool_resources_N_sum_except_wall,family,whois,0,[2200],39,39,0,39,39,39,548091.3333333334,548091.3333333334,548091.3333333334,39,39,0,1,1
qwen3.8-2.4t-a95b-fp8,poolact,restricted_search,cost_moderate,poolact,4,output_tokens,tokens,,planned_analysis_unit; Audit_mean_once; pool_resources_N_sum_except_wall,all,all,0,[2200],39,39,0,39,39,39,35190.794871794875,35190.794871794875,35190.794871794875,39,39,0,1,1
qwen3.8-2.4t-a95b-fp8,poolact,restricted_search,cost_moderate,poolact,4,output_tokens,tokens,,planned_analysis_unit; Audit_mean_once; pool_resources_N_sum_except_wall,family,whois,0,[2200],39,39,0,39,39,39,35190.794871794875,35190.794871794875,35190.794871794875,39,39,0,1,1
qwen3.8-2.4t-a95b-fp8,poolact,restricted_search,cost_moderate,poolact,4,protocol_failure_rate,fraction,,planned_analysis_unit; Audit_mean_once; pool_resources_N_sum_except_wall,all,all,0,[2200],39,39,0,39,39,39,0.009733335425516807,0.009733335425516807,0.009733335425516807,39,39,0,1,1
qwen3.8-2.4t-a95b-fp8,poolact,restricted_search,cost_moderate,poolact,4,protocol_failure_rate,fraction,,planned_analysis_unit; Audit_mean_once; pool_resources_N_sum_except_wall,family,whois,0,[2200],39,39,0,39,39,39,0.009733335425516807,0.009733335425516807,0.009733335425516807,39,39,0,1,1
qwen3.8-2.4t-a95b-fp8,poolact,restricted_search,cost_moderate,poolact,4,wall_time_seconds,seconds,,planned_analysis_unit; Audit_mean_once; pool_resources_N_sum_except_wall,all,all,0,[2200],39,0,39,39,0,0,,,,39,0,39,1,1
qwen3.8-2.4t-a95b-fp8,poolact,restricted_search,cost_moderate,poolact,4,wall_time_seconds,seconds,,planned_analysis_unit; Audit_mean_once; pool_resources_N_sum_except_wall,family,whois,0,[2200],39,0,39,39,0,0,,,,39,0,39,1,1
qwen3.8-2.4t-a95b-fp8,poolact,restricted_search,cost_tight,cached,4,budget_utilization,fraction,,planned_analysis_unit; Audit_mean_once; pool_resources_N_sum_except_wall,all,all,0,[2200],39,39,0,39,39,39,1.0849111701398317,1.0849111701398317,1.0849111701398317,39,39,0,1,1
qwen3.8-2.4t-a95b-fp8,poolact,restricted_search,cost_tight,cached,4,budget_utilization,fraction,,planned_analysis_unit; Audit_mean_once; pool_resources_N_sum_except_wall,family,whois,0,[2200],39,39,0,39,39,39,1.0849111701398317,1.0849111701398317,1.0849111701398317,39,39,0,1,1
qwen3.8-2.4t-a95b-fp8,poolact,restricted_search,cost_tight,cached,4,duplicate_action_attempts,count,,planned_analysis_unit; Audit_mean_once; pool_resources_N_sum_except_wall,all,all,0,[2200],39,39,0,39,39,39,9.461538461538462,9.461538461538462,9.461538461538462,39,39,0,1,1
qwen3.8-2.4t-a95b-fp8,poolact,restricted_search,cost_tight,cached,4,duplicate_action_attempts,count,,planned_analysis_unit; Audit_mean_once; pool_resources_N_sum_except_wall,family,whois,0,[2200],39,39,0,39,39,39,9.461538461538462,9.461538461538462,9.461538461538462,39,39,0,1,1
qwen3.8-2.4t-a95b-fp8,poolact,restricted_search,cost_tight,cached,4,f1_mi,fraction,True,planned_analysis_unit; Audit_mean_once; pool_resources_N_sum_except_wall,all,all,0,[2200],39,39,0,39,39,39,0.22310222457281279,0.22310222457281279,0.22310222457281279,39,39,0,1,1
qwen3.8-2.4t-a95b-fp8,poolact,restricted_search,cost_tight,cached,4,f1_mi,fraction,True,planned_analysis_unit; Audit_mean_once; pool_resources_N_sum_except_wall,family,whois,0,[2200],39,39,0,39,39,39,0.22310222457281279,0.22310222457281279,0.22310222457281279,39,39,0,1,1
qwen3.8-2.4t-a95b-fp8,poolact,restricted_search,cost_tight,cached,4,f1_mv,fraction,True,planned_analysis_unit; Audit_mean_once; pool_resources_N_sum_except_wall,all,all,0,[2200],39,39,0,39,39,39,0.23313940960999785,0.23313940960999785,0.23313940960999785,39,39,0,1,1
qwen3.8-2.4t-a95b-fp8,poolact,restricted_search,cost_tight,cached,4,f1_mv,fraction,True,planned_analysis_unit; Audit_mean_once; pool_resources_N_sum_except_wall,family,whois,0,[2200],39,39,0,39,39,39,0.23313940960999785,0.23313940960999785,0.23313940960999785,39,39,0,1,1
qwen3.8-2.4t-a95b-fp8,poolact,restricted_search,cost_tight,cached,4,feedback_attempts,count,,planned_analysis_unit; Audit_mean_once; pool_resources_N_sum_except_wall,all,all,0,[2200],39,39,0,39,39,39,16.41025641025641,16.41025641025641,16.41025641025641,39,39,0,1,1
qwen3.8-2.4t-a95b-fp8,poolact,restricted_search,cost_tight,cached,4,feedback_attempts,count,,planned_analysis_unit; Audit_mean_once; pool_resources_N_sum_except_wall,family,whois,0,[2200],39,39,0,39,39,39,16.41025641025641,16.41025641025641,16.41025641025641,39,39,0,1,1
qwen3.8-2.4t-a95b-fp8,poolact,restricted_search,cost_tight,cached,4,feedback_cost_seconds,seconds,,planned_analysis_unit; Audit_mean_once; pool_resources_N_sum_except_wall,all,all,0,[2200],39,39,0,39,39,39,3905.6802125033946,3905.6802125033946,3905.6802125033946,39,39,0,1,1
qwen3.8-2.4t-a95b-fp8,poolact,restricted_search,cost_tight,cached,4,feedback_cost_seconds,seconds,,planned_analysis_unit; Audit_mean_once; pool_resources_N_sum_except_wall,family,whois,0,[2200],39,39,0,39,39,39,3905.6802125033946,3905.6802125033946,3905.6802125033946,39,39,0,1,1
qwen3.8-2.4t-a95b-fp8,poolact,restricted_search,cost_tight,cached,4,feedback_visible,count,,planned_analysis_unit; Audit_mean_once; pool_resources_N_sum_except_wall,all,all,0,[2200],39,0,39,39,0,0,,,,39,0,39,1,1
qwen3.8-2.4t-a95b-fp8,poolact,restricted_search,cost_tight,cached,4,feedback_visible,count,,planned_analysis_unit; Audit_mean_once; pool_resources_N_sum_except_wall,family,whois,0,[2200],39,0,39,39,0,0,,,,39,0,39,1,1
qwen3.8-2.4t-a95b-fp8,poolact,restricted_search,cost_tight,cached,4,input_tokens,tokens,,planned_analysis_unit; Audit_mean_once; pool_resources_N_sum_except_wall,all,all,0,[2200],39,39,0,39,39,39,35458.282051282054,35458.282051282054,35458.282051282054,39,39,0,1,1
qwen3.8-2.4t-a95b-fp8,poolact,restricted_search,cost_tight,cached,4,input_tokens,tokens,,planned_analysis_unit; Audit_mean_once; pool_resources_N_sum_except_wall,family,whois,0,[2200],39,39,0,39,39,39,35458.282051282054,35458.282051282054,35458.282051282054,39,39,0,1,1
qwen3.8-2.4t-a95b-fp8,poolact,restricted_search,cost_tight,cached,4,output_tokens,tokens,,planned_analysis_unit; Audit_mean_once; pool_resources_N_sum_except_wall,all,all,0,[2200],39,39,0,39,39,39,6880.897435897436,6880.897435897436,6880.897435897436,39,39,0,1,1
qwen3.8-2.4t-a95b-fp8,poolact,restricted_search,cost_tight,cached,4,output_tokens,tokens,,planned_analysis_unit; Audit_mean_once; pool_resources_N_sum_except_wall,family,whois,0,[2200],39,39,0,39,39,39,6880.897435897436,6880.897435897436,6880.897435897436,39,39,0,1,1
qwen3.8-2.4t-a95b-fp8,poolact,restricted_search,cost_tight,cached,4,protocol_failure_rate,fraction,,planned_analysis_unit; Audit_mean_once; pool_resources_N_sum_except_wall,all,all,0,[2200],39,39,0,39,39,39,0.06713656579407051,0.06713656579407051,0.06713656579407051,39,39,0,1,1
qwen3.8-2.4t-a95b-fp8,poolact,restricted_search,cost_tight,cached,4,protocol_failure_rate,fraction,,planned_analysis_unit; Audit_mean_once; pool_resources_N_sum_except_wall,family,whois,0,[2200],39,39,0,39,39,39,0.06713656579407051,0.06713656579407051,0.06713656579407051,39,39,0,1,1
qwen3.8-2.4t-a95b-fp8,poolact,restricted_search,cost_tight,cached,4,wall_time_seconds,seconds,,planned_analysis_unit; Audit_mean_once; pool_resources_N_sum_except_wall,all,all,0,[2200],39,0,39,39,0,0,,,,39,0,39,1,1
qwen3.8-2.4t-a95b-fp8,poolact,restricted_search,cost_tight,cached,4,wall_time_seconds,seconds,,planned_analysis_unit; Audit_mean_once; pool_resources_N_sum_except_wall,family,whois,0,[2200],39,0,39,39,0,0,,,,39,0,39,1,1
qwen3.8-2.4t-a95b-fp8,poolact,restricted_search,cost_tight,naive,4,budget_utilization,fraction,,planned_analysis_unit; Audit_mean_once; pool_resources_N_sum_except_wall,all,all,0,[2200],39,39,0,39,39,39,1.1018952665092991,1.1018952665092991,1.1018952665092991,39,39,0,1,1
qwen3.8-2.4t-a95b-fp8,poolact,restricted_search,cost_tight,naive,4,budget_utilization,fraction,,planned_analysis_unit; Audit_mean_once; pool_resources_N_sum_except_wall,family,whois,0,[2200],39,39,0,39,39,39,1.1018952665092991,1.1018952665092991,1.1018952665092991,39,39,0,1,1
qwen3.8-2.4t-a95b-fp8,poolact,restricted_search,cost_tight,naive,4,duplicate_action_attempts,count,,planned_analysis_unit; Audit_mean_once; pool_resources_N_sum_except_wall,all,all,0,[2200],39,39,0,39,39,39,9.743589743589743,9.743589743589743,9.743589743589743,39,39,0,1,1
qwen3.8-2.4t-a95b-fp8,poolact,restricted_search,cost_tight,naive,4,duplicate_action_attempts,count,,planned_analysis_unit; Audit_mean_once; pool_resources_N_sum_except_wall,family,whois,0,[2200],39,39,0,39,39,39,9.743589743589743,9.743589743589743,9.743589743589743,39,39,0,1,1
qwen3.8-2.4t-a95b-fp8,poolact,restricted_search,cost_tight,naive,4,f1_mi,fraction,True,planned_analysis_unit; Audit_mean_once; pool_resources_N_sum_except_wall,all,all,0,[2200],39,39,0,39,39,39,0.18552036199095023,0.18552036199095023,0.18552036199095023,39,39,0,1,1
qwen3.8-2.4t-a95b-fp8,poolact,restricted_search,cost_tight,naive,4,f1_mi,fraction,True,planned_analysis_unit; Audit_mean_once; pool_resources_N_sum_except_wall,family,whois,0,[2200],39,39,0,39,39,39,0.18552036199095023,0.18552036199095023,0.18552036199095023,39,39,0,1,1
qwen3.8-2.4t-a95b-fp8,poolact,restricted_search,cost_tight,naive,4,f1_mv,fraction,True,planned_analysis_unit; Audit_mean_once; pool_resources_N_sum_except_wall,all,all,0,[2200],39,39,0,39,39,39,0.18295625942684765,0.18295625942684765,0.18295625942684765,39,39,0,1,1
qwen3.8-2.4t-a95b-fp8,poolact,restricted_search,cost_tight,naive,4,f1_mv,fraction,True,planned_analysis_unit; Audit_mean_once; pool_resources_N_sum_except_wall,family,whois,0,[2200],39,39,0,39,39,39,0.18295625942684765,0.18295625942684765,0.18295625942684765,39,39,0,1,1
qwen3.8-2.4t-a95b-fp8,poolact,restricted_search,cost_tight,naive,4,feedback_attempts,count,,planned_analysis_unit; Audit_mean_once; pool_resources_N_sum_except_wall,all,all,0,[2200],39,39,0,39,39,39,16.512820512820515,16.512820512820515,16.512820512820515,39,39,0,1,1
qwen3.8-2.4t-a95b-fp8,poolact,restricted_search,cost_tight,naive,4,feedback_attempts,count,,planned_analysis_unit; Audit_mean_once; pool_resources_N_sum_except_wall,family,whois,0,[2200],39,39,0,39,39,39,16.512820512820515,16.512820512820515,16.512820512820515,39,39,0,1,1
qwen3.8-2.4t-a95b-fp8,poolact,restricted_search,cost_tight,naive,4,feedback_cost_seconds,seconds,,planned_analysis_unit; Audit_mean_once; pool_resources_N_sum_except_wall,all,all,0,[2200],39,39,0,39,39,39,3966.822959433477,3966.822959433477,3966.822959433477,39,39,0,1,1
qwen3.8-2.4t-a95b-fp8,poolact,restricted_search,cost_tight,naive,4,feedback_cost_seconds,seconds,,planned_analysis_unit; Audit_mean_once; pool_resources_N_sum_except_wall,family,whois,0,[2200],39,39,0,39,39,39,3966.822959433477,3966.822959433477,3966.822959433477,39,39,0,1,1
qwen3.8-2.4t-a95b-fp8,poolact,restricted_search,cost_tight,naive,4,feedback_visible,count,,planned_analysis_unit; Audit_mean_once; pool_resources_N_sum_except_wall,all,all,0,[2200],39,0,39,39,0,0,,,,39,0,39,1,1
qwen3.8-2.4t-a95b-fp8,poolact,restricted_search,cost_tight,naive,4,feedback_visible,count,,planned_analysis_unit; Audit_mean_once; pool_resources_N_sum_except_wall,family,whois,0,[2200],39,0,39,39,0,0,,,,39,0,39,1,1
qwen3.8-2.4t-a95b-fp8,poolact,restricted_search,cost_tight,naive,4,input_tokens,tokens,,planned_analysis_unit; Audit_mean_once; pool_resources_N_sum_except_wall,all,all,0,[2200],39,39,0,39,39,39,34095.179487179485,34095.179487179485,34095.179487179485,39,39,0,1,1
qwen3.8-2.4t-a95b-fp8,poolact,restricted_search,cost_tight,naive,4,input_tokens,tokens,,planned_analysis_unit; Audit_mean_once; pool_resources_N_sum_except_wall,family,whois,0,[2200],39,39,0,39,39,39,34095.179487179485,34095.179487179485,34095.179487179485,39,39,0,1,1
qwen3.8-2.4t-a95b-fp8,poolact,restricted_search,cost_tight,naive,4,output_tokens,tokens,,planned_analysis_unit; Audit_mean_once; pool_resources_N_sum_except_wall,all,all,0,[2200],39,39,0,39,39,39,7174.333333333333,7174.333333333333,7174.333333333333,39,39,0,1,1
qwen3.8-2.4t-a95b-fp8,poolact,restricted_search,cost_tight,naive,4,output_tokens,tokens,,planned_analysis_unit; Audit_mean_once; pool_resources_N_sum_except_wall,family,whois,0,[2200],39,39,0,39,39,39,7174.333333333333,7174.333333333333,7174.333333333333,39,39,0,1,1
qwen3.8-2.4t-a95b-fp8,poolact,restricted_search,cost_tight,naive,4,protocol_failure_rate,fraction,,planned_analysis_unit; Audit_mean_once; pool_resources_N_sum_except_wall,all,all,0,[2200],39,39,0,39,39,39,0.052547244286694536,0.052547244286694536,0.052547244286694536,39,39,0,1,1
qwen3.8-2.4t-a95b-fp8,poolact,restricted_search,cost_tight,naive,4,protocol_failure_rate,fraction,,planned_analysis_unit; Audit_mean_once; pool_resources_N_sum_except_wall,family,whois,0,[2200],39,39,0,39,39,39,0.052547244286694536,0.052547244286694536,0.052547244286694536,39,39,0,1,1
qwen3.8-2.4t-a95b-fp8,poolact,restricted_search,cost_tight,naive,4,wall_time_seconds,seconds,,planned_analysis_unit; Audit_mean_once; pool_resources_N_sum_except_wall,all,all,0,[2200],39,0,39,39,0,0,,,,39,0,39,1,1
qwen3.8-2.4t-a95b-fp8,poolact,restricted_search,cost_tight,naive,4,wall_time_seconds,seconds,,planned_analysis_unit; Audit_mean_once; pool_resources_N_sum_except_wall,family,whois,0,[2200],39,0,39,39,0,0,,,,39,0,39,1,1
qwen3.8-2.4t-a95b-fp8,poolact,restricted_search,cost_tight,poolact,4,budget_utilization,fraction,,planned_analysis_unit; Audit_mean_once; pool_resources_N_sum_except_wall,all,all,0,[2200],39,39,0,39,39,39,1.0876983603209847,1.0876983603209847,1.0876983603209847,39,39,0,1,1
qwen3.8-2.4t-a95b-fp8,poolact,restricted_search,cost_tight,poolact,4,budget_utilization,fraction,,planned_analysis_unit; Audit_mean_once; pool_resources_N_sum_except_wall,family,whois,0,[2200],39,39,0,39,39,39,1.0876983603209847,1.0876983603209847,1.0876983603209847,39,39,0,1,1
qwen3.8-2.4t-a95b-fp8,poolact,restricted_search,cost_tight,poolact,4,duplicate_action_attempts,count,,planned_analysis_unit; Audit_mean_once; pool_resources_N_sum_except_wall,all,all,0,[2200],39,39,0,39,39,39,4.717948717948718,4.717948717948718,4.717948717948718,39,39,0,1,1
qwen3.8-2.4t-a95b-fp8,poolact,restricted_search,cost_tight,poolact,4,duplicate_action_attempts,count,,planned_analysis_unit; Audit_mean_once; pool_resources_N_sum_except_wall,family,whois,0,[2200],39,39,0,39,39,39,4.717948717948718,4.717948717948718,4.717948717948718,39,39,0,1,1
qwen3.8-2.4t-a95b-fp8,poolact,restricted_search,cost_tight,poolact,4,f1_mi,fraction,True,planned_analysis_unit; Audit_mean_once; pool_resources_N_sum_except_wall,all,all,0,[2200],39,39,0,39,39,39,0.2268997342526754,0.2268997342526754,0.2268997342526754,39,39,0,1,1
qwen3.8-2.4t-a95b-fp8,poolact,restricted_search,cost_tight,poolact,4,f1_mi,fraction,True,planned_analysis_unit; Audit_mean_once; pool_resources_N_sum_except_wall,family,whois,0,[2200],39,39,0,39,39,39,0.2268997342526754,0.2268997342526754,0.2268997342526754,39,39,0,1,1
qwen3.8-2.4t-a95b-fp8,poolact,restricted_search,cost_tight,poolact,4,f1_mv,fraction,True,planned_analysis_unit; Audit_mean_once; pool_resources_N_sum_except_wall,all,all,0,[2200],39,39,0,39,39,39,0.20688788335847158,0.20688788335847158,0.20688788335847158,39,39,0,1,1
qwen3.8-2.4t-a95b-fp8,poolact,restricted_search,cost_tight,poolact,4,f1_mv,fraction,True,planned_analysis_unit; Audit_mean_once; pool_resources_N_sum_except_wall,family,whois,0,[2200],39,39,0,39,39,39,0.20688788335847158,0.20688788335847158,0.20688788335847158,39,39,0,1,1
qwen3.8-2.4t-a95b-fp8,poolact,restricted_search,cost_tight,poolact,4,feedback_attempts,count,,planned_analysis_unit; Audit_mean_once; pool_resources_N_sum_except_wall,all,all,0,[2200],39,39,0,39,39,39,16.53846153846154,16.53846153846154,16.53846153846154,39,39,0,1,1
qwen3.8-2.4t-a95b-fp8,poolact,restricted_search,cost_tight,poolact,4,feedback_attempts,count,,planned_analysis_unit; Audit_mean_once; pool_resources_N_sum_except_wall,family,whois,0,[2200],39,39,0,39,39,39,16.53846153846154,16.53846153846154,16.53846153846154,39,39,0,1,1
qwen3.8-2.4t-a95b-fp8,poolact,restricted_search,cost_tight,poolact,4,feedback_cost_seconds,seconds,,planned_analysis_unit; Audit_mean_once; pool_resources_N_sum_except_wall,all,all,0,[2200],39,39,0,39,39,39,3915.7140971555446,3915.7140971555446,3915.7140971555446,39,39,0,1,1
qwen3.8-2.4t-a95b-fp8,poolact,restricted_search,cost_tight,poolact,4,feedback_cost_seconds,seconds,,planned_analysis_unit; Audit_mean_once; pool_resources_N_sum_except_wall,family,whois,0,[2200],39,39,0,39,39,39,3915.7140971555446,3915.7140971555446,3915.7140971555446,39,39,0,1,1
qwen3.8-2.4t-a95b-fp8,poolact,restricted_search,cost_tight,poolact,4,feedback_visible,count,,planned_analysis_unit; Audit_mean_once; pool_resources_N_sum_except_wall,all,all,0,[2200],39,0,39,39,0,0,,,,39,0,39,1,1
qwen3.8-2.4t-a95b-fp8,poolact,restricted_search,cost_tight,poolact,4,feedback_visible,count,,planned_analysis_unit; Audit_mean_once; pool_resources_N_sum_except_wall,family,whois,0,[2200],39,0,39,39,0,0,,,,39,0,39,1,1
qwen3.8-2.4t-a95b-fp8,poolact,restricted_search,cost_tight,poolact,4,input_tokens,tokens,,planned_analysis_unit; Audit_mean_once; pool_resources_N_sum_except_wall,all,all,0,[2200],39,39,0,39,39,39,60483.846153846156,60483.846153846156,60483.846153846156,39,39,0,1,1
qwen3.8-2.4t-a95b-fp8,poolact,restricted_search,cost_tight,poolact,4,input_tokens,tokens,,planned_analysis_unit; Audit_mean_once; pool_resources_N_sum_except_wall,family,whois,0,[2200],39,39,0,39,39,39,60483.846153846156,60483.846153846156,60483.846153846156,39,39,0,1,1
qwen3.8-2.4t-a95b-fp8,poolact,restricted_search,cost_tight,poolact,4,output_tokens,tokens,,planned_analysis_unit; Audit_mean_once; pool_resources_N_sum_except_wall,all,all,0,[2200],39,39,0,39,39,39,14122.641025641025,14122.641025641025,14122.641025641025,39,39,0,1,1
qwen3.8-2.4t-a95b-fp8,poolact,restricted_search,cost_tight,poolact,4,output_tokens,tokens,,planned_analysis_unit; Audit_mean_once; pool_resources_N_sum_except_wall,family,whois,0,[2200],39,39,0,39,39,39,14122.641025641025,14122.641025641025,14122.641025641025,39,39,0,1,1
qwen3.8-2.4t-a95b-fp8,poolact,restricted_search,cost_tight,poolact,4,protocol_failure_rate,fraction,,planned_analysis_unit; Audit_mean_once; pool_resources_N_sum_except_wall,all,all,0,[2200],39,39,0,39,39,39,0.01629391258547269,0.01629391258547269,0.01629391258547269,39,39,0,1,1
qwen3.8-2.4t-a95b-fp8,poolact,restricted_search,cost_tight,poolact,4,protocol_failure_rate,fraction,,planned_analysis_unit; Audit_mean_once; pool_resources_N_sum_except_wall,family,whois,0,[2200],39,39,0,39,39,39,0.01629391258547269,0.01629391258547269,0.01629391258547269,39,39,0,1,1
qwen3.8-2.4t-a95b-fp8,poolact,restricted_search,cost_tight,poolact,4,wall_time_seconds,seconds,,planned_analysis_unit; Audit_mean_once; pool_resources_N_sum_except_wall,all,all,0,[2200],39,0,39,39,0,0,,,,39,0,39,1,1
qwen3.8-2.4t-a95b-fp8,poolact,restricted_search,cost_tight,poolact,4,wall_time_seconds,seconds,,planned_analysis_unit; Audit_mean_once; pool_resources_N_sum_except_wall,family,whois,0,[2200],39,0,39,39,0,0,,,,39,0,39,1,1
qwen3.8-2.4t-a95b-fp8,poolact,tuning,cost_moderate,cached,4,budget_utilization,fraction,,planned_analysis_unit; Audit_mean_once; pool_resources_N_sum_except_wall,all,all,0,[2200],3,3,0,3,3,3,0.9999267086991105,0.9999267086991105,0.9999267086991105,3,3,0,1,1
qwen3.8-2.4t-a95b-fp8,poolact,tuning,cost_moderate,cached,4,budget_utilization,fraction,,planned_analysis_unit; Audit_mean_once; pool_resources_N_sum_except_wall,all,all,1,[2204],3,3,0,3,3,3,0.9526355309238252,0.9526355309238252,0.9526355309238252,3,3,0,1,1
qwen3.8-2.4t-a95b-fp8,poolact,tuning,cost_moderate,cached,4,budget_utilization,fraction,,planned_analysis_unit; Audit_mean_once; pool_resources_N_sum_except_wall,all,all,2,[2208],3,3,0,3,3,3,0.9859695924879265,0.9859695924879265,0.9859695924879265,3,3,0,1,1
qwen3.8-2.4t-a95b-fp8,poolact,tuning,cost_moderate,cached,4,budget_utilization,fraction,,planned_analysis_unit; Audit_mean_once; pool_resources_N_sum_except_wall,family,nasbench101,0,[2200],3,3,0,3,3,3,0.9999267086991105,0.9999267086991105,0.9999267086991105,3,3,0,1,1
qwen3.8-2.4t-a95b-fp8,poolact,tuning,cost_moderate,cached,4,budget_utilization,fraction,,planned_analysis_unit; Audit_mean_once; pool_resources_N_sum_except_wall,family,nasbench101,1,[2204],3,3,0,3,3,3,0.9526355309238252,0.9526355309238252,0.9526355309238252,3,3,0,1,1
qwen3.8-2.4t-a95b-fp8,poolact,tuning,cost_moderate,cached,4,budget_utilization,fraction,,planned_analysis_unit; Audit_mean_once; pool_resources_N_sum_except_wall,family,nasbench101,2,[2208],3,3,0,3,3,3,0.9859695924879265,0.9859695924879265,0.9859695924879265,3,3,0,1,1
qwen3.8-2.4t-a95b-fp8,poolact,tuning,cost_moderate,cached,4,budget_utilization,fraction,,planned_analysis_unit; Audit_mean_once; pool_resources_N_sum_except_wall,task,hpobench:nasbench101:A,0,[2200],1,1,0,1,1,1,1.042763880169947,1.042763880169947,1.042763880169947,1,1,0,1,1
qwen3.8-2.4t-a95b-fp8,poolact,tuning,cost_moderate,cached,4,budget_utilization,fraction,,planned_analysis_unit; Audit_mean_once; pool_resources_N_sum_except_wall,task,hpobench:nasbench101:A,1,[2204],1,1,0,1,1,1,0.9110597073664155,0.9110597073664155,0.9110597073664155,1,1,0,1,1
qwen3.8-2.4t-a95b-fp8,poolact,tuning,cost_moderate,cached,4,budget_utilization,fraction,,planned_analysis_unit; Audit_mean_once; pool_resources_N_sum_except_wall,task,hpobench:nasbench101:A,2,[2208],1,1,0,1,1,1,1.0067418595259838,1.0067418595259838,1.0067418595259838,1,1,0,1,1
qwen3.8-2.4t-a95b-fp8,poolact,tuning,cost_moderate,cached,4,budget_utilization,fraction,,planned_analysis_unit; Audit_mean_once; pool_resources_N_sum_except_wall,task,hpobench:nasbench101:B,0,[2200],1,1,0,1,1,1,0.9672487022293503,0.9672487022293503,0.9672487022293503,1,1,0,1,1
qwen3.8-2.4t-a95b-fp8,poolact,tuning,cost_moderate,cached,4,budget_utilization,fraction,,planned_analysis_unit; Audit_mean_once; pool_resources_N_sum_except_wall,task,hpobench:nasbench101:B,1,[2204],1,1,0,1,1,1,0.9922909973722307,0.9922909973722307,0.9922909973722307,1,1,0,1,1
qwen3.8-2.4t-a95b-fp8,poolact,tuning,cost_moderate,cached,4,budget_utilization,fraction,,planned_analysis_unit; Audit_mean_once; pool_resources_N_sum_except_wall,task,hpobench:nasbench101:B,2,[2208],1,1,0,1,1,1,0.9599476405586445,0.9599476405586445,0.9599476405586445,1,1,0,1,1
qwen3.8-2.4t-a95b-fp8,poolact,tuning,cost_moderate,cached,4,budget_utilization,fraction,,planned_analysis_unit; Audit_mean_once; pool_resources_N_sum_except_wall,task,hpobench:nasbench101:C,0,[2200],1,1,0,1,1,1,0.9897675436980343,0.9897675436980343,0.9897675436980343,1,1,0,1,1
qwen3.8-2.4t-a95b-fp8,poolact,tuning,cost_moderate,cached,4,budget_utilization,fraction,,planned_analysis_unit; Audit_mean_once; pool_resources_N_sum_except_wall,task,hpobench:nasbench101:C,1,[2204],1,1,0,1,1,1,0.9545558880328294,0.9545558880328294,0.9545558880328294,1,1,0,1,1
qwen3.8-2.4t-a95b-fp8,poolact,tuning,cost_moderate,cached,4,budget_utilization,fraction,,planned_analysis_unit; Audit_mean_once; pool_resources_N_sum_except_wall,task,hpobench:nasbench101:C,2,[2208],1,1,0,1,1,1,0.991219277379151,0.991219277379151,0.991219277379151,1,1,0,1,1
qwen3.8-2.4t-a95b-fp8,poolact,tuning,cost_moderate,cached,4,duplicate_action_attempts,count,,planned_analysis_unit; Audit_mean_once; pool_resources_N_sum_except_wall,all,all,0,[2200],3,3,0,3,3,3,0.3333333333333333,0.3333333333333333,0.3333333333333333,3,3,0,1,1
qwen3.8-2.4t-a95b-fp8,poolact,tuning,cost_moderate,cached,4,duplicate_action_attempts,count,,planned_analysis_unit; Audit_mean_once; pool_resources_N_sum_except_wall,all,all,1,[2204],3,3,0,3,3,3,0.3333333333333333,0.3333333333333333,0.3333333333333333,3,3,0,1,1
qwen3.8-2.4t-a95b-fp8,poolact,tuning,cost_moderate,cached,4,duplicate_action_attempts,count,,planned_analysis_unit; Audit_mean_once; pool_resources_N_sum_except_wall,all,all,2,[2208],3,3,0,3,3,3,0.3333333333333333,0.3333333333333333,0.3333333333333333,3,3,0,1,1
qwen3.8-2.4t-a95b-fp8,poolact,tuning,cost_moderate,cached,4,duplicate_action_attempts,count,,planned_analysis_unit; Audit_mean_once; pool_resources_N_sum_except_wall,family,nasbench101,0,[2200],3,3,0,3,3,3,0.3333333333333333,0.3333333333333333,0.3333333333333333,3,3,0,1,1
qwen3.8-2.4t-a95b-fp8,poolact,tuning,cost_moderate,cached,4,duplicate_action_attempts,count,,planned_analysis_unit; Audit_mean_once; pool_resources_N_sum_except_wall,family,nasbench101,1,[2204],3,3,0,3,3,3,0.3333333333333333,0.3333333333333333,0.3333333333333333,3,3,0,1,1
qwen3.8-2.4t-a95b-fp8,poolact,tuning,cost_moderate,cached,4,duplicate_action_attempts,count,,planned_analysis_unit; Audit_mean_once; pool_resources_N_sum_except_wall,family,nasbench101,2,[2208],3,3,0,3,3,3,0.3333333333333333,0.3333333333333333,0.3333333333333333,3,3,0,1,1
qwen3.8-2.4t-a95b-fp8,poolact,tuning,cost_moderate,cached,4,duplicate_action_attempts,count,,planned_analysis_unit; Audit_mean_once; pool_resources_N_sum_except_wall,task,hpobench:nasbench101:A,0,[2200],1,1,0,1,1,1,1.0,1.0,1.0,1,1,0,1,1
qwen3.8-2.4t-a95b-fp8,poolact,tuning,cost_moderate,cached,4,duplicate_action_attempts,count,,planned_analysis_unit; Audit_mean_once; pool_resources_N_sum_except_wall,task,hpobench:nasbench101:A,1,[2204],1,1,0,1,1,1,1.0,1.0,1.0,1,1,0,1,1
qwen3.8-2.4t-a95b-fp8,poolact,tuning,cost_moderate,cached,4,duplicate_action_attempts,count,,planned_analysis_unit; Audit_mean_once; pool_resources_N_sum_except_wall,task,hpobench:nasbench101:A,2,[2208],1,1,0,1,1,1,1.0,1.0,1.0,1,1,0,1,1
qwen3.8-2.4t-a95b-fp8,poolact,tuning,cost_moderate,cached,4,duplicate_action_attempts,count,,planned_analysis_unit; Audit_mean_once; pool_resources_N_sum_except_wall,task,hpobench:nasbench101:B,0,[2200],1,1,0,1,1,1,0.0,0.0,0.0,1,1,0,1,1
qwen3.8-2.4t-a95b-fp8,poolact,tuning,cost_moderate,cached,4,duplicate_action_attempts,count,,planned_analysis_unit; Audit_mean_once; pool_resources_N_sum_except_wall,task,hpobench:nasbench101:B,1,[2204],1,1,0,1,1,1,0.0,0.0,0.0,1,1,0,1,1
qwen3.8-2.4t-a95b-fp8,poolact,tuning,cost_moderate,cached,4,duplicate_action_attempts,count,,planned_analysis_unit; Audit_mean_once; pool_resources_N_sum_except_wall,task,hpobench:nasbench101:B,2,[2208],1,1,0,1,1,1,0.0,0.0,0.0,1,1,0,1,1
qwen3.8-2.4t-a95b-fp8,poolact,tuning,cost_moderate,cached,4,duplicate_action_attempts,count,,planned_analysis_unit; Audit_mean_once; pool_resources_N_sum_except_wall,task,hpobench:nasbench101:C,0,[2200],1,1,0,1,1,1,0.0,0.0,0.0,1,1,0,1,1
qwen3.8-2.4t-a95b-fp8,poolact,tuning,cost_moderate,cached,4,duplicate_action_attempts,count,,planned_analysis_unit; Audit_mean_once; pool_resources_N_sum_except_wall,task,hpobench:nasbench101:C,1,[2204],1,1,0,1,1,1,0.0,0.0,0.0,1,1,0,1,1
qwen3.8-2.4t-a95b-fp8,poolact,tuning,cost_moderate,cached,4,duplicate_action_attempts,count,,planned_analysis_unit; Audit_mean_once; pool_resources_N_sum_except_wall,task,hpobench:nasbench101:C,2,[2208],1,1,0,1,1,1,0.0,0.0,0.0,1,1,0,1,1
qwen3.8-2.4t-a95b-fp8,poolact,tuning,cost_moderate,cached,4,feedback_attempts,count,,planned_analysis_unit; Audit_mean_once; pool_resources_N_sum_except_wall,all,all,0,[2200],3,3,0,3,3,3,43.333333333333336,43.333333333333336,43.333333333333336,3,3,0,1,1
qwen3.8-2.4t-a95b-fp8,poolact,tuning,cost_moderate,cached,4,feedback_attempts,count,,planned_analysis_unit; Audit_mean_once; pool_resources_N_sum_except_wall,all,all,1,[2204],3,3,0,3,3,3,49.666666666666664,49.666666666666664,49.666666666666664,3,3,0,1,1
qwen3.8-2.4t-a95b-fp8,poolact,tuning,cost_moderate,cached,4,feedback_attempts,count,,planned_analysis_unit; Audit_mean_once; pool_resources_N_sum_except_wall,all,all,2,[2208],3,3,0,3,3,3,47.0,47.0,47.0,3,3,0,1,1
qwen3.8-2.4t-a95b-fp8,poolact,tuning,cost_moderate,cached,4,feedback_attempts,count,,planned_analysis_unit; Audit_mean_once; pool_resources_N_sum_except_wall,family,nasbench101,0,[2200],3,3,0,3,3,3,43.333333333333336,43.333333333333336,43.333333333333336,3,3,0,1,1
qwen3.8-2.4t-a95b-fp8,poolact,tuning,cost_moderate,cached,4,feedback_attempts,count,,planned_analysis_unit; Audit_mean_once; pool_resources_N_sum_except_wall,family,nasbench101,1,[2204],3,3,0,3,3,3,49.666666666666664,49.666666666666664,49.666666666666664,3,3,0,1,1
qwen3.8-2.4t-a95b-fp8,poolact,tuning,cost_moderate,cached,4,feedback_attempts,count,,planned_analysis_unit; Audit_mean_once; pool_resources_N_sum_except_wall,family,nasbench101,2,[2208],3,3,0,3,3,3,47.0,47.0,47.0,3,3,0,1,1
qwen3.8-2.4t-a95b-fp8,poolact,tuning,cost_moderate,cached,4,feedback_attempts,count,,planned_analysis_unit; Audit_mean_once; pool_resources_N_sum_except_wall,task,hpobench:nasbench101:A,0,[2200],1,1,0,1,1,1,20.0,20.0,20.0,1,1,0,1,1
qwen3.8-2.4t-a95b-fp8,poolact,tuning,cost_moderate,cached,4,feedback_attempts,count,,planned_analysis_unit; Audit_mean_once; pool_resources_N_sum_except_wall,task,hpobench:nasbench101:A,1,[2204],1,1,0,1,1,1,43.0,43.0,43.0,1,1,0,1,1
qwen3.8-2.4t-a95b-fp8,poolact,tuning,cost_moderate,cached,4,feedback_attempts,count,,planned_analysis_unit; Audit_mean_once; pool_resources_N_sum_except_wall,task,hpobench:nasbench101:A,2,[2208],1,1,0,1,1,1,28.0,28.0,28.0,1,1,0,1,1
qwen3.8-2.4t-a95b-fp8,poolact,tuning,cost_moderate,cached,4,feedback_attempts,count,,planned_analysis_unit; Audit_mean_once; pool_resources_N_sum_except_wall,task,hpobench:nasbench101:B,0,[2200],1,1,0,1,1,1,42.0,42.0,42.0,1,1,0,1,1
qwen3.8-2.4t-a95b-fp8,poolact,tuning,cost_moderate,cached,4,feedback_attempts,count,,planned_analysis_unit; Audit_mean_once; pool_resources_N_sum_except_wall,task,hpobench:nasbench101:B,1,[2204],1,1,0,1,1,1,48.0,48.0,48.0,1,1,0,1,1
qwen3.8-2.4t-a95b-fp8,poolact,tuning,cost_moderate,cached,4,feedback_attempts,count,,planned_analysis_unit; Audit_mean_once; pool_resources_N_sum_except_wall,task,hpobench:nasbench101:B,2,[2208],1,1,0,1,1,1,50.0,50.0,50.0,1,1,0,1,1
qwen3.8-2.4t-a95b-fp8,poolact,tuning,cost_moderate,cached,4,feedback_attempts,count,,planned_analysis_unit; Audit_mean_once; pool_resources_N_sum_except_wall,task,hpobench:nasbench101:C,0,[2200],1,1,0,1,1,1,68.0,68.0,68.0,1,1,0,1,1
qwen3.8-2.4t-a95b-fp8,poolact,tuning,cost_moderate,cached,4,feedback_attempts,count,,planned_analysis_unit; Audit_mean_once; pool_resources_N_sum_except_wall,task,hpobench:nasbench101:C,1,[2204],1,1,0,1,1,1,58.0,58.0,58.0,1,1,0,1,1
qwen3.8-2.4t-a95b-fp8,poolact,tuning,cost_moderate,cached,4,feedback_attempts,count,,planned_analysis_unit; Audit_mean_once; pool_resources_N_sum_except_wall,task,hpobench:nasbench101:C,2,[2208],1,1,0,1,1,1,63.0,63.0,63.0,1,1,0,1,1
qwen3.8-2.4t-a95b-fp8,poolact,tuning,cost_moderate,cached,4,feedback_cost_seconds,seconds,,planned_analysis_unit; Audit_mean_once; pool_resources_N_sum_except_wall,all,all,0,[2200],3,3,0,3,3,3,349465.8935546875,349465.8935546875,349465.8935546875,3,3,0,1,1
qwen3.8-2.4t-a95b-fp8,poolact,tuning,cost_moderate,cached,4,feedback_cost_seconds,seconds,,planned_analysis_unit; Audit_mean_once; pool_resources_N_sum_except_wall,all,all,1,[2204],3,3,0,3,3,3,338963.59681193036,338963.59681193036,338963.59681193036,3,3,0,1,1
qwen3.8-2.4t-a95b-fp8,poolact,tuning,cost_moderate,cached,4,feedback_cost_seconds,seconds,,planned_analysis_unit; Audit_mean_once; pool_resources_N_sum_except_wall,all,all,2,[2208],3,3,0,3,3,3,346305.1874593099,346305.1874593099,346305.1874593099,3,3,0,1,1
qwen3.8-2.4t-a95b-fp8,poolact,tuning,cost_moderate,cached,4,feedback_cost_seconds,seconds,,planned_analysis_unit; Audit_mean_once; pool_resources_N_sum_except_wall,family,nasbench101,0,[2200],3,3,0,3,3,3,349465.8935546875,349465.8935546875,349465.8935546875,3,3,0,1,1
qwen3.8-2.4t-a95b-fp8,poolact,tuning,cost_moderate,cached,4,feedback_cost_seconds,seconds,,planned_analysis_unit; Audit_mean_once; pool_resources_N_sum_except_wall,family,nasbench101,1,[2204],3,3,0,3,3,3,338963.59681193036,338963.59681193036,338963.59681193036,3,3,0,1,1
qwen3.8-2.4t-a95b-fp8,poolact,tuning,cost_moderate,cached,4,feedback_cost_seconds,seconds,,planned_analysis_unit; Audit_mean_once; pool_resources_N_sum_except_wall,family,nasbench101,2,[2208],3,3,0,3,3,3,346305.1874593099,346305.1874593099,346305.1874593099,3,3,0,1,1
qwen3.8-2.4t-a95b-fp8,poolact,tuning,cost_moderate,cached,4,feedback_cost_seconds,seconds,,planned_analysis_unit; Audit_mean_once; pool_resources_N_sum_except_wall,task,hpobench:nasbench101:A,0,[2200],1,1,0,1,1,1,206223.3291015625,206223.3291015625,206223.3291015625,1,1,0,1,1
qwen3.8-2.4t-a95b-fp8,poolact,tuning,cost_moderate,cached,4,feedback_cost_seconds,seconds,,planned_analysis_unit; Audit_mean_once; pool_resources_N_sum_except_wall,task,hpobench:nasbench101:A,1,[2204],1,1,0,1,1,1,180176.71060180664,180176.71060180664,180176.71060180664,1,1,0,1,1
qwen3.8-2.4t-a95b-fp8,poolact,tuning,cost_moderate,cached,4,feedback_cost_seconds,seconds,,planned_analysis_unit; Audit_mean_once; pool_resources_N_sum_except_wall,task,hpobench:nasbench101:A,2,[2208],1,1,0,1,1,1,199099.39514160156,199099.39514160156,199099.39514160156,1,1,0,1,1
qwen3.8-2.4t-a95b-fp8,poolact,tuning,cost_moderate,cached,4,feedback_cost_seconds,seconds,,planned_analysis_unit; Audit_mean_once; pool_resources_N_sum_except_wall,task,hpobench:nasbench101:B,0,[2200],1,1,0,1,1,1,398605.5516357422,398605.5516357422,398605.5516357422,1,1,0,1,1
qwen3.8-2.4t-a95b-fp8,poolact,tuning,cost_moderate,cached,4,feedback_cost_seconds,seconds,,planned_analysis_unit; Audit_mean_once; pool_resources_N_sum_except_wall,task,hpobench:nasbench101:B,1,[2204],1,1,0,1,1,1,408925.54260253906,408925.54260253906,408925.54260253906,1,1,0,1,1
qwen3.8-2.4t-a95b-fp8,poolact,tuning,cost_moderate,cached,4,feedback_cost_seconds,seconds,,planned_analysis_unit; Audit_mean_once; pool_resources_N_sum_except_wall,task,hpobench:nasbench101:B,2,[2208],1,1,0,1,1,1,395596.7662963867,395596.7662963867,395596.7662963867,1,1,0,1,1
qwen3.8-2.4t-a95b-fp8,poolact,tuning,cost_moderate,cached,4,feedback_cost_seconds,seconds,,planned_analysis_unit; Audit_mean_once; pool_resources_N_sum_except_wall,task,hpobench:nasbench101:C,0,[2200],1,1,0,1,1,1,443568.7999267578,443568.7999267578,443568.7999267578,1,1,0,1,1
qwen3.8-2.4t-a95b-fp8,poolact,tuning,cost_moderate,cached,4,feedback_cost_seconds,seconds,,planned_analysis_unit; Audit_mean_once; pool_resources_N_sum_except_wall,task,hpobench:nasbench101:C,1,[2204],1,1,0,1,1,1,427788.5372314453,427788.5372314453,427788.5372314453,1,1,0,1,1
qwen3.8-2.4t-a95b-fp8,poolact,tuning,cost_moderate,cached,4,feedback_cost_seconds,seconds,,planned_analysis_unit; Audit_mean_once; pool_resources_N_sum_except_wall,task,hpobench:nasbench101:C,2,[2208],1,1,0,1,1,1,444219.4009399414,444219.4009399414,444219.4009399414,1,1,0,1,1
qwen3.8-2.4t-a95b-fp8,poolact,tuning,cost_moderate,cached,4,feedback_visible,count,,planned_analysis_unit; Audit_mean_once; pool_resources_N_sum_except_wall,all,all,0,[2200],3,0,3,3,0,0,,,,3,0,3,1,1
qwen3.8-2.4t-a95b-fp8,poolact,tuning,cost_moderate,cached,4,feedback_visible,count,,planned_analysis_unit; Audit_mean_once; pool_resources_N_sum_except_wall,all,all,1,[2204],3,0,3,3,0,0,,,,3,0,3,1,1
qwen3.8-2.4t-a95b-fp8,poolact,tuning,cost_moderate,cached,4,feedback_visible,count,,planned_analysis_unit; Audit_mean_once; pool_resources_N_sum_except_wall,all,all,2,[2208],3,0,3,3,0,0,,,,3,0,3,1,1
qwen3.8-2.4t-a95b-fp8,poolact,tuning,cost_moderate,cached,4,feedback_visible,count,,planned_analysis_unit; Audit_mean_once; pool_resources_N_sum_except_wall,family,nasbench101,0,[2200],3,0,3,3,0,0,,,,3,0,3,1,1
qwen3.8-2.4t-a95b-fp8,poolact,tuning,cost_moderate,cached,4,feedback_visible,count,,planned_analysis_unit; Audit_mean_once; pool_resources_N_sum_except_wall,family,nasbench101,1,[2204],3,0,3,3,0,0,,,,3,0,3,1,1
qwen3.8-2.4t-a95b-fp8,poolact,tuning,cost_moderate,cached,4,feedback_visible,count,,planned_analysis_unit; Audit_mean_once; pool_resources_N_sum_except_wall,family,nasbench101,2,[2208],3,0,3,3,0,0,,,,3,0,3,1,1
qwen3.8-2.4t-a95b-fp8,poolact,tuning,cost_moderate,cached,4,feedback_visible,count,,planned_analysis_unit; Audit_mean_once; pool_resources_N_sum_except_wall,task,hpobench:nasbench101:A,0,[2200],1,0,1,1,0,0,,,,1,0,1,1,1
qwen3.8-2.4t-a95b-fp8,poolact,tuning,cost_moderate,cached,4,feedback_visible,count,,planned_analysis_unit; Audit_mean_once; pool_resources_N_sum_except_wall,task,hpobench:nasbench101:A,1,[2204],1,0,1,1,0,0,,,,1,0,1,1,1
qwen3.8-2.4t-a95b-fp8,poolact,tuning,cost_moderate,cached,4,feedback_visible,count,,planned_analysis_unit; Audit_mean_once; pool_resources_N_sum_except_wall,task,hpobench:nasbench101:A,2,[2208],1,0,1,1,0,0,,,,1,0,1,1,1
qwen3.8-2.4t-a95b-fp8,poolact,tuning,cost_moderate,cached,4,feedback_visible,count,,planned_analysis_unit; Audit_mean_once; pool_resources_N_sum_except_wall,task,hpobench:nasbench101:B,0,[2200],1,0,1,1,0,0,,,,1,0,1,1,1
qwen3.8-2.4t-a95b-fp8,poolact,tuning,cost_moderate,cached,4,feedback_visible,count,,planned_analysis_unit; Audit_mean_once; pool_resources_N_sum_except_wall,task,hpobench:nasbench101:B,1,[2204],1,0,1,1,0,0,,,,1,0,1,1,1
qwen3.8-2.4t-a95b-fp8,poolact,tuning,cost_moderate,cached,4,feedback_visible,count,,planned_analysis_unit; Audit_mean_once; pool_resources_N_sum_except_wall,task,hpobench:nasbench101:B,2,[2208],1,0,1,1,0,0,,,,1,0,1,1,1
qwen3.8-2.4t-a95b-fp8,poolact,tuning,cost_moderate,cached,4,feedback_visible,count,,planned_analysis_unit; Audit_mean_once; pool_resources_N_sum_except_wall,task,hpobench:nasbench101:C,0,[2200],1,0,1,1,0,0,,,,1,0,1,1,1
qwen3.8-2.4t-a95b-fp8,poolact,tuning,cost_moderate,cached,4,feedback_visible,count,,planned_analysis_unit; Audit_mean_once; pool_resources_N_sum_except_wall,task,hpobench:nasbench101:C,1,[2204],1,0,1,1,0,0,,,,1,0,1,1,1
qwen3.8-2.4t-a95b-fp8,poolact,tuning,cost_moderate,cached,4,feedback_visible,count,,planned_analysis_unit; Audit_mean_once; pool_resources_N_sum_except_wall,task,hpobench:nasbench101:C,2,[2208],1,0,1,1,0,0,,,,1,0,1,1,1
qwen3.8-2.4t-a95b-fp8,poolact,tuning,cost_moderate,cached,4,gap_bon,Gap points,True,planned_analysis_unit; Audit_mean_once; pool_resources_N_sum_except_wall,all,all,0,[2200],3,3,0,3,3,3,98.31640785806974,98.31640785806974,98.31640785806974,3,3,0,1,1
qwen3.8-2.4t-a95b-fp8,poolact,tuning,cost_moderate,cached,4,gap_bon,Gap points,True,planned_analysis_unit; Audit_mean_once; pool_resources_N_sum_except_wall,all,all,1,[2204],3,3,0,3,3,3,99.3389515579554,99.3389515579554,99.3389515579554,3,3,0,1,1
qwen3.8-2.4t-a95b-fp8,poolact,tuning,cost_moderate,cached,4,gap_bon,Gap points,True,planned_analysis_unit; Audit_mean_once; pool_resources_N_sum_except_wall,all,all,2,[2208],3,3,0,3,3,3,99.35522863188059,99.35522863188059,99.35522863188059,3,3,0,1,1
qwen3.8-2.4t-a95b-fp8,poolact,tuning,cost_moderate,cached,4,gap_bon,Gap points,True,planned_analysis_unit; Audit_mean_once; pool_resources_N_sum_except_wall,family,nasbench101,0,[2200],3,3,0,3,3,3,98.31640785806974,98.31640785806974,98.31640785806974,3,3,0,1,1
qwen3.8-2.4t-a95b-fp8,poolact,tuning,cost_moderate,cached,4,gap_bon,Gap points,True,planned_analysis_unit; Audit_mean_once; pool_resources_N_sum_except_wall,family,nasbench101,1,[2204],3,3,0,3,3,3,99.3389515579554,99.3389515579554,99.3389515579554,3,3,0,1,1
qwen3.8-2.4t-a95b-fp8,poolact,tuning,cost_moderate,cached,4,gap_bon,Gap points,True,planned_analysis_unit; Audit_mean_once; pool_resources_N_sum_except_wall,family,nasbench101,2,[2208],3,3,0,3,3,3,99.35522863188059,99.35522863188059,99.35522863188059,3,3,0,1,1
qwen3.8-2.4t-a95b-fp8,poolact,tuning,cost_moderate,cached,4,gap_bon,Gap points,True,planned_analysis_unit; Audit_mean_once; pool_resources_N_sum_except_wall,task,hpobench:nasbench101:A,0,[2200],1,1,0,1,1,1,99.22162374823655,99.22162374823655,99.22162374823655,1,1,0,1,1
qwen3.8-2.4t-a95b-fp8,poolact,tuning,cost_moderate,cached,4,gap_bon,Gap points,True,planned_analysis_unit; Audit_mean_once; pool_resources_N_sum_except_wall,task,hpobench:nasbench101:A,1,[2204],1,1,0,1,1,1,99.37824970180219,99.37824970180219,99.37824970180219,1,1,0,1,1
qwen3.8-2.4t-a95b-fp8,poolact,tuning,cost_moderate,cached,4,gap_bon,Gap points,True,planned_analysis_unit; Audit_mean_once; pool_resources_N_sum_except_wall,task,hpobench:nasbench101:A,2,[2208],1,1,0,1,1,1,99.46842810995027,99.46842810995027,99.46842810995027,1,1,0,1,1
qwen3.8-2.4t-a95b-fp8,poolact,tuning,cost_moderate,cached,4,gap_bon,Gap points,True,planned_analysis_unit; Audit_mean_once; pool_resources_N_sum_except_wall,task,hpobench:nasbench101:B,0,[2200],1,1,0,1,1,1,96.13519407571944,96.13519407571944,96.13519407571944,1,1,0,1,1
qwen3.8-2.4t-a95b-fp8,poolact,tuning,cost_moderate,cached,4,gap_bon,Gap points,True,planned_analysis_unit; Audit_mean_once; pool_resources_N_sum_except_wall,task,hpobench:nasbench101:B,1,[2204],1,1,0,1,1,1,99.06982919858311,99.06982919858311,99.06982919858311,1,1,0,1,1
qwen3.8-2.4t-a95b-fp8,poolact,tuning,cost_moderate,cached,4,gap_bon,Gap points,True,planned_analysis_unit; Audit_mean_once; pool_resources_N_sum_except_wall,task,hpobench:nasbench101:B,2,[2208],1,1,0,1,1,1,99.06982919858311,99.06982919858311,99.06982919858311,1,1,0,1,1
qwen3.8-2.4t-a95b-fp8,poolact,tuning,cost_moderate,cached,4,gap_bon,Gap points,True,planned_analysis_unit; Audit_mean_once; pool_resources_N_sum_except_wall,task,hpobench:nasbench101:C,0,[2200],1,1,0,1,1,1,99.59240575025322,99.59240575025322,99.59240575025322,1,1,0,1,1
qwen3.8-2.4t-a95b-fp8,poolact,tuning,cost_moderate,cached,4,gap_bon,Gap points,True,planned_analysis_unit; Audit_mean_once; pool_resources_N_sum_except_wall,task,hpobench:nasbench101:C,1,[2204],1,1,0,1,1,1,99.56877577348091,99.56877577348091,99.56877577348091,1,1,0,1,1
qwen3.8-2.4t-a95b-fp8,poolact,tuning,cost_moderate,cached,4,gap_bon,Gap points,True,planned_analysis_unit; Audit_mean_once; pool_resources_N_sum_except_wall,task,hpobench:nasbench101:C,2,[2208],1,1,0,1,1,1,99.52742858710837,99.52742858710837,99.52742858710837,1,1,0,1,1
qwen3.8-2.4t-a95b-fp8,poolact,tuning,cost_moderate,cached,4,gap_mi,Gap points,True,planned_analysis_unit; Audit_mean_once; pool_resources_N_sum_except_wall,all,all,0,[2200],3,3,0,3,3,3,96.8273231361785,96.8273231361785,96.8273231361785,3,3,0,1,1
qwen3.8-2.4t-a95b-fp8,poolact,tuning,cost_moderate,cached,4,gap_mi,Gap points,True,planned_analysis_unit; Audit_mean_once; pool_resources_N_sum_except_wall,all,all,1,[2204],3,3,0,3,3,3,98.30310845572228,98.30310845572228,98.30310845572228,3,3,0,1,1
qwen3.8-2.4t-a95b-fp8,poolact,tuning,cost_moderate,cached,4,gap_mi,Gap points,True,planned_analysis_unit; Audit_mean_once; pool_resources_N_sum_except_wall,all,all,2,[2208],3,3,0,3,3,3,98.03956765167148,98.03956765167148,98.03956765167148,3,3,0,1,1
qwen3.8-2.4t-a95b-fp8,poolact,tuning,cost_moderate,cached,4,gap_mi,Gap points,True,planned_analysis_unit; Audit_mean_once; pool_resources_N_sum_except_wall,family,nasbench101,0,[2200],3,3,0,3,3,3,96.8273231361785,96.8273231361785,96.8273231361785,3,3,0,1,1
qwen3.8-2.4t-a95b-fp8,poolact,tuning,cost_moderate,cached,4,gap_mi,Gap points,True,planned_analysis_unit; Audit_mean_once; pool_resources_N_sum_except_wall,family,nasbench101,1,[2204],3,3,0,3,3,3,98.30310845572228,98.30310845572228,98.30310845572228,3,3,0,1,1
qwen3.8-2.4t-a95b-fp8,poolact,tuning,cost_moderate,cached,4,gap_mi,Gap points,True,planned_analysis_unit; Audit_mean_once; pool_resources_N_sum_except_wall,family,nasbench101,2,[2208],3,3,0,3,3,3,98.03956765167148,98.03956765167148,98.03956765167148,3,3,0,1,1
qwen3.8-2.4t-a95b-fp8,poolact,tuning,cost_moderate,cached,4,gap_mi,Gap points,True,planned_analysis_unit; Audit_mean_once; pool_resources_N_sum_except_wall,task,hpobench:nasbench101:A,0,[2200],1,1,0,1,1,1,98.59512558283451,98.59512558283451,98.59512558283451,1,1,0,1,1
qwen3.8-2.4t-a95b-fp8,poolact,tuning,cost_moderate,cached,4,gap_mi,Gap points,True,planned_analysis_unit; Audit_mean_once; pool_resources_N_sum_except_wall,task,hpobench:nasbench101:A,1,[2204],1,1,0,1,1,1,98.22729509218875,98.22729509218875,98.22729509218875,1,1,0,1,1
qwen3.8-2.4t-a95b-fp8,poolact,tuning,cost_moderate,cached,4,gap_mi,Gap points,True,planned_analysis_unit; Audit_mean_once; pool_resources_N_sum_except_wall,task,hpobench:nasbench101:A,2,[2208],1,1,0,1,1,1,98.19525828628103,98.19525828628103,98.19525828628103,1,1,0,1,1
qwen3.8-2.4t-a95b-fp8,poolact,tuning,cost_moderate,cached,4,gap_mi,Gap points,True,planned_analysis_unit; Audit_mean_once; pool_resources_N_sum_except_wall,task,hpobench:nasbench101:B,0,[2200],1,1,0,1,1,1,93.05646352135278,93.05646352135278,93.05646352135278,1,1,0,1,1
qwen3.8-2.4t-a95b-fp8,poolact,tuning,cost_moderate,cached,4,gap_mi,Gap points,True,planned_analysis_unit; Audit_mean_once; pool_resources_N_sum_except_wall,task,hpobench:nasbench101:B,1,[2204],1,1,0,1,1,1,97.98899261939519,97.98899261939519,97.98899261939519,1,1,0,1,1
qwen3.8-2.4t-a95b-fp8,poolact,tuning,cost_moderate,cached,4,gap_mi,Gap points,True,planned_analysis_unit; Audit_mean_once; pool_resources_N_sum_except_wall,task,hpobench:nasbench101:B,2,[2208],1,1,0,1,1,1,97.49770574586519,97.49770574586519,97.49770574586519,1,1,0,1,1
qwen3.8-2.4t-a95b-fp8,poolact,tuning,cost_moderate,cached,4,gap_mi,Gap points,True,planned_analysis_unit; Audit_mean_once; pool_resources_N_sum_except_wall,task,hpobench:nasbench101:C,0,[2200],1,1,0,1,1,1,98.83038030434824,98.83038030434824,98.83038030434824,1,1,0,1,1
qwen3.8-2.4t-a95b-fp8,poolact,tuning,cost_moderate,cached,4,gap_mi,Gap points,True,planned_analysis_unit; Audit_mean_once; pool_resources_N_sum_except_wall,task,hpobench:nasbench101:C,1,[2204],1,1,0,1,1,1,98.69303765558291,98.69303765558291,98.69303765558291,1,1,0,1,1
qwen3.8-2.4t-a95b-fp8,poolact,tuning,cost_moderate,cached,4,gap_mi,Gap points,True,planned_analysis_unit; Audit_mean_once; pool_resources_N_sum_except_wall,task,hpobench:nasbench101:C,2,[2208],1,1,0,1,1,1,98.42573892286819,98.42573892286819,98.42573892286819,1,1,0,1,1
qwen3.8-2.4t-a95b-fp8,poolact,tuning,cost_moderate,cached,4,input_tokens,tokens,,planned_analysis_unit; Audit_mean_once; pool_resources_N_sum_except_wall,all,all,0,[2200],3,3,0,3,3,3,681321.6666666666,681321.6666666666,681321.6666666666,3,3,0,1,1
qwen3.8-2.4t-a95b-fp8,poolact,tuning,cost_moderate,cached,4,input_tokens,tokens,,planned_analysis_unit; Audit_mean_once; pool_resources_N_sum_except_wall,all,all,1,[2204],3,3,0,3,3,3,695133.0,695133.0,695133.0,3,3,0,1,1
qwen3.8-2.4t-a95b-fp8,poolact,tuning,cost_moderate,cached,4,input_tokens,tokens,,planned_analysis_unit; Audit_mean_once; pool_resources_N_sum_except_wall,all,all,2,[2208],3,3,0,3,3,3,632938.6666666666,632938.6666666666,632938.6666666666,3,3,0,1,1
qwen3.8-2.4t-a95b-fp8,poolact,tuning,cost_moderate,cached,4,input_tokens,tokens,,planned_analysis_unit; Audit_mean_once; pool_resources_N_sum_except_wall,family,nasbench101,0,[2200],3,3,0,3,3,3,681321.6666666666,681321.6666666666,681321.6666666666,3,3,0,1,1
qwen3.8-2.4t-a95b-fp8,poolact,tuning,cost_moderate,cached,4,input_tokens,tokens,,planned_analysis_unit; Audit_mean_once; pool_resources_N_sum_except_wall,family,nasbench101,1,[2204],3,3,0,3,3,3,695133.0,695133.0,695133.0,3,3,0,1,1
qwen3.8-2.4t-a95b-fp8,poolact,tuning,cost_moderate,cached,4,input_tokens,tokens,,planned_analysis_unit; Audit_mean_once; pool_resources_N_sum_except_wall,family,nasbench101,2,[2208],3,3,0,3,3,3,632938.6666666666,632938.6666666666,632938.6666666666,3,3,0,1,1
qwen3.8-2.4t-a95b-fp8,poolact,tuning,cost_moderate,cached,4,input_tokens,tokens,,planned_analysis_unit; Audit_mean_once; pool_resources_N_sum_except_wall,task,hpobench:nasbench101:A,0,[2200],1,1,0,1,1,1,197171.0,197171.0,197171.0,1,1,0,1,1
qwen3.8-2.4t-a95b-fp8,poolact,tuning,cost_moderate,cached,4,input_tokens,tokens,,planned_analysis_unit; Audit_mean_once; pool_resources_N_sum_except_wall,task,hpobench:nasbench101:A,1,[2204],1,1,0,1,1,1,575370.0,575370.0,575370.0,1,1,0,1,1
qwen3.8-2.4t-a95b-fp8,poolact,tuning,cost_moderate,cached,4,input_tokens,tokens,,planned_analysis_unit; Audit_mean_once; pool_resources_N_sum_except_wall,task,hpobench:nasbench101:A,2,[2208],1,1,0,1,1,1,253525.0,253525.0,253525.0,1,1,0,1,1
qwen3.8-2.4t-a95b-fp8,poolact,tuning,cost_moderate,cached,4,input_tokens,tokens,,planned_analysis_unit; Audit_mean_once; pool_resources_N_sum_except_wall,task,hpobench:nasbench101:B,0,[2200],1,1,0,1,1,1,586606.0,586606.0,586606.0,1,1,0,1,1
qwen3.8-2.4t-a95b-fp8,poolact,tuning,cost_moderate,cached,4,input_tokens,tokens,,planned_analysis_unit; Audit_mean_once; pool_resources_N_sum_except_wall,task,hpobench:nasbench101:B,1,[2204],1,1,0,1,1,1,549305.0,549305.0,549305.0,1,1,0,1,1
qwen3.8-2.4t-a95b-fp8,poolact,tuning,cost_moderate,cached,4,input_tokens,tokens,,planned_analysis_unit; Audit_mean_once; pool_resources_N_sum_except_wall,task,hpobench:nasbench101:B,2,[2208],1,1,0,1,1,1,639528.0,639528.0,639528.0,1,1,0,1,1
qwen3.8-2.4t-a95b-fp8,poolact,tuning,cost_moderate,cached,4,input_tokens,tokens,,planned_analysis_unit; Audit_mean_once; pool_resources_N_sum_except_wall,task,hpobench:nasbench101:C,0,[2200],1,1,0,1,1,1,1260188.0,1260188.0,1260188.0,1,1,0,1,1
qwen3.8-2.4t-a95b-fp8,poolact,tuning,cost_moderate,cached,4,input_tokens,tokens,,planned_analysis_unit; Audit_mean_once; pool_resources_N_sum_except_wall,task,hpobench:nasbench101:C,1,[2204],1,1,0,1,1,1,960724.0,960724.0,960724.0,1,1,0,1,1
qwen3.8-2.4t-a95b-fp8,poolact,tuning,cost_moderate,cached,4,input_tokens,tokens,,planned_analysis_unit; Audit_mean_once; pool_resources_N_sum_except_wall,task,hpobench:nasbench101:C,2,[2208],1,1,0,1,1,1,1005763.0,1005763.0,1005763.0,1,1,0,1,1
qwen3.8-2.4t-a95b-fp8,poolact,tuning,cost_moderate,cached,4,output_tokens,tokens,,planned_analysis_unit; Audit_mean_once; pool_resources_N_sum_except_wall,all,all,0,[2200],3,3,0,3,3,3,67203.33333333333,67203.33333333333,67203.33333333333,3,3,0,1,1
qwen3.8-2.4t-a95b-fp8,poolact,tuning,cost_moderate,cached,4,output_tokens,tokens,,planned_analysis_unit; Audit_mean_once; pool_resources_N_sum_except_wall,all,all,1,[2204],3,3,0,3,3,3,57655.333333333336,57655.333333333336,57655.333333333336,3,3,0,1,1
qwen3.8-2.4t-a95b-fp8,poolact,tuning,cost_moderate,cached,4,output_tokens,tokens,,planned_analysis_unit; Audit_mean_once; pool_resources_N_sum_except_wall,all,all,2,[2208],3,3,0,3,3,3,58894.0,58894.0,58894.0,3,3,0,1,1
qwen3.8-2.4t-a95b-fp8,poolact,tuning,cost_moderate,cached,4,output_tokens,tokens,,planned_analysis_unit; Audit_mean_once; pool_resources_N_sum_except_wall,family,nasbench101,0,[2200],3,3,0,3,3,3,67203.33333333333,67203.33333333333,67203.33333333333,3,3,0,1,1
qwen3.8-2.4t-a95b-fp8,poolact,tuning,cost_moderate,cached,4,output_tokens,tokens,,planned_analysis_unit; Audit_mean_once; pool_resources_N_sum_except_wall,family,nasbench101,1,[2204],3,3,0,3,3,3,57655.333333333336,57655.333333333336,57655.333333333336,3,3,0,1,1
qwen3.8-2.4t-a95b-fp8,poolact,tuning,cost_moderate,cached,4,output_tokens,tokens,,planned_analysis_unit; Audit_mean_once; pool_resources_N_sum_except_wall,family,nasbench101,2,[2208],3,3,0,3,3,3,58894.0,58894.0,58894.0,3,3,0,1,1
qwen3.8-2.4t-a95b-fp8,poolact,tuning,cost_moderate,cached,4,output_tokens,tokens,,planned_analysis_unit; Audit_mean_once; pool_resources_N_sum_except_wall,task,hpobench:nasbench101:A,0,[2200],1,1,0,1,1,1,43384.0,43384.0,43384.0,1,1,0,1,1
qwen3.8-2.4t-a95b-fp8,poolact,tuning,cost_moderate,cached,4,output_tokens,tokens,,planned_analysis_unit; Audit_mean_once; pool_resources_N_sum_except_wall,task,hpobench:nasbench101:A,1,[2204],1,1,0,1,1,1,52216.0,52216.0,52216.0,1,1,0,1,1
qwen3.8-2.4t-a95b-fp8,poolact,tuning,cost_moderate,cached,4,output_tokens,tokens,,planned_analysis_unit; Audit_mean_once; pool_resources_N_sum_except_wall,task,hpobench:nasbench101:A,2,[2208],1,1,0,1,1,1,35379.0,35379.0,35379.0,1,1,0,1,1
qwen3.8-2.4t-a95b-fp8,poolact,tuning,cost_moderate,cached,4,output_tokens,tokens,,planned_analysis_unit; Audit_mean_once; pool_resources_N_sum_except_wall,task,hpobench:nasbench101:B,0,[2200],1,1,0,1,1,1,60443.0,60443.0,60443.0,1,1,0,1,1
qwen3.8-2.4t-a95b-fp8,poolact,tuning,cost_moderate,cached,4,output_tokens,tokens,,planned_analysis_unit; Audit_mean_once; pool_resources_N_sum_except_wall,task,hpobench:nasbench101:B,1,[2204],1,1,0,1,1,1,46228.0,46228.0,46228.0,1,1,0,1,1
qwen3.8-2.4t-a95b-fp8,poolact,tuning,cost_moderate,cached,4,output_tokens,tokens,,planned_analysis_unit; Audit_mean_once; pool_resources_N_sum_except_wall,task,hpobench:nasbench101:B,2,[2208],1,1,0,1,1,1,57335.0,57335.0,57335.0,1,1,0,1,1
qwen3.8-2.4t-a95b-fp8,poolact,tuning,cost_moderate,cached,4,output_tokens,tokens,,planned_analysis_unit; Audit_mean_once; pool_resources_N_sum_except_wall,task,hpobench:nasbench101:C,0,[2200],1,1,0,1,1,1,97783.0,97783.0,97783.0,1,1,0,1,1
qwen3.8-2.4t-a95b-fp8,poolact,tuning,cost_moderate,cached,4,output_tokens,tokens,,planned_analysis_unit; Audit_mean_once; pool_resources_N_sum_except_wall,task,hpobench:nasbench101:C,1,[2204],1,1,0,1,1,1,74522.0,74522.0,74522.0,1,1,0,1,1
qwen3.8-2.4t-a95b-fp8,poolact,tuning,cost_moderate,cached,4,output_tokens,tokens,,planned_analysis_unit; Audit_mean_once; pool_resources_N_sum_except_wall,task,hpobench:nasbench101:C,2,[2208],1,1,0,1,1,1,83968.0,83968.0,83968.0,1,1,0,1,1
qwen3.8-2.4t-a95b-fp8,poolact,tuning,cost_moderate,cached,4,protocol_failure_rate,fraction,,planned_analysis_unit; Audit_mean_once; pool_resources_N_sum_except_wall,all,all,0,[2200],3,3,0,3,3,3,0.022342342342342347,0.022342342342342347,0.022342342342342347,3,3,0,1,1
qwen3.8-2.4t-a95b-fp8,poolact,tuning,cost_moderate,cached,4,protocol_failure_rate,fraction,,planned_analysis_unit; Audit_mean_once; pool_resources_N_sum_except_wall,all,all,1,[2204],3,3,0,3,3,3,0.03772410431677912,0.03772410431677912,0.03772410431677912,3,3,0,1,1
qwen3.8-2.4t-a95b-fp8,poolact,tuning,cost_moderate,cached,4,protocol_failure_rate,fraction,,planned_analysis_unit; Audit_mean_once; pool_resources_N_sum_except_wall,all,all,2,[2208],3,3,0,3,3,3,0.022005772005772004,0.022005772005772004,0.022005772005772004,3,3,0,1,1
qwen3.8-2.4t-a95b-fp8,poolact,tuning,cost_moderate,cached,4,protocol_failure_rate,fraction,,planned_analysis_unit; Audit_mean_once; pool_resources_N_sum_except_wall,family,nasbench101,0,[2200],3,3,0,3,3,3,0.022342342342342347,0.022342342342342347,0.022342342342342347,3,3,0,1,1
qwen3.8-2.4t-a95b-fp8,poolact,tuning,cost_moderate,cached,4,protocol_failure_rate,fraction,,planned_analysis_unit; Audit_mean_once; pool_resources_N_sum_except_wall,family,nasbench101,1,[2204],3,3,0,3,3,3,0.03772410431677912,0.03772410431677912,0.03772410431677912,3,3,0,1,1
qwen3.8-2.4t-a95b-fp8,poolact,tuning,cost_moderate,cached,4,protocol_failure_rate,fraction,,planned_analysis_unit; Audit_mean_once; pool_resources_N_sum_except_wall,family,nasbench101,2,[2208],3,3,0,3,3,3,0.022005772005772004,0.022005772005772004,0.022005772005772004,3,3,0,1,1
qwen3.8-2.4t-a95b-fp8,poolact,tuning,cost_moderate,cached,4,protocol_failure_rate,fraction,,planned_analysis_unit; Audit_mean_once; pool_resources_N_sum_except_wall,task,hpobench:nasbench101:A,0,[2200],1,1,0,1,1,1,0.04,0.04,0.04,1,1,0,1,1
qwen3.8-2.4t-a95b-fp8,poolact,tuning,cost_moderate,cached,4,protocol_failure_rate,fraction,,planned_analysis_unit; Audit_mean_once; pool_resources_N_sum_except_wall,task,hpobench:nasbench101:A,1,[2204],1,1,0,1,1,1,0.0784313725490196,0.0784313725490196,0.0784313725490196,1,1,0,1,1
qwen3.8-2.4t-a95b-fp8,poolact,tuning,cost_moderate,cached,4,protocol_failure_rate,fraction,,planned_analysis_unit; Audit_mean_once; pool_resources_N_sum_except_wall,task,hpobench:nasbench101:A,2,[2208],1,1,0,1,1,1,0.030303030303030304,0.030303030303030304,0.030303030303030304,1,1,0,1,1
qwen3.8-2.4t-a95b-fp8,poolact,tuning,cost_moderate,cached,4,protocol_failure_rate,fraction,,planned_analysis_unit; Audit_mean_once; pool_resources_N_sum_except_wall,task,hpobench:nasbench101:B,0,[2200],1,1,0,1,1,1,0.0,0.0,0.0,1,1,0,1,1
qwen3.8-2.4t-a95b-fp8,poolact,tuning,cost_moderate,cached,4,protocol_failure_rate,fraction,,planned_analysis_unit; Audit_mean_once; pool_resources_N_sum_except_wall,task,hpobench:nasbench101:B,1,[2204],1,1,0,1,1,1,0.018867924528301886,0.018867924528301886,0.018867924528301886,1,1,0,1,1
qwen3.8-2.4t-a95b-fp8,poolact,tuning,cost_moderate,cached,4,protocol_failure_rate,fraction,,planned_analysis_unit; Audit_mean_once; pool_resources_N_sum_except_wall,task,hpobench:nasbench101:B,2,[2208],1,1,0,1,1,1,0.03571428571428571,0.03571428571428571,0.03571428571428571,1,1,0,1,1
qwen3.8-2.4t-a95b-fp8,poolact,tuning,cost_moderate,cached,4,protocol_failure_rate,fraction,,planned_analysis_unit; Audit_mean_once; pool_resources_N_sum_except_wall,task,hpobench:nasbench101:C,0,[2200],1,1,0,1,1,1,0.02702702702702703,0.02702702702702703,0.02702702702702703,1,1,0,1,1
qwen3.8-2.4t-a95b-fp8,poolact,tuning,cost_moderate,cached,4,protocol_failure_rate,fraction,,planned_analysis_unit; Audit_mean_once; pool_resources_N_sum_except_wall,task,hpobench:nasbench101:C,1,[2204],1,1,0,1,1,1,0.015873015873015872,0.015873015873015872,0.015873015873015872,1,1,0,1,1
qwen3.8-2.4t-a95b-fp8,poolact,tuning,cost_moderate,cached,4,protocol_failure_rate,fraction,,planned_analysis_unit; Audit_mean_once; pool_resources_N_sum_except_wall,task,hpobench:nasbench101:C,2,[2208],1,1,0,1,1,1,0.0,0.0,0.0,1,1,0,1,1
qwen3.8-2.4t-a95b-fp8,poolact,tuning,cost_moderate,cached,4,raw_perf_bon,fraction,True,planned_analysis_unit; Audit_mean_once; pool_resources_N_sum_except_wall,all,all,0,[2200],3,3,0,3,3,3,0.9409944746229383,0.9409944746229383,0.9409944746229383,3,3,0,1,1
qwen3.8-2.4t-a95b-fp8,poolact,tuning,cost_moderate,cached,4,raw_perf_bon,fraction,True,planned_analysis_unit; Audit_mean_once; pool_resources_N_sum_except_wall,all,all,1,[2204],3,3,0,3,3,3,0.9438100987010533,0.9438100987010533,0.9438100987010533,3,3,0,1,1
qwen3.8-2.4t-a95b-fp8,poolact,tuning,cost_moderate,cached,4,raw_perf_bon,fraction,True,planned_analysis_unit; Audit_mean_once; pool_resources_N_sum_except_wall,all,all,2,[2208],3,3,0,3,3,3,0.9439436528417801,0.9439436528417801,0.9439436528417801,3,3,0,1,1
qwen3.8-2.4t-a95b-fp8,poolact,tuning,cost_moderate,cached,4,raw_perf_bon,fraction,True,planned_analysis_unit; Audit_mean_once; pool_resources_N_sum_except_wall,family,nasbench101,0,[2200],3,3,0,3,3,3,0.9409944746229383,0.9409944746229383,0.9409944746229383,3,3,0,1,1
qwen3.8-2.4t-a95b-fp8,poolact,tuning,cost_moderate,cached,4,raw_perf_bon,fraction,True,planned_analysis_unit; Audit_mean_once; pool_resources_N_sum_except_wall,family,nasbench101,1,[2204],3,3,0,3,3,3,0.9438100987010533,0.9438100987010533,0.9438100987010533,3,3,0,1,1
qwen3.8-2.4t-a95b-fp8,poolact,tuning,cost_moderate,cached,4,raw_perf_bon,fraction,True,planned_analysis_unit; Audit_mean_once; pool_resources_N_sum_except_wall,family,nasbench101,2,[2208],3,3,0,3,3,3,0.9439436528417801,0.9439436528417801,0.9439436528417801,3,3,0,1,1
qwen3.8-2.4t-a95b-fp8,poolact,tuning,cost_moderate,cached,4,raw_perf_bon,fraction,True,planned_analysis_unit; Audit_mean_once; pool_resources_N_sum_except_wall,task,hpobench:nasbench101:A,0,[2200],1,1,0,1,1,1,0.9406049648920695,0.9406049648920695,0.9406049648920695,1,1,0,1,1
qwen3.8-2.4t-a95b-fp8,poolact,tuning,cost_moderate,cached,4,raw_perf_bon,fraction,True,planned_analysis_unit; Audit_mean_once; pool_resources_N_sum_except_wall,task,hpobench:nasbench101:A,1,[2204],1,1,0,1,1,1,0.9417067368825277,0.9417067368825277,0.9417067368825277,1,1,0,1,1
qwen3.8-2.4t-a95b-fp8,poolact,tuning,cost_moderate,cached,4,raw_perf_bon,fraction,True,planned_analysis_unit; Audit_mean_once; pool_resources_N_sum_except_wall,task,hpobench:nasbench101:A,2,[2208],1,1,0,1,1,1,0.9423410892486572,0.9423410892486572,0.9423410892486572,1,1,0,1,1
qwen3.8-2.4t-a95b-fp8,poolact,tuning,cost_moderate,cached,4,raw_perf_bon,fraction,True,planned_analysis_unit; Audit_mean_once; pool_resources_N_sum_except_wall,task,hpobench:nasbench101:B,0,[2200],1,1,0,1,1,1,0.9391025503476461,0.9391025503476461,0.9391025503476461,1,1,0,1,1
qwen3.8-2.4t-a95b-fp8,poolact,tuning,cost_moderate,cached,4,raw_perf_bon,fraction,True,planned_analysis_unit; Audit_mean_once; pool_resources_N_sum_except_wall,task,hpobench:nasbench101:B,1,[2204],1,1,0,1,1,1,0.9465812047322592,0.9465812047322592,0.9465812047322592,1,1,0,1,1
qwen3.8-2.4t-a95b-fp8,poolact,tuning,cost_moderate,cached,4,raw_perf_bon,fraction,True,planned_analysis_unit; Audit_mean_once; pool_resources_N_sum_except_wall,task,hpobench:nasbench101:B,2,[2208],1,1,0,1,1,1,0.9465812047322592,0.9465812047322592,0.9465812047322592,1,1,0,1,1
qwen3.8-2.4t-a95b-fp8,poolact,tuning,cost_moderate,cached,4,raw_perf_bon,fraction,True,planned_analysis_unit; Audit_mean_once; pool_resources_N_sum_except_wall,task,hpobench:nasbench101:C,0,[2200],1,1,0,1,1,1,0.9432759086290995,0.9432759086290995,0.9432759086290995,1,1,0,1,1
qwen3.8-2.4t-a95b-fp8,poolact,tuning,cost_moderate,cached,4,raw_perf_bon,fraction,True,planned_analysis_unit; Audit_mean_once; pool_resources_N_sum_except_wall,task,hpobench:nasbench101:C,1,[2204],1,1,0,1,1,1,0.9431423544883728,0.9431423544883728,0.9431423544883728,1,1,0,1,1
qwen3.8-2.4t-a95b-fp8,poolact,tuning,cost_moderate,cached,4,raw_perf_bon,fraction,True,planned_analysis_unit; Audit_mean_once; pool_resources_N_sum_except_wall,task,hpobench:nasbench101:C,2,[2208],1,1,0,1,1,1,0.9429086645444235,0.9429086645444235,0.9429086645444235,1,1,0,1,1
qwen3.8-2.4t-a95b-fp8,poolact,tuning,cost_moderate,cached,4,raw_perf_mi,fraction,True,planned_analysis_unit; Audit_mean_once; pool_resources_N_sum_except_wall,all,all,0,[2200],3,3,0,3,3,3,0.9354745397965113,0.9354745397965113,0.9354745397965113,3,3,0,1,1
qwen3.8-2.4t-a95b-fp8,poolact,tuning,cost_moderate,cached,4,raw_perf_mi,fraction,True,planned_analysis_unit; Audit_mean_once; pool_resources_N_sum_except_wall,all,all,1,[2204],3,3,0,3,3,3,0.9385433362589942,0.9385433362589942,0.9385433362589942,3,3,0,1,1
qwen3.8-2.4t-a95b-fp8,poolact,tuning,cost_moderate,cached,4,raw_perf_mi,fraction,True,planned_analysis_unit; Audit_mean_once; pool_resources_N_sum_except_wall,all,all,2,[2208],3,3,0,3,3,3,0.937547301252683,0.937547301252683,0.937547301252683,3,3,0,1,1
qwen3.8-2.4t-a95b-fp8,poolact,tuning,cost_moderate,cached,4,raw_perf_mi,fraction,True,planned_analysis_unit; Audit_mean_once; pool_resources_N_sum_except_wall,family,nasbench101,0,[2200],3,3,0,3,3,3,0.9354745397965113,0.9354745397965113,0.9354745397965113,3,3,0,1,1
qwen3.8-2.4t-a95b-fp8,poolact,tuning,cost_moderate,cached,4,raw_perf_mi,fraction,True,planned_analysis_unit; Audit_mean_once; pool_resources_N_sum_except_wall,family,nasbench101,1,[2204],3,3,0,3,3,3,0.9385433362589942,0.9385433362589942,0.9385433362589942,3,3,0,1,1
qwen3.8-2.4t-a95b-fp8,poolact,tuning,cost_moderate,cached,4,raw_perf_mi,fraction,True,planned_analysis_unit; Audit_mean_once; pool_resources_N_sum_except_wall,family,nasbench101,2,[2208],3,3,0,3,3,3,0.937547301252683,0.937547301252683,0.937547301252683,3,3,0,1,1
qwen3.8-2.4t-a95b-fp8,poolact,tuning,cost_moderate,cached,4,raw_perf_mi,fraction,True,planned_analysis_unit; Audit_mean_once; pool_resources_N_sum_except_wall,task,hpobench:nasbench101:A,0,[2200],1,1,0,1,1,1,0.9361979166666666,0.9361979166666666,0.9361979166666666,1,1,0,1,1
qwen3.8-2.4t-a95b-fp8,poolact,tuning,cost_moderate,cached,4,raw_perf_mi,fraction,True,planned_analysis_unit; Audit_mean_once; pool_resources_N_sum_except_wall,task,hpobench:nasbench101:A,1,[2204],1,1,0,1,1,1,0.9336104442675909,0.9336104442675909,0.9336104442675909,1,1,0,1,1
qwen3.8-2.4t-a95b-fp8,poolact,tuning,cost_moderate,cached,4,raw_perf_mi,fraction,True,planned_analysis_unit; Audit_mean_once; pool_resources_N_sum_except_wall,task,hpobench:nasbench101:A,2,[2208],1,1,0,1,1,1,0.9333850840727488,0.9333850840727488,0.9333850840727488,1,1,0,1,1
qwen3.8-2.4t-a95b-fp8,poolact,tuning,cost_moderate,cached,4,raw_perf_mi,fraction,True,planned_analysis_unit; Audit_mean_once; pool_resources_N_sum_except_wall,task,hpobench:nasbench101:B,0,[2200],1,1,0,1,1,1,0.9312566816806793,0.9312566816806793,0.9312566816806793,1,1,0,1,1
qwen3.8-2.4t-a95b-fp8,poolact,tuning,cost_moderate,cached,4,raw_perf_mi,fraction,True,planned_analysis_unit; Audit_mean_once; pool_resources_N_sum_except_wall,task,hpobench:nasbench101:B,1,[2204],1,1,0,1,1,1,0.943826789657275,0.943826789657275,0.943826789657275,1,1,0,1,1
qwen3.8-2.4t-a95b-fp8,poolact,tuning,cost_moderate,cached,4,raw_perf_mi,fraction,True,planned_analysis_unit; Audit_mean_once; pool_resources_N_sum_except_wall,task,hpobench:nasbench101:B,2,[2208],1,1,0,1,1,1,0.942574789126714,0.942574789126714,0.942574789126714,1,1,0,1,1
qwen3.8-2.4t-a95b-fp8,poolact,tuning,cost_moderate,cached,4,raw_perf_mi,fraction,True,planned_analysis_unit; Audit_mean_once; pool_resources_N_sum_except_wall,task,hpobench:nasbench101:C,0,[2200],1,1,0,1,1,1,0.9389690210421879,0.9389690210421879,0.9389690210421879,1,1,0,1,1
qwen3.8-2.4t-a95b-fp8,poolact,tuning,cost_moderate,cached,4,raw_perf_mi,fraction,True,planned_analysis_unit; Audit_mean_once; pool_resources_N_sum_except_wall,task,hpobench:nasbench101:C,1,[2204],1,1,0,1,1,1,0.9381927748521168,0.9381927748521168,0.9381927748521168,1,1,0,1,1
qwen3.8-2.4t-a95b-fp8,poolact,tuning,cost_moderate,cached,4,raw_perf_mi,fraction,True,planned_analysis_unit; Audit_mean_once; pool_resources_N_sum_except_wall,task,hpobench:nasbench101:C,2,[2208],1,1,0,1,1,1,0.9366820305585861,0.9366820305585861,0.9366820305585861,1,1,0,1,1
qwen3.8-2.4t-a95b-fp8,poolact,tuning,cost_moderate,cached,4,wall_time_seconds,seconds,,planned_analysis_unit; Audit_mean_once; pool_resources_N_sum_except_wall,all,all,0,[2200],3,0,3,3,0,0,,,,3,0,3,1,1
qwen3.8-2.4t-a95b-fp8,poolact,tuning,cost_moderate,cached,4,wall_time_seconds,seconds,,planned_analysis_unit; Audit_mean_once; pool_resources_N_sum_except_wall,all,all,1,[2204],3,0,3,3,0,0,,,,3,0,3,1,1
qwen3.8-2.4t-a95b-fp8,poolact,tuning,cost_moderate,cached,4,wall_time_seconds,seconds,,planned_analysis_unit; Audit_mean_once; pool_resources_N_sum_except_wall,all,all,2,[2208],3,0,3,3,0,0,,,,3,0,3,1,1
qwen3.8-2.4t-a95b-fp8,poolact,tuning,cost_moderate,cached,4,wall_time_seconds,seconds,,planned_analysis_unit; Audit_mean_once; pool_resources_N_sum_except_wall,family,nasbench101,0,[2200],3,0,3,3,0,0,,,,3,0,3,1,1
qwen3.8-2.4t-a95b-fp8,poolact,tuning,cost_moderate,cached,4,wall_time_seconds,seconds,,planned_analysis_unit; Audit_mean_once; pool_resources_N_sum_except_wall,family,nasbench101,1,[2204],3,0,3,3,0,0,,,,3,0,3,1,1
qwen3.8-2.4t-a95b-fp8,poolact,tuning,cost_moderate,cached,4,wall_time_seconds,seconds,,planned_analysis_unit; Audit_mean_once; pool_resources_N_sum_except_wall,family,nasbench101,2,[2208],3,0,3,3,0,0,,,,3,0,3,1,1
qwen3.8-2.4t-a95b-fp8,poolact,tuning,cost_moderate,cached,4,wall_time_seconds,seconds,,planned_analysis_unit; Audit_mean_once; pool_resources_N_sum_except_wall,task,hpobench:nasbench101:A,0,[2200],1,0,1,1,0,0,,,,1,0,1,1,1
qwen3.8-2.4t-a95b-fp8,poolact,tuning,cost_moderate,cached,4,wall_time_seconds,seconds,,planned_analysis_unit; Audit_mean_once; pool_resources_N_sum_except_wall,task,hpobench:nasbench101:A,1,[2204],1,0,1,1,0,0,,,,1,0,1,1,1
qwen3.8-2.4t-a95b-fp8,poolact,tuning,cost_moderate,cached,4,wall_time_seconds,seconds,,planned_analysis_unit; Audit_mean_once; pool_resources_N_sum_except_wall,task,hpobench:nasbench101:A,2,[2208],1,0,1,1,0,0,,,,1,0,1,1,1
qwen3.8-2.4t-a95b-fp8,poolact,tuning,cost_moderate,cached,4,wall_time_seconds,seconds,,planned_analysis_unit; Audit_mean_once; pool_resources_N_sum_except_wall,task,hpobench:nasbench101:B,0,[2200],1,0,1,1,0,0,,,,1,0,1,1,1
qwen3.8-2.4t-a95b-fp8,poolact,tuning,cost_moderate,cached,4,wall_time_seconds,seconds,,planned_analysis_unit; Audit_mean_once; pool_resources_N_sum_except_wall,task,hpobench:nasbench101:B,1,[2204],1,0,1,1,0,0,,,,1,0,1,1,1
qwen3.8-2.4t-a95b-fp8,poolact,tuning,cost_moderate,cached,4,wall_time_seconds,seconds,,planned_analysis_unit; Audit_mean_once; pool_resources_N_sum_except_wall,task,hpobench:nasbench101:B,2,[2208],1,0,1,1,0,0,,,,1,0,1,1,1
qwen3.8-2.4t-a95b-fp8,poolact,tuning,cost_moderate,cached,4,wall_time_seconds,seconds,,planned_analysis_unit; Audit_mean_once; pool_resources_N_sum_except_wall,task,hpobench:nasbench101:C,0,[2200],1,0,1,1,0,0,,,,1,0,1,1,1
qwen3.8-2.4t-a95b-fp8,poolact,tuning,cost_moderate,cached,4,wall_time_seconds,seconds,,planned_analysis_unit; Audit_mean_once; pool_resources_N_sum_except_wall,task,hpobench:nasbench101:C,1,[2204],1,0,1,1,0,0,,,,1,0,1,1,1
qwen3.8-2.4t-a95b-fp8,poolact,tuning,cost_moderate,cached,4,wall_time_seconds,seconds,,planned_analysis_unit; Audit_mean_once; pool_resources_N_sum_except_wall,task,hpobench:nasbench101:C,2,[2208],1,0,1,1,0,0,,,,1,0,1,1,1
qwen3.8-2.4t-a95b-fp8,poolact,tuning,cost_moderate,naive,4,budget_utilization,fraction,,planned_analysis_unit; Audit_mean_once; pool_resources_N_sum_except_wall,all,all,0,[2200],3,3,0,3,3,3,0.9470945745274261,0.9470945745274261,0.9470945745274261,3,3,0,1,1
qwen3.8-2.4t-a95b-fp8,poolact,tuning,cost_moderate,naive,4,budget_utilization,fraction,,planned_analysis_unit; Audit_mean_once; pool_resources_N_sum_except_wall,all,all,1,[2204],3,3,0,3,3,3,0.9662880360999168,0.9662880360999168,0.9662880360999168,3,3,0,1,1
qwen3.8-2.4t-a95b-fp8,poolact,tuning,cost_moderate,naive,4,budget_utilization,fraction,,planned_analysis_unit; Audit_mean_once; pool_resources_N_sum_except_wall,all,all,2,[2208],3,3,0,3,3,3,0.938703553217216,0.938703553217216,0.938703553217216,3,3,0,1,1
qwen3.8-2.4t-a95b-fp8,poolact,tuning,cost_moderate,naive,4,budget_utilization,fraction,,planned_analysis_unit; Audit_mean_once; pool_resources_N_sum_except_wall,family,nasbench101,0,[2200],3,3,0,3,3,3,0.9470945745274261,0.9470945745274261,0.9470945745274261,3,3,0,1,1
qwen3.8-2.4t-a95b-fp8,poolact,tuning,cost_moderate,naive,4,budget_utilization,fraction,,planned_analysis_unit; Audit_mean_once; pool_resources_N_sum_except_wall,family,nasbench101,1,[2204],3,3,0,3,3,3,0.9662880360999168,0.9662880360999168,0.9662880360999168,3,3,0,1,1
qwen3.8-2.4t-a95b-fp8,poolact,tuning,cost_moderate,naive,4,budget_utilization,fraction,,planned_analysis_unit; Audit_mean_once; pool_resources_N_sum_except_wall,family,nasbench101,2,[2208],3,3,0,3,3,3,0.938703553217216,0.938703553217216,0.938703553217216,3,3,0,1,1
qwen3.8-2.4t-a95b-fp8,poolact,tuning,cost_moderate,naive,4,budget_utilization,fraction,,planned_analysis_unit; Audit_mean_once; pool_resources_N_sum_except_wall,task,hpobench:nasbench101:A,0,[2200],1,1,0,1,1,1,0.9830592308710668,0.9830592308710668,0.9830592308710668,1,1,0,1,1
qwen3.8-2.4t-a95b-fp8,poolact,tuning,cost_moderate,naive,4,budget_utilization,fraction,,planned_analysis_unit; Audit_mean_once; pool_resources_N_sum_except_wall,task,hpobench:nasbench101:A,1,[2204],1,1,0,1,1,1,0.9562836500883131,0.9562836500883131,0.9562836500883131,1,1,0,1,1
qwen3.8-2.4t-a95b-fp8,poolact,tuning,cost_moderate,naive,4,budget_utilization,fraction,,planned_analysis_unit; Audit_mean_once; pool_resources_N_sum_except_wall,task,hpobench:nasbench101:A,2,[2208],1,1,0,1,1,1,0.8718090088477021,0.8718090088477021,0.8718090088477021,1,1,0,1,1
qwen3.8-2.4t-a95b-fp8,poolact,tuning,cost_moderate,naive,4,budget_utilization,fraction,,planned_analysis_unit; Audit_mean_once; pool_resources_N_sum_except_wall,task,hpobench:nasbench101:B,0,[2200],1,1,0,1,1,1,0.8816671372018344,0.8816671372018344,0.8816671372018344,1,1,0,1,1
qwen3.8-2.4t-a95b-fp8,poolact,tuning,cost_moderate,naive,4,budget_utilization,fraction,,planned_analysis_unit; Audit_mean_once; pool_resources_N_sum_except_wall,task,hpobench:nasbench101:B,1,[2204],1,1,0,1,1,1,0.9820844470961478,0.9820844470961478,0.9820844470961478,1,1,0,1,1
qwen3.8-2.4t-a95b-fp8,poolact,tuning,cost_moderate,naive,4,budget_utilization,fraction,,planned_analysis_unit; Audit_mean_once; pool_resources_N_sum_except_wall,task,hpobench:nasbench101:B,2,[2208],1,1,0,1,1,1,0.9968720553414524,0.9968720553414524,0.9968720553414524,1,1,0,1,1
qwen3.8-2.4t-a95b-fp8,poolact,tuning,cost_moderate,naive,4,budget_utilization,fraction,,planned_analysis_unit; Audit_mean_once; pool_resources_N_sum_except_wall,task,hpobench:nasbench101:C,0,[2200],1,1,0,1,1,1,0.9765573555093771,0.9765573555093771,0.9765573555093771,1,1,0,1,1
qwen3.8-2.4t-a95b-fp8,poolact,tuning,cost_moderate,naive,4,budget_utilization,fraction,,planned_analysis_unit; Audit_mean_once; pool_resources_N_sum_except_wall,task,hpobench:nasbench101:C,1,[2204],1,1,0,1,1,1,0.9604960111152894,0.9604960111152894,0.9604960111152894,1,1,0,1,1
qwen3.8-2.4t-a95b-fp8,poolact,tuning,cost_moderate,naive,4,budget_utilization,fraction,,planned_analysis_unit; Audit_mean_once; pool_resources_N_sum_except_wall,task,hpobench:nasbench101:C,2,[2208],1,1,0,1,1,1,0.9474295954624938,0.9474295954624938,0.9474295954624938,1,1,0,1,1
qwen3.8-2.4t-a95b-fp8,poolact,tuning,cost_moderate,naive,4,duplicate_action_attempts,count,,planned_analysis_unit; Audit_mean_once; pool_resources_N_sum_except_wall,all,all,0,[2200],3,3,0,3,3,3,0.6666666666666666,0.6666666666666666,0.6666666666666666,3,3,0,1,1
qwen3.8-2.4t-a95b-fp8,poolact,tuning,cost_moderate,naive,4,duplicate_action_attempts,count,,planned_analysis_unit; Audit_mean_once; pool_resources_N_sum_except_wall,all,all,1,[2204],3,3,0,3,3,3,0.3333333333333333,0.3333333333333333,0.3333333333333333,3,3,0,1,1
qwen3.8-2.4t-a95b-fp8,poolact,tuning,cost_moderate,naive,4,duplicate_action_attempts,count,,planned_analysis_unit; Audit_mean_once; pool_resources_N_sum_except_wall,all,all,2,[2208],3,3,0,3,3,3,1.0,1.0,1.0,3,3,0,1,1
qwen3.8-2.4t-a95b-fp8,poolact,tuning,cost_moderate,naive,4,duplicate_action_attempts,count,,planned_analysis_unit; Audit_mean_once; pool_resources_N_sum_except_wall,family,nasbench101,0,[2200],3,3,0,3,3,3,0.6666666666666666,0.6666666666666666,0.6666666666666666,3,3,0,1,1
qwen3.8-2.4t-a95b-fp8,poolact,tuning,cost_moderate,naive,4,duplicate_action_attempts,count,,planned_analysis_unit; Audit_mean_once; pool_resources_N_sum_except_wall,family,nasbench101,1,[2204],3,3,0,3,3,3,0.3333333333333333,0.3333333333333333,0.3333333333333333,3,3,0,1,1
qwen3.8-2.4t-a95b-fp8,poolact,tuning,cost_moderate,naive,4,duplicate_action_attempts,count,,planned_analysis_unit; Audit_mean_once; pool_resources_N_sum_except_wall,family,nasbench101,2,[2208],3,3,0,3,3,3,1.0,1.0,1.0,3,3,0,1,1
qwen3.8-2.4t-a95b-fp8,poolact,tuning,cost_moderate,naive,4,duplicate_action_attempts,count,,planned_analysis_unit; Audit_mean_once; pool_resources_N_sum_except_wall,task,hpobench:nasbench101:A,0,[2200],1,1,0,1,1,1,0.0,0.0,0.0,1,1,0,1,1
qwen3.8-2.4t-a95b-fp8,poolact,tuning,cost_moderate,naive,4,duplicate_action_attempts,count,,planned_analysis_unit; Audit_mean_once; pool_resources_N_sum_except_wall,task,hpobench:nasbench101:A,1,[2204],1,1,0,1,1,1,0.0,0.0,0.0,1,1,0,1,1
qwen3.8-2.4t-a95b-fp8,poolact,tuning,cost_moderate,naive,4,duplicate_action_attempts,count,,planned_analysis_unit; Audit_mean_once; pool_resources_N_sum_except_wall,task,hpobench:nasbench101:A,2,[2208],1,1,0,1,1,1,1.0,1.0,1.0,1,1,0,1,1
qwen3.8-2.4t-a95b-fp8,poolact,tuning,cost_moderate,naive,4,duplicate_action_attempts,count,,planned_analysis_unit; Audit_mean_once; pool_resources_N_sum_except_wall,task,hpobench:nasbench101:B,0,[2200],1,1,0,1,1,1,0.0,0.0,0.0,1,1,0,1,1
qwen3.8-2.4t-a95b-fp8,poolact,tuning,cost_moderate,naive,4,duplicate_action_attempts,count,,planned_analysis_unit; Audit_mean_once; pool_resources_N_sum_except_wall,task,hpobench:nasbench101:B,1,[2204],1,1,0,1,1,1,1.0,1.0,1.0,1,1,0,1,1
qwen3.8-2.4t-a95b-fp8,poolact,tuning,cost_moderate,naive,4,duplicate_action_attempts,count,,planned_analysis_unit; Audit_mean_once; pool_resources_N_sum_except_wall,task,hpobench:nasbench101:B,2,[2208],1,1,0,1,1,1,2.0,2.0,2.0,1,1,0,1,1
qwen3.8-2.4t-a95b-fp8,poolact,tuning,cost_moderate,naive,4,duplicate_action_attempts,count,,planned_analysis_unit; Audit_mean_once; pool_resources_N_sum_except_wall,task,hpobench:nasbench101:C,0,[2200],1,1,0,1,1,1,2.0,2.0,2.0,1,1,0,1,1
qwen3.8-2.4t-a95b-fp8,poolact,tuning,cost_moderate,naive,4,duplicate_action_attempts,count,,planned_analysis_unit; Audit_mean_once; pool_resources_N_sum_except_wall,task,hpobench:nasbench101:C,1,[2204],1,1,0,1,1,1,0.0,0.0,0.0,1,1,0,1,1
qwen3.8-2.4t-a95b-fp8,poolact,tuning,cost_moderate,naive,4,duplicate_action_attempts,count,,planned_analysis_unit; Audit_mean_once; pool_resources_N_sum_except_wall,task,hpobench:nasbench101:C,2,[2208],1,1,0,1,1,1,0.0,0.0,0.0,1,1,0,1,1
qwen3.8-2.4t-a95b-fp8,poolact,tuning,cost_moderate,naive,4,feedback_attempts,count,,planned_analysis_unit; Audit_mean_once; pool_resources_N_sum_except_wall,all,all,0,[2200],3,3,0,3,3,3,50.0,50.0,50.0,3,3,0,1,1
qwen3.8-2.4t-a95b-fp8,poolact,tuning,cost_moderate,naive,4,feedback_attempts,count,,planned_analysis_unit; Audit_mean_once; pool_resources_N_sum_except_wall,all,all,1,[2204],3,3,0,3,3,3,50.333333333333336,50.333333333333336,50.333333333333336,3,3,0,1,1
qwen3.8-2.4t-a95b-fp8,poolact,tuning,cost_moderate,naive,4,feedback_attempts,count,,planned_analysis_unit; Audit_mean_once; pool_resources_N_sum_except_wall,all,all,2,[2208],3,3,0,3,3,3,40.333333333333336,40.333333333333336,40.333333333333336,3,3,0,1,1
qwen3.8-2.4t-a95b-fp8,poolact,tuning,cost_moderate,naive,4,feedback_attempts,count,,planned_analysis_unit; Audit_mean_once; pool_resources_N_sum_except_wall,family,nasbench101,0,[2200],3,3,0,3,3,3,50.0,50.0,50.0,3,3,0,1,1
qwen3.8-2.4t-a95b-fp8,poolact,tuning,cost_moderate,naive,4,feedback_attempts,count,,planned_analysis_unit; Audit_mean_once; pool_resources_N_sum_except_wall,family,nasbench101,1,[2204],3,3,0,3,3,3,50.333333333333336,50.333333333333336,50.333333333333336,3,3,0,1,1
qwen3.8-2.4t-a95b-fp8,poolact,tuning,cost_moderate,naive,4,feedback_attempts,count,,planned_analysis_unit; Audit_mean_once; pool_resources_N_sum_except_wall,family,nasbench101,2,[2208],3,3,0,3,3,3,40.333333333333336,40.333333333333336,40.333333333333336,3,3,0,1,1
qwen3.8-2.4t-a95b-fp8,poolact,tuning,cost_moderate,naive,4,feedback_attempts,count,,planned_analysis_unit; Audit_mean_once; pool_resources_N_sum_except_wall,task,hpobench:nasbench101:A,0,[2200],1,1,0,1,1,1,22.0,22.0,22.0,1,1,0,1,1
qwen3.8-2.4t-a95b-fp8,poolact,tuning,cost_moderate,naive,4,feedback_attempts,count,,planned_analysis_unit; Audit_mean_once; pool_resources_N_sum_except_wall,task,hpobench:nasbench101:A,1,[2204],1,1,0,1,1,1,23.0,23.0,23.0,1,1,0,1,1
qwen3.8-2.4t-a95b-fp8,poolact,tuning,cost_moderate,naive,4,feedback_attempts,count,,planned_analysis_unit; Audit_mean_once; pool_resources_N_sum_except_wall,task,hpobench:nasbench101:A,2,[2208],1,1,0,1,1,1,16.0,16.0,16.0,1,1,0,1,1
qwen3.8-2.4t-a95b-fp8,poolact,tuning,cost_moderate,naive,4,feedback_attempts,count,,planned_analysis_unit; Audit_mean_once; pool_resources_N_sum_except_wall,task,hpobench:nasbench101:B,0,[2200],1,1,0,1,1,1,52.0,52.0,52.0,1,1,0,1,1
qwen3.8-2.4t-a95b-fp8,poolact,tuning,cost_moderate,naive,4,feedback_attempts,count,,planned_analysis_unit; Audit_mean_once; pool_resources_N_sum_except_wall,task,hpobench:nasbench101:B,1,[2204],1,1,0,1,1,1,58.0,58.0,58.0,1,1,0,1,1
qwen3.8-2.4t-a95b-fp8,poolact,tuning,cost_moderate,naive,4,feedback_attempts,count,,planned_analysis_unit; Audit_mean_once; pool_resources_N_sum_except_wall,task,hpobench:nasbench101:B,2,[2208],1,1,0,1,1,1,45.0,45.0,45.0,1,1,0,1,1
qwen3.8-2.4t-a95b-fp8,poolact,tuning,cost_moderate,naive,4,feedback_attempts,count,,planned_analysis_unit; Audit_mean_once; pool_resources_N_sum_except_wall,task,hpobench:nasbench101:C,0,[2200],1,1,0,1,1,1,76.0,76.0,76.0,1,1,0,1,1
qwen3.8-2.4t-a95b-fp8,poolact,tuning,cost_moderate,naive,4,feedback_attempts,count,,planned_analysis_unit; Audit_mean_once; pool_resources_N_sum_except_wall,task,hpobench:nasbench101:C,1,[2204],1,1,0,1,1,1,70.0,70.0,70.0,1,1,0,1,1
qwen3.8-2.4t-a95b-fp8,poolact,tuning,cost_moderate,naive,4,feedback_attempts,count,,planned_analysis_unit; Audit_mean_once; pool_resources_N_sum_except_wall,task,hpobench:nasbench101:C,2,[2208],1,1,0,1,1,1,60.0,60.0,60.0,1,1,0,1,1
qwen3.8-2.4t-a95b-fp8,poolact,tuning,cost_moderate,naive,4,feedback_cost_seconds,seconds,,planned_analysis_unit; Audit_mean_once; pool_resources_N_sum_except_wall,all,all,0,[2200],3,3,0,3,3,3,331800.5161743164,331800.5161743164,331800.5161743164,3,3,0,1,1
qwen3.8-2.4t-a95b-fp8,poolact,tuning,cost_moderate,naive,4,feedback_cost_seconds,seconds,,planned_analysis_unit; Audit_mean_once; pool_resources_N_sum_except_wall,all,all,1,[2204],3,3,0,3,3,3,341430.1670735677,341430.1670735677,341430.1670735677,3,3,0,1,1
qwen3.8-2.4t-a95b-fp8,poolact,tuning,cost_moderate,naive,4,feedback_cost_seconds,seconds,,planned_analysis_unit; Audit_mean_once; pool_resources_N_sum_except_wall,all,all,2,[2208],3,3,0,3,3,3,335940.83947753906,335940.83947753906,335940.83947753906,3,3,0,1,1
qwen3.8-2.4t-a95b-fp8,poolact,tuning,cost_moderate,naive,4,feedback_cost_seconds,seconds,,planned_analysis_unit; Audit_mean_once; pool_resources_N_sum_except_wall,family,nasbench101,0,[2200],3,3,0,3,3,3,331800.5161743164,331800.5161743164,331800.5161743164,3,3,0,1,1
qwen3.8-2.4t-a95b-fp8,poolact,tuning,cost_moderate,naive,4,feedback_cost_seconds,seconds,,planned_analysis_unit; Audit_mean_once; pool_resources_N_sum_except_wall,family,nasbench101,1,[2204],3,3,0,3,3,3,341430.1670735677,341430.1670735677,341430.1670735677,3,3,0,1,1
qwen3.8-2.4t-a95b-fp8,poolact,tuning,cost_moderate,naive,4,feedback_cost_seconds,seconds,,planned_analysis_unit; Audit_mean_once; pool_resources_N_sum_except_wall,family,nasbench101,2,[2208],3,3,0,3,3,3,335940.83947753906,335940.83947753906,335940.83947753906,3,3,0,1,1
qwen3.8-2.4t-a95b-fp8,poolact,tuning,cost_moderate,naive,4,feedback_cost_seconds,seconds,,planned_analysis_unit; Audit_mean_once; pool_resources_N_sum_except_wall,task,hpobench:nasbench101:A,0,[2200],1,1,0,1,1,1,194415.7744140625,194415.7744140625,194415.7744140625,1,1,0,1,1
qwen3.8-2.4t-a95b-fp8,poolact,tuning,cost_moderate,naive,4,feedback_cost_seconds,seconds,,planned_analysis_unit; Audit_mean_once; pool_resources_N_sum_except_wall,task,hpobench:nasbench101:A,1,[2204],1,1,0,1,1,1,189120.47265625,189120.47265625,189120.47265625,1,1,0,1,1
qwen3.8-2.4t-a95b-fp8,poolact,tuning,cost_moderate,naive,4,feedback_cost_seconds,seconds,,planned_analysis_unit; Audit_mean_once; pool_resources_N_sum_except_wall,task,hpobench:nasbench101:A,2,[2208],1,1,0,1,1,1,172414.25366210938,172414.25366210938,172414.25366210938,1,1,0,1,1
qwen3.8-2.4t-a95b-fp8,poolact,tuning,cost_moderate,naive,4,feedback_cost_seconds,seconds,,planned_analysis_unit; Audit_mean_once; pool_resources_N_sum_except_wall,task,hpobench:nasbench101:B,0,[2200],1,1,0,1,1,1,363337.17974853516,363337.17974853516,363337.17974853516,1,1,0,1,1
qwen3.8-2.4t-a95b-fp8,poolact,tuning,cost_moderate,naive,4,feedback_cost_seconds,seconds,,planned_analysis_unit; Audit_mean_once; pool_resources_N_sum_except_wall,task,hpobench:nasbench101:B,1,[2204],1,1,0,1,1,1,404719.3983154297,404719.3983154297,404719.3983154297,1,1,0,1,1
qwen3.8-2.4t-a95b-fp8,poolact,tuning,cost_moderate,naive,4,feedback_cost_seconds,seconds,,planned_analysis_unit; Audit_mean_once; pool_resources_N_sum_except_wall,task,hpobench:nasbench101:B,2,[2208],1,1,0,1,1,1,410813.4077758789,410813.4077758789,410813.4077758789,1,1,0,1,1
qwen3.8-2.4t-a95b-fp8,poolact,tuning,cost_moderate,naive,4,feedback_cost_seconds,seconds,,planned_analysis_unit; Audit_mean_once; pool_resources_N_sum_except_wall,task,hpobench:nasbench101:C,0,[2200],1,1,0,1,1,1,437648.59436035156,437648.59436035156,437648.59436035156,1,1,0,1,1
qwen3.8-2.4t-a95b-fp8,poolact,tuning,cost_moderate,naive,4,feedback_cost_seconds,seconds,,planned_analysis_unit; Audit_mean_once; pool_resources_N_sum_except_wall,task,hpobench:nasbench101:C,1,[2204],1,1,0,1,1,1,430450.63024902344,430450.63024902344,430450.63024902344,1,1,0,1,1
qwen3.8-2.4t-a95b-fp8,poolact,tuning,cost_moderate,naive,4,feedback_cost_seconds,seconds,,planned_analysis_unit; Audit_mean_once; pool_resources_N_sum_except_wall,task,hpobench:nasbench101:C,2,[2208],1,1,0,1,1,1,424594.8569946289,424594.8569946289,424594.8569946289,1,1,0,1,1
qwen3.8-2.4t-a95b-fp8,poolact,tuning,cost_moderate,naive,4,feedback_visible,count,,planned_analysis_unit; Audit_mean_once; pool_resources_N_sum_except_wall,all,all,0,[2200],3,0,3,3,0,0,,,,3,0,3,1,1
qwen3.8-2.4t-a95b-fp8,poolact,tuning,cost_moderate,naive,4,feedback_visible,count,,planned_analysis_unit; Audit_mean_once; pool_resources_N_sum_except_wall,all,all,1,[2204],3,0,3,3,0,0,,,,3,0,3,1,1
qwen3.8-2.4t-a95b-fp8,poolact,tuning,cost_moderate,naive,4,feedback_visible,count,,planned_analysis_unit; Audit_mean_once; pool_resources_N_sum_except_wall,all,all,2,[2208],3,0,3,3,0,0,,,,3,0,3,1,1
qwen3.8-2.4t-a95b-fp8,poolact,tuning,cost_moderate,naive,4,feedback_visible,count,,planned_analysis_unit; Audit_mean_once; pool_resources_N_sum_except_wall,family,nasbench101,0,[2200],3,0,3,3,0,0,,,,3,0,3,1,1
qwen3.8-2.4t-a95b-fp8,poolact,tuning,cost_moderate,naive,4,feedback_visible,count,,planned_analysis_unit; Audit_mean_once; pool_resources_N_sum_except_wall,family,nasbench101,1,[2204],3,0,3,3,0,0,,,,3,0,3,1,1
qwen3.8-2.4t-a95b-fp8,poolact,tuning,cost_moderate,naive,4,feedback_visible,count,,planned_analysis_unit; Audit_mean_once; pool_resources_N_sum_except_wall,family,nasbench101,2,[2208],3,0,3,3,0,0,,,,3,0,3,1,1
qwen3.8-2.4t-a95b-fp8,poolact,tuning,cost_moderate,naive,4,feedback_visible,count,,planned_analysis_unit; Audit_mean_once; pool_resources_N_sum_except_wall,task,hpobench:nasbench101:A,0,[2200],1,0,1,1,0,0,,,,1,0,1,1,1
qwen3.8-2.4t-a95b-fp8,poolact,tuning,cost_moderate,naive,4,feedback_visible,count,,planned_analysis_unit; Audit_mean_once; pool_resources_N_sum_except_wall,task,hpobench:nasbench101:A,1,[2204],1,0,1,1,0,0,,,,1,0,1,1,1
qwen3.8-2.4t-a95b-fp8,poolact,tuning,cost_moderate,naive,4,feedback_visible,count,,planned_analysis_unit; Audit_mean_once; pool_resources_N_sum_except_wall,task,hpobench:nasbench101:A,2,[2208],1,0,1,1,0,0,,,,1,0,1,1,1
qwen3.8-2.4t-a95b-fp8,poolact,tuning,cost_moderate,naive,4,feedback_visible,count,,planned_analysis_unit; Audit_mean_once; pool_resources_N_sum_except_wall,task,hpobench:nasbench101:B,0,[2200],1,0,1,1,0,0,,,,1,0,1,1,1
qwen3.8-2.4t-a95b-fp8,poolact,tuning,cost_moderate,naive,4,feedback_visible,count,,planned_analysis_unit; Audit_mean_once; pool_resources_N_sum_except_wall,task,hpobench:nasbench101:B,1,[2204],1,0,1,1,0,0,,,,1,0,1,1,1
qwen3.8-2.4t-a95b-fp8,poolact,tuning,cost_moderate,naive,4,feedback_visible,count,,planned_analysis_unit; Audit_mean_once; pool_resources_N_sum_except_wall,task,hpobench:nasbench101:B,2,[2208],1,0,1,1,0,0,,,,1,0,1,1,1
qwen3.8-2.4t-a95b-fp8,poolact,tuning,cost_moderate,naive,4,feedback_visible,count,,planned_analysis_unit; Audit_mean_once; pool_resources_N_sum_except_wall,task,hpobench:nasbench101:C,0,[2200],1,0,1,1,0,0,,,,1,0,1,1,1
qwen3.8-2.4t-a95b-fp8,poolact,tuning,cost_moderate,naive,4,feedback_visible,count,,planned_analysis_unit; Audit_mean_once; pool_resources_N_sum_except_wall,task,hpobench:nasbench101:C,1,[2204],1,0,1,1,0,0,,,,1,0,1,1,1
qwen3.8-2.4t-a95b-fp8,poolact,tuning,cost_moderate,naive,4,feedback_visible,count,,planned_analysis_unit; Audit_mean_once; pool_resources_N_sum_except_wall,task,hpobench:nasbench101:C,2,[2208],1,0,1,1,0,0,,,,1,0,1,1,1
qwen3.8-2.4t-a95b-fp8,poolact,tuning,cost_moderate,naive,4,gap_bon,Gap points,True,planned_analysis_unit; Audit_mean_once; pool_resources_N_sum_except_wall,all,all,0,[2200],3,3,0,3,3,3,98.89608554857269,98.89608554857269,98.89608554857269,3,3,0,1,1
qwen3.8-2.4t-a95b-fp8,poolact,tuning,cost_moderate,naive,4,gap_bon,Gap points,True,planned_analysis_unit; Audit_mean_once; pool_resources_N_sum_except_wall,all,all,1,[2204],3,3,0,3,3,3,98.81208571108954,98.81208571108954,98.81208571108954,3,3,0,1,1
qwen3.8-2.4t-a95b-fp8,poolact,tuning,cost_moderate,naive,4,gap_bon,Gap points,True,planned_analysis_unit; Audit_mean_once; pool_resources_N_sum_except_wall,all,all,2,[2208],3,3,0,3,3,3,98.3944443743498,98.3944443743498,98.3944443743498,3,3,0,1,1
qwen3.8-2.4t-a95b-fp8,poolact,tuning,cost_moderate,naive,4,gap_bon,Gap points,True,planned_analysis_unit; Audit_mean_once; pool_resources_N_sum_except_wall,family,nasbench101,0,[2200],3,3,0,3,3,3,98.89608554857269,98.89608554857269,98.89608554857269,3,3,0,1,1
qwen3.8-2.4t-a95b-fp8,poolact,tuning,cost_moderate,naive,4,gap_bon,Gap points,True,planned_analysis_unit; Audit_mean_once; pool_resources_N_sum_except_wall,family,nasbench101,1,[2204],3,3,0,3,3,3,98.81208571108954,98.81208571108954,98.81208571108954,3,3,0,1,1
qwen3.8-2.4t-a95b-fp8,poolact,tuning,cost_moderate,naive,4,gap_bon,Gap points,True,planned_analysis_unit; Audit_mean_once; pool_resources_N_sum_except_wall,family,nasbench101,2,[2208],3,3,0,3,3,3,98.3944443743498,98.3944443743498,98.3944443743498,3,3,0,1,1
qwen3.8-2.4t-a95b-fp8,poolact,tuning,cost_moderate,naive,4,gap_bon,Gap points,True,planned_analysis_unit; Audit_mean_once; pool_resources_N_sum_except_wall,task,hpobench:nasbench101:A,0,[2200],1,1,0,1,1,1,99.17890988997975,99.17890988997975,99.17890988997975,1,1,0,1,1
qwen3.8-2.4t-a95b-fp8,poolact,tuning,cost_moderate,naive,4,gap_bon,Gap points,True,planned_analysis_unit; Audit_mean_once; pool_resources_N_sum_except_wall,task,hpobench:nasbench101:A,1,[2204],1,1,0,1,1,1,99.8243910509081,99.8243910509081,99.8243910509081,1,1,0,1,1
qwen3.8-2.4t-a95b-fp8,poolact,tuning,cost_moderate,naive,4,gap_bon,Gap points,True,planned_analysis_unit; Audit_mean_once; pool_resources_N_sum_except_wall,task,hpobench:nasbench101:A,2,[2208],1,1,0,1,1,1,98.79921043743096,98.79921043743096,98.79921043743096,1,1,0,1,1
qwen3.8-2.4t-a95b-fp8,poolact,tuning,cost_moderate,naive,4,gap_bon,Gap points,True,planned_analysis_unit; Audit_mean_once; pool_resources_N_sum_except_wall,task,hpobench:nasbench101:B,0,[2200],1,1,0,1,1,1,97.91694100548513,97.91694100548513,97.91694100548513,1,1,0,1,1
qwen3.8-2.4t-a95b-fp8,poolact,tuning,cost_moderate,naive,4,gap_bon,Gap points,True,planned_analysis_unit; Audit_mean_once; pool_resources_N_sum_except_wall,task,hpobench:nasbench101:B,1,[2204],1,1,0,1,1,1,97.37979814362875,97.37979814362875,97.37979814362875,1,1,0,1,1
qwen3.8-2.4t-a95b-fp8,poolact,tuning,cost_moderate,naive,4,gap_bon,Gap points,True,planned_analysis_unit; Audit_mean_once; pool_resources_N_sum_except_wall,task,hpobench:nasbench101:B,2,[2208],1,1,0,1,1,1,96.38412268561845,96.38412268561845,96.38412268561845,1,1,0,1,1
qwen3.8-2.4t-a95b-fp8,poolact,tuning,cost_moderate,naive,4,gap_bon,Gap points,True,planned_analysis_unit; Audit_mean_once; pool_resources_N_sum_except_wall,task,hpobench:nasbench101:C,0,[2200],1,1,0,1,1,1,99.59240575025322,99.59240575025322,99.59240575025322,1,1,0,1,1
qwen3.8-2.4t-a95b-fp8,poolact,tuning,cost_moderate,naive,4,gap_bon,Gap points,True,planned_analysis_unit; Audit_mean_once; pool_resources_N_sum_except_wall,task,hpobench:nasbench101:C,1,[2204],1,1,0,1,1,1,99.23206793873176,99.23206793873176,99.23206793873176,1,1,0,1,1
qwen3.8-2.4t-a95b-fp8,poolact,tuning,cost_moderate,naive,4,gap_bon,Gap points,True,planned_analysis_unit; Audit_mean_once; pool_resources_N_sum_except_wall,task,hpobench:nasbench101:C,2,[2208],1,1,0,1,1,1,100.0,100.0,100.0,1,1,0,1,1
qwen3.8-2.4t-a95b-fp8,poolact,tuning,cost_moderate,naive,4,gap_mi,Gap points,True,planned_analysis_unit; Audit_mean_once; pool_resources_N_sum_except_wall,all,all,0,[2200],3,3,0,3,3,3,97.263538587291,97.263538587291,97.263538587291,3,3,0,1,1
qwen3.8-2.4t-a95b-fp8,poolact,tuning,cost_moderate,naive,4,gap_mi,Gap points,True,planned_analysis_unit; Audit_mean_once; pool_resources_N_sum_except_wall,all,all,1,[2204],3,3,0,3,3,3,97.40619383081078,97.40619383081078,97.40619383081078,3,3,0,1,1
qwen3.8-2.4t-a95b-fp8,poolact,tuning,cost_moderate,naive,4,gap_mi,Gap points,True,planned_analysis_unit; Audit_mean_once; pool_resources_N_sum_except_wall,all,all,2,[2208],3,3,0,3,3,3,96.09912183208839,96.09912183208839,96.09912183208839,3,3,0,1,1
qwen3.8-2.4t-a95b-fp8,poolact,tuning,cost_moderate,naive,4,gap_mi,Gap points,True,planned_analysis_unit; Audit_mean_once; pool_resources_N_sum_except_wall,family,nasbench101,0,[2200],3,3,0,3,3,3,97.263538587291,97.263538587291,97.263538587291,3,3,0,1,1
qwen3.8-2.4t-a95b-fp8,poolact,tuning,cost_moderate,naive,4,gap_mi,Gap points,True,planned_analysis_unit; Audit_mean_once; pool_resources_N_sum_except_wall,family,nasbench101,1,[2204],3,3,0,3,3,3,97.40619383081078,97.40619383081078,97.40619383081078,3,3,0,1,1
qwen3.8-2.4t-a95b-fp8,poolact,tuning,cost_moderate,naive,4,gap_mi,Gap points,True,planned_analysis_unit; Audit_mean_once; pool_resources_N_sum_except_wall,family,nasbench101,2,[2208],3,3,0,3,3,3,96.09912183208839,96.09912183208839,96.09912183208839,3,3,0,1,1
qwen3.8-2.4t-a95b-fp8,poolact,tuning,cost_moderate,naive,4,gap_mi,Gap points,True,planned_analysis_unit; Audit_mean_once; pool_resources_N_sum_except_wall,task,hpobench:nasbench101:A,0,[2200],1,1,0,1,1,1,97.46197053248409,97.46197053248409,97.46197053248409,1,1,0,1,1
qwen3.8-2.4t-a95b-fp8,poolact,tuning,cost_moderate,naive,4,gap_mi,Gap points,True,planned_analysis_unit; Audit_mean_once; pool_resources_N_sum_except_wall,task,hpobench:nasbench101:A,1,[2204],1,1,0,1,1,1,98.9024419498529,98.9024419498529,98.9024419498529,1,1,0,1,1
qwen3.8-2.4t-a95b-fp8,poolact,tuning,cost_moderate,naive,4,gap_mi,Gap points,True,planned_analysis_unit; Audit_mean_once; pool_resources_N_sum_except_wall,task,hpobench:nasbench101:A,2,[2208],1,1,0,1,1,1,95.82571667315821,95.82571667315821,95.82571667315821,1,1,0,1,1
qwen3.8-2.4t-a95b-fp8,poolact,tuning,cost_moderate,naive,4,gap_mi,Gap points,True,planned_analysis_unit; Audit_mean_once; pool_resources_N_sum_except_wall,task,hpobench:nasbench101:B,0,[2200],1,1,0,1,1,1,95.52927795130954,95.52927795130954,95.52927795130954,1,1,0,1,1
qwen3.8-2.4t-a95b-fp8,poolact,tuning,cost_moderate,naive,4,gap_mi,Gap points,True,planned_analysis_unit; Audit_mean_once; pool_resources_N_sum_except_wall,task,hpobench:nasbench101:B,1,[2204],1,1,0,1,1,1,94.16677212840162,94.16677212840162,94.16677212840162,1,1,0,1,1
qwen3.8-2.4t-a95b-fp8,poolact,tuning,cost_moderate,naive,4,gap_mi,Gap points,True,planned_analysis_unit; Audit_mean_once; pool_resources_N_sum_except_wall,task,hpobench:nasbench101:B,2,[2208],1,1,0,1,1,1,94.04886452616516,94.04886452616516,94.04886452616516,1,1,0,1,1
qwen3.8-2.4t-a95b-fp8,poolact,tuning,cost_moderate,naive,4,gap_mi,Gap points,True,planned_analysis_unit; Audit_mean_once; pool_resources_N_sum_except_wall,task,hpobench:nasbench101:C,0,[2200],1,1,0,1,1,1,98.79936727807933,98.79936727807933,98.79936727807933,1,1,0,1,1
qwen3.8-2.4t-a95b-fp8,poolact,tuning,cost_moderate,naive,4,gap_mi,Gap points,True,planned_analysis_unit; Audit_mean_once; pool_resources_N_sum_except_wall,task,hpobench:nasbench101:C,1,[2204],1,1,0,1,1,1,99.14936741417783,99.14936741417783,99.14936741417783,1,1,0,1,1
qwen3.8-2.4t-a95b-fp8,poolact,tuning,cost_moderate,naive,4,gap_mi,Gap points,True,planned_analysis_unit; Audit_mean_once; pool_resources_N_sum_except_wall,task,hpobench:nasbench101:C,2,[2208],1,1,0,1,1,1,98.42278429694181,98.42278429694181,98.42278429694181,1,1,0,1,1
qwen3.8-2.4t-a95b-fp8,poolact,tuning,cost_moderate,naive,4,input_tokens,tokens,,planned_analysis_unit; Audit_mean_once; pool_resources_N_sum_except_wall,all,all,0,[2200],3,3,0,3,3,3,678384.6666666666,678384.6666666666,678384.6666666666,3,3,0,1,1
qwen3.8-2.4t-a95b-fp8,poolact,tuning,cost_moderate,naive,4,input_tokens,tokens,,planned_analysis_unit; Audit_mean_once; pool_resources_N_sum_except_wall,all,all,1,[2204],3,3,0,3,3,3,711658.3333333334,711658.3333333334,711658.3333333334,3,3,0,1,1
qwen3.8-2.4t-a95b-fp8,poolact,tuning,cost_moderate,naive,4,input_tokens,tokens,,planned_analysis_unit; Audit_mean_once; pool_resources_N_sum_except_wall,all,all,2,[2208],3,3,0,3,3,3,515707.6666666667,515707.6666666667,515707.6666666667,3,3,0,1,1
qwen3.8-2.4t-a95b-fp8,poolact,tuning,cost_moderate,naive,4,input_tokens,tokens,,planned_analysis_unit; Audit_mean_once; pool_resources_N_sum_except_wall,family,nasbench101,0,[2200],3,3,0,3,3,3,678384.6666666666,678384.6666666666,678384.6666666666,3,3,0,1,1
qwen3.8-2.4t-a95b-fp8,poolact,tuning,cost_moderate,naive,4,input_tokens,tokens,,planned_analysis_unit; Audit_mean_once; pool_resources_N_sum_except_wall,family,nasbench101,1,[2204],3,3,0,3,3,3,711658.3333333334,711658.3333333334,711658.3333333334,3,3,0,1,1
qwen3.8-2.4t-a95b-fp8,poolact,tuning,cost_moderate,naive,4,input_tokens,tokens,,planned_analysis_unit; Audit_mean_once; pool_resources_N_sum_except_wall,family,nasbench101,2,[2208],3,3,0,3,3,3,515707.6666666667,515707.6666666667,515707.6666666667,3,3,0,1,1
qwen3.8-2.4t-a95b-fp8,poolact,tuning,cost_moderate,naive,4,input_tokens,tokens,,planned_analysis_unit; Audit_mean_once; pool_resources_N_sum_except_wall,task,hpobench:nasbench101:A,0,[2200],1,1,0,1,1,1,209587.0,209587.0,209587.0,1,1,0,1,1
qwen3.8-2.4t-a95b-fp8,poolact,tuning,cost_moderate,naive,4,input_tokens,tokens,,planned_analysis_unit; Audit_mean_once; pool_resources_N_sum_except_wall,task,hpobench:nasbench101:A,1,[2204],1,1,0,1,1,1,281739.0,281739.0,281739.0,1,1,0,1,1
qwen3.8-2.4t-a95b-fp8,poolact,tuning,cost_moderate,naive,4,input_tokens,tokens,,planned_analysis_unit; Audit_mean_once; pool_resources_N_sum_except_wall,task,hpobench:nasbench101:A,2,[2208],1,1,0,1,1,1,100029.0,100029.0,100029.0,1,1,0,1,1
qwen3.8-2.4t-a95b-fp8,poolact,tuning,cost_moderate,naive,4,input_tokens,tokens,,planned_analysis_unit; Audit_mean_once; pool_resources_N_sum_except_wall,task,hpobench:nasbench101:B,0,[2200],1,1,0,1,1,1,749663.0,749663.0,749663.0,1,1,0,1,1
qwen3.8-2.4t-a95b-fp8,poolact,tuning,cost_moderate,naive,4,input_tokens,tokens,,planned_analysis_unit; Audit_mean_once; pool_resources_N_sum_except_wall,task,hpobench:nasbench101:B,1,[2204],1,1,0,1,1,1,716832.0,716832.0,716832.0,1,1,0,1,1
qwen3.8-2.4t-a95b-fp8,poolact,tuning,cost_moderate,naive,4,input_tokens,tokens,,planned_analysis_unit; Audit_mean_once; pool_resources_N_sum_except_wall,task,hpobench:nasbench101:B,2,[2208],1,1,0,1,1,1,591459.0,591459.0,591459.0,1,1,0,1,1
qwen3.8-2.4t-a95b-fp8,poolact,tuning,cost_moderate,naive,4,input_tokens,tokens,,planned_analysis_unit; Audit_mean_once; pool_resources_N_sum_except_wall,task,hpobench:nasbench101:C,0,[2200],1,1,0,1,1,1,1075904.0,1075904.0,1075904.0,1,1,0,1,1
qwen3.8-2.4t-a95b-fp8,poolact,tuning,cost_moderate,naive,4,input_tokens,tokens,,planned_analysis_unit; Audit_mean_once; pool_resources_N_sum_except_wall,task,hpobench:nasbench101:C,1,[2204],1,1,0,1,1,1,1136404.0,1136404.0,1136404.0,1,1,0,1,1
qwen3.8-2.4t-a95b-fp8,poolact,tuning,cost_moderate,naive,4,input_tokens,tokens,,planned_analysis_unit; Audit_mean_once; pool_resources_N_sum_except_wall,task,hpobench:nasbench101:C,2,[2208],1,1,0,1,1,1,855635.0,855635.0,855635.0,1,1,0,1,1
qwen3.8-2.4t-a95b-fp8,poolact,tuning,cost_moderate,naive,4,output_tokens,tokens,,planned_analysis_unit; Audit_mean_once; pool_resources_N_sum_except_wall,all,all,0,[2200],3,3,0,3,3,3,60734.0,60734.0,60734.0,3,3,0,1,1
qwen3.8-2.4t-a95b-fp8,poolact,tuning,cost_moderate,naive,4,output_tokens,tokens,,planned_analysis_unit; Audit_mean_once; pool_resources_N_sum_except_wall,all,all,1,[2204],3,3,0,3,3,3,62038.0,62038.0,62038.0,3,3,0,1,1
qwen3.8-2.4t-a95b-fp8,poolact,tuning,cost_moderate,naive,4,output_tokens,tokens,,planned_analysis_unit; Audit_mean_once; pool_resources_N_sum_except_wall,all,all,2,[2208],3,3,0,3,3,3,51177.333333333336,51177.333333333336,51177.333333333336,3,3,0,1,1
qwen3.8-2.4t-a95b-fp8,poolact,tuning,cost_moderate,naive,4,output_tokens,tokens,,planned_analysis_unit; Audit_mean_once; pool_resources_N_sum_except_wall,family,nasbench101,0,[2200],3,3,0,3,3,3,60734.0,60734.0,60734.0,3,3,0,1,1
qwen3.8-2.4t-a95b-fp8,poolact,tuning,cost_moderate,naive,4,output_tokens,tokens,,planned_analysis_unit; Audit_mean_once; pool_resources_N_sum_except_wall,family,nasbench101,1,[2204],3,3,0,3,3,3,62038.0,62038.0,62038.0,3,3,0,1,1
qwen3.8-2.4t-a95b-fp8,poolact,tuning,cost_moderate,naive,4,output_tokens,tokens,,planned_analysis_unit; Audit_mean_once; pool_resources_N_sum_except_wall,family,nasbench101,2,[2208],3,3,0,3,3,3,51177.333333333336,51177.333333333336,51177.333333333336,3,3,0,1,1
qwen3.8-2.4t-a95b-fp8,poolact,tuning,cost_moderate,naive,4,output_tokens,tokens,,planned_analysis_unit; Audit_mean_once; pool_resources_N_sum_except_wall,task,hpobench:nasbench101:A,0,[2200],1,1,0,1,1,1,37877.0,37877.0,37877.0,1,1,0,1,1
qwen3.8-2.4t-a95b-fp8,poolact,tuning,cost_moderate,naive,4,output_tokens,tokens,,planned_analysis_unit; Audit_mean_once; pool_resources_N_sum_except_wall,task,hpobench:nasbench101:A,1,[2204],1,1,0,1,1,1,43429.0,43429.0,43429.0,1,1,0,1,1
qwen3.8-2.4t-a95b-fp8,poolact,tuning,cost_moderate,naive,4,output_tokens,tokens,,planned_analysis_unit; Audit_mean_once; pool_resources_N_sum_except_wall,task,hpobench:nasbench101:A,2,[2208],1,1,0,1,1,1,22604.0,22604.0,22604.0,1,1,0,1,1
qwen3.8-2.4t-a95b-fp8,poolact,tuning,cost_moderate,naive,4,output_tokens,tokens,,planned_analysis_unit; Audit_mean_once; pool_resources_N_sum_except_wall,task,hpobench:nasbench101:B,0,[2200],1,1,0,1,1,1,63502.0,63502.0,63502.0,1,1,0,1,1
qwen3.8-2.4t-a95b-fp8,poolact,tuning,cost_moderate,naive,4,output_tokens,tokens,,planned_analysis_unit; Audit_mean_once; pool_resources_N_sum_except_wall,task,hpobench:nasbench101:B,1,[2204],1,1,0,1,1,1,58613.0,58613.0,58613.0,1,1,0,1,1
qwen3.8-2.4t-a95b-fp8,poolact,tuning,cost_moderate,naive,4,output_tokens,tokens,,planned_analysis_unit; Audit_mean_once; pool_resources_N_sum_except_wall,task,hpobench:nasbench101:B,2,[2208],1,1,0,1,1,1,60510.0,60510.0,60510.0,1,1,0,1,1
qwen3.8-2.4t-a95b-fp8,poolact,tuning,cost_moderate,naive,4,output_tokens,tokens,,planned_analysis_unit; Audit_mean_once; pool_resources_N_sum_except_wall,task,hpobench:nasbench101:C,0,[2200],1,1,0,1,1,1,80823.0,80823.0,80823.0,1,1,0,1,1
qwen3.8-2.4t-a95b-fp8,poolact,tuning,cost_moderate,naive,4,output_tokens,tokens,,planned_analysis_unit; Audit_mean_once; pool_resources_N_sum_except_wall,task,hpobench:nasbench101:C,1,[2204],1,1,0,1,1,1,84072.0,84072.0,84072.0,1,1,0,1,1
qwen3.8-2.4t-a95b-fp8,poolact,tuning,cost_moderate,naive,4,output_tokens,tokens,,planned_analysis_unit; Audit_mean_once; pool_resources_N_sum_except_wall,task,hpobench:nasbench101:C,2,[2208],1,1,0,1,1,1,70418.0,70418.0,70418.0,1,1,0,1,1
qwen3.8-2.4t-a95b-fp8,poolact,tuning,cost_moderate,naive,4,protocol_failure_rate,fraction,,planned_analysis_unit; Audit_mean_once; pool_resources_N_sum_except_wall,all,all,0,[2200],3,3,0,3,3,3,0.012345679012345678,0.012345679012345678,0.012345679012345678,3,3,0,1,1
qwen3.8-2.4t-a95b-fp8,poolact,tuning,cost_moderate,naive,4,protocol_failure_rate,fraction,,planned_analysis_unit; Audit_mean_once; pool_resources_N_sum_except_wall,all,all,1,[2204],3,3,0,3,3,3,0.03333333333333333,0.03333333333333333,0.03333333333333333,3,3,0,1,1
qwen3.8-2.4t-a95b-fp8,poolact,tuning,cost_moderate,naive,4,protocol_failure_rate,fraction,,planned_analysis_unit; Audit_mean_once; pool_resources_N_sum_except_wall,all,all,2,[2208],3,3,0,3,3,3,0.013071895424836602,0.013071895424836602,0.013071895424836602,3,3,0,1,1
qwen3.8-2.4t-a95b-fp8,poolact,tuning,cost_moderate,naive,4,protocol_failure_rate,fraction,,planned_analysis_unit; Audit_mean_once; pool_resources_N_sum_except_wall,family,nasbench101,0,[2200],3,3,0,3,3,3,0.012345679012345678,0.012345679012345678,0.012345679012345678,3,3,0,1,1
qwen3.8-2.4t-a95b-fp8,poolact,tuning,cost_moderate,naive,4,protocol_failure_rate,fraction,,planned_analysis_unit; Audit_mean_once; pool_resources_N_sum_except_wall,family,nasbench101,1,[2204],3,3,0,3,3,3,0.03333333333333333,0.03333333333333333,0.03333333333333333,3,3,0,1,1
qwen3.8-2.4t-a95b-fp8,poolact,tuning,cost_moderate,naive,4,protocol_failure_rate,fraction,,planned_analysis_unit; Audit_mean_once; pool_resources_N_sum_except_wall,family,nasbench101,2,[2208],3,3,0,3,3,3,0.013071895424836602,0.013071895424836602,0.013071895424836602,3,3,0,1,1
qwen3.8-2.4t-a95b-fp8,poolact,tuning,cost_moderate,naive,4,protocol_failure_rate,fraction,,planned_analysis_unit; Audit_mean_once; pool_resources_N_sum_except_wall,task,hpobench:nasbench101:A,0,[2200],1,1,0,1,1,1,0.037037037037037035,0.037037037037037035,0.037037037037037035,1,1,0,1,1
qwen3.8-2.4t-a95b-fp8,poolact,tuning,cost_moderate,naive,4,protocol_failure_rate,fraction,,planned_analysis_unit; Audit_mean_once; pool_resources_N_sum_except_wall,task,hpobench:nasbench101:A,1,[2204],1,1,0,1,1,1,0.1,0.1,0.1,1,1,0,1,1
qwen3.8-2.4t-a95b-fp8,poolact,tuning,cost_moderate,naive,4,protocol_failure_rate,fraction,,planned_analysis_unit; Audit_mean_once; pool_resources_N_sum_except_wall,task,hpobench:nasbench101:A,2,[2208],1,1,0,1,1,1,0.0,0.0,0.0,1,1,0,1,1
qwen3.8-2.4t-a95b-fp8,poolact,tuning,cost_moderate,naive,4,protocol_failure_rate,fraction,,planned_analysis_unit; Audit_mean_once; pool_resources_N_sum_except_wall,task,hpobench:nasbench101:B,0,[2200],1,1,0,1,1,1,0.0,0.0,0.0,1,1,0,1,1
qwen3.8-2.4t-a95b-fp8,poolact,tuning,cost_moderate,naive,4,protocol_failure_rate,fraction,,planned_analysis_unit; Audit_mean_once; pool_resources_N_sum_except_wall,task,hpobench:nasbench101:B,1,[2204],1,1,0,1,1,1,0.0,0.0,0.0,1,1,0,1,1
qwen3.8-2.4t-a95b-fp8,poolact,tuning,cost_moderate,naive,4,protocol_failure_rate,fraction,,planned_analysis_unit; Audit_mean_once; pool_resources_N_sum_except_wall,task,hpobench:nasbench101:B,2,[2208],1,1,0,1,1,1,0.0392156862745098,0.0392156862745098,0.0392156862745098,1,1,0,1,1
qwen3.8-2.4t-a95b-fp8,poolact,tuning,cost_moderate,naive,4,protocol_failure_rate,fraction,,planned_analysis_unit; Audit_mean_once; pool_resources_N_sum_except_wall,task,hpobench:nasbench101:C,0,[2200],1,1,0,1,1,1,0.0,0.0,0.0,1,1,0,1,1
qwen3.8-2.4t-a95b-fp8,poolact,tuning,cost_moderate,naive,4,protocol_failure_rate,fraction,,planned_analysis_unit; Audit_mean_once; pool_resources_N_sum_except_wall,task,hpobench:nasbench101:C,1,[2204],1,1,0,1,1,1,0.0,0.0,0.0,1,1,0,1,1
qwen3.8-2.4t-a95b-fp8,poolact,tuning,cost_moderate,naive,4,protocol_failure_rate,fraction,,planned_analysis_unit; Audit_mean_once; pool_resources_N_sum_except_wall,task,hpobench:nasbench101:C,2,[2208],1,1,0,1,1,1,0.0,0.0,0.0,1,1,0,1,1
qwen3.8-2.4t-a95b-fp8,poolact,tuning,cost_moderate,naive,4,raw_perf_bon,fraction,True,planned_analysis_unit; Audit_mean_once; pool_resources_N_sum_except_wall,all,all,0,[2200],3,3,0,3,3,3,0.9424078596962823,0.9424078596962823,0.9424078596962823,3,3,0,1,1
qwen3.8-2.4t-a95b-fp8,poolact,tuning,cost_moderate,naive,4,raw_perf_bon,fraction,True,planned_analysis_unit; Audit_mean_once; pool_resources_N_sum_except_wall,all,all,1,[2204],3,3,0,3,3,3,0.9427862366040548,0.9427862366040548,0.9427862366040548,3,3,0,1,1
qwen3.8-2.4t-a95b-fp8,poolact,tuning,cost_moderate,naive,4,raw_perf_bon,fraction,True,planned_analysis_unit; Audit_mean_once; pool_resources_N_sum_except_wall,all,all,2,[2208],3,3,0,3,3,3,0.9409833484225804,0.9409833484225804,0.9409833484225804,3,3,0,1,1
qwen3.8-2.4t-a95b-fp8,poolact,tuning,cost_moderate,naive,4,raw_perf_bon,fraction,True,planned_analysis_unit; Audit_mean_once; pool_resources_N_sum_except_wall,family,nasbench101,0,[2200],3,3,0,3,3,3,0.9424078596962823,0.9424078596962823,0.9424078596962823,3,3,0,1,1
qwen3.8-2.4t-a95b-fp8,poolact,tuning,cost_moderate,naive,4,raw_perf_bon,fraction,True,planned_analysis_unit; Audit_mean_once; pool_resources_N_sum_except_wall,family,nasbench101,1,[2204],3,3,0,3,3,3,0.9427862366040548,0.9427862366040548,0.9427862366040548,3,3,0,1,1
qwen3.8-2.4t-a95b-fp8,poolact,tuning,cost_moderate,naive,4,raw_perf_bon,fraction,True,planned_analysis_unit; Audit_mean_once; pool_resources_N_sum_except_wall,family,nasbench101,2,[2208],3,3,0,3,3,3,0.9409833484225804,0.9409833484225804,0.9409833484225804,3,3,0,1,1
qwen3.8-2.4t-a95b-fp8,poolact,tuning,cost_moderate,naive,4,raw_perf_bon,fraction,True,planned_analysis_unit; Audit_mean_once; pool_resources_N_sum_except_wall,task,hpobench:nasbench101:A,0,[2200],1,1,0,1,1,1,0.9403044978777567,0.9403044978777567,0.9403044978777567,1,1,0,1,1
qwen3.8-2.4t-a95b-fp8,poolact,tuning,cost_moderate,naive,4,raw_perf_bon,fraction,True,planned_analysis_unit; Audit_mean_once; pool_resources_N_sum_except_wall,task,hpobench:nasbench101:A,1,[2204],1,1,0,1,1,1,0.9448450803756714,0.9448450803756714,0.9448450803756714,1,1,0,1,1
qwen3.8-2.4t-a95b-fp8,poolact,tuning,cost_moderate,naive,4,raw_perf_bon,fraction,True,planned_analysis_unit; Audit_mean_once; pool_resources_N_sum_except_wall,task,hpobench:nasbench101:A,2,[2208],1,1,0,1,1,1,0.9376335342725118,0.9376335342725118,0.9376335342725118,1,1,0,1,1
qwen3.8-2.4t-a95b-fp8,poolact,tuning,cost_moderate,naive,4,raw_perf_bon,fraction,True,planned_analysis_unit; Audit_mean_once; pool_resources_N_sum_except_wall,task,hpobench:nasbench101:B,0,[2200],1,1,0,1,1,1,0.9436431725819906,0.9436431725819906,0.9436431725819906,1,1,0,1,1
qwen3.8-2.4t-a95b-fp8,poolact,tuning,cost_moderate,naive,4,raw_perf_bon,fraction,True,planned_analysis_unit; Audit_mean_once; pool_resources_N_sum_except_wall,task,hpobench:nasbench101:B,1,[2204],1,1,0,1,1,1,0.9422743121782938,0.9422743121782938,0.9422743121782938,1,1,0,1,1
qwen3.8-2.4t-a95b-fp8,poolact,tuning,cost_moderate,naive,4,raw_perf_bon,fraction,True,planned_analysis_unit; Audit_mean_once; pool_resources_N_sum_except_wall,task,hpobench:nasbench101:B,2,[2208],1,1,0,1,1,1,0.9397369225819906,0.9397369225819906,0.9397369225819906,1,1,0,1,1
qwen3.8-2.4t-a95b-fp8,poolact,tuning,cost_moderate,naive,4,raw_perf_bon,fraction,True,planned_analysis_unit; Audit_mean_once; pool_resources_N_sum_except_wall,task,hpobench:nasbench101:C,0,[2200],1,1,0,1,1,1,0.9432759086290995,0.9432759086290995,0.9432759086290995,1,1,0,1,1
qwen3.8-2.4t-a95b-fp8,poolact,tuning,cost_moderate,naive,4,raw_perf_bon,fraction,True,planned_analysis_unit; Audit_mean_once; pool_resources_N_sum_except_wall,task,hpobench:nasbench101:C,1,[2204],1,1,0,1,1,1,0.9412393172581991,0.9412393172581991,0.9412393172581991,1,1,0,1,1
qwen3.8-2.4t-a95b-fp8,poolact,tuning,cost_moderate,naive,4,raw_perf_bon,fraction,True,planned_analysis_unit; Audit_mean_once; pool_resources_N_sum_except_wall,task,hpobench:nasbench101:C,2,[2208],1,1,0,1,1,1,0.9455795884132385,0.9455795884132385,0.9455795884132385,1,1,0,1,1
qwen3.8-2.4t-a95b-fp8,poolact,tuning,cost_moderate,naive,4,raw_perf_mi,fraction,True,planned_analysis_unit; Audit_mean_once; pool_resources_N_sum_except_wall,all,all,0,[2200],3,3,0,3,3,3,0.9348596665594312,0.9348596665594312,0.9348596665594312,3,3,0,1,1
qwen3.8-2.4t-a95b-fp8,poolact,tuning,cost_moderate,naive,4,raw_perf_mi,fraction,True,planned_analysis_unit; Audit_mean_once; pool_resources_N_sum_except_wall,all,all,1,[2204],3,3,0,3,3,3,0.9377392712566589,0.9377392712566589,0.9377392712566589,3,3,0,1,1
qwen3.8-2.4t-a95b-fp8,poolact,tuning,cost_moderate,naive,4,raw_perf_mi,fraction,True,planned_analysis_unit; Audit_mean_once; pool_resources_N_sum_except_wall,all,all,2,[2208],3,3,0,3,3,3,0.9290559341510137,0.9290559341510137,0.9290559341510137,3,3,0,1,1
qwen3.8-2.4t-a95b-fp8,poolact,tuning,cost_moderate,naive,4,raw_perf_mi,fraction,True,planned_analysis_unit; Audit_mean_once; pool_resources_N_sum_except_wall,family,nasbench101,0,[2200],3,3,0,3,3,3,0.9348596665594312,0.9348596665594312,0.9348596665594312,3,3,0,1,1
qwen3.8-2.4t-a95b-fp8,poolact,tuning,cost_moderate,naive,4,raw_perf_mi,fraction,True,planned_analysis_unit; Audit_mean_once; pool_resources_N_sum_except_wall,family,nasbench101,1,[2204],3,3,0,3,3,3,0.9377392712566589,0.9377392712566589,0.9377392712566589,3,3,0,1,1
qwen3.8-2.4t-a95b-fp8,poolact,tuning,cost_moderate,naive,4,raw_perf_mi,fraction,True,planned_analysis_unit; Audit_mean_once; pool_resources_N_sum_except_wall,family,nasbench101,2,[2208],3,3,0,3,3,3,0.9290559341510137,0.9290559341510137,0.9290559341510137,3,3,0,1,1
qwen3.8-2.4t-a95b-fp8,poolact,tuning,cost_moderate,naive,4,raw_perf_mi,fraction,True,planned_analysis_unit; Audit_mean_once; pool_resources_N_sum_except_wall,task,hpobench:nasbench101:A,0,[2200],1,1,0,1,1,1,0.9282268335421879,0.9282268335421879,0.9282268335421879,1,1,0,1,1
qwen3.8-2.4t-a95b-fp8,poolact,tuning,cost_moderate,naive,4,raw_perf_mi,fraction,True,planned_analysis_unit; Audit_mean_once; pool_resources_N_sum_except_wall,task,hpobench:nasbench101:A,1,[2204],1,1,0,1,1,1,0.9383597075939178,0.9383597075939178,0.9383597075939178,1,1,0,1,1
qwen3.8-2.4t-a95b-fp8,poolact,tuning,cost_moderate,naive,4,raw_perf_mi,fraction,True,planned_analysis_unit; Audit_mean_once; pool_resources_N_sum_except_wall,task,hpobench:nasbench101:A,2,[2208],1,1,0,1,1,1,0.9167167445023855,0.9167167445023855,0.9167167445023855,1,1,0,1,1
qwen3.8-2.4t-a95b-fp8,poolact,tuning,cost_moderate,naive,4,raw_perf_mi,fraction,True,planned_analysis_unit; Audit_mean_once; pool_resources_N_sum_except_wall,task,hpobench:nasbench101:B,0,[2200],1,1,0,1,1,1,0.9375584274530412,0.9375584274530412,0.9375584274530412,1,1,0,1,1
qwen3.8-2.4t-a95b-fp8,poolact,tuning,cost_moderate,naive,4,raw_perf_mi,fraction,True,planned_analysis_unit; Audit_mean_once; pool_resources_N_sum_except_wall,task,hpobench:nasbench101:B,1,[2204],1,1,0,1,1,1,0.9340862035751343,0.9340862035751343,0.9340862035751343,1,1,0,1,1
qwen3.8-2.4t-a95b-fp8,poolact,tuning,cost_moderate,naive,4,raw_perf_mi,fraction,True,planned_analysis_unit; Audit_mean_once; pool_resources_N_sum_except_wall,task,hpobench:nasbench101:B,2,[2208],1,1,0,1,1,1,0.9337857266267141,0.9337857266267141,0.9337857266267141,1,1,0,1,1
qwen3.8-2.4t-a95b-fp8,poolact,tuning,cost_moderate,naive,4,raw_perf_mi,fraction,True,planned_analysis_unit; Audit_mean_once; pool_resources_N_sum_except_wall,task,hpobench:nasbench101:C,0,[2200],1,1,0,1,1,1,0.9387937386830647,0.9387937386830647,0.9387937386830647,1,1,0,1,1
qwen3.8-2.4t-a95b-fp8,poolact,tuning,cost_moderate,naive,4,raw_perf_mi,fraction,True,planned_analysis_unit; Audit_mean_once; pool_resources_N_sum_except_wall,task,hpobench:nasbench101:C,1,[2204],1,1,0,1,1,1,0.9407719026009242,0.9407719026009242,0.9407719026009242,1,1,0,1,1
qwen3.8-2.4t-a95b-fp8,poolact,tuning,cost_moderate,naive,4,raw_perf_mi,fraction,True,planned_analysis_unit; Audit_mean_once; pool_resources_N_sum_except_wall,task,hpobench:nasbench101:C,2,[2208],1,1,0,1,1,1,0.9366653313239416,0.9366653313239416,0.9366653313239416,1,1,0,1,1
qwen3.8-2.4t-a95b-fp8,poolact,tuning,cost_moderate,naive,4,wall_time_seconds,seconds,,planned_analysis_unit; Audit_mean_once; pool_resources_N_sum_except_wall,all,all,0,[2200],3,0,3,3,0,0,,,,3,0,3,1,1
qwen3.8-2.4t-a95b-fp8,poolact,tuning,cost_moderate,naive,4,wall_time_seconds,seconds,,planned_analysis_unit; Audit_mean_once; pool_resources_N_sum_except_wall,all,all,1,[2204],3,0,3,3,0,0,,,,3,0,3,1,1
qwen3.8-2.4t-a95b-fp8,poolact,tuning,cost_moderate,naive,4,wall_time_seconds,seconds,,planned_analysis_unit; Audit_mean_once; pool_resources_N_sum_except_wall,all,all,2,[2208],3,0,3,3,0,0,,,,3,0,3,1,1
qwen3.8-2.4t-a95b-fp8,poolact,tuning,cost_moderate,naive,4,wall_time_seconds,seconds,,planned_analysis_unit; Audit_mean_once; pool_resources_N_sum_except_wall,family,nasbench101,0,[2200],3,0,3,3,0,0,,,,3,0,3,1,1
qwen3.8-2.4t-a95b-fp8,poolact,tuning,cost_moderate,naive,4,wall_time_seconds,seconds,,planned_analysis_unit; Audit_mean_once; pool_resources_N_sum_except_wall,family,nasbench101,1,[2204],3,0,3,3,0,0,,,,3,0,3,1,1
qwen3.8-2.4t-a95b-fp8,poolact,tuning,cost_moderate,naive,4,wall_time_seconds,seconds,,planned_analysis_unit; Audit_mean_once; pool_resources_N_sum_except_wall,family,nasbench101,2,[2208],3,0,3,3,0,0,,,,3,0,3,1,1
qwen3.8-2.4t-a95b-fp8,poolact,tuning,cost_moderate,naive,4,wall_time_seconds,seconds,,planned_analysis_unit; Audit_mean_once; pool_resources_N_sum_except_wall,task,hpobench:nasbench101:A,0,[2200],1,0,1,1,0,0,,,,1,0,1,1,1
qwen3.8-2.4t-a95b-fp8,poolact,tuning,cost_moderate,naive,4,wall_time_seconds,seconds,,planned_analysis_unit; Audit_mean_once; pool_resources_N_sum_except_wall,task,hpobench:nasbench101:A,1,[2204],1,0,1,1,0,0,,,,1,0,1,1,1
qwen3.8-2.4t-a95b-fp8,poolact,tuning,cost_moderate,naive,4,wall_time_seconds,seconds,,planned_analysis_unit; Audit_mean_once; pool_resources_N_sum_except_wall,task,hpobench:nasbench101:A,2,[2208],1,0,1,1,0,0,,,,1,0,1,1,1
qwen3.8-2.4t-a95b-fp8,poolact,tuning,cost_moderate,naive,4,wall_time_seconds,seconds,,planned_analysis_unit; Audit_mean_once; pool_resources_N_sum_except_wall,task,hpobench:nasbench101:B,0,[2200],1,0,1,1,0,0,,,,1,0,1,1,1
qwen3.8-2.4t-a95b-fp8,poolact,tuning,cost_moderate,naive,4,wall_time_seconds,seconds,,planned_analysis_unit; Audit_mean_once; pool_resources_N_sum_except_wall,task,hpobench:nasbench101:B,1,[2204],1,0,1,1,0,0,,,,1,0,1,1,1
qwen3.8-2.4t-a95b-fp8,poolact,tuning,cost_moderate,naive,4,wall_time_seconds,seconds,,planned_analysis_unit; Audit_mean_once; pool_resources_N_sum_except_wall,task,hpobench:nasbench101:B,2,[2208],1,0,1,1,0,0,,,,1,0,1,1,1
qwen3.8-2.4t-a95b-fp8,poolact,tuning,cost_moderate,naive,4,wall_time_seconds,seconds,,planned_analysis_unit; Audit_mean_once; pool_resources_N_sum_except_wall,task,hpobench:nasbench101:C,0,[2200],1,0,1,1,0,0,,,,1,0,1,1,1
qwen3.8-2.4t-a95b-fp8,poolact,tuning,cost_moderate,naive,4,wall_time_seconds,seconds,,planned_analysis_unit; Audit_mean_once; pool_resources_N_sum_except_wall,task,hpobench:nasbench101:C,1,[2204],1,0,1,1,0,0,,,,1,0,1,1,1
qwen3.8-2.4t-a95b-fp8,poolact,tuning,cost_moderate,naive,4,wall_time_seconds,seconds,,planned_analysis_unit; Audit_mean_once; pool_resources_N_sum_except_wall,task,hpobench:nasbench101:C,2,[2208],1,0,1,1,0,0,,,,1,0,1,1,1
qwen3.8-2.4t-a95b-fp8,poolact,tuning,cost_moderate,poolact,4,budget_utilization,fraction,,planned_analysis_unit; Audit_mean_once; pool_resources_N_sum_except_wall,all,all,0,[2200],3,3,0,3,3,3,0.7834135904773212,0.7834135904773212,0.7834135904773212,3,3,0,1,1
qwen3.8-2.4t-a95b-fp8,poolact,tuning,cost_moderate,poolact,4,budget_utilization,fraction,,planned_analysis_unit; Audit_mean_once; pool_resources_N_sum_except_wall,all,all,1,[2204],3,3,0,3,3,3,0.8507020915934683,0.8507020915934683,0.8507020915934683,3,3,0,1,1
qwen3.8-2.4t-a95b-fp8,poolact,tuning,cost_moderate,poolact,4,budget_utilization,fraction,,planned_analysis_unit; Audit_mean_once; pool_resources_N_sum_except_wall,all,all,2,[2208],3,3,0,3,3,3,0.8140044568530392,0.8140044568530392,0.8140044568530392,3,3,0,1,1
qwen3.8-2.4t-a95b-fp8,poolact,tuning,cost_moderate,poolact,4,budget_utilization,fraction,,planned_analysis_unit; Audit_mean_once; pool_resources_N_sum_except_wall,family,nasbench101,0,[2200],3,3,0,3,3,3,0.7834135904773212,0.7834135904773212,0.7834135904773212,3,3,0,1,1
qwen3.8-2.4t-a95b-fp8,poolact,tuning,cost_moderate,poolact,4,budget_utilization,fraction,,planned_analysis_unit; Audit_mean_once; pool_resources_N_sum_except_wall,family,nasbench101,1,[2204],3,3,0,3,3,3,0.8507020915934683,0.8507020915934683,0.8507020915934683,3,3,0,1,1
qwen3.8-2.4t-a95b-fp8,poolact,tuning,cost_moderate,poolact,4,budget_utilization,fraction,,planned_analysis_unit; Audit_mean_once; pool_resources_N_sum_except_wall,family,nasbench101,2,[2208],3,3,0,3,3,3,0.8140044568530392,0.8140044568530392,0.8140044568530392,3,3,0,1,1
qwen3.8-2.4t-a95b-fp8,poolact,tuning,cost_moderate,poolact,4,budget_utilization,fraction,,planned_analysis_unit; Audit_mean_once; pool_resources_N_sum_except_wall,task,hpobench:nasbench101:A,0,[2200],1,1,0,1,1,1,0.8783845224444697,0.8783845224444697,0.8783845224444697,1,1,0,1,1
qwen3.8-2.4t-a95b-fp8,poolact,tuning,cost_moderate,poolact,4,budget_utilization,fraction,,planned_analysis_unit; Audit_mean_once; pool_resources_N_sum_except_wall,task,hpobench:nasbench101:A,1,[2204],1,1,0,1,1,1,0.9079786450928182,0.9079786450928182,0.9079786450928182,1,1,0,1,1
qwen3.8-2.4t-a95b-fp8,poolact,tuning,cost_moderate,poolact,4,budget_utilization,fraction,,planned_analysis_unit; Audit_mean_once; pool_resources_N_sum_except_wall,task,hpobench:nasbench101:A,2,[2208],1,1,0,1,1,1,0.780858224434278,0.780858224434278,0.780858224434278,1,1,0,1,1
qwen3.8-2.4t-a95b-fp8,poolact,tuning,cost_moderate,poolact,4,budget_utilization,fraction,,planned_analysis_unit; Audit_mean_once; pool_resources_N_sum_except_wall,task,hpobench:nasbench101:B,0,[2200],1,1,0,1,1,1,0.9839189430082829,0.9839189430082829,0.9839189430082829,1,1,0,1,1
qwen3.8-2.4t-a95b-fp8,poolact,tuning,cost_moderate,poolact,4,budget_utilization,fraction,,planned_analysis_unit; Audit_mean_once; pool_resources_N_sum_except_wall,task,hpobench:nasbench101:B,1,[2204],1,1,0,1,1,1,0.8403708231820962,0.8403708231820962,0.8403708231820962,1,1,0,1,1
qwen3.8-2.4t-a95b-fp8,poolact,tuning,cost_moderate,poolact,4,budget_utilization,fraction,,planned_analysis_unit; Audit_mean_once; pool_resources_N_sum_except_wall,task,hpobench:nasbench101:B,2,[2208],1,1,0,1,1,1,0.8269211620622053,0.8269211620622053,0.8269211620622053,1,1,0,1,1
qwen3.8-2.4t-a95b-fp8,poolact,tuning,cost_moderate,poolact,4,budget_utilization,fraction,,planned_analysis_unit; Audit_mean_once; pool_resources_N_sum_except_wall,task,hpobench:nasbench101:C,0,[2200],1,1,0,1,1,1,0.4879373059792108,0.4879373059792108,0.4879373059792108,1,1,0,1,1
qwen3.8-2.4t-a95b-fp8,poolact,tuning,cost_moderate,poolact,4,budget_utilization,fraction,,planned_analysis_unit; Audit_mean_once; pool_resources_N_sum_except_wall,task,hpobench:nasbench101:C,1,[2204],1,1,0,1,1,1,0.8037568065054902,0.8037568065054902,0.8037568065054902,1,1,0,1,1
qwen3.8-2.4t-a95b-fp8,poolact,tuning,cost_moderate,poolact,4,budget_utilization,fraction,,planned_analysis_unit; Audit_mean_once; pool_resources_N_sum_except_wall,task,hpobench:nasbench101:C,2,[2208],1,1,0,1,1,1,0.8342339840626346,0.8342339840626346,0.8342339840626346,1,1,0,1,1
qwen3.8-2.4t-a95b-fp8,poolact,tuning,cost_moderate,poolact,4,duplicate_action_attempts,count,,planned_analysis_unit; Audit_mean_once; pool_resources_N_sum_except_wall,all,all,0,[2200],3,3,0,3,3,3,1.6666666666666667,1.6666666666666667,1.6666666666666667,3,3,0,1,1
qwen3.8-2.4t-a95b-fp8,poolact,tuning,cost_moderate,poolact,4,duplicate_action_attempts,count,,planned_analysis_unit; Audit_mean_once; pool_resources_N_sum_except_wall,all,all,1,[2204],3,3,0,3,3,3,2.3333333333333335,2.3333333333333335,2.3333333333333335,3,3,0,1,1
qwen3.8-2.4t-a95b-fp8,poolact,tuning,cost_moderate,poolact,4,duplicate_action_attempts,count,,planned_analysis_unit; Audit_mean_once; pool_resources_N_sum_except_wall,all,all,2,[2208],3,3,0,3,3,3,1.6666666666666667,1.6666666666666667,1.6666666666666667,3,3,0,1,1
qwen3.8-2.4t-a95b-fp8,poolact,tuning,cost_moderate,poolact,4,duplicate_action_attempts,count,,planned_analysis_unit; Audit_mean_once; pool_resources_N_sum_except_wall,family,nasbench101,0,[2200],3,3,0,3,3,3,1.6666666666666667,1.6666666666666667,1.6666666666666667,3,3,0,1,1
qwen3.8-2.4t-a95b-fp8,poolact,tuning,cost_moderate,poolact,4,duplicate_action_attempts,count,,planned_analysis_unit; Audit_mean_once; pool_resources_N_sum_except_wall,family,nasbench101,1,[2204],3,3,0,3,3,3,2.3333333333333335,2.3333333333333335,2.3333333333333335,3,3,0,1,1
qwen3.8-2.4t-a95b-fp8,poolact,tuning,cost_moderate,poolact,4,duplicate_action_attempts,count,,planned_analysis_unit; Audit_mean_once; pool_resources_N_sum_except_wall,family,nasbench101,2,[2208],3,3,0,3,3,3,1.6666666666666667,1.6666666666666667,1.6666666666666667,3,3,0,1,1
qwen3.8-2.4t-a95b-fp8,poolact,tuning,cost_moderate,poolact,4,duplicate_action_attempts,count,,planned_analysis_unit; Audit_mean_once; pool_resources_N_sum_except_wall,task,hpobench:nasbench101:A,0,[2200],1,1,0,1,1,1,0.0,0.0,0.0,1,1,0,1,1
qwen3.8-2.4t-a95b-fp8,poolact,tuning,cost_moderate,poolact,4,duplicate_action_attempts,count,,planned_analysis_unit; Audit_mean_once; pool_resources_N_sum_except_wall,task,hpobench:nasbench101:A,1,[2204],1,1,0,1,1,1,4.0,4.0,4.0,1,1,0,1,1
qwen3.8-2.4t-a95b-fp8,poolact,tuning,cost_moderate,poolact,4,duplicate_action_attempts,count,,planned_analysis_unit; Audit_mean_once; pool_resources_N_sum_except_wall,task,hpobench:nasbench101:A,2,[2208],1,1,0,1,1,1,0.0,0.0,0.0,1,1,0,1,1
qwen3.8-2.4t-a95b-fp8,poolact,tuning,cost_moderate,poolact,4,duplicate_action_attempts,count,,planned_analysis_unit; Audit_mean_once; pool_resources_N_sum_except_wall,task,hpobench:nasbench101:B,0,[2200],1,1,0,1,1,1,5.0,5.0,5.0,1,1,0,1,1
qwen3.8-2.4t-a95b-fp8,poolact,tuning,cost_moderate,poolact,4,duplicate_action_attempts,count,,planned_analysis_unit; Audit_mean_once; pool_resources_N_sum_except_wall,task,hpobench:nasbench101:B,1,[2204],1,1,0,1,1,1,3.0,3.0,3.0,1,1,0,1,1
qwen3.8-2.4t-a95b-fp8,poolact,tuning,cost_moderate,poolact,4,duplicate_action_attempts,count,,planned_analysis_unit; Audit_mean_once; pool_resources_N_sum_except_wall,task,hpobench:nasbench101:B,2,[2208],1,1,0,1,1,1,2.0,2.0,2.0,1,1,0,1,1
qwen3.8-2.4t-a95b-fp8,poolact,tuning,cost_moderate,poolact,4,duplicate_action_attempts,count,,planned_analysis_unit; Audit_mean_once; pool_resources_N_sum_except_wall,task,hpobench:nasbench101:C,0,[2200],1,1,0,1,1,1,0.0,0.0,0.0,1,1,0,1,1
qwen3.8-2.4t-a95b-fp8,poolact,tuning,cost_moderate,poolact,4,duplicate_action_attempts,count,,planned_analysis_unit; Audit_mean_once; pool_resources_N_sum_except_wall,task,hpobench:nasbench101:C,1,[2204],1,1,0,1,1,1,0.0,0.0,0.0,1,1,0,1,1
qwen3.8-2.4t-a95b-fp8,poolact,tuning,cost_moderate,poolact,4,duplicate_action_attempts,count,,planned_analysis_unit; Audit_mean_once; pool_resources_N_sum_except_wall,task,hpobench:nasbench101:C,2,[2208],1,1,0,1,1,1,3.0,3.0,3.0,1,1,0,1,1
qwen3.8-2.4t-a95b-fp8,poolact,tuning,cost_moderate,poolact,4,feedback_attempts,count,,planned_analysis_unit; Audit_mean_once; pool_resources_N_sum_except_wall,all,all,0,[2200],3,3,0,3,3,3,34.0,34.0,34.0,3,3,0,1,1
qwen3.8-2.4t-a95b-fp8,poolact,tuning,cost_moderate,poolact,4,feedback_attempts,count,,planned_analysis_unit; Audit_mean_once; pool_resources_N_sum_except_wall,all,all,1,[2204],3,3,0,3,3,3,42.666666666666664,42.666666666666664,42.666666666666664,3,3,0,1,1
qwen3.8-2.4t-a95b-fp8,poolact,tuning,cost_moderate,poolact,4,feedback_attempts,count,,planned_analysis_unit; Audit_mean_once; pool_resources_N_sum_except_wall,all,all,2,[2208],3,3,0,3,3,3,42.333333333333336,42.333333333333336,42.333333333333336,3,3,0,1,1
qwen3.8-2.4t-a95b-fp8,poolact,tuning,cost_moderate,poolact,4,feedback_attempts,count,,planned_analysis_unit; Audit_mean_once; pool_resources_N_sum_except_wall,family,nasbench101,0,[2200],3,3,0,3,3,3,34.0,34.0,34.0,3,3,0,1,1
qwen3.8-2.4t-a95b-fp8,poolact,tuning,cost_moderate,poolact,4,feedback_attempts,count,,planned_analysis_unit; Audit_mean_once; pool_resources_N_sum_except_wall,family,nasbench101,1,[2204],3,3,0,3,3,3,42.666666666666664,42.666666666666664,42.666666666666664,3,3,0,1,1
qwen3.8-2.4t-a95b-fp8,poolact,tuning,cost_moderate,poolact,4,feedback_attempts,count,,planned_analysis_unit; Audit_mean_once; pool_resources_N_sum_except_wall,family,nasbench101,2,[2208],3,3,0,3,3,3,42.333333333333336,42.333333333333336,42.333333333333336,3,3,0,1,1
qwen3.8-2.4t-a95b-fp8,poolact,tuning,cost_moderate,poolact,4,feedback_attempts,count,,planned_analysis_unit; Audit_mean_once; pool_resources_N_sum_except_wall,task,hpobench:nasbench101:A,0,[2200],1,1,0,1,1,1,19.0,19.0,19.0,1,1,0,1,1
qwen3.8-2.4t-a95b-fp8,poolact,tuning,cost_moderate,poolact,4,feedback_attempts,count,,planned_analysis_unit; Audit_mean_once; pool_resources_N_sum_except_wall,task,hpobench:nasbench101:A,1,[2204],1,1,0,1,1,1,34.0,34.0,34.0,1,1,0,1,1
qwen3.8-2.4t-a95b-fp8,poolact,tuning,cost_moderate,poolact,4,feedback_attempts,count,,planned_analysis_unit; Audit_mean_once; pool_resources_N_sum_except_wall,task,hpobench:nasbench101:A,2,[2208],1,1,0,1,1,1,16.0,16.0,16.0,1,1,0,1,1
qwen3.8-2.4t-a95b-fp8,poolact,tuning,cost_moderate,poolact,4,feedback_attempts,count,,planned_analysis_unit; Audit_mean_once; pool_resources_N_sum_except_wall,task,hpobench:nasbench101:B,0,[2200],1,1,0,1,1,1,44.0,44.0,44.0,1,1,0,1,1
qwen3.8-2.4t-a95b-fp8,poolact,tuning,cost_moderate,poolact,4,feedback_attempts,count,,planned_analysis_unit; Audit_mean_once; pool_resources_N_sum_except_wall,task,hpobench:nasbench101:B,1,[2204],1,1,0,1,1,1,39.0,39.0,39.0,1,1,0,1,1
qwen3.8-2.4t-a95b-fp8,poolact,tuning,cost_moderate,poolact,4,feedback_attempts,count,,planned_analysis_unit; Audit_mean_once; pool_resources_N_sum_except_wall,task,hpobench:nasbench101:B,2,[2208],1,1,0,1,1,1,50.0,50.0,50.0,1,1,0,1,1
qwen3.8-2.4t-a95b-fp8,poolact,tuning,cost_moderate,poolact,4,feedback_attempts,count,,planned_analysis_unit; Audit_mean_once; pool_resources_N_sum_except_wall,task,hpobench:nasbench101:C,0,[2200],1,1,0,1,1,1,39.0,39.0,39.0,1,1,0,1,1
qwen3.8-2.4t-a95b-fp8,poolact,tuning,cost_moderate,poolact,4,feedback_attempts,count,,planned_analysis_unit; Audit_mean_once; pool_resources_N_sum_except_wall,task,hpobench:nasbench101:C,1,[2204],1,1,0,1,1,1,55.0,55.0,55.0,1,1,0,1,1
qwen3.8-2.4t-a95b-fp8,poolact,tuning,cost_moderate,poolact,4,feedback_attempts,count,,planned_analysis_unit; Audit_mean_once; pool_resources_N_sum_except_wall,task,hpobench:nasbench101:C,2,[2208],1,1,0,1,1,1,61.0,61.0,61.0,1,1,0,1,1
qwen3.8-2.4t-a95b-fp8,poolact,tuning,cost_moderate,poolact,4,feedback_cost_seconds,seconds,,planned_analysis_unit; Audit_mean_once; pool_resources_N_sum_except_wall,all,all,0,[2200],3,3,0,3,3,3,265953.7918904622,265953.7918904622,265953.7918904622,3,3,0,1,1
qwen3.8-2.4t-a95b-fp8,poolact,tuning,cost_moderate,poolact,4,feedback_cost_seconds,seconds,,planned_analysis_unit; Audit_mean_once; pool_resources_N_sum_except_wall,all,all,1,[2204],3,3,0,3,3,3,295364.49863688153,295364.49863688153,295364.49863688153,3,3,0,1,1
qwen3.8-2.4t-a95b-fp8,poolact,tuning,cost_moderate,poolact,4,feedback_cost_seconds,seconds,,planned_analysis_unit; Audit_mean_once; pool_resources_N_sum_except_wall,all,all,2,[2208],3,3,0,3,3,3,289689.74495442706,289689.74495442706,289689.74495442706,3,3,0,1,1
qwen3.8-2.4t-a95b-fp8,poolact,tuning,cost_moderate,poolact,4,feedback_cost_seconds,seconds,,planned_analysis_unit; Audit_mean_once; pool_resources_N_sum_except_wall,family,nasbench101,0,[2200],3,3,0,3,3,3,265953.7918904622,265953.7918904622,265953.7918904622,3,3,0,1,1
qwen3.8-2.4t-a95b-fp8,poolact,tuning,cost_moderate,poolact,4,feedback_cost_seconds,seconds,,planned_analysis_unit; Audit_mean_once; pool_resources_N_sum_except_wall,family,nasbench101,1,[2204],3,3,0,3,3,3,295364.49863688153,295364.49863688153,295364.49863688153,3,3,0,1,1
qwen3.8-2.4t-a95b-fp8,poolact,tuning,cost_moderate,poolact,4,feedback_cost_seconds,seconds,,planned_analysis_unit; Audit_mean_once; pool_resources_N_sum_except_wall,family,nasbench101,2,[2208],3,3,0,3,3,3,289689.74495442706,289689.74495442706,289689.74495442706,3,3,0,1,1
qwen3.8-2.4t-a95b-fp8,poolact,tuning,cost_moderate,poolact,4,feedback_cost_seconds,seconds,,planned_analysis_unit; Audit_mean_once; pool_resources_N_sum_except_wall,task,hpobench:nasbench101:A,0,[2200],1,1,0,1,1,1,173714.66723632812,173714.66723632812,173714.66723632812,1,1,0,1,1
qwen3.8-2.4t-a95b-fp8,poolact,tuning,cost_moderate,poolact,4,feedback_cost_seconds,seconds,,planned_analysis_unit; Audit_mean_once; pool_resources_N_sum_except_wall,task,hpobench:nasbench101:A,1,[2204],1,1,0,1,1,1,179567.3809814453,179567.3809814453,179567.3809814453,1,1,0,1,1
qwen3.8-2.4t-a95b-fp8,poolact,tuning,cost_moderate,poolact,4,feedback_cost_seconds,seconds,,planned_analysis_unit; Audit_mean_once; pool_resources_N_sum_except_wall,task,hpobench:nasbench101:A,2,[2208],1,1,0,1,1,1,154427.27319335938,154427.27319335938,154427.27319335938,1,1,0,1,1
qwen3.8-2.4t-a95b-fp8,poolact,tuning,cost_moderate,poolact,4,feedback_cost_seconds,seconds,,planned_analysis_unit; Audit_mean_once; pool_resources_N_sum_except_wall,task,hpobench:nasbench101:B,0,[2200],1,1,0,1,1,1,405475.3985595703,405475.3985595703,405475.3985595703,1,1,0,1,1
qwen3.8-2.4t-a95b-fp8,poolact,tuning,cost_moderate,poolact,4,feedback_cost_seconds,seconds,,planned_analysis_unit; Audit_mean_once; pool_resources_N_sum_except_wall,task,hpobench:nasbench101:B,1,[2204],1,1,0,1,1,1,346318.8679199219,346318.8679199219,346318.8679199219,1,1,0,1,1
qwen3.8-2.4t-a95b-fp8,poolact,tuning,cost_moderate,poolact,4,feedback_cost_seconds,seconds,,planned_analysis_unit; Audit_mean_once; pool_resources_N_sum_except_wall,task,hpobench:nasbench101:B,2,[2208],1,1,0,1,1,1,340776.2297363281,340776.2297363281,340776.2297363281,1,1,0,1,1
qwen3.8-2.4t-a95b-fp8,poolact,tuning,cost_moderate,poolact,4,feedback_cost_seconds,seconds,,planned_analysis_unit; Audit_mean_once; pool_resources_N_sum_except_wall,task,hpobench:nasbench101:C,0,[2200],1,1,0,1,1,1,218671.30987548828,218671.30987548828,218671.30987548828,1,1,0,1,1
qwen3.8-2.4t-a95b-fp8,poolact,tuning,cost_moderate,poolact,4,feedback_cost_seconds,seconds,,planned_analysis_unit; Audit_mean_once; pool_resources_N_sum_except_wall,task,hpobench:nasbench101:C,1,[2204],1,1,0,1,1,1,360207.24700927734,360207.24700927734,360207.24700927734,1,1,0,1,1
qwen3.8-2.4t-a95b-fp8,poolact,tuning,cost_moderate,poolact,4,feedback_cost_seconds,seconds,,planned_analysis_unit; Audit_mean_once; pool_resources_N_sum_except_wall,task,hpobench:nasbench101:C,2,[2208],1,1,0,1,1,1,373865.73193359375,373865.73193359375,373865.73193359375,1,1,0,1,1
qwen3.8-2.4t-a95b-fp8,poolact,tuning,cost_moderate,poolact,4,feedback_visible,count,,planned_analysis_unit; Audit_mean_once; pool_resources_N_sum_except_wall,all,all,0,[2200],3,0,3,3,0,0,,,,3,0,3,1,1
qwen3.8-2.4t-a95b-fp8,poolact,tuning,cost_moderate,poolact,4,feedback_visible,count,,planned_analysis_unit; Audit_mean_once; pool_resources_N_sum_except_wall,all,all,1,[2204],3,0,3,3,0,0,,,,3,0,3,1,1
qwen3.8-2.4t-a95b-fp8,poolact,tuning,cost_moderate,poolact,4,feedback_visible,count,,planned_analysis_unit; Audit_mean_once; pool_resources_N_sum_except_wall,all,all,2,[2208],3,0,3,3,0,0,,,,3,0,3,1,1
qwen3.8-2.4t-a95b-fp8,poolact,tuning,cost_moderate,poolact,4,feedback_visible,count,,planned_analysis_unit; Audit_mean_once; pool_resources_N_sum_except_wall,family,nasbench101,0,[2200],3,0,3,3,0,0,,,,3,0,3,1,1
qwen3.8-2.4t-a95b-fp8,poolact,tuning,cost_moderate,poolact,4,feedback_visible,count,,planned_analysis_unit; Audit_mean_once; pool_resources_N_sum_except_wall,family,nasbench101,1,[2204],3,0,3,3,0,0,,,,3,0,3,1,1
qwen3.8-2.4t-a95b-fp8,poolact,tuning,cost_moderate,poolact,4,feedback_visible,count,,planned_analysis_unit; Audit_mean_once; pool_resources_N_sum_except_wall,family,nasbench101,2,[2208],3,0,3,3,0,0,,,,3,0,3,1,1
qwen3.8-2.4t-a95b-fp8,poolact,tuning,cost_moderate,poolact,4,feedback_visible,count,,planned_analysis_unit; Audit_mean_once; pool_resources_N_sum_except_wall,task,hpobench:nasbench101:A,0,[2200],1,0,1,1,0,0,,,,1,0,1,1,1
qwen3.8-2.4t-a95b-fp8,poolact,tuning,cost_moderate,poolact,4,feedback_visible,count,,planned_analysis_unit; Audit_mean_once; pool_resources_N_sum_except_wall,task,hpobench:nasbench101:A,1,[2204],1,0,1,1,0,0,,,,1,0,1,1,1
qwen3.8-2.4t-a95b-fp8,poolact,tuning,cost_moderate,poolact,4,feedback_visible,count,,planned_analysis_unit; Audit_mean_once; pool_resources_N_sum_except_wall,task,hpobench:nasbench101:A,2,[2208],1,0,1,1,0,0,,,,1,0,1,1,1
qwen3.8-2.4t-a95b-fp8,poolact,tuning,cost_moderate,poolact,4,feedback_visible,count,,planned_analysis_unit; Audit_mean_once; pool_resources_N_sum_except_wall,task,hpobench:nasbench101:B,0,[2200],1,0,1,1,0,0,,,,1,0,1,1,1
qwen3.8-2.4t-a95b-fp8,poolact,tuning,cost_moderate,poolact,4,feedback_visible,count,,planned_analysis_unit; Audit_mean_once; pool_resources_N_sum_except_wall,task,hpobench:nasbench101:B,1,[2204],1,0,1,1,0,0,,,,1,0,1,1,1
qwen3.8-2.4t-a95b-fp8,poolact,tuning,cost_moderate,poolact,4,feedback_visible,count,,planned_analysis_unit; Audit_mean_once; pool_resources_N_sum_except_wall,task,hpobench:nasbench101:B,2,[2208],1,0,1,1,0,0,,,,1,0,1,1,1
qwen3.8-2.4t-a95b-fp8,poolact,tuning,cost_moderate,poolact,4,feedback_visible,count,,planned_analysis_unit; Audit_mean_once; pool_resources_N_sum_except_wall,task,hpobench:nasbench101:C,0,[2200],1,0,1,1,0,0,,,,1,0,1,1,1
qwen3.8-2.4t-a95b-fp8,poolact,tuning,cost_moderate,poolact,4,feedback_visible,count,,planned_analysis_unit; Audit_mean_once; pool_resources_N_sum_except_wall,task,hpobench:nasbench101:C,1,[2204],1,0,1,1,0,0,,,,1,0,1,1,1
qwen3.8-2.4t-a95b-fp8,poolact,tuning,cost_moderate,poolact,4,feedback_visible,count,,planned_analysis_unit; Audit_mean_once; pool_resources_N_sum_except_wall,task,hpobench:nasbench101:C,2,[2208],1,0,1,1,0,0,,,,1,0,1,1,1
qwen3.8-2.4t-a95b-fp8,poolact,tuning,cost_moderate,poolact,4,gap_bon,Gap points,True,planned_analysis_unit; Audit_mean_once; pool_resources_N_sum_except_wall,all,all,0,[2200],3,3,0,3,3,3,98.9028789795603,98.9028789795603,98.9028789795603,3,3,0,1,1
qwen3.8-2.4t-a95b-fp8,poolact,tuning,cost_moderate,poolact,4,gap_bon,Gap points,True,planned_analysis_unit; Audit_mean_once; pool_resources_N_sum_except_wall,all,all,1,[2204],3,3,0,3,3,3,99.10830267997169,99.10830267997169,99.10830267997169,3,3,0,1,1
qwen3.8-2.4t-a95b-fp8,poolact,tuning,cost_moderate,poolact,4,gap_bon,Gap points,True,planned_analysis_unit; Audit_mean_once; pool_resources_N_sum_except_wall,all,all,2,[2208],3,3,0,3,3,3,99.43263825611149,99.43263825611149,99.43263825611149,3,3,0,1,1
qwen3.8-2.4t-a95b-fp8,poolact,tuning,cost_moderate,poolact,4,gap_bon,Gap points,True,planned_analysis_unit; Audit_mean_once; pool_resources_N_sum_except_wall,family,nasbench101,0,[2200],3,3,0,3,3,3,98.9028789795603,98.9028789795603,98.9028789795603,3,3,0,1,1
qwen3.8-2.4t-a95b-fp8,poolact,tuning,cost_moderate,poolact,4,gap_bon,Gap points,True,planned_analysis_unit; Audit_mean_once; pool_resources_N_sum_except_wall,family,nasbench101,1,[2204],3,3,0,3,3,3,99.10830267997169,99.10830267997169,99.10830267997169,3,3,0,1,1
qwen3.8-2.4t-a95b-fp8,poolact,tuning,cost_moderate,poolact,4,gap_bon,Gap points,True,planned_analysis_unit; Audit_mean_once; pool_resources_N_sum_except_wall,family,nasbench101,2,[2208],3,3,0,3,3,3,99.43263825611149,99.43263825611149,99.43263825611149,3,3,0,1,1
qwen3.8-2.4t-a95b-fp8,poolact,tuning,cost_moderate,poolact,4,gap_bon,Gap points,True,planned_analysis_unit; Audit_mean_once; pool_resources_N_sum_except_wall,task,hpobench:nasbench101:A,0,[2200],1,1,0,1,1,1,99.6108132863334,99.6108132863334,99.6108132863334,1,1,0,1,1
qwen3.8-2.4t-a95b-fp8,poolact,tuning,cost_moderate,poolact,4,gap_bon,Gap points,True,planned_analysis_unit; Audit_mean_once; pool_resources_N_sum_except_wall,task,hpobench:nasbench101:A,1,[2204],1,1,0,1,1,1,99.00804315923163,99.00804315923163,99.00804315923163,1,1,0,1,1
qwen3.8-2.4t-a95b-fp8,poolact,tuning,cost_moderate,poolact,4,gap_bon,Gap points,True,planned_analysis_unit; Audit_mean_once; pool_resources_N_sum_except_wall,task,hpobench:nasbench101:A,2,[2208],1,1,0,1,1,1,99.68200305009474,99.68200305009474,99.68200305009474,1,1,0,1,1
qwen3.8-2.4t-a95b-fp8,poolact,tuning,cost_moderate,poolact,4,gap_bon,Gap points,True,planned_analysis_unit; Audit_mean_once; pool_resources_N_sum_except_wall,task,hpobench:nasbench101:B,0,[2200],1,1,0,1,1,1,97.57630431709191,97.57630431709191,97.57630431709191,1,1,0,1,1
qwen3.8-2.4t-a95b-fp8,poolact,tuning,cost_moderate,poolact,4,gap_bon,Gap points,True,planned_analysis_unit; Audit_mean_once; pool_resources_N_sum_except_wall,task,hpobench:nasbench101:B,1,[2204],1,1,0,1,1,1,98.13965060084907,98.13965060084907,98.13965060084907,1,1,0,1,1
qwen3.8-2.4t-a95b-fp8,poolact,tuning,cost_moderate,poolact,4,gap_bon,Gap points,True,planned_analysis_unit; Audit_mean_once; pool_resources_N_sum_except_wall,task,hpobench:nasbench101:B,2,[2208],1,1,0,1,1,1,98.59819099332017,98.59819099332017,98.59819099332017,1,1,0,1,1
qwen3.8-2.4t-a95b-fp8,poolact,tuning,cost_moderate,poolact,4,gap_bon,Gap points,True,planned_analysis_unit; Audit_mean_once; pool_resources_N_sum_except_wall,task,hpobench:nasbench101:C,0,[2200],1,1,0,1,1,1,99.52151933525563,99.52151933525563,99.52151933525563,1,1,0,1,1
qwen3.8-2.4t-a95b-fp8,poolact,tuning,cost_moderate,poolact,4,gap_bon,Gap points,True,planned_analysis_unit; Audit_mean_once; pool_resources_N_sum_except_wall,task,hpobench:nasbench101:C,1,[2204],1,1,0,1,1,1,100.17721427983435,100.17721427983435,100.17721427983435,1,1,0,1,1
qwen3.8-2.4t-a95b-fp8,poolact,tuning,cost_moderate,poolact,4,gap_bon,Gap points,True,planned_analysis_unit; Audit_mean_once; pool_resources_N_sum_except_wall,task,hpobench:nasbench101:C,2,[2208],1,1,0,1,1,1,100.01772072491956,100.01772072491956,100.01772072491956,1,1,0,1,1
qwen3.8-2.4t-a95b-fp8,poolact,tuning,cost_moderate,poolact,4,gap_mi,Gap points,True,planned_analysis_unit; Audit_mean_once; pool_resources_N_sum_except_wall,all,all,0,[2200],3,3,0,3,3,3,98.570337031047,98.570337031047,98.570337031047,3,3,0,1,1
qwen3.8-2.4t-a95b-fp8,poolact,tuning,cost_moderate,poolact,4,gap_mi,Gap points,True,planned_analysis_unit; Audit_mean_once; pool_resources_N_sum_except_wall,all,all,1,[2204],3,3,0,3,3,3,98.965373932005,98.965373932005,98.965373932005,3,3,0,1,1
qwen3.8-2.4t-a95b-fp8,poolact,tuning,cost_moderate,poolact,4,gap_mi,Gap points,True,planned_analysis_unit; Audit_mean_once; pool_resources_N_sum_except_wall,all,all,2,[2208],3,3,0,3,3,3,99.07274122044124,99.07274122044124,99.07274122044124,3,3,0,1,1
qwen3.8-2.4t-a95b-fp8,poolact,tuning,cost_moderate,poolact,4,gap_mi,Gap points,True,planned_analysis_unit; Audit_mean_once; pool_resources_N_sum_except_wall,family,nasbench101,0,[2200],3,3,0,3,3,3,98.570337031047,98.570337031047,98.570337031047,3,3,0,1,1
qwen3.8-2.4t-a95b-fp8,poolact,tuning,cost_moderate,poolact,4,gap_mi,Gap points,True,planned_analysis_unit; Audit_mean_once; pool_resources_N_sum_except_wall,family,nasbench101,1,[2204],3,3,0,3,3,3,98.965373932005,98.965373932005,98.965373932005,3,3,0,1,1
qwen3.8-2.4t-a95b-fp8,poolact,tuning,cost_moderate,poolact,4,gap_mi,Gap points,True,planned_analysis_unit; Audit_mean_once; pool_resources_N_sum_except_wall,family,nasbench101,2,[2208],3,3,0,3,3,3,99.07274122044124,99.07274122044124,99.07274122044124,3,3,0,1,1
qwen3.8-2.4t-a95b-fp8,poolact,tuning,cost_moderate,poolact,4,gap_mi,Gap points,True,planned_analysis_unit; Audit_mean_once; pool_resources_N_sum_except_wall,task,hpobench:nasbench101:A,0,[2200],1,1,0,1,1,1,99.35214419936199,99.35214419936199,99.35214419936199,1,1,0,1,1
qwen3.8-2.4t-a95b-fp8,poolact,tuning,cost_moderate,poolact,4,gap_mi,Gap points,True,planned_analysis_unit; Audit_mean_once; pool_resources_N_sum_except_wall,task,hpobench:nasbench101:A,1,[2204],1,1,0,1,1,1,98.92498655188992,98.92498655188992,98.92498655188992,1,1,0,1,1
qwen3.8-2.4t-a95b-fp8,poolact,tuning,cost_moderate,poolact,4,gap_mi,Gap points,True,planned_analysis_unit; Audit_mean_once; pool_resources_N_sum_except_wall,task,hpobench:nasbench101:A,2,[2208],1,1,0,1,1,1,99.57046983114093,99.57046983114093,99.57046983114093,1,1,0,1,1
qwen3.8-2.4t-a95b-fp8,poolact,tuning,cost_moderate,poolact,4,gap_mi,Gap points,True,planned_analysis_unit; Audit_mean_once; pool_resources_N_sum_except_wall,task,hpobench:nasbench101:B,0,[2200],1,1,0,1,1,1,96.95401397761293,96.95401397761293,96.95401397761293,1,1,0,1,1
qwen3.8-2.4t-a95b-fp8,poolact,tuning,cost_moderate,poolact,4,gap_mi,Gap points,True,planned_analysis_unit; Audit_mean_once; pool_resources_N_sum_except_wall,task,hpobench:nasbench101:B,1,[2204],1,1,0,1,1,1,97.97261255708825,97.97261255708825,97.97261255708825,1,1,0,1,1
qwen3.8-2.4t-a95b-fp8,poolact,tuning,cost_moderate,poolact,4,gap_mi,Gap points,True,planned_analysis_unit; Audit_mean_once; pool_resources_N_sum_except_wall,task,hpobench:nasbench101:B,2,[2208],1,1,0,1,1,1,97.7924786496149,97.7924786496149,97.7924786496149,1,1,0,1,1
qwen3.8-2.4t-a95b-fp8,poolact,tuning,cost_moderate,poolact,4,gap_mi,Gap points,True,planned_analysis_unit; Audit_mean_once; pool_resources_N_sum_except_wall,task,hpobench:nasbench101:C,0,[2200],1,1,0,1,1,1,99.40485291616606,99.40485291616606,99.40485291616606,1,1,0,1,1
qwen3.8-2.4t-a95b-fp8,poolact,tuning,cost_moderate,poolact,4,gap_mi,Gap points,True,planned_analysis_unit; Audit_mean_once; pool_resources_N_sum_except_wall,task,hpobench:nasbench101:C,1,[2204],1,1,0,1,1,1,99.9985226870368,99.9985226870368,99.9985226870368,1,1,0,1,1
qwen3.8-2.4t-a95b-fp8,poolact,tuning,cost_moderate,poolact,4,gap_mi,Gap points,True,planned_analysis_unit; Audit_mean_once; pool_resources_N_sum_except_wall,task,hpobench:nasbench101:C,2,[2208],1,1,0,1,1,1,99.85527518056792,99.85527518056792,99.85527518056792,1,1,0,1,1
qwen3.8-2.4t-a95b-fp8,poolact,tuning,cost_moderate,poolact,4,input_tokens,tokens,,planned_analysis_unit; Audit_mean_once; pool_resources_N_sum_except_wall,all,all,0,[2200],3,3,0,3,3,3,1479970.0,1479970.0,1479970.0,3,3,0,1,1
qwen3.8-2.4t-a95b-fp8,poolact,tuning,cost_moderate,poolact,4,input_tokens,tokens,,planned_analysis_unit; Audit_mean_once; pool_resources_N_sum_except_wall,all,all,1,[2204],3,3,0,3,3,3,2171305.6666666665,2171305.6666666665,2171305.6666666665,3,3,0,1,1
qwen3.8-2.4t-a95b-fp8,poolact,tuning,cost_moderate,poolact,4,input_tokens,tokens,,planned_analysis_unit; Audit_mean_once; pool_resources_N_sum_except_wall,all,all,2,[2208],3,3,0,3,3,3,2612402.0,2612402.0,2612402.0,3,3,0,1,1
qwen3.8-2.4t-a95b-fp8,poolact,tuning,cost_moderate,poolact,4,input_tokens,tokens,,planned_analysis_unit; Audit_mean_once; pool_resources_N_sum_except_wall,family,nasbench101,0,[2200],3,3,0,3,3,3,1479970.0,1479970.0,1479970.0,3,3,0,1,1
qwen3.8-2.4t-a95b-fp8,poolact,tuning,cost_moderate,poolact,4,input_tokens,tokens,,planned_analysis_unit; Audit_mean_once; pool_resources_N_sum_except_wall,family,nasbench101,1,[2204],3,3,0,3,3,3,2171305.6666666665,2171305.6666666665,2171305.6666666665,3,3,0,1,1
qwen3.8-2.4t-a95b-fp8,poolact,tuning,cost_moderate,poolact,4,input_tokens,tokens,,planned_analysis_unit; Audit_mean_once; pool_resources_N_sum_except_wall,family,nasbench101,2,[2208],3,3,0,3,3,3,2612402.0,2612402.0,2612402.0,3,3,0,1,1
qwen3.8-2.4t-a95b-fp8,poolact,tuning,cost_moderate,poolact,4,input_tokens,tokens,,planned_analysis_unit; Audit_mean_once; pool_resources_N_sum_except_wall,task,hpobench:nasbench101:A,0,[2200],1,1,0,1,1,1,402892.0,402892.0,402892.0,1,1,0,1,1
qwen3.8-2.4t-a95b-fp8,poolact,tuning,cost_moderate,poolact,4,input_tokens,tokens,,planned_analysis_unit; Audit_mean_once; pool_resources_N_sum_except_wall,task,hpobench:nasbench101:A,1,[2204],1,1,0,1,1,1,1165542.0,1165542.0,1165542.0,1,1,0,1,1
qwen3.8-2.4t-a95b-fp8,poolact,tuning,cost_moderate,poolact,4,input_tokens,tokens,,planned_analysis_unit; Audit_mean_once; pool_resources_N_sum_except_wall,task,hpobench:nasbench101:A,2,[2208],1,1,0,1,1,1,273116.0,273116.0,273116.0,1,1,0,1,1
qwen3.8-2.4t-a95b-fp8,poolact,tuning,cost_moderate,poolact,4,input_tokens,tokens,,planned_analysis_unit; Audit_mean_once; pool_resources_N_sum_except_wall,task,hpobench:nasbench101:B,0,[2200],1,1,0,1,1,1,1459707.0,1459707.0,1459707.0,1,1,0,1,1
qwen3.8-2.4t-a95b-fp8,poolact,tuning,cost_moderate,poolact,4,input_tokens,tokens,,planned_analysis_unit; Audit_mean_once; pool_resources_N_sum_except_wall,task,hpobench:nasbench101:B,1,[2204],1,1,0,1,1,1,1401882.0,1401882.0,1401882.0,1,1,0,1,1
qwen3.8-2.4t-a95b-fp8,poolact,tuning,cost_moderate,poolact,4,input_tokens,tokens,,planned_analysis_unit; Audit_mean_once; pool_resources_N_sum_except_wall,task,hpobench:nasbench101:B,2,[2208],1,1,0,1,1,1,2707318.0,2707318.0,2707318.0,1,1,0,1,1
qwen3.8-2.4t-a95b-fp8,poolact,tuning,cost_moderate,poolact,4,input_tokens,tokens,,planned_analysis_unit; Audit_mean_once; pool_resources_N_sum_except_wall,task,hpobench:nasbench101:C,0,[2200],1,1,0,1,1,1,2577311.0,2577311.0,2577311.0,1,1,0,1,1
qwen3.8-2.4t-a95b-fp8,poolact,tuning,cost_moderate,poolact,4,input_tokens,tokens,,planned_analysis_unit; Audit_mean_once; pool_resources_N_sum_except_wall,task,hpobench:nasbench101:C,1,[2204],1,1,0,1,1,1,3946493.0,3946493.0,3946493.0,1,1,0,1,1
qwen3.8-2.4t-a95b-fp8,poolact,tuning,cost_moderate,poolact,4,input_tokens,tokens,,planned_analysis_unit; Audit_mean_once; pool_resources_N_sum_except_wall,task,hpobench:nasbench101:C,2,[2208],1,1,0,1,1,1,4856772.0,4856772.0,4856772.0,1,1,0,1,1
qwen3.8-2.4t-a95b-fp8,poolact,tuning,cost_moderate,poolact,4,output_tokens,tokens,,planned_analysis_unit; Audit_mean_once; pool_resources_N_sum_except_wall,all,all,0,[2200],3,3,0,3,3,3,102111.0,102111.0,102111.0,3,3,0,1,1
qwen3.8-2.4t-a95b-fp8,poolact,tuning,cost_moderate,poolact,4,output_tokens,tokens,,planned_analysis_unit; Audit_mean_once; pool_resources_N_sum_except_wall,all,all,1,[2204],3,3,0,3,3,3,129909.66666666667,129909.66666666667,129909.66666666667,3,3,0,1,1
qwen3.8-2.4t-a95b-fp8,poolact,tuning,cost_moderate,poolact,4,output_tokens,tokens,,planned_analysis_unit; Audit_mean_once; pool_resources_N_sum_except_wall,all,all,2,[2208],3,3,0,3,3,3,128849.0,128849.0,128849.0,3,3,0,1,1
qwen3.8-2.4t-a95b-fp8,poolact,tuning,cost_moderate,poolact,4,output_tokens,tokens,,planned_analysis_unit; Audit_mean_once; pool_resources_N_sum_except_wall,family,nasbench101,0,[2200],3,3,0,3,3,3,102111.0,102111.0,102111.0,3,3,0,1,1
qwen3.8-2.4t-a95b-fp8,poolact,tuning,cost_moderate,poolact,4,output_tokens,tokens,,planned_analysis_unit; Audit_mean_once; pool_resources_N_sum_except_wall,family,nasbench101,1,[2204],3,3,0,3,3,3,129909.66666666667,129909.66666666667,129909.66666666667,3,3,0,1,1
qwen3.8-2.4t-a95b-fp8,poolact,tuning,cost_moderate,poolact,4,output_tokens,tokens,,planned_analysis_unit; Audit_mean_once; pool_resources_N_sum_except_wall,family,nasbench101,2,[2208],3,3,0,3,3,3,128849.0,128849.0,128849.0,3,3,0,1,1
qwen3.8-2.4t-a95b-fp8,poolact,tuning,cost_moderate,poolact,4,output_tokens,tokens,,planned_analysis_unit; Audit_mean_once; pool_resources_N_sum_except_wall,task,hpobench:nasbench101:A,0,[2200],1,1,0,1,1,1,71967.0,71967.0,71967.0,1,1,0,1,1
qwen3.8-2.4t-a95b-fp8,poolact,tuning,cost_moderate,poolact,4,output_tokens,tokens,,planned_analysis_unit; Audit_mean_once; pool_resources_N_sum_except_wall,task,hpobench:nasbench101:A,1,[2204],1,1,0,1,1,1,122313.0,122313.0,122313.0,1,1,0,1,1
qwen3.8-2.4t-a95b-fp8,poolact,tuning,cost_moderate,poolact,4,output_tokens,tokens,,planned_analysis_unit; Audit_mean_once; pool_resources_N_sum_except_wall,task,hpobench:nasbench101:A,2,[2208],1,1,0,1,1,1,45120.0,45120.0,45120.0,1,1,0,1,1
qwen3.8-2.4t-a95b-fp8,poolact,tuning,cost_moderate,poolact,4,output_tokens,tokens,,planned_analysis_unit; Audit_mean_once; pool_resources_N_sum_except_wall,task,hpobench:nasbench101:B,0,[2200],1,1,0,1,1,1,67210.0,67210.0,67210.0,1,1,0,1,1
qwen3.8-2.4t-a95b-fp8,poolact,tuning,cost_moderate,poolact,4,output_tokens,tokens,,planned_analysis_unit; Audit_mean_once; pool_resources_N_sum_except_wall,task,hpobench:nasbench101:B,1,[2204],1,1,0,1,1,1,107098.0,107098.0,107098.0,1,1,0,1,1
qwen3.8-2.4t-a95b-fp8,poolact,tuning,cost_moderate,poolact,4,output_tokens,tokens,,planned_analysis_unit; Audit_mean_once; pool_resources_N_sum_except_wall,task,hpobench:nasbench101:B,2,[2208],1,1,0,1,1,1,131700.0,131700.0,131700.0,1,1,0,1,1
qwen3.8-2.4t-a95b-fp8,poolact,tuning,cost_moderate,poolact,4,output_tokens,tokens,,planned_analysis_unit; Audit_mean_once; pool_resources_N_sum_except_wall,task,hpobench:nasbench101:C,0,[2200],1,1,0,1,1,1,167156.0,167156.0,167156.0,1,1,0,1,1
qwen3.8-2.4t-a95b-fp8,poolact,tuning,cost_moderate,poolact,4,output_tokens,tokens,,planned_analysis_unit; Audit_mean_once; pool_resources_N_sum_except_wall,task,hpobench:nasbench101:C,1,[2204],1,1,0,1,1,1,160318.0,160318.0,160318.0,1,1,0,1,1
qwen3.8-2.4t-a95b-fp8,poolact,tuning,cost_moderate,poolact,4,output_tokens,tokens,,planned_analysis_unit; Audit_mean_once; pool_resources_N_sum_except_wall,task,hpobench:nasbench101:C,2,[2208],1,1,0,1,1,1,209727.0,209727.0,209727.0,1,1,0,1,1
qwen3.8-2.4t-a95b-fp8,poolact,tuning,cost_moderate,poolact,4,protocol_failure_rate,fraction,,planned_analysis_unit; Audit_mean_once; pool_resources_N_sum_except_wall,all,all,0,[2200],3,3,0,3,3,3,0.013888888888888888,0.013888888888888888,0.013888888888888888,3,3,0,1,1
qwen3.8-2.4t-a95b-fp8,poolact,tuning,cost_moderate,poolact,4,protocol_failure_rate,fraction,,planned_analysis_unit; Audit_mean_once; pool_resources_N_sum_except_wall,all,all,1,[2204],3,3,0,3,3,3,0.024242424242424242,0.024242424242424242,0.024242424242424242,3,3,0,1,1
qwen3.8-2.4t-a95b-fp8,poolact,tuning,cost_moderate,poolact,4,protocol_failure_rate,fraction,,planned_analysis_unit; Audit_mean_once; pool_resources_N_sum_except_wall,all,all,2,[2208],3,3,0,3,3,3,0.006060606060606061,0.006060606060606061,0.006060606060606061,3,3,0,1,1
qwen3.8-2.4t-a95b-fp8,poolact,tuning,cost_moderate,poolact,4,protocol_failure_rate,fraction,,planned_analysis_unit; Audit_mean_once; pool_resources_N_sum_except_wall,family,nasbench101,0,[2200],3,3,0,3,3,3,0.013888888888888888,0.013888888888888888,0.013888888888888888,3,3,0,1,1
qwen3.8-2.4t-a95b-fp8,poolact,tuning,cost_moderate,poolact,4,protocol_failure_rate,fraction,,planned_analysis_unit; Audit_mean_once; pool_resources_N_sum_except_wall,family,nasbench101,1,[2204],3,3,0,3,3,3,0.024242424242424242,0.024242424242424242,0.024242424242424242,3,3,0,1,1
qwen3.8-2.4t-a95b-fp8,poolact,tuning,cost_moderate,poolact,4,protocol_failure_rate,fraction,,planned_analysis_unit; Audit_mean_once; pool_resources_N_sum_except_wall,family,nasbench101,2,[2208],3,3,0,3,3,3,0.006060606060606061,0.006060606060606061,0.006060606060606061,3,3,0,1,1
qwen3.8-2.4t-a95b-fp8,poolact,tuning,cost_moderate,poolact,4,protocol_failure_rate,fraction,,planned_analysis_unit; Audit_mean_once; pool_resources_N_sum_except_wall,task,hpobench:nasbench101:A,0,[2200],1,1,0,1,1,1,0.041666666666666664,0.041666666666666664,0.041666666666666664,1,1,0,1,1
qwen3.8-2.4t-a95b-fp8,poolact,tuning,cost_moderate,poolact,4,protocol_failure_rate,fraction,,planned_analysis_unit; Audit_mean_once; pool_resources_N_sum_except_wall,task,hpobench:nasbench101:A,1,[2204],1,1,0,1,1,1,0.05,0.05,0.05,1,1,0,1,1
qwen3.8-2.4t-a95b-fp8,poolact,tuning,cost_moderate,poolact,4,protocol_failure_rate,fraction,,planned_analysis_unit; Audit_mean_once; pool_resources_N_sum_except_wall,task,hpobench:nasbench101:A,2,[2208],1,1,0,1,1,1,0.0,0.0,0.0,1,1,0,1,1
qwen3.8-2.4t-a95b-fp8,poolact,tuning,cost_moderate,poolact,4,protocol_failure_rate,fraction,,planned_analysis_unit; Audit_mean_once; pool_resources_N_sum_except_wall,task,hpobench:nasbench101:B,0,[2200],1,1,0,1,1,1,0.0,0.0,0.0,1,1,0,1,1
qwen3.8-2.4t-a95b-fp8,poolact,tuning,cost_moderate,poolact,4,protocol_failure_rate,fraction,,planned_analysis_unit; Audit_mean_once; pool_resources_N_sum_except_wall,task,hpobench:nasbench101:B,1,[2204],1,1,0,1,1,1,0.022727272727272728,0.022727272727272728,0.022727272727272728,1,1,0,1,1
qwen3.8-2.4t-a95b-fp8,poolact,tuning,cost_moderate,poolact,4,protocol_failure_rate,fraction,,planned_analysis_unit; Audit_mean_once; pool_resources_N_sum_except_wall,task,hpobench:nasbench101:B,2,[2208],1,1,0,1,1,1,0.01818181818181818,0.01818181818181818,0.01818181818181818,1,1,0,1,1
qwen3.8-2.4t-a95b-fp8,poolact,tuning,cost_moderate,poolact,4,protocol_failure_rate,fraction,,planned_analysis_unit; Audit_mean_once; pool_resources_N_sum_except_wall,task,hpobench:nasbench101:C,0,[2200],1,1,0,1,1,1,0.0,0.0,0.0,1,1,0,1,1
qwen3.8-2.4t-a95b-fp8,poolact,tuning,cost_moderate,poolact,4,protocol_failure_rate,fraction,,planned_analysis_unit; Audit_mean_once; pool_resources_N_sum_except_wall,task,hpobench:nasbench101:C,1,[2204],1,1,0,1,1,1,0.0,0.0,0.0,1,1,0,1,1
qwen3.8-2.4t-a95b-fp8,poolact,tuning,cost_moderate,poolact,4,protocol_failure_rate,fraction,,planned_analysis_unit; Audit_mean_once; pool_resources_N_sum_except_wall,task,hpobench:nasbench101:C,2,[2208],1,1,0,1,1,1,0.0,0.0,0.0,1,1,0,1,1
qwen3.8-2.4t-a95b-fp8,poolact,tuning,cost_moderate,poolact,4,raw_perf_bon,fraction,True,planned_analysis_unit; Audit_mean_once; pool_resources_N_sum_except_wall,all,all,0,[2200],3,3,0,3,3,3,0.9429976807700263,0.9429976807700263,0.9429976807700263,3,3,0,1,1
qwen3.8-2.4t-a95b-fp8,poolact,tuning,cost_moderate,poolact,4,raw_perf_bon,fraction,True,planned_analysis_unit; Audit_mean_once; pool_resources_N_sum_except_wall,all,all,1,[2204],3,3,0,3,3,3,0.9432981544070774,0.9432981544070774,0.9432981544070774,3,3,0,1,1
qwen3.8-2.4t-a95b-fp8,poolact,tuning,cost_moderate,poolact,4,raw_perf_bon,fraction,True,planned_analysis_unit; Audit_mean_once; pool_resources_N_sum_except_wall,all,all,2,[2208],3,3,0,3,3,3,0.9449674950705634,0.9449674950705634,0.9449674950705634,3,3,0,1,1
qwen3.8-2.4t-a95b-fp8,poolact,tuning,cost_moderate,poolact,4,raw_perf_bon,fraction,True,planned_analysis_unit; Audit_mean_once; pool_resources_N_sum_except_wall,family,nasbench101,0,[2200],3,3,0,3,3,3,0.9429976807700263,0.9429976807700263,0.9429976807700263,3,3,0,1,1
qwen3.8-2.4t-a95b-fp8,poolact,tuning,cost_moderate,poolact,4,raw_perf_bon,fraction,True,planned_analysis_unit; Audit_mean_once; pool_resources_N_sum_except_wall,family,nasbench101,1,[2204],3,3,0,3,3,3,0.9432981544070774,0.9432981544070774,0.9432981544070774,3,3,0,1,1
qwen3.8-2.4t-a95b-fp8,poolact,tuning,cost_moderate,poolact,4,raw_perf_bon,fraction,True,planned_analysis_unit; Audit_mean_once; pool_resources_N_sum_except_wall,family,nasbench101,2,[2208],3,3,0,3,3,3,0.9449674950705634,0.9449674950705634,0.9449674950705634,3,3,0,1,1
qwen3.8-2.4t-a95b-fp8,poolact,tuning,cost_moderate,poolact,4,raw_perf_bon,fraction,True,planned_analysis_unit; Audit_mean_once; pool_resources_N_sum_except_wall,task,hpobench:nasbench101:A,0,[2200],1,1,0,1,1,1,0.9433426856994629,0.9433426856994629,0.9433426856994629,1,1,0,1,1
qwen3.8-2.4t-a95b-fp8,poolact,tuning,cost_moderate,poolact,4,raw_perf_bon,fraction,True,planned_analysis_unit; Audit_mean_once; pool_resources_N_sum_except_wall,task,hpobench:nasbench101:A,1,[2204],1,1,0,1,1,1,0.9391025503476461,0.9391025503476461,0.9391025503476461,1,1,0,1,1
qwen3.8-2.4t-a95b-fp8,poolact,tuning,cost_moderate,poolact,4,raw_perf_bon,fraction,True,planned_analysis_unit; Audit_mean_once; pool_resources_N_sum_except_wall,task,hpobench:nasbench101:A,2,[2208],1,1,0,1,1,1,0.9438434640566508,0.9438434640566508,0.9438434640566508,1,1,0,1,1
qwen3.8-2.4t-a95b-fp8,poolact,tuning,cost_moderate,poolact,4,raw_perf_bon,fraction,True,planned_analysis_unit; Audit_mean_once; pool_resources_N_sum_except_wall,task,hpobench:nasbench101:B,0,[2200],1,1,0,1,1,1,0.9427750905354818,0.9427750905354818,0.9427750905354818,1,1,0,1,1
qwen3.8-2.4t-a95b-fp8,poolact,tuning,cost_moderate,poolact,4,raw_perf_bon,fraction,True,planned_analysis_unit; Audit_mean_once; pool_resources_N_sum_except_wall,task,hpobench:nasbench101:B,1,[2204],1,1,0,1,1,1,0.9442107280095419,0.9442107280095419,0.9442107280095419,1,1,0,1,1
qwen3.8-2.4t-a95b-fp8,poolact,tuning,cost_moderate,poolact,4,raw_perf_bon,fraction,True,planned_analysis_unit; Audit_mean_once; pool_resources_N_sum_except_wall,task,hpobench:nasbench101:B,2,[2208],1,1,0,1,1,1,0.9453792770703634,0.9453792770703634,0.9453792770703634,1,1,0,1,1
qwen3.8-2.4t-a95b-fp8,poolact,tuning,cost_moderate,poolact,4,raw_perf_bon,fraction,True,planned_analysis_unit; Audit_mean_once; pool_resources_N_sum_except_wall,task,hpobench:nasbench101:C,0,[2200],1,1,0,1,1,1,0.9428752660751343,0.9428752660751343,0.9428752660751343,1,1,0,1,1
qwen3.8-2.4t-a95b-fp8,poolact,tuning,cost_moderate,poolact,4,raw_perf_bon,fraction,True,planned_analysis_unit; Audit_mean_once; pool_resources_N_sum_except_wall,task,hpobench:nasbench101:C,1,[2204],1,1,0,1,1,1,0.9465811848640442,0.9465811848640442,0.9465811848640442,1,1,0,1,1
qwen3.8-2.4t-a95b-fp8,poolact,tuning,cost_moderate,poolact,4,raw_perf_bon,fraction,True,planned_analysis_unit; Audit_mean_once; pool_resources_N_sum_except_wall,task,hpobench:nasbench101:C,2,[2208],1,1,0,1,1,1,0.9456797440846761,0.9456797440846761,0.9456797440846761,1,1,0,1,1
qwen3.8-2.4t-a95b-fp8,poolact,tuning,cost_moderate,poolact,4,raw_perf_mi,fraction,True,planned_analysis_unit; Audit_mean_once; pool_resources_N_sum_except_wall,all,all,0,[2200],3,3,0,3,3,3,0.9416427397065693,0.9416427397065693,0.9416427397065693,3,3,0,1,1
qwen3.8-2.4t-a95b-fp8,poolact,tuning,cost_moderate,poolact,4,raw_perf_mi,fraction,True,planned_analysis_unit; Audit_mean_once; pool_resources_N_sum_except_wall,all,all,1,[2204],3,3,0,3,3,3,0.9426248603396945,0.9426248603396945,0.9426248603396945,3,3,0,1,1
qwen3.8-2.4t-a95b-fp8,poolact,tuning,cost_moderate,poolact,4,raw_perf_mi,fraction,True,planned_analysis_unit; Audit_mean_once; pool_resources_N_sum_except_wall,all,all,2,[2208],3,3,0,3,3,3,0.9437155011627408,0.9437155011627408,0.9437155011627408,3,3,0,1,1
qwen3.8-2.4t-a95b-fp8,poolact,tuning,cost_moderate,poolact,4,raw_perf_mi,fraction,True,planned_analysis_unit; Audit_mean_once; pool_resources_N_sum_except_wall,family,nasbench101,0,[2200],3,3,0,3,3,3,0.9416427397065693,0.9416427397065693,0.9416427397065693,3,3,0,1,1
qwen3.8-2.4t-a95b-fp8,poolact,tuning,cost_moderate,poolact,4,raw_perf_mi,fraction,True,planned_analysis_unit; Audit_mean_once; pool_resources_N_sum_except_wall,family,nasbench101,1,[2204],3,3,0,3,3,3,0.9426248603396945,0.9426248603396945,0.9426248603396945,3,3,0,1,1
qwen3.8-2.4t-a95b-fp8,poolact,tuning,cost_moderate,poolact,4,raw_perf_mi,fraction,True,planned_analysis_unit; Audit_mean_once; pool_resources_N_sum_except_wall,family,nasbench101,2,[2208],3,3,0,3,3,3,0.9437155011627408,0.9437155011627408,0.9437155011627408,3,3,0,1,1
qwen3.8-2.4t-a95b-fp8,poolact,tuning,cost_moderate,poolact,4,raw_perf_mi,fraction,True,planned_analysis_unit; Audit_mean_once; pool_resources_N_sum_except_wall,task,hpobench:nasbench101:A,0,[2200],1,1,0,1,1,1,0.9415230999390284,0.9415230999390284,0.9415230999390284,1,1,0,1,1
qwen3.8-2.4t-a95b-fp8,poolact,tuning,cost_moderate,poolact,4,raw_perf_mi,fraction,True,planned_analysis_unit; Audit_mean_once; pool_resources_N_sum_except_wall,task,hpobench:nasbench101:A,1,[2204],1,1,0,1,1,1,0.9385182956854502,0.9385182956854502,0.9385182956854502,1,1,0,1,1
qwen3.8-2.4t-a95b-fp8,poolact,tuning,cost_moderate,poolact,4,raw_perf_mi,fraction,True,planned_analysis_unit; Audit_mean_once; pool_resources_N_sum_except_wall,task,hpobench:nasbench101:A,2,[2208],1,1,0,1,1,1,0.943058893084526,0.943058893084526,0.943058893084526,1,1,0,1,1
qwen3.8-2.4t-a95b-fp8,poolact,tuning,cost_moderate,poolact,4,raw_perf_mi,fraction,True,planned_analysis_unit; Audit_mean_once; pool_resources_N_sum_except_wall,task,hpobench:nasbench101:B,0,[2200],1,1,0,1,1,1,0.9411892394224803,0.9411892394224803,0.9411892394224803,1,1,0,1,1
qwen3.8-2.4t-a95b-fp8,poolact,tuning,cost_moderate,poolact,4,raw_perf_mi,fraction,True,planned_analysis_unit; Audit_mean_once; pool_resources_N_sum_except_wall,task,hpobench:nasbench101:B,1,[2204],1,1,0,1,1,1,0.9437850465377172,0.9437850465377172,0.9437850465377172,1,1,0,1,1
qwen3.8-2.4t-a95b-fp8,poolact,tuning,cost_moderate,poolact,4,raw_perf_mi,fraction,True,planned_analysis_unit; Audit_mean_once; pool_resources_N_sum_except_wall,task,hpobench:nasbench101:B,2,[2208],1,1,0,1,1,1,0.9433259914318721,0.9433259914318721,0.9433259914318721,1,1,0,1,1
qwen3.8-2.4t-a95b-fp8,poolact,tuning,cost_moderate,poolact,4,raw_perf_mi,fraction,True,planned_analysis_unit; Audit_mean_once; pool_resources_N_sum_except_wall,task,hpobench:nasbench101:C,0,[2200],1,1,0,1,1,1,0.9422158797581991,0.9422158797581991,0.9422158797581991,1,1,0,1,1
qwen3.8-2.4t-a95b-fp8,poolact,tuning,cost_moderate,poolact,4,raw_perf_mi,fraction,True,planned_analysis_unit; Audit_mean_once; pool_resources_N_sum_except_wall,task,hpobench:nasbench101:C,1,[2204],1,1,0,1,1,1,0.9455712387959162,0.9455712387959162,0.9455712387959162,1,1,0,1,1
qwen3.8-2.4t-a95b-fp8,poolact,tuning,cost_moderate,poolact,4,raw_perf_mi,fraction,True,planned_analysis_unit; Audit_mean_once; pool_resources_N_sum_except_wall,task,hpobench:nasbench101:C,2,[2208],1,1,0,1,1,1,0.9447616189718246,0.9447616189718246,0.9447616189718246,1,1,0,1,1
qwen3.8-2.4t-a95b-fp8,poolact,tuning,cost_moderate,poolact,4,wall_time_seconds,seconds,,planned_analysis_unit; Audit_mean_once; pool_resources_N_sum_except_wall,all,all,0,[2200],3,0,3,3,0,0,,,,3,0,3,1,1
qwen3.8-2.4t-a95b-fp8,poolact,tuning,cost_moderate,poolact,4,wall_time_seconds,seconds,,planned_analysis_unit; Audit_mean_once; pool_resources_N_sum_except_wall,all,all,1,[2204],3,0,3,3,0,0,,,,3,0,3,1,1
qwen3.8-2.4t-a95b-fp8,poolact,tuning,cost_moderate,poolact,4,wall_time_seconds,seconds,,planned_analysis_unit; Audit_mean_once; pool_resources_N_sum_except_wall,all,all,2,[2208],3,0,3,3,0,0,,,,3,0,3,1,1
qwen3.8-2.4t-a95b-fp8,poolact,tuning,cost_moderate,poolact,4,wall_time_seconds,seconds,,planned_analysis_unit; Audit_mean_once; pool_resources_N_sum_except_wall,family,nasbench101,0,[2200],3,0,3,3,0,0,,,,3,0,3,1,1
qwen3.8-2.4t-a95b-fp8,poolact,tuning,cost_moderate,poolact,4,wall_time_seconds,seconds,,planned_analysis_unit; Audit_mean_once; pool_resources_N_sum_except_wall,family,nasbench101,1,[2204],3,0,3,3,0,0,,,,3,0,3,1,1
qwen3.8-2.4t-a95b-fp8,poolact,tuning,cost_moderate,poolact,4,wall_time_seconds,seconds,,planned_analysis_unit; Audit_mean_once; pool_resources_N_sum_except_wall,family,nasbench101,2,[2208],3,0,3,3,0,0,,,,3,0,3,1,1
qwen3.8-2.4t-a95b-fp8,poolact,tuning,cost_moderate,poolact,4,wall_time_seconds,seconds,,planned_analysis_unit; Audit_mean_once; pool_resources_N_sum_except_wall,task,hpobench:nasbench101:A,0,[2200],1,0,1,1,0,0,,,,1,0,1,1,1
qwen3.8-2.4t-a95b-fp8,poolact,tuning,cost_moderate,poolact,4,wall_time_seconds,seconds,,planned_analysis_unit; Audit_mean_once; pool_resources_N_sum_except_wall,task,hpobench:nasbench101:A,1,[2204],1,0,1,1,0,0,,,,1,0,1,1,1
qwen3.8-2.4t-a95b-fp8,poolact,tuning,cost_moderate,poolact,4,wall_time_seconds,seconds,,planned_analysis_unit; Audit_mean_once; pool_resources_N_sum_except_wall,task,hpobench:nasbench101:A,2,[2208],1,0,1,1,0,0,,,,1,0,1,1,1
qwen3.8-2.4t-a95b-fp8,poolact,tuning,cost_moderate,poolact,4,wall_time_seconds,seconds,,planned_analysis_unit; Audit_mean_once; pool_resources_N_sum_except_wall,task,hpobench:nasbench101:B,0,[2200],1,0,1,1,0,0,,,,1,0,1,1,1
qwen3.8-2.4t-a95b-fp8,poolact,tuning,cost_moderate,poolact,4,wall_time_seconds,seconds,,planned_analysis_unit; Audit_mean_once; pool_resources_N_sum_except_wall,task,hpobench:nasbench101:B,1,[2204],1,0,1,1,0,0,,,,1,0,1,1,1
qwen3.8-2.4t-a95b-fp8,poolact,tuning,cost_moderate,poolact,4,wall_time_seconds,seconds,,planned_analysis_unit; Audit_mean_once; pool_resources_N_sum_except_wall,task,hpobench:nasbench101:B,2,[2208],1,0,1,1,0,0,,,,1,0,1,1,1
qwen3.8-2.4t-a95b-fp8,poolact,tuning,cost_moderate,poolact,4,wall_time_seconds,seconds,,planned_analysis_unit; Audit_mean_once; pool_resources_N_sum_except_wall,task,hpobench:nasbench101:C,0,[2200],1,0,1,1,0,0,,,,1,0,1,1,1
qwen3.8-2.4t-a95b-fp8,poolact,tuning,cost_moderate,poolact,4,wall_time_seconds,seconds,,planned_analysis_unit; Audit_mean_once; pool_resources_N_sum_except_wall,task,hpobench:nasbench101:C,1,[2204],1,0,1,1,0,0,,,,1,0,1,1,1
qwen3.8-2.4t-a95b-fp8,poolact,tuning,cost_moderate,poolact,4,wall_time_seconds,seconds,,planned_analysis_unit; Audit_mean_once; pool_resources_N_sum_except_wall,task,hpobench:nasbench101:C,2,[2208],1,0,1,1,0,0,,,,1,0,1,1,1
qwen3.8-2.4t-a95b-fp8,poolact,tuning,cost_tight,cached,4,budget_utilization,fraction,,planned_analysis_unit; Audit_mean_once; pool_resources_N_sum_except_wall,all,all,0,[2200],3,3,0,3,3,3,1.134734130641952,1.134734130641952,1.134734130641952,3,3,0,1,1
qwen3.8-2.4t-a95b-fp8,poolact,tuning,cost_tight,cached,4,budget_utilization,fraction,,planned_analysis_unit; Audit_mean_once; pool_resources_N_sum_except_wall,all,all,1,[2204],3,3,0,3,3,3,1.1341560353406692,1.1341560353406692,1.1341560353406692,3,3,0,1,1
qwen3.8-2.4t-a95b-fp8,poolact,tuning,cost_tight,cached,4,budget_utilization,fraction,,planned_analysis_unit; Audit_mean_once; pool_resources_N_sum_except_wall,all,all,2,[2208],3,3,0,3,3,3,1.0645915512784492,1.0645915512784492,1.0645915512784492,3,3,0,1,1
qwen3.8-2.4t-a95b-fp8,poolact,tuning,cost_tight,cached,4,budget_utilization,fraction,,planned_analysis_unit; Audit_mean_once; pool_resources_N_sum_except_wall,family,nasbench101,0,[2200],3,3,0,3,3,3,1.134734130641952,1.134734130641952,1.134734130641952,3,3,0,1,1
qwen3.8-2.4t-a95b-fp8,poolact,tuning,cost_tight,cached,4,budget_utilization,fraction,,planned_analysis_unit; Audit_mean_once; pool_resources_N_sum_except_wall,family,nasbench101,1,[2204],3,3,0,3,3,3,1.1341560353406692,1.1341560353406692,1.1341560353406692,3,3,0,1,1
qwen3.8-2.4t-a95b-fp8,poolact,tuning,cost_tight,cached,4,budget_utilization,fraction,,planned_analysis_unit; Audit_mean_once; pool_resources_N_sum_except_wall,family,nasbench101,2,[2208],3,3,0,3,3,3,1.0645915512784492,1.0645915512784492,1.0645915512784492,3,3,0,1,1
qwen3.8-2.4t-a95b-fp8,poolact,tuning,cost_tight,cached,4,budget_utilization,fraction,,planned_analysis_unit; Audit_mean_once; pool_resources_N_sum_except_wall,task,hpobench:nasbench101:A,0,[2200],1,1,0,1,1,1,1.4608093022617323,1.4608093022617323,1.4608093022617323,1,1,0,1,1
qwen3.8-2.4t-a95b-fp8,poolact,tuning,cost_tight,cached,4,budget_utilization,fraction,,planned_analysis_unit; Audit_mean_once; pool_resources_N_sum_except_wall,task,hpobench:nasbench101:A,1,[2204],1,1,0,1,1,1,1.348042304094492,1.348042304094492,1.348042304094492,1,1,0,1,1
qwen3.8-2.4t-a95b-fp8,poolact,tuning,cost_tight,cached,4,budget_utilization,fraction,,planned_analysis_unit; Audit_mean_once; pool_resources_N_sum_except_wall,task,hpobench:nasbench101:A,2,[2208],1,1,0,1,1,1,1.1162622541219314,1.1162622541219314,1.1162622541219314,1,1,0,1,1
qwen3.8-2.4t-a95b-fp8,poolact,tuning,cost_tight,cached,4,budget_utilization,fraction,,planned_analysis_unit; Audit_mean_once; pool_resources_N_sum_except_wall,task,hpobench:nasbench101:B,0,[2200],1,1,0,1,1,1,0.9331031142151128,0.9331031142151128,0.9331031142151128,1,1,0,1,1
qwen3.8-2.4t-a95b-fp8,poolact,tuning,cost_tight,cached,4,budget_utilization,fraction,,planned_analysis_unit; Audit_mean_once; pool_resources_N_sum_except_wall,task,hpobench:nasbench101:B,1,[2204],1,1,0,1,1,1,1.0925043194842061,1.0925043194842061,1.0925043194842061,1,1,0,1,1
qwen3.8-2.4t-a95b-fp8,poolact,tuning,cost_tight,cached,4,budget_utilization,fraction,,planned_analysis_unit; Audit_mean_once; pool_resources_N_sum_except_wall,task,hpobench:nasbench101:B,2,[2208],1,1,0,1,1,1,1.1334038064779446,1.1334038064779446,1.1334038064779446,1,1,0,1,1
qwen3.8-2.4t-a95b-fp8,poolact,tuning,cost_tight,cached,4,budget_utilization,fraction,,planned_analysis_unit; Audit_mean_once; pool_resources_N_sum_except_wall,task,hpobench:nasbench101:C,0,[2200],1,1,0,1,1,1,1.0102899754490111,1.0102899754490111,1.0102899754490111,1,1,0,1,1
qwen3.8-2.4t-a95b-fp8,poolact,tuning,cost_tight,cached,4,budget_utilization,fraction,,planned_analysis_unit; Audit_mean_once; pool_resources_N_sum_except_wall,task,hpobench:nasbench101:C,1,[2204],1,1,0,1,1,1,0.9619214824433092,0.9619214824433092,0.9619214824433092,1,1,0,1,1
qwen3.8-2.4t-a95b-fp8,poolact,tuning,cost_tight,cached,4,budget_utilization,fraction,,planned_analysis_unit; Audit_mean_once; pool_resources_N_sum_except_wall,task,hpobench:nasbench101:C,2,[2208],1,1,0,1,1,1,0.9441085932354715,0.9441085932354715,0.9441085932354715,1,1,0,1,1
qwen3.8-2.4t-a95b-fp8,poolact,tuning,cost_tight,cached,4,duplicate_action_attempts,count,,planned_analysis_unit; Audit_mean_once; pool_resources_N_sum_except_wall,all,all,0,[2200],3,3,0,3,3,3,0.6666666666666666,0.6666666666666666,0.6666666666666666,3,3,0,1,1
qwen3.8-2.4t-a95b-fp8,poolact,tuning,cost_tight,cached,4,duplicate_action_attempts,count,,planned_analysis_unit; Audit_mean_once; pool_resources_N_sum_except_wall,all,all,1,[2204],3,3,0,3,3,3,0.0,0.0,0.0,3,3,0,1,1
qwen3.8-2.4t-a95b-fp8,poolact,tuning,cost_tight,cached,4,duplicate_action_attempts,count,,planned_analysis_unit; Audit_mean_once; pool_resources_N_sum_except_wall,all,all,2,[2208],3,3,0,3,3,3,0.0,0.0,0.0,3,3,0,1,1
qwen3.8-2.4t-a95b-fp8,poolact,tuning,cost_tight,cached,4,duplicate_action_attempts,count,,planned_analysis_unit; Audit_mean_once; pool_resources_N_sum_except_wall,family,nasbench101,0,[2200],3,3,0,3,3,3,0.6666666666666666,0.6666666666666666,0.6666666666666666,3,3,0,1,1
qwen3.8-2.4t-a95b-fp8,poolact,tuning,cost_tight,cached,4,duplicate_action_attempts,count,,planned_analysis_unit; Audit_mean_once; pool_resources_N_sum_except_wall,family,nasbench101,1,[2204],3,3,0,3,3,3,0.0,0.0,0.0,3,3,0,1,1
qwen3.8-2.4t-a95b-fp8,poolact,tuning,cost_tight,cached,4,duplicate_action_attempts,count,,planned_analysis_unit; Audit_mean_once; pool_resources_N_sum_except_wall,family,nasbench101,2,[2208],3,3,0,3,3,3,0.0,0.0,0.0,3,3,0,1,1
qwen3.8-2.4t-a95b-fp8,poolact,tuning,cost_tight,cached,4,duplicate_action_attempts,count,,planned_analysis_unit; Audit_mean_once; pool_resources_N_sum_except_wall,task,hpobench:nasbench101:A,0,[2200],1,1,0,1,1,1,1.0,1.0,1.0,1,1,0,1,1
qwen3.8-2.4t-a95b-fp8,poolact,tuning,cost_tight,cached,4,duplicate_action_attempts,count,,planned_analysis_unit; Audit_mean_once; pool_resources_N_sum_except_wall,task,hpobench:nasbench101:A,1,[2204],1,1,0,1,1,1,0.0,0.0,0.0,1,1,0,1,1
qwen3.8-2.4t-a95b-fp8,poolact,tuning,cost_tight,cached,4,duplicate_action_attempts,count,,planned_analysis_unit; Audit_mean_once; pool_resources_N_sum_except_wall,task,hpobench:nasbench101:A,2,[2208],1,1,0,1,1,1,0.0,0.0,0.0,1,1,0,1,1
qwen3.8-2.4t-a95b-fp8,poolact,tuning,cost_tight,cached,4,duplicate_action_attempts,count,,planned_analysis_unit; Audit_mean_once; pool_resources_N_sum_except_wall,task,hpobench:nasbench101:B,0,[2200],1,1,0,1,1,1,1.0,1.0,1.0,1,1,0,1,1
qwen3.8-2.4t-a95b-fp8,poolact,tuning,cost_tight,cached,4,duplicate_action_attempts,count,,planned_analysis_unit; Audit_mean_once; pool_resources_N_sum_except_wall,task,hpobench:nasbench101:B,1,[2204],1,1,0,1,1,1,0.0,0.0,0.0,1,1,0,1,1
qwen3.8-2.4t-a95b-fp8,poolact,tuning,cost_tight,cached,4,duplicate_action_attempts,count,,planned_analysis_unit; Audit_mean_once; pool_resources_N_sum_except_wall,task,hpobench:nasbench101:B,2,[2208],1,1,0,1,1,1,0.0,0.0,0.0,1,1,0,1,1
qwen3.8-2.4t-a95b-fp8,poolact,tuning,cost_tight,cached,4,duplicate_action_attempts,count,,planned_analysis_unit; Audit_mean_once; pool_resources_N_sum_except_wall,task,hpobench:nasbench101:C,0,[2200],1,1,0,1,1,1,0.0,0.0,0.0,1,1,0,1,1
qwen3.8-2.4t-a95b-fp8,poolact,tuning,cost_tight,cached,4,duplicate_action_attempts,count,,planned_analysis_unit; Audit_mean_once; pool_resources_N_sum_except_wall,task,hpobench:nasbench101:C,1,[2204],1,1,0,1,1,1,0.0,0.0,0.0,1,1,0,1,1
qwen3.8-2.4t-a95b-fp8,poolact,tuning,cost_tight,cached,4,duplicate_action_attempts,count,,planned_analysis_unit; Audit_mean_once; pool_resources_N_sum_except_wall,task,hpobench:nasbench101:C,2,[2208],1,1,0,1,1,1,0.0,0.0,0.0,1,1,0,1,1
qwen3.8-2.4t-a95b-fp8,poolact,tuning,cost_tight,cached,4,feedback_attempts,count,,planned_analysis_unit; Audit_mean_once; pool_resources_N_sum_except_wall,all,all,0,[2200],3,3,0,3,3,3,13.666666666666666,13.666666666666666,13.666666666666666,3,3,0,1,1
qwen3.8-2.4t-a95b-fp8,poolact,tuning,cost_tight,cached,4,feedback_attempts,count,,planned_analysis_unit; Audit_mean_once; pool_resources_N_sum_except_wall,all,all,1,[2204],3,3,0,3,3,3,13.0,13.0,13.0,3,3,0,1,1
qwen3.8-2.4t-a95b-fp8,poolact,tuning,cost_tight,cached,4,feedback_attempts,count,,planned_analysis_unit; Audit_mean_once; pool_resources_N_sum_except_wall,all,all,2,[2208],3,3,0,3,3,3,13.333333333333334,13.333333333333334,13.333333333333334,3,3,0,1,1
qwen3.8-2.4t-a95b-fp8,poolact,tuning,cost_tight,cached,4,feedback_attempts,count,,planned_analysis_unit; Audit_mean_once; pool_resources_N_sum_except_wall,family,nasbench101,0,[2200],3,3,0,3,3,3,13.666666666666666,13.666666666666666,13.666666666666666,3,3,0,1,1
qwen3.8-2.4t-a95b-fp8,poolact,tuning,cost_tight,cached,4,feedback_attempts,count,,planned_analysis_unit; Audit_mean_once; pool_resources_N_sum_except_wall,family,nasbench101,1,[2204],3,3,0,3,3,3,13.0,13.0,13.0,3,3,0,1,1
qwen3.8-2.4t-a95b-fp8,poolact,tuning,cost_tight,cached,4,feedback_attempts,count,,planned_analysis_unit; Audit_mean_once; pool_resources_N_sum_except_wall,family,nasbench101,2,[2208],3,3,0,3,3,3,13.333333333333334,13.333333333333334,13.333333333333334,3,3,0,1,1
qwen3.8-2.4t-a95b-fp8,poolact,tuning,cost_tight,cached,4,feedback_attempts,count,,planned_analysis_unit; Audit_mean_once; pool_resources_N_sum_except_wall,task,hpobench:nasbench101:A,0,[2200],1,1,0,1,1,1,9.0,9.0,9.0,1,1,0,1,1
qwen3.8-2.4t-a95b-fp8,poolact,tuning,cost_tight,cached,4,feedback_attempts,count,,planned_analysis_unit; Audit_mean_once; pool_resources_N_sum_except_wall,task,hpobench:nasbench101:A,1,[2204],1,1,0,1,1,1,7.0,7.0,7.0,1,1,0,1,1
qwen3.8-2.4t-a95b-fp8,poolact,tuning,cost_tight,cached,4,feedback_attempts,count,,planned_analysis_unit; Audit_mean_once; pool_resources_N_sum_except_wall,task,hpobench:nasbench101:A,2,[2208],1,1,0,1,1,1,7.0,7.0,7.0,1,1,0,1,1
qwen3.8-2.4t-a95b-fp8,poolact,tuning,cost_tight,cached,4,feedback_attempts,count,,planned_analysis_unit; Audit_mean_once; pool_resources_N_sum_except_wall,task,hpobench:nasbench101:B,0,[2200],1,1,0,1,1,1,10.0,10.0,10.0,1,1,0,1,1
qwen3.8-2.4t-a95b-fp8,poolact,tuning,cost_tight,cached,4,feedback_attempts,count,,planned_analysis_unit; Audit_mean_once; pool_resources_N_sum_except_wall,task,hpobench:nasbench101:B,1,[2204],1,1,0,1,1,1,15.0,15.0,15.0,1,1,0,1,1
qwen3.8-2.4t-a95b-fp8,poolact,tuning,cost_tight,cached,4,feedback_attempts,count,,planned_analysis_unit; Audit_mean_once; pool_resources_N_sum_except_wall,task,hpobench:nasbench101:B,2,[2208],1,1,0,1,1,1,18.0,18.0,18.0,1,1,0,1,1
qwen3.8-2.4t-a95b-fp8,poolact,tuning,cost_tight,cached,4,feedback_attempts,count,,planned_analysis_unit; Audit_mean_once; pool_resources_N_sum_except_wall,task,hpobench:nasbench101:C,0,[2200],1,1,0,1,1,1,22.0,22.0,22.0,1,1,0,1,1
qwen3.8-2.4t-a95b-fp8,poolact,tuning,cost_tight,cached,4,feedback_attempts,count,,planned_analysis_unit; Audit_mean_once; pool_resources_N_sum_except_wall,task,hpobench:nasbench101:C,1,[2204],1,1,0,1,1,1,17.0,17.0,17.0,1,1,0,1,1
qwen3.8-2.4t-a95b-fp8,poolact,tuning,cost_tight,cached,4,feedback_attempts,count,,planned_analysis_unit; Audit_mean_once; pool_resources_N_sum_except_wall,task,hpobench:nasbench101:C,2,[2208],1,1,0,1,1,1,15.0,15.0,15.0,1,1,0,1,1
qwen3.8-2.4t-a95b-fp8,poolact,tuning,cost_tight,cached,4,feedback_cost_seconds,seconds,,planned_analysis_unit; Audit_mean_once; pool_resources_N_sum_except_wall,all,all,0,[2200],3,3,0,3,3,3,112619.86271158855,112619.86271158855,112619.86271158855,3,3,0,1,1
qwen3.8-2.4t-a95b-fp8,poolact,tuning,cost_tight,cached,4,feedback_cost_seconds,seconds,,planned_analysis_unit; Audit_mean_once; pool_resources_N_sum_except_wall,all,all,1,[2204],3,3,0,3,3,3,114791.02065022786,114791.02065022786,114791.02065022786,3,3,0,1,1
qwen3.8-2.4t-a95b-fp8,poolact,tuning,cost_tight,cached,4,feedback_cost_seconds,seconds,,planned_analysis_unit; Audit_mean_once; pool_resources_N_sum_except_wall,all,all,2,[2208],3,3,0,3,3,3,111094.38252766927,111094.38252766927,111094.38252766927,3,3,0,1,1
qwen3.8-2.4t-a95b-fp8,poolact,tuning,cost_tight,cached,4,feedback_cost_seconds,seconds,,planned_analysis_unit; Audit_mean_once; pool_resources_N_sum_except_wall,family,nasbench101,0,[2200],3,3,0,3,3,3,112619.86271158855,112619.86271158855,112619.86271158855,3,3,0,1,1
qwen3.8-2.4t-a95b-fp8,poolact,tuning,cost_tight,cached,4,feedback_cost_seconds,seconds,,planned_analysis_unit; Audit_mean_once; pool_resources_N_sum_except_wall,family,nasbench101,1,[2204],3,3,0,3,3,3,114791.02065022786,114791.02065022786,114791.02065022786,3,3,0,1,1
qwen3.8-2.4t-a95b-fp8,poolact,tuning,cost_tight,cached,4,feedback_cost_seconds,seconds,,planned_analysis_unit; Audit_mean_once; pool_resources_N_sum_except_wall,family,nasbench101,2,[2208],3,3,0,3,3,3,111094.38252766927,111094.38252766927,111094.38252766927,3,3,0,1,1
qwen3.8-2.4t-a95b-fp8,poolact,tuning,cost_tight,cached,4,feedback_cost_seconds,seconds,,planned_analysis_unit; Audit_mean_once; pool_resources_N_sum_except_wall,task,hpobench:nasbench101:A,0,[2200],1,1,0,1,1,1,86669.560546875,86669.560546875,86669.560546875,1,1,0,1,1
qwen3.8-2.4t-a95b-fp8,poolact,tuning,cost_tight,cached,4,feedback_cost_seconds,seconds,,planned_analysis_unit; Audit_mean_once; pool_resources_N_sum_except_wall,task,hpobench:nasbench101:A,1,[2204],1,1,0,1,1,1,79979.1142578125,79979.1142578125,79979.1142578125,1,1,0,1,1
qwen3.8-2.4t-a95b-fp8,poolact,tuning,cost_tight,cached,4,feedback_cost_seconds,seconds,,planned_analysis_unit; Audit_mean_once; pool_resources_N_sum_except_wall,task,hpobench:nasbench101:A,2,[2208],1,1,0,1,1,1,66227.64440917969,66227.64440917969,66227.64440917969,1,1,0,1,1
qwen3.8-2.4t-a95b-fp8,poolact,tuning,cost_tight,cached,4,feedback_cost_seconds,seconds,,planned_analysis_unit; Audit_mean_once; pool_resources_N_sum_except_wall,task,hpobench:nasbench101:B,0,[2200],1,1,0,1,1,1,115360.22143554688,115360.22143554688,115360.22143554688,1,1,0,1,1
qwen3.8-2.4t-a95b-fp8,poolact,tuning,cost_tight,cached,4,feedback_cost_seconds,seconds,,planned_analysis_unit; Audit_mean_once; pool_resources_N_sum_except_wall,task,hpobench:nasbench101:B,1,[2204],1,1,0,1,1,1,135067.10919189453,135067.10919189453,135067.10919189453,1,1,0,1,1
qwen3.8-2.4t-a95b-fp8,poolact,tuning,cost_tight,cached,4,feedback_cost_seconds,seconds,,planned_analysis_unit; Audit_mean_once; pool_resources_N_sum_except_wall,task,hpobench:nasbench101:B,2,[2208],1,1,0,1,1,1,140123.54272460938,140123.54272460938,140123.54272460938,1,1,0,1,1
qwen3.8-2.4t-a95b-fp8,poolact,tuning,cost_tight,cached,4,feedback_cost_seconds,seconds,,planned_analysis_unit; Audit_mean_once; pool_resources_N_sum_except_wall,task,hpobench:nasbench101:C,0,[2200],1,1,0,1,1,1,135829.80615234375,135829.80615234375,135829.80615234375,1,1,0,1,1
qwen3.8-2.4t-a95b-fp8,poolact,tuning,cost_tight,cached,4,feedback_cost_seconds,seconds,,planned_analysis_unit; Audit_mean_once; pool_resources_N_sum_except_wall,task,hpobench:nasbench101:C,1,[2204],1,1,0,1,1,1,129326.83850097656,129326.83850097656,129326.83850097656,1,1,0,1,1
qwen3.8-2.4t-a95b-fp8,poolact,tuning,cost_tight,cached,4,feedback_cost_seconds,seconds,,planned_analysis_unit; Audit_mean_once; pool_resources_N_sum_except_wall,task,hpobench:nasbench101:C,2,[2208],1,1,0,1,1,1,126931.96044921875,126931.96044921875,126931.96044921875,1,1,0,1,1
qwen3.8-2.4t-a95b-fp8,poolact,tuning,cost_tight,cached,4,feedback_visible,count,,planned_analysis_unit; Audit_mean_once; pool_resources_N_sum_except_wall,all,all,0,[2200],3,0,3,3,0,0,,,,3,0,3,1,1
qwen3.8-2.4t-a95b-fp8,poolact,tuning,cost_tight,cached,4,feedback_visible,count,,planned_analysis_unit; Audit_mean_once; pool_resources_N_sum_except_wall,all,all,1,[2204],3,0,3,3,0,0,,,,3,0,3,1,1
qwen3.8-2.4t-a95b-fp8,poolact,tuning,cost_tight,cached,4,feedback_visible,count,,planned_analysis_unit; Audit_mean_once; pool_resources_N_sum_except_wall,all,all,2,[2208],3,0,3,3,0,0,,,,3,0,3,1,1
qwen3.8-2.4t-a95b-fp8,poolact,tuning,cost_tight,cached,4,feedback_visible,count,,planned_analysis_unit; Audit_mean_once; pool_resources_N_sum_except_wall,family,nasbench101,0,[2200],3,0,3,3,0,0,,,,3,0,3,1,1
qwen3.8-2.4t-a95b-fp8,poolact,tuning,cost_tight,cached,4,feedback_visible,count,,planned_analysis_unit; Audit_mean_once; pool_resources_N_sum_except_wall,family,nasbench101,1,[2204],3,0,3,3,0,0,,,,3,0,3,1,1
qwen3.8-2.4t-a95b-fp8,poolact,tuning,cost_tight,cached,4,feedback_visible,count,,planned_analysis_unit; Audit_mean_once; pool_resources_N_sum_except_wall,family,nasbench101,2,[2208],3,0,3,3,0,0,,,,3,0,3,1,1
qwen3.8-2.4t-a95b-fp8,poolact,tuning,cost_tight,cached,4,feedback_visible,count,,planned_analysis_unit; Audit_mean_once; pool_resources_N_sum_except_wall,task,hpobench:nasbench101:A,0,[2200],1,0,1,1,0,0,,,,1,0,1,1,1
qwen3.8-2.4t-a95b-fp8,poolact,tuning,cost_tight,cached,4,feedback_visible,count,,planned_analysis_unit; Audit_mean_once; pool_resources_N_sum_except_wall,task,hpobench:nasbench101:A,1,[2204],1,0,1,1,0,0,,,,1,0,1,1,1
qwen3.8-2.4t-a95b-fp8,poolact,tuning,cost_tight,cached,4,feedback_visible,count,,planned_analysis_unit; Audit_mean_once; pool_resources_N_sum_except_wall,task,hpobench:nasbench101:A,2,[2208],1,0,1,1,0,0,,,,1,0,1,1,1
qwen3.8-2.4t-a95b-fp8,poolact,tuning,cost_tight,cached,4,feedback_visible,count,,planned_analysis_unit; Audit_mean_once; pool_resources_N_sum_except_wall,task,hpobench:nasbench101:B,0,[2200],1,0,1,1,0,0,,,,1,0,1,1,1
qwen3.8-2.4t-a95b-fp8,poolact,tuning,cost_tight,cached,4,feedback_visible,count,,planned_analysis_unit; Audit_mean_once; pool_resources_N_sum_except_wall,task,hpobench:nasbench101:B,1,[2204],1,0,1,1,0,0,,,,1,0,1,1,1
qwen3.8-2.4t-a95b-fp8,poolact,tuning,cost_tight,cached,4,feedback_visible,count,,planned_analysis_unit; Audit_mean_once; pool_resources_N_sum_except_wall,task,hpobench:nasbench101:B,2,[2208],1,0,1,1,0,0,,,,1,0,1,1,1
qwen3.8-2.4t-a95b-fp8,poolact,tuning,cost_tight,cached,4,feedback_visible,count,,planned_analysis_unit; Audit_mean_once; pool_resources_N_sum_except_wall,task,hpobench:nasbench101:C,0,[2200],1,0,1,1,0,0,,,,1,0,1,1,1
qwen3.8-2.4t-a95b-fp8,poolact,tuning,cost_tight,cached,4,feedback_visible,count,,planned_analysis_unit; Audit_mean_once; pool_resources_N_sum_except_wall,task,hpobench:nasbench101:C,1,[2204],1,0,1,1,0,0,,,,1,0,1,1,1
qwen3.8-2.4t-a95b-fp8,poolact,tuning,cost_tight,cached,4,feedback_visible,count,,planned_analysis_unit; Audit_mean_once; pool_resources_N_sum_except_wall,task,hpobench:nasbench101:C,2,[2208],1,0,1,1,0,0,,,,1,0,1,1,1
qwen3.8-2.4t-a95b-fp8,poolact,tuning,cost_tight,cached,4,gap_bon,Gap points,True,planned_analysis_unit; Audit_mean_once; pool_resources_N_sum_except_wall,all,all,0,[2200],3,3,0,3,3,3,98.18087095822905,98.18087095822905,98.18087095822905,3,3,0,1,1
qwen3.8-2.4t-a95b-fp8,poolact,tuning,cost_tight,cached,4,gap_bon,Gap points,True,planned_analysis_unit; Audit_mean_once; pool_resources_N_sum_except_wall,all,all,1,[2204],3,3,0,3,3,3,97.81975928205055,97.81975928205055,97.81975928205055,3,3,0,1,1
qwen3.8-2.4t-a95b-fp8,poolact,tuning,cost_tight,cached,4,gap_bon,Gap points,True,planned_analysis_unit; Audit_mean_once; pool_resources_N_sum_except_wall,all,all,2,[2208],3,3,0,3,3,3,98.45059827453933,98.45059827453933,98.45059827453933,3,3,0,1,1
qwen3.8-2.4t-a95b-fp8,poolact,tuning,cost_tight,cached,4,gap_bon,Gap points,True,planned_analysis_unit; Audit_mean_once; pool_resources_N_sum_except_wall,family,nasbench101,0,[2200],3,3,0,3,3,3,98.18087095822905,98.18087095822905,98.18087095822905,3,3,0,1,1
qwen3.8-2.4t-a95b-fp8,poolact,tuning,cost_tight,cached,4,gap_bon,Gap points,True,planned_analysis_unit; Audit_mean_once; pool_resources_N_sum_except_wall,family,nasbench101,1,[2204],3,3,0,3,3,3,97.81975928205055,97.81975928205055,97.81975928205055,3,3,0,1,1
qwen3.8-2.4t-a95b-fp8,poolact,tuning,cost_tight,cached,4,gap_bon,Gap points,True,planned_analysis_unit; Audit_mean_once; pool_resources_N_sum_except_wall,family,nasbench101,2,[2208],3,3,0,3,3,3,98.45059827453933,98.45059827453933,98.45059827453933,3,3,0,1,1
qwen3.8-2.4t-a95b-fp8,poolact,tuning,cost_tight,cached,4,gap_bon,Gap points,True,planned_analysis_unit; Audit_mean_once; pool_resources_N_sum_except_wall,task,hpobench:nasbench101:A,0,[2200],1,1,0,1,1,1,97.3468714703742,97.3468714703742,97.3468714703742,1,1,0,1,1
qwen3.8-2.4t-a95b-fp8,poolact,tuning,cost_tight,cached,4,gap_bon,Gap points,True,planned_analysis_unit; Audit_mean_once; pool_resources_N_sum_except_wall,task,hpobench:nasbench101:A,1,[2204],1,1,0,1,1,1,96.59697677297574,96.59697677297574,96.59697677297574,1,1,0,1,1
qwen3.8-2.4t-a95b-fp8,poolact,tuning,cost_tight,cached,4,gap_bon,Gap points,True,planned_analysis_unit; Audit_mean_once; pool_resources_N_sum_except_wall,task,hpobench:nasbench101:A,2,[2208],1,1,0,1,1,1,99.31654719915865,99.31654719915865,99.31654719915865,1,1,0,1,1
qwen3.8-2.4t-a95b-fp8,poolact,tuning,cost_tight,cached,4,gap_bon,Gap points,True,planned_analysis_unit; Audit_mean_once; pool_resources_N_sum_except_wall,task,hpobench:nasbench101:B,0,[2200],1,1,0,1,1,1,97.85143634889168,97.85143634889168,97.85143634889168,1,1,0,1,1
qwen3.8-2.4t-a95b-fp8,poolact,tuning,cost_tight,cached,4,gap_bon,Gap points,True,planned_analysis_unit; Audit_mean_once; pool_resources_N_sum_except_wall,task,hpobench:nasbench101:B,1,[2204],1,1,0,1,1,1,97.52390526960744,97.52390526960744,97.52390526960744,1,1,0,1,1
qwen3.8-2.4t-a95b-fp8,poolact,tuning,cost_tight,cached,4,gap_bon,Gap points,True,planned_analysis_unit; Audit_mean_once; pool_resources_N_sum_except_wall,task,hpobench:nasbench101:B,2,[2208],1,1,0,1,1,1,97.22258540854112,97.22258540854112,97.22258540854112,1,1,0,1,1
qwen3.8-2.4t-a95b-fp8,poolact,tuning,cost_tight,cached,4,gap_bon,Gap points,True,planned_analysis_unit; Audit_mean_once; pool_resources_N_sum_except_wall,task,hpobench:nasbench101:C,0,[2200],1,1,0,1,1,1,99.34430505542127,99.34430505542127,99.34430505542127,1,1,0,1,1
qwen3.8-2.4t-a95b-fp8,poolact,tuning,cost_tight,cached,4,gap_bon,Gap points,True,planned_analysis_unit; Audit_mean_once; pool_resources_N_sum_except_wall,task,hpobench:nasbench101:C,1,[2204],1,1,0,1,1,1,99.33839580356849,99.33839580356849,99.33839580356849,1,1,0,1,1
qwen3.8-2.4t-a95b-fp8,poolact,tuning,cost_tight,cached,4,gap_bon,Gap points,True,planned_analysis_unit; Audit_mean_once; pool_resources_N_sum_except_wall,task,hpobench:nasbench101:C,2,[2208],1,1,0,1,1,1,98.81266221591822,98.81266221591822,98.81266221591822,1,1,0,1,1
qwen3.8-2.4t-a95b-fp8,poolact,tuning,cost_tight,cached,4,gap_mi,Gap points,True,planned_analysis_unit; Audit_mean_once; pool_resources_N_sum_except_wall,all,all,0,[2200],3,3,0,3,3,3,92.51078293955284,92.51078293955284,92.51078293955284,3,3,0,1,1
qwen3.8-2.4t-a95b-fp8,poolact,tuning,cost_tight,cached,4,gap_mi,Gap points,True,planned_analysis_unit; Audit_mean_once; pool_resources_N_sum_except_wall,all,all,1,[2204],3,3,0,3,3,3,85.82116990165768,85.82116990165768,85.82116990165768,3,3,0,1,1
qwen3.8-2.4t-a95b-fp8,poolact,tuning,cost_tight,cached,4,gap_mi,Gap points,True,planned_analysis_unit; Audit_mean_once; pool_resources_N_sum_except_wall,all,all,2,[2208],3,3,0,3,3,3,93.94085487690029,93.94085487690029,93.94085487690029,3,3,0,1,1
qwen3.8-2.4t-a95b-fp8,poolact,tuning,cost_tight,cached,4,gap_mi,Gap points,True,planned_analysis_unit; Audit_mean_once; pool_resources_N_sum_except_wall,family,nasbench101,0,[2200],3,3,0,3,3,3,92.51078293955284,92.51078293955284,92.51078293955284,3,3,0,1,1
qwen3.8-2.4t-a95b-fp8,poolact,tuning,cost_tight,cached,4,gap_mi,Gap points,True,planned_analysis_unit; Audit_mean_once; pool_resources_N_sum_except_wall,family,nasbench101,1,[2204],3,3,0,3,3,3,85.82116990165768,85.82116990165768,85.82116990165768,3,3,0,1,1
qwen3.8-2.4t-a95b-fp8,poolact,tuning,cost_tight,cached,4,gap_mi,Gap points,True,planned_analysis_unit; Audit_mean_once; pool_resources_N_sum_except_wall,family,nasbench101,2,[2208],3,3,0,3,3,3,93.94085487690029,93.94085487690029,93.94085487690029,3,3,0,1,1
qwen3.8-2.4t-a95b-fp8,poolact,tuning,cost_tight,cached,4,gap_mi,Gap points,True,planned_analysis_unit; Audit_mean_once; pool_resources_N_sum_except_wall,task,hpobench:nasbench101:A,0,[2200],1,1,0,1,1,1,91.50311333592798,91.50311333592798,91.50311333592798,1,1,0,1,1
qwen3.8-2.4t-a95b-fp8,poolact,tuning,cost_tight,cached,4,gap_mi,Gap points,True,planned_analysis_unit; Audit_mean_once; pool_resources_N_sum_except_wall,task,hpobench:nasbench101:A,1,[2204],1,1,0,1,1,1,73.1281957472414,73.1281957472414,73.1281957472414,1,1,0,1,1
qwen3.8-2.4t-a95b-fp8,poolact,tuning,cost_tight,cached,4,gap_mi,Gap points,True,planned_analysis_unit; Audit_mean_once; pool_resources_N_sum_except_wall,task,hpobench:nasbench101:A,2,[2208],1,1,0,1,1,1,93.82875200567027,93.82875200567027,93.82875200567027,1,1,0,1,1
qwen3.8-2.4t-a95b-fp8,poolact,tuning,cost_tight,cached,4,gap_mi,Gap points,True,planned_analysis_unit; Audit_mean_once; pool_resources_N_sum_except_wall,task,hpobench:nasbench101:B,0,[2200],1,1,0,1,1,1,88.01256988023202,88.01256988023202,88.01256988023202,1,1,0,1,1
qwen3.8-2.4t-a95b-fp8,poolact,tuning,cost_tight,cached,4,gap_mi,Gap points,True,planned_analysis_unit; Audit_mean_once; pool_resources_N_sum_except_wall,task,hpobench:nasbench101:B,1,[2204],1,1,0,1,1,1,86.7941770305406,86.7941770305406,86.7941770305406,1,1,0,1,1
qwen3.8-2.4t-a95b-fp8,poolact,tuning,cost_tight,cached,4,gap_mi,Gap points,True,planned_analysis_unit; Audit_mean_once; pool_resources_N_sum_except_wall,task,hpobench:nasbench101:B,2,[2208],1,1,0,1,1,1,92.00183036406568,92.00183036406568,92.00183036406568,1,1,0,1,1
qwen3.8-2.4t-a95b-fp8,poolact,tuning,cost_tight,cached,4,gap_mi,Gap points,True,planned_analysis_unit; Audit_mean_once; pool_resources_N_sum_except_wall,task,hpobench:nasbench101:C,0,[2200],1,1,0,1,1,1,98.01666560249856,98.01666560249856,98.01666560249856,1,1,0,1,1
qwen3.8-2.4t-a95b-fp8,poolact,tuning,cost_tight,cached,4,gap_mi,Gap points,True,planned_analysis_unit; Audit_mean_once; pool_resources_N_sum_except_wall,task,hpobench:nasbench101:C,1,[2204],1,1,0,1,1,1,97.54113692719105,97.54113692719105,97.54113692719105,1,1,0,1,1
qwen3.8-2.4t-a95b-fp8,poolact,tuning,cost_tight,cached,4,gap_mi,Gap points,True,planned_analysis_unit; Audit_mean_once; pool_resources_N_sum_except_wall,task,hpobench:nasbench101:C,2,[2208],1,1,0,1,1,1,95.99198226096493,95.99198226096493,95.99198226096493,1,1,0,1,1
qwen3.8-2.4t-a95b-fp8,poolact,tuning,cost_tight,cached,4,input_tokens,tokens,,planned_analysis_unit; Audit_mean_once; pool_resources_N_sum_except_wall,all,all,0,[2200],3,3,0,3,3,3,156989.66666666666,156989.66666666666,156989.66666666666,3,3,0,1,1
qwen3.8-2.4t-a95b-fp8,poolact,tuning,cost_tight,cached,4,input_tokens,tokens,,planned_analysis_unit; Audit_mean_once; pool_resources_N_sum_except_wall,all,all,1,[2204],3,3,0,3,3,3,130210.0,130210.0,130210.0,3,3,0,1,1
qwen3.8-2.4t-a95b-fp8,poolact,tuning,cost_tight,cached,4,input_tokens,tokens,,planned_analysis_unit; Audit_mean_once; pool_resources_N_sum_except_wall,all,all,2,[2208],3,3,0,3,3,3,137357.33333333334,137357.33333333334,137357.33333333334,3,3,0,1,1
qwen3.8-2.4t-a95b-fp8,poolact,tuning,cost_tight,cached,4,input_tokens,tokens,,planned_analysis_unit; Audit_mean_once; pool_resources_N_sum_except_wall,family,nasbench101,0,[2200],3,3,0,3,3,3,156989.66666666666,156989.66666666666,156989.66666666666,3,3,0,1,1
qwen3.8-2.4t-a95b-fp8,poolact,tuning,cost_tight,cached,4,input_tokens,tokens,,planned_analysis_unit; Audit_mean_once; pool_resources_N_sum_except_wall,family,nasbench101,1,[2204],3,3,0,3,3,3,130210.0,130210.0,130210.0,3,3,0,1,1
qwen3.8-2.4t-a95b-fp8,poolact,tuning,cost_tight,cached,4,input_tokens,tokens,,planned_analysis_unit; Audit_mean_once; pool_resources_N_sum_except_wall,family,nasbench101,2,[2208],3,3,0,3,3,3,137357.33333333334,137357.33333333334,137357.33333333334,3,3,0,1,1
qwen3.8-2.4t-a95b-fp8,poolact,tuning,cost_tight,cached,4,input_tokens,tokens,,planned_analysis_unit; Audit_mean_once; pool_resources_N_sum_except_wall,task,hpobench:nasbench101:A,0,[2200],1,1,0,1,1,1,98218.0,98218.0,98218.0,1,1,0,1,1
qwen3.8-2.4t-a95b-fp8,poolact,tuning,cost_tight,cached,4,input_tokens,tokens,,planned_analysis_unit; Audit_mean_once; pool_resources_N_sum_except_wall,task,hpobench:nasbench101:A,1,[2204],1,1,0,1,1,1,70621.0,70621.0,70621.0,1,1,0,1,1
qwen3.8-2.4t-a95b-fp8,poolact,tuning,cost_tight,cached,4,input_tokens,tokens,,planned_analysis_unit; Audit_mean_once; pool_resources_N_sum_except_wall,task,hpobench:nasbench101:A,2,[2208],1,1,0,1,1,1,78945.0,78945.0,78945.0,1,1,0,1,1
qwen3.8-2.4t-a95b-fp8,poolact,tuning,cost_tight,cached,4,input_tokens,tokens,,planned_analysis_unit; Audit_mean_once; pool_resources_N_sum_except_wall,task,hpobench:nasbench101:B,0,[2200],1,1,0,1,1,1,96623.0,96623.0,96623.0,1,1,0,1,1
qwen3.8-2.4t-a95b-fp8,poolact,tuning,cost_tight,cached,4,input_tokens,tokens,,planned_analysis_unit; Audit_mean_once; pool_resources_N_sum_except_wall,task,hpobench:nasbench101:B,1,[2204],1,1,0,1,1,1,148314.0,148314.0,148314.0,1,1,0,1,1
qwen3.8-2.4t-a95b-fp8,poolact,tuning,cost_tight,cached,4,input_tokens,tokens,,planned_analysis_unit; Audit_mean_once; pool_resources_N_sum_except_wall,task,hpobench:nasbench101:B,2,[2208],1,1,0,1,1,1,199014.0,199014.0,199014.0,1,1,0,1,1
qwen3.8-2.4t-a95b-fp8,poolact,tuning,cost_tight,cached,4,input_tokens,tokens,,planned_analysis_unit; Audit_mean_once; pool_resources_N_sum_except_wall,task,hpobench:nasbench101:C,0,[2200],1,1,0,1,1,1,276128.0,276128.0,276128.0,1,1,0,1,1
qwen3.8-2.4t-a95b-fp8,poolact,tuning,cost_tight,cached,4,input_tokens,tokens,,planned_analysis_unit; Audit_mean_once; pool_resources_N_sum_except_wall,task,hpobench:nasbench101:C,1,[2204],1,1,0,1,1,1,171695.0,171695.0,171695.0,1,1,0,1,1
qwen3.8-2.4t-a95b-fp8,poolact,tuning,cost_tight,cached,4,input_tokens,tokens,,planned_analysis_unit; Audit_mean_once; pool_resources_N_sum_except_wall,task,hpobench:nasbench101:C,2,[2208],1,1,0,1,1,1,134113.0,134113.0,134113.0,1,1,0,1,1
qwen3.8-2.4t-a95b-fp8,poolact,tuning,cost_tight,cached,4,output_tokens,tokens,,planned_analysis_unit; Audit_mean_once; pool_resources_N_sum_except_wall,all,all,0,[2200],3,3,0,3,3,3,47216.666666666664,47216.666666666664,47216.666666666664,3,3,0,1,1
qwen3.8-2.4t-a95b-fp8,poolact,tuning,cost_tight,cached,4,output_tokens,tokens,,planned_analysis_unit; Audit_mean_once; pool_resources_N_sum_except_wall,all,all,1,[2204],3,3,0,3,3,3,29769.666666666668,29769.666666666668,29769.666666666668,3,3,0,1,1
qwen3.8-2.4t-a95b-fp8,poolact,tuning,cost_tight,cached,4,output_tokens,tokens,,planned_analysis_unit; Audit_mean_once; pool_resources_N_sum_except_wall,all,all,2,[2208],3,3,0,3,3,3,36251.666666666664,36251.666666666664,36251.666666666664,3,3,0,1,1
qwen3.8-2.4t-a95b-fp8,poolact,tuning,cost_tight,cached,4,output_tokens,tokens,,planned_analysis_unit; Audit_mean_once; pool_resources_N_sum_except_wall,family,nasbench101,0,[2200],3,3,0,3,3,3,47216.666666666664,47216.666666666664,47216.666666666664,3,3,0,1,1
qwen3.8-2.4t-a95b-fp8,poolact,tuning,cost_tight,cached,4,output_tokens,tokens,,planned_analysis_unit; Audit_mean_once; pool_resources_N_sum_except_wall,family,nasbench101,1,[2204],3,3,0,3,3,3,29769.666666666668,29769.666666666668,29769.666666666668,3,3,0,1,1
qwen3.8-2.4t-a95b-fp8,poolact,tuning,cost_tight,cached,4,output_tokens,tokens,,planned_analysis_unit; Audit_mean_once; pool_resources_N_sum_except_wall,family,nasbench101,2,[2208],3,3,0,3,3,3,36251.666666666664,36251.666666666664,36251.666666666664,3,3,0,1,1
qwen3.8-2.4t-a95b-fp8,poolact,tuning,cost_tight,cached,4,output_tokens,tokens,,planned_analysis_unit; Audit_mean_once; pool_resources_N_sum_except_wall,task,hpobench:nasbench101:A,0,[2200],1,1,0,1,1,1,32118.0,32118.0,32118.0,1,1,0,1,1
qwen3.8-2.4t-a95b-fp8,poolact,tuning,cost_tight,cached,4,output_tokens,tokens,,planned_analysis_unit; Audit_mean_once; pool_resources_N_sum_except_wall,task,hpobench:nasbench101:A,1,[2204],1,1,0,1,1,1,19212.0,19212.0,19212.0,1,1,0,1,1
qwen3.8-2.4t-a95b-fp8,poolact,tuning,cost_tight,cached,4,output_tokens,tokens,,planned_analysis_unit; Audit_mean_once; pool_resources_N_sum_except_wall,task,hpobench:nasbench101:A,2,[2208],1,1,0,1,1,1,32495.0,32495.0,32495.0,1,1,0,1,1
qwen3.8-2.4t-a95b-fp8,poolact,tuning,cost_tight,cached,4,output_tokens,tokens,,planned_analysis_unit; Audit_mean_once; pool_resources_N_sum_except_wall,task,hpobench:nasbench101:B,0,[2200],1,1,0,1,1,1,42802.0,42802.0,42802.0,1,1,0,1,1
qwen3.8-2.4t-a95b-fp8,poolact,tuning,cost_tight,cached,4,output_tokens,tokens,,planned_analysis_unit; Audit_mean_once; pool_resources_N_sum_except_wall,task,hpobench:nasbench101:B,1,[2204],1,1,0,1,1,1,28091.0,28091.0,28091.0,1,1,0,1,1
qwen3.8-2.4t-a95b-fp8,poolact,tuning,cost_tight,cached,4,output_tokens,tokens,,planned_analysis_unit; Audit_mean_once; pool_resources_N_sum_except_wall,task,hpobench:nasbench101:B,2,[2208],1,1,0,1,1,1,38725.0,38725.0,38725.0,1,1,0,1,1
qwen3.8-2.4t-a95b-fp8,poolact,tuning,cost_tight,cached,4,output_tokens,tokens,,planned_analysis_unit; Audit_mean_once; pool_resources_N_sum_except_wall,task,hpobench:nasbench101:C,0,[2200],1,1,0,1,1,1,66730.0,66730.0,66730.0,1,1,0,1,1
qwen3.8-2.4t-a95b-fp8,poolact,tuning,cost_tight,cached,4,output_tokens,tokens,,planned_analysis_unit; Audit_mean_once; pool_resources_N_sum_except_wall,task,hpobench:nasbench101:C,1,[2204],1,1,0,1,1,1,42006.0,42006.0,42006.0,1,1,0,1,1
qwen3.8-2.4t-a95b-fp8,poolact,tuning,cost_tight,cached,4,output_tokens,tokens,,planned_analysis_unit; Audit_mean_once; pool_resources_N_sum_except_wall,task,hpobench:nasbench101:C,2,[2208],1,1,0,1,1,1,37535.0,37535.0,37535.0,1,1,0,1,1
qwen3.8-2.4t-a95b-fp8,poolact,tuning,cost_tight,cached,4,protocol_failure_rate,fraction,,planned_analysis_unit; Audit_mean_once; pool_resources_N_sum_except_wall,all,all,0,[2200],3,3,0,3,3,3,0.023809523809523808,0.023809523809523808,0.023809523809523808,3,3,0,1,1
qwen3.8-2.4t-a95b-fp8,poolact,tuning,cost_tight,cached,4,protocol_failure_rate,fraction,,planned_analysis_unit; Audit_mean_once; pool_resources_N_sum_except_wall,all,all,1,[2204],3,3,0,3,3,3,0.08302808302808302,0.08302808302808302,0.08302808302808302,3,3,0,1,1
qwen3.8-2.4t-a95b-fp8,poolact,tuning,cost_tight,cached,4,protocol_failure_rate,fraction,,planned_analysis_unit; Audit_mean_once; pool_resources_N_sum_except_wall,all,all,2,[2208],3,3,0,3,3,3,0.0657748049052397,0.0657748049052397,0.0657748049052397,3,3,0,1,1
qwen3.8-2.4t-a95b-fp8,poolact,tuning,cost_tight,cached,4,protocol_failure_rate,fraction,,planned_analysis_unit; Audit_mean_once; pool_resources_N_sum_except_wall,family,nasbench101,0,[2200],3,3,0,3,3,3,0.023809523809523808,0.023809523809523808,0.023809523809523808,3,3,0,1,1
qwen3.8-2.4t-a95b-fp8,poolact,tuning,cost_tight,cached,4,protocol_failure_rate,fraction,,planned_analysis_unit; Audit_mean_once; pool_resources_N_sum_except_wall,family,nasbench101,1,[2204],3,3,0,3,3,3,0.08302808302808302,0.08302808302808302,0.08302808302808302,3,3,0,1,1
qwen3.8-2.4t-a95b-fp8,poolact,tuning,cost_tight,cached,4,protocol_failure_rate,fraction,,planned_analysis_unit; Audit_mean_once; pool_resources_N_sum_except_wall,family,nasbench101,2,[2208],3,3,0,3,3,3,0.0657748049052397,0.0657748049052397,0.0657748049052397,3,3,0,1,1
qwen3.8-2.4t-a95b-fp8,poolact,tuning,cost_tight,cached,4,protocol_failure_rate,fraction,,planned_analysis_unit; Audit_mean_once; pool_resources_N_sum_except_wall,task,hpobench:nasbench101:A,0,[2200],1,1,0,1,1,1,0.07142857142857142,0.07142857142857142,0.07142857142857142,1,1,0,1,1
qwen3.8-2.4t-a95b-fp8,poolact,tuning,cost_tight,cached,4,protocol_failure_rate,fraction,,planned_analysis_unit; Audit_mean_once; pool_resources_N_sum_except_wall,task,hpobench:nasbench101:A,1,[2204],1,1,0,1,1,1,0.15384615384615385,0.15384615384615385,0.15384615384615385,1,1,0,1,1
qwen3.8-2.4t-a95b-fp8,poolact,tuning,cost_tight,cached,4,protocol_failure_rate,fraction,,planned_analysis_unit; Audit_mean_once; pool_resources_N_sum_except_wall,task,hpobench:nasbench101:A,2,[2208],1,1,0,1,1,1,0.15384615384615385,0.15384615384615385,0.15384615384615385,1,1,0,1,1
qwen3.8-2.4t-a95b-fp8,poolact,tuning,cost_tight,cached,4,protocol_failure_rate,fraction,,planned_analysis_unit; Audit_mean_once; pool_resources_N_sum_except_wall,task,hpobench:nasbench101:B,0,[2200],1,1,0,1,1,1,0.0,0.0,0.0,1,1,0,1,1
qwen3.8-2.4t-a95b-fp8,poolact,tuning,cost_tight,cached,4,protocol_failure_rate,fraction,,planned_analysis_unit; Audit_mean_once; pool_resources_N_sum_except_wall,task,hpobench:nasbench101:B,1,[2204],1,1,0,1,1,1,0.09523809523809523,0.09523809523809523,0.09523809523809523,1,1,0,1,1
qwen3.8-2.4t-a95b-fp8,poolact,tuning,cost_tight,cached,4,protocol_failure_rate,fraction,,planned_analysis_unit; Audit_mean_once; pool_resources_N_sum_except_wall,task,hpobench:nasbench101:B,2,[2208],1,1,0,1,1,1,0.043478260869565216,0.043478260869565216,0.043478260869565216,1,1,0,1,1
qwen3.8-2.4t-a95b-fp8,poolact,tuning,cost_tight,cached,4,protocol_failure_rate,fraction,,planned_analysis_unit; Audit_mean_once; pool_resources_N_sum_except_wall,task,hpobench:nasbench101:C,0,[2200],1,1,0,1,1,1,0.0,0.0,0.0,1,1,0,1,1
qwen3.8-2.4t-a95b-fp8,poolact,tuning,cost_tight,cached,4,protocol_failure_rate,fraction,,planned_analysis_unit; Audit_mean_once; pool_resources_N_sum_except_wall,task,hpobench:nasbench101:C,1,[2204],1,1,0,1,1,1,0.0,0.0,0.0,1,1,0,1,1
qwen3.8-2.4t-a95b-fp8,poolact,tuning,cost_tight,cached,4,protocol_failure_rate,fraction,,planned_analysis_unit; Audit_mean_once; pool_resources_N_sum_except_wall,task,hpobench:nasbench101:C,2,[2208],1,1,0,1,1,1,0.0,0.0,0.0,1,1,0,1,1
qwen3.8-2.4t-a95b-fp8,poolact,tuning,cost_tight,cached,4,raw_perf_bon,fraction,True,planned_analysis_unit; Audit_mean_once; pool_resources_N_sum_except_wall,all,all,0,[2200],3,3,0,3,3,3,0.9375890294710795,0.9375890294710795,0.9375890294710795,3,3,0,1,1
qwen3.8-2.4t-a95b-fp8,poolact,tuning,cost_tight,cached,4,raw_perf_bon,fraction,True,planned_analysis_unit; Audit_mean_once; pool_resources_N_sum_except_wall,all,all,1,[2204],3,3,0,3,3,3,0.9355413118998209,0.9355413118998209,0.9355413118998209,3,3,0,1,1
qwen3.8-2.4t-a95b-fp8,poolact,tuning,cost_tight,cached,4,raw_perf_bon,fraction,True,planned_analysis_unit; Audit_mean_once; pool_resources_N_sum_except_wall,all,all,2,[2208],3,3,0,3,3,3,0.9406717485851712,0.9406717485851712,0.9406717485851712,3,3,0,1,1
qwen3.8-2.4t-a95b-fp8,poolact,tuning,cost_tight,cached,4,raw_perf_bon,fraction,True,planned_analysis_unit; Audit_mean_once; pool_resources_N_sum_except_wall,family,nasbench101,0,[2200],3,3,0,3,3,3,0.9375890294710795,0.9375890294710795,0.9375890294710795,3,3,0,1,1
qwen3.8-2.4t-a95b-fp8,poolact,tuning,cost_tight,cached,4,raw_perf_bon,fraction,True,planned_analysis_unit; Audit_mean_once; pool_resources_N_sum_except_wall,family,nasbench101,1,[2204],3,3,0,3,3,3,0.9355413118998209,0.9355413118998209,0.9355413118998209,3,3,0,1,1
qwen3.8-2.4t-a95b-fp8,poolact,tuning,cost_tight,cached,4,raw_perf_bon,fraction,True,planned_analysis_unit; Audit_mean_once; pool_resources_N_sum_except_wall,family,nasbench101,2,[2208],3,3,0,3,3,3,0.9406717485851712,0.9406717485851712,0.9406717485851712,3,3,0,1,1
qwen3.8-2.4t-a95b-fp8,poolact,tuning,cost_tight,cached,4,raw_perf_bon,fraction,True,planned_analysis_unit; Audit_mean_once; pool_resources_N_sum_except_wall,task,hpobench:nasbench101:A,0,[2200],1,1,0,1,1,1,0.9274171789487203,0.9274171789487203,0.9274171789487203,1,1,0,1,1
qwen3.8-2.4t-a95b-fp8,poolact,tuning,cost_tight,cached,4,raw_perf_bon,fraction,True,planned_analysis_unit; Audit_mean_once; pool_resources_N_sum_except_wall,task,hpobench:nasbench101:A,1,[2204],1,1,0,1,1,1,0.9221421082814535,0.9221421082814535,0.9221421082814535,1,1,0,1,1
qwen3.8-2.4t-a95b-fp8,poolact,tuning,cost_tight,cached,4,raw_perf_bon,fraction,True,planned_analysis_unit; Audit_mean_once; pool_resources_N_sum_except_wall,task,hpobench:nasbench101:A,2,[2208],1,1,0,1,1,1,0.9412726958592733,0.9412726958592733,0.9412726958592733,1,1,0,1,1
qwen3.8-2.4t-a95b-fp8,poolact,tuning,cost_tight,cached,4,raw_perf_bon,fraction,True,planned_analysis_unit; Audit_mean_once; pool_resources_N_sum_except_wall,task,hpobench:nasbench101:B,0,[2200],1,1,0,1,1,1,0.9434762398401896,0.9434762398401896,0.9434762398401896,1,1,0,1,1
qwen3.8-2.4t-a95b-fp8,poolact,tuning,cost_tight,cached,4,raw_perf_bon,fraction,True,planned_analysis_unit; Audit_mean_once; pool_resources_N_sum_except_wall,task,hpobench:nasbench101:B,1,[2204],1,1,0,1,1,1,0.94264155626297,0.94264155626297,0.94264155626297,1,1,0,1,1
qwen3.8-2.4t-a95b-fp8,poolact,tuning,cost_tight,cached,4,raw_perf_bon,fraction,True,planned_analysis_unit; Audit_mean_once; pool_resources_N_sum_except_wall,task,hpobench:nasbench101:B,2,[2208],1,1,0,1,1,1,0.9418736696243286,0.9418736696243286,0.9418736696243286,1,1,0,1,1
qwen3.8-2.4t-a95b-fp8,poolact,tuning,cost_tight,cached,4,raw_perf_bon,fraction,True,planned_analysis_unit; Audit_mean_once; pool_resources_N_sum_except_wall,task,hpobench:nasbench101:C,0,[2200],1,1,0,1,1,1,0.9418736696243286,0.9418736696243286,0.9418736696243286,1,1,0,1,1
qwen3.8-2.4t-a95b-fp8,poolact,tuning,cost_tight,cached,4,raw_perf_bon,fraction,True,planned_analysis_unit; Audit_mean_once; pool_resources_N_sum_except_wall,task,hpobench:nasbench101:C,1,[2204],1,1,0,1,1,1,0.9418402711550394,0.9418402711550394,0.9418402711550394,1,1,0,1,1
qwen3.8-2.4t-a95b-fp8,poolact,tuning,cost_tight,cached,4,raw_perf_bon,fraction,True,planned_analysis_unit; Audit_mean_once; pool_resources_N_sum_except_wall,task,hpobench:nasbench101:C,2,[2208],1,1,0,1,1,1,0.9388688802719116,0.9388688802719116,0.9388688802719116,1,1,0,1,1
qwen3.8-2.4t-a95b-fp8,poolact,tuning,cost_tight,cached,4,raw_perf_mi,fraction,True,planned_analysis_unit; Audit_mean_once; pool_resources_N_sum_except_wall,all,all,0,[2200],3,3,0,3,3,3,0.9130275067355899,0.9130275067355899,0.9130275067355899,3,3,0,1,1
qwen3.8-2.4t-a95b-fp8,poolact,tuning,cost_tight,cached,4,raw_perf_mi,fraction,True,planned_analysis_unit; Audit_mean_once; pool_resources_N_sum_except_wall,all,all,1,[2204],3,3,0,3,3,3,0.8680110391643313,0.8680110391643313,0.8680110391643313,3,3,0,1,1
qwen3.8-2.4t-a95b-fp8,poolact,tuning,cost_tight,cached,4,raw_perf_mi,fraction,True,planned_analysis_unit; Audit_mean_once; pool_resources_N_sum_except_wall,all,all,2,[2208],3,3,0,3,3,3,0.9180550012323593,0.9180550012323593,0.9180550012323593,3,3,0,1,1
qwen3.8-2.4t-a95b-fp8,poolact,tuning,cost_tight,cached,4,raw_perf_mi,fraction,True,planned_analysis_unit; Audit_mean_once; pool_resources_N_sum_except_wall,family,nasbench101,0,[2200],3,3,0,3,3,3,0.9130275067355899,0.9130275067355899,0.9130275067355899,3,3,0,1,1
qwen3.8-2.4t-a95b-fp8,poolact,tuning,cost_tight,cached,4,raw_perf_mi,fraction,True,planned_analysis_unit; Audit_mean_once; pool_resources_N_sum_except_wall,family,nasbench101,1,[2204],3,3,0,3,3,3,0.8680110391643313,0.8680110391643313,0.8680110391643313,3,3,0,1,1
qwen3.8-2.4t-a95b-fp8,poolact,tuning,cost_tight,cached,4,raw_perf_mi,fraction,True,planned_analysis_unit; Audit_mean_once; pool_resources_N_sum_except_wall,family,nasbench101,2,[2208],3,3,0,3,3,3,0.9180550012323593,0.9180550012323593,0.9180550012323593,3,3,0,1,1
qwen3.8-2.4t-a95b-fp8,poolact,tuning,cost_tight,cached,4,raw_perf_mi,fraction,True,planned_analysis_unit; Audit_mean_once; pool_resources_N_sum_except_wall,task,hpobench:nasbench101:A,0,[2200],1,1,0,1,1,1,0.8863097578287125,0.8863097578287125,0.8863097578287125,1,1,0,1,1
qwen3.8-2.4t-a95b-fp8,poolact,tuning,cost_tight,cached,4,raw_perf_mi,fraction,True,planned_analysis_unit; Audit_mean_once; pool_resources_N_sum_except_wall,task,hpobench:nasbench101:A,1,[2204],1,1,0,1,1,1,0.7570529580116272,0.7570529580116272,0.7570529580116272,1,1,0,1,1
qwen3.8-2.4t-a95b-fp8,poolact,tuning,cost_tight,cached,4,raw_perf_mi,fraction,True,planned_analysis_unit; Audit_mean_once; pool_resources_N_sum_except_wall,task,hpobench:nasbench101:A,2,[2208],1,1,0,1,1,1,0.9026692658662796,0.9026692658662796,0.9026692658662796,1,1,0,1,1
qwen3.8-2.4t-a95b-fp8,poolact,tuning,cost_tight,cached,4,raw_perf_mi,fraction,True,planned_analysis_unit; Audit_mean_once; pool_resources_N_sum_except_wall,task,hpobench:nasbench101:B,0,[2200],1,1,0,1,1,1,0.9184027711550394,0.9184027711550394,0.9184027711550394,1,1,0,1,1
qwen3.8-2.4t-a95b-fp8,poolact,tuning,cost_tight,cached,4,raw_perf_mi,fraction,True,planned_analysis_unit; Audit_mean_once; pool_resources_N_sum_except_wall,task,hpobench:nasbench101:B,1,[2204],1,1,0,1,1,1,0.91529780626297,0.91529780626297,0.91529780626297,1,1,0,1,1
qwen3.8-2.4t-a95b-fp8,poolact,tuning,cost_tight,cached,4,raw_perf_mi,fraction,True,planned_analysis_unit; Audit_mean_once; pool_resources_N_sum_except_wall,task,hpobench:nasbench101:B,2,[2208],1,1,0,1,1,1,0.9285690436760585,0.9285690436760585,0.9285690436760585,1,1,0,1,1
qwen3.8-2.4t-a95b-fp8,poolact,tuning,cost_tight,cached,4,raw_perf_mi,fraction,True,planned_analysis_unit; Audit_mean_once; pool_resources_N_sum_except_wall,task,hpobench:nasbench101:C,0,[2200],1,1,0,1,1,1,0.9343699912230174,0.9343699912230174,0.9343699912230174,1,1,0,1,1
qwen3.8-2.4t-a95b-fp8,poolact,tuning,cost_tight,cached,4,raw_perf_mi,fraction,True,planned_analysis_unit; Audit_mean_once; pool_resources_N_sum_except_wall,task,hpobench:nasbench101:C,1,[2204],1,1,0,1,1,1,0.9316823532183965,0.9316823532183965,0.9316823532183965,1,1,0,1,1
qwen3.8-2.4t-a95b-fp8,poolact,tuning,cost_tight,cached,4,raw_perf_mi,fraction,True,planned_analysis_unit; Audit_mean_once; pool_resources_N_sum_except_wall,task,hpobench:nasbench101:C,2,[2208],1,1,0,1,1,1,0.9229266941547394,0.9229266941547394,0.9229266941547394,1,1,0,1,1
qwen3.8-2.4t-a95b-fp8,poolact,tuning,cost_tight,cached,4,wall_time_seconds,seconds,,planned_analysis_unit; Audit_mean_once; pool_resources_N_sum_except_wall,all,all,0,[2200],3,0,3,3,0,0,,,,3,0,3,1,1
qwen3.8-2.4t-a95b-fp8,poolact,tuning,cost_tight,cached,4,wall_time_seconds,seconds,,planned_analysis_unit; Audit_mean_once; pool_resources_N_sum_except_wall,all,all,1,[2204],3,0,3,3,0,0,,,,3,0,3,1,1
qwen3.8-2.4t-a95b-fp8,poolact,tuning,cost_tight,cached,4,wall_time_seconds,seconds,,planned_analysis_unit; Audit_mean_once; pool_resources_N_sum_except_wall,all,all,2,[2208],3,0,3,3,0,0,,,,3,0,3,1,1
qwen3.8-2.4t-a95b-fp8,poolact,tuning,cost_tight,cached,4,wall_time_seconds,seconds,,planned_analysis_unit; Audit_mean_once; pool_resources_N_sum_except_wall,family,nasbench101,0,[2200],3,0,3,3,0,0,,,,3,0,3,1,1
qwen3.8-2.4t-a95b-fp8,poolact,tuning,cost_tight,cached,4,wall_time_seconds,seconds,,planned_analysis_unit; Audit_mean_once; pool_resources_N_sum_except_wall,family,nasbench101,1,[2204],3,0,3,3,0,0,,,,3,0,3,1,1
qwen3.8-2.4t-a95b-fp8,poolact,tuning,cost_tight,cached,4,wall_time_seconds,seconds,,planned_analysis_unit; Audit_mean_once; pool_resources_N_sum_except_wall,family,nasbench101,2,[2208],3,0,3,3,0,0,,,,3,0,3,1,1
qwen3.8-2.4t-a95b-fp8,poolact,tuning,cost_tight,cached,4,wall_time_seconds,seconds,,planned_analysis_unit; Audit_mean_once; pool_resources_N_sum_except_wall,task,hpobench:nasbench101:A,0,[2200],1,0,1,1,0,0,,,,1,0,1,1,1
qwen3.8-2.4t-a95b-fp8,poolact,tuning,cost_tight,cached,4,wall_time_seconds,seconds,,planned_analysis_unit; Audit_mean_once; pool_resources_N_sum_except_wall,task,hpobench:nasbench101:A,1,[2204],1,0,1,1,0,0,,,,1,0,1,1,1
qwen3.8-2.4t-a95b-fp8,poolact,tuning,cost_tight,cached,4,wall_time_seconds,seconds,,planned_analysis_unit; Audit_mean_once; pool_resources_N_sum_except_wall,task,hpobench:nasbench101:A,2,[2208],1,0,1,1,0,0,,,,1,0,1,1,1
qwen3.8-2.4t-a95b-fp8,poolact,tuning,cost_tight,cached,4,wall_time_seconds,seconds,,planned_analysis_unit; Audit_mean_once; pool_resources_N_sum_except_wall,task,hpobench:nasbench101:B,0,[2200],1,0,1,1,0,0,,,,1,0,1,1,1
qwen3.8-2.4t-a95b-fp8,poolact,tuning,cost_tight,cached,4,wall_time_seconds,seconds,,planned_analysis_unit; Audit_mean_once; pool_resources_N_sum_except_wall,task,hpobench:nasbench101:B,1,[2204],1,0,1,1,0,0,,,,1,0,1,1,1
qwen3.8-2.4t-a95b-fp8,poolact,tuning,cost_tight,cached,4,wall_time_seconds,seconds,,planned_analysis_unit; Audit_mean_once; pool_resources_N_sum_except_wall,task,hpobench:nasbench101:B,2,[2208],1,0,1,1,0,0,,,,1,0,1,1,1
qwen3.8-2.4t-a95b-fp8,poolact,tuning,cost_tight,cached,4,wall_time_seconds,seconds,,planned_analysis_unit; Audit_mean_once; pool_resources_N_sum_except_wall,task,hpobench:nasbench101:C,0,[2200],1,0,1,1,0,0,,,,1,0,1,1,1
qwen3.8-2.4t-a95b-fp8,poolact,tuning,cost_tight,cached,4,wall_time_seconds,seconds,,planned_analysis_unit; Audit_mean_once; pool_resources_N_sum_except_wall,task,hpobench:nasbench101:C,1,[2204],1,0,1,1,0,0,,,,1,0,1,1,1
qwen3.8-2.4t-a95b-fp8,poolact,tuning,cost_tight,cached,4,wall_time_seconds,seconds,,planned_analysis_unit; Audit_mean_once; pool_resources_N_sum_except_wall,task,hpobench:nasbench101:C,2,[2208],1,0,1,1,0,0,,,,1,0,1,1,1
qwen3.8-2.4t-a95b-fp8,poolact,tuning,cost_tight,naive,4,budget_utilization,fraction,,planned_analysis_unit; Audit_mean_once; pool_resources_N_sum_except_wall,all,all,0,[2200],3,3,0,3,3,3,1.0390801521305935,1.0390801521305935,1.0390801521305935,3,3,0,1,1
qwen3.8-2.4t-a95b-fp8,poolact,tuning,cost_tight,naive,4,budget_utilization,fraction,,planned_analysis_unit; Audit_mean_once; pool_resources_N_sum_except_wall,all,all,1,[2204],3,3,0,3,3,3,1.0255349417856487,1.0255349417856487,1.0255349417856487,3,3,0,1,1
qwen3.8-2.4t-a95b-fp8,poolact,tuning,cost_tight,naive,4,budget_utilization,fraction,,planned_analysis_unit; Audit_mean_once; pool_resources_N_sum_except_wall,all,all,2,[2208],3,3,0,3,3,3,1.215777198338566,1.215777198338566,1.215777198338566,3,3,0,1,1
qwen3.8-2.4t-a95b-fp8,poolact,tuning,cost_tight,naive,4,budget_utilization,fraction,,planned_analysis_unit; Audit_mean_once; pool_resources_N_sum_except_wall,family,nasbench101,0,[2200],3,3,0,3,3,3,1.0390801521305935,1.0390801521305935,1.0390801521305935,3,3,0,1,1
qwen3.8-2.4t-a95b-fp8,poolact,tuning,cost_tight,naive,4,budget_utilization,fraction,,planned_analysis_unit; Audit_mean_once; pool_resources_N_sum_except_wall,family,nasbench101,1,[2204],3,3,0,3,3,3,1.0255349417856487,1.0255349417856487,1.0255349417856487,3,3,0,1,1
qwen3.8-2.4t-a95b-fp8,poolact,tuning,cost_tight,naive,4,budget_utilization,fraction,,planned_analysis_unit; Audit_mean_once; pool_resources_N_sum_except_wall,family,nasbench101,2,[2208],3,3,0,3,3,3,1.215777198338566,1.215777198338566,1.215777198338566,3,3,0,1,1
qwen3.8-2.4t-a95b-fp8,poolact,tuning,cost_tight,naive,4,budget_utilization,fraction,,planned_analysis_unit; Audit_mean_once; pool_resources_N_sum_except_wall,task,hpobench:nasbench101:A,0,[2200],1,1,0,1,1,1,1.0256968126456607,1.0256968126456607,1.0256968126456607,1,1,0,1,1
qwen3.8-2.4t-a95b-fp8,poolact,tuning,cost_tight,naive,4,budget_utilization,fraction,,planned_analysis_unit; Audit_mean_once; pool_resources_N_sum_except_wall,task,hpobench:nasbench101:A,1,[2204],1,1,0,1,1,1,1.0588080185053954,1.0588080185053954,1.0588080185053954,1,1,0,1,1
qwen3.8-2.4t-a95b-fp8,poolact,tuning,cost_tight,naive,4,budget_utilization,fraction,,planned_analysis_unit; Audit_mean_once; pool_resources_N_sum_except_wall,task,hpobench:nasbench101:A,2,[2208],1,1,0,1,1,1,1.5159519394863272,1.5159519394863272,1.5159519394863272,1,1,0,1,1
qwen3.8-2.4t-a95b-fp8,poolact,tuning,cost_tight,naive,4,budget_utilization,fraction,,planned_analysis_unit; Audit_mean_once; pool_resources_N_sum_except_wall,task,hpobench:nasbench101:B,0,[2200],1,1,0,1,1,1,1.0593375292372613,1.0593375292372613,1.0593375292372613,1,1,0,1,1
qwen3.8-2.4t-a95b-fp8,poolact,tuning,cost_tight,naive,4,budget_utilization,fraction,,planned_analysis_unit; Audit_mean_once; pool_resources_N_sum_except_wall,task,hpobench:nasbench101:B,1,[2204],1,1,0,1,1,1,0.9920285082600521,0.9920285082600521,0.9920285082600521,1,1,0,1,1
qwen3.8-2.4t-a95b-fp8,poolact,tuning,cost_tight,naive,4,budget_utilization,fraction,,planned_analysis_unit; Audit_mean_once; pool_resources_N_sum_except_wall,task,hpobench:nasbench101:B,2,[2208],1,1,0,1,1,1,1.199434170969859,1.199434170969859,1.199434170969859,1,1,0,1,1
qwen3.8-2.4t-a95b-fp8,poolact,tuning,cost_tight,naive,4,budget_utilization,fraction,,planned_analysis_unit; Audit_mean_once; pool_resources_N_sum_except_wall,task,hpobench:nasbench101:C,0,[2200],1,1,0,1,1,1,1.0322061145088586,1.0322061145088586,1.0322061145088586,1,1,0,1,1
qwen3.8-2.4t-a95b-fp8,poolact,tuning,cost_tight,naive,4,budget_utilization,fraction,,planned_analysis_unit; Audit_mean_once; pool_resources_N_sum_except_wall,task,hpobench:nasbench101:C,1,[2204],1,1,0,1,1,1,1.0257682985914987,1.0257682985914987,1.0257682985914987,1,1,0,1,1
qwen3.8-2.4t-a95b-fp8,poolact,tuning,cost_tight,naive,4,budget_utilization,fraction,,planned_analysis_unit; Audit_mean_once; pool_resources_N_sum_except_wall,task,hpobench:nasbench101:C,2,[2208],1,1,0,1,1,1,0.9319454845595111,0.9319454845595111,0.9319454845595111,1,1,0,1,1
qwen3.8-2.4t-a95b-fp8,poolact,tuning,cost_tight,naive,4,duplicate_action_attempts,count,,planned_analysis_unit; Audit_mean_once; pool_resources_N_sum_except_wall,all,all,0,[2200],3,3,0,3,3,3,0.6666666666666666,0.6666666666666666,0.6666666666666666,3,3,0,1,1
qwen3.8-2.4t-a95b-fp8,poolact,tuning,cost_tight,naive,4,duplicate_action_attempts,count,,planned_analysis_unit; Audit_mean_once; pool_resources_N_sum_except_wall,all,all,1,[2204],3,3,0,3,3,3,0.0,0.0,0.0,3,3,0,1,1
qwen3.8-2.4t-a95b-fp8,poolact,tuning,cost_tight,naive,4,duplicate_action_attempts,count,,planned_analysis_unit; Audit_mean_once; pool_resources_N_sum_except_wall,all,all,2,[2208],3,3,0,3,3,3,0.0,0.0,0.0,3,3,0,1,1
qwen3.8-2.4t-a95b-fp8,poolact,tuning,cost_tight,naive,4,duplicate_action_attempts,count,,planned_analysis_unit; Audit_mean_once; pool_resources_N_sum_except_wall,family,nasbench101,0,[2200],3,3,0,3,3,3,0.6666666666666666,0.6666666666666666,0.6666666666666666,3,3,0,1,1
qwen3.8-2.4t-a95b-fp8,poolact,tuning,cost_tight,naive,4,duplicate_action_attempts,count,,planned_analysis_unit; Audit_mean_once; pool_resources_N_sum_except_wall,family,nasbench101,1,[2204],3,3,0,3,3,3,0.0,0.0,0.0,3,3,0,1,1
qwen3.8-2.4t-a95b-fp8,poolact,tuning,cost_tight,naive,4,duplicate_action_attempts,count,,planned_analysis_unit; Audit_mean_once; pool_resources_N_sum_except_wall,family,nasbench101,2,[2208],3,3,0,3,3,3,0.0,0.0,0.0,3,3,0,1,1
qwen3.8-2.4t-a95b-fp8,poolact,tuning,cost_tight,naive,4,duplicate_action_attempts,count,,planned_analysis_unit; Audit_mean_once; pool_resources_N_sum_except_wall,task,hpobench:nasbench101:A,0,[2200],1,1,0,1,1,1,0.0,0.0,0.0,1,1,0,1,1
qwen3.8-2.4t-a95b-fp8,poolact,tuning,cost_tight,naive,4,duplicate_action_attempts,count,,planned_analysis_unit; Audit_mean_once; pool_resources_N_sum_except_wall,task,hpobench:nasbench101:A,1,[2204],1,1,0,1,1,1,0.0,0.0,0.0,1,1,0,1,1
qwen3.8-2.4t-a95b-fp8,poolact,tuning,cost_tight,naive,4,duplicate_action_attempts,count,,planned_analysis_unit; Audit_mean_once; pool_resources_N_sum_except_wall,task,hpobench:nasbench101:A,2,[2208],1,1,0,1,1,1,0.0,0.0,0.0,1,1,0,1,1
qwen3.8-2.4t-a95b-fp8,poolact,tuning,cost_tight,naive,4,duplicate_action_attempts,count,,planned_analysis_unit; Audit_mean_once; pool_resources_N_sum_except_wall,task,hpobench:nasbench101:B,0,[2200],1,1,0,1,1,1,1.0,1.0,1.0,1,1,0,1,1
qwen3.8-2.4t-a95b-fp8,poolact,tuning,cost_tight,naive,4,duplicate_action_attempts,count,,planned_analysis_unit; Audit_mean_once; pool_resources_N_sum_except_wall,task,hpobench:nasbench101:B,1,[2204],1,1,0,1,1,1,0.0,0.0,0.0,1,1,0,1,1
qwen3.8-2.4t-a95b-fp8,poolact,tuning,cost_tight,naive,4,duplicate_action_attempts,count,,planned_analysis_unit; Audit_mean_once; pool_resources_N_sum_except_wall,task,hpobench:nasbench101:B,2,[2208],1,1,0,1,1,1,0.0,0.0,0.0,1,1,0,1,1
qwen3.8-2.4t-a95b-fp8,poolact,tuning,cost_tight,naive,4,duplicate_action_attempts,count,,planned_analysis_unit; Audit_mean_once; pool_resources_N_sum_except_wall,task,hpobench:nasbench101:C,0,[2200],1,1,0,1,1,1,1.0,1.0,1.0,1,1,0,1,1
qwen3.8-2.4t-a95b-fp8,poolact,tuning,cost_tight,naive,4,duplicate_action_attempts,count,,planned_analysis_unit; Audit_mean_once; pool_resources_N_sum_except_wall,task,hpobench:nasbench101:C,1,[2204],1,1,0,1,1,1,0.0,0.0,0.0,1,1,0,1,1
qwen3.8-2.4t-a95b-fp8,poolact,tuning,cost_tight,naive,4,duplicate_action_attempts,count,,planned_analysis_unit; Audit_mean_once; pool_resources_N_sum_except_wall,task,hpobench:nasbench101:C,2,[2208],1,1,0,1,1,1,0.0,0.0,0.0,1,1,0,1,1
qwen3.8-2.4t-a95b-fp8,poolact,tuning,cost_tight,naive,4,feedback_attempts,count,,planned_analysis_unit; Audit_mean_once; pool_resources_N_sum_except_wall,all,all,0,[2200],3,3,0,3,3,3,11.0,11.0,11.0,3,3,0,1,1
qwen3.8-2.4t-a95b-fp8,poolact,tuning,cost_tight,naive,4,feedback_attempts,count,,planned_analysis_unit; Audit_mean_once; pool_resources_N_sum_except_wall,all,all,1,[2204],3,3,0,3,3,3,14.0,14.0,14.0,3,3,0,1,1
qwen3.8-2.4t-a95b-fp8,poolact,tuning,cost_tight,naive,4,feedback_attempts,count,,planned_analysis_unit; Audit_mean_once; pool_resources_N_sum_except_wall,all,all,2,[2208],3,3,0,3,3,3,11.333333333333334,11.333333333333334,11.333333333333334,3,3,0,1,1
qwen3.8-2.4t-a95b-fp8,poolact,tuning,cost_tight,naive,4,feedback_attempts,count,,planned_analysis_unit; Audit_mean_once; pool_resources_N_sum_except_wall,family,nasbench101,0,[2200],3,3,0,3,3,3,11.0,11.0,11.0,3,3,0,1,1
qwen3.8-2.4t-a95b-fp8,poolact,tuning,cost_tight,naive,4,feedback_attempts,count,,planned_analysis_unit; Audit_mean_once; pool_resources_N_sum_except_wall,family,nasbench101,1,[2204],3,3,0,3,3,3,14.0,14.0,14.0,3,3,0,1,1
qwen3.8-2.4t-a95b-fp8,poolact,tuning,cost_tight,naive,4,feedback_attempts,count,,planned_analysis_unit; Audit_mean_once; pool_resources_N_sum_except_wall,family,nasbench101,2,[2208],3,3,0,3,3,3,11.333333333333334,11.333333333333334,11.333333333333334,3,3,0,1,1
qwen3.8-2.4t-a95b-fp8,poolact,tuning,cost_tight,naive,4,feedback_attempts,count,,planned_analysis_unit; Audit_mean_once; pool_resources_N_sum_except_wall,task,hpobench:nasbench101:A,0,[2200],1,1,0,1,1,1,6.0,6.0,6.0,1,1,0,1,1
qwen3.8-2.4t-a95b-fp8,poolact,tuning,cost_tight,naive,4,feedback_attempts,count,,planned_analysis_unit; Audit_mean_once; pool_resources_N_sum_except_wall,task,hpobench:nasbench101:A,1,[2204],1,1,0,1,1,1,9.0,9.0,9.0,1,1,0,1,1
qwen3.8-2.4t-a95b-fp8,poolact,tuning,cost_tight,naive,4,feedback_attempts,count,,planned_analysis_unit; Audit_mean_once; pool_resources_N_sum_except_wall,task,hpobench:nasbench101:A,2,[2208],1,1,0,1,1,1,6.0,6.0,6.0,1,1,0,1,1
qwen3.8-2.4t-a95b-fp8,poolact,tuning,cost_tight,naive,4,feedback_attempts,count,,planned_analysis_unit; Audit_mean_once; pool_resources_N_sum_except_wall,task,hpobench:nasbench101:B,0,[2200],1,1,0,1,1,1,15.0,15.0,15.0,1,1,0,1,1
qwen3.8-2.4t-a95b-fp8,poolact,tuning,cost_tight,naive,4,feedback_attempts,count,,planned_analysis_unit; Audit_mean_once; pool_resources_N_sum_except_wall,task,hpobench:nasbench101:B,1,[2204],1,1,0,1,1,1,15.0,15.0,15.0,1,1,0,1,1
qwen3.8-2.4t-a95b-fp8,poolact,tuning,cost_tight,naive,4,feedback_attempts,count,,planned_analysis_unit; Audit_mean_once; pool_resources_N_sum_except_wall,task,hpobench:nasbench101:B,2,[2208],1,1,0,1,1,1,12.0,12.0,12.0,1,1,0,1,1
qwen3.8-2.4t-a95b-fp8,poolact,tuning,cost_tight,naive,4,feedback_attempts,count,,planned_analysis_unit; Audit_mean_once; pool_resources_N_sum_except_wall,task,hpobench:nasbench101:C,0,[2200],1,1,0,1,1,1,12.0,12.0,12.0,1,1,0,1,1
qwen3.8-2.4t-a95b-fp8,poolact,tuning,cost_tight,naive,4,feedback_attempts,count,,planned_analysis_unit; Audit_mean_once; pool_resources_N_sum_except_wall,task,hpobench:nasbench101:C,1,[2204],1,1,0,1,1,1,18.0,18.0,18.0,1,1,0,1,1
qwen3.8-2.4t-a95b-fp8,poolact,tuning,cost_tight,naive,4,feedback_attempts,count,,planned_analysis_unit; Audit_mean_once; pool_resources_N_sum_except_wall,task,hpobench:nasbench101:C,2,[2208],1,1,0,1,1,1,16.0,16.0,16.0,1,1,0,1,1
qwen3.8-2.4t-a95b-fp8,poolact,tuning,cost_tight,naive,4,feedback_cost_seconds,seconds,,planned_analysis_unit; Audit_mean_once; pool_resources_N_sum_except_wall,all,all,0,[2200],3,3,0,3,3,3,110199.14613850911,110199.14613850911,110199.14613850911,3,3,0,1,1
qwen3.8-2.4t-a95b-fp8,poolact,tuning,cost_tight,naive,4,feedback_cost_seconds,seconds,,planned_analysis_unit; Audit_mean_once; pool_resources_N_sum_except_wall,all,all,1,[2204],3,3,0,3,3,3,107791.638671875,107791.638671875,107791.638671875,3,3,0,1,1
qwen3.8-2.4t-a95b-fp8,poolact,tuning,cost_tight,naive,4,feedback_cost_seconds,seconds,,planned_analysis_unit; Audit_mean_once; pool_resources_N_sum_except_wall,all,all,2,[2208],3,3,0,3,3,3,121174.92114257812,121174.92114257812,121174.92114257812,3,3,0,1,1
qwen3.8-2.4t-a95b-fp8,poolact,tuning,cost_tight,naive,4,feedback_cost_seconds,seconds,,planned_analysis_unit; Audit_mean_once; pool_resources_N_sum_except_wall,family,nasbench101,0,[2200],3,3,0,3,3,3,110199.14613850911,110199.14613850911,110199.14613850911,3,3,0,1,1
qwen3.8-2.4t-a95b-fp8,poolact,tuning,cost_tight,naive,4,feedback_cost_seconds,seconds,,planned_analysis_unit; Audit_mean_once; pool_resources_N_sum_except_wall,family,nasbench101,1,[2204],3,3,0,3,3,3,107791.638671875,107791.638671875,107791.638671875,3,3,0,1,1
qwen3.8-2.4t-a95b-fp8,poolact,tuning,cost_tight,naive,4,feedback_cost_seconds,seconds,,planned_analysis_unit; Audit_mean_once; pool_resources_N_sum_except_wall,family,nasbench101,2,[2208],3,3,0,3,3,3,121174.92114257812,121174.92114257812,121174.92114257812,3,3,0,1,1
qwen3.8-2.4t-a95b-fp8,poolact,tuning,cost_tight,naive,4,feedback_cost_seconds,seconds,,planned_analysis_unit; Audit_mean_once; pool_resources_N_sum_except_wall,task,hpobench:nasbench101:A,0,[2200],1,1,0,1,1,1,60854.41259765625,60854.41259765625,60854.41259765625,1,1,0,1,1
qwen3.8-2.4t-a95b-fp8,poolact,tuning,cost_tight,naive,4,feedback_cost_seconds,seconds,,planned_analysis_unit; Audit_mean_once; pool_resources_N_sum_except_wall,task,hpobench:nasbench101:A,1,[2204],1,1,0,1,1,1,62818.89465332031,62818.89465332031,62818.89465332031,1,1,0,1,1
qwen3.8-2.4t-a95b-fp8,poolact,tuning,cost_tight,naive,4,feedback_cost_seconds,seconds,,planned_analysis_unit; Audit_mean_once; pool_resources_N_sum_except_wall,task,hpobench:nasbench101:A,2,[2208],1,1,0,1,1,1,89941.16357421875,89941.16357421875,89941.16357421875,1,1,0,1,1
qwen3.8-2.4t-a95b-fp8,poolact,tuning,cost_tight,naive,4,feedback_cost_seconds,seconds,,planned_analysis_unit; Audit_mean_once; pool_resources_N_sum_except_wall,task,hpobench:nasbench101:B,0,[2200],1,1,0,1,1,1,130966.67462158203,130966.67462158203,130966.67462158203,1,1,0,1,1
qwen3.8-2.4t-a95b-fp8,poolact,tuning,cost_tight,naive,4,feedback_cost_seconds,seconds,,planned_analysis_unit; Audit_mean_once; pool_resources_N_sum_except_wall,task,hpobench:nasbench101:B,1,[2204],1,1,0,1,1,1,122645.21105957031,122645.21105957031,122645.21105957031,1,1,0,1,1
qwen3.8-2.4t-a95b-fp8,poolact,tuning,cost_tight,naive,4,feedback_cost_seconds,seconds,,planned_analysis_unit; Audit_mean_once; pool_resources_N_sum_except_wall,task,hpobench:nasbench101:B,2,[2208],1,1,0,1,1,1,148286.92504882812,148286.92504882812,148286.92504882812,1,1,0,1,1
qwen3.8-2.4t-a95b-fp8,poolact,tuning,cost_tight,naive,4,feedback_cost_seconds,seconds,,planned_analysis_unit; Audit_mean_once; pool_resources_N_sum_except_wall,task,hpobench:nasbench101:C,0,[2200],1,1,0,1,1,1,138776.35119628906,138776.35119628906,138776.35119628906,1,1,0,1,1
qwen3.8-2.4t-a95b-fp8,poolact,tuning,cost_tight,naive,4,feedback_cost_seconds,seconds,,planned_analysis_unit; Audit_mean_once; pool_resources_N_sum_except_wall,task,hpobench:nasbench101:C,1,[2204],1,1,0,1,1,1,137910.81030273438,137910.81030273438,137910.81030273438,1,1,0,1,1
qwen3.8-2.4t-a95b-fp8,poolact,tuning,cost_tight,naive,4,feedback_cost_seconds,seconds,,planned_analysis_unit; Audit_mean_once; pool_resources_N_sum_except_wall,task,hpobench:nasbench101:C,2,[2208],1,1,0,1,1,1,125296.6748046875,125296.6748046875,125296.6748046875,1,1,0,1,1
qwen3.8-2.4t-a95b-fp8,poolact,tuning,cost_tight,naive,4,feedback_visible,count,,planned_analysis_unit; Audit_mean_once; pool_resources_N_sum_except_wall,all,all,0,[2200],3,0,3,3,0,0,,,,3,0,3,1,1
qwen3.8-2.4t-a95b-fp8,poolact,tuning,cost_tight,naive,4,feedback_visible,count,,planned_analysis_unit; Audit_mean_once; pool_resources_N_sum_except_wall,all,all,1,[2204],3,0,3,3,0,0,,,,3,0,3,1,1
qwen3.8-2.4t-a95b-fp8,poolact,tuning,cost_tight,naive,4,feedback_visible,count,,planned_analysis_unit; Audit_mean_once; pool_resources_N_sum_except_wall,all,all,2,[2208],3,0,3,3,0,0,,,,3,0,3,1,1
qwen3.8-2.4t-a95b-fp8,poolact,tuning,cost_tight,naive,4,feedback_visible,count,,planned_analysis_unit; Audit_mean_once; pool_resources_N_sum_except_wall,family,nasbench101,0,[2200],3,0,3,3,0,0,,,,3,0,3,1,1
qwen3.8-2.4t-a95b-fp8,poolact,tuning,cost_tight,naive,4,feedback_visible,count,,planned_analysis_unit; Audit_mean_once; pool_resources_N_sum_except_wall,family,nasbench101,1,[2204],3,0,3,3,0,0,,,,3,0,3,1,1
qwen3.8-2.4t-a95b-fp8,poolact,tuning,cost_tight,naive,4,feedback_visible,count,,planned_analysis_unit; Audit_mean_once; pool_resources_N_sum_except_wall,family,nasbench101,2,[2208],3,0,3,3,0,0,,,,3,0,3,1,1
qwen3.8-2.4t-a95b-fp8,poolact,tuning,cost_tight,naive,4,feedback_visible,count,,planned_analysis_unit; Audit_mean_once; pool_resources_N_sum_except_wall,task,hpobench:nasbench101:A,0,[2200],1,0,1,1,0,0,,,,1,0,1,1,1
qwen3.8-2.4t-a95b-fp8,poolact,tuning,cost_tight,naive,4,feedback_visible,count,,planned_analysis_unit; Audit_mean_once; pool_resources_N_sum_except_wall,task,hpobench:nasbench101:A,1,[2204],1,0,1,1,0,0,,,,1,0,1,1,1
qwen3.8-2.4t-a95b-fp8,poolact,tuning,cost_tight,naive,4,feedback_visible,count,,planned_analysis_unit; Audit_mean_once; pool_resources_N_sum_except_wall,task,hpobench:nasbench101:A,2,[2208],1,0,1,1,0,0,,,,1,0,1,1,1
qwen3.8-2.4t-a95b-fp8,poolact,tuning,cost_tight,naive,4,feedback_visible,count,,planned_analysis_unit; Audit_mean_once; pool_resources_N_sum_except_wall,task,hpobench:nasbench101:B,0,[2200],1,0,1,1,0,0,,,,1,0,1,1,1
qwen3.8-2.4t-a95b-fp8,poolact,tuning,cost_tight,naive,4,feedback_visible,count,,planned_analysis_unit; Audit_mean_once; pool_resources_N_sum_except_wall,task,hpobench:nasbench101:B,1,[2204],1,0,1,1,0,0,,,,1,0,1,1,1
qwen3.8-2.4t-a95b-fp8,poolact,tuning,cost_tight,naive,4,feedback_visible,count,,planned_analysis_unit; Audit_mean_once; pool_resources_N_sum_except_wall,task,hpobench:nasbench101:B,2,[2208],1,0,1,1,0,0,,,,1,0,1,1,1
qwen3.8-2.4t-a95b-fp8,poolact,tuning,cost_tight,naive,4,feedback_visible,count,,planned_analysis_unit; Audit_mean_once; pool_resources_N_sum_except_wall,task,hpobench:nasbench101:C,0,[2200],1,0,1,1,0,0,,,,1,0,1,1,1
qwen3.8-2.4t-a95b-fp8,poolact,tuning,cost_tight,naive,4,feedback_visible,count,,planned_analysis_unit; Audit_mean_once; pool_resources_N_sum_except_wall,task,hpobench:nasbench101:C,1,[2204],1,0,1,1,0,0,,,,1,0,1,1,1
qwen3.8-2.4t-a95b-fp8,poolact,tuning,cost_tight,naive,4,feedback_visible,count,,planned_analysis_unit; Audit_mean_once; pool_resources_N_sum_except_wall,task,hpobench:nasbench101:C,2,[2208],1,0,1,1,0,0,,,,1,0,1,1,1
qwen3.8-2.4t-a95b-fp8,poolact,tuning,cost_tight,naive,4,gap_bon,Gap points,True,planned_analysis_unit; Audit_mean_once; pool_resources_N_sum_except_wall,all,all,0,[2200],3,3,0,3,3,3,98.69090310204045,98.69090310204045,98.69090310204045,3,3,0,1,1
qwen3.8-2.4t-a95b-fp8,poolact,tuning,cost_tight,naive,4,gap_bon,Gap points,True,planned_analysis_unit; Audit_mean_once; pool_resources_N_sum_except_wall,all,all,1,[2204],3,3,0,3,3,3,97.96661763722447,97.96661763722447,97.96661763722447,3,3,0,1,1
qwen3.8-2.4t-a95b-fp8,poolact,tuning,cost_tight,naive,4,gap_bon,Gap points,True,planned_analysis_unit; Audit_mean_once; pool_resources_N_sum_except_wall,all,all,2,[2208],3,3,0,3,3,3,98.9153422563196,98.9153422563196,98.9153422563196,3,3,0,1,1
qwen3.8-2.4t-a95b-fp8,poolact,tuning,cost_tight,naive,4,gap_bon,Gap points,True,planned_analysis_unit; Audit_mean_once; pool_resources_N_sum_except_wall,family,nasbench101,0,[2200],3,3,0,3,3,3,98.69090310204045,98.69090310204045,98.69090310204045,3,3,0,1,1
qwen3.8-2.4t-a95b-fp8,poolact,tuning,cost_tight,naive,4,gap_bon,Gap points,True,planned_analysis_unit; Audit_mean_once; pool_resources_N_sum_except_wall,family,nasbench101,1,[2204],3,3,0,3,3,3,97.96661763722447,97.96661763722447,97.96661763722447,3,3,0,1,1
qwen3.8-2.4t-a95b-fp8,poolact,tuning,cost_tight,naive,4,gap_bon,Gap points,True,planned_analysis_unit; Audit_mean_once; pool_resources_N_sum_except_wall,family,nasbench101,2,[2208],3,3,0,3,3,3,98.9153422563196,98.9153422563196,98.9153422563196,3,3,0,1,1
qwen3.8-2.4t-a95b-fp8,poolact,tuning,cost_tight,naive,4,gap_bon,Gap points,True,planned_analysis_unit; Audit_mean_once; pool_resources_N_sum_except_wall,task,hpobench:nasbench101:A,0,[2200],1,1,0,1,1,1,98.879898760031,98.879898760031,98.879898760031,1,1,0,1,1
qwen3.8-2.4t-a95b-fp8,poolact,tuning,cost_tight,naive,4,gap_bon,Gap points,True,planned_analysis_unit; Audit_mean_once; pool_resources_N_sum_except_wall,task,hpobench:nasbench101:A,1,[2204],1,1,0,1,1,1,98.96532930097483,98.96532930097483,98.96532930097483,1,1,0,1,1
qwen3.8-2.4t-a95b-fp8,poolact,tuning,cost_tight,naive,4,gap_bon,Gap points,True,planned_analysis_unit; Audit_mean_once; pool_resources_N_sum_except_wall,task,hpobench:nasbench101:A,2,[2208],1,1,0,1,1,1,99.8054080553818,99.8054080553818,99.8054080553818,1,1,0,1,1
qwen3.8-2.4t-a95b-fp8,poolact,tuning,cost_tight,naive,4,gap_bon,Gap points,True,planned_analysis_unit; Audit_mean_once; pool_resources_N_sum_except_wall,task,hpobench:nasbench101:B,0,[2200],1,1,0,1,1,1,97.340489112619,97.340489112619,97.340489112619,1,1,0,1,1
qwen3.8-2.4t-a95b-fp8,poolact,tuning,cost_tight,naive,4,gap_bon,Gap points,True,planned_analysis_unit; Audit_mean_once; pool_resources_N_sum_except_wall,task,hpobench:nasbench101:B,1,[2204],1,1,0,1,1,1,96.2400077633226,96.2400077633226,96.2400077633226,1,1,0,1,1
qwen3.8-2.4t-a95b-fp8,poolact,tuning,cost_tight,naive,4,gap_bon,Gap points,True,planned_analysis_unit; Audit_mean_once; pool_resources_N_sum_except_wall,task,hpobench:nasbench101:B,2,[2208],1,1,0,1,1,1,97.41909937832139,97.41909937832139,97.41909937832139,1,1,0,1,1
qwen3.8-2.4t-a95b-fp8,poolact,tuning,cost_tight,naive,4,gap_bon,Gap points,True,planned_analysis_unit; Audit_mean_once; pool_resources_N_sum_except_wall,task,hpobench:nasbench101:C,0,[2200],1,1,0,1,1,1,99.85232143347135,99.85232143347135,99.85232143347135,1,1,0,1,1
qwen3.8-2.4t-a95b-fp8,poolact,tuning,cost_tight,naive,4,gap_bon,Gap points,True,planned_analysis_unit; Audit_mean_once; pool_resources_N_sum_except_wall,task,hpobench:nasbench101:C,1,[2204],1,1,0,1,1,1,98.69451584737595,98.69451584737595,98.69451584737595,1,1,0,1,1
qwen3.8-2.4t-a95b-fp8,poolact,tuning,cost_tight,naive,4,gap_bon,Gap points,True,planned_analysis_unit; Audit_mean_once; pool_resources_N_sum_except_wall,task,hpobench:nasbench101:C,2,[2208],1,1,0,1,1,1,99.52151933525563,99.52151933525563,99.52151933525563,1,1,0,1,1
qwen3.8-2.4t-a95b-fp8,poolact,tuning,cost_tight,naive,4,gap_mi,Gap points,True,planned_analysis_unit; Audit_mean_once; pool_resources_N_sum_except_wall,all,all,0,[2200],3,3,0,3,3,3,93.24995664018081,93.24995664018081,93.24995664018081,3,3,0,1,1
qwen3.8-2.4t-a95b-fp8,poolact,tuning,cost_tight,naive,4,gap_mi,Gap points,True,planned_analysis_unit; Audit_mean_once; pool_resources_N_sum_except_wall,all,all,1,[2204],3,3,0,3,3,3,86.2710819285636,86.2710819285636,86.2710819285636,3,3,0,1,1
qwen3.8-2.4t-a95b-fp8,poolact,tuning,cost_tight,naive,4,gap_mi,Gap points,True,planned_analysis_unit; Audit_mean_once; pool_resources_N_sum_except_wall,all,all,2,[2208],3,3,0,3,3,3,92.34223228072729,92.34223228072729,92.34223228072729,3,3,0,1,1
qwen3.8-2.4t-a95b-fp8,poolact,tuning,cost_tight,naive,4,gap_mi,Gap points,True,planned_analysis_unit; Audit_mean_once; pool_resources_N_sum_except_wall,family,nasbench101,0,[2200],3,3,0,3,3,3,93.24995664018081,93.24995664018081,93.24995664018081,3,3,0,1,1
qwen3.8-2.4t-a95b-fp8,poolact,tuning,cost_tight,naive,4,gap_mi,Gap points,True,planned_analysis_unit; Audit_mean_once; pool_resources_N_sum_except_wall,family,nasbench101,1,[2204],3,3,0,3,3,3,86.2710819285636,86.2710819285636,86.2710819285636,3,3,0,1,1
qwen3.8-2.4t-a95b-fp8,poolact,tuning,cost_tight,naive,4,gap_mi,Gap points,True,planned_analysis_unit; Audit_mean_once; pool_resources_N_sum_except_wall,family,nasbench101,2,[2208],3,3,0,3,3,3,92.34223228072729,92.34223228072729,92.34223228072729,3,3,0,1,1
qwen3.8-2.4t-a95b-fp8,poolact,tuning,cost_tight,naive,4,gap_mi,Gap points,True,planned_analysis_unit; Audit_mean_once; pool_resources_N_sum_except_wall,task,hpobench:nasbench101:A,0,[2200],1,1,0,1,1,1,93.15835160299524,93.15835160299524,93.15835160299524,1,1,0,1,1
qwen3.8-2.4t-a95b-fp8,poolact,tuning,cost_tight,naive,4,gap_mi,Gap points,True,planned_analysis_unit; Audit_mean_once; pool_resources_N_sum_except_wall,task,hpobench:nasbench101:A,1,[2204],1,1,0,1,1,1,72.14634681007337,72.14634681007337,72.14634681007337,1,1,0,1,1
qwen3.8-2.4t-a95b-fp8,poolact,tuning,cost_tight,naive,4,gap_mi,Gap points,True,planned_analysis_unit; Audit_mean_once; pool_resources_N_sum_except_wall,task,hpobench:nasbench101:A,2,[2208],1,1,0,1,1,1,91.39276496545256,91.39276496545256,91.39276496545256,1,1,0,1,1
qwen3.8-2.4t-a95b-fp8,poolact,tuning,cost_tight,naive,4,gap_mi,Gap points,True,planned_analysis_unit; Audit_mean_once; pool_resources_N_sum_except_wall,task,hpobench:nasbench101:B,0,[2200],1,1,0,1,1,1,87.37717198256482,87.37717198256482,87.37717198256482,1,1,0,1,1
qwen3.8-2.4t-a95b-fp8,poolact,tuning,cost_tight,naive,4,gap_mi,Gap points,True,planned_analysis_unit; Audit_mean_once; pool_resources_N_sum_except_wall,task,hpobench:nasbench101:B,1,[2204],1,1,0,1,1,1,89.73863161483958,89.73863161483958,89.73863161483958,1,1,0,1,1
qwen3.8-2.4t-a95b-fp8,poolact,tuning,cost_tight,naive,4,gap_mi,Gap points,True,planned_analysis_unit; Audit_mean_once; pool_resources_N_sum_except_wall,task,hpobench:nasbench101:B,2,[2208],1,1,0,1,1,1,90.16769023405338,90.16769023405338,90.16769023405338,1,1,0,1,1
qwen3.8-2.4t-a95b-fp8,poolact,tuning,cost_tight,naive,4,gap_mi,Gap points,True,planned_analysis_unit; Audit_mean_once; pool_resources_N_sum_except_wall,task,hpobench:nasbench101:C,0,[2200],1,1,0,1,1,1,99.21434633498235,99.21434633498235,99.21434633498235,1,1,0,1,1
qwen3.8-2.4t-a95b-fp8,poolact,tuning,cost_tight,naive,4,gap_mi,Gap points,True,planned_analysis_unit; Audit_mean_once; pool_resources_N_sum_except_wall,task,hpobench:nasbench101:C,1,[2204],1,1,0,1,1,1,96.92826736077788,96.92826736077788,96.92826736077788,1,1,0,1,1
qwen3.8-2.4t-a95b-fp8,poolact,tuning,cost_tight,naive,4,gap_mi,Gap points,True,planned_analysis_unit; Audit_mean_once; pool_resources_N_sum_except_wall,task,hpobench:nasbench101:C,2,[2208],1,1,0,1,1,1,95.46624164267591,95.46624164267591,95.46624164267591,1,1,0,1,1
qwen3.8-2.4t-a95b-fp8,poolact,tuning,cost_tight,naive,4,input_tokens,tokens,,planned_analysis_unit; Audit_mean_once; pool_resources_N_sum_except_wall,all,all,0,[2200],3,3,0,3,3,3,127310.66666666667,127310.66666666667,127310.66666666667,3,3,0,1,1
qwen3.8-2.4t-a95b-fp8,poolact,tuning,cost_tight,naive,4,input_tokens,tokens,,planned_analysis_unit; Audit_mean_once; pool_resources_N_sum_except_wall,all,all,1,[2204],3,3,0,3,3,3,141715.33333333334,141715.33333333334,141715.33333333334,3,3,0,1,1
qwen3.8-2.4t-a95b-fp8,poolact,tuning,cost_tight,naive,4,input_tokens,tokens,,planned_analysis_unit; Audit_mean_once; pool_resources_N_sum_except_wall,all,all,2,[2208],3,3,0,3,3,3,119317.0,119317.0,119317.0,3,3,0,1,1
qwen3.8-2.4t-a95b-fp8,poolact,tuning,cost_tight,naive,4,input_tokens,tokens,,planned_analysis_unit; Audit_mean_once; pool_resources_N_sum_except_wall,family,nasbench101,0,[2200],3,3,0,3,3,3,127310.66666666667,127310.66666666667,127310.66666666667,3,3,0,1,1
qwen3.8-2.4t-a95b-fp8,poolact,tuning,cost_tight,naive,4,input_tokens,tokens,,planned_analysis_unit; Audit_mean_once; pool_resources_N_sum_except_wall,family,nasbench101,1,[2204],3,3,0,3,3,3,141715.33333333334,141715.33333333334,141715.33333333334,3,3,0,1,1
qwen3.8-2.4t-a95b-fp8,poolact,tuning,cost_tight,naive,4,input_tokens,tokens,,planned_analysis_unit; Audit_mean_once; pool_resources_N_sum_except_wall,family,nasbench101,2,[2208],3,3,0,3,3,3,119317.0,119317.0,119317.0,3,3,0,1,1
qwen3.8-2.4t-a95b-fp8,poolact,tuning,cost_tight,naive,4,input_tokens,tokens,,planned_analysis_unit; Audit_mean_once; pool_resources_N_sum_except_wall,task,hpobench:nasbench101:A,0,[2200],1,1,0,1,1,1,68763.0,68763.0,68763.0,1,1,0,1,1
qwen3.8-2.4t-a95b-fp8,poolact,tuning,cost_tight,naive,4,input_tokens,tokens,,planned_analysis_unit; Audit_mean_once; pool_resources_N_sum_except_wall,task,hpobench:nasbench101:A,1,[2204],1,1,0,1,1,1,89303.0,89303.0,89303.0,1,1,0,1,1
qwen3.8-2.4t-a95b-fp8,poolact,tuning,cost_tight,naive,4,input_tokens,tokens,,planned_analysis_unit; Audit_mean_once; pool_resources_N_sum_except_wall,task,hpobench:nasbench101:A,2,[2208],1,1,0,1,1,1,42134.0,42134.0,42134.0,1,1,0,1,1
qwen3.8-2.4t-a95b-fp8,poolact,tuning,cost_tight,naive,4,input_tokens,tokens,,planned_analysis_unit; Audit_mean_once; pool_resources_N_sum_except_wall,task,hpobench:nasbench101:B,0,[2200],1,1,0,1,1,1,164120.0,164120.0,164120.0,1,1,0,1,1
qwen3.8-2.4t-a95b-fp8,poolact,tuning,cost_tight,naive,4,input_tokens,tokens,,planned_analysis_unit; Audit_mean_once; pool_resources_N_sum_except_wall,task,hpobench:nasbench101:B,1,[2204],1,1,0,1,1,1,149306.0,149306.0,149306.0,1,1,0,1,1
qwen3.8-2.4t-a95b-fp8,poolact,tuning,cost_tight,naive,4,input_tokens,tokens,,planned_analysis_unit; Audit_mean_once; pool_resources_N_sum_except_wall,task,hpobench:nasbench101:B,2,[2208],1,1,0,1,1,1,141517.0,141517.0,141517.0,1,1,0,1,1
qwen3.8-2.4t-a95b-fp8,poolact,tuning,cost_tight,naive,4,input_tokens,tokens,,planned_analysis_unit; Audit_mean_once; pool_resources_N_sum_except_wall,task,hpobench:nasbench101:C,0,[2200],1,1,0,1,1,1,149049.0,149049.0,149049.0,1,1,0,1,1
qwen3.8-2.4t-a95b-fp8,poolact,tuning,cost_tight,naive,4,input_tokens,tokens,,planned_analysis_unit; Audit_mean_once; pool_resources_N_sum_except_wall,task,hpobench:nasbench101:C,1,[2204],1,1,0,1,1,1,186537.0,186537.0,186537.0,1,1,0,1,1
qwen3.8-2.4t-a95b-fp8,poolact,tuning,cost_tight,naive,4,input_tokens,tokens,,planned_analysis_unit; Audit_mean_once; pool_resources_N_sum_except_wall,task,hpobench:nasbench101:C,2,[2208],1,1,0,1,1,1,174300.0,174300.0,174300.0,1,1,0,1,1
qwen3.8-2.4t-a95b-fp8,poolact,tuning,cost_tight,naive,4,output_tokens,tokens,,planned_analysis_unit; Audit_mean_once; pool_resources_N_sum_except_wall,all,all,0,[2200],3,3,0,3,3,3,36418.333333333336,36418.333333333336,36418.333333333336,3,3,0,1,1
qwen3.8-2.4t-a95b-fp8,poolact,tuning,cost_tight,naive,4,output_tokens,tokens,,planned_analysis_unit; Audit_mean_once; pool_resources_N_sum_except_wall,all,all,1,[2204],3,3,0,3,3,3,34801.0,34801.0,34801.0,3,3,0,1,1
qwen3.8-2.4t-a95b-fp8,poolact,tuning,cost_tight,naive,4,output_tokens,tokens,,planned_analysis_unit; Audit_mean_once; pool_resources_N_sum_except_wall,all,all,2,[2208],3,3,0,3,3,3,26909.666666666668,26909.666666666668,26909.666666666668,3,3,0,1,1
qwen3.8-2.4t-a95b-fp8,poolact,tuning,cost_tight,naive,4,output_tokens,tokens,,planned_analysis_unit; Audit_mean_once; pool_resources_N_sum_except_wall,family,nasbench101,0,[2200],3,3,0,3,3,3,36418.333333333336,36418.333333333336,36418.333333333336,3,3,0,1,1
qwen3.8-2.4t-a95b-fp8,poolact,tuning,cost_tight,naive,4,output_tokens,tokens,,planned_analysis_unit; Audit_mean_once; pool_resources_N_sum_except_wall,family,nasbench101,1,[2204],3,3,0,3,3,3,34801.0,34801.0,34801.0,3,3,0,1,1
qwen3.8-2.4t-a95b-fp8,poolact,tuning,cost_tight,naive,4,output_tokens,tokens,,planned_analysis_unit; Audit_mean_once; pool_resources_N_sum_except_wall,family,nasbench101,2,[2208],3,3,0,3,3,3,26909.666666666668,26909.666666666668,26909.666666666668,3,3,0,1,1
qwen3.8-2.4t-a95b-fp8,poolact,tuning,cost_tight,naive,4,output_tokens,tokens,,planned_analysis_unit; Audit_mean_once; pool_resources_N_sum_except_wall,task,hpobench:nasbench101:A,0,[2200],1,1,0,1,1,1,24044.0,24044.0,24044.0,1,1,0,1,1
qwen3.8-2.4t-a95b-fp8,poolact,tuning,cost_tight,naive,4,output_tokens,tokens,,planned_analysis_unit; Audit_mean_once; pool_resources_N_sum_except_wall,task,hpobench:nasbench101:A,1,[2204],1,1,0,1,1,1,30093.0,30093.0,30093.0,1,1,0,1,1
qwen3.8-2.4t-a95b-fp8,poolact,tuning,cost_tight,naive,4,output_tokens,tokens,,planned_analysis_unit; Audit_mean_once; pool_resources_N_sum_except_wall,task,hpobench:nasbench101:A,2,[2208],1,1,0,1,1,1,14138.0,14138.0,14138.0,1,1,0,1,1
qwen3.8-2.4t-a95b-fp8,poolact,tuning,cost_tight,naive,4,output_tokens,tokens,,planned_analysis_unit; Audit_mean_once; pool_resources_N_sum_except_wall,task,hpobench:nasbench101:B,0,[2200],1,1,0,1,1,1,34647.0,34647.0,34647.0,1,1,0,1,1
qwen3.8-2.4t-a95b-fp8,poolact,tuning,cost_tight,naive,4,output_tokens,tokens,,planned_analysis_unit; Audit_mean_once; pool_resources_N_sum_except_wall,task,hpobench:nasbench101:B,1,[2204],1,1,0,1,1,1,28457.0,28457.0,28457.0,1,1,0,1,1
qwen3.8-2.4t-a95b-fp8,poolact,tuning,cost_tight,naive,4,output_tokens,tokens,,planned_analysis_unit; Audit_mean_once; pool_resources_N_sum_except_wall,task,hpobench:nasbench101:B,2,[2208],1,1,0,1,1,1,26185.0,26185.0,26185.0,1,1,0,1,1
qwen3.8-2.4t-a95b-fp8,poolact,tuning,cost_tight,naive,4,output_tokens,tokens,,planned_analysis_unit; Audit_mean_once; pool_resources_N_sum_except_wall,task,hpobench:nasbench101:C,0,[2200],1,1,0,1,1,1,50564.0,50564.0,50564.0,1,1,0,1,1
qwen3.8-2.4t-a95b-fp8,poolact,tuning,cost_tight,naive,4,output_tokens,tokens,,planned_analysis_unit; Audit_mean_once; pool_resources_N_sum_except_wall,task,hpobench:nasbench101:C,1,[2204],1,1,0,1,1,1,45853.0,45853.0,45853.0,1,1,0,1,1
qwen3.8-2.4t-a95b-fp8,poolact,tuning,cost_tight,naive,4,output_tokens,tokens,,planned_analysis_unit; Audit_mean_once; pool_resources_N_sum_except_wall,task,hpobench:nasbench101:C,2,[2208],1,1,0,1,1,1,40406.0,40406.0,40406.0,1,1,0,1,1
qwen3.8-2.4t-a95b-fp8,poolact,tuning,cost_tight,naive,4,protocol_failure_rate,fraction,,planned_analysis_unit; Audit_mean_once; pool_resources_N_sum_except_wall,all,all,0,[2200],3,3,0,3,3,3,0.1206179441473559,0.1206179441473559,0.1206179441473559,3,3,0,1,1
qwen3.8-2.4t-a95b-fp8,poolact,tuning,cost_tight,naive,4,protocol_failure_rate,fraction,,planned_analysis_unit; Audit_mean_once; pool_resources_N_sum_except_wall,all,all,1,[2204],3,3,0,3,3,3,0.07004830917874395,0.07004830917874395,0.07004830917874395,3,3,0,1,1
qwen3.8-2.4t-a95b-fp8,poolact,tuning,cost_tight,naive,4,protocol_failure_rate,fraction,,planned_analysis_unit; Audit_mean_once; pool_resources_N_sum_except_wall,all,all,2,[2208],3,3,0,3,3,3,0.09696969696969697,0.09696969696969697,0.09696969696969697,3,3,0,1,1
qwen3.8-2.4t-a95b-fp8,poolact,tuning,cost_tight,naive,4,protocol_failure_rate,fraction,,planned_analysis_unit; Audit_mean_once; pool_resources_N_sum_except_wall,family,nasbench101,0,[2200],3,3,0,3,3,3,0.1206179441473559,0.1206179441473559,0.1206179441473559,3,3,0,1,1
qwen3.8-2.4t-a95b-fp8,poolact,tuning,cost_tight,naive,4,protocol_failure_rate,fraction,,planned_analysis_unit; Audit_mean_once; pool_resources_N_sum_except_wall,family,nasbench101,1,[2204],3,3,0,3,3,3,0.07004830917874395,0.07004830917874395,0.07004830917874395,3,3,0,1,1
qwen3.8-2.4t-a95b-fp8,poolact,tuning,cost_tight,naive,4,protocol_failure_rate,fraction,,planned_analysis_unit; Audit_mean_once; pool_resources_N_sum_except_wall,family,nasbench101,2,[2208],3,3,0,3,3,3,0.09696969696969697,0.09696969696969697,0.09696969696969697,3,3,0,1,1
qwen3.8-2.4t-a95b-fp8,poolact,tuning,cost_tight,naive,4,protocol_failure_rate,fraction,,planned_analysis_unit; Audit_mean_once; pool_resources_N_sum_except_wall,task,hpobench:nasbench101:A,0,[2200],1,1,0,1,1,1,0.16666666666666666,0.16666666666666666,0.16666666666666666,1,1,0,1,1
qwen3.8-2.4t-a95b-fp8,poolact,tuning,cost_tight,naive,4,protocol_failure_rate,fraction,,planned_analysis_unit; Audit_mean_once; pool_resources_N_sum_except_wall,task,hpobench:nasbench101:A,1,[2204],1,1,0,1,1,1,0.07142857142857142,0.07142857142857142,0.07142857142857142,1,1,0,1,1
qwen3.8-2.4t-a95b-fp8,poolact,tuning,cost_tight,naive,4,protocol_failure_rate,fraction,,planned_analysis_unit; Audit_mean_once; pool_resources_N_sum_except_wall,task,hpobench:nasbench101:A,2,[2208],1,1,0,1,1,1,0.09090909090909091,0.09090909090909091,0.09090909090909091,1,1,0,1,1
qwen3.8-2.4t-a95b-fp8,poolact,tuning,cost_tight,naive,4,protocol_failure_rate,fraction,,planned_analysis_unit; Audit_mean_once; pool_resources_N_sum_except_wall,task,hpobench:nasbench101:B,0,[2200],1,1,0,1,1,1,0.13636363636363635,0.13636363636363635,0.13636363636363635,1,1,0,1,1
qwen3.8-2.4t-a95b-fp8,poolact,tuning,cost_tight,naive,4,protocol_failure_rate,fraction,,planned_analysis_unit; Audit_mean_once; pool_resources_N_sum_except_wall,task,hpobench:nasbench101:B,1,[2204],1,1,0,1,1,1,0.09523809523809523,0.09523809523809523,0.09523809523809523,1,1,0,1,1
qwen3.8-2.4t-a95b-fp8,poolact,tuning,cost_tight,naive,4,protocol_failure_rate,fraction,,planned_analysis_unit; Audit_mean_once; pool_resources_N_sum_except_wall,task,hpobench:nasbench101:B,2,[2208],1,1,0,1,1,1,0.2,0.2,0.2,1,1,0,1,1
qwen3.8-2.4t-a95b-fp8,poolact,tuning,cost_tight,naive,4,protocol_failure_rate,fraction,,planned_analysis_unit; Audit_mean_once; pool_resources_N_sum_except_wall,task,hpobench:nasbench101:C,0,[2200],1,1,0,1,1,1,0.058823529411764705,0.058823529411764705,0.058823529411764705,1,1,0,1,1
qwen3.8-2.4t-a95b-fp8,poolact,tuning,cost_tight,naive,4,protocol_failure_rate,fraction,,planned_analysis_unit; Audit_mean_once; pool_resources_N_sum_except_wall,task,hpobench:nasbench101:C,1,[2204],1,1,0,1,1,1,0.043478260869565216,0.043478260869565216,0.043478260869565216,1,1,0,1,1
qwen3.8-2.4t-a95b-fp8,poolact,tuning,cost_tight,naive,4,protocol_failure_rate,fraction,,planned_analysis_unit; Audit_mean_once; pool_resources_N_sum_except_wall,task,hpobench:nasbench101:C,2,[2208],1,1,0,1,1,1,0.0,0.0,0.0,1,1,0,1,1
qwen3.8-2.4t-a95b-fp8,poolact,tuning,cost_tight,naive,4,raw_perf_bon,fraction,True,planned_analysis_unit; Audit_mean_once; pool_resources_N_sum_except_wall,all,all,0,[2200],3,3,0,3,3,3,0.9417067302597893,0.9417067302597893,0.9417067302597893,3,3,0,1,1
qwen3.8-2.4t-a95b-fp8,poolact,tuning,cost_tight,naive,4,raw_perf_bon,fraction,True,planned_analysis_unit; Audit_mean_once; pool_resources_N_sum_except_wall,all,all,1,[2204],3,3,0,3,3,3,0.9387909571329752,0.9387909571329752,0.9387909571329752,3,3,0,1,1
qwen3.8-2.4t-a95b-fp8,poolact,tuning,cost_tight,naive,4,raw_perf_bon,fraction,True,planned_analysis_unit; Audit_mean_once; pool_resources_N_sum_except_wall,all,all,2,[2208],3,3,0,3,3,3,0.9433204266760084,0.9433204266760084,0.9433204266760084,3,3,0,1,1
qwen3.8-2.4t-a95b-fp8,poolact,tuning,cost_tight,naive,4,raw_perf_bon,fraction,True,planned_analysis_unit; Audit_mean_once; pool_resources_N_sum_except_wall,family,nasbench101,0,[2200],3,3,0,3,3,3,0.9417067302597893,0.9417067302597893,0.9417067302597893,3,3,0,1,1
qwen3.8-2.4t-a95b-fp8,poolact,tuning,cost_tight,naive,4,raw_perf_bon,fraction,True,planned_analysis_unit; Audit_mean_once; pool_resources_N_sum_except_wall,family,nasbench101,1,[2204],3,3,0,3,3,3,0.9387909571329752,0.9387909571329752,0.9387909571329752,3,3,0,1,1
qwen3.8-2.4t-a95b-fp8,poolact,tuning,cost_tight,naive,4,raw_perf_bon,fraction,True,planned_analysis_unit; Audit_mean_once; pool_resources_N_sum_except_wall,family,nasbench101,2,[2208],3,3,0,3,3,3,0.9433204266760084,0.9433204266760084,0.9433204266760084,3,3,0,1,1
qwen3.8-2.4t-a95b-fp8,poolact,tuning,cost_tight,naive,4,raw_perf_bon,fraction,True,planned_analysis_unit; Audit_mean_once; pool_resources_N_sum_except_wall,task,hpobench:nasbench101:A,0,[2200],1,1,0,1,1,1,0.9382011294364929,0.9382011294364929,0.9382011294364929,1,1,0,1,1
qwen3.8-2.4t-a95b-fp8,poolact,tuning,cost_tight,naive,4,raw_perf_bon,fraction,True,planned_analysis_unit; Audit_mean_once; pool_resources_N_sum_except_wall,task,hpobench:nasbench101:A,1,[2204],1,1,0,1,1,1,0.9388020833333334,0.9388020833333334,0.9388020833333334,1,1,0,1,1
qwen3.8-2.4t-a95b-fp8,poolact,tuning,cost_tight,naive,4,raw_perf_bon,fraction,True,planned_analysis_unit; Audit_mean_once; pool_resources_N_sum_except_wall,task,hpobench:nasbench101:A,2,[2208],1,1,0,1,1,1,0.9447115461031595,0.9447115461031595,0.9447115461031595,1,1,0,1,1
qwen3.8-2.4t-a95b-fp8,poolact,tuning,cost_tight,naive,4,raw_perf_bon,fraction,True,planned_analysis_unit; Audit_mean_once; pool_resources_N_sum_except_wall,task,hpobench:nasbench101:B,0,[2200],1,1,0,1,1,1,0.9421741366386414,0.9421741366386414,0.9421741366386414,1,1,0,1,1
qwen3.8-2.4t-a95b-fp8,poolact,tuning,cost_tight,naive,4,raw_perf_bon,fraction,True,planned_analysis_unit; Audit_mean_once; pool_resources_N_sum_except_wall,task,hpobench:nasbench101:B,1,[2204],1,1,0,1,1,1,0.9393696586290995,0.9393696586290995,0.9393696586290995,1,1,0,1,1
qwen3.8-2.4t-a95b-fp8,poolact,tuning,cost_tight,naive,4,raw_perf_bon,fraction,True,planned_analysis_unit; Audit_mean_once; pool_resources_N_sum_except_wall,task,hpobench:nasbench101:B,2,[2208],1,1,0,1,1,1,0.9423744678497314,0.9423744678497314,0.9423744678497314,1,1,0,1,1
qwen3.8-2.4t-a95b-fp8,poolact,tuning,cost_tight,naive,4,raw_perf_bon,fraction,True,planned_analysis_unit; Audit_mean_once; pool_resources_N_sum_except_wall,task,hpobench:nasbench101:C,0,[2200],1,1,0,1,1,1,0.9447449247042338,0.9447449247042338,0.9447449247042338,1,1,0,1,1
qwen3.8-2.4t-a95b-fp8,poolact,tuning,cost_tight,naive,4,raw_perf_bon,fraction,True,planned_analysis_unit; Audit_mean_once; pool_resources_N_sum_except_wall,task,hpobench:nasbench101:C,1,[2204],1,1,0,1,1,1,0.9382011294364929,0.9382011294364929,0.9382011294364929,1,1,0,1,1
qwen3.8-2.4t-a95b-fp8,poolact,tuning,cost_tight,naive,4,raw_perf_bon,fraction,True,planned_analysis_unit; Audit_mean_once; pool_resources_N_sum_except_wall,task,hpobench:nasbench101:C,2,[2208],1,1,0,1,1,1,0.9428752660751343,0.9428752660751343,0.9428752660751343,1,1,0,1,1
qwen3.8-2.4t-a95b-fp8,poolact,tuning,cost_tight,naive,4,raw_perf_mi,fraction,True,planned_analysis_unit; Audit_mean_once; pool_resources_N_sum_except_wall,all,all,0,[2200],3,3,0,3,3,3,0.9186253547668457,0.9186253547668457,0.9186253547668457,3,3,0,1,1
qwen3.8-2.4t-a95b-fp8,poolact,tuning,cost_tight,naive,4,raw_perf_mi,fraction,True,planned_analysis_unit; Audit_mean_once; pool_resources_N_sum_except_wall,all,all,1,[2204],3,3,0,3,3,3,0.8468354907300736,0.8468354907300736,0.8468354907300736,3,3,0,1,1
qwen3.8-2.4t-a95b-fp8,poolact,tuning,cost_tight,naive,4,raw_perf_mi,fraction,True,planned_analysis_unit; Audit_mean_once; pool_resources_N_sum_except_wall,all,all,2,[2208],3,3,0,3,3,3,0.9097945623927646,0.9097945623927646,0.9097945623927646,3,3,0,1,1
qwen3.8-2.4t-a95b-fp8,poolact,tuning,cost_tight,naive,4,raw_perf_mi,fraction,True,planned_analysis_unit; Audit_mean_once; pool_resources_N_sum_except_wall,family,nasbench101,0,[2200],3,3,0,3,3,3,0.9186253547668457,0.9186253547668457,0.9186253547668457,3,3,0,1,1
qwen3.8-2.4t-a95b-fp8,poolact,tuning,cost_tight,naive,4,raw_perf_mi,fraction,True,planned_analysis_unit; Audit_mean_once; pool_resources_N_sum_except_wall,family,nasbench101,1,[2204],3,3,0,3,3,3,0.8468354907300736,0.8468354907300736,0.8468354907300736,3,3,0,1,1
qwen3.8-2.4t-a95b-fp8,poolact,tuning,cost_tight,naive,4,raw_perf_mi,fraction,True,planned_analysis_unit; Audit_mean_once; pool_resources_N_sum_except_wall,family,nasbench101,2,[2208],3,3,0,3,3,3,0.9097945623927646,0.9097945623927646,0.9097945623927646,3,3,0,1,1
qwen3.8-2.4t-a95b-fp8,poolact,tuning,cost_tight,naive,4,raw_perf_mi,fraction,True,planned_analysis_unit; Audit_mean_once; pool_resources_N_sum_except_wall,task,hpobench:nasbench101:A,0,[2200],1,1,0,1,1,1,0.8979533910751343,0.8979533910751343,0.8979533910751343,1,1,0,1,1
qwen3.8-2.4t-a95b-fp8,poolact,tuning,cost_tight,naive,4,raw_perf_mi,fraction,True,planned_analysis_unit; Audit_mean_once; pool_resources_N_sum_except_wall,task,hpobench:nasbench101:A,1,[2204],1,1,0,1,1,1,0.689486508568128,0.689486508568128,0.689486508568128,1,1,0,1,1
qwen3.8-2.4t-a95b-fp8,poolact,tuning,cost_tight,naive,4,raw_perf_mi,fraction,True,planned_analysis_unit; Audit_mean_once; pool_resources_N_sum_except_wall,task,hpobench:nasbench101:A,2,[2208],1,1,0,1,1,1,0.8855335215727488,0.8855335215727488,0.8855335215727488,1,1,0,1,1
qwen3.8-2.4t-a95b-fp8,poolact,tuning,cost_tight,naive,4,raw_perf_mi,fraction,True,planned_analysis_unit; Audit_mean_once; pool_resources_N_sum_except_wall,task,hpobench:nasbench101:B,0,[2200],1,1,0,1,1,1,0.9167835166056951,0.9167835166056951,0.9167835166056951,1,1,0,1,1
qwen3.8-2.4t-a95b-fp8,poolact,tuning,cost_tight,naive,4,raw_perf_mi,fraction,True,planned_analysis_unit; Audit_mean_once; pool_resources_N_sum_except_wall,task,hpobench:nasbench101:B,1,[2204],1,1,0,1,1,1,0.9228014846642811,0.9228014846642811,0.9228014846642811,1,1,0,1,1
qwen3.8-2.4t-a95b-fp8,poolact,tuning,cost_tight,naive,4,raw_perf_mi,fraction,True,planned_analysis_unit; Audit_mean_once; pool_resources_N_sum_except_wall,task,hpobench:nasbench101:B,2,[2208],1,1,0,1,1,1,0.9238949020703634,0.9238949020703634,0.9238949020703634,1,1,0,1,1
qwen3.8-2.4t-a95b-fp8,poolact,tuning,cost_tight,naive,4,raw_perf_mi,fraction,True,planned_analysis_unit; Audit_mean_once; pool_resources_N_sum_except_wall,task,hpobench:nasbench101:C,0,[2200],1,1,0,1,1,1,0.9411391566197077,0.9411391566197077,0.9411391566197077,1,1,0,1,1
qwen3.8-2.4t-a95b-fp8,poolact,tuning,cost_tight,naive,4,raw_perf_mi,fraction,True,planned_analysis_unit; Audit_mean_once; pool_resources_N_sum_except_wall,task,hpobench:nasbench101:C,1,[2204],1,1,0,1,1,1,0.928218478957812,0.928218478957812,0.928218478957812,1,1,0,1,1
qwen3.8-2.4t-a95b-fp8,poolact,tuning,cost_tight,naive,4,raw_perf_mi,fraction,True,planned_analysis_unit; Audit_mean_once; pool_resources_N_sum_except_wall,task,hpobench:nasbench101:C,2,[2208],1,1,0,1,1,1,0.9199552635351816,0.9199552635351816,0.9199552635351816,1,1,0,1,1
qwen3.8-2.4t-a95b-fp8,poolact,tuning,cost_tight,naive,4,wall_time_seconds,seconds,,planned_analysis_unit; Audit_mean_once; pool_resources_N_sum_except_wall,all,all,0,[2200],3,0,3,3,0,0,,,,3,0,3,1,1
qwen3.8-2.4t-a95b-fp8,poolact,tuning,cost_tight,naive,4,wall_time_seconds,seconds,,planned_analysis_unit; Audit_mean_once; pool_resources_N_sum_except_wall,all,all,1,[2204],3,0,3,3,0,0,,,,3,0,3,1,1
qwen3.8-2.4t-a95b-fp8,poolact,tuning,cost_tight,naive,4,wall_time_seconds,seconds,,planned_analysis_unit; Audit_mean_once; pool_resources_N_sum_except_wall,all,all,2,[2208],3,0,3,3,0,0,,,,3,0,3,1,1
qwen3.8-2.4t-a95b-fp8,poolact,tuning,cost_tight,naive,4,wall_time_seconds,seconds,,planned_analysis_unit; Audit_mean_once; pool_resources_N_sum_except_wall,family,nasbench101,0,[2200],3,0,3,3,0,0,,,,3,0,3,1,1
qwen3.8-2.4t-a95b-fp8,poolact,tuning,cost_tight,naive,4,wall_time_seconds,seconds,,planned_analysis_unit; Audit_mean_once; pool_resources_N_sum_except_wall,family,nasbench101,1,[2204],3,0,3,3,0,0,,,,3,0,3,1,1
qwen3.8-2.4t-a95b-fp8,poolact,tuning,cost_tight,naive,4,wall_time_seconds,seconds,,planned_analysis_unit; Audit_mean_once; pool_resources_N_sum_except_wall,family,nasbench101,2,[2208],3,0,3,3,0,0,,,,3,0,3,1,1
qwen3.8-2.4t-a95b-fp8,poolact,tuning,cost_tight,naive,4,wall_time_seconds,seconds,,planned_analysis_unit; Audit_mean_once; pool_resources_N_sum_except_wall,task,hpobench:nasbench101:A,0,[2200],1,0,1,1,0,0,,,,1,0,1,1,1
qwen3.8-2.4t-a95b-fp8,poolact,tuning,cost_tight,naive,4,wall_time_seconds,seconds,,planned_analysis_unit; Audit_mean_once; pool_resources_N_sum_except_wall,task,hpobench:nasbench101:A,1,[2204],1,0,1,1,0,0,,,,1,0,1,1,1
qwen3.8-2.4t-a95b-fp8,poolact,tuning,cost_tight,naive,4,wall_time_seconds,seconds,,planned_analysis_unit; Audit_mean_once; pool_resources_N_sum_except_wall,task,hpobench:nasbench101:A,2,[2208],1,0,1,1,0,0,,,,1,0,1,1,1
qwen3.8-2.4t-a95b-fp8,poolact,tuning,cost_tight,naive,4,wall_time_seconds,seconds,,planned_analysis_unit; Audit_mean_once; pool_resources_N_sum_except_wall,task,hpobench:nasbench101:B,0,[2200],1,0,1,1,0,0,,,,1,0,1,1,1
qwen3.8-2.4t-a95b-fp8,poolact,tuning,cost_tight,naive,4,wall_time_seconds,seconds,,planned_analysis_unit; Audit_mean_once; pool_resources_N_sum_except_wall,task,hpobench:nasbench101:B,1,[2204],1,0,1,1,0,0,,,,1,0,1,1,1
qwen3.8-2.4t-a95b-fp8,poolact,tuning,cost_tight,naive,4,wall_time_seconds,seconds,,planned_analysis_unit; Audit_mean_once; pool_resources_N_sum_except_wall,task,hpobench:nasbench101:B,2,[2208],1,0,1,1,0,0,,,,1,0,1,1,1
qwen3.8-2.4t-a95b-fp8,poolact,tuning,cost_tight,naive,4,wall_time_seconds,seconds,,planned_analysis_unit; Audit_mean_once; pool_resources_N_sum_except_wall,task,hpobench:nasbench101:C,0,[2200],1,0,1,1,0,0,,,,1,0,1,1,1
qwen3.8-2.4t-a95b-fp8,poolact,tuning,cost_tight,naive,4,wall_time_seconds,seconds,,planned_analysis_unit; Audit_mean_once; pool_resources_N_sum_except_wall,task,hpobench:nasbench101:C,1,[2204],1,0,1,1,0,0,,,,1,0,1,1,1
qwen3.8-2.4t-a95b-fp8,poolact,tuning,cost_tight,naive,4,wall_time_seconds,seconds,,planned_analysis_unit; Audit_mean_once; pool_resources_N_sum_except_wall,task,hpobench:nasbench101:C,2,[2208],1,0,1,1,0,0,,,,1,0,1,1,1
qwen3.8-2.4t-a95b-fp8,poolact,tuning,cost_tight,poolact,4,budget_utilization,fraction,,planned_analysis_unit; Audit_mean_once; pool_resources_N_sum_except_wall,all,all,0,[2200],3,3,0,3,3,3,1.0193346293633303,1.0193346293633303,1.0193346293633303,3,3,0,1,1
qwen3.8-2.4t-a95b-fp8,poolact,tuning,cost_tight,poolact,4,budget_utilization,fraction,,planned_analysis_unit; Audit_mean_once; pool_resources_N_sum_except_wall,all,all,1,[2204],3,3,0,3,3,3,1.0654040117776902,1.0654040117776902,1.0654040117776902,3,3,0,1,1
qwen3.8-2.4t-a95b-fp8,poolact,tuning,cost_tight,poolact,4,budget_utilization,fraction,,planned_analysis_unit; Audit_mean_once; pool_resources_N_sum_except_wall,all,all,2,[2208],3,3,0,3,3,3,0.9986072658928764,0.9986072658928764,0.9986072658928764,3,3,0,1,1
qwen3.8-2.4t-a95b-fp8,poolact,tuning,cost_tight,poolact,4,budget_utilization,fraction,,planned_analysis_unit; Audit_mean_once; pool_resources_N_sum_except_wall,family,nasbench101,0,[2200],3,3,0,3,3,3,1.0193346293633303,1.0193346293633303,1.0193346293633303,3,3,0,1,1
qwen3.8-2.4t-a95b-fp8,poolact,tuning,cost_tight,poolact,4,budget_utilization,fraction,,planned_analysis_unit; Audit_mean_once; pool_resources_N_sum_except_wall,family,nasbench101,1,[2204],3,3,0,3,3,3,1.0654040117776902,1.0654040117776902,1.0654040117776902,3,3,0,1,1
qwen3.8-2.4t-a95b-fp8,poolact,tuning,cost_tight,poolact,4,budget_utilization,fraction,,planned_analysis_unit; Audit_mean_once; pool_resources_N_sum_except_wall,family,nasbench101,2,[2208],3,3,0,3,3,3,0.9986072658928764,0.9986072658928764,0.9986072658928764,3,3,0,1,1
qwen3.8-2.4t-a95b-fp8,poolact,tuning,cost_tight,poolact,4,budget_utilization,fraction,,planned_analysis_unit; Audit_mean_once; pool_resources_N_sum_except_wall,task,hpobench:nasbench101:A,0,[2200],1,1,0,1,1,1,1.0468811871189956,1.0468811871189956,1.0468811871189956,1,1,0,1,1
qwen3.8-2.4t-a95b-fp8,poolact,tuning,cost_tight,poolact,4,budget_utilization,fraction,,planned_analysis_unit; Audit_mean_once; pool_resources_N_sum_except_wall,task,hpobench:nasbench101:A,1,[2204],1,1,0,1,1,1,1.3002377396809195,1.3002377396809195,1.3002377396809195,1,1,0,1,1
qwen3.8-2.4t-a95b-fp8,poolact,tuning,cost_tight,poolact,4,budget_utilization,fraction,,planned_analysis_unit; Audit_mean_once; pool_resources_N_sum_except_wall,task,hpobench:nasbench101:A,2,[2208],1,1,0,1,1,1,1.263542663981795,1.263542663981795,1.263542663981795,1,1,0,1,1
qwen3.8-2.4t-a95b-fp8,poolact,tuning,cost_tight,poolact,4,budget_utilization,fraction,,planned_analysis_unit; Audit_mean_once; pool_resources_N_sum_except_wall,task,hpobench:nasbench101:B,0,[2200],1,1,0,1,1,1,1.0409513524990586,1.0409513524990586,1.0409513524990586,1,1,0,1,1
qwen3.8-2.4t-a95b-fp8,poolact,tuning,cost_tight,poolact,4,budget_utilization,fraction,,planned_analysis_unit; Audit_mean_once; pool_resources_N_sum_except_wall,task,hpobench:nasbench101:B,1,[2204],1,1,0,1,1,1,0.9329146503412735,0.9329146503412735,0.9329146503412735,1,1,0,1,1
qwen3.8-2.4t-a95b-fp8,poolact,tuning,cost_tight,poolact,4,budget_utilization,fraction,,planned_analysis_unit; Audit_mean_once; pool_resources_N_sum_except_wall,task,hpobench:nasbench101:B,2,[2208],1,1,0,1,1,1,0.9934662980506702,0.9934662980506702,0.9934662980506702,1,1,0,1,1
qwen3.8-2.4t-a95b-fp8,poolact,tuning,cost_tight,poolact,4,budget_utilization,fraction,,planned_analysis_unit; Audit_mean_once; pool_resources_N_sum_except_wall,task,hpobench:nasbench101:C,0,[2200],1,1,0,1,1,1,0.9701713484719368,0.9701713484719368,0.9701713484719368,1,1,0,1,1
qwen3.8-2.4t-a95b-fp8,poolact,tuning,cost_tight,poolact,4,budget_utilization,fraction,,planned_analysis_unit; Audit_mean_once; pool_resources_N_sum_except_wall,task,hpobench:nasbench101:C,1,[2204],1,1,0,1,1,1,0.9630596453108777,0.9630596453108777,0.9630596453108777,1,1,0,1,1
qwen3.8-2.4t-a95b-fp8,poolact,tuning,cost_tight,poolact,4,budget_utilization,fraction,,planned_analysis_unit; Audit_mean_once; pool_resources_N_sum_except_wall,task,hpobench:nasbench101:C,2,[2208],1,1,0,1,1,1,0.7388128356461641,0.7388128356461641,0.7388128356461641,1,1,0,1,1
qwen3.8-2.4t-a95b-fp8,poolact,tuning,cost_tight,poolact,4,duplicate_action_attempts,count,,planned_analysis_unit; Audit_mean_once; pool_resources_N_sum_except_wall,all,all,0,[2200],3,3,0,3,3,3,0.6666666666666666,0.6666666666666666,0.6666666666666666,3,3,0,1,1
qwen3.8-2.4t-a95b-fp8,poolact,tuning,cost_tight,poolact,4,duplicate_action_attempts,count,,planned_analysis_unit; Audit_mean_once; pool_resources_N_sum_except_wall,all,all,1,[2204],3,3,0,3,3,3,0.0,0.0,0.0,3,3,0,1,1
qwen3.8-2.4t-a95b-fp8,poolact,tuning,cost_tight,poolact,4,duplicate_action_attempts,count,,planned_analysis_unit; Audit_mean_once; pool_resources_N_sum_except_wall,all,all,2,[2208],3,3,0,3,3,3,0.0,0.0,0.0,3,3,0,1,1
qwen3.8-2.4t-a95b-fp8,poolact,tuning,cost_tight,poolact,4,duplicate_action_attempts,count,,planned_analysis_unit; Audit_mean_once; pool_resources_N_sum_except_wall,family,nasbench101,0,[2200],3,3,0,3,3,3,0.6666666666666666,0.6666666666666666,0.6666666666666666,3,3,0,1,1
qwen3.8-2.4t-a95b-fp8,poolact,tuning,cost_tight,poolact,4,duplicate_action_attempts,count,,planned_analysis_unit; Audit_mean_once; pool_resources_N_sum_except_wall,family,nasbench101,1,[2204],3,3,0,3,3,3,0.0,0.0,0.0,3,3,0,1,1
qwen3.8-2.4t-a95b-fp8,poolact,tuning,cost_tight,poolact,4,duplicate_action_attempts,count,,planned_analysis_unit; Audit_mean_once; pool_resources_N_sum_except_wall,family,nasbench101,2,[2208],3,3,0,3,3,3,0.0,0.0,0.0,3,3,0,1,1
qwen3.8-2.4t-a95b-fp8,poolact,tuning,cost_tight,poolact,4,duplicate_action_attempts,count,,planned_analysis_unit; Audit_mean_once; pool_resources_N_sum_except_wall,task,hpobench:nasbench101:A,0,[2200],1,1,0,1,1,1,1.0,1.0,1.0,1,1,0,1,1
qwen3.8-2.4t-a95b-fp8,poolact,tuning,cost_tight,poolact,4,duplicate_action_attempts,count,,planned_analysis_unit; Audit_mean_once; pool_resources_N_sum_except_wall,task,hpobench:nasbench101:A,1,[2204],1,1,0,1,1,1,0.0,0.0,0.0,1,1,0,1,1
qwen3.8-2.4t-a95b-fp8,poolact,tuning,cost_tight,poolact,4,duplicate_action_attempts,count,,planned_analysis_unit; Audit_mean_once; pool_resources_N_sum_except_wall,task,hpobench:nasbench101:A,2,[2208],1,1,0,1,1,1,0.0,0.0,0.0,1,1,0,1,1
qwen3.8-2.4t-a95b-fp8,poolact,tuning,cost_tight,poolact,4,duplicate_action_attempts,count,,planned_analysis_unit; Audit_mean_once; pool_resources_N_sum_except_wall,task,hpobench:nasbench101:B,0,[2200],1,1,0,1,1,1,0.0,0.0,0.0,1,1,0,1,1
qwen3.8-2.4t-a95b-fp8,poolact,tuning,cost_tight,poolact,4,duplicate_action_attempts,count,,planned_analysis_unit; Audit_mean_once; pool_resources_N_sum_except_wall,task,hpobench:nasbench101:B,1,[2204],1,1,0,1,1,1,0.0,0.0,0.0,1,1,0,1,1
qwen3.8-2.4t-a95b-fp8,poolact,tuning,cost_tight,poolact,4,duplicate_action_attempts,count,,planned_analysis_unit; Audit_mean_once; pool_resources_N_sum_except_wall,task,hpobench:nasbench101:B,2,[2208],1,1,0,1,1,1,0.0,0.0,0.0,1,1,0,1,1
qwen3.8-2.4t-a95b-fp8,poolact,tuning,cost_tight,poolact,4,duplicate_action_attempts,count,,planned_analysis_unit; Audit_mean_once; pool_resources_N_sum_except_wall,task,hpobench:nasbench101:C,0,[2200],1,1,0,1,1,1,1.0,1.0,1.0,1,1,0,1,1
qwen3.8-2.4t-a95b-fp8,poolact,tuning,cost_tight,poolact,4,duplicate_action_attempts,count,,planned_analysis_unit; Audit_mean_once; pool_resources_N_sum_except_wall,task,hpobench:nasbench101:C,1,[2204],1,1,0,1,1,1,0.0,0.0,0.0,1,1,0,1,1
qwen3.8-2.4t-a95b-fp8,poolact,tuning,cost_tight,poolact,4,duplicate_action_attempts,count,,planned_analysis_unit; Audit_mean_once; pool_resources_N_sum_except_wall,task,hpobench:nasbench101:C,2,[2208],1,1,0,1,1,1,0.0,0.0,0.0,1,1,0,1,1
qwen3.8-2.4t-a95b-fp8,poolact,tuning,cost_tight,poolact,4,feedback_attempts,count,,planned_analysis_unit; Audit_mean_once; pool_resources_N_sum_except_wall,all,all,0,[2200],3,3,0,3,3,3,15.666666666666666,15.666666666666666,15.666666666666666,3,3,0,1,1
qwen3.8-2.4t-a95b-fp8,poolact,tuning,cost_tight,poolact,4,feedback_attempts,count,,planned_analysis_unit; Audit_mean_once; pool_resources_N_sum_except_wall,all,all,1,[2204],3,3,0,3,3,3,14.666666666666666,14.666666666666666,14.666666666666666,3,3,0,1,1
qwen3.8-2.4t-a95b-fp8,poolact,tuning,cost_tight,poolact,4,feedback_attempts,count,,planned_analysis_unit; Audit_mean_once; pool_resources_N_sum_except_wall,all,all,2,[2208],3,3,0,3,3,3,13.0,13.0,13.0,3,3,0,1,1
qwen3.8-2.4t-a95b-fp8,poolact,tuning,cost_tight,poolact,4,feedback_attempts,count,,planned_analysis_unit; Audit_mean_once; pool_resources_N_sum_except_wall,family,nasbench101,0,[2200],3,3,0,3,3,3,15.666666666666666,15.666666666666666,15.666666666666666,3,3,0,1,1
qwen3.8-2.4t-a95b-fp8,poolact,tuning,cost_tight,poolact,4,feedback_attempts,count,,planned_analysis_unit; Audit_mean_once; pool_resources_N_sum_except_wall,family,nasbench101,1,[2204],3,3,0,3,3,3,14.666666666666666,14.666666666666666,14.666666666666666,3,3,0,1,1
qwen3.8-2.4t-a95b-fp8,poolact,tuning,cost_tight,poolact,4,feedback_attempts,count,,planned_analysis_unit; Audit_mean_once; pool_resources_N_sum_except_wall,family,nasbench101,2,[2208],3,3,0,3,3,3,13.0,13.0,13.0,3,3,0,1,1
qwen3.8-2.4t-a95b-fp8,poolact,tuning,cost_tight,poolact,4,feedback_attempts,count,,planned_analysis_unit; Audit_mean_once; pool_resources_N_sum_except_wall,task,hpobench:nasbench101:A,0,[2200],1,1,0,1,1,1,8.0,8.0,8.0,1,1,0,1,1
qwen3.8-2.4t-a95b-fp8,poolact,tuning,cost_tight,poolact,4,feedback_attempts,count,,planned_analysis_unit; Audit_mean_once; pool_resources_N_sum_except_wall,task,hpobench:nasbench101:A,1,[2204],1,1,0,1,1,1,11.0,11.0,11.0,1,1,0,1,1
qwen3.8-2.4t-a95b-fp8,poolact,tuning,cost_tight,poolact,4,feedback_attempts,count,,planned_analysis_unit; Audit_mean_once; pool_resources_N_sum_except_wall,task,hpobench:nasbench101:A,2,[2208],1,1,0,1,1,1,9.0,9.0,9.0,1,1,0,1,1
qwen3.8-2.4t-a95b-fp8,poolact,tuning,cost_tight,poolact,4,feedback_attempts,count,,planned_analysis_unit; Audit_mean_once; pool_resources_N_sum_except_wall,task,hpobench:nasbench101:B,0,[2200],1,1,0,1,1,1,14.0,14.0,14.0,1,1,0,1,1
qwen3.8-2.4t-a95b-fp8,poolact,tuning,cost_tight,poolact,4,feedback_attempts,count,,planned_analysis_unit; Audit_mean_once; pool_resources_N_sum_except_wall,task,hpobench:nasbench101:B,1,[2204],1,1,0,1,1,1,9.0,9.0,9.0,1,1,0,1,1
qwen3.8-2.4t-a95b-fp8,poolact,tuning,cost_tight,poolact,4,feedback_attempts,count,,planned_analysis_unit; Audit_mean_once; pool_resources_N_sum_except_wall,task,hpobench:nasbench101:B,2,[2208],1,1,0,1,1,1,16.0,16.0,16.0,1,1,0,1,1
qwen3.8-2.4t-a95b-fp8,poolact,tuning,cost_tight,poolact,4,feedback_attempts,count,,planned_analysis_unit; Audit_mean_once; pool_resources_N_sum_except_wall,task,hpobench:nasbench101:C,0,[2200],1,1,0,1,1,1,25.0,25.0,25.0,1,1,0,1,1
qwen3.8-2.4t-a95b-fp8,poolact,tuning,cost_tight,poolact,4,feedback_attempts,count,,planned_analysis_unit; Audit_mean_once; pool_resources_N_sum_except_wall,task,hpobench:nasbench101:C,1,[2204],1,1,0,1,1,1,24.0,24.0,24.0,1,1,0,1,1
qwen3.8-2.4t-a95b-fp8,poolact,tuning,cost_tight,poolact,4,feedback_attempts,count,,planned_analysis_unit; Audit_mean_once; pool_resources_N_sum_except_wall,task,hpobench:nasbench101:C,2,[2208],1,1,0,1,1,1,14.0,14.0,14.0,1,1,0,1,1
qwen3.8-2.4t-a95b-fp8,poolact,tuning,cost_tight,poolact,4,feedback_cost_seconds,seconds,,planned_analysis_unit; Audit_mean_once; pool_resources_N_sum_except_wall,all,all,0,[2200],3,3,0,3,3,3,107080.28629557292,107080.28629557292,107080.28629557292,3,3,0,1,1
qwen3.8-2.4t-a95b-fp8,poolact,tuning,cost_tight,poolact,4,feedback_cost_seconds,seconds,,planned_analysis_unit; Audit_mean_once; pool_resources_N_sum_except_wall,all,all,1,[2204],3,3,0,3,3,3,107319.88655598958,107319.88655598958,107319.88655598958,3,3,0,1,1
qwen3.8-2.4t-a95b-fp8,poolact,tuning,cost_tight,poolact,4,feedback_cost_seconds,seconds,,planned_analysis_unit; Audit_mean_once; pool_resources_N_sum_except_wall,all,all,2,[2208],3,3,0,3,3,3,99039.80843098958,99039.80843098958,99039.80843098958,3,3,0,1,1
qwen3.8-2.4t-a95b-fp8,poolact,tuning,cost_tight,poolact,4,feedback_cost_seconds,seconds,,planned_analysis_unit; Audit_mean_once; pool_resources_N_sum_except_wall,family,nasbench101,0,[2200],3,3,0,3,3,3,107080.28629557292,107080.28629557292,107080.28629557292,3,3,0,1,1
qwen3.8-2.4t-a95b-fp8,poolact,tuning,cost_tight,poolact,4,feedback_cost_seconds,seconds,,planned_analysis_unit; Audit_mean_once; pool_resources_N_sum_except_wall,family,nasbench101,1,[2204],3,3,0,3,3,3,107319.88655598958,107319.88655598958,107319.88655598958,3,3,0,1,1
qwen3.8-2.4t-a95b-fp8,poolact,tuning,cost_tight,poolact,4,feedback_cost_seconds,seconds,,planned_analysis_unit; Audit_mean_once; pool_resources_N_sum_except_wall,family,nasbench101,2,[2208],3,3,0,3,3,3,99039.80843098958,99039.80843098958,99039.80843098958,3,3,0,1,1
qwen3.8-2.4t-a95b-fp8,poolact,tuning,cost_tight,poolact,4,feedback_cost_seconds,seconds,,planned_analysis_unit; Audit_mean_once; pool_resources_N_sum_except_wall,task,hpobench:nasbench101:A,0,[2200],1,1,0,1,1,1,62111.27783203125,62111.27783203125,62111.27783203125,1,1,0,1,1
qwen3.8-2.4t-a95b-fp8,poolact,tuning,cost_tight,poolact,4,feedback_cost_seconds,seconds,,planned_analysis_unit; Audit_mean_once; pool_resources_N_sum_except_wall,task,hpobench:nasbench101:A,1,[2204],1,1,0,1,1,1,77142.87780761719,77142.87780761719,77142.87780761719,1,1,0,1,1
qwen3.8-2.4t-a95b-fp8,poolact,tuning,cost_tight,poolact,4,feedback_cost_seconds,seconds,,planned_analysis_unit; Audit_mean_once; pool_resources_N_sum_except_wall,task,hpobench:nasbench101:A,2,[2208],1,1,0,1,1,1,74965.76538085938,74965.76538085938,74965.76538085938,1,1,0,1,1
qwen3.8-2.4t-a95b-fp8,poolact,tuning,cost_tight,poolact,4,feedback_cost_seconds,seconds,,planned_analysis_unit; Audit_mean_once; pool_resources_N_sum_except_wall,task,hpobench:nasbench101:B,0,[2200],1,1,0,1,1,1,128693.578125,128693.578125,128693.578125,1,1,0,1,1
qwen3.8-2.4t-a95b-fp8,poolact,tuning,cost_tight,poolact,4,feedback_cost_seconds,seconds,,planned_analysis_unit; Audit_mean_once; pool_resources_N_sum_except_wall,task,hpobench:nasbench101:B,1,[2204],1,1,0,1,1,1,115336.92150878906,115336.92150878906,115336.92150878906,1,1,0,1,1
qwen3.8-2.4t-a95b-fp8,poolact,tuning,cost_tight,poolact,4,feedback_cost_seconds,seconds,,planned_analysis_unit; Audit_mean_once; pool_resources_N_sum_except_wall,task,hpobench:nasbench101:B,2,[2208],1,1,0,1,1,1,122822.96606445312,122822.96606445312,122822.96606445312,1,1,0,1,1
qwen3.8-2.4t-a95b-fp8,poolact,tuning,cost_tight,poolact,4,feedback_cost_seconds,seconds,,planned_analysis_unit; Audit_mean_once; pool_resources_N_sum_except_wall,task,hpobench:nasbench101:C,0,[2200],1,1,0,1,1,1,130436.0029296875,130436.0029296875,130436.0029296875,1,1,0,1,1
qwen3.8-2.4t-a95b-fp8,poolact,tuning,cost_tight,poolact,4,feedback_cost_seconds,seconds,,planned_analysis_unit; Audit_mean_once; pool_resources_N_sum_except_wall,task,hpobench:nasbench101:C,1,[2204],1,1,0,1,1,1,129479.8603515625,129479.8603515625,129479.8603515625,1,1,0,1,1
qwen3.8-2.4t-a95b-fp8,poolact,tuning,cost_tight,poolact,4,feedback_cost_seconds,seconds,,planned_analysis_unit; Audit_mean_once; pool_resources_N_sum_except_wall,task,hpobench:nasbench101:C,2,[2208],1,1,0,1,1,1,99330.69384765625,99330.69384765625,99330.69384765625,1,1,0,1,1
qwen3.8-2.4t-a95b-fp8,poolact,tuning,cost_tight,poolact,4,feedback_visible,count,,planned_analysis_unit; Audit_mean_once; pool_resources_N_sum_except_wall,all,all,0,[2200],3,0,3,3,0,0,,,,3,0,3,1,1
qwen3.8-2.4t-a95b-fp8,poolact,tuning,cost_tight,poolact,4,feedback_visible,count,,planned_analysis_unit; Audit_mean_once; pool_resources_N_sum_except_wall,all,all,1,[2204],3,0,3,3,0,0,,,,3,0,3,1,1
qwen3.8-2.4t-a95b-fp8,poolact,tuning,cost_tight,poolact,4,feedback_visible,count,,planned_analysis_unit; Audit_mean_once; pool_resources_N_sum_except_wall,all,all,2,[2208],3,0,3,3,0,0,,,,3,0,3,1,1
qwen3.8-2.4t-a95b-fp8,poolact,tuning,cost_tight,poolact,4,feedback_visible,count,,planned_analysis_unit; Audit_mean_once; pool_resources_N_sum_except_wall,family,nasbench101,0,[2200],3,0,3,3,0,0,,,,3,0,3,1,1
qwen3.8-2.4t-a95b-fp8,poolact,tuning,cost_tight,poolact,4,feedback_visible,count,,planned_analysis_unit; Audit_mean_once; pool_resources_N_sum_except_wall,family,nasbench101,1,[2204],3,0,3,3,0,0,,,,3,0,3,1,1
qwen3.8-2.4t-a95b-fp8,poolact,tuning,cost_tight,poolact,4,feedback_visible,count,,planned_analysis_unit; Audit_mean_once; pool_resources_N_sum_except_wall,family,nasbench101,2,[2208],3,0,3,3,0,0,,,,3,0,3,1,1
qwen3.8-2.4t-a95b-fp8,poolact,tuning,cost_tight,poolact,4,feedback_visible,count,,planned_analysis_unit; Audit_mean_once; pool_resources_N_sum_except_wall,task,hpobench:nasbench101:A,0,[2200],1,0,1,1,0,0,,,,1,0,1,1,1
qwen3.8-2.4t-a95b-fp8,poolact,tuning,cost_tight,poolact,4,feedback_visible,count,,planned_analysis_unit; Audit_mean_once; pool_resources_N_sum_except_wall,task,hpobench:nasbench101:A,1,[2204],1,0,1,1,0,0,,,,1,0,1,1,1
qwen3.8-2.4t-a95b-fp8,poolact,tuning,cost_tight,poolact,4,feedback_visible,count,,planned_analysis_unit; Audit_mean_once; pool_resources_N_sum_except_wall,task,hpobench:nasbench101:A,2,[2208],1,0,1,1,0,0,,,,1,0,1,1,1
qwen3.8-2.4t-a95b-fp8,poolact,tuning,cost_tight,poolact,4,feedback_visible,count,,planned_analysis_unit; Audit_mean_once; pool_resources_N_sum_except_wall,task,hpobench:nasbench101:B,0,[2200],1,0,1,1,0,0,,,,1,0,1,1,1
qwen3.8-2.4t-a95b-fp8,poolact,tuning,cost_tight,poolact,4,feedback_visible,count,,planned_analysis_unit; Audit_mean_once; pool_resources_N_sum_except_wall,task,hpobench:nasbench101:B,1,[2204],1,0,1,1,0,0,,,,1,0,1,1,1
qwen3.8-2.4t-a95b-fp8,poolact,tuning,cost_tight,poolact,4,feedback_visible,count,,planned_analysis_unit; Audit_mean_once; pool_resources_N_sum_except_wall,task,hpobench:nasbench101:B,2,[2208],1,0,1,1,0,0,,,,1,0,1,1,1
qwen3.8-2.4t-a95b-fp8,poolact,tuning,cost_tight,poolact,4,feedback_visible,count,,planned_analysis_unit; Audit_mean_once; pool_resources_N_sum_except_wall,task,hpobench:nasbench101:C,0,[2200],1,0,1,1,0,0,,,,1,0,1,1,1
qwen3.8-2.4t-a95b-fp8,poolact,tuning,cost_tight,poolact,4,feedback_visible,count,,planned_analysis_unit; Audit_mean_once; pool_resources_N_sum_except_wall,task,hpobench:nasbench101:C,1,[2204],1,0,1,1,0,0,,,,1,0,1,1,1
qwen3.8-2.4t-a95b-fp8,poolact,tuning,cost_tight,poolact,4,feedback_visible,count,,planned_analysis_unit; Audit_mean_once; pool_resources_N_sum_except_wall,task,hpobench:nasbench101:C,2,[2208],1,0,1,1,0,0,,,,1,0,1,1,1
qwen3.8-2.4t-a95b-fp8,poolact,tuning,cost_tight,poolact,4,gap_bon,Gap points,True,planned_analysis_unit; Audit_mean_once; pool_resources_N_sum_except_wall,all,all,0,[2200],3,3,0,3,3,3,98.11191315325459,98.11191315325459,98.11191315325459,3,3,0,1,1
qwen3.8-2.4t-a95b-fp8,poolact,tuning,cost_tight,poolact,4,gap_bon,Gap points,True,planned_analysis_unit; Audit_mean_once; pool_resources_N_sum_except_wall,all,all,1,[2204],3,3,0,3,3,3,98.32173983298117,98.32173983298117,98.32173983298117,3,3,0,1,1
qwen3.8-2.4t-a95b-fp8,poolact,tuning,cost_tight,poolact,4,gap_bon,Gap points,True,planned_analysis_unit; Audit_mean_once; pool_resources_N_sum_except_wall,all,all,2,[2208],3,3,0,3,3,3,98.4396723849664,98.4396723849664,98.4396723849664,3,3,0,1,1
qwen3.8-2.4t-a95b-fp8,poolact,tuning,cost_tight,poolact,4,gap_bon,Gap points,True,planned_analysis_unit; Audit_mean_once; pool_resources_N_sum_except_wall,family,nasbench101,0,[2200],3,3,0,3,3,3,98.11191315325459,98.11191315325459,98.11191315325459,3,3,0,1,1
qwen3.8-2.4t-a95b-fp8,poolact,tuning,cost_tight,poolact,4,gap_bon,Gap points,True,planned_analysis_unit; Audit_mean_once; pool_resources_N_sum_except_wall,family,nasbench101,1,[2204],3,3,0,3,3,3,98.32173983298117,98.32173983298117,98.32173983298117,3,3,0,1,1
qwen3.8-2.4t-a95b-fp8,poolact,tuning,cost_tight,poolact,4,gap_bon,Gap points,True,planned_analysis_unit; Audit_mean_once; pool_resources_N_sum_except_wall,family,nasbench101,2,[2208],3,3,0,3,3,3,98.4396723849664,98.4396723849664,98.4396723849664,3,3,0,1,1
qwen3.8-2.4t-a95b-fp8,poolact,tuning,cost_tight,poolact,4,gap_bon,Gap points,True,planned_analysis_unit; Audit_mean_once; pool_resources_N_sum_except_wall,task,hpobench:nasbench101:A,0,[2200],1,1,0,1,1,1,97.59842369929214,97.59842369929214,97.59842369929214,1,1,0,1,1
qwen3.8-2.4t-a95b-fp8,poolact,tuning,cost_tight,poolact,4,gap_bon,Gap points,True,planned_analysis_unit; Audit_mean_once; pool_resources_N_sum_except_wall,task,hpobench:nasbench101:A,1,[2204],1,1,0,1,1,1,98.69954194373484,98.69954194373484,98.69954194373484,1,1,0,1,1
qwen3.8-2.4t-a95b-fp8,poolact,tuning,cost_tight,poolact,4,gap_bon,Gap points,True,planned_analysis_unit; Audit_mean_once; pool_resources_N_sum_except_wall,task,hpobench:nasbench101:A,2,[2208],1,1,0,1,1,1,98.54766103294325,98.54766103294325,98.54766103294325,1,1,0,1,1
qwen3.8-2.4t-a95b-fp8,poolact,tuning,cost_tight,poolact,4,gap_bon,Gap points,True,planned_analysis_unit; Audit_mean_once; pool_resources_N_sum_except_wall,task,hpobench:nasbench101:B,0,[2200],1,1,0,1,1,1,97.99554347487037,97.99554347487037,97.99554347487037,1,1,0,1,1
qwen3.8-2.4t-a95b-fp8,poolact,tuning,cost_tight,poolact,4,gap_bon,Gap points,True,planned_analysis_unit; Audit_mean_once; pool_resources_N_sum_except_wall,task,hpobench:nasbench101:B,1,[2204],1,1,0,1,1,1,97.52390526960744,97.52390526960744,97.52390526960744,1,1,0,1,1
qwen3.8-2.4t-a95b-fp8,poolact,tuning,cost_tight,poolact,4,gap_bon,Gap points,True,planned_analysis_unit; Audit_mean_once; pool_resources_N_sum_except_wall,task,hpobench:nasbench101:B,2,[2208],1,1,0,1,1,1,97.37979814362875,97.37979814362875,97.37979814362875,1,1,0,1,1
qwen3.8-2.4t-a95b-fp8,poolact,tuning,cost_tight,poolact,4,gap_bon,Gap points,True,planned_analysis_unit; Audit_mean_once; pool_resources_N_sum_except_wall,task,hpobench:nasbench101:C,0,[2200],1,1,0,1,1,1,98.74177228560124,98.74177228560124,98.74177228560124,1,1,0,1,1
qwen3.8-2.4t-a95b-fp8,poolact,tuning,cost_tight,poolact,4,gap_bon,Gap points,True,planned_analysis_unit; Audit_mean_once; pool_resources_N_sum_except_wall,task,hpobench:nasbench101:C,1,[2204],1,1,0,1,1,1,98.74177228560124,98.74177228560124,98.74177228560124,1,1,0,1,1
qwen3.8-2.4t-a95b-fp8,poolact,tuning,cost_tight,poolact,4,gap_bon,Gap points,True,planned_analysis_unit; Audit_mean_once; pool_resources_N_sum_except_wall,task,hpobench:nasbench101:C,2,[2208],1,1,0,1,1,1,99.39155797832719,99.39155797832719,99.39155797832719,1,1,0,1,1
qwen3.8-2.4t-a95b-fp8,poolact,tuning,cost_tight,poolact,4,gap_mi,Gap points,True,planned_analysis_unit; Audit_mean_once; pool_resources_N_sum_except_wall,all,all,0,[2200],3,3,0,3,3,3,96.64859789365427,96.64859789365427,96.64859789365427,3,3,0,1,1
qwen3.8-2.4t-a95b-fp8,poolact,tuning,cost_tight,poolact,4,gap_mi,Gap points,True,planned_analysis_unit; Audit_mean_once; pool_resources_N_sum_except_wall,all,all,1,[2204],3,3,0,3,3,3,95.2787846982962,95.2787846982962,95.2787846982962,3,3,0,1,1
qwen3.8-2.4t-a95b-fp8,poolact,tuning,cost_tight,poolact,4,gap_mi,Gap points,True,planned_analysis_unit; Audit_mean_once; pool_resources_N_sum_except_wall,all,all,2,[2208],3,3,0,3,3,3,96.88463681844509,96.88463681844509,96.88463681844509,3,3,0,1,1
qwen3.8-2.4t-a95b-fp8,poolact,tuning,cost_tight,poolact,4,gap_mi,Gap points,True,planned_analysis_unit; Audit_mean_once; pool_resources_N_sum_except_wall,family,nasbench101,0,[2200],3,3,0,3,3,3,96.64859789365427,96.64859789365427,96.64859789365427,3,3,0,1,1
qwen3.8-2.4t-a95b-fp8,poolact,tuning,cost_tight,poolact,4,gap_mi,Gap points,True,planned_analysis_unit; Audit_mean_once; pool_resources_N_sum_except_wall,family,nasbench101,1,[2204],3,3,0,3,3,3,95.2787846982962,95.2787846982962,95.2787846982962,3,3,0,1,1
qwen3.8-2.4t-a95b-fp8,poolact,tuning,cost_tight,poolact,4,gap_mi,Gap points,True,planned_analysis_unit; Audit_mean_once; pool_resources_N_sum_except_wall,family,nasbench101,2,[2208],3,3,0,3,3,3,96.88463681844509,96.88463681844509,96.88463681844509,3,3,0,1,1
qwen3.8-2.4t-a95b-fp8,poolact,tuning,cost_tight,poolact,4,gap_mi,Gap points,True,planned_analysis_unit; Audit_mean_once; pool_resources_N_sum_except_wall,task,hpobench:nasbench101:A,0,[2200],1,1,0,1,1,1,97.33382260274566,97.33382260274566,97.33382260274566,1,1,0,1,1
qwen3.8-2.4t-a95b-fp8,poolact,tuning,cost_tight,poolact,4,gap_mi,Gap points,True,planned_analysis_unit; Audit_mean_once; pool_resources_N_sum_except_wall,task,hpobench:nasbench101:A,1,[2204],1,1,0,1,1,1,98.03507425674245,98.03507425674245,98.03507425674245,1,1,0,1,1
qwen3.8-2.4t-a95b-fp8,poolact,tuning,cost_tight,poolact,4,gap_mi,Gap points,True,planned_analysis_unit; Audit_mean_once; pool_resources_N_sum_except_wall,task,hpobench:nasbench101:A,2,[2208],1,1,0,1,1,1,94.63916576944898,94.63916576944898,94.63916576944898,1,1,0,1,1
qwen3.8-2.4t-a95b-fp8,poolact,tuning,cost_tight,poolact,4,gap_mi,Gap points,True,planned_analysis_unit; Audit_mean_once; pool_resources_N_sum_except_wall,task,hpobench:nasbench101:B,0,[2200],1,1,0,1,1,1,94.19952445669831,94.19952445669831,94.19952445669831,1,1,0,1,1
qwen3.8-2.4t-a95b-fp8,poolact,tuning,cost_tight,poolact,4,gap_mi,Gap points,True,planned_analysis_unit; Audit_mean_once; pool_resources_N_sum_except_wall,task,hpobench:nasbench101:B,1,[2204],1,1,0,1,1,1,90.1316615034794,90.1316615034794,90.1316615034794,1,1,0,1,1
qwen3.8-2.4t-a95b-fp8,poolact,tuning,cost_tight,poolact,4,gap_mi,Gap points,True,planned_analysis_unit; Audit_mean_once; pool_resources_N_sum_except_wall,task,hpobench:nasbench101:B,2,[2208],1,1,0,1,1,1,96.80335209800049,96.80335209800049,96.80335209800049,1,1,0,1,1
qwen3.8-2.4t-a95b-fp8,poolact,tuning,cost_tight,poolact,4,gap_mi,Gap points,True,planned_analysis_unit; Audit_mean_once; pool_resources_N_sum_except_wall,task,hpobench:nasbench101:C,0,[2200],1,1,0,1,1,1,98.41244662151885,98.41244662151885,98.41244662151885,1,1,0,1,1
qwen3.8-2.4t-a95b-fp8,poolact,tuning,cost_tight,poolact,4,gap_mi,Gap points,True,planned_analysis_unit; Audit_mean_once; pool_resources_N_sum_except_wall,task,hpobench:nasbench101:C,1,[2204],1,1,0,1,1,1,97.66961833466678,97.66961833466678,97.66961833466678,1,1,0,1,1
qwen3.8-2.4t-a95b-fp8,poolact,tuning,cost_tight,poolact,4,gap_mi,Gap points,True,planned_analysis_unit; Audit_mean_once; pool_resources_N_sum_except_wall,task,hpobench:nasbench101:C,2,[2208],1,1,0,1,1,1,99.21139258788583,99.21139258788583,99.21139258788583,1,1,0,1,1
qwen3.8-2.4t-a95b-fp8,poolact,tuning,cost_tight,poolact,4,input_tokens,tokens,,planned_analysis_unit; Audit_mean_once; pool_resources_N_sum_except_wall,all,all,0,[2200],3,3,0,3,3,3,350435.0,350435.0,350435.0,3,3,0,1,1
qwen3.8-2.4t-a95b-fp8,poolact,tuning,cost_tight,poolact,4,input_tokens,tokens,,planned_analysis_unit; Audit_mean_once; pool_resources_N_sum_except_wall,all,all,1,[2204],3,3,0,3,3,3,319300.6666666667,319300.6666666667,319300.6666666667,3,3,0,1,1
qwen3.8-2.4t-a95b-fp8,poolact,tuning,cost_tight,poolact,4,input_tokens,tokens,,planned_analysis_unit; Audit_mean_once; pool_resources_N_sum_except_wall,all,all,2,[2208],3,3,0,3,3,3,210893.0,210893.0,210893.0,3,3,0,1,1
qwen3.8-2.4t-a95b-fp8,poolact,tuning,cost_tight,poolact,4,input_tokens,tokens,,planned_analysis_unit; Audit_mean_once; pool_resources_N_sum_except_wall,family,nasbench101,0,[2200],3,3,0,3,3,3,350435.0,350435.0,350435.0,3,3,0,1,1
qwen3.8-2.4t-a95b-fp8,poolact,tuning,cost_tight,poolact,4,input_tokens,tokens,,planned_analysis_unit; Audit_mean_once; pool_resources_N_sum_except_wall,family,nasbench101,1,[2204],3,3,0,3,3,3,319300.6666666667,319300.6666666667,319300.6666666667,3,3,0,1,1
qwen3.8-2.4t-a95b-fp8,poolact,tuning,cost_tight,poolact,4,input_tokens,tokens,,planned_analysis_unit; Audit_mean_once; pool_resources_N_sum_except_wall,family,nasbench101,2,[2208],3,3,0,3,3,3,210893.0,210893.0,210893.0,3,3,0,1,1
qwen3.8-2.4t-a95b-fp8,poolact,tuning,cost_tight,poolact,4,input_tokens,tokens,,planned_analysis_unit; Audit_mean_once; pool_resources_N_sum_except_wall,task,hpobench:nasbench101:A,0,[2200],1,1,0,1,1,1,117414.0,117414.0,117414.0,1,1,0,1,1
qwen3.8-2.4t-a95b-fp8,poolact,tuning,cost_tight,poolact,4,input_tokens,tokens,,planned_analysis_unit; Audit_mean_once; pool_resources_N_sum_except_wall,task,hpobench:nasbench101:A,1,[2204],1,1,0,1,1,1,153377.0,153377.0,153377.0,1,1,0,1,1
qwen3.8-2.4t-a95b-fp8,poolact,tuning,cost_tight,poolact,4,input_tokens,tokens,,planned_analysis_unit; Audit_mean_once; pool_resources_N_sum_except_wall,task,hpobench:nasbench101:A,2,[2208],1,1,0,1,1,1,109891.0,109891.0,109891.0,1,1,0,1,1
qwen3.8-2.4t-a95b-fp8,poolact,tuning,cost_tight,poolact,4,input_tokens,tokens,,planned_analysis_unit; Audit_mean_once; pool_resources_N_sum_except_wall,task,hpobench:nasbench101:B,0,[2200],1,1,0,1,1,1,171325.0,171325.0,171325.0,1,1,0,1,1
qwen3.8-2.4t-a95b-fp8,poolact,tuning,cost_tight,poolact,4,input_tokens,tokens,,planned_analysis_unit; Audit_mean_once; pool_resources_N_sum_except_wall,task,hpobench:nasbench101:B,1,[2204],1,1,0,1,1,1,114431.0,114431.0,114431.0,1,1,0,1,1
qwen3.8-2.4t-a95b-fp8,poolact,tuning,cost_tight,poolact,4,input_tokens,tokens,,planned_analysis_unit; Audit_mean_once; pool_resources_N_sum_except_wall,task,hpobench:nasbench101:B,2,[2208],1,1,0,1,1,1,281324.0,281324.0,281324.0,1,1,0,1,1
qwen3.8-2.4t-a95b-fp8,poolact,tuning,cost_tight,poolact,4,input_tokens,tokens,,planned_analysis_unit; Audit_mean_once; pool_resources_N_sum_except_wall,task,hpobench:nasbench101:C,0,[2200],1,1,0,1,1,1,762566.0,762566.0,762566.0,1,1,0,1,1
qwen3.8-2.4t-a95b-fp8,poolact,tuning,cost_tight,poolact,4,input_tokens,tokens,,planned_analysis_unit; Audit_mean_once; pool_resources_N_sum_except_wall,task,hpobench:nasbench101:C,1,[2204],1,1,0,1,1,1,690094.0,690094.0,690094.0,1,1,0,1,1
qwen3.8-2.4t-a95b-fp8,poolact,tuning,cost_tight,poolact,4,input_tokens,tokens,,planned_analysis_unit; Audit_mean_once; pool_resources_N_sum_except_wall,task,hpobench:nasbench101:C,2,[2208],1,1,0,1,1,1,241464.0,241464.0,241464.0,1,1,0,1,1
qwen3.8-2.4t-a95b-fp8,poolact,tuning,cost_tight,poolact,4,output_tokens,tokens,,planned_analysis_unit; Audit_mean_once; pool_resources_N_sum_except_wall,all,all,0,[2200],3,3,0,3,3,3,57400.333333333336,57400.333333333336,57400.333333333336,3,3,0,1,1
qwen3.8-2.4t-a95b-fp8,poolact,tuning,cost_tight,poolact,4,output_tokens,tokens,,planned_analysis_unit; Audit_mean_once; pool_resources_N_sum_except_wall,all,all,1,[2204],3,3,0,3,3,3,55182.666666666664,55182.666666666664,55182.666666666664,3,3,0,1,1
qwen3.8-2.4t-a95b-fp8,poolact,tuning,cost_tight,poolact,4,output_tokens,tokens,,planned_analysis_unit; Audit_mean_once; pool_resources_N_sum_except_wall,all,all,2,[2208],3,3,0,3,3,3,51871.666666666664,51871.666666666664,51871.666666666664,3,3,0,1,1
qwen3.8-2.4t-a95b-fp8,poolact,tuning,cost_tight,poolact,4,output_tokens,tokens,,planned_analysis_unit; Audit_mean_once; pool_resources_N_sum_except_wall,family,nasbench101,0,[2200],3,3,0,3,3,3,57400.333333333336,57400.333333333336,57400.333333333336,3,3,0,1,1
qwen3.8-2.4t-a95b-fp8,poolact,tuning,cost_tight,poolact,4,output_tokens,tokens,,planned_analysis_unit; Audit_mean_once; pool_resources_N_sum_except_wall,family,nasbench101,1,[2204],3,3,0,3,3,3,55182.666666666664,55182.666666666664,55182.666666666664,3,3,0,1,1
qwen3.8-2.4t-a95b-fp8,poolact,tuning,cost_tight,poolact,4,output_tokens,tokens,,planned_analysis_unit; Audit_mean_once; pool_resources_N_sum_except_wall,family,nasbench101,2,[2208],3,3,0,3,3,3,51871.666666666664,51871.666666666664,51871.666666666664,3,3,0,1,1
qwen3.8-2.4t-a95b-fp8,poolact,tuning,cost_tight,poolact,4,output_tokens,tokens,,planned_analysis_unit; Audit_mean_once; pool_resources_N_sum_except_wall,task,hpobench:nasbench101:A,0,[2200],1,1,0,1,1,1,40516.0,40516.0,40516.0,1,1,0,1,1
qwen3.8-2.4t-a95b-fp8,poolact,tuning,cost_tight,poolact,4,output_tokens,tokens,,planned_analysis_unit; Audit_mean_once; pool_resources_N_sum_except_wall,task,hpobench:nasbench101:A,1,[2204],1,1,0,1,1,1,41544.0,41544.0,41544.0,1,1,0,1,1
qwen3.8-2.4t-a95b-fp8,poolact,tuning,cost_tight,poolact,4,output_tokens,tokens,,planned_analysis_unit; Audit_mean_once; pool_resources_N_sum_except_wall,task,hpobench:nasbench101:A,2,[2208],1,1,0,1,1,1,34844.0,34844.0,34844.0,1,1,0,1,1
qwen3.8-2.4t-a95b-fp8,poolact,tuning,cost_tight,poolact,4,output_tokens,tokens,,planned_analysis_unit; Audit_mean_once; pool_resources_N_sum_except_wall,task,hpobench:nasbench101:B,0,[2200],1,1,0,1,1,1,31091.0,31091.0,31091.0,1,1,0,1,1
qwen3.8-2.4t-a95b-fp8,poolact,tuning,cost_tight,poolact,4,output_tokens,tokens,,planned_analysis_unit; Audit_mean_once; pool_resources_N_sum_except_wall,task,hpobench:nasbench101:B,1,[2204],1,1,0,1,1,1,30262.0,30262.0,30262.0,1,1,0,1,1
qwen3.8-2.4t-a95b-fp8,poolact,tuning,cost_tight,poolact,4,output_tokens,tokens,,planned_analysis_unit; Audit_mean_once; pool_resources_N_sum_except_wall,task,hpobench:nasbench101:B,2,[2208],1,1,0,1,1,1,63330.0,63330.0,63330.0,1,1,0,1,1
qwen3.8-2.4t-a95b-fp8,poolact,tuning,cost_tight,poolact,4,output_tokens,tokens,,planned_analysis_unit; Audit_mean_once; pool_resources_N_sum_except_wall,task,hpobench:nasbench101:C,0,[2200],1,1,0,1,1,1,100594.0,100594.0,100594.0,1,1,0,1,1
qwen3.8-2.4t-a95b-fp8,poolact,tuning,cost_tight,poolact,4,output_tokens,tokens,,planned_analysis_unit; Audit_mean_once; pool_resources_N_sum_except_wall,task,hpobench:nasbench101:C,1,[2204],1,1,0,1,1,1,93742.0,93742.0,93742.0,1,1,0,1,1
qwen3.8-2.4t-a95b-fp8,poolact,tuning,cost_tight,poolact,4,output_tokens,tokens,,planned_analysis_unit; Audit_mean_once; pool_resources_N_sum_except_wall,task,hpobench:nasbench101:C,2,[2208],1,1,0,1,1,1,57441.0,57441.0,57441.0,1,1,0,1,1
qwen3.8-2.4t-a95b-fp8,poolact,tuning,cost_tight,poolact,4,protocol_failure_rate,fraction,,planned_analysis_unit; Audit_mean_once; pool_resources_N_sum_except_wall,all,all,0,[2200],3,3,0,3,3,3,0.025641025641025644,0.025641025641025644,0.025641025641025644,3,3,0,1,1
qwen3.8-2.4t-a95b-fp8,poolact,tuning,cost_tight,poolact,4,protocol_failure_rate,fraction,,planned_analysis_unit; Audit_mean_once; pool_resources_N_sum_except_wall,all,all,1,[2204],3,3,0,3,3,3,0.044642857142857144,0.044642857142857144,0.044642857142857144,3,3,0,1,1
qwen3.8-2.4t-a95b-fp8,poolact,tuning,cost_tight,poolact,4,protocol_failure_rate,fraction,,planned_analysis_unit; Audit_mean_once; pool_resources_N_sum_except_wall,all,all,2,[2208],3,3,0,3,3,3,0.015873015873015872,0.015873015873015872,0.015873015873015872,3,3,0,1,1
qwen3.8-2.4t-a95b-fp8,poolact,tuning,cost_tight,poolact,4,protocol_failure_rate,fraction,,planned_analysis_unit; Audit_mean_once; pool_resources_N_sum_except_wall,family,nasbench101,0,[2200],3,3,0,3,3,3,0.025641025641025644,0.025641025641025644,0.025641025641025644,3,3,0,1,1
qwen3.8-2.4t-a95b-fp8,poolact,tuning,cost_tight,poolact,4,protocol_failure_rate,fraction,,planned_analysis_unit; Audit_mean_once; pool_resources_N_sum_except_wall,family,nasbench101,1,[2204],3,3,0,3,3,3,0.044642857142857144,0.044642857142857144,0.044642857142857144,3,3,0,1,1
qwen3.8-2.4t-a95b-fp8,poolact,tuning,cost_tight,poolact,4,protocol_failure_rate,fraction,,planned_analysis_unit; Audit_mean_once; pool_resources_N_sum_except_wall,family,nasbench101,2,[2208],3,3,0,3,3,3,0.015873015873015872,0.015873015873015872,0.015873015873015872,3,3,0,1,1
qwen3.8-2.4t-a95b-fp8,poolact,tuning,cost_tight,poolact,4,protocol_failure_rate,fraction,,planned_analysis_unit; Audit_mean_once; pool_resources_N_sum_except_wall,task,hpobench:nasbench101:A,0,[2200],1,1,0,1,1,1,0.07692307692307693,0.07692307692307693,0.07692307692307693,1,1,0,1,1
qwen3.8-2.4t-a95b-fp8,poolact,tuning,cost_tight,poolact,4,protocol_failure_rate,fraction,,planned_analysis_unit; Audit_mean_once; pool_resources_N_sum_except_wall,task,hpobench:nasbench101:A,1,[2204],1,1,0,1,1,1,0.0625,0.0625,0.0625,1,1,0,1,1
qwen3.8-2.4t-a95b-fp8,poolact,tuning,cost_tight,poolact,4,protocol_failure_rate,fraction,,planned_analysis_unit; Audit_mean_once; pool_resources_N_sum_except_wall,task,hpobench:nasbench101:A,2,[2208],1,1,0,1,1,1,0.0,0.0,0.0,1,1,0,1,1
qwen3.8-2.4t-a95b-fp8,poolact,tuning,cost_tight,poolact,4,protocol_failure_rate,fraction,,planned_analysis_unit; Audit_mean_once; pool_resources_N_sum_except_wall,task,hpobench:nasbench101:B,0,[2200],1,1,0,1,1,1,0.0,0.0,0.0,1,1,0,1,1
qwen3.8-2.4t-a95b-fp8,poolact,tuning,cost_tight,poolact,4,protocol_failure_rate,fraction,,planned_analysis_unit; Audit_mean_once; pool_resources_N_sum_except_wall,task,hpobench:nasbench101:B,1,[2204],1,1,0,1,1,1,0.07142857142857142,0.07142857142857142,0.07142857142857142,1,1,0,1,1
qwen3.8-2.4t-a95b-fp8,poolact,tuning,cost_tight,poolact,4,protocol_failure_rate,fraction,,planned_analysis_unit; Audit_mean_once; pool_resources_N_sum_except_wall,task,hpobench:nasbench101:B,2,[2208],1,1,0,1,1,1,0.047619047619047616,0.047619047619047616,0.047619047619047616,1,1,0,1,1
qwen3.8-2.4t-a95b-fp8,poolact,tuning,cost_tight,poolact,4,protocol_failure_rate,fraction,,planned_analysis_unit; Audit_mean_once; pool_resources_N_sum_except_wall,task,hpobench:nasbench101:C,0,[2200],1,1,0,1,1,1,0.0,0.0,0.0,1,1,0,1,1
qwen3.8-2.4t-a95b-fp8,poolact,tuning,cost_tight,poolact,4,protocol_failure_rate,fraction,,planned_analysis_unit; Audit_mean_once; pool_resources_N_sum_except_wall,task,hpobench:nasbench101:C,1,[2204],1,1,0,1,1,1,0.0,0.0,0.0,1,1,0,1,1
qwen3.8-2.4t-a95b-fp8,poolact,tuning,cost_tight,poolact,4,protocol_failure_rate,fraction,,planned_analysis_unit; Audit_mean_once; pool_resources_N_sum_except_wall,task,hpobench:nasbench101:C,2,[2208],1,1,0,1,1,1,0.0,0.0,0.0,1,1,0,1,1
qwen3.8-2.4t-a95b-fp8,poolact,tuning,cost_tight,poolact,4,raw_perf_bon,fraction,True,planned_analysis_unit; Audit_mean_once; pool_resources_N_sum_except_wall,all,all,0,[2200],3,3,0,3,3,3,0.9371661345163981,0.9371661345163981,0.9371661345163981,3,3,0,1,1
qwen3.8-2.4t-a95b-fp8,poolact,tuning,cost_tight,poolact,4,raw_perf_bon,fraction,True,planned_analysis_unit; Audit_mean_once; pool_resources_N_sum_except_wall,all,all,1,[2204],3,3,0,3,3,3,0.9393473996056451,0.9393473996056451,0.9393473996056451,3,3,0,1,1
qwen3.8-2.4t-a95b-fp8,poolact,tuning,cost_tight,poolact,4,raw_perf_bon,fraction,True,planned_analysis_unit; Audit_mean_once; pool_resources_N_sum_except_wall,all,all,2,[2208],3,3,0,3,3,3,0.9400930272208319,0.9400930272208319,0.9400930272208319,3,3,0,1,1
qwen3.8-2.4t-a95b-fp8,poolact,tuning,cost_tight,poolact,4,raw_perf_bon,fraction,True,planned_analysis_unit; Audit_mean_once; pool_resources_N_sum_except_wall,family,nasbench101,0,[2200],3,3,0,3,3,3,0.9371661345163981,0.9371661345163981,0.9371661345163981,3,3,0,1,1
qwen3.8-2.4t-a95b-fp8,poolact,tuning,cost_tight,poolact,4,raw_perf_bon,fraction,True,planned_analysis_unit; Audit_mean_once; pool_resources_N_sum_except_wall,family,nasbench101,1,[2204],3,3,0,3,3,3,0.9393473996056451,0.9393473996056451,0.9393473996056451,3,3,0,1,1
qwen3.8-2.4t-a95b-fp8,poolact,tuning,cost_tight,poolact,4,raw_perf_bon,fraction,True,planned_analysis_unit; Audit_mean_once; pool_resources_N_sum_except_wall,family,nasbench101,2,[2208],3,3,0,3,3,3,0.9400930272208319,0.9400930272208319,0.9400930272208319,3,3,0,1,1
qwen3.8-2.4t-a95b-fp8,poolact,tuning,cost_tight,poolact,4,raw_perf_bon,fraction,True,planned_analysis_unit; Audit_mean_once; pool_resources_N_sum_except_wall,task,hpobench:nasbench101:A,0,[2200],1,1,0,1,1,1,0.9291867017745972,0.9291867017745972,0.9291867017745972,1,1,0,1,1
qwen3.8-2.4t-a95b-fp8,poolact,tuning,cost_tight,poolact,4,raw_perf_bon,fraction,True,planned_analysis_unit; Audit_mean_once; pool_resources_N_sum_except_wall,task,hpobench:nasbench101:A,1,[2204],1,1,0,1,1,1,0.9369324247042338,0.9369324247042338,0.9369324247042338,1,1,0,1,1
qwen3.8-2.4t-a95b-fp8,poolact,tuning,cost_tight,poolact,4,raw_perf_bon,fraction,True,planned_analysis_unit; Audit_mean_once; pool_resources_N_sum_except_wall,task,hpobench:nasbench101:A,2,[2208],1,1,0,1,1,1,0.9358640313148499,0.9358640313148499,0.9358640313148499,1,1,0,1,1
qwen3.8-2.4t-a95b-fp8,poolact,tuning,cost_tight,poolact,4,raw_perf_bon,fraction,True,planned_analysis_unit; Audit_mean_once; pool_resources_N_sum_except_wall,task,hpobench:nasbench101:B,0,[2200],1,1,0,1,1,1,0.9438434839248657,0.9438434839248657,0.9438434839248657,1,1,0,1,1
qwen3.8-2.4t-a95b-fp8,poolact,tuning,cost_tight,poolact,4,raw_perf_bon,fraction,True,planned_analysis_unit; Audit_mean_once; pool_resources_N_sum_except_wall,task,hpobench:nasbench101:B,1,[2204],1,1,0,1,1,1,0.94264155626297,0.94264155626297,0.94264155626297,1,1,0,1,1
qwen3.8-2.4t-a95b-fp8,poolact,tuning,cost_tight,poolact,4,raw_perf_bon,fraction,True,planned_analysis_unit; Audit_mean_once; pool_resources_N_sum_except_wall,task,hpobench:nasbench101:B,2,[2208],1,1,0,1,1,1,0.9422743121782938,0.9422743121782938,0.9422743121782938,1,1,0,1,1
qwen3.8-2.4t-a95b-fp8,poolact,tuning,cost_tight,poolact,4,raw_perf_bon,fraction,True,planned_analysis_unit; Audit_mean_once; pool_resources_N_sum_except_wall,task,hpobench:nasbench101:C,0,[2200],1,1,0,1,1,1,0.9384682178497314,0.9384682178497314,0.9384682178497314,1,1,0,1,1
qwen3.8-2.4t-a95b-fp8,poolact,tuning,cost_tight,poolact,4,raw_perf_bon,fraction,True,planned_analysis_unit; Audit_mean_once; pool_resources_N_sum_except_wall,task,hpobench:nasbench101:C,1,[2204],1,1,0,1,1,1,0.9384682178497314,0.9384682178497314,0.9384682178497314,1,1,0,1,1
qwen3.8-2.4t-a95b-fp8,poolact,tuning,cost_tight,poolact,4,raw_perf_bon,fraction,True,planned_analysis_unit; Audit_mean_once; pool_resources_N_sum_except_wall,task,hpobench:nasbench101:C,2,[2208],1,1,0,1,1,1,0.9421407381693522,0.9421407381693522,0.9421407381693522,1,1,0,1,1
qwen3.8-2.4t-a95b-fp8,poolact,tuning,cost_tight,poolact,4,raw_perf_mi,fraction,True,planned_analysis_unit; Audit_mean_once; pool_resources_N_sum_except_wall,all,all,0,[2200],3,3,0,3,3,3,0.9327006538709005,0.9327006538709005,0.9327006538709005,3,3,0,1,1
qwen3.8-2.4t-a95b-fp8,poolact,tuning,cost_tight,poolact,4,raw_perf_mi,fraction,True,planned_analysis_unit; Audit_mean_once; pool_resources_N_sum_except_wall,all,all,1,[2204],3,3,0,3,3,3,0.9294899619287914,0.9294899619287914,0.9294899619287914,3,3,0,1,1
qwen3.8-2.4t-a95b-fp8,poolact,tuning,cost_tight,poolact,4,raw_perf_mi,fraction,True,planned_analysis_unit; Audit_mean_once; pool_resources_N_sum_except_wall,all,all,2,[2208],3,3,0,3,3,3,0.9300992687543234,0.9300992687543234,0.9300992687543234,3,3,0,1,1
qwen3.8-2.4t-a95b-fp8,poolact,tuning,cost_tight,poolact,4,raw_perf_mi,fraction,True,planned_analysis_unit; Audit_mean_once; pool_resources_N_sum_except_wall,family,nasbench101,0,[2200],3,3,0,3,3,3,0.9327006538709005,0.9327006538709005,0.9327006538709005,3,3,0,1,1
qwen3.8-2.4t-a95b-fp8,poolact,tuning,cost_tight,poolact,4,raw_perf_mi,fraction,True,planned_analysis_unit; Audit_mean_once; pool_resources_N_sum_except_wall,family,nasbench101,1,[2204],3,3,0,3,3,3,0.9294899619287914,0.9294899619287914,0.9294899619287914,3,3,0,1,1
qwen3.8-2.4t-a95b-fp8,poolact,tuning,cost_tight,poolact,4,raw_perf_mi,fraction,True,planned_analysis_unit; Audit_mean_once; pool_resources_N_sum_except_wall,family,nasbench101,2,[2208],3,3,0,3,3,3,0.9300992687543234,0.9300992687543234,0.9300992687543234,3,3,0,1,1
qwen3.8-2.4t-a95b-fp8,poolact,tuning,cost_tight,poolact,4,raw_perf_mi,fraction,True,planned_analysis_unit; Audit_mean_once; pool_resources_N_sum_except_wall,task,hpobench:nasbench101:A,0,[2200],1,1,0,1,1,1,0.9273253877957662,0.9273253877957662,0.9273253877957662,1,1,0,1,1
qwen3.8-2.4t-a95b-fp8,poolact,tuning,cost_tight,poolact,4,raw_perf_mi,fraction,True,planned_analysis_unit; Audit_mean_once; pool_resources_N_sum_except_wall,task,hpobench:nasbench101:A,1,[2204],1,1,0,1,1,1,0.9322582830985386,0.9322582830985386,0.9322582830985386,1,1,0,1,1
qwen3.8-2.4t-a95b-fp8,poolact,tuning,cost_tight,poolact,4,raw_perf_mi,fraction,True,planned_analysis_unit; Audit_mean_once; pool_resources_N_sum_except_wall,task,hpobench:nasbench101:A,2,[2208],1,1,0,1,1,1,0.9083700527747471,0.9083700527747471,0.9083700527747471,1,1,0,1,1
qwen3.8-2.4t-a95b-fp8,poolact,tuning,cost_tight,poolact,4,raw_perf_mi,fraction,True,planned_analysis_unit; Audit_mean_once; pool_resources_N_sum_except_wall,task,hpobench:nasbench101:B,0,[2200],1,1,0,1,1,1,0.9341696699460347,0.9341696699460347,0.9341696699460347,1,1,0,1,1
qwen3.8-2.4t-a95b-fp8,poolact,tuning,cost_tight,poolact,4,raw_perf_mi,fraction,True,planned_analysis_unit; Audit_mean_once; pool_resources_N_sum_except_wall,task,hpobench:nasbench101:B,1,[2204],1,1,0,1,1,1,0.9238030860821406,0.9238030860821406,0.9238030860821406,1,1,0,1,1
qwen3.8-2.4t-a95b-fp8,poolact,tuning,cost_tight,poolact,4,raw_perf_mi,fraction,True,planned_analysis_unit; Audit_mean_once; pool_resources_N_sum_except_wall,task,hpobench:nasbench101:B,2,[2208],1,1,0,1,1,1,0.9408052911361058,0.9408052911361058,0.9408052911361058,1,1,0,1,1
qwen3.8-2.4t-a95b-fp8,poolact,tuning,cost_tight,poolact,4,raw_perf_mi,fraction,True,planned_analysis_unit; Audit_mean_once; pool_resources_N_sum_except_wall,task,hpobench:nasbench101:C,0,[2200],1,1,0,1,1,1,0.9366069038709005,0.9366069038709005,0.9366069038709005,1,1,0,1,1
qwen3.8-2.4t-a95b-fp8,poolact,tuning,cost_tight,poolact,4,raw_perf_mi,fraction,True,planned_analysis_unit; Audit_mean_once; pool_resources_N_sum_except_wall,task,hpobench:nasbench101:C,1,[2204],1,1,0,1,1,1,0.9324085166056951,0.9324085166056951,0.9324085166056951,1,1,0,1,1
qwen3.8-2.4t-a95b-fp8,poolact,tuning,cost_tight,poolact,4,raw_perf_mi,fraction,True,planned_analysis_unit; Audit_mean_once; pool_resources_N_sum_except_wall,task,hpobench:nasbench101:C,2,[2208],1,1,0,1,1,1,0.9411224623521169,0.9411224623521169,0.9411224623521169,1,1,0,1,1
qwen3.8-2.4t-a95b-fp8,poolact,tuning,cost_tight,poolact,4,wall_time_seconds,seconds,,planned_analysis_unit; Audit_mean_once; pool_resources_N_sum_except_wall,all,all,0,[2200],3,0,3,3,0,0,,,,3,0,3,1,1
qwen3.8-2.4t-a95b-fp8,poolact,tuning,cost_tight,poolact,4,wall_time_seconds,seconds,,planned_analysis_unit; Audit_mean_once; pool_resources_N_sum_except_wall,all,all,1,[2204],3,0,3,3,0,0,,,,3,0,3,1,1
qwen3.8-2.4t-a95b-fp8,poolact,tuning,cost_tight,poolact,4,wall_time_seconds,seconds,,planned_analysis_unit; Audit_mean_once; pool_resources_N_sum_except_wall,all,all,2,[2208],3,0,3,3,0,0,,,,3,0,3,1,1
qwen3.8-2.4t-a95b-fp8,poolact,tuning,cost_tight,poolact,4,wall_time_seconds,seconds,,planned_analysis_unit; Audit_mean_once; pool_resources_N_sum_except_wall,family,nasbench101,0,[2200],3,0,3,3,0,0,,,,3,0,3,1,1
qwen3.8-2.4t-a95b-fp8,poolact,tuning,cost_tight,poolact,4,wall_time_seconds,seconds,,planned_analysis_unit; Audit_mean_once; pool_resources_N_sum_except_wall,family,nasbench101,1,[2204],3,0,3,3,0,0,,,,3,0,3,1,1
qwen3.8-2.4t-a95b-fp8,poolact,tuning,cost_tight,poolact,4,wall_time_seconds,seconds,,planned_analysis_unit; Audit_mean_once; pool_resources_N_sum_except_wall,family,nasbench101,2,[2208],3,0,3,3,0,0,,,,3,0,3,1,1
qwen3.8-2.4t-a95b-fp8,poolact,tuning,cost_tight,poolact,4,wall_time_seconds,seconds,,planned_analysis_unit; Audit_mean_once; pool_resources_N_sum_except_wall,task,hpobench:nasbench101:A,0,[2200],1,0,1,1,0,0,,,,1,0,1,1,1
qwen3.8-2.4t-a95b-fp8,poolact,tuning,cost_tight,poolact,4,wall_time_seconds,seconds,,planned_analysis_unit; Audit_mean_once; pool_resources_N_sum_except_wall,task,hpobench:nasbench101:A,1,[2204],1,0,1,1,0,0,,,,1,0,1,1,1
qwen3.8-2.4t-a95b-fp8,poolact,tuning,cost_tight,poolact,4,wall_time_seconds,seconds,,planned_analysis_unit; Audit_mean_once; pool_resources_N_sum_except_wall,task,hpobench:nasbench101:A,2,[2208],1,0,1,1,0,0,,,,1,0,1,1,1
qwen3.8-2.4t-a95b-fp8,poolact,tuning,cost_tight,poolact,4,wall_time_seconds,seconds,,planned_analysis_unit; Audit_mean_once; pool_resources_N_sum_except_wall,task,hpobench:nasbench101:B,0,[2200],1,0,1,1,0,0,,,,1,0,1,1,1
qwen3.8-2.4t-a95b-fp8,poolact,tuning,cost_tight,poolact,4,wall_time_seconds,seconds,,planned_analysis_unit; Audit_mean_once; pool_resources_N_sum_except_wall,task,hpobench:nasbench101:B,1,[2204],1,0,1,1,0,0,,,,1,0,1,1,1
qwen3.8-2.4t-a95b-fp8,poolact,tuning,cost_tight,poolact,4,wall_time_seconds,seconds,,planned_analysis_unit; Audit_mean_once; pool_resources_N_sum_except_wall,task,hpobench:nasbench101:B,2,[2208],1,0,1,1,0,0,,,,1,0,1,1,1
qwen3.8-2.4t-a95b-fp8,poolact,tuning,cost_tight,poolact,4,wall_time_seconds,seconds,,planned_analysis_unit; Audit_mean_once; pool_resources_N_sum_except_wall,task,hpobench:nasbench101:C,0,[2200],1,0,1,1,0,0,,,,1,0,1,1,1
qwen3.8-2.4t-a95b-fp8,poolact,tuning,cost_tight,poolact,4,wall_time_seconds,seconds,,planned_analysis_unit; Audit_mean_once; pool_resources_N_sum_except_wall,task,hpobench:nasbench101:C,1,[2204],1,0,1,1,0,0,,,,1,0,1,1,1
qwen3.8-2.4t-a95b-fp8,poolact,tuning,cost_tight,poolact,4,wall_time_seconds,seconds,,planned_analysis_unit; Audit_mean_once; pool_resources_N_sum_except_wall,task,hpobench:nasbench101:C,2,[2208],1,0,1,1,0,0,,,,1,0,1,1,1
