slot_id,model,system,scenario,item,regime,strategy,seed,outer_repeat,scoring_release,poolact_protocol,old_metrics_json,new_metrics_json,old_score_complete,new_score_complete,new_final_present,answer_changed,extracted_answer_changed,score_source_changed,score_changed,action_control_flow_changed,reason,source_sha256,source_path
89c9112cc92151495e485abb,deepseek-v4-flash-0731,expgym,tuning,hpobench:nasbench101:A,cost_free,single,2200,0,existing_trace_rescored,n1,"{""gap"": 99.28332342644987, ""gap0"": 99.28332342644987, ""raw_perf"": 0.941038986047109}","{""gap"": 99.28332342644987, ""gap0"": 99.28332342644987, ""raw_perf"": 0.941038986047109}",True,True,True,False,False,False,False,False,visible_configuration_match,d2ff72dbb62df9bd601f8981f602727b1da5376d6a848e6a0dcfe718a88d328d,../deliveries/paper-ad03e8c-20260916/trajectories/deepseek-v4-flash-0731/expgym/89c9112cc92151495e485abb.json
3e3dc1bbb05a0b2fb57e1299,deepseek-v4-flash-0731,expgym,tuning,hpobench:nasbench101:A,cost_free,single,2204,1,existing_trace_rescored,n1,"{""gap"": 0.0, ""gap0"": 0.0, ""raw_perf"": 0.0}","{""gap"": 0.0, ""gap0"": 0.0, ""raw_perf"": 0.0}",True,True,True,False,False,False,False,False,invalid_configuration_zero,f3a7984f5532e53e46c6ab8d840276353d1ad93bc9a857120cb3f8e6ac77c50b,../deliveries/paper-ad03e8c-20260916/trajectories/deepseek-v4-flash-0731/expgym/3e3dc1bbb05a0b2fb57e1299.json
bd8dc3368f85d96aa8038571,deepseek-v4-flash-0731,expgym,tuning,hpobench:nasbench101:A,cost_free,single,2208,2,existing_trace_rescored,n1,"{""gap"": null, ""gap0"": 0.0, ""raw_perf"": null}","{""gap"": null, ""gap0"": 0.0, ""raw_perf"": null}",False,False,False,False,False,False,False,False,no_accepted_final_configuration,cba57b66f5b1722848c458f201fa38fda60b858e8c918fcae9d96ce49aed6409,../deliveries/paper-ad03e8c-20260916/trajectories/deepseek-v4-flash-0731/expgym/bd8dc3368f85d96aa8038571.json
7bebb7ba98193f9b1673a1b8,deepseek-v4-flash-0731,expgym,tuning,hpobench:nasbench101:B,cost_free,single,2200,0,existing_trace_rescored,n1,"{""gap"": 94.79889752195012, ""gap0"": 94.79889752195012, ""raw_perf"": 0.9356971184412638}","{""gap"": 94.79889752195012, ""gap0"": 94.79889752195012, ""raw_perf"": 0.9356971184412638}",True,True,True,False,False,False,False,False,visible_configuration_match,465ef6fe34cf1031f1bdceb46efcb413e3b6853b84e86a54a13f66d79726e3a3,../deliveries/paper-ad03e8c-20260916/trajectories/deepseek-v4-flash-0731/expgym/7bebb7ba98193f9b1673a1b8.json
e3b613d7797be0ca8cc5f37a,deepseek-v4-flash-0731,expgym,tuning,hpobench:nasbench101:B,cost_free,single,2204,1,existing_trace_rescored,n1,"{""gap"": 98.49337730571698, ""gap0"": 98.49337730571698, ""raw_perf"": 0.9451121687889099}","{""gap"": 98.49337730571698, ""gap0"": 98.49337730571698, ""raw_perf"": 0.9451121687889099}",True,True,True,False,False,False,False,False,visible_configuration_match,b4c8e3fbb5481a2c8c6fbd6dd5b5080e81fc87b65b3902adab36ddd0ca7f6f4f,../deliveries/paper-ad03e8c-20260916/trajectories/deepseek-v4-flash-0731/expgym/e3b613d7797be0ca8cc5f37a.json
02bc14a3ea9c1930b6f012d4,deepseek-v4-flash-0731,expgym,tuning,hpobench:nasbench101:B,cost_free,single,2208,2,existing_trace_rescored,n1,"{""gap"": 67.1164596858555, ""gap0"": 67.1164596858555, ""raw_perf"": 0.8651509086290995}","{""gap"": 67.1164596858555, ""gap0"": 67.1164596858555, ""raw_perf"": 0.8651509086290995}",True,True,True,False,False,False,False,False,visible_configuration_match,ff09770251523dc5b512882a7bdbf443a28e11b6fb665a3ddd562dd5b1ef3634,../deliveries/paper-ad03e8c-20260916/trajectories/deepseek-v4-flash-0731/expgym/02bc14a3ea9c1930b6f012d4.json
4d123c2f2285b5bc16f147c3,deepseek-v4-flash-0731,expgym,tuning,hpobench:nasbench101:C,cost_free,single,2200,0,existing_trace_rescored,n1,"{""gap"": 98.87172661189092, ""gap0"": 98.87172661189092, ""raw_perf"": 0.9392027060190836}","{""gap"": 98.87172661189092, ""gap0"": 98.87172661189092, ""raw_perf"": 0.9392027060190836}",True,True,True,False,False,False,False,False,visible_configuration_match,ba8a5e40a4040b6aa1114ed889b9eb0aaf271a30881243672feef1fa9838159f,../deliveries/paper-ad03e8c-20260916/trajectories/deepseek-v4-flash-0731/expgym/4d123c2f2285b5bc16f147c3.json
d9b88d5ed17473eb7a1a27ca,deepseek-v4-flash-0731,expgym,tuning,hpobench:nasbench101:C,cost_free,single,2204,1,existing_trace_rescored,n1,"{""gap"": 82.36116444504825, ""gap0"": 82.36116444504825, ""raw_perf"": 0.845886747042338}","{""gap"": 82.36116444504825, ""gap0"": 82.36116444504825, ""raw_perf"": 0.845886747042338}",True,True,True,False,False,False,False,False,visible_configuration_match,6a71992cc37603d52145befa83158ed3caac868e24b6a8deeca3dd0a7f0a8e60,../deliveries/paper-ad03e8c-20260916/trajectories/deepseek-v4-flash-0731/expgym/d9b88d5ed17473eb7a1a27ca.json
0989a01e765f7b750113e2cf,deepseek-v4-flash-0731,expgym,tuning,hpobench:nasbench101:C,cost_free,single,2208,2,existing_trace_rescored,n1,"{""gap"": null, ""gap0"": 0.0, ""raw_perf"": null}","{""gap"": null, ""gap0"": 0.0, ""raw_perf"": null}",False,False,False,False,False,False,False,False,no_accepted_final_configuration,d053139e179a0651fad64830d4f44ecd2f251c604a92074554023cf7464fc456,../deliveries/paper-ad03e8c-20260916/trajectories/deepseek-v4-flash-0731/expgym/0989a01e765f7b750113e2cf.json
520fdbebbf06e42089863ca3,deepseek-v4-flash-0731,expgym,tuning,hpobench:nasbench201:cifar10-valid,cost_free,single,2200,0,existing_trace_rescored,n1,"{""gap"": 82.31154476532424, ""gap0"": 82.31154476532424, ""raw_perf"": 0.9019866665364583}","{""gap"": 82.31154476532424, ""gap0"": 82.31154476532424, ""raw_perf"": 0.9019866665364583}",True,True,True,False,False,False,False,False,visible_configuration_match,074128ea2dbc58a73acfbff039487a7fa03c747016f95494855ec7515adfa842,../deliveries/paper-ad03e8c-20260916/trajectories/deepseek-v4-flash-0731/expgym/520fdbebbf06e42089863ca3.json
20242745173e7a37a6f9aa39,deepseek-v4-flash-0731,expgym,tuning,hpobench:nasbench201:cifar10-valid,cost_free,single,2204,1,existing_trace_rescored,n1,"{""gap"": 100.0, ""gap0"": 100.0, ""raw_perf"": 0.9160666665039063}","{""gap"": 100.0, ""gap0"": 100.0, ""raw_perf"": 0.9160666665039063}",True,True,True,False,False,False,False,False,visible_configuration_match,de179861773d69d277526fc04f779545e95979bc4fcc453681eb9aea7855531f,../deliveries/paper-ad03e8c-20260916/trajectories/deepseek-v4-flash-0731/expgym/20242745173e7a37a6f9aa39.json
9c5e675b1d5b7ad74054651c,deepseek-v4-flash-0731,expgym,tuning,hpobench:nasbench201:cifar10-valid,cost_free,single,2208,2,existing_trace_rescored,n1,"{""gap"": null, ""gap0"": 0.0, ""raw_perf"": null}","{""gap"": null, ""gap0"": 0.0, ""raw_perf"": null}",False,False,False,False,False,False,False,False,no_accepted_final_configuration,0106530cf91273d20a3356538eb61ae16b9aae94f399ef90024404a8a125622e,../deliveries/paper-ad03e8c-20260916/trajectories/deepseek-v4-flash-0731/expgym/9c5e675b1d5b7ad74054651c.json
896a82a095ffd9bbe05b92cf,deepseek-v4-flash-0731,expgym,tuning,hpobench:nasbench201:cifar100,cost_free,single,2200,0,existing_trace_rescored,n1,"{""gap"": 85.23004152984714, ""gap0"": 85.23004152984714, ""raw_perf"": 0.7170000000000001}","{""gap"": 85.23004152984714, ""gap0"": 85.23004152984714, ""raw_perf"": 0.7170000000000001}",True,True,True,False,False,False,False,False,visible_configuration_match,8cf8c58a114c35e8e69ab981a512611f8e3e6ddf8865d2bb5e586128ef4c55b6,../deliveries/paper-ad03e8c-20260916/trajectories/deepseek-v4-flash-0731/expgym/896a82a095ffd9bbe05b92cf.json
2fac101987e464d8baf25ae1,deepseek-v4-flash-0731,expgym,tuning,hpobench:nasbench201:cifar100,cost_free,single,2204,1,existing_trace_rescored,n1,"{""gap"": 97.51558924069516, ""gap0"": 97.51558924069516, ""raw_perf"": 0.732}","{""gap"": 97.51558924069516, ""gap0"": 97.51558924069516, ""raw_perf"": 0.732}",True,True,True,False,False,False,False,False,legacy_best_visible_fallback,1124f948ef3a67ce2d74679d9b0e6d84a60ce3003d6fa3df703dfede1364903f,../deliveries/paper-ad03e8c-20260916/trajectories/deepseek-v4-flash-0731/expgym/2fac101987e464d8baf25ae1.json
7ce05a0752d831ba5fbb2374,deepseek-v4-flash-0731,expgym,tuning,hpobench:nasbench201:cifar100,cost_free,single,2208,2,existing_trace_rescored,n1,"{""gap"": 100.0, ""gap0"": 100.0, ""raw_perf"": 0.7350333333333333}","{""gap"": 100.0, ""gap0"": 100.0, ""raw_perf"": 0.7350333333333333}",True,True,True,False,False,False,False,False,visible_configuration_match,6dc78dc35b3dda7ec3de2bba09355ffe4238e9d431a2ba3c8f0106f039a9cdd4,../deliveries/paper-ad03e8c-20260916/trajectories/deepseek-v4-flash-0731/expgym/7ce05a0752d831ba5fbb2374.json
c7101783dbe65990d5daea05,deepseek-v4-flash-0731,expgym,tuning,hpobench:nasbench201:imagenet16-120,cost_free,single,2200,0,existing_trace_rescored,n1,"{""gap"": 96.25384645540578, ""gap0"": 96.25384645540578, ""raw_perf"": 0.46349999959309895}","{""gap"": 96.25384645540578, ""gap0"": 96.25384645540578, ""raw_perf"": 0.46349999959309895}",True,True,True,False,False,False,False,False,visible_configuration_match,386b2ad7efcb35994590a392041381cb1f7f75d3912a7374bbcdd7ed08e24cca,../deliveries/paper-ad03e8c-20260916/trajectories/deepseek-v4-flash-0731/expgym/c7101783dbe65990d5daea05.json
a96c8ea7425559bea04129c4,deepseek-v4-flash-0731,expgym,tuning,hpobench:nasbench201:imagenet16-120,cost_free,single,2204,1,existing_trace_rescored,n1,"{""gap"": 86.15186082139311, ""gap0"": 86.15186082139311, ""raw_perf"": 0.450166666531033}","{""gap"": 86.15186082139311, ""gap0"": 86.15186082139311, ""raw_perf"": 0.450166666531033}",True,True,True,False,False,False,False,False,visible_configuration_match,96c80e43da0393afe67e0da11e6c22f4a0f09375d21ee345c1fb965100e8cfde,../deliveries/paper-ad03e8c-20260916/trajectories/deepseek-v4-flash-0731/expgym/a96c8ea7425559bea04129c4.json
bd92b8b1099df1c84f42fcb5,deepseek-v4-flash-0731,expgym,tuning,hpobench:nasbench201:imagenet16-120,cost_free,single,2208,2,existing_trace_rescored,n1,"{""gap"": 87.11996795182625, ""gap0"": 87.11996795182625, ""raw_perf"": 0.4514444445122613}","{""gap"": 87.11996795182625, ""gap0"": 87.11996795182625, ""raw_perf"": 0.4514444445122613}",True,True,True,False,False,False,False,False,visible_configuration_match,019db7f5e10247fc890507cc724915961c22dd70bc36f4431a69958fbd917bf1,../deliveries/paper-ad03e8c-20260916/trajectories/deepseek-v4-flash-0731/expgym/bd92b8b1099df1c84f42fcb5.json
f00e4ec4eb2125ca0e51147f,deepseek-v4-flash-0731,expgym,tuning,hpobench:paramnet:adult:steps,cost_free,single,2200,0,existing_trace_rescored,n1,"{""gap"": 95.05458795957453, ""gap0"": 95.05458795957453, ""raw_perf"": 0.851694443501808}","{""gap"": 95.05458795957453, ""gap0"": 95.05458795957453, ""raw_perf"": 0.851694443501808}",True,True,True,False,False,False,False,False,visible_configuration_match,956d971ea792b64250d3b5cb06bc079fcdde9155fd7c2ee5ec2f117f41edb4be,../deliveries/paper-ad03e8c-20260916/trajectories/deepseek-v4-flash-0731/expgym/f00e4ec4eb2125ca0e51147f.json
64ff162c3d5212c504b6f08d,deepseek-v4-flash-0731,expgym,tuning,hpobench:paramnet:adult:steps,cost_free,single,2204,1,existing_trace_rescored,n1,"{""gap"": 72.01344351468897, ""gap0"": 72.01344351468897, ""raw_perf"": 0.8422037010656462}","{""gap"": 72.01344351468897, ""gap0"": 72.01344351468897, ""raw_perf"": 0.8422037010656462}",True,True,True,False,False,False,False,False,visible_configuration_match,2dc7fa169b91f87009744170bf2c8c9afb5f8476ebb907ffd776728265cbb598,../deliveries/paper-ad03e8c-20260916/trajectories/deepseek-v4-flash-0731/expgym/64ff162c3d5212c504b6f08d.json
9064c8c34e8722bafdf67d60,deepseek-v4-flash-0731,expgym,tuning,hpobench:paramnet:adult:steps,cost_free,single,2208,2,existing_trace_rescored,n1,"{""gap"": null, ""gap0"": 0.0, ""raw_perf"": null}","{""gap"": null, ""gap0"": 0.0, ""raw_perf"": null}",False,False,False,False,False,False,False,False,no_accepted_final_configuration,f1714557486d55646819c88751e4a1d31d45614efbb38c737a7b3030bd4425d6,../deliveries/paper-ad03e8c-20260916/trajectories/deepseek-v4-flash-0731/expgym/9064c8c34e8722bafdf67d60.json
f52190f30fe09428607ac3fe,deepseek-v4-flash-0731,expgym,tuning,hpobench:paramnet:higgs:steps,cost_free,single,2200,0,existing_trace_rescored,n1,"{""gap"": 94.50934203250021, ""gap0"": 94.50934203250021, ""raw_perf"": 0.7162869031899145}","{""gap"": 94.50934203250021, ""gap0"": 94.50934203250021, ""raw_perf"": 0.7162869031899145}",True,True,True,False,False,False,False,False,visible_configuration_match,f8ff541ed3460c064d37d0bef4e41eaa013b5b75802a028cbc9f41da6193c086,../deliveries/paper-ad03e8c-20260916/trajectories/deepseek-v4-flash-0731/expgym/f52190f30fe09428607ac3fe.json
848a30d9deab1ebce72503fb,deepseek-v4-flash-0731,expgym,tuning,hpobench:paramnet:higgs:steps,cost_free,single,2204,1,existing_trace_rescored,n1,"{""gap"": null, ""gap0"": 0.0, ""raw_perf"": null}","{""gap"": null, ""gap0"": 0.0, ""raw_perf"": null}",False,False,False,False,False,False,False,False,no_accepted_final_configuration,ae2f6773a1d081b3e36219c3463ac83f9e7354d8eaf354b01de9f4f4d823756f,../deliveries/paper-ad03e8c-20260916/trajectories/deepseek-v4-flash-0731/expgym/848a30d9deab1ebce72503fb.json
0e54fd58fba6fc237ae727fd,deepseek-v4-flash-0731,expgym,tuning,hpobench:paramnet:higgs:steps,cost_free,single,2208,2,existing_trace_rescored,n1,"{""gap"": 20.16287898720514, ""gap0"": 20.16287898720514, ""raw_perf"": 0.6515821149829788}","{""gap"": 20.16287898720514, ""gap0"": 20.16287898720514, ""raw_perf"": 0.6515821149829788}",True,True,True,False,False,False,False,False,legacy_best_visible_fallback,207051ad32522631cf8004420789a42b0372e209aa753706f46c5557a6bb090e,../deliveries/paper-ad03e8c-20260916/trajectories/deepseek-v4-flash-0731/expgym/0e54fd58fba6fc237ae727fd.json
18a561a0023ef10a06987794,deepseek-v4-flash-0731,expgym,tuning,hpobench:paramnet:letter:steps,cost_free,single,2200,0,existing_trace_rescored,n1,"{""gap"": null, ""gap0"": 0.0, ""raw_perf"": null}","{""gap"": null, ""gap0"": 0.0, ""raw_perf"": null}",False,False,False,False,False,False,False,False,no_accepted_final_configuration,2c388540f5d80ccca4040268b543f74322a9a5690798d3956f4d61c9f5a78f19,../deliveries/paper-ad03e8c-20260916/trajectories/deepseek-v4-flash-0731/expgym/18a561a0023ef10a06987794.json
995c0131ad9d435e6b229fc5,deepseek-v4-flash-0731,expgym,tuning,hpobench:paramnet:letter:steps,cost_free,single,2204,1,existing_trace_rescored,n1,"{""gap"": null, ""gap0"": 0.0, ""raw_perf"": null}","{""gap"": null, ""gap0"": 0.0, ""raw_perf"": null}",False,False,False,False,False,False,False,False,no_accepted_final_configuration,a5d05155ed6cd484868750eec33722f69be67ddaad0b44a17bdf2cc445098797,../deliveries/paper-ad03e8c-20260916/trajectories/deepseek-v4-flash-0731/expgym/995c0131ad9d435e6b229fc5.json
24245cf46f633e0a017a5d0c,deepseek-v4-flash-0731,expgym,tuning,hpobench:paramnet:letter:steps,cost_free,single,2208,2,existing_trace_rescored,n1,"{""gap"": 92.28881711873208, ""gap0"": 92.28881711873208, ""raw_perf"": 0.9246494806268429}","{""gap"": 92.28881711873208, ""gap0"": 92.28881711873208, ""raw_perf"": 0.9246494806268429}",True,True,True,False,False,False,False,False,visible_configuration_match,3ecd548f5d17525664c8b5b4998a5234ab2c7c893e0b0e8309166c45fea27a41,../deliveries/paper-ad03e8c-20260916/trajectories/deepseek-v4-flash-0731/expgym/24245cf46f633e0a017a5d0c.json
0016121d751a9d44a44dd77a,deepseek-v4-flash-0731,expgym,tuning,hpobench:nasbench101:A,cost_moderate,single,2200,0,existing_trace_rescored,n1,"{""gap"": 93.19869576429527, ""gap0"": 93.19869576429527, ""raw_perf"": 0.8982371886571249}","{""gap"": 93.19869576429527, ""gap0"": 93.19869576429527, ""raw_perf"": 0.8982371886571249}",True,True,True,False,False,False,False,False,visible_configuration_match,99cc2846f1190309d9744b2c3134ea5598412147ac1794cca94a614686a94ec1,../deliveries/paper-ad03e8c-20260916/trajectories/deepseek-v4-flash-0731/expgym/0016121d751a9d44a44dd77a.json
bd500d31c50418ea04277a7b,deepseek-v4-flash-0731,expgym,tuning,hpobench:nasbench101:A,cost_moderate,single,2204,1,existing_trace_rescored,n1,"{""gap"": 99.22162374823655, ""gap0"": 99.22162374823655, ""raw_perf"": 0.9406049648920695}","{""gap"": 99.22162374823655, ""gap0"": 99.22162374823655, ""raw_perf"": 0.9406049648920695}",True,True,True,False,False,False,False,False,visible_configuration_match,de33163457de952aea45ec12028ddfdfe51c64e63e6e5d5c095327018211cc57,../deliveries/paper-ad03e8c-20260916/trajectories/deepseek-v4-flash-0731/expgym/bd500d31c50418ea04277a7b.json
e49629a3ed66653d979389f9,deepseek-v4-flash-0731,expgym,tuning,hpobench:nasbench101:A,cost_moderate,single,2208,2,existing_trace_rescored,n1,"{""gap"": 0.0, ""gap0"": 0.0, ""raw_perf"": 0.0}","{""gap"": 0.0, ""gap0"": 0.0, ""raw_perf"": 0.0}",True,True,True,False,False,False,False,False,invalid_configuration_zero,ae46d93e69a72824b6d07d1c75b305ed1b9fd8d1d33cade5e320e1ed4d6c2ca0,../deliveries/paper-ad03e8c-20260916/trajectories/deepseek-v4-flash-0731/expgym/e49629a3ed66653d979389f9.json
6c4fcbf467ffbc354381df55,deepseek-v4-flash-0731,expgym,tuning,hpobench:nasbench101:B,cost_moderate,single,2200,0,existing_trace_rescored,n1,"{""gap"": 0.0, ""gap0"": 0.0, ""raw_perf"": 0.0}","{""gap"": 0.0, ""gap0"": 0.0, ""raw_perf"": 0.0}",True,True,True,False,False,False,False,False,legacy_best_visible_fallback,c7e7a714cab7f6bf71b64881b5d9c8cdab3a242f34399d681b2c49e6d960c0da,../deliveries/paper-ad03e8c-20260916/trajectories/deepseek-v4-flash-0731/expgym/6c4fcbf467ffbc354381df55.json
286bcbaf084b172120323b35,deepseek-v4-flash-0731,expgym,tuning,hpobench:nasbench101:B,cost_moderate,single,2204,1,existing_trace_rescored,n1,"{""gap"": 87.38371893988143, ""gap0"": 87.38371893988143, ""raw_perf"": 0.9168002009391785}","{""gap"": 87.38371893988143, ""gap0"": 87.38371893988143, ""raw_perf"": 0.9168002009391785}",True,True,True,False,False,False,False,False,visible_configuration_match,de9d9a6c72cc002054eeccd5a7168b231b47b8f09a34f67810b36666424d87b1,../deliveries/paper-ad03e8c-20260916/trajectories/deepseek-v4-flash-0731/expgym/286bcbaf084b172120323b35.json
f64de94c0fb93d5c739716ce,deepseek-v4-flash-0731,expgym,tuning,hpobench:nasbench101:B,cost_moderate,single,2208,2,existing_trace_rescored,n1,"{""gap"": 85.61508541554183, ""gap0"": 85.61508541554183, ""raw_perf"": 0.912292997042338}","{""gap"": 85.61508541554183, ""gap0"": 85.61508541554183, ""raw_perf"": 0.912292997042338}",True,True,True,False,False,False,False,False,visible_configuration_match,400b7b6469904117faa5975f2ab20710a7b592b82c1fe0a4b44421a754c66234,../deliveries/paper-ad03e8c-20260916/trajectories/deepseek-v4-flash-0731/expgym/f64de94c0fb93d5c739716ce.json
ea0573e949fb33226debb15e,deepseek-v4-flash-0731,expgym,tuning,hpobench:nasbench101:C,cost_moderate,single,2200,0,existing_trace_rescored,n1,"{""gap"": 99.16709077558693, ""gap0"": 99.16709077558693, ""raw_perf"": 0.940872073173523}","{""gap"": 99.16709077558693, ""gap0"": 99.16709077558693, ""raw_perf"": 0.940872073173523}",True,True,True,False,False,False,False,False,visible_configuration_match,ac113555c2eeda42dd4a6f78b1d4f2d4a849410f8e8944fd8da8bd411a9ed520,../deliveries/paper-ad03e8c-20260916/trajectories/deepseek-v4-flash-0731/expgym/ea0573e949fb33226debb15e.json
b50841f7974d062de62c358a,deepseek-v4-flash-0731,expgym,tuning,hpobench:nasbench101:C,cost_moderate,single,2204,1,existing_trace_rescored,n1,"{""gap"": 99.35611652848807, ""gap0"": 99.35611652848807, ""raw_perf"": 0.941940426826477}","{""gap"": 99.35611652848807, ""gap0"": 99.35611652848807, ""raw_perf"": 0.941940426826477}",True,True,True,False,False,False,False,False,legacy_best_visible_fallback,973392157fc03723683964aac30d2f7a734e52830a06c3a2b13f66e010f86fe4,../deliveries/paper-ad03e8c-20260916/trajectories/deepseek-v4-flash-0731/expgym/b50841f7974d062de62c358a.json
9f725abddcb7ccfd4ecd5857,deepseek-v4-flash-0731,expgym,tuning,hpobench:nasbench101:C,cost_moderate,single,2208,2,existing_trace_rescored,n1,"{""gap"": 82.95188222648213, ""gap0"": 82.95188222648213, ""raw_perf"": 0.8492254217465719}","{""gap"": 82.95188222648213, ""gap0"": 82.95188222648213, ""raw_perf"": 0.8492254217465719}",True,True,True,False,False,False,False,False,visible_configuration_match,4e77838be6458d5c0feab2a7bcf4cbb28ce5839a744627f03bb4475ff9ea4bf2,../deliveries/paper-ad03e8c-20260916/trajectories/deepseek-v4-flash-0731/expgym/9f725abddcb7ccfd4ecd5857.json
4e409c4a399d3bee4e0027a9,deepseek-v4-flash-0731,expgym,tuning,hpobench:nasbench201:cifar10-valid,cost_moderate,single,2200,0,existing_trace_rescored,n1,"{""gap"": 84.95811288420695, ""gap0"": 84.95811288420695, ""raw_perf"": 0.904093333203125}","{""gap"": 84.95811288420695, ""gap0"": 84.95811288420695, ""raw_perf"": 0.904093333203125}",True,True,True,False,False,False,False,False,visible_configuration_match,763aaaf80a2c0ad865a1a6f9bd097c64be78932f004c1ab1aa49870098b8b3d4,../deliveries/paper-ad03e8c-20260916/trajectories/deepseek-v4-flash-0731/expgym/4e409c4a399d3bee4e0027a9.json
c9b10b467298144330254c57,deepseek-v4-flash-0731,expgym,tuning,hpobench:nasbench201:cifar10-valid,cost_moderate,single,2204,1,existing_trace_rescored,n1,"{""gap"": 91.12227169419997, ""gap0"": 91.12227169419997, ""raw_perf"": 0.9089999999918621}","{""gap"": 91.12227169419997, ""gap0"": 91.12227169419997, ""raw_perf"": 0.9089999999918621}",True,True,True,False,False,False,False,False,visible_configuration_match,200ca770a7a9b7a8cc0131da39700b032ea0e2cf2f5005c37cbfd85437d598c8,../deliveries/paper-ad03e8c-20260916/trajectories/deepseek-v4-flash-0731/expgym/c9b10b467298144330254c57.json
f8da720ba419fd9f2cab42a6,deepseek-v4-flash-0731,expgym,tuning,hpobench:nasbench201:cifar10-valid,cost_moderate,single,2208,2,existing_trace_rescored,n1,"{""gap"": 82.31154476532424, ""gap0"": 82.31154476532424, ""raw_perf"": 0.9019866665364583}","{""gap"": 82.31154476532424, ""gap0"": 82.31154476532424, ""raw_perf"": 0.9019866665364583}",True,True,True,False,False,False,False,False,visible_configuration_match,58b0164492ff7c31c29a559d9b714d19233ad43098fba4cd0933a1818c7e243e,../deliveries/paper-ad03e8c-20260916/trajectories/deepseek-v4-flash-0731/expgym/f8da720ba419fd9f2cab42a6.json
4cd74678c6a45596ac7f0e50,deepseek-v4-flash-0731,expgym,tuning,hpobench:nasbench201:cifar100,cost_moderate,single,2200,0,existing_trace_rescored,n1,"{""gap"": 100.0, ""gap0"": 100.0, ""raw_perf"": 0.7350333333333333}","{""gap"": 100.0, ""gap0"": 100.0, ""raw_perf"": 0.7350333333333333}",True,True,True,False,False,False,False,False,visible_configuration_match,66c4da89019560c9bb54e87fd2c41d00d99f1081cf6d70827606f24f26b09882,../deliveries/paper-ad03e8c-20260916/trajectories/deepseek-v4-flash-0731/expgym/4cd74678c6a45596ac7f0e50.json
504d5a8dbcb7f9c87f7da2c5,deepseek-v4-flash-0731,expgym,tuning,hpobench:nasbench201:cifar100,cost_moderate,single,2204,1,existing_trace_rescored,n1,"{""gap"": 78.73235185166527, ""gap0"": 78.73235185166527, ""raw_perf"": 0.7090666666666667}","{""gap"": 78.73235185166527, ""gap0"": 78.73235185166527, ""raw_perf"": 0.7090666666666667}",True,True,True,False,False,False,False,False,visible_configuration_match,cb067ecb2a847b4f4ea18a0e5d7daaa12429f9e76727c0ee93d708a457809b65,../deliveries/paper-ad03e8c-20260916/trajectories/deepseek-v4-flash-0731/expgym/504d5a8dbcb7f9c87f7da2c5.json
e2a3441c8df7fb59e5b85bdc,deepseek-v4-flash-0731,expgym,tuning,hpobench:nasbench201:cifar100,cost_moderate,single,2208,2,existing_trace_rescored,n1,"{""gap"": 85.01163179276543, ""gap0"": 85.01163179276543, ""raw_perf"": 0.7167333333333334}","{""gap"": 85.01163179276543, ""gap0"": 85.01163179276543, ""raw_perf"": 0.7167333333333334}",True,True,True,False,False,False,False,False,visible_configuration_match,b5156d43170b08868946814abfe18d9cc13e661ae7761988aabf635b125cbe46,../deliveries/paper-ad03e8c-20260916/trajectories/deepseek-v4-flash-0731/expgym/e2a3441c8df7fb59e5b85bdc.json
cabe94567e69debc5fc647d9,deepseek-v4-flash-0731,expgym,tuning,hpobench:nasbench201:imagenet16-120,cost_moderate,single,2200,0,existing_trace_rescored,n1,"{""gap"": 95.66456428207825, ""gap0"": 95.66456428207825, ""raw_perf"": 0.4627222222561307}","{""gap"": 95.66456428207825, ""gap0"": 95.66456428207825, ""raw_perf"": 0.4627222222561307}",True,True,True,False,False,False,False,False,visible_configuration_match,c0370f979747692137759f6eebae90e0daaa68a5176ea8ced4af6b70536157b4,../deliveries/paper-ad03e8c-20260916/trajectories/deepseek-v4-flash-0731/expgym/cabe94567e69debc5fc647d9.json
60a0ff5f41e4d4afd5a1fa19,deepseek-v4-flash-0731,expgym,tuning,hpobench:nasbench201:imagenet16-120,cost_moderate,single,2204,1,existing_trace_rescored,n1,"{""gap"": 96.29593816583329, ""gap0"": 96.29593816583329, ""raw_perf"": 0.46355555528428827}","{""gap"": 96.29593816583329, ""gap0"": 96.29593816583329, ""raw_perf"": 0.46355555528428827}",True,True,True,False,False,False,False,False,visible_configuration_match,05166aea614111f5bc043a61b524bbcfb18a05b9ee18b319a63807e307d533d3,../deliveries/paper-ad03e8c-20260916/trajectories/deepseek-v4-flash-0731/expgym/60a0ff5f41e4d4afd5a1fa19.json
31e9eace887d5579b9019586,deepseek-v4-flash-0731,expgym,tuning,hpobench:nasbench201:imagenet16-120,cost_moderate,single,2208,2,existing_trace_rescored,n1,"{""gap"": null, ""gap0"": 0.0, ""raw_perf"": null}","{""gap"": null, ""gap0"": 0.0, ""raw_perf"": null}",False,False,False,False,False,False,False,False,no_accepted_final_configuration,350e9f6fade47119fee8d62685bbf5845e3192af47205d342160240b7928dc80,../deliveries/paper-ad03e8c-20260916/trajectories/deepseek-v4-flash-0731/expgym/31e9eace887d5579b9019586.json
c9b2a2046a54666ebdf4e8e8,deepseek-v4-flash-0731,expgym,tuning,hpobench:paramnet:adult:steps,cost_moderate,single,2200,0,existing_trace_rescored,n1,"{""gap"": 87.9511885684869, ""gap0"": 87.9511885684869, ""raw_perf"": 0.8487685239927636}","{""gap"": 87.9511885684869, ""gap0"": 87.9511885684869, ""raw_perf"": 0.8487685239927636}",True,True,True,False,False,False,False,False,visible_configuration_match,90eb9e769fc03baaaae5081cfb0053183683a988c1e8f41daaf71312abd130cd,../deliveries/paper-ad03e8c-20260916/trajectories/deepseek-v4-flash-0731/expgym/c9b2a2046a54666ebdf4e8e8.json
5bcad7205ffb0ad9590b9f10,deepseek-v4-flash-0731,expgym,tuning,hpobench:paramnet:adult:steps,cost_moderate,single,2204,1,existing_trace_rescored,n1,"{""gap"": 89.52471679021812, ""gap0"": 89.52471679021812, ""raw_perf"": 0.8494166667577293}","{""gap"": 89.52471679021812, ""gap0"": 89.52471679021812, ""raw_perf"": 0.8494166667577293}",True,True,True,False,False,False,False,False,legacy_best_visible_fallback,3b3ebaffb3da689dc7329bd9af890167528fa355bda8141cc7147f400c01008a,../deliveries/paper-ad03e8c-20260916/trajectories/deepseek-v4-flash-0731/expgym/5bcad7205ffb0ad9590b9f10.json
b20adcf54b3605bd1632d09e,deepseek-v4-flash-0731,expgym,tuning,hpobench:paramnet:adult:steps,cost_moderate,single,2208,2,existing_trace_rescored,n1,"{""gap"": 84.62427228125986, ""gap0"": 84.62427228125986, ""raw_perf"": 0.8473981534513059}","{""gap"": 84.62427228125986, ""gap0"": 84.62427228125986, ""raw_perf"": 0.8473981534513059}",True,True,True,False,False,False,False,False,visible_configuration_match,422e22e54beaa3d8ebcf2d907437e1a1dda2264d84330f17276c2962c4d4814d,../deliveries/paper-ad03e8c-20260916/trajectories/deepseek-v4-flash-0731/expgym/b20adcf54b3605bd1632d09e.json
38ce4364e2ac4d99378577a8,deepseek-v4-flash-0731,expgym,tuning,hpobench:paramnet:higgs:steps,cost_moderate,single,2200,0,existing_trace_rescored,n1,"{""gap"": 90.03095946143641, ""gap0"": 90.03095946143641, ""raw_perf"": 0.7123893029020061}","{""gap"": 90.03095946143641, ""gap0"": 90.03095946143641, ""raw_perf"": 0.7123893029020061}",True,True,True,False,False,False,False,False,visible_configuration_match,372b21683527ee66f26202ddc5050fe7273bb7ecaac917b4f4cb10395e2b6aaf,../deliveries/paper-ad03e8c-20260916/trajectories/deepseek-v4-flash-0731/expgym/38ce4364e2ac4d99378577a8.json
9a2688d625f35cd8fb7495b8,deepseek-v4-flash-0731,expgym,tuning,hpobench:paramnet:higgs:steps,cost_moderate,single,2204,1,existing_trace_rescored,n1,"{""gap"": 98.56374244933129, ""gap0"": 98.56374244933129, ""raw_perf"": 0.7198155057559483}","{""gap"": 98.56374244933129, ""gap0"": 98.56374244933129, ""raw_perf"": 0.7198155057559483}",True,True,True,False,False,False,False,False,visible_configuration_match,4299ea15a053d270812568f190441d39c636d27b97397b7fbe8df907713ece7c,../deliveries/paper-ad03e8c-20260916/trajectories/deepseek-v4-flash-0731/expgym/9a2688d625f35cd8fb7495b8.json
4f661afada9f4f48f3889e6a,deepseek-v4-flash-0731,expgym,tuning,hpobench:paramnet:higgs:steps,cost_moderate,single,2208,2,existing_trace_rescored,n1,"{""gap"": 89.3790782645753, ""gap0"": 89.3790782645753, ""raw_perf"": 0.7118219613896966}","{""gap"": 89.3790782645753, ""gap0"": 89.3790782645753, ""raw_perf"": 0.7118219613896966}",True,True,True,False,False,False,False,False,legacy_best_visible_fallback,4bee7b4ae61ea42b8bdd460f1a595bf3de2e245ba570fd315f4640760cacb9c6,../deliveries/paper-ad03e8c-20260916/trajectories/deepseek-v4-flash-0731/expgym/4f661afada9f4f48f3889e6a.json
584e5a5c2ec8e6cb9201d86d,deepseek-v4-flash-0731,expgym,tuning,hpobench:paramnet:letter:steps,cost_moderate,single,2200,0,existing_trace_rescored,n1,"{""gap"": 90.7896595617443, ""gap0"": 90.7896595617443, ""raw_perf"": 0.9167797376590852}","{""gap"": 90.7896595617443, ""gap0"": 90.7896595617443, ""raw_perf"": 0.9167797376590852}",True,True,True,False,False,False,False,False,visible_configuration_match,3d40da3430710f46345679491ce26739f47834d4222544d007bb6650c846efa0,../deliveries/paper-ad03e8c-20260916/trajectories/deepseek-v4-flash-0731/expgym/584e5a5c2ec8e6cb9201d86d.json
053a0c1cb2c9ac5f3a4ec552,deepseek-v4-flash-0731,expgym,tuning,hpobench:paramnet:letter:steps,cost_moderate,single,2204,1,existing_trace_rescored,n1,"{""gap"": null, ""gap0"": 0.0, ""raw_perf"": null}","{""gap"": null, ""gap0"": 0.0, ""raw_perf"": null}",False,False,False,False,False,False,False,False,no_accepted_final_configuration,7d99d7635a54e0fc65013790c3face22173b97f0e38b181a912e91144fcc4cd0,../deliveries/paper-ad03e8c-20260916/trajectories/deepseek-v4-flash-0731/expgym/053a0c1cb2c9ac5f3a4ec552.json
d1b0b7cadf644f5bee92df56,deepseek-v4-flash-0731,expgym,tuning,hpobench:paramnet:letter:steps,cost_moderate,single,2208,2,existing_trace_rescored,n1,"{""gap"": 6.681760547829507, ""gap0"": 6.681760547829507, ""raw_perf"": 0.4752600696879725}","{""gap"": 6.681760547829507, ""gap0"": 6.681760547829507, ""raw_perf"": 0.4752600696879725}",True,True,True,False,False,False,False,False,legacy_best_visible_fallback,9b8d97617e0c5b10c73cf48a61a36034bb3282e2c1c5618d4063f9db547ef0cf,../deliveries/paper-ad03e8c-20260916/trajectories/deepseek-v4-flash-0731/expgym/d1b0b7cadf644f5bee92df56.json
647826dc5fe48b22f0a4c82f,deepseek-v4-flash-0731,expgym,tuning,hpobench:nasbench101:A,cost_tight,single,2200,0,existing_trace_rescored,n1,"{""gap"": 85.75664976157574, ""gap0"": 85.75664976157574, ""raw_perf"": 0.845886747042338}","{""gap"": 85.75664976157574, ""gap0"": 85.75664976157574, ""raw_perf"": 0.845886747042338}",True,True,True,False,False,False,False,False,legacy_best_visible_fallback,4ff4f035174606019c9574fe76e0c9756e21fd1985378bdbc8befceb2f1a2746,../deliveries/paper-ad03e8c-20260916/trajectories/deepseek-v4-flash-0731/expgym/647826dc5fe48b22f0a4c82f.json
0defdd7dc02dfb5da59dd731,deepseek-v4-flash-0731,expgym,tuning,hpobench:nasbench101:A,cost_tight,single,2204,1,existing_trace_rescored,n1,"{""gap"": 98.85142003009625, ""gap0"": 98.85142003009625, ""raw_perf"": 0.9380007982254028}","{""gap"": 98.85142003009625, ""gap0"": 98.85142003009625, ""raw_perf"": 0.9380007982254028}",True,True,True,False,False,False,False,False,visible_configuration_match,a5caa497c91a0fcace257cca7352f931b0f1f83d550770715c03e3b5874d6fb1,../deliveries/paper-ad03e8c-20260916/trajectories/deepseek-v4-flash-0731/expgym/0defdd7dc02dfb5da59dd731.json
f308767c5cdebb261e46e256,deepseek-v4-flash-0731,expgym,tuning,hpobench:nasbench101:A,cost_tight,single,2208,2,existing_trace_rescored,n1,"{""gap"": 85.75664976157574, ""gap0"": 85.75664976157574, ""raw_perf"": 0.845886747042338}","{""gap"": 85.75664976157574, ""gap0"": 85.75664976157574, ""raw_perf"": 0.845886747042338}",True,True,True,False,False,False,False,False,visible_configuration_match,380c04d4fee89f7cef780bbaf88aabd093260b90bcd6a7f7bc824265bfb364b2,../deliveries/paper-ad03e8c-20260916/trajectories/deepseek-v4-flash-0731/expgym/f308767c5cdebb261e46e256.json
6a0f02f345774620ac0b5044,deepseek-v4-flash-0731,expgym,tuning,hpobench:nasbench101:B,cost_tight,single,2200,0,existing_trace_rescored,n1,"{""gap"": 95.1657220396099, ""gap0"": 95.1657220396099, ""raw_perf"": 0.9366319378217062}","{""gap"": 95.1657220396099, ""gap0"": 95.1657220396099, ""raw_perf"": 0.9366319378217062}",True,True,True,False,False,False,False,False,visible_configuration_match,3229a3923b85b02aa91dd69ed4fb2d0a8b56a2d630fe7579e3a8c77f9c374351,../deliveries/paper-ad03e8c-20260916/trajectories/deepseek-v4-flash-0731/expgym/6a0f02f345774620ac0b5044.json
72e4e941b76489f47e90e04f,deepseek-v4-flash-0731,expgym,tuning,hpobench:nasbench101:B,cost_tight,single,2204,1,existing_trace_rescored,n1,"{""gap"": 84.92073761491496, ""gap0"": 84.92073761491496, ""raw_perf"": 0.910523513952891}","{""gap"": 84.92073761491496, ""gap0"": 84.92073761491496, ""raw_perf"": 0.910523513952891}",True,True,True,False,False,False,False,False,visible_configuration_match,aa5440a399a39a8717874fa541691e369be1137dfe398c13b05beb770555ca38,../deliveries/paper-ad03e8c-20260916/trajectories/deepseek-v4-flash-0731/expgym/72e4e941b76489f47e90e04f.json
166e4efea6042fb189f92738,deepseek-v4-flash-0731,expgym,tuning,hpobench:nasbench101:B,cost_tight,single,2208,2,existing_trace_rescored,n1,"{""gap"": 75.44870346023217, ""gap0"": 75.44870346023217, ""raw_perf"": 0.8863848845163981}","{""gap"": 75.44870346023217, ""gap0"": 75.44870346023217, ""raw_perf"": 0.8863848845163981}",True,True,True,False,False,False,False,False,benchmark_evaluation,1e4e5db7cc014ab0a7450d9ae9a3aac6316137beaf649e5c2956e1ceea27dd53,../deliveries/paper-ad03e8c-20260916/trajectories/deepseek-v4-flash-0731/expgym/166e4efea6042fb189f92738.json
f11456ff6d9f288724b4f1b0,deepseek-v4-flash-0731,expgym,tuning,hpobench:nasbench101:C,cost_tight,single,2200,0,existing_trace_rescored,n1,"{""gap"": 82.36116444504825, ""gap0"": 82.36116444504825, ""raw_perf"": 0.845886747042338}","{""gap"": 82.36116444504825, ""gap0"": 82.36116444504825, ""raw_perf"": 0.845886747042338}",True,True,True,False,False,False,False,False,visible_configuration_match,2ee05aa8f44bbcce6078eae3c6cf24449ac1dc240d2bc204d8b0d8a8fe15d1ad,../deliveries/paper-ad03e8c-20260916/trajectories/deepseek-v4-flash-0731/expgym/f11456ff6d9f288724b4f1b0.json
e23544862f77cc8f93c0b71c,deepseek-v4-flash-0731,expgym,tuning,hpobench:nasbench101:C,cost_tight,single,2204,1,existing_trace_rescored,n1,"{""gap"": 82.36116444504825, ""gap0"": 82.36116444504825, ""raw_perf"": 0.845886747042338}","{""gap"": 82.36116444504825, ""gap0"": 82.36116444504825, ""raw_perf"": 0.845886747042338}",True,True,True,False,False,False,False,False,benchmark_evaluation,4cf88013fc6795260f4eff66b3a113abf793fb69432e3c4ac0de4eba2f7168eb,../deliveries/paper-ad03e8c-20260916/trajectories/deepseek-v4-flash-0731/expgym/e23544862f77cc8f93c0b71c.json
4c72d6358a5610ebfdd98d76,deepseek-v4-flash-0731,expgym,tuning,hpobench:nasbench101:C,cost_tight,single,2208,2,existing_trace_rescored,n1,"{""gap"": 91.15695048809212, ""gap0"": 91.15695048809212, ""raw_perf"": 0.8955996036529541}","{""gap"": 91.15695048809212, ""gap0"": 91.15695048809212, ""raw_perf"": 0.8955996036529541}",True,True,True,False,False,False,False,False,visible_configuration_match,bfa7e76453d424e0772c3c55ef42ac06bbffe3150241066a3d2e48cf7384ffad,../deliveries/paper-ad03e8c-20260916/trajectories/deepseek-v4-flash-0731/expgym/4c72d6358a5610ebfdd98d76.json
919c5d2fb79817cfec11954b,deepseek-v4-flash-0731,expgym,tuning,hpobench:nasbench201:cifar10-valid,cost_tight,single,2200,0,existing_trace_rescored,n1,"{""gap"": 82.31154476532424, ""gap0"": 82.31154476532424, ""raw_perf"": 0.9019866665364583}","{""gap"": 82.31154476532424, ""gap0"": 82.31154476532424, ""raw_perf"": 0.9019866665364583}",True,True,True,False,False,False,False,False,visible_configuration_match,388337c0adb45fad029839b21c9ed6f5e4a600d92b78c0bf730bee22ddab9865,../deliveries/paper-ad03e8c-20260916/trajectories/deepseek-v4-flash-0731/expgym/919c5d2fb79817cfec11954b.json
cb096f6e6707bffee0aed337,deepseek-v4-flash-0731,expgym,tuning,hpobench:nasbench201:cifar10-valid,cost_tight,single,2204,1,existing_trace_rescored,n1,"{""gap"": 82.31154476532424, ""gap0"": 82.31154476532424, ""raw_perf"": 0.9019866665364583}","{""gap"": 82.31154476532424, ""gap0"": 82.31154476532424, ""raw_perf"": 0.9019866665364583}",True,True,True,False,False,False,False,False,visible_configuration_match,0069638feb1c47368de6986cebc5c6d4f37c621f6a33c6f533f1498786eaedd5,../deliveries/paper-ad03e8c-20260916/trajectories/deepseek-v4-flash-0731/expgym/cb096f6e6707bffee0aed337.json
78744731fc174ba80b99f0da,deepseek-v4-flash-0731,expgym,tuning,hpobench:nasbench201:cifar10-valid,cost_tight,single,2208,2,existing_trace_rescored,n1,"{""gap"": 82.31154476532424, ""gap0"": 82.31154476532424, ""raw_perf"": 0.9019866665364583}","{""gap"": 82.31154476532424, ""gap0"": 82.31154476532424, ""raw_perf"": 0.9019866665364583}",True,True,True,False,False,False,False,False,visible_configuration_match,2bcabd9ed8a076b4eac2c64dbe294dfffa4dd60c0d4e0d2f27628deb2279ba5b,../deliveries/paper-ad03e8c-20260916/trajectories/deepseek-v4-flash-0731/expgym/78744731fc174ba80b99f0da.json
7942362bb20dd64582748d41,deepseek-v4-flash-0731,expgym,tuning,hpobench:nasbench201:cifar100,cost_tight,single,2200,0,existing_trace_rescored,n1,"{""gap"": 100.0, ""gap0"": 100.0, ""raw_perf"": 0.7350333333333333}","{""gap"": 100.0, ""gap0"": 100.0, ""raw_perf"": 0.7350333333333333}",True,True,True,False,False,False,False,False,visible_configuration_match,df5043606cc579105c7a676a32d8e655b80f6130eb9c9226a064c322b6baa0d1,../deliveries/paper-ad03e8c-20260916/trajectories/deepseek-v4-flash-0731/expgym/7942362bb20dd64582748d41.json
3407f9374da60cf7fe9f913c,deepseek-v4-flash-0731,expgym,tuning,hpobench:nasbench201:cifar100,cost_tight,single,2204,1,existing_trace_rescored,n1,"{""gap"": 78.73235185166527, ""gap0"": 78.73235185166527, ""raw_perf"": 0.7090666666666667}","{""gap"": 78.73235185166527, ""gap0"": 78.73235185166527, ""raw_perf"": 0.7090666666666667}",True,True,True,False,False,False,False,False,visible_configuration_match,3013af441e4c46782b675796a35fc593589e35e9f1b7b771cb096a184383dc45,../deliveries/paper-ad03e8c-20260916/trajectories/deepseek-v4-flash-0731/expgym/3407f9374da60cf7fe9f913c.json
23fe847ce436008f50b587ec,deepseek-v4-flash-0731,expgym,tuning,hpobench:nasbench201:cifar100,cost_tight,single,2208,2,existing_trace_rescored,n1,"{""gap"": 94.23944318446901, ""gap0"": 94.23944318446901, ""raw_perf"": 0.728}","{""gap"": 94.23944318446901, ""gap0"": 94.23944318446901, ""raw_perf"": 0.728}",True,True,True,False,False,False,False,False,visible_configuration_match,094e5e01d93c9abd8890ebaa7090f516cab3dd07dafb216b804ce82f96dddd80,../deliveries/paper-ad03e8c-20260916/trajectories/deepseek-v4-flash-0731/expgym/23fe847ce436008f50b587ec.json
55d245ac8cda67c384e18ae9,deepseek-v4-flash-0731,expgym,tuning,hpobench:nasbench201:imagenet16-120,cost_tight,single,2200,0,existing_trace_rescored,n1,"{""gap"": 56.5614606330794, ""gap0"": 56.5614606330794, ""raw_perf"": 0.41111111097547737}","{""gap"": 56.5614606330794, ""gap0"": 56.5614606330794, ""raw_perf"": 0.41111111097547737}",True,True,True,False,False,False,False,False,visible_configuration_match,45527fa0031d1159cf20b8352cde0254a3471a94ee68e86ff40c80e112e5dba6,../deliveries/paper-ad03e8c-20260916/trajectories/deepseek-v4-flash-0731/expgym/55d245ac8cda67c384e18ae9.json
db8445cc8b7abf36c276ab66,deepseek-v4-flash-0731,expgym,tuning,hpobench:nasbench201:imagenet16-120,cost_tight,single,2204,1,existing_trace_rescored,n1,"{""gap"": 56.5614606330794, ""gap0"": 56.5614606330794, ""raw_perf"": 0.41111111097547737}","{""gap"": 56.5614606330794, ""gap0"": 56.5614606330794, ""raw_perf"": 0.41111111097547737}",True,True,True,False,False,False,False,False,visible_configuration_match,decb08b8e2ef434181faa90c83cb59e72b75fdb670e3215bbbcf7cec1ee83890,../deliveries/paper-ad03e8c-20260916/trajectories/deepseek-v4-flash-0731/expgym/db8445cc8b7abf36c276ab66.json
6165feabe211e3c216455e79,deepseek-v4-flash-0731,expgym,tuning,hpobench:nasbench201:imagenet16-120,cost_tight,single,2208,2,existing_trace_rescored,n1,"{""gap"": 56.5614606330794, ""gap0"": 56.5614606330794, ""raw_perf"": 0.41111111097547737}","{""gap"": 56.5614606330794, ""gap0"": 56.5614606330794, ""raw_perf"": 0.41111111097547737}",True,True,True,False,False,False,False,False,visible_configuration_match,83bcba973a02772415427f67efee93fe0f82e92225aae25c4a6a096f5892e272,../deliveries/paper-ad03e8c-20260916/trajectories/deepseek-v4-flash-0731/expgym/6165feabe211e3c216455e79.json
c2822bfb0f7560f88ceae45c,deepseek-v4-flash-0731,expgym,tuning,hpobench:paramnet:adult:steps,cost_tight,single,2200,0,existing_trace_rescored,n1,"{""gap"": 72.01344351468897, ""gap0"": 72.01344351468897, ""raw_perf"": 0.8422037010656462}","{""gap"": 72.01344351468897, ""gap0"": 72.01344351468897, ""raw_perf"": 0.8422037010656462}",True,True,True,False,False,False,False,False,visible_configuration_match,2100bdffeb63d8f51038fdecb6b4676fb78c8441ef9a6d5c2353fc2d974e6fdc,../deliveries/paper-ad03e8c-20260916/trajectories/deepseek-v4-flash-0731/expgym/c2822bfb0f7560f88ceae45c.json
b431322d86edeb6f949f4d6d,deepseek-v4-flash-0731,expgym,tuning,hpobench:paramnet:adult:steps,cost_tight,single,2204,1,existing_trace_rescored,n1,"{""gap"": 72.01344351468897, ""gap0"": 72.01344351468897, ""raw_perf"": 0.8422037010656462}","{""gap"": 72.01344351468897, ""gap0"": 72.01344351468897, ""raw_perf"": 0.8422037010656462}",True,True,True,False,False,False,False,False,visible_configuration_match,0916408d5ecb404f0cc01136ca323597b22fc765fc61b9431a83eaf595c04d84,../deliveries/paper-ad03e8c-20260916/trajectories/deepseek-v4-flash-0731/expgym/b431322d86edeb6f949f4d6d.json
475358179bd6968267115cef,deepseek-v4-flash-0731,expgym,tuning,hpobench:paramnet:adult:steps,cost_tight,single,2208,2,existing_trace_rescored,n1,"{""gap"": null, ""gap0"": 0.0, ""raw_perf"": null}","{""gap"": null, ""gap0"": 0.0, ""raw_perf"": null}",False,False,False,False,False,False,False,False,no_accepted_final_configuration,9d5e1cae088d441f7c031e44427e9df9dbde243f10dabac4dafefb16d6c4df7e,../deliveries/paper-ad03e8c-20260916/trajectories/deepseek-v4-flash-0731/expgym/475358179bd6968267115cef.json
5384614ca7d1aef00a06fbb1,deepseek-v4-flash-0731,expgym,tuning,hpobench:paramnet:higgs:steps,cost_tight,single,2200,0,existing_trace_rescored,n1,"{""gap"": 86.78214513411211, ""gap0"": 86.78214513411211, ""raw_perf"": 0.7095618134107426}","{""gap"": 86.78214513411211, ""gap0"": 86.78214513411211, ""raw_perf"": 0.7095618134107426}",True,True,True,False,False,False,False,False,visible_configuration_match,1c1f3cf0e6b10a9d039687ec816aba3f435ac39ea229022ce96a4357dfed7608,../deliveries/paper-ad03e8c-20260916/trajectories/deepseek-v4-flash-0731/expgym/5384614ca7d1aef00a06fbb1.json
1a6c65604fe59d419b9e3431,deepseek-v4-flash-0731,expgym,tuning,hpobench:paramnet:higgs:steps,cost_tight,single,2204,1,existing_trace_rescored,n1,"{""gap"": 97.57796379662572, ""gap0"": 97.57796379662572, ""raw_perf"": 0.7189575685208794}","{""gap"": 97.57796379662572, ""gap0"": 97.57796379662572, ""raw_perf"": 0.7189575685208794}",True,True,True,False,False,False,False,False,visible_configuration_match,5db544235721b149ca26f0a342b7fabc0cf0593eb81d71e062214d8cb8befc5c,../deliveries/paper-ad03e8c-20260916/trajectories/deepseek-v4-flash-0731/expgym/1a6c65604fe59d419b9e3431.json
2afc7ec386bf0776db78eff4,deepseek-v4-flash-0731,expgym,tuning,hpobench:paramnet:higgs:steps,cost_tight,single,2208,2,existing_trace_rescored,n1,"{""gap"": null, ""gap0"": 0.0, ""raw_perf"": null}","{""gap"": null, ""gap0"": 0.0, ""raw_perf"": null}",False,False,False,False,False,False,False,False,no_accepted_final_configuration,3fc1d3c6199c038758a8c63055d36d3f3d0c1749503d40ef973bff840dcb03f9,../deliveries/paper-ad03e8c-20260916/trajectories/deepseek-v4-flash-0731/expgym/2afc7ec386bf0776db78eff4.json
de1cca8b58c51d0468b40276,deepseek-v4-flash-0731,expgym,tuning,hpobench:paramnet:letter:steps,cost_tight,single,2200,0,existing_trace_rescored,n1,"{""gap"": 98.90578725587737, ""gap0"": 98.90578725587737, ""raw_perf"": 0.9593848918329154}","{""gap"": 98.90578725587737, ""gap0"": 98.90578725587737, ""raw_perf"": 0.9593848918329154}",True,True,True,False,False,False,False,False,visible_configuration_match,cd82a9c89e07ca5920ee9a9ca4e3cccb19607c55f253f74d06faa64df09cd7cd,../deliveries/paper-ad03e8c-20260916/trajectories/deepseek-v4-flash-0731/expgym/de1cca8b58c51d0468b40276.json
7d0c86ddb9f4e643c85d1158,deepseek-v4-flash-0731,expgym,tuning,hpobench:paramnet:letter:steps,cost_tight,single,2204,1,existing_trace_rescored,n1,"{""gap"": 91.25922332505114, ""gap0"": 91.25922332505114, ""raw_perf"": 0.9192446861276256}","{""gap"": 91.25922332505114, ""gap0"": 91.25922332505114, ""raw_perf"": 0.9192446861276256}",True,True,True,False,False,False,False,False,visible_configuration_match,7347799233cb34aee0459f580b391f8cff4500aa869824fd392ae5866c55c298,../deliveries/paper-ad03e8c-20260916/trajectories/deepseek-v4-flash-0731/expgym/7d0c86ddb9f4e643c85d1158.json
48044289f15feb8a13f5b8a8,deepseek-v4-flash-0731,expgym,tuning,hpobench:paramnet:letter:steps,cost_tight,single,2208,2,existing_trace_rescored,n1,"{""gap"": 56.933687628744984, ""gap0"": 56.933687628744984, ""raw_perf"": 0.7390547241710635}","{""gap"": 56.933687628744984, ""gap0"": 56.933687628744984, ""raw_perf"": 0.7390547241710635}",True,True,True,False,False,False,False,False,visible_configuration_match,ea3e8577ea68c3cd9ed2bc19c701f349f0ba47f8cd1bb131c59d497d37d4f795,../deliveries/paper-ad03e8c-20260916/trajectories/deepseek-v4-flash-0731/expgym/48044289f15feb8a13f5b8a8.json
5f5d3891b927415347e801ef,deepseek-v4-flash-0731,poolact,tuning,hpobench:nasbench101:A,cost_moderate,cached,2200,0,existing_trace_rescored,paper-graph-lock-v4,"{""gap0_bon"": 99.420963560059, ""gap0_mi"": 95.95979590636415, ""gap_bon"": 99.420963560059, ""gap_mi"": 95.95979590636415, ""raw_perf_bon"": 0.9420072038968405, ""raw_perf_mi"": 0.9176599135001501}","{""gap0_bon"": 99.420963560059, ""gap0_mi"": 95.95979590636415, ""gap_bon"": 99.420963560059, ""gap_mi"": 95.95979590636415, ""raw_perf_bon"": 0.9420072038968405, ""raw_perf_mi"": 0.9176599135001501}",True,True,True,False,False,False,False,False,visible_configuration_match,65c51130db7eda80be6ddf8e3579372544dc0b1190d5641602ad451e0498d374,../deliveries/paper-ad03e8c-20260916/trajectories/deepseek-v4-flash-0731/poolact/5f5d3891b927415347e801ef.json
f92c5a1617d2bd509eebafd9,deepseek-v4-flash-0731,poolact,tuning,hpobench:nasbench101:A,cost_moderate,cached,2204,1,existing_trace_rescored,paper-graph-lock-v4,"{""gap0_bon"": 99.17416202277552, ""gap0_mi"": 96.25999400311396, ""gap_bon"": 99.17416202277552, ""gap_mi"": 96.25999400311396, ""raw_perf_bon"": 0.9402710994084676, ""raw_perf_mi"": 0.9197716315587362}","{""gap0_bon"": 99.17416202277552, ""gap0_mi"": 96.25999400311396, ""gap_bon"": 99.17416202277552, ""gap_mi"": 96.25999400311396, ""raw_perf_bon"": 0.9402710994084676, ""raw_perf_mi"": 0.9197716315587362}",True,True,True,False,False,False,False,False,visible_configuration_match,daadf9b1ad3889fbc9575db9946e7b70894d232767f1c264ddef714b9cf8b787,../deliveries/paper-ad03e8c-20260916/trajectories/deepseek-v4-flash-0731/poolact/f92c5a1617d2bd509eebafd9.json
4fe154834451a0e7dae3a51c,deepseek-v4-flash-0731,poolact,tuning,hpobench:nasbench101:A,cost_moderate,cached,2208,2,existing_trace_rescored,paper-graph-lock-v4,"{""gap0_bon"": 99.01753889364012, ""gap0_mi"": 97.98761182517386, ""gap_bon"": 99.01753889364012, ""gap_mi"": 97.98761182517386, ""raw_perf_bon"": 0.9391693472862244, ""raw_perf_mi"": 0.9319244126478831}","{""gap0_bon"": 99.01753889364012, ""gap0_mi"": 97.98761182517386, ""gap_bon"": 99.01753889364012, ""gap_mi"": 97.98761182517386, ""raw_perf_bon"": 0.9391693472862244, ""raw_perf_mi"": 0.9319244126478831}",True,True,True,False,False,False,False,False,visible_configuration_match,4105f021e13bb0f0856e92bdee13a11275ddc36a306900b91ad0adc5f69e53ba,../deliveries/paper-ad03e8c-20260916/trajectories/deepseek-v4-flash-0731/poolact/4fe154834451a0e7dae3a51c.json
39f6067a8d8643a20352d085,deepseek-v4-flash-0731,poolact,tuning,hpobench:nasbench101:B,cost_moderate,cached,2200,0,existing_trace_rescored,paper-graph-lock-v4,"{""gap0_bon"": 97.1308773300469, ""gap0_mi"": 95.27708073545043, ""gap_bon"": 97.1308773300469, ""gap_mi"": 95.27708073545043, ""raw_perf_bon"": 0.9416399598121643, ""raw_perf_mi"": 0.9369157254695892}","{""gap0_bon"": 97.1308773300469, ""gap0_mi"": 95.27708073545043, ""gap_bon"": 97.1308773300469, ""gap_mi"": 95.27708073545043, ""raw_perf_bon"": 0.9416399598121643, ""raw_perf_mi"": 0.9369157254695892}",True,True,True,False,False,False,False,False,legacy_best_visible_fallback;visible_configuration_match,fc2fc8b287a47ab9a5017197ca376072c45922eab7b70e69f08242c99d110c2c,../deliveries/paper-ad03e8c-20260916/trajectories/deepseek-v4-flash-0731/poolact/39f6067a8d8643a20352d085.json
972310249102fbff22d94616,deepseek-v4-flash-0731,poolact,tuning,hpobench:nasbench101:B,cost_moderate,cached,2204,1,existing_trace_rescored,paper-graph-lock-v4,"{""gap0_bon"": 98.03484470956302, ""gap0_mi"": 91.7987655388102, ""gap_bon"": 98.03484470956302, ""gap_mi"": 91.7987655388102, ""raw_perf_bon"": 0.9439436395963033, ""raw_perf_mi"": 0.9280515511830648}","{""gap0_bon"": 98.03484470956302, ""gap0_mi"": 91.7987655388102, ""gap_bon"": 98.03484470956302, ""gap_mi"": 91.7987655388102, ""raw_perf_bon"": 0.9439436395963033, ""raw_perf_mi"": 0.9280515511830648}",True,True,True,False,False,False,False,False,visible_configuration_match,1d2bee84be1679fb07e7d01d4fb6ba3401a05d881975ab7f82797852b276965f,../deliveries/paper-ad03e8c-20260916/trajectories/deepseek-v4-flash-0731/poolact/972310249102fbff22d94616.json
6188826ca35091d5d6c4f2e0,deepseek-v4-flash-0731,poolact,tuning,hpobench:nasbench101:B,cost_moderate,cached,2208,2,existing_trace_rescored,paper-graph-lock-v4,"{""gap0_bon"": 97.55010869150824, ""gap0_mi"": 92.90579969266106, ""gap_bon"": 97.55010869150824, ""gap_mi"": 92.90579969266106, ""raw_perf_bon"": 0.9427083333333334, ""raw_perf_mi"": 0.9308727284272512}","{""gap0_bon"": 97.55010869150824, ""gap0_mi"": 92.90579969266106, ""gap_bon"": 97.55010869150824, ""gap_mi"": 92.90579969266106, ""raw_perf_bon"": 0.9427083333333334, ""raw_perf_mi"": 0.9308727284272512}",True,True,True,False,False,False,False,False,visible_configuration_match,51a26c20f23d7b23342d4c77c8ca0e441584244e5baed79f6025a4e78af08374,../deliveries/paper-ad03e8c-20260916/trajectories/deepseek-v4-flash-0731/poolact/6188826ca35091d5d6c4f2e0.json
168459dd5b721ad39f25ba93,deepseek-v4-flash-0731,poolact,tuning,hpobench:nasbench101:C,cost_moderate,cached,2200,0,existing_trace_rescored,paper-graph-lock-v4,"{""gap0_bon"": 99.37384076872698, ""gap0_mi"": 99.08438937220313, ""gap_bon"": 99.37384076872698, ""gap_mi"": 99.08438937220313, ""raw_perf_bon"": 0.9420406023661295, ""raw_perf_mi"": 0.9404046535491943}","{""gap0_bon"": 99.37384076872698, ""gap0_mi"": 99.08438937220313, ""gap_bon"": 99.37384076872698, ""gap_mi"": 99.08438937220313, ""raw_perf_bon"": 0.9420406023661295, ""raw_perf_mi"": 0.9404046535491943}",True,True,True,False,False,False,False,False,visible_configuration_match,5be5f30789fa95bc7859a33a2f6428059abaff9b16bf853a344c1f0cf544499c,../deliveries/paper-ad03e8c-20260916/trajectories/deepseek-v4-flash-0731/poolact/168459dd5b721ad39f25ba93.json
932fcf44b5031817d81d4151,deepseek-v4-flash-0731,poolact,tuning,hpobench:nasbench101:C,cost_moderate,cached,2204,1,existing_trace_rescored,paper-graph-lock-v4,"{""gap0_bon"": 99.7932500068599, ""gap0_mi"": 97.95020936873084, ""gap_bon"": 99.7932500068599, ""gap_mi"": 97.95020936873084, ""raw_perf_bon"": 0.944411059220632, ""raw_perf_mi"": 0.9339943875869116}","{""gap0_bon"": 99.7932500068599, ""gap0_mi"": 97.95020936873084, ""gap_bon"": 99.7932500068599, ""gap_mi"": 97.95020936873084, ""raw_perf_bon"": 0.944411059220632, ""raw_perf_mi"": 0.9339943875869116}",True,True,True,False,False,False,False,False,visible_configuration_match,572031b0d1f83d4a16a3df389ebe51dd254c69e2b9627be055c38e37c0428415,../deliveries/paper-ad03e8c-20260916/trajectories/deepseek-v4-flash-0731/poolact/932fcf44b5031817d81d4151.json
930fb5beefe9f2fe2c56c563,deepseek-v4-flash-0731,poolact,tuning,hpobench:nasbench101:C,cost_moderate,cached,2208,2,existing_trace_rescored,paper-graph-lock-v4,"{""gap0_bon"": 99.73417858024847, ""gap0_mi"": 99.16265971552718, ""gap_bon"": 99.73417858024847, ""gap_mi"": 99.16265971552718, ""raw_perf_bon"": 0.94407719373703, ""raw_perf_mi"": 0.9408470292886099}","{""gap0_bon"": 99.73417858024847, ""gap0_mi"": 99.16265971552718, ""gap_bon"": 99.73417858024847, ""gap_mi"": 99.16265971552718, ""raw_perf_bon"": 0.94407719373703, ""raw_perf_mi"": 0.9408470292886099}",True,True,True,False,False,False,False,False,visible_configuration_match,87d57dd0370c29c4c07ad605256d334c9a5641366be79befd1a289e924393b9a,../deliveries/paper-ad03e8c-20260916/trajectories/deepseek-v4-flash-0731/poolact/930fb5beefe9f2fe2c56c563.json
35a9f49714f5cf452fab941d,deepseek-v4-flash-0731,poolact,tuning,hpobench:nasbench101:A,cost_moderate,naive,2200,0,existing_trace_rescored,paper-graph-lock-v4,"{""gap0_bon"": 99.06025275189693, ""gap0_mi"": 98.81463747530695, ""gap_bon"": 99.06025275189693, ""gap_mi"": 98.81463747530695, ""raw_perf_bon"": 0.9394698143005371, ""raw_perf_mi"": 0.9377420544624329}","{""gap0_bon"": 99.06025275189693, ""gap0_mi"": 98.81463747530695, ""gap_bon"": 99.06025275189693, ""gap_mi"": 98.81463747530695, ""raw_perf_bon"": 0.9394698143005371, ""raw_perf_mi"": 0.9377420544624329}",True,True,True,False,False,False,False,False,visible_configuration_match,e4e18ca6d7fa41eef2d6061fb82fa52ba74b53475734029004bb3a6b1aaa5373,../deliveries/paper-ad03e8c-20260916/trajectories/deepseek-v4-flash-0731/poolact/35a9f49714f5cf452fab941d.json
322387d80210f0a583d43aa3,deepseek-v4-flash-0731,poolact,tuning,hpobench:nasbench101:A,cost_moderate,naive,2204,1,existing_trace_rescored,paper-graph-lock-v4,"{""gap0_bon"": 99.53012496373336, ""gap0_mi"": 98.31391259993364, ""gap_bon"": 99.53012496373336, ""gap_mi"": 98.31391259993364, ""raw_perf_bon"": 0.9427750905354818, ""raw_perf_mi"": 0.9342197477817535}","{""gap0_bon"": 99.53012496373336, ""gap0_mi"": 98.31391259993364, ""gap_bon"": 99.53012496373336, ""gap_mi"": 98.31391259993364, ""raw_perf_bon"": 0.9427750905354818, ""raw_perf_mi"": 0.9342197477817535}",True,True,True,False,False,False,False,False,visible_configuration_match,304ce3aba3aa51254e44b0653a71346e1318587f0ce043257eab53aa56bb401c,../deliveries/paper-ad03e8c-20260916/trajectories/deepseek-v4-flash-0731/poolact/322387d80210f0a583d43aa3.json
3b2eaac61d3cf3796537e8fb,deepseek-v4-flash-0731,poolact,tuning,hpobench:nasbench101:A,cost_moderate,naive,2208,2,existing_trace_rescored,paper-graph-lock-v4,"{""gap0_bon"": 98.96532930097483, ""gap0_mi"": 96.59816232756168, ""gap_bon"": 98.96532930097483, ""gap_mi"": 96.59816232756168, ""raw_perf_bon"": 0.9388020833333334, ""raw_perf_mi"": 0.9221504479646683}","{""gap0_bon"": 98.96532930097483, ""gap0_mi"": 96.59816232756168, ""gap_bon"": 98.96532930097483, ""gap_mi"": 96.59816232756168, ""raw_perf_bon"": 0.9388020833333334, ""raw_perf_mi"": 0.9221504479646683}",True,True,True,False,False,False,False,False,visible_configuration_match,b750a5395ffe377a79c7f39434c2a0712a43c7dc069b1e4a7d9f703bbad335ca,../deliveries/paper-ad03e8c-20260916/trajectories/deepseek-v4-flash-0731/poolact/3b2eaac61d3cf3796537e8fb.json
9202aea7d2e730fa8a447f18,deepseek-v4-flash-0731,poolact,tuning,hpobench:nasbench101:B,cost_moderate,naive,2200,0,existing_trace_rescored,paper-graph-lock-v4,"{""gap0_bon"": 96.4627251550037, ""gap0_mi"": 96.167952251254, ""gap_bon"": 96.4627251550037, ""gap_mi"": 96.167952251254, ""raw_perf_bon"": 0.9399372339248657, ""raw_perf_mi"": 0.9391860316197077}","{""gap0_bon"": 96.4627251550037, ""gap0_mi"": 96.167952251254, ""gap_bon"": 96.4627251550037, ""gap_mi"": 96.167952251254, ""raw_perf_bon"": 0.9399372339248657, ""raw_perf_mi"": 0.9391860316197077}",True,True,True,False,False,False,False,False,visible_configuration_match,fd8ef61b719425c935bf6ac99ff1ecd41eaae9c4007c0b06d7e9c2f65d0f1f46,../deliveries/paper-ad03e8c-20260916/trajectories/deepseek-v4-flash-0731/poolact/9202aea7d2e730fa8a447f18.json
9e6a6083726a55aba4ce815f,deepseek-v4-flash-0731,poolact,tuning,hpobench:nasbench101:B,cost_moderate,naive,2204,1,existing_trace_rescored,paper-graph-lock-v4,"{""gap0_bon"": 97.78593169229828, ""gap0_mi"": 90.21681677741915, ""gap_bon"": 97.78593169229828, ""gap_mi"": 90.21681677741915, ""raw_perf_bon"": 0.9433093070983887, ""raw_perf_mi"": 0.9240200966596603}","{""gap0_bon"": 97.78593169229828, ""gap0_mi"": 90.21681677741915, ""gap_bon"": 97.78593169229828, ""gap_mi"": 90.21681677741915, ""raw_perf_bon"": 0.9433093070983887, ""raw_perf_mi"": 0.9240200966596603}",True,True,True,False,False,False,False,False,visible_configuration_match,2f9b8abef673a2e554ec71ceedb9083d759ba10f966f3b62c6d6e8c8b761f250,../deliveries/paper-ad03e8c-20260916/trajectories/deepseek-v4-flash-0731/poolact/9e6a6083726a55aba4ce815f.json
ddaa9dd0c6d5313a6a8f2076,deepseek-v4-flash-0731,poolact,tuning,hpobench:nasbench101:B,cost_moderate,naive,2208,2,existing_trace_rescored,paper-graph-lock-v4,"{""gap0_bon"": 97.27498445602558, ""gap0_mi"": 95.94850931277088, ""gap_bon"": 97.27498445602558, ""gap_mi"": 95.94850931277088, ""raw_perf_bon"": 0.9420072038968405, ""raw_perf_mi"": 0.9386268009742101}","{""gap0_bon"": 97.27498445602558, ""gap0_mi"": 95.94850931277088, ""gap_bon"": 97.27498445602558, ""gap_mi"": 95.94850931277088, ""raw_perf_bon"": 0.9420072038968405, ""raw_perf_mi"": 0.9386268009742101}",True,True,True,False,False,False,False,False,visible_configuration_match,aee64f010318314e768d66522eda418d40f8dd407517f16ec64b0b8cc2eea00c,../deliveries/paper-ad03e8c-20260916/trajectories/deepseek-v4-flash-0731/poolact/ddaa9dd0c6d5313a6a8f2076.json
2e42db64600d921963bd0735,deepseek-v4-flash-0731,poolact,tuning,hpobench:nasbench101:C,cost_moderate,naive,2200,0,existing_trace_rescored,paper-graph-lock-v4,"{""gap0_bon"": 99.77552928194035, ""gap0_mi"": 97.58101119474959, ""gap_bon"": 99.77552928194035, ""gap_mi"": 97.58101119474959, ""raw_perf_bon"": 0.9443109035491943, ""raw_perf_mi"": 0.9319077183802923}","{""gap0_bon"": 99.77552928194035, ""gap0_mi"": 97.58101119474959, ""gap_bon"": 99.77552928194035, ""gap_mi"": 97.58101119474959, ""raw_perf_bon"": 0.9443109035491943, ""raw_perf_mi"": 0.9319077183802923}",True,True,True,False,False,False,False,False,visible_configuration_match,e748fbeea231d9f94940979f7b1df54ac5c33fa6d5027c39ebc3e7d4fab2466a,../deliveries/paper-ad03e8c-20260916/trajectories/deepseek-v4-flash-0731/poolact/2e42db64600d921963bd0735.json
001bac6a3dd8c3d130c8d432,deepseek-v4-flash-0731,poolact,tuning,hpobench:nasbench101:C,cost_moderate,naive,2204,1,existing_trace_rescored,paper-graph-lock-v4,"{""gap0_bon"": 99.71054860347613, ""gap0_mi"": 99.18185687458009, ""gap_bon"": 99.71054860347613, ""gap_mi"": 99.18185687458009, ""raw_perf_bon"": 0.9439436395963033, ""raw_perf_mi"": 0.940955529610316}","{""gap0_bon"": 99.71054860347613, ""gap0_mi"": 99.18185687458009, ""gap_bon"": 99.71054860347613, ""gap_mi"": 99.18185687458009, ""raw_perf_bon"": 0.9439436395963033, ""raw_perf_mi"": 0.940955529610316}",True,True,True,False,False,False,False,False,visible_configuration_match,9b70a5b0b7bcdf94558f3c88aec0bb078c103ae512ec4b402dbe5645e03fefe7,../deliveries/paper-ad03e8c-20260916/trajectories/deepseek-v4-flash-0731/poolact/001bac6a3dd8c3d130c8d432.json
13c78b2cd60e77c8293bd442,deepseek-v4-flash-0731,poolact,tuning,hpobench:nasbench101:C,cost_moderate,naive,2208,2,existing_trace_rescored,paper-graph-lock-v4,"{""gap0_bon"": 99.75189578984866, ""gap0_mi"": 97.69620030087596, ""gap_bon"": 99.75189578984866, ""gap_mi"": 97.69620030087596, ""raw_perf_bon"": 0.9441773295402527, ""raw_perf_mi"": 0.9325587550799052}","{""gap0_bon"": 99.75189578984866, ""gap0_mi"": 97.69620030087596, ""gap_bon"": 99.75189578984866, ""gap_mi"": 97.69620030087596, ""raw_perf_bon"": 0.9441773295402527, ""raw_perf_mi"": 0.9325587550799052}",True,True,True,False,False,False,False,False,visible_configuration_match,3c8c29133fe0d2b3b8a45adf916b3e442390f4d7054ab3a0442ac080d94d60ed,../deliveries/paper-ad03e8c-20260916/trajectories/deepseek-v4-flash-0731/poolact/13c78b2cd60e77c8293bd442.json
19afe731b4fc884191218805,deepseek-v4-flash-0731,poolact,tuning,hpobench:nasbench101:A,cost_moderate,poolact,2200,0,existing_trace_rescored,paper-graph-lock-v4,"{""gap0_bon"": 98.26289350460719, ""gap0_mi"": 98.0552456312849, ""gap_bon"": 98.26289350460719, ""gap_mi"": 98.0552456312849, ""raw_perf_bon"": 0.9338608582814535, ""raw_perf_mi"": 0.9324001769224803}","{""gap0_bon"": 98.26289350460719, ""gap0_mi"": 98.0552456312849, ""gap_bon"": 98.26289350460719, ""gap_mi"": 98.0552456312849, ""raw_perf_bon"": 0.9338608582814535, ""raw_perf_mi"": 0.9324001769224803}",True,True,True,False,False,False,False,False,legacy_best_visible_fallback;visible_configuration_match,7db7c0c4af205b0f25110d520497e969cb0239744c75554a9eaba0c5629b8b47,../deliveries/paper-ad03e8c-20260916/trajectories/deepseek-v4-flash-0731/poolact/19afe731b4fc884191218805.json
688a100026d86ead869c4673,deepseek-v4-flash-0731,poolact,tuning,hpobench:nasbench101:A,cost_moderate,poolact,2204,1,existing_trace_rescored,paper-graph-lock-v4,"{""gap0_bon"": 99.18840279995801, ""gap0_mi"": 99.13619391340029, ""gap_bon"": 99.18840279995801, ""gap_mi"": 99.13619391340029, ""raw_perf_bon"": 0.9403712749481201, ""raw_perf_mi"": 0.9400040159622828}","{""gap0_bon"": 99.18840279995801, ""gap0_mi"": 99.13619391340029, ""gap_bon"": 99.18840279995801, ""gap_mi"": 99.13619391340029, ""raw_perf_bon"": 0.9403712749481201, ""raw_perf_mi"": 0.9400040159622828}",True,True,True,False,False,False,False,False,legacy_best_visible_fallback;visible_configuration_match,e160694365782e41afbde49823237bc0def6273266505146d88588316d6a6d51,../deliveries/paper-ad03e8c-20260916/trajectories/deepseek-v4-flash-0731/poolact/688a100026d86ead869c4673.json
a26c27915313d8ff6cde09b7,deepseek-v4-flash-0731,poolact,tuning,hpobench:nasbench101:A,cost_moderate,poolact,2208,2,existing_trace_rescored,paper-graph-lock-v4,"{""gap0_bon"": 99.5680994280766, ""gap0_mi"": 99.27620656839642, ""gap_bon"": 99.5680994280766, ""gap_mi"": 99.27620656839642, ""raw_perf_bon"": 0.9430422186851501, ""raw_perf_mi"": 0.9409889231125514}","{""gap0_bon"": 99.5680994280766, ""gap0_mi"": 99.27620656839642, ""gap_bon"": 99.5680994280766, ""gap_mi"": 99.27620656839642, ""raw_perf_bon"": 0.9430422186851501, ""raw_perf_mi"": 0.9409889231125514}",True,True,True,False,False,False,False,False,legacy_best_visible_fallback;visible_configuration_match,372688c4380b59de1ea71030d7fa3829304d029758920282935e3235abb27712,../deliveries/paper-ad03e8c-20260916/trajectories/deepseek-v4-flash-0731/poolact/a26c27915313d8ff6cde09b7.json
f0339c9c08d0fcfa36727587,deepseek-v4-flash-0731,poolact,tuning,hpobench:nasbench101:B,cost_moderate,poolact,2200,0,existing_trace_rescored,paper-graph-lock-v4,"{""gap0_bon"": 97.7990295050901, ""gap0_mi"": 97.58285907072568, ""gap_bon"": 97.7990295050901, ""gap_mi"": 97.58285907072568, ""raw_perf_bon"": 0.9433426856994629, ""raw_perf_mi"": 0.9427917947371801}","{""gap0_bon"": 97.7990295050901, ""gap0_mi"": 97.58285907072568, ""gap_bon"": 97.7990295050901, ""gap_mi"": 97.58285907072568, ""raw_perf_bon"": 0.9433426856994629, ""raw_perf_mi"": 0.9427917947371801}",True,True,True,False,False,False,False,False,legacy_best_visible_fallback;visible_configuration_match,2cc3fc227e622fdf3c708ca73adfacc8ec8e3541d1540a4a398472d886d8078f,../deliveries/paper-ad03e8c-20260916/trajectories/deepseek-v4-flash-0731/poolact/f0339c9c08d0fcfa36727587.json
9482fade7c4cdbe373c98aca,deepseek-v4-flash-0731,poolact,tuning,hpobench:nasbench101:B,cost_moderate,poolact,2204,1,existing_trace_rescored,paper-graph-lock-v4,"{""gap0_bon"": 98.33616457062934, ""gap0_mi"": 98.01519214313741, ""gap_bon"": 98.33616457062934, ""gap_mi"": 98.01519214313741, ""raw_perf_bon"": 0.9447115262349447, ""raw_perf_mi"": 0.9438935567935308}","{""gap0_bon"": 98.33616457062934, ""gap0_mi"": 98.01519214313741, ""gap_bon"": 98.33616457062934, ""gap_mi"": 98.01519214313741, ""raw_perf_bon"": 0.9447115262349447, ""raw_perf_mi"": 0.9438935567935308}",True,True,True,False,False,False,False,False,legacy_best_visible_fallback;visible_configuration_match,0b9c284949690b4356da2a7f1d853283b3a743e49205e267b10ad997b7863971,../deliveries/paper-ad03e8c-20260916/trajectories/deepseek-v4-flash-0731/poolact/9482fade7c4cdbe373c98aca.json
c67d8a6ce902517eff4e658f,deepseek-v4-flash-0731,poolact,tuning,hpobench:nasbench101:B,cost_moderate,poolact,2208,2,existing_trace_rescored,paper-graph-lock-v4,"{""gap0_bon"": 98.08725934968174, ""gap0_mi"": 97.43874999566769, ""gap_bon"": 98.08725934968174, ""gap_mi"": 97.43874999566769, ""raw_perf_bon"": 0.944077213605245, ""raw_perf_mi"": 0.9424245456854502}","{""gap0_bon"": 98.08725934968174, ""gap0_mi"": 97.43874999566769, ""gap_bon"": 98.08725934968174, ""gap_mi"": 97.43874999566769, ""raw_perf_bon"": 0.944077213605245, ""raw_perf_mi"": 0.9424245456854502}",True,True,True,False,False,False,False,False,legacy_best_visible_fallback;visible_configuration_match,a4705f9f92556e3419c2adfbe687588f66cd802c030cd56cb222a20805143e36,../deliveries/paper-ad03e8c-20260916/trajectories/deepseek-v4-flash-0731/poolact/c67d8a6ce902517eff4e658f.json
d8103685c2a1a5b9375cf8ee,deepseek-v4-flash-0731,poolact,tuning,hpobench:nasbench101:C,cost_moderate,poolact,2200,0,existing_trace_rescored,paper-graph-lock-v4,"{""gap0_bon"": 100.17721779515371, ""gap0_mi"": 99.88924195393336, ""gap_bon"": 100.17721779515371, ""gap_mi"": 99.88924195393336, ""raw_perf_bon"": 0.9465812047322592, ""raw_perf_mi"": 0.9449535955985388}","{""gap0_bon"": 100.17721779515371, ""gap0_mi"": 99.88924195393336, ""gap_bon"": 100.17721779515371, ""gap_mi"": 99.88924195393336, ""raw_perf_bon"": 0.9465812047322592, ""raw_perf_mi"": 0.9449535955985388}",True,True,True,False,False,False,False,False,legacy_best_visible_fallback;visible_configuration_match,b25117f99471ad7333c10878c5a08cb6b2b3bc5d7c63eab4c7dd62e9fd8701f7,../deliveries/paper-ad03e8c-20260916/trajectories/deepseek-v4-flash-0731/poolact/d8103685c2a1a5b9375cf8ee.json
2d388e9155a9d3df6de1e8aa,deepseek-v4-flash-0731,poolact,tuning,hpobench:nasbench101:C,cost_moderate,poolact,2204,1,existing_trace_rescored,paper-graph-lock-v4,"{""gap0_bon"": 99.88186066209644, ""gap0_mi"": 99.71202679526915, ""gap_bon"": 99.88186066209644, ""gap_mi"": 99.71202679526915, ""raw_perf_bon"": 0.9449118773142496, ""raw_perf_mi"": 0.9439519941806793}","{""gap0_bon"": 99.88186066209644, ""gap0_mi"": 99.71202679526915, ""gap_bon"": 99.88186066209644, ""gap_mi"": 99.71202679526915, ""raw_perf_bon"": 0.9449118773142496, ""raw_perf_mi"": 0.9439519941806793}",True,True,True,False,False,False,False,False,legacy_best_visible_fallback;visible_configuration_match,1d0cbb6c6547ad8999e166669c32f6f4166f245348cb794a86729623a460fa80,../deliveries/paper-ad03e8c-20260916/trajectories/deepseek-v4-flash-0731/poolact/2d388e9155a9d3df6de1e8aa.json
debec3bcedb3a22697dcd182,deepseek-v4-flash-0731,poolact,tuning,hpobench:nasbench101:C,cost_moderate,poolact,2208,2,existing_trace_rescored,paper-graph-lock-v4,"{""gap0_bon"": 99.6810128901704, ""gap0_mi"": 99.54071825196822, ""gap_bon"": 99.6810128901704, ""gap_mi"": 99.54071825196822, ""raw_perf_bon"": 0.9437767068545023, ""raw_perf_mi"": 0.9429837763309479}","{""gap0_bon"": 99.6810128901704, ""gap0_mi"": 99.54071825196822, ""gap_bon"": 99.6810128901704, ""gap_mi"": 99.54071825196822, ""raw_perf_bon"": 0.9437767068545023, ""raw_perf_mi"": 0.9429837763309479}",True,True,True,False,False,False,False,False,legacy_best_visible_fallback;visible_configuration_match,83e2e5c96507592bbb49bc365ec74ff019c75ce194382f9dfe999a834af3b817,../deliveries/paper-ad03e8c-20260916/trajectories/deepseek-v4-flash-0731/poolact/debec3bcedb3a22697dcd182.json
435a7df169dc9da0425b86c1,deepseek-v4-flash-0731,poolact,tuning,hpobench:nasbench101:A,cost_tight,cached,2200,0,existing_trace_rescored,paper-graph-lock-v4,"{""gap0_bon"": 85.75664976157574, ""gap0_mi"": 67.0222062132055, ""gap_bon"": 85.75664976157574, ""gap_mi"": 67.0222062132055, ""raw_perf_bon"": 0.845886747042338, ""raw_perf_mi"": 0.7141008923451105}","{""gap0_bon"": 85.75664976157574, ""gap0_mi"": 67.0222062132055, ""gap_bon"": 85.75664976157574, ""gap_mi"": 67.0222062132055, ""raw_perf_bon"": 0.845886747042338, ""raw_perf_mi"": 0.7141008923451105}",True,True,True,False,False,False,False,False,visible_configuration_match,8a13e36389bb717f36900636ce03929f14e4f005e2c2e368a412473306b41d3f,../deliveries/paper-ad03e8c-20260916/trajectories/deepseek-v4-flash-0731/poolact/435a7df169dc9da0425b86c1.json
3bbaf40e195401fe3bb7af4f,deepseek-v4-flash-0731,poolact,tuning,hpobench:nasbench101:A,cost_tight,cached,2204,1,existing_trace_rescored,paper-graph-lock-v4,"{""gap0_bon"": 98.65682526104781, ""gap0_mi"": 53.78979651718345, ""gap_bon"": 98.65682526104781, ""gap_mi"": 53.78979651718345, ""raw_perf_bon"": 0.9366319378217062, ""raw_perf_mi"": 0.6210186282793682}","{""gap0_bon"": 98.65682526104781, ""gap0_mi"": 53.78979651718345, ""gap_bon"": 98.65682526104781, ""gap_mi"": 53.78979651718345, ""raw_perf_bon"": 0.9366319378217062, ""raw_perf_mi"": 0.6210186282793682}",True,True,True,False,False,False,False,False,visible_configuration_match,527fd2d21c7d8a351b851275d78e4b5dfa6d0205fc9ac8abfd455e64941e174f,../deliveries/paper-ad03e8c-20260916/trajectories/deepseek-v4-flash-0731/poolact/3bbaf40e195401fe3bb7af4f.json
1e896f893e10ac433ee7d02e,deepseek-v4-flash-0731,poolact,tuning,hpobench:nasbench101:A,cost_tight,cached,2208,2,existing_trace_rescored,paper-graph-lock-v4,"{""gap0_bon"": 85.75664976157574, ""gap0_mi"": 85.75664976157574, ""gap_bon"": 85.75664976157574, ""gap_mi"": 85.75664976157574, ""raw_perf_bon"": 0.845886747042338, ""raw_perf_mi"": 0.845886747042338}","{""gap0_bon"": 85.75664976157574, ""gap0_mi"": 85.75664976157574, ""gap_bon"": 85.75664976157574, ""gap_mi"": 85.75664976157574, ""raw_perf_bon"": 0.845886747042338, ""raw_perf_mi"": 0.845886747042338}",True,True,True,False,False,False,False,False,visible_configuration_match,18cf309df02be3e057bfa3eb9bee7d9b83e7d5635f5d14e605618921e2eb8eba,../deliveries/paper-ad03e8c-20260916/trajectories/deepseek-v4-flash-0731/poolact/1e896f893e10ac433ee7d02e.json
0f15e83489a385f89d4d0b44,deepseek-v4-flash-0731,poolact,tuning,hpobench:nasbench101:B,cost_tight,cached,2200,0,existing_trace_rescored,paper-graph-lock-v4,"{""gap0_bon"": 97.72041923938771, ""gap0_mi"": 85.41529504348433, ""gap_bon"": 97.72041923938771, ""gap_mi"": 85.41529504348433, ""raw_perf_bon"": 0.9431423544883728, ""raw_perf_mi"": 0.911783849199613}","{""gap0_bon"": 97.72041923938771, ""gap0_mi"": 85.41529504348433, ""gap_bon"": 97.72041923938771, ""gap_mi"": 85.41529504348433, ""raw_perf_bon"": 0.9431423544883728, ""raw_perf_mi"": 0.911783849199613}",True,True,True,False,False,False,False,False,visible_configuration_match,809d63618e35af56fff6035fb8ff8a185a0d7e576de6c8ed692c0ea0a8f14f6f,../deliveries/paper-ad03e8c-20260916/trajectories/deepseek-v4-flash-0731/poolact/0f15e83489a385f89d4d0b44.json
b288462882bcf8ddd08d5f26,deepseek-v4-flash-0731,poolact,tuning,hpobench:nasbench101:B,cost_tight,cached,2204,1,existing_trace_rescored,paper-graph-lock-v4,"{""gap0_bon"": 94.82510094385096, ""gap0_mi"": 84.07244373608128, ""gap_bon"": 94.82510094385096, ""gap_mi"": 84.07244373608128, ""raw_perf_bon"": 0.9357638955116272, ""raw_perf_mi"": 0.9083617130915324}","{""gap0_bon"": 94.82510094385096, ""gap0_mi"": 84.07244373608128, ""gap_bon"": 94.82510094385096, ""gap_mi"": 84.07244373608128, ""raw_perf_bon"": 0.9357638955116272, ""raw_perf_mi"": 0.9083617130915324}",True,True,True,False,False,False,False,False,visible_configuration_match,b82d45bef009b4ee8de3a2876b2c201e56b3801682d4785558a01487d756aa3f,../deliveries/paper-ad03e8c-20260916/trajectories/deepseek-v4-flash-0731/poolact/b288462882bcf8ddd08d5f26.json
ec55c473e690206e187a534a,deepseek-v4-flash-0731,poolact,tuning,hpobench:nasbench101:B,cost_tight,cached,2208,2,existing_trace_rescored,paper-graph-lock-v4,"{""gap0_bon"": 97.72041923938771, ""gap0_mi"": 93.53137033257585, ""gap_bon"": 97.72041923938771, ""gap_mi"": 93.53137033257585, ""raw_perf_bon"": 0.9431423544883728, ""raw_perf_mi"": 0.9324669390916824}","{""gap0_bon"": 97.72041923938771, ""gap0_mi"": 93.53137033257585, ""gap_bon"": 97.72041923938771, ""gap_mi"": 93.53137033257585, ""raw_perf_bon"": 0.9431423544883728, ""raw_perf_mi"": 0.9324669390916824}",True,True,True,False,False,False,False,False,visible_configuration_match,afc515667b024f8d58dc1f2a1ce4309cc9e1a42f2847aaaf483e110a1d499f26,../deliveries/paper-ad03e8c-20260916/trajectories/deepseek-v4-flash-0731/poolact/ec55c473e690206e187a534a.json
c0192d40f23d340e1820450c,deepseek-v4-flash-0731,poolact,tuning,hpobench:nasbench101:C,cost_tight,cached,2200,0,existing_trace_rescored,paper-graph-lock-v4,"{""gap0_bon"": 98.86582087535753, ""gap0_mi"": 93.85948758982248, ""gap_bon"": 98.86582087535753, ""gap_mi"": 93.85948758982248, ""raw_perf_bon"": 0.9391693274180094, ""raw_perf_mi"": 0.9108740588029225}","{""gap0_bon"": 98.86582087535753, ""gap0_mi"": 93.85948758982248, ""gap_bon"": 98.86582087535753, ""gap_mi"": 93.85948758982248, ""raw_perf_bon"": 0.9391693274180094, ""raw_perf_mi"": 0.9108740588029225}",True,True,True,False,False,False,False,False,visible_configuration_match,e4c809208ecca2f10d6f0b8c005eafa35ae42d6db454fb69460a8772f34a99e4,../deliveries/paper-ad03e8c-20260916/trajectories/deepseek-v4-flash-0731/poolact/c0192d40f23d340e1820450c.json
e9e5cfac18d73d9a892cb7d2,deepseek-v4-flash-0731,poolact,tuning,hpobench:nasbench101:C,cost_tight,cached,2204,1,existing_trace_rescored,paper-graph-lock-v4,"{""gap0_bon"": 98.80084371221268, ""gap0_mi"": 89.1426057008113, ""gap_bon"": 98.80084371221268, ""gap_mi"": 89.1426057008113, ""raw_perf_bon"": 0.9388020833333334, ""raw_perf_mi"": 0.884214739004771}","{""gap0_bon"": 98.80084371221268, ""gap0_mi"": 89.1426057008113, ""gap_bon"": 98.80084371221268, ""gap_mi"": 89.1426057008113, ""raw_perf_bon"": 0.9388020833333334, ""raw_perf_mi"": 0.884214739004771}",True,True,True,False,False,False,False,False,visible_configuration_match,78a678f92814008ad629cc6313fc79ae7ed62b0c85ca3c6ee183131fa4b56505,../deliveries/paper-ad03e8c-20260916/trajectories/deepseek-v4-flash-0731/poolact/e9e5cfac18d73d9a892cb7d2.json
85ebd92413ecf8970080af75,deepseek-v4-flash-0731,poolact,tuning,hpobench:nasbench101:C,cost_tight,cached,2208,2,existing_trace_rescored,paper-graph-lock-v4,"{""gap0_bon"": 98.80084371221268, ""gap0_mi"": 94.26560716309558, ""gap_bon"": 98.80084371221268, ""gap_mi"": 94.26560716309558, ""raw_perf_bon"": 0.9388020833333334, ""raw_perf_mi"": 0.9131694038709005}","{""gap0_bon"": 98.80084371221268, ""gap0_mi"": 94.26560716309558, ""gap_bon"": 98.80084371221268, ""gap_mi"": 94.26560716309558, ""raw_perf_bon"": 0.9388020833333334, ""raw_perf_mi"": 0.9131694038709005}",True,True,True,False,False,False,False,False,visible_configuration_match,66c91a799cc1a6572c0ac3f62036c295b61783d7860c590dd13c5cc5ad3a1577,../deliveries/paper-ad03e8c-20260916/trajectories/deepseek-v4-flash-0731/poolact/85ebd92413ecf8970080af75.json
e12e6d0c8172d7378805ffc4,deepseek-v4-flash-0731,poolact,tuning,hpobench:nasbench101:A,cost_tight,naive,2200,0,existing_trace_rescored,paper-graph-lock-v4,"{""gap0_bon"": 98.67581108100434, ""gap0_mi"": 70.25199654306265, ""gap_bon"": 98.67581108100434, ""gap_mi"": 70.25199654306265, ""raw_perf_bon"": 0.9367654919624329, ""raw_perf_mi"": 0.7368205785751343}","{""gap0_bon"": 98.67581108100434, ""gap0_mi"": 70.25199654306265, ""gap_bon"": 98.67581108100434, ""gap_mi"": 70.25199654306265, ""raw_perf_bon"": 0.9367654919624329, ""raw_perf_mi"": 0.7368205785751343}",True,True,True,False,False,False,False,False,visible_configuration_match,ad85d391effebc897c860c0b7dd02ec2476061104da4ee2473325e7715ee9a62,../deliveries/paper-ad03e8c-20260916/trajectories/deepseek-v4-flash-0731/poolact/e12e6d0c8172d7378805ffc4.json
c61a7dd18347db785e53f551,deepseek-v4-flash-0731,poolact,tuning,hpobench:nasbench101:A,cost_tight,naive,2204,1,existing_trace_rescored,paper-graph-lock-v4,"{""gap0_bon"": 85.75664976157574, ""gap0_mi"": 48.28776266483524, ""gap_bon"": 85.75664976157574, ""gap_mi"": 48.28776266483524, ""raw_perf_bon"": 0.845886747042338, ""raw_perf_mi"": 0.5823150376478832}","{""gap0_bon"": 85.75664976157574, ""gap0_mi"": 48.28776266483524, ""gap_bon"": 85.75664976157574, ""gap_mi"": 48.28776266483524, ""raw_perf_bon"": 0.845886747042338, ""raw_perf_mi"": 0.5823150376478832}",True,True,True,False,False,False,False,False,visible_configuration_match,6a6a97379c9a862c974a7749b5b11d86ac57dffe2be2cbe778e734454719f704,../deliveries/paper-ad03e8c-20260916/trajectories/deepseek-v4-flash-0731/poolact/c61a7dd18347db785e53f551.json
5ad3c5f3bf2ae25d2bce58b2,deepseek-v4-flash-0731,poolact,tuning,hpobench:nasbench101:A,cost_tight,naive,2208,2,existing_trace_rescored,paper-graph-lock-v4,"{""gap0_bon"": 85.75664976157574, ""gap0_mi"": 85.75664976157574, ""gap_bon"": 85.75664976157574, ""gap_mi"": 85.75664976157574, ""raw_perf_bon"": 0.845886747042338, ""raw_perf_mi"": 0.845886747042338}","{""gap0_bon"": 85.75664976157574, ""gap0_mi"": 85.75664976157574, ""gap_bon"": 85.75664976157574, ""gap_mi"": 85.75664976157574, ""raw_perf_bon"": 0.845886747042338, ""raw_perf_mi"": 0.845886747042338}",True,True,True,False,False,False,False,False,visible_configuration_match,0e1d2353f4c345c4192e6574dedb478820c13cbe49286a3fb49378dd61e3daba,../deliveries/paper-ad03e8c-20260916/trajectories/deepseek-v4-flash-0731/poolact/5ad3c5f3bf2ae25d2bce58b2.json
62d52d2132a60540fb572c33,deepseek-v4-flash-0731,poolact,tuning,hpobench:nasbench101:B,cost_tight,naive,2200,0,existing_trace_rescored,paper-graph-lock-v4,"{""gap0_bon"": 95.71597051057523, ""gap0_mi"": 88.30079777574437, ""gap_bon"": 95.71597051057523, ""gap_mi"": 88.30079777574437, ""raw_perf_bon"": 0.938034196694692, ""raw_perf_mi"": 0.9191372940937679}","{""gap0_bon"": 95.71597051057523, ""gap0_mi"": 88.30079777574437, ""gap_bon"": 95.71597051057523, ""gap_mi"": 88.30079777574437, ""raw_perf_bon"": 0.938034196694692, ""raw_perf_mi"": 0.9191372940937679}",True,True,True,False,False,False,False,False,visible_configuration_match,4444fc10a9a3cf74abc7630aaa115ad98998b7eb79c0cccba4c1fe89ebfcbe84,../deliveries/paper-ad03e8c-20260916/trajectories/deepseek-v4-flash-0731/poolact/62d52d2132a60540fb572c33.json
72533d37d9d37f9a30c31e0f,deepseek-v4-flash-0731,poolact,tuning,hpobench:nasbench101:B,cost_tight,naive,2204,1,existing_trace_rescored,paper-graph-lock-v4,"{""gap0_bon"": 96.01729037164156, ""gap0_mi"": 88.59229427721682, ""gap_bon"": 96.01729037164156, ""gap_mi"": 88.59229427721682, ""raw_perf_bon"": 0.9388020833333334, ""raw_perf_mi"": 0.9198801467816036}","{""gap0_bon"": 96.01729037164156, ""gap0_mi"": 88.59229427721682, ""gap_bon"": 96.01729037164156, ""gap_mi"": 88.59229427721682, ""raw_perf_bon"": 0.9388020833333334, ""raw_perf_mi"": 0.9198801467816036}",True,True,True,False,False,False,False,False,visible_configuration_match,3d9b5afa275661e3d7bd502967ce364541fa1581d7dc97109cf72b63c09ac5ca,../deliveries/paper-ad03e8c-20260916/trajectories/deepseek-v4-flash-0731/poolact/72533d37d9d37f9a30c31e0f.json
ea78ec2b9a5f7162bb3d66d6,deepseek-v4-flash-0731,poolact,tuning,hpobench:nasbench101:B,cost_tight,naive,2208,2,existing_trace_rescored,paper-graph-lock-v4,"{""gap0_bon"": 95.17882764871885, ""gap0_mi"": 86.67627332646273, ""gap_bon"": 95.17882764871885, ""gap_mi"": 86.67627332646273, ""raw_perf_bon"": 0.9366653362909952, ""raw_perf_mi"": 0.9149973392486572}","{""gap0_bon"": 95.17882764871885, ""gap0_mi"": 86.67627332646273, ""gap_bon"": 95.17882764871885, ""gap_mi"": 86.67627332646273, ""raw_perf_bon"": 0.9366653362909952, ""raw_perf_mi"": 0.9149973392486572}",True,True,True,False,False,False,False,False,visible_configuration_match,dc9b04d462763deea21a37c18db9ddc082998bb969ca5fd45e7dc677c520a452,../deliveries/paper-ad03e8c-20260916/trajectories/deepseek-v4-flash-0731/poolact/ea78ec2b9a5f7162bb3d66d6.json
3ca36f944633470d37633187,deepseek-v4-flash-0731,poolact,tuning,hpobench:nasbench101:C,cost_tight,naive,2200,0,existing_trace_rescored,paper-graph-lock-v4,"{""gap0_bon"": 98.96033726712749, ""gap0_mi"": 92.70463487199378, ""gap_bon"": 98.96033726712749, ""gap_mi"": 92.70463487199378, ""raw_perf_bon"": 0.9397035241127014, ""raw_perf_mi"": 0.9043469528357189}","{""gap0_bon"": 98.96033726712749, ""gap0_mi"": 92.70463487199378, ""gap_bon"": 98.96033726712749, ""gap_mi"": 92.70463487199378, ""raw_perf_bon"": 0.9397035241127014, ""raw_perf_mi"": 0.9043469528357189}",True,True,True,False,False,False,False,False,visible_configuration_match,aa209863c6a12a2bc399d96259f16254102162dc0c4617b5be26daae80a7204d,../deliveries/paper-ad03e8c-20260916/trajectories/deepseek-v4-flash-0731/poolact/3ca36f944633470d37633187.json
d528eb00da6e559eea33aec7,deepseek-v4-flash-0731,poolact,tuning,hpobench:nasbench101:C,cost_tight,naive,2204,1,existing_trace_rescored,paper-graph-lock-v4,"{""gap0_bon"": 98.86582087535753, ""gap0_mi"": 97.90147473871252, ""gap_bon"": 98.86582087535753, ""gap_mi"": 97.90147473871252, ""raw_perf_bon"": 0.9391693274180094, ""raw_perf_mi"": 0.9337189445892969}","{""gap0_bon"": 98.86582087535753, ""gap0_mi"": 97.90147473871252, ""gap_bon"": 98.86582087535753, ""gap_mi"": 97.90147473871252, ""raw_perf_bon"": 0.9391693274180094, ""raw_perf_mi"": 0.9337189445892969}",True,True,True,False,False,False,False,False,visible_configuration_match,eacd18c9bd2c5eb656d718bc4a03762edc02f94554c70cbcd20adddcec2fa9d8,../deliveries/paper-ad03e8c-20260916/trajectories/deepseek-v4-flash-0731/poolact/d528eb00da6e559eea33aec7.json
6b6a2803cd50c2918480a3f9,deepseek-v4-flash-0731,poolact,tuning,hpobench:nasbench101:C,cost_tight,naive,2208,2,existing_trace_rescored,paper-graph-lock-v4,"{""gap0_bon"": 98.96033726712749, ""gap0_mi"": 90.35653072408131, ""gap_bon"": 98.96033726712749, ""gap_mi"": 90.35653072408131, ""raw_perf_bon"": 0.9397035241127014, ""raw_perf_mi"": 0.8910757154226303}","{""gap0_bon"": 98.96033726712749, ""gap0_mi"": 90.35653072408131, ""gap_bon"": 98.96033726712749, ""gap_mi"": 90.35653072408131, ""raw_perf_bon"": 0.9397035241127014, ""raw_perf_mi"": 0.8910757154226303}",True,True,True,False,False,False,False,False,visible_configuration_match,e58b879f6dbd3821a802549899e82fbb38b489ae24b3f25a7e0b8444f1e561a7,../deliveries/paper-ad03e8c-20260916/trajectories/deepseek-v4-flash-0731/poolact/6b6a2803cd50c2918480a3f9.json
d3d9c2f487d45ebc18883fa1,deepseek-v4-flash-0731,poolact,tuning,hpobench:nasbench101:A,cost_tight,poolact,2200,0,existing_trace_rescored,paper-graph-lock-v4,"{""gap0_bon"": 98.56664967732998, ""gap0_mi"": 93.457362732944, ""gap_bon"": 98.56664967732998, ""gap_mi"": 93.457362732944, ""raw_perf_bon"": 0.9359976053237915, ""raw_perf_mi"": 0.9000567595163981}","{""gap0_bon"": 98.56664967732998, ""gap0_mi"": 93.457362732944, ""gap_bon"": 98.56664967732998, ""gap_mi"": 93.457362732944, ""raw_perf_bon"": 0.9359976053237915, ""raw_perf_mi"": 0.9000567595163981}",True,True,True,False,False,False,False,False,benchmark_evaluation;legacy_best_visible_fallback;visible_configuration_match,9257026201a3b3c21ca7266c8de2662a3aae512f5c430cc4c9a4e98a95018283,../deliveries/paper-ad03e8c-20260916/trajectories/deepseek-v4-flash-0731/poolact/d3d9c2f487d45ebc18883fa1.json
a8e33b78d93f10129eace8ac,deepseek-v4-flash-0731,poolact,tuning,hpobench:nasbench101:A,cost_tight,poolact,2204,1,existing_trace_rescored,paper-graph-lock-v4,"{""gap0_bon"": 99.74845341994252, ""gap0_mi"": 94.94292335438688, ""gap_bon"": 99.74845341994252, ""gap_mi"": 94.94292335438688, ""raw_perf_bon"": 0.9443109035491943, ""raw_perf_mi"": 0.9105068097511927}","{""gap0_bon"": 99.74845341994252, ""gap0_mi"": 94.94292335438688, ""gap_bon"": 99.74845341994252, ""gap_mi"": 94.94292335438688, ""raw_perf_bon"": 0.9443109035491943, ""raw_perf_mi"": 0.9105068097511927}",True,True,True,False,False,False,False,False,legacy_best_visible_fallback;visible_configuration_match,b6f42b3635c606816ea81c471676838893a05980f9e8f156d04a71b41e47865a,../deliveries/paper-ad03e8c-20260916/trajectories/deepseek-v4-flash-0731/poolact/a8e33b78d93f10129eace8ac.json
d8d11f8ebac5a3d2431e79f4,deepseek-v4-flash-0731,poolact,tuning,hpobench:nasbench101:A,cost_tight,poolact,2208,2,existing_trace_rescored,paper-graph-lock-v4,"{""gap0_bon"": 95.41991807313721, ""gap0_mi"": 92.29810359236848, ""gap_bon"": 95.41991807313721, ""gap_mi"": 92.29810359236848, ""raw_perf_bon"": 0.9138621886571249, ""raw_perf_mi"": 0.8919020493825277}","{""gap0_bon"": 95.41991807313721, ""gap0_mi"": 92.29810359236848, ""gap_bon"": 95.41991807313721, ""gap_mi"": 92.29810359236848, ""raw_perf_bon"": 0.9138621886571249, ""raw_perf_mi"": 0.8919020493825277}",True,True,True,False,False,False,False,False,benchmark_evaluation;legacy_best_visible_fallback;visible_configuration_match,c99b00babb42a5fec2873a8a9a57fb76b1fe2c8a1a21aeab304c041d383aeb7c,../deliveries/paper-ad03e8c-20260916/trajectories/deepseek-v4-flash-0731/poolact/d8d11f8ebac5a3d2431e79f4.json
163d4cd8b8cc8ad6edc7d6f2,deepseek-v4-flash-0731,poolact,tuning,hpobench:nasbench101:B,cost_tight,poolact,2200,0,existing_trace_rescored,paper-graph-lock-v4,"{""gap0_bon"": 97.60250773899267, ""gap0_mi"": 92.4669177138534, ""gap_bon"": 97.60250773899267, ""gap_mi"": 92.4669177138534, ""raw_perf_bon"": 0.9428418676058451, ""raw_perf_mi"": 0.9297542770703633}","{""gap0_bon"": 97.60250773899267, ""gap0_mi"": 92.4669177138534, ""gap_bon"": 97.60250773899267, ""gap_mi"": 92.4669177138534, ""raw_perf_bon"": 0.9428418676058451, ""raw_perf_mi"": 0.9297542770703633}",True,True,True,False,False,False,False,False,legacy_best_visible_fallback;visible_configuration_match,b5793c10ce889b41edcf7411a3f5db517ca7a7116b4409b6faf17b943da41175,../deliveries/paper-ad03e8c-20260916/trajectories/deepseek-v4-flash-0731/poolact/163d4cd8b8cc8ad6edc7d6f2.json
391e8a74a6a9708b206b278f,deepseek-v4-flash-0731,poolact,tuning,hpobench:nasbench101:B,cost_tight,poolact,2204,1,existing_trace_rescored,paper-graph-lock-v4,"{""gap0_bon"": 97.72041923938771, ""gap0_mi"": 89.99737578801532, ""gap_bon"": 97.72041923938771, ""gap_mi"": 89.99737578801532, ""raw_perf_bon"": 0.9431423544883728, ""raw_perf_mi"": 0.9234608709812164}","{""gap0_bon"": 97.72041923938771, ""gap0_mi"": 89.99737578801532, ""gap_bon"": 97.72041923938771, ""gap_mi"": 89.99737578801532, ""raw_perf_bon"": 0.9431423544883728, ""raw_perf_mi"": 0.9234608709812164}",True,True,True,False,False,False,False,False,legacy_best_visible_fallback;visible_configuration_match,3a9eb92415ac03226f3913312078b3b49d3b09be50dcab11a68bfe5d230eb8da,../deliveries/paper-ad03e8c-20260916/trajectories/deepseek-v4-flash-0731/poolact/391e8a74a6a9708b206b278f.json
e70fbde891a064ec706ccf50,deepseek-v4-flash-0731,poolact,tuning,hpobench:nasbench101:B,cost_tight,poolact,2208,2,existing_trace_rescored,paper-graph-lock-v4,"{""gap0_bon"": 97.8776397707925, ""gap0_mi"": 97.60906444170573, ""gap_bon"": 97.8776397707925, ""gap_mi"": 97.60906444170573, ""raw_perf_bon"": 0.943543016910553, ""raw_perf_mi"": 0.9428585767745972}","{""gap0_bon"": 97.8776397707925, ""gap0_mi"": 97.60906444170573, ""gap_bon"": 97.8776397707925, ""gap_mi"": 97.60906444170573, ""raw_perf_bon"": 0.943543016910553, ""raw_perf_mi"": 0.9428585767745972}",True,True,True,False,False,False,False,True,legacy_best_visible_fallback;visible_configuration_match,730d3dc312f8aa63f2cc41d77c4f53b928a4db1b6c6cc49d4b87b9f7605fae12,../deliveries/paper-ad03e8c-20260916/trajectories/deepseek-v4-flash-0731/poolact/e70fbde891a064ec706ccf50.json
959e166ba0521f34fe48876e,deepseek-v4-flash-0731,poolact,tuning,hpobench:nasbench101:C,cost_tight,poolact,2200,0,existing_trace_rescored,paper-graph-lock-v4,"{""gap0_bon"": 99.35611652848807, ""gap0_mi"": 99.08734136164, ""gap_bon"": 99.35611652848807, ""gap_mi"": 99.08734136164, ""raw_perf_bon"": 0.941940426826477, ""raw_perf_mi"": 0.9404213378826777}","{""gap0_bon"": 99.35611652848807, ""gap0_mi"": 99.08734136164, ""gap_bon"": 99.35611652848807, ""gap_mi"": 99.08734136164, ""raw_perf_bon"": 0.941940426826477, ""raw_perf_mi"": 0.9404213378826777}",True,True,True,False,False,False,False,False,legacy_best_visible_fallback;visible_configuration_match,2982f0d8b8d3c68f31c63896910030280c4733e3f34c3d6717c80b3f7ea7891c,../deliveries/paper-ad03e8c-20260916/trajectories/deepseek-v4-flash-0731/poolact/959e166ba0521f34fe48876e.json
ab05f5bb4a1ac40e59138425,deepseek-v4-flash-0731,poolact,tuning,hpobench:nasbench101:C,cost_tight,poolact,2204,1,existing_trace_rescored,paper-graph-lock-v4,"{""gap0_bon"": 99.50379509501668, ""gap0_mi"": 99.10063102649983, ""gap_bon"": 99.50379509501668, ""gap_mi"": 99.10063102649983, ""raw_perf_bon"": 0.9427750905354818, ""raw_perf_mi"": 0.9404964496692022}","{""gap0_bon"": 99.50379509501668, ""gap0_mi"": 99.10063102649983, ""gap_bon"": 99.50379509501668, ""gap_mi"": 99.10063102649983, ""raw_perf_bon"": 0.9427750905354818, ""raw_perf_mi"": 0.9404964496692022}",True,True,True,False,False,False,False,False,legacy_best_visible_fallback;visible_configuration_match,5874073cab42e98020342b29a3031f775a75764f73b1f483660f8e9585bd5180,../deliveries/paper-ad03e8c-20260916/trajectories/deepseek-v4-flash-0731/poolact/ab05f5bb4a1ac40e59138425.json
26b0b98da05d74bd7d3bf7c1,deepseek-v4-flash-0731,poolact,tuning,hpobench:nasbench101:C,cost_tight,poolact,2208,2,existing_trace_rescored,paper-graph-lock-v4,"{""gap0_bon"": 98.747681537454, ""gap0_mi"": 98.66941031530011, ""gap_bon"": 98.747681537454, ""gap_mi"": 98.66941031530011, ""raw_perf_bon"": 0.9385016163190206, ""raw_perf_mi"": 0.9380592356125514}","{""gap0_bon"": 98.747681537454, ""gap0_mi"": 98.66941031530011, ""gap_bon"": 98.747681537454, ""gap_mi"": 98.66941031530011, ""raw_perf_bon"": 0.9385016163190206, ""raw_perf_mi"": 0.9380592356125514}",True,True,True,False,False,False,False,False,legacy_best_visible_fallback;visible_configuration_match,52e75b94b203f8502ab9d9e19569e84b5ddcdb5d2e06459a4e31c7474481dd5b,../deliveries/paper-ad03e8c-20260916/trajectories/deepseek-v4-flash-0731/poolact/26b0b98da05d74bd7d3bf7c1.json
969fe1ce3003231cbc407b3f,gemini-3.8-flash-medium,expgym,tuning,hpobench:nasbench101:A,cost_free,single,2200,0,existing_trace_rescored,n1,"{""gap"": 99.9430453645607, ""gap0"": 99.9430453645607, ""raw_perf"": 0.9456797440846761}","{""gap"": 99.9430453645607, ""gap0"": 99.9430453645607, ""raw_perf"": 0.9456797440846761}",True,True,True,False,False,False,False,False,visible_configuration_match,58afb8866b3eaf28249d23c7708738f5f4ba5c3460bceb74aa167fe91a58b6f9,../deliveries/paper-ad03e8c-20260916/trajectories/gemini-3.8-flash-medium/expgym/969fe1ce3003231cbc407b3f.json
79cc896dcd18edab4d4dead8,gemini-3.8-flash-medium,expgym,tuning,hpobench:nasbench101:A,cost_free,single,2204,1,existing_trace_rescored,n1,"{""gap"": 99.77218428267302, ""gap0"": 99.77218428267302, ""raw_perf"": 0.9444778362909952}","{""gap"": 99.77218428267302, ""gap0"": 99.77218428267302, ""raw_perf"": 0.9444778362909952}",True,True,True,False,False,False,False,False,visible_configuration_match,021eda39b323ed940516d7c399344ef7af44d5eaae448e528a6eeed095b93d3c,../deliveries/paper-ad03e8c-20260916/trajectories/gemini-3.8-flash-medium/expgym/79cc896dcd18edab4d4dead8.json
e7f439080d5b824fc4f4192d,gemini-3.8-flash-medium,expgym,tuning,hpobench:nasbench101:A,cost_free,single,2208,2,existing_trace_rescored,n1,"{""gap"": 99.85286695641263, ""gap0"": 99.85286695641263, ""raw_perf"": 0.9450453917185465}","{""gap"": 99.85286695641263, ""gap0"": 99.85286695641263, ""raw_perf"": 0.9450453917185465}",True,True,True,False,False,False,False,False,visible_configuration_match,d292258027f47080b432a9980eedc77fa366f0816ee4ace10c05d7e832151e8c,../deliveries/paper-ad03e8c-20260916/trajectories/gemini-3.8-flash-medium/expgym/e7f439080d5b824fc4f4192d.json
be5d9f38a34fd82b0318f9d5,gemini-3.8-flash-medium,expgym,tuning,hpobench:nasbench101:B,cost_free,single,2200,0,existing_trace_rescored,n1,"{""gap"": 98.36237578884726, ""gap0"": 98.36237578884726, ""raw_perf"": 0.944778323173523}","{""gap"": 98.36237578884726, ""gap0"": 98.36237578884726, ""raw_perf"": 0.944778323173523}",True,True,True,False,False,False,False,False,visible_configuration_match,9823a68bd49aae4b280f507acf8b1d86f3d23a734575e4cd3c214bc86624fc18,../deliveries/paper-ad03e8c-20260916/trajectories/gemini-3.8-flash-medium/expgym/be5d9f38a34fd82b0318f9d5.json
330f5164305f15a097249382,gemini-3.8-flash-medium,expgym,tuning,hpobench:nasbench101:B,cost_free,single,2204,1,existing_trace_rescored,n1,"{""gap"": 96.97366459495926, ""gap0"": 96.97366459495926, ""raw_perf"": 0.9412393172581991}","{""gap"": 96.97366459495926, ""gap0"": 96.97366459495926, ""raw_perf"": 0.9412393172581991}",True,True,True,False,False,False,False,False,visible_configuration_match,199d3a9ec6889fdc37a8a1050d80016414aec2a07e4682f7d8e9976587c5318f,../deliveries/paper-ad03e8c-20260916/trajectories/gemini-3.8-flash-medium/expgym/330f5164305f15a097249382.json
a5ab17df8d8d853c5f3d9375,gemini-3.8-flash-medium,expgym,tuning,hpobench:nasbench101:B,cost_free,single,2208,2,existing_trace_rescored,n1,"{""gap"": 98.71609469739805, ""gap0"": 98.71609469739805, ""raw_perf"": 0.9456797440846761}","{""gap"": 98.71609469739805, ""gap0"": 98.71609469739805, ""raw_perf"": 0.9456797440846761}",True,True,True,False,False,False,False,False,visible_configuration_match,fb41589fb0471ca4019a857cb1a4cd11961e0e0b8c1930ac4f9d7f0e7b272861,../deliveries/paper-ad03e8c-20260916/trajectories/gemini-3.8-flash-medium/expgym/a5ab17df8d8d853c5f3d9375.json
5850ac4811d22f872b580030,gemini-3.8-flash-medium,expgym,tuning,hpobench:nasbench101:C,cost_free,single,2200,0,existing_trace_rescored,n1,"{""gap"": 99.48016863356374, ""gap0"": 99.48016863356374, ""raw_perf"": 0.94264155626297}","{""gap"": 99.48016863356374, ""gap0"": 99.48016863356374, ""raw_perf"": 0.94264155626297}",True,True,True,False,False,False,False,False,visible_configuration_match,a485e020e2e22dbc671cd22b05de9d20f9b4ab73eaca3f9a119ed3415403bafd,../deliveries/paper-ad03e8c-20260916/trajectories/gemini-3.8-flash-medium/expgym/5850ac4811d22f872b580030.json
27aff4f2675c1b10c6eb2e44,gemini-3.8-flash-medium,expgym,tuning,hpobench:nasbench101:C,cost_free,single,2204,1,existing_trace_rescored,n1,"{""gap"": 100.88017269327707, ""gap0"": 100.88017269327707, ""raw_perf"": 0.9505542318026224}","{""gap"": 100.88017269327707, ""gap0"": 100.88017269327707, ""raw_perf"": 0.9505542318026224}",True,True,True,False,False,False,False,False,visible_configuration_match,48cdc2551e5d22f26d67530ee310f433de1a3931c71fe3643c3ab27576d626d4,../deliveries/paper-ad03e8c-20260916/trajectories/gemini-3.8-flash-medium/expgym/27aff4f2675c1b10c6eb2e44.json
b50ff6f062896ae4695dd367,gemini-3.8-flash-medium,expgym,tuning,hpobench:nasbench101:C,cost_free,single,2208,2,existing_trace_rescored,n1,"{""gap"": 100.01772072491956, ""gap0"": 100.01772072491956, ""raw_perf"": 0.9456797440846761}","{""gap"": 100.01772072491956, ""gap0"": 100.01772072491956, ""raw_perf"": 0.9456797440846761}",True,True,True,False,False,False,False,False,visible_configuration_match,5557aaa433d82fb5e048d7bd67c79d576807272c427d4dafd36735d17bf982b0,../deliveries/paper-ad03e8c-20260916/trajectories/gemini-3.8-flash-medium/expgym/b50ff6f062896ae4695dd367.json
844b39d0eeaa862ab08f4ab6,gemini-3.8-flash-medium,expgym,tuning,hpobench:nasbench201:cifar10-valid,cost_free,single,2200,0,existing_trace_rescored,n1,"{""gap"": 100.0, ""gap0"": 100.0, ""raw_perf"": 0.9160666665039063}","{""gap"": 100.0, ""gap0"": 100.0, ""raw_perf"": 0.9160666665039063}",True,True,True,False,False,False,False,False,visible_configuration_match,4a5c60632862ffc3d2e7dea5edc962cf5cbd59d1f17a08a1372a2ebd33acc46d,../deliveries/paper-ad03e8c-20260916/trajectories/gemini-3.8-flash-medium/expgym/844b39d0eeaa862ab08f4ab6.json
2c5c6e5fd2be3808b9206c57,gemini-3.8-flash-medium,expgym,tuning,hpobench:nasbench201:cifar10-valid,cost_free,single,2204,1,existing_trace_rescored,n1,"{""gap"": 100.0, ""gap0"": 100.0, ""raw_perf"": 0.9160666665039063}","{""gap"": 100.0, ""gap0"": 100.0, ""raw_perf"": 0.9160666665039063}",True,True,True,False,False,False,False,False,visible_configuration_match,6e9a0771cc7d6a7344570d8f3dd33e021c30bf4dddd0095682d2295b66003dff,../deliveries/paper-ad03e8c-20260916/trajectories/gemini-3.8-flash-medium/expgym/2c5c6e5fd2be3808b9206c57.json
cc1194762f4de9fea8c43a51,gemini-3.8-flash-medium,expgym,tuning,hpobench:nasbench201:cifar10-valid,cost_free,single,2208,2,existing_trace_rescored,n1,"{""gap"": 100.0, ""gap0"": 100.0, ""raw_perf"": 0.9160666665039063}","{""gap"": 100.0, ""gap0"": 100.0, ""raw_perf"": 0.9160666665039063}",True,True,True,False,False,False,False,False,visible_configuration_match,575e788fd6eb775b86fc3acd1559c2fcd5f9641b1e95a55bf513bfccbcb3f9e0,../deliveries/paper-ad03e8c-20260916/trajectories/gemini-3.8-flash-medium/expgym/cc1194762f4de9fea8c43a51.json
f34289e9490c9185161406e5,gemini-3.8-flash-medium,expgym,tuning,hpobench:nasbench201:cifar100,cost_free,single,2200,0,existing_trace_rescored,n1,"{""gap"": 100.0, ""gap0"": 100.0, ""raw_perf"": 0.7350333333333333}","{""gap"": 100.0, ""gap0"": 100.0, ""raw_perf"": 0.7350333333333333}",True,True,True,False,False,False,False,False,visible_configuration_match,ac53ee7dd2d232b9f224f7ef79e7e080ea8d0e0f2532f8bc1579b6b00e320af9,../deliveries/paper-ad03e8c-20260916/trajectories/gemini-3.8-flash-medium/expgym/f34289e9490c9185161406e5.json
e9774de36a06ced5c37732ba,gemini-3.8-flash-medium,expgym,tuning,hpobench:nasbench201:cifar100,cost_free,single,2204,1,existing_trace_rescored,n1,"{""gap"": 100.0, ""gap0"": 100.0, ""raw_perf"": 0.7350333333333333}","{""gap"": 100.0, ""gap0"": 100.0, ""raw_perf"": 0.7350333333333333}",True,True,True,False,False,False,False,False,visible_configuration_match,8dc4ed6f07915780ddb29d41cf1544b1d26359b41995b20570349d55a03a6cba,../deliveries/paper-ad03e8c-20260916/trajectories/gemini-3.8-flash-medium/expgym/e9774de36a06ced5c37732ba.json
9a510611025f5d7d84a78ebc,gemini-3.8-flash-medium,expgym,tuning,hpobench:nasbench201:cifar100,cost_free,single,2208,2,existing_trace_rescored,n1,"{""gap"": 100.0, ""gap0"": 100.0, ""raw_perf"": 0.7350333333333333}","{""gap"": 100.0, ""gap0"": 100.0, ""raw_perf"": 0.7350333333333333}",True,True,True,False,False,False,False,False,visible_configuration_match,266077cc1e8548cc4a1499464fde5c3cf84a34059ea982b0c8cdb604c0835a23,../deliveries/paper-ad03e8c-20260916/trajectories/gemini-3.8-flash-medium/expgym/9a510611025f5d7d84a78ebc.json
0662569d1a6ba668acea0867,gemini-3.8-flash-medium,expgym,tuning,hpobench:nasbench201:imagenet16-120,cost_free,single,2200,0,existing_trace_rescored,n1,"{""gap"": 93.05488447841078, ""gap0"": 93.05488447841078, ""raw_perf"": 0.45927777764214406}","{""gap"": 93.05488447841078, ""gap0"": 93.05488447841078, ""raw_perf"": 0.45927777764214406}",True,True,True,False,False,False,False,False,visible_configuration_match,abaa6fc57b94adca9def3c8b19d4594567749a65a5a7bad0e9fba2f629daa39e,../deliveries/paper-ad03e8c-20260916/trajectories/gemini-3.8-flash-medium/expgym/0662569d1a6ba668acea0867.json
c71745d0d87583b63e93ffa4,gemini-3.8-flash-medium,expgym,tuning,hpobench:nasbench201:imagenet16-120,cost_free,single,2204,1,existing_trace_rescored,n1,"{""gap"": 99.32653407183867, ""gap0"": 99.32653407183867, ""raw_perf"": 0.46755555548773864}","{""gap"": 99.32653407183867, ""gap0"": 99.32653407183867, ""raw_perf"": 0.46755555548773864}",True,True,True,False,False,False,False,False,visible_configuration_match,728e74bd6b058c2f89877eb1a92ce65cbd07e20deeb7e930b0a90ee6bb7c5c7f,../deliveries/paper-ad03e8c-20260916/trajectories/gemini-3.8-flash-medium/expgym/c71745d0d87583b63e93ffa4.json
5a00927c34ee6f193d120067,gemini-3.8-flash-medium,expgym,tuning,hpobench:nasbench201:imagenet16-120,cost_free,single,2208,2,existing_trace_rescored,n1,"{""gap"": 100.0, ""gap0"": 100.0, ""raw_perf"": 0.4684444446478949}","{""gap"": 100.0, ""gap0"": 100.0, ""raw_perf"": 0.4684444446478949}",True,True,True,False,False,False,False,False,visible_configuration_match,b909636bfacde9e51c7880dae74029bd618f6dfcc0a45825ec19a0be6e3ede27,../deliveries/paper-ad03e8c-20260916/trajectories/gemini-3.8-flash-medium/expgym/5a00927c34ee6f193d120067.json
eaedd2e348b3a9a9afdb54ea,gemini-3.8-flash-medium,expgym,tuning,hpobench:paramnet:adult:steps,cost_free,single,2200,0,existing_trace_rescored,n1,"{""gap"": 97.5947356494067, ""gap0"": 97.5947356494067, ""raw_perf"": 0.852740740812763}","{""gap"": 97.5947356494067, ""gap0"": 97.5947356494067, ""raw_perf"": 0.852740740812763}",True,True,True,False,False,False,False,False,legacy_best_visible_fallback,d85d1bad440651ac836c7ae123af6851c7cc5d4c04bf8f5814d5f321fa4f6e94,../deliveries/paper-ad03e8c-20260916/trajectories/gemini-3.8-flash-medium/expgym/eaedd2e348b3a9a9afdb54ea.json
782b456a9359ae9ad97536c7,gemini-3.8-flash-medium,expgym,tuning,hpobench:paramnet:adult:steps,cost_free,single,2204,1,existing_trace_rescored,n1,"{""gap"": 93.48104568871592, ""gap0"": 93.48104568871592, ""raw_perf"": 0.8510462949499488}","{""gap"": 93.48104568871592, ""gap0"": 93.48104568871592, ""raw_perf"": 0.8510462949499488}",True,True,True,False,False,False,False,False,legacy_best_visible_fallback,53a14f6bc6cb6ecd3eaee217430910c161d9adc00eedfd9cc49047695989712a,../deliveries/paper-ad03e8c-20260916/trajectories/gemini-3.8-flash-medium/expgym/782b456a9359ae9ad97536c7.json
9e222da86eebda2a5fd3c3a1,gemini-3.8-flash-medium,expgym,tuning,hpobench:paramnet:adult:steps,cost_free,single,2208,2,existing_trace_rescored,n1,"{""gap"": 97.5947356494067, ""gap0"": 97.5947356494067, ""raw_perf"": 0.852740740812763}","{""gap"": 97.5947356494067, ""gap0"": 97.5947356494067, ""raw_perf"": 0.852740740812763}",True,True,True,False,False,False,False,False,legacy_best_visible_fallback,ee0f8b3d04f39107ca94a9d1bac1db3b38e3ce41161fd5d719c078deeaf160ce,/lustrefs/users/chufan.shi/codex_space_tn/gemini_openrouter_20260917/runs/main/invocations/job_c446a197be20ed0283f4eb789899d0ffa2570049eeefc5329be03c7c366a835c/result/gemini-3.8-flash-medium-openrouter_cost_free/traces-v2/tuning_hpobench_paramnet_adult_steps_r0_s2208.json
98625201be0234298da43943,gemini-3.8-flash-medium,expgym,tuning,hpobench:paramnet:higgs:steps,cost_free,single,2200,0,existing_trace_rescored,n1,"{""gap"": 96.21589963573545, ""gap0"": 96.21589963573545, ""raw_perf"": 0.71777214463594}","{""gap"": 96.21589963573545, ""gap0"": 96.21589963573545, ""raw_perf"": 0.71777214463594}",True,True,True,False,False,False,False,False,legacy_best_visible_fallback,014e5b99f88ad8e087aa7f58a70650d2bf3a2a2173444083724fd844a761b23e,../deliveries/paper-ad03e8c-20260916/trajectories/gemini-3.8-flash-medium/expgym/98625201be0234298da43943.json
620c7d66e3a36aff9f84aac1,gemini-3.8-flash-medium,expgym,tuning,hpobench:paramnet:higgs:steps,cost_free,single,2204,1,existing_trace_rescored,n1,"{""gap"": 95.07642703730104, ""gap0"": 95.07642703730104, ""raw_perf"": 0.7167804453656682}","{""gap"": 95.07642703730104, ""gap0"": 95.07642703730104, ""raw_perf"": 0.7167804453656682}",True,True,True,False,False,False,False,False,legacy_best_visible_fallback,c7c6df7ee3b3eeda0416c9283b57c6727cec8810847ab8cf90be850ddc54d419,../deliveries/paper-ad03e8c-20260916/trajectories/gemini-3.8-flash-medium/expgym/620c7d66e3a36aff9f84aac1.json
3613d41f36510bd99efc3d22,gemini-3.8-flash-medium,expgym,tuning,hpobench:paramnet:higgs:steps,cost_free,single,2208,2,existing_trace_rescored,n1,"{""gap"": 97.11157379882587, ""gap0"": 97.11157379882587, ""raw_perf"": 0.7185516626473063}","{""gap"": 97.11157379882587, ""gap0"": 97.11157379882587, ""raw_perf"": 0.7185516626473063}",True,True,True,False,False,False,False,False,legacy_best_visible_fallback,a88a93a850f4e20380211af3bf596ef56ce3fcfb9ef90376a8cfb7cca793cf7b,../deliveries/paper-ad03e8c-20260916/trajectories/gemini-3.8-flash-medium/expgym/3613d41f36510bd99efc3d22.json
5bb43c7f1b80d0a5315a4688,gemini-3.8-flash-medium,expgym,tuning,hpobench:paramnet:letter:steps,cost_free,single,2200,0,existing_trace_rescored,n1,"{""gap"": 96.09271329060347, ""gap0"": 96.09271329060347, ""raw_perf"": 0.9446178188506212}","{""gap"": 96.09271329060347, ""gap0"": 96.09271329060347, ""raw_perf"": 0.9446178188506212}",True,True,True,False,False,False,False,False,legacy_best_visible_fallback,0ee3f9d640dc2829e50e945a4f339d86f67243a3723c0303221ea76a6389bd54,../deliveries/paper-ad03e8c-20260916/trajectories/gemini-3.8-flash-medium/expgym/5bb43c7f1b80d0a5315a4688.json
7204323aa68a91364c6c8ccc,gemini-3.8-flash-medium,expgym,tuning,hpobench:paramnet:letter:steps,cost_free,single,2204,1,existing_trace_rescored,n1,"{""gap"": 96.57520058101252, ""gap0"": 96.57520058101252, ""raw_perf"": 0.9471506086451498}","{""gap"": 96.57520058101252, ""gap0"": 96.57520058101252, ""raw_perf"": 0.9471506086451498}",True,True,True,False,False,False,False,False,legacy_best_visible_fallback,7ba5ca30e1d0b30f79346c28e113e39f764de5331cad6b28b6e3e73eb1afaf21,../deliveries/paper-ad03e8c-20260916/trajectories/gemini-3.8-flash-medium/expgym/7204323aa68a91364c6c8ccc.json
c0da4ad1d602af86026cd970,gemini-3.8-flash-medium,expgym,tuning,hpobench:paramnet:letter:steps,cost_free,single,2208,2,existing_trace_rescored,n1,"{""gap"": 94.22738215682632, ""gap0"": 94.22738215682632, ""raw_perf"": 0.9348258683620563}","{""gap"": 94.22738215682632, ""gap0"": 94.22738215682632, ""raw_perf"": 0.9348258683620563}",True,True,True,False,False,False,False,False,legacy_best_visible_fallback,5b7624e8efb142041ed323e8b436d95b64b3675cb7f31ce491acf0555f79081b,/lustrefs/users/chufan.shi/codex_space_tn/gemini_openrouter_20260917/runs/main/invocations/job_b15763a8d3917d7a3c9a51c87c3fb6cddea2fbadcce870c96a87c9238c514a00/result/gemini-3.8-flash-medium-openrouter_cost_free/traces-v2/tuning_hpobench_paramnet_letter_steps_r0_s2208.json
36a27b0ad4e3e0961b736531,gemini-3.8-flash-medium,expgym,tuning,hpobench:nasbench101:A,cost_moderate,single,2200,0,existing_trace_rescored,n1,"{""gap"": 98.79921043743096, ""gap0"": 98.79921043743096, ""raw_perf"": 0.9376335342725118}","{""gap"": 98.79921043743096, ""gap0"": 98.79921043743096, ""raw_perf"": 0.9376335342725118}",True,True,True,False,False,False,False,False,visible_configuration_match,b51fb676daf4490a6687b2bc58319ee0e8acd37bea37c76c3b8513058e969326,../deliveries/paper-ad03e8c-20260916/trajectories/gemini-3.8-flash-medium/expgym/36a27b0ad4e3e0961b736531.json
9fdbe9e576ebcc6a547331a4,gemini-3.8-flash-medium,expgym,tuning,hpobench:nasbench101:A,cost_moderate,single,2204,1,existing_trace_rescored,n1,"{""gap"": 99.44469442278952, ""gap0"": 99.44469442278952, ""raw_perf"": 0.9421741366386414}","{""gap"": 99.44469442278952, ""gap0"": 99.44469442278952, ""raw_perf"": 0.9421741366386414}",True,True,True,False,False,False,False,False,visible_configuration_match,0bac458248d0fe0f7ffe5a482da9e7f260e05f4b30ce9931838e649929c72431,../deliveries/paper-ad03e8c-20260916/trajectories/gemini-3.8-flash-medium/expgym/9fdbe9e576ebcc6a547331a4.json
c65870837c8c633ca9fd510e,gemini-3.8-flash-medium,expgym,tuning,hpobench:nasbench101:A,cost_moderate,single,2208,2,existing_trace_rescored,n1,"{""gap"": 98.87989593560077, ""gap0"": 98.87989593560077, ""raw_perf"": 0.938201109568278}","{""gap"": 98.87989593560077, ""gap0"": 98.87989593560077, ""raw_perf"": 0.938201109568278}",True,True,True,False,False,False,False,False,visible_configuration_match,717b2265f5cc87cc2c2356308e298525c8b293604ad022728ad2178dbc7b7563,../deliveries/paper-ad03e8c-20260916/trajectories/gemini-3.8-flash-medium/expgym/c65870837c8c633ca9fd510e.json
0ea8d9580bec4da12c72e296,gemini-3.8-flash-medium,expgym,tuning,hpobench:nasbench101:B,cost_moderate,single,2200,0,existing_trace_rescored,n1,"{""gap"": 98.71609469739805, ""gap0"": 98.71609469739805, ""raw_perf"": 0.9456797440846761}","{""gap"": 98.71609469739805, ""gap0"": 98.71609469739805, ""raw_perf"": 0.9456797440846761}",True,True,True,False,False,False,False,False,visible_configuration_match,b6724b6b61b7d9655e798226310b6a875a84f030a6f8e0c8bc43b1ae1f6f82fc,../deliveries/paper-ad03e8c-20260916/trajectories/gemini-3.8-flash-medium/expgym/0ea8d9580bec4da12c72e296.json
1f5f678bd8a99fb7946237a6,gemini-3.8-flash-medium,expgym,tuning,hpobench:nasbench101:B,cost_moderate,single,2204,1,existing_trace_rescored,n1,"{""gap"": 97.1570807519477, ""gap0"": 97.1570807519477, ""raw_perf"": 0.9417067368825277}","{""gap"": 97.1570807519477, ""gap0"": 97.1570807519477, ""raw_perf"": 0.9417067368825277}",True,True,True,False,False,False,False,False,visible_configuration_match,8f23c07ddb9a1509c8529d898c2ab5576fe27a04a4beab55bb0fa8739e55f8ac,../deliveries/paper-ad03e8c-20260916/trajectories/gemini-3.8-flash-medium/expgym/1f5f678bd8a99fb7946237a6.json
8b2c956f1af3ddd252c3e129,gemini-3.8-flash-medium,expgym,tuning,hpobench:nasbench101:B,cost_moderate,single,2208,2,existing_trace_rescored,n1,"{""gap"": 96.60683228098237, ""gap0"": 96.60683228098237, ""raw_perf"": 0.9403044780095419}","{""gap"": 96.60683228098237, ""gap0"": 96.60683228098237, ""raw_perf"": 0.9403044780095419}",True,True,True,False,False,False,False,False,visible_configuration_match,e296b4f0042ebd6f5b6f99aa6091874e13d33ad3c3d26b71f66c4fde8ffc6111,/lustrefs/users/chufan.shi/codex_space_tn/gemini_openrouter_20260917/runs/main/invocations/job_f97669399b84cd15ba793dc991c943f438a0fa95fe0f14e67cc086b2661a5276/result/gemini-3.8-flash-medium-openrouter_cost_moderate/traces-v2/tuning_hpobench_nasbench101_B_r0_s2208.json
888338708421a8a16ae6560b,gemini-3.8-flash-medium,expgym,tuning,hpobench:nasbench101:C,cost_moderate,single,2200,0,existing_trace_rescored,n1,"{""gap"": 99.32067507864893, ""gap0"": 99.32067507864893, ""raw_perf"": 0.9417401154836019}","{""gap"": 99.32067507864893, ""gap0"": 99.32067507864893, ""raw_perf"": 0.9417401154836019}",True,True,True,False,False,False,False,False,visible_configuration_match,d4e02541fff926440e59cbb1d7599aabacbd0308f88030a32118ec57a3a28a67,../deliveries/paper-ad03e8c-20260916/trajectories/gemini-3.8-flash-medium/expgym/888338708421a8a16ae6560b.json
aa8177f57241f1e21967d2ec,gemini-3.8-flash-medium,expgym,tuning,hpobench:nasbench101:C,cost_moderate,single,2204,1,existing_trace_rescored,n1,"{""gap"": 100.17721779515371, ""gap0"": 100.17721779515371, ""raw_perf"": 0.9465812047322592}","{""gap"": 100.17721779515371, ""gap0"": 100.17721779515371, ""raw_perf"": 0.9465812047322592}",True,True,True,False,False,False,False,False,visible_configuration_match,d53cfd5ab623421c6a295e1c7b2348422216ecbb55fbb1aeee97f2fd4d198bd0,../deliveries/paper-ad03e8c-20260916/trajectories/gemini-3.8-flash-medium/expgym/aa8177f57241f1e21967d2ec.json
54578bbec3e0034a97dfe5de,gemini-3.8-flash-medium,expgym,tuning,hpobench:nasbench101:C,cost_moderate,single,2208,2,existing_trace_rescored,n1,"{""gap"": 99.598315002106, ""gap0"": 99.598315002106, ""raw_perf"": 0.9433093070983887}","{""gap"": 99.598315002106, ""gap0"": 99.598315002106, ""raw_perf"": 0.9433093070983887}",True,True,True,False,False,False,False,False,visible_configuration_match,d3eb16f6ee6d195295f921758d8203368256916d449b6445d5bca937988bb77a,/lustrefs/users/chufan.shi/codex_space_tn/gemini_openrouter_20260917/runs/main/invocations/job_0634d32a74a6c93ae5d27c96f1a0a18002adba231470136cfec36cfb6f12cb23/result/gemini-3.8-flash-medium-openrouter_cost_moderate/traces-v2/tuning_hpobench_nasbench101_C_r0_s2208.json
3e64692b6983b40d09afb073,gemini-3.8-flash-medium,expgym,tuning,hpobench:nasbench201:cifar10-valid,cost_moderate,single,2200,0,existing_trace_rescored,n1,"{""gap"": 99.32998283650223, ""gap0"": 99.32998283650223, ""raw_perf"": 0.915533333235677}","{""gap"": 99.32998283650223, ""gap0"": 99.32998283650223, ""raw_perf"": 0.915533333235677}",True,True,True,False,False,False,False,False,visible_configuration_match,45bbda1b54efa3dfecb685384eee075fd464b23b43db87837db7864665131d4a,../deliveries/paper-ad03e8c-20260916/trajectories/gemini-3.8-flash-medium/expgym/3e64692b6983b40d09afb073.json
56f127134ea3ca9723261b61,gemini-3.8-flash-medium,expgym,tuning,hpobench:nasbench201:cifar10-valid,cost_moderate,single,2204,1,existing_trace_rescored,n1,"{""gap"": 100.0, ""gap0"": 100.0, ""raw_perf"": 0.9160666665039063}","{""gap"": 100.0, ""gap0"": 100.0, ""raw_perf"": 0.9160666665039063}",True,True,True,False,False,False,False,False,visible_configuration_match,5c772459879800fa6a5543ecc29b85fb2d6b7b89460b13450ccc2488ebc297e5,../deliveries/paper-ad03e8c-20260916/trajectories/gemini-3.8-flash-medium/expgym/56f127134ea3ca9723261b61.json
b99bafecf417db0063577bd5,gemini-3.8-flash-medium,expgym,tuning,hpobench:nasbench201:cifar10-valid,cost_moderate,single,2208,2,existing_trace_rescored,n1,"{""gap"": 99.32998283650223, ""gap0"": 99.32998283650223, ""raw_perf"": 0.915533333235677}","{""gap"": 99.32998283650223, ""gap0"": 99.32998283650223, ""raw_perf"": 0.915533333235677}",True,True,True,False,False,False,False,False,visible_configuration_match,713fd0dea722889c0999bbeeffecbf01805a0e63cf556aab9f076cd6acbf292c,../deliveries/paper-ad03e8c-20260916/trajectories/gemini-3.8-flash-medium/expgym/b99bafecf417db0063577bd5.json
ac58cb716359fc449881f59f,gemini-3.8-flash-medium,expgym,tuning,hpobench:nasbench201:cifar100,cost_moderate,single,2200,0,existing_trace_rescored,n1,"{""gap"": 100.0, ""gap0"": 100.0, ""raw_perf"": 0.7350333333333333}","{""gap"": 100.0, ""gap0"": 100.0, ""raw_perf"": 0.7350333333333333}",True,True,True,False,False,False,False,False,visible_configuration_match,23092a5069513ebcaaa13c6f97e09a99de04bba9bca5b6fd13c6a4edbf83e3b5,../deliveries/paper-ad03e8c-20260916/trajectories/gemini-3.8-flash-medium/expgym/ac58cb716359fc449881f59f.json
730606526d00acdf51e0da1a,gemini-3.8-flash-medium,expgym,tuning,hpobench:nasbench201:cifar100,cost_moderate,single,2204,1,existing_trace_rescored,n1,"{""gap"": 100.0, ""gap0"": 100.0, ""raw_perf"": 0.7350333333333333}","{""gap"": 100.0, ""gap0"": 100.0, ""raw_perf"": 0.7350333333333333}",True,True,True,False,False,False,False,False,visible_configuration_match,02cbce0ad0cd64a6d58b5667314ceb9c9d78c272c96d4ee7fb24234e686dbbf9,../deliveries/paper-ad03e8c-20260916/trajectories/gemini-3.8-flash-medium/expgym/730606526d00acdf51e0da1a.json
fadb44574249f4edbc649c2d,gemini-3.8-flash-medium,expgym,tuning,hpobench:nasbench201:cifar100,cost_moderate,single,2208,2,existing_trace_rescored,n1,"{""gap"": 100.0, ""gap0"": 100.0, ""raw_perf"": 0.7350333333333333}","{""gap"": 100.0, ""gap0"": 100.0, ""raw_perf"": 0.7350333333333333}",True,True,True,False,False,False,False,False,visible_configuration_match,01a7c83529eb5a5b0b88dfc1c3cadf2aac53d418f2718f42458f6a2094e1f27c,../deliveries/paper-ad03e8c-20260916/trajectories/gemini-3.8-flash-medium/expgym/fadb44574249f4edbc649c2d.json
e9e7375d419fc5966ac2edcb,gemini-3.8-flash-medium,expgym,tuning,hpobench:nasbench201:imagenet16-120,cost_moderate,single,2200,0,existing_trace_rescored,n1,"{""gap"": 99.32653407183867, ""gap0"": 99.32653407183867, ""raw_perf"": 0.46755555548773864}","{""gap"": 99.32653407183867, ""gap0"": 99.32653407183867, ""raw_perf"": 0.46755555548773864}",True,True,True,False,False,False,False,False,visible_configuration_match,37bb2015fe696280644a9f30a35cc53de646bba1f47cabc1f6d47dbc55d6b1f9,../deliveries/paper-ad03e8c-20260916/trajectories/gemini-3.8-flash-medium/expgym/e9e7375d419fc5966ac2edcb.json
b02d6b4647374187f2a137b7,gemini-3.8-flash-medium,expgym,tuning,hpobench:nasbench201:imagenet16-120,cost_moderate,single,2204,1,existing_trace_rescored,n1,"{""gap"": 97.68496127015109, ""gap0"": 97.68496127015109, ""raw_perf"": 0.4653888886854384}","{""gap"": 97.68496127015109, ""gap0"": 97.68496127015109, ""raw_perf"": 0.4653888886854384}",True,True,True,False,False,False,False,False,visible_configuration_match,6e0d7609bed4229179075912c20d4bd63d6bb67551b8a419110025850fa7442e,../deliveries/paper-ad03e8c-20260916/trajectories/gemini-3.8-flash-medium/expgym/b02d6b4647374187f2a137b7.json
08f2eeb0c070dac3b9deb349,gemini-3.8-flash-medium,expgym,tuning,hpobench:nasbench201:imagenet16-120,cost_moderate,single,2208,2,existing_trace_rescored,n1,"{""gap"": 96.42221311728085, ""gap0"": 96.42221311728085, ""raw_perf"": 0.46372222212049696}","{""gap"": 96.42221311728085, ""gap0"": 96.42221311728085, ""raw_perf"": 0.46372222212049696}",True,True,True,False,False,False,False,False,visible_configuration_match,62d415d1730be32bd466219a60db7e2283312671912badf36d6a1ca6a981210d,../deliveries/paper-ad03e8c-20260916/trajectories/gemini-3.8-flash-medium/expgym/08f2eeb0c070dac3b9deb349.json
a0b08016cd17b4291adba638,gemini-3.8-flash-medium,expgym,tuning,hpobench:paramnet:adult:steps,cost_moderate,single,2200,0,existing_trace_rescored,n1,"{""gap"": 85.7032672663065, ""gap0"": 85.7032672663065, ""raw_perf"": 0.8478425959362477}","{""gap"": 85.7032672663065, ""gap0"": 85.7032672663065, ""raw_perf"": 0.8478425959362477}",True,True,True,False,False,False,False,False,legacy_best_visible_fallback,e6f4f95a9a82bf5db7616df6184c3aa4fd9e36b14dfe33dbff7ffbb671edf6d0,../deliveries/paper-ad03e8c-20260916/trajectories/gemini-3.8-flash-medium/expgym/a0b08016cd17b4291adba638.json
96d5fe75367124b300733192,gemini-3.8-flash-medium,expgym,tuning,hpobench:paramnet:adult:steps,cost_moderate,single,2204,1,existing_trace_rescored,n1,"{""gap"": 89.52471679021812, ""gap0"": 89.52471679021812, ""raw_perf"": 0.8494166667577293}","{""gap"": 89.52471679021812, ""gap0"": 89.52471679021812, ""raw_perf"": 0.8494166667577293}",True,True,True,False,False,False,False,False,legacy_best_visible_fallback,3f502219f2e8b47a0779ac687117b47a7ebecb20f3f729a78f61848d4cc157e8,../deliveries/paper-ad03e8c-20260916/trajectories/gemini-3.8-flash-medium/expgym/96d5fe75367124b300733192.json
8fcbc03dad0d816430077b88,gemini-3.8-flash-medium,expgym,tuning,hpobench:paramnet:adult:steps,cost_moderate,single,2208,2,existing_trace_rescored,n1,"{""gap"": 87.7263980930661, ""gap0"": 87.7263980930661, ""raw_perf"": 0.8486759318687298}","{""gap"": 87.7263980930661, ""gap0"": 87.7263980930661, ""raw_perf"": 0.8486759318687298}",True,True,True,False,False,False,False,False,legacy_best_visible_fallback,b444f4e52f959e3c890d5b45d25a3b16e69cecd77e5dc89cf0f83ce6c0dc1911,../deliveries/paper-ad03e8c-20260916/trajectories/gemini-3.8-flash-medium/expgym/8fcbc03dad0d816430077b88.json
c9a9df2ee4100fa91de8df6c,gemini-3.8-flash-medium,expgym,tuning,hpobench:paramnet:higgs:steps,cost_moderate,single,2200,0,existing_trace_rescored,n1,"{""gap"": 98.17684833284642, ""gap0"": 98.17684833284642, ""raw_perf"": 0.7194787862828187}","{""gap"": 98.17684833284642, ""gap0"": 98.17684833284642, ""raw_perf"": 0.7194787862828187}",True,True,True,False,False,False,False,False,legacy_best_visible_fallback,af7e60eaf5534ede15795cd5e0ea3bfde660ca1a4a7e10f76f6aeafb6ca5e1bb,../deliveries/paper-ad03e8c-20260916/trajectories/gemini-3.8-flash-medium/expgym/c9a9df2ee4100fa91de8df6c.json
20360a82733a19d6ed8bd19e,gemini-3.8-flash-medium,expgym,tuning,hpobench:paramnet:higgs:steps,cost_moderate,single,2204,1,existing_trace_rescored,n1,"{""gap"": 98.17684833284642, ""gap0"": 98.17684833284642, ""raw_perf"": 0.7194787862828187}","{""gap"": 98.17684833284642, ""gap0"": 98.17684833284642, ""raw_perf"": 0.7194787862828187}",True,True,True,False,False,False,False,False,legacy_best_visible_fallback,77968a4efb0eee599e20a7e6ea0d33a3a8a9690691cf706792326f8e34538017,../deliveries/paper-ad03e8c-20260916/trajectories/gemini-3.8-flash-medium/expgym/20360a82733a19d6ed8bd19e.json
e2a79224c2a291a76fb1c163,gemini-3.8-flash-medium,expgym,tuning,hpobench:paramnet:higgs:steps,cost_moderate,single,2208,2,existing_trace_rescored,n1,"{""gap"": 96.69288736362623, ""gap0"": 96.69288736362623, ""raw_perf"": 0.7181872738653113}","{""gap"": 96.69288736362623, ""gap0"": 96.69288736362623, ""raw_perf"": 0.7181872738653113}",True,True,True,False,False,False,False,False,legacy_best_visible_fallback,9dd8c08c6b6e144e969a52be2dd4daabb00d0957eed85e21386cd43ac8238660,../deliveries/paper-ad03e8c-20260916/trajectories/gemini-3.8-flash-medium/expgym/e2a79224c2a291a76fb1c163.json
39b027799f48292525134cef,gemini-3.8-flash-medium,expgym,tuning,hpobench:paramnet:letter:steps,cost_moderate,single,2200,0,existing_trace_rescored,n1,"{""gap"": 96.00224683506535, ""gap0"": 96.00224683506535, ""raw_perf"": 0.9441429202991176}","{""gap"": 96.00224683506535, ""gap0"": 96.00224683506535, ""raw_perf"": 0.9441429202991176}",True,True,True,False,False,False,False,False,legacy_best_visible_fallback,96d910d7a5df8870ab29a5425983590d2041033fee93b18f540d7f287c86feb5,../deliveries/paper-ad03e8c-20260916/trajectories/gemini-3.8-flash-medium/expgym/39b027799f48292525134cef.json
4dd601357244bb9be85a3e39,gemini-3.8-flash-medium,expgym,tuning,hpobench:paramnet:letter:steps,cost_moderate,single,2204,1,existing_trace_rescored,n1,"{""gap"": 96.71736234434259, ""gap0"": 96.71736234434259, ""raw_perf"": 0.9478968787966999}","{""gap"": 96.71736234434259, ""gap0"": 96.71736234434259, ""raw_perf"": 0.9478968787966999}",True,True,True,False,False,False,False,False,legacy_best_visible_fallback,dfe596665e89e1d7b2dfdc23f7b6749cd1204bd3f0d675fbff50714825f835d0,../deliveries/paper-ad03e8c-20260916/trajectories/gemini-3.8-flash-medium/expgym/4dd601357244bb9be85a3e39.json
33e7061232327b091f4a9e4a,gemini-3.8-flash-medium,expgym,tuning,hpobench:paramnet:letter:steps,cost_moderate,single,2208,2,existing_trace_rescored,n1,"{""gap"": 96.84659999050784, ""gap0"": 96.84659999050784, ""raw_perf"": 0.9485753045247616}","{""gap"": 96.84659999050784, ""gap0"": 96.84659999050784, ""raw_perf"": 0.9485753045247616}",True,True,True,False,False,False,False,False,legacy_best_visible_fallback,2b5389319aa9f7aa2a19e7545b9262046a385e820c3230ed52c78db85aed58d4,../deliveries/paper-ad03e8c-20260916/trajectories/gemini-3.8-flash-medium/expgym/33e7061232327b091f4a9e4a.json
ac1cc321afa6db33900250e4,gemini-3.8-flash-medium,expgym,tuning,hpobench:nasbench101:A,cost_tight,single,2200,0,existing_trace_rescored,n1,"{""gap"": 98.96532930097483, ""gap0"": 98.96532930097483, ""raw_perf"": 0.9388020833333334}","{""gap"": 98.96532930097483, ""gap0"": 98.96532930097483, ""raw_perf"": 0.9388020833333334}",True,True,True,False,False,False,False,False,visible_configuration_match,c7145b55b76c34625777b179122d93f87a1824405ed2d364a5ae24c80d3b4567,../deliveries/paper-ad03e8c-20260916/trajectories/gemini-3.8-flash-medium/expgym/ac1cc321afa6db33900250e4.json
007d49abd269972d71db27ef,gemini-3.8-flash-medium,expgym,tuning,hpobench:nasbench101:A,cost_tight,single,2204,1,existing_trace_rescored,n1,"{""gap"": 85.75664976157574, ""gap0"": 85.75664976157574, ""raw_perf"": 0.845886747042338}","{""gap"": 85.75664976157574, ""gap0"": 85.75664976157574, ""raw_perf"": 0.845886747042338}",True,True,True,False,False,False,False,False,visible_configuration_match,bc3913f77c78f3d7a716d4b720130d284b571b21fc8697be634febc541dfe9b1,../deliveries/paper-ad03e8c-20260916/trajectories/gemini-3.8-flash-medium/expgym/007d49abd269972d71db27ef.json
70c9a3833557709e7c04f139,gemini-3.8-flash-medium,expgym,tuning,hpobench:nasbench101:A,cost_tight,single,2208,2,existing_trace_rescored,n1,"{""gap"": 98.15847714370685, ""gap0"": 98.15847714370685, ""raw_perf"": 0.9331263502438863}","{""gap"": 98.15847714370685, ""gap0"": 98.15847714370685, ""raw_perf"": 0.9331263502438863}",True,True,True,False,False,False,False,False,visible_configuration_match,a1f86c054569879b7b66ca63e5f19d880d34cf521b302baebcb160d5d92ff014,../deliveries/paper-ad03e8c-20260916/trajectories/gemini-3.8-flash-medium/expgym/70c9a3833557709e7c04f139.json
cde1f2c02fdac5dabeb44731,gemini-3.8-flash-medium,expgym,tuning,hpobench:nasbench101:B,cost_tight,single,2200,0,existing_trace_rescored,n1,"{""gap"": 96.97366459495926, ""gap0"": 96.97366459495926, ""raw_perf"": 0.9412393172581991}","{""gap"": 96.97366459495926, ""gap0"": 96.97366459495926, ""raw_perf"": 0.9412393172581991}",True,True,True,False,False,False,False,False,visible_configuration_match,1c354264c2b6b95dd7da926a54017f70af4af9bbf6a2c96ca111635be901de1c,../deliveries/paper-ad03e8c-20260916/trajectories/gemini-3.8-flash-medium/expgym/cde1f2c02fdac5dabeb44731.json
d7408fd1b73d168c8fea1aa6,gemini-3.8-flash-medium,expgym,tuning,hpobench:nasbench101:B,cost_tight,single,2204,1,existing_trace_rescored,n1,"{""gap"": 95.951777918731, ""gap0"": 95.951777918731, ""raw_perf"": 0.9386351307233175}","{""gap"": 95.951777918731, ""gap0"": 95.951777918731, ""raw_perf"": 0.9386351307233175}",True,True,True,False,False,False,False,False,visible_configuration_match,90d7637073972c4785cb519f936ee8ec1e7dd58492779327e99ea4825e80600b,../deliveries/paper-ad03e8c-20260916/trajectories/gemini-3.8-flash-medium/expgym/d7408fd1b73d168c8fea1aa6.json
24c7610871c2dd75c0ff6f6d,gemini-3.8-flash-medium,expgym,tuning,hpobench:nasbench101:B,cost_tight,single,2208,2,existing_trace_rescored,n1,"{""gap"": 97.70731363027872, ""gap0"": 97.70731363027872, ""raw_perf"": 0.9431089560190836}","{""gap"": 97.70731363027872, ""gap0"": 97.70731363027872, ""raw_perf"": 0.9431089560190836}",True,True,True,False,False,False,False,False,visible_configuration_match,05a488ff90b5a06ab3cacf8e6f2dcad985150259d21e4377ce5c8e9961f2543b,../deliveries/paper-ad03e8c-20260916/trajectories/gemini-3.8-flash-medium/expgym/24c7610871c2dd75c0ff6f6d.json
7e36024bd6da25cf033071ea,gemini-3.8-flash-medium,expgym,tuning,hpobench:nasbench101:C,cost_tight,single,2200,0,existing_trace_rescored,n1,"{""gap"": 99.16709077558693, ""gap0"": 99.16709077558693, ""raw_perf"": 0.940872073173523}","{""gap"": 99.16709077558693, ""gap0"": 99.16709077558693, ""raw_perf"": 0.940872073173523}",True,True,True,False,False,False,False,False,visible_configuration_match,ee19d39b918e53295f1048ebec0581ad4a0edc4138cef87bc3a9bac1f5592a43,../deliveries/paper-ad03e8c-20260916/trajectories/gemini-3.8-flash-medium/expgym/7e36024bd6da25cf033071ea.json
4bcad20aa421f7f29efc76d7,gemini-3.8-flash-medium,expgym,tuning,hpobench:nasbench101:C,cost_tight,single,2204,1,existing_trace_rescored,n1,"{""gap"": 98.09788881408932, ""gap0"": 98.09788881408932, ""raw_perf"": 0.93482905626297}","{""gap"": 98.09788881408932, ""gap0"": 98.09788881408932, ""raw_perf"": 0.93482905626297}",True,True,True,False,False,False,False,False,visible_configuration_match,310529e3467b36fdd855d8f931101581cff70f7f648249fb85860d950ff88f11,../deliveries/paper-ad03e8c-20260916/trajectories/gemini-3.8-flash-medium/expgym/4bcad20aa421f7f29efc76d7.json
41e1e3332e19c0c470075284,gemini-3.8-flash-medium,expgym,tuning,hpobench:nasbench101:C,cost_tight,single,2208,2,existing_trace_rescored,n1,"{""gap"": 98.80675296406544, ""gap0"": 98.80675296406544, ""raw_perf"": 0.9388354818026224}","{""gap"": 98.80675296406544, ""gap0"": 98.80675296406544, ""raw_perf"": 0.9388354818026224}",True,True,True,False,False,False,False,False,visible_configuration_match,d9cd5a6e6bec14a57229a82fed7d3991fa59a990b2155ca97c162f2616249031,/lustrefs/users/chufan.shi/codex_space_tn/gemini_openrouter_20260917/runs/main/invocations/job_eb91c0093b86ff05555e1c3d6255e0aec64f3eebf0a939c5ee7908734245588d/result/gemini-3.8-flash-medium-openrouter_cost_tight/traces-v2/tuning_hpobench_nasbench101_C_r0_s2208.json
cbbf83c2a1a8aa0931a487e2,gemini-3.8-flash-medium,expgym,tuning,hpobench:nasbench201:cifar10-valid,cost_tight,single,2200,0,existing_trace_rescored,n1,"{""gap"": 93.8358414047035, ""gap0"": 93.8358414047035, ""raw_perf"": 0.9111599998860676}","{""gap"": 93.8358414047035, ""gap0"": 93.8358414047035, ""raw_perf"": 0.9111599998860676}",True,True,True,False,False,False,False,False,visible_configuration_match,e26c50d78e6b6b3434d42b44fae921d8831f18f1dff8c567655331ce66193977,../deliveries/paper-ad03e8c-20260916/trajectories/gemini-3.8-flash-medium/expgym/cbbf83c2a1a8aa0931a487e2.json
c69c2b5a64ad959164e58703,gemini-3.8-flash-medium,expgym,tuning,hpobench:nasbench201:cifar10-valid,cost_tight,single,2204,1,existing_trace_rescored,n1,"{""gap"": 93.835841476269, ""gap0"": 93.835841476269, ""raw_perf"": 0.9111599999430336}","{""gap"": 93.835841476269, ""gap0"": 93.835841476269, ""raw_perf"": 0.9111599999430336}",True,True,True,False,False,False,False,False,visible_configuration_match,9b7c1113580e88ea9fbe1bfd17fd3141596e35e454aafcdcfc0eaa260f59d9d1,../deliveries/paper-ad03e8c-20260916/trajectories/gemini-3.8-flash-medium/expgym/c69c2b5a64ad959164e58703.json
2a5009cc570165ccbba5310f,gemini-3.8-flash-medium,expgym,tuning,hpobench:nasbench201:cifar10-valid,cost_tight,single,2208,2,existing_trace_rescored,n1,"{""gap"": 99.32998283650223, ""gap0"": 99.32998283650223, ""raw_perf"": 0.915533333235677}","{""gap"": 99.32998283650223, ""gap0"": 99.32998283650223, ""raw_perf"": 0.915533333235677}",True,True,True,False,False,False,False,False,visible_configuration_match,81d3897210ec0bb3f3ea7e591a2219dceaed8f1b93015bef57bb70a14f959b3e,../deliveries/paper-ad03e8c-20260916/trajectories/gemini-3.8-flash-medium/expgym/2a5009cc570165ccbba5310f.json
0925534532945f5a2a0454d4,gemini-3.8-flash-medium,expgym,tuning,hpobench:nasbench201:cifar100,cost_tight,single,2200,0,existing_trace_rescored,n1,"{""gap"": 100.0, ""gap0"": 100.0, ""raw_perf"": 0.7350333333333333}","{""gap"": 100.0, ""gap0"": 100.0, ""raw_perf"": 0.7350333333333333}",True,True,True,False,False,False,False,False,visible_configuration_match,0afc93cce92819fa049e8eccb2d2a0598bfabba0d9756ae34d44ff856eeee4c4,../deliveries/paper-ad03e8c-20260916/trajectories/gemini-3.8-flash-medium/expgym/0925534532945f5a2a0454d4.json
072eecb297aa36fe1630124f,gemini-3.8-flash-medium,expgym,tuning,hpobench:nasbench201:cifar100,cost_tight,single,2204,1,existing_trace_rescored,n1,"{""gap"": 95.741010126906, ""gap0"": 95.741010126906, ""raw_perf"": 0.7298333333333333}","{""gap"": 95.741010126906, ""gap0"": 95.741010126906, ""raw_perf"": 0.7298333333333333}",True,True,True,False,False,False,False,False,visible_configuration_match,9fec25a6e72d453e75e7e0e5976e4e24d492adaf58f337add59e9acf54297bc3,../deliveries/paper-ad03e8c-20260916/trajectories/gemini-3.8-flash-medium/expgym/072eecb297aa36fe1630124f.json
bbc412c1e5f1c3ad94a8d49b,gemini-3.8-flash-medium,expgym,tuning,hpobench:nasbench201:cifar100,cost_tight,single,2208,2,existing_trace_rescored,n1,"{""gap"": 100.0, ""gap0"": 100.0, ""raw_perf"": 0.7350333333333333}","{""gap"": 100.0, ""gap0"": 100.0, ""raw_perf"": 0.7350333333333333}",True,True,True,False,False,False,False,False,visible_configuration_match,852e3f3f7ed6048b9037fede225fe520d577413ac73bc82d968754ad9b72529c,../deliveries/paper-ad03e8c-20260916/trajectories/gemini-3.8-flash-medium/expgym/bbc412c1e5f1c3ad94a8d49b.json
62c68d4944ac80de75dbd658,gemini-3.8-flash-medium,expgym,tuning,hpobench:nasbench201:imagenet16-120,cost_tight,single,2200,0,existing_trace_rescored,n1,"{""gap"": 94.61227393631557, ""gap0"": 94.61227393631557, ""raw_perf"": 0.4613333331637912}","{""gap"": 94.61227393631557, ""gap0"": 94.61227393631557, ""raw_perf"": 0.4613333331637912}",True,True,True,False,False,False,False,False,visible_configuration_match,fa091328d90cfeb65835dd8a4fe8f438782ece169ac1e67c3c54d736299bfeaa,../deliveries/paper-ad03e8c-20260916/trajectories/gemini-3.8-flash-medium/expgym/62c68d4944ac80de75dbd658.json
d3a23618c73caacc8cfa094a,gemini-3.8-flash-medium,expgym,tuning,hpobench:nasbench201:imagenet16-120,cost_tight,single,2204,1,existing_trace_rescored,n1,"{""gap"": 80.80622667366153, ""gap0"": 80.80622667366153, ""raw_perf"": 0.4431111110093858}","{""gap"": 80.80622667366153, ""gap0"": 80.80622667366153, ""raw_perf"": 0.4431111110093858}",True,True,True,False,False,False,False,False,visible_configuration_match,32778c859dd7dedad8d8444526b6fdd890c6a55caf80dda0b4c473645a7113e5,../deliveries/paper-ad03e8c-20260916/trajectories/gemini-3.8-flash-medium/expgym/d3a23618c73caacc8cfa094a.json
b2c60d903184494a2d0ae279,gemini-3.8-flash-medium,expgym,tuning,hpobench:nasbench201:imagenet16-120,cost_tight,single,2208,2,existing_trace_rescored,n1,"{""gap"": 95.66456428207825, ""gap0"": 95.66456428207825, ""raw_perf"": 0.4627222222561307}","{""gap"": 95.66456428207825, ""gap0"": 95.66456428207825, ""raw_perf"": 0.4627222222561307}",True,True,True,False,False,False,False,False,visible_configuration_match,db3b4b21ee1181df5eb40f13b7aea4ae1fdb6016713fb01e6ee9933c1321d7ba,../deliveries/paper-ad03e8c-20260916/trajectories/gemini-3.8-flash-medium/expgym/b2c60d903184494a2d0ae279.json
de2092490cc786c1a87a3983,gemini-3.8-flash-medium,expgym,tuning,hpobench:paramnet:adult:steps,cost_tight,single,2200,0,existing_trace_rescored,n1,"{""gap"": 85.70326453365695, ""gap0"": 85.70326453365695, ""raw_perf"": 0.847842594810658}","{""gap"": 85.70326453365695, ""gap0"": 85.70326453365695, ""raw_perf"": 0.847842594810658}",True,True,True,False,False,False,False,False,legacy_best_visible_fallback,8e66e308bc81ba2e88ec0c4f795f2f6f9ddbd3ec5b3f7f0defc4ee5b30365241,../deliveries/paper-ad03e8c-20260916/trajectories/gemini-3.8-flash-medium/expgym/de2092490cc786c1a87a3983.json
02b86ef6e94952c7c2cadabf,gemini-3.8-flash-medium,expgym,tuning,hpobench:paramnet:adult:steps,cost_tight,single,2204,1,existing_trace_rescored,n1,"{""gap"": 87.99613184174497, ""gap0"": 87.99613184174497, ""raw_perf"": 0.848787036312399}","{""gap"": 87.99613184174497, ""gap0"": 87.99613184174497, ""raw_perf"": 0.848787036312399}",True,True,True,False,False,False,False,False,legacy_best_visible_fallback,3ae0c389d8cf72709eca67e0805d02265f387b9d761e9c02ffd2a4b6e95a6294,../deliveries/paper-ad03e8c-20260916/trajectories/gemini-3.8-flash-medium/expgym/02b86ef6e94952c7c2cadabf.json
26ffb6c81259b6118c943c1c,gemini-3.8-flash-medium,expgym,tuning,hpobench:paramnet:adult:steps,cost_tight,single,2208,2,existing_trace_rescored,n1,"{""gap"": 87.99613184174497, ""gap0"": 87.99613184174497, ""raw_perf"": 0.848787036312399}","{""gap"": 87.99613184174497, ""gap0"": 87.99613184174497, ""raw_perf"": 0.848787036312399}",True,True,True,False,False,False,False,False,legacy_best_visible_fallback,9890508864ed9ce06ee5a7da9709efba0013886d56b5ffe45549223d9056bb7c,/lustrefs/users/chufan.shi/codex_space_tn/gemini_openrouter_20260917/runs/main/invocations/job_54a7f540020d1bca59a92120cf76439ae83931c15bfebf321107170836d15a62/result/gemini-3.8-flash-medium-openrouter_cost_tight/traces-v2/tuning_hpobench_paramnet_adult_steps_r0_s2208.json
9e8fd87ccd59a4144f52d522,gemini-3.8-flash-medium,expgym,tuning,hpobench:paramnet:higgs:steps,cost_tight,single,2200,0,existing_trace_rescored,n1,"{""gap"": 94.36094962730185, ""gap0"": 94.36094962730185, ""raw_perf"": 0.7161577551611236}","{""gap"": 94.36094962730185, ""gap0"": 94.36094962730185, ""raw_perf"": 0.7161577551611236}",True,True,True,False,False,False,False,False,legacy_best_visible_fallback,93d4b421bbeb455478bdb339a4a4816321dd332946216534b936d2c1c766c6c7,../deliveries/paper-ad03e8c-20260916/trajectories/gemini-3.8-flash-medium/expgym/9e8fd87ccd59a4144f52d522.json
1453509baeda25787cba9c62,gemini-3.8-flash-medium,expgym,tuning,hpobench:paramnet:higgs:steps,cost_tight,single,2204,1,existing_trace_rescored,n1,"{""gap"": 89.78716930186816, ""gap0"": 89.78716930186816, ""raw_perf"": 0.7121771288456265}","{""gap"": 89.78716930186816, ""gap0"": 89.78716930186816, ""raw_perf"": 0.7121771288456265}",True,True,True,False,False,False,False,False,legacy_best_visible_fallback,2b9be4d56840a1b0379bf646b2c18ecf62daaf34d34519d4377cdae3504fea9e,../deliveries/paper-ad03e8c-20260916/trajectories/gemini-3.8-flash-medium/expgym/1453509baeda25787cba9c62.json
56934206ce2b04726b8808d7,gemini-3.8-flash-medium,expgym,tuning,hpobench:paramnet:higgs:steps,cost_tight,single,2208,2,existing_trace_rescored,n1,"{""gap"": 93.87335954870295, ""gap0"": 93.87335954870295, ""raw_perf"": 0.7157333985545649}","{""gap"": 93.87335954870295, ""gap0"": 93.87335954870295, ""raw_perf"": 0.7157333985545649}",True,True,True,False,False,False,False,False,legacy_best_visible_fallback,1b6f4c5f247a0c6b0ff8226b81e12504a5a77deeccfca91a3a1a15167ed778b3,../deliveries/paper-ad03e8c-20260916/trajectories/gemini-3.8-flash-medium/expgym/56934206ce2b04726b8808d7.json
a36ab70cbaec048bfab48add,gemini-3.8-flash-medium,expgym,tuning,hpobench:paramnet:letter:steps,cost_tight,single,2200,0,existing_trace_rescored,n1,"{""gap"": 91.79340600002702, ""gap0"": 91.79340600002702, ""raw_perf"": 0.9220488479252262}","{""gap"": 91.79340600002702, ""gap0"": 91.79340600002702, ""raw_perf"": 0.9220488479252262}",True,True,True,False,False,False,False,False,legacy_best_visible_fallback,b4e3208db1b60a7508a5534d99513dcae08d6b7495992d03a4d90fec8bd63aee,../deliveries/paper-ad03e8c-20260916/trajectories/gemini-3.8-flash-medium/expgym/a36ab70cbaec048bfab48add.json
5b48cbf36a33d7e9f5064807,gemini-3.8-flash-medium,expgym,tuning,hpobench:paramnet:letter:steps,cost_tight,single,2204,1,existing_trace_rescored,n1,"{""gap"": 91.79340600002702, ""gap0"": 91.79340600002702, ""raw_perf"": 0.9220488479252262}","{""gap"": 91.79340600002702, ""gap0"": 91.79340600002702, ""raw_perf"": 0.9220488479252262}",True,True,True,False,False,False,False,False,legacy_best_visible_fallback,ca6a44a8603f04de384c380333ad4d88b363dacb835c379116150943f0fea819,../deliveries/paper-ad03e8c-20260916/trajectories/gemini-3.8-flash-medium/expgym/5b48cbf36a33d7e9f5064807.json
b63d3686dd14b450f0c46686,gemini-3.8-flash-medium,expgym,tuning,hpobench:paramnet:letter:steps,cost_tight,single,2208,2,existing_trace_rescored,n1,"{""gap"": 87.45101898411245, ""gap0"": 87.45101898411245, ""raw_perf"": 0.8992537324135252}","{""gap"": 87.45101898411245, ""gap0"": 87.45101898411245, ""raw_perf"": 0.8992537324135252}",True,True,True,False,False,False,False,False,legacy_best_visible_fallback,566ee0af763d6519ccb3f6acd9ead4cf48831259b956cc86c0df9658edbc6ab8,../deliveries/paper-ad03e8c-20260916/trajectories/gemini-3.8-flash-medium/expgym/b63d3686dd14b450f0c46686.json
64a9ab9d9b97029011fb6b74,gemini-3.8-flash-medium,poolact,tuning,hpobench:nasbench101:A,cost_moderate,cached,2200,0,existing_trace_rescored,paper-graph-lock-v3,"{""gap0_bon"": 99.40198056453272, ""gap0_mi"": 99.237050080005, ""gap_bon"": 99.40198056453272, ""gap_mi"": 99.237050080005, ""raw_perf_bon"": 0.9418736696243286, ""raw_perf_mi"": 0.9407134801149368}","{""gap0_bon"": 99.40198056453272, ""gap0_mi"": 99.237050080005, ""gap_bon"": 99.40198056453272, ""gap_mi"": 99.237050080005, ""raw_perf_bon"": 0.9418736696243286, ""raw_perf_mi"": 0.9407134801149368}",True,True,True,False,False,False,False,False,visible_configuration_match,950100662033dba4d8b55e27ed581d0d9faeaf804cbe23fc22215e08b19a7f9b,../deliveries/paper-ad03e8c-20260916/trajectories/gemini-3.8-flash-medium/poolact/64a9ab9d9b97029011fb6b74.json
5e5a902a94dc4d8b880e190f,gemini-3.8-flash-medium,poolact,tuning,hpobench:nasbench101:A,cost_moderate,cached,2204,1,existing_trace_rescored,paper-graph-lock-v3,"{""gap0_bon"": 99.44469442278952, ""gap0_mi"": 99.09347652460569, ""gap_bon"": 99.44469442278952, ""gap_mi"": 99.09347652460569, ""raw_perf_bon"": 0.9421741366386414, ""raw_perf_mi"": 0.9397035241127014}","{""gap0_bon"": 99.44469442278952, ""gap0_mi"": 99.09347652460569, ""gap_bon"": 99.44469442278952, ""gap_mi"": 99.09347652460569, ""raw_perf_bon"": 0.9421741366386414, ""raw_perf_mi"": 0.9397035241127014}",True,True,True,False,False,False,False,False,visible_configuration_match,7b622c01522c4cfc495ccd5f0defc34fe66ce4488a678194981abcbcde9df457,../deliveries/paper-ad03e8c-20260916/trajectories/gemini-3.8-flash-medium/poolact/5e5a902a94dc4d8b880e190f.json
50b6fc6a1762af007389b115,gemini-3.8-flash-medium,poolact,tuning,hpobench:nasbench101:A,cost_moderate,cached,2208,2,existing_trace_rescored,paper-graph-lock-v3,"{""gap0_bon"": 99.40198056453272, ""gap0_mi"": 99.12195454843291, ""gap_bon"": 99.40198056453272, ""gap_mi"": 99.12195454843291, ""raw_perf_bon"": 0.9418736696243286, ""raw_perf_mi"": 0.9399038503567377}","{""gap0_bon"": 99.40198056453272, ""gap0_mi"": 99.12195454843291, ""gap_bon"": 99.40198056453272, ""gap_mi"": 99.12195454843291, ""raw_perf_bon"": 0.9418736696243286, ""raw_perf_mi"": 0.9399038503567377}",True,True,True,False,False,False,False,False,visible_configuration_match,bc6d890a3e0df4300baf3a401770b7be28c4ab87a6aefe5d5a920e01ab95102d,../deliveries/paper-ad03e8c-20260916/trajectories/gemini-3.8-flash-medium/poolact/50b6fc6a1762af007389b115.json
b40fd65aa4cf8e855f76d674,gemini-3.8-flash-medium,poolact,tuning,hpobench:nasbench101:B,cost_moderate,cached,2200,0,existing_trace_rescored,paper-graph-lock-v3,"{""gap0_bon"": 98.71609469739805, ""gap0_mi"": 98.09379656160195, ""gap_bon"": 98.71609469739805, ""gap_mi"": 98.09379656160195, ""raw_perf_bon"": 0.9456797440846761, ""raw_perf_mi"": 0.9440938731034597}","{""gap0_bon"": 98.71609469739805, ""gap0_mi"": 98.09379656160195, ""gap_bon"": 98.71609469739805, ""gap_mi"": 98.09379656160195, ""raw_perf_bon"": 0.9456797440846761, ""raw_perf_mi"": 0.9440938731034597}",True,True,True,False,False,False,False,False,visible_configuration_match,bdcaae23e8a6669bba3bdeac72e786183ee526dcfc225bb6979bd6b0c0c58424,../deliveries/paper-ad03e8c-20260916/trajectories/gemini-3.8-flash-medium/poolact/b40fd65aa4cf8e855f76d674.json
f965f886e9395bcc0dc54364,gemini-3.8-flash-medium,poolact,tuning,hpobench:nasbench101:B,cost_moderate,cached,2204,1,existing_trace_rescored,paper-graph-lock-v3,"{""gap0_bon"": 98.06104813146378, ""gap0_mi"": 97.36014362812386, ""gap_bon"": 98.06104813146378, ""gap_mi"": 97.36014362812386, ""raw_perf_bon"": 0.9440104166666666, ""raw_perf_mi"": 0.9422242244084675}","{""gap0_bon"": 98.06104813146378, ""gap0_mi"": 97.36014362812386, ""gap_bon"": 98.06104813146378, ""gap_mi"": 97.36014362812386, ""raw_perf_bon"": 0.9440104166666666, ""raw_perf_mi"": 0.9422242244084675}",True,True,True,False,False,False,False,False,visible_configuration_match,2f4480fa46f097461de3660e4d7f88b40f9dd3b34f12236ae20031343016bfbd,../deliveries/paper-ad03e8c-20260916/trajectories/gemini-3.8-flash-medium/poolact/f965f886e9395bcc0dc54364.json
69f6e87981125add95afa998,gemini-3.8-flash-medium,poolact,tuning,hpobench:nasbench101:B,cost_moderate,cached,2208,2,existing_trace_rescored,paper-graph-lock-v3,"{""gap0_bon"": 98.71609469739805, ""gap0_mi"": 97.43874999566769, ""gap_bon"": 98.71609469739805, ""gap_mi"": 97.43874999566769, ""raw_perf_bon"": 0.9456797440846761, ""raw_perf_mi"": 0.9424245456854502}","{""gap0_bon"": 98.71609469739805, ""gap0_mi"": 97.43874999566769, ""gap_bon"": 98.71609469739805, ""gap_mi"": 97.43874999566769, ""raw_perf_bon"": 0.9456797440846761, ""raw_perf_mi"": 0.9424245456854502}",True,True,True,False,False,False,False,False,visible_configuration_match,fd9846f0514cd9fa0aa93b79a78e10deff4e4f80cdfb59403a951eb15671cde8,/lustrefs/users/chufan.shi/codex_space_tn/gemini_openrouter_20260917/runs/main/invocations/job_5e2529729b755dd17b373d698ab5c54bc0aac9f35ac4e521863cb4dc10f5d1cf/result/cached/result.json
7aa19a01271226153548860c,gemini-3.8-flash-medium,poolact,tuning,hpobench:nasbench101:C,cost_moderate,cached,2200,0,existing_trace_rescored,paper-graph-lock-v3,"{""gap0_bon"": 99.76962354540696, ""gap0_mi"": 99.39008505951321, ""gap_bon"": 99.76962354540696, ""gap_mi"": 99.39008505951321, ""raw_perf_bon"": 0.9442775249481201, ""raw_perf_mi"": 0.9421324133872986}","{""gap0_bon"": 99.76962354540696, ""gap0_mi"": 99.39008505951321, ""gap_bon"": 99.76962354540696, ""gap_mi"": 99.39008505951321, ""raw_perf_bon"": 0.9442775249481201, ""raw_perf_mi"": 0.9421324133872986}",True,True,True,False,False,False,False,False,visible_configuration_match,8f9820f07ea203f08498bcfb918536cec941d7e1dee590beeba9e7dd64785ad4,../deliveries/paper-ad03e8c-20260916/trajectories/gemini-3.8-flash-medium/poolact/7aa19a01271226153548860c.json
7c4b6bb9606f431d246535ad,gemini-3.8-flash-medium,poolact,tuning,hpobench:nasbench101:C,cost_moderate,cached,2204,1,existing_trace_rescored,paper-graph-lock-v3,"{""gap0_bon"": 100.01772072491956, ""gap0_mi"": 99.73713144851516, ""gap_bon"": 100.01772072491956, ""gap_mi"": 99.73713144851516, ""raw_perf_bon"": 0.9456797440846761, ""raw_perf_mi"": 0.9440938830375671}","{""gap0_bon"": 100.01772072491956, ""gap0_mi"": 99.73713144851516, ""gap_bon"": 100.01772072491956, ""gap_mi"": 99.73713144851516, ""raw_perf_bon"": 0.9456797440846761, ""raw_perf_mi"": 0.9440938830375671}",True,True,True,False,False,False,False,False,visible_configuration_match,1ee9ef6ba727c84e96d76ffce2a5752769348d89837ba6fce36454da973250c8,../deliveries/paper-ad03e8c-20260916/trajectories/gemini-3.8-flash-medium/poolact/7c4b6bb9606f431d246535ad.json
1f87a6f78f0f60d7f336f5ae,gemini-3.8-flash-medium,poolact,tuning,hpobench:nasbench101:C,cost_moderate,cached,2208,2,existing_trace_rescored,paper-graph-lock-v3,"{""gap0_bon"": 100.88017269327707, ""gap0_mi"": 99.94683694641145, ""gap_bon"": 100.88017269327707, ""gap_mi"": 99.94683694641145, ""raw_perf_bon"": 0.9505542318026224, ""raw_perf_mi"": 0.945279116431872}","{""gap0_bon"": 100.88017269327707, ""gap0_mi"": 99.94683694641145, ""gap_bon"": 100.88017269327707, ""gap_mi"": 99.94683694641145, ""raw_perf_bon"": 0.9505542318026224, ""raw_perf_mi"": 0.945279116431872}",True,True,True,False,False,False,False,False,visible_configuration_match,1682c7702f722c867e322f6efc37fe85928d80a064e88bfc1ce69d347fd1caad,/lustrefs/users/chufan.shi/codex_space_tn/gemini_openrouter_20260917/runs/main/invocations/job_0c2c52fee77c040d21ca52399976e5ed4dc7a8d7cd8817a5298a7786d77863bc/result/cached/result.json
524d5cc2fa9bb05e02f85fbf,gemini-3.8-flash-medium,poolact,tuning,hpobench:nasbench101:A,cost_moderate,naive,2200,0,existing_trace_rescored,paper-graph-lock-v3,"{""gap0_bon"": 99.9430453645607, ""gap0_mi"": 99.4885980722776, ""gap_bon"": 99.9430453645607, ""gap_mi"": 99.4885980722776, ""raw_perf_bon"": 0.9456797440846761, ""raw_perf_mi"": 0.9424829731384914}","{""gap0_bon"": 99.9430453645607, ""gap0_mi"": 99.4885980722776, ""gap_bon"": 99.9430453645607, ""gap_mi"": 99.4885980722776, ""raw_perf_bon"": 0.9456797440846761, ""raw_perf_mi"": 0.9424829731384914}",True,True,True,False,False,False,False,False,visible_configuration_match,6cec5d86a459961e4f1d8c9148b0d8ff6de25268baff6ed322a1b64241ef3638,../deliveries/paper-ad03e8c-20260916/trajectories/gemini-3.8-flash-medium/poolact/524d5cc2fa9bb05e02f85fbf.json
6088d50f8e20c4125949969a,gemini-3.8-flash-medium,poolact,tuning,hpobench:nasbench101:A,cost_moderate,naive,2204,1,existing_trace_rescored,paper-graph-lock-v3,"{""gap0_bon"": 99.70573673725548, ""gap0_mi"": 99.33316049772814, ""gap_bon"": 99.70573673725548, ""gap_mi"": 99.33316049772814, ""raw_perf_bon"": 0.9440104166666666, ""raw_perf_mi"": 0.9413895606994629}","{""gap0_bon"": 99.70573673725548, ""gap0_mi"": 99.33316049772814, ""gap_bon"": 99.70573673725548, ""gap_mi"": 99.33316049772814, ""raw_perf_bon"": 0.9440104166666666, ""raw_perf_mi"": 0.9413895606994629}",True,True,True,False,False,False,False,False,visible_configuration_match,97b13e47451386814ab826751c73af6bca6f4d6160b604a8893b7518d2528bfd,../deliveries/paper-ad03e8c-20260916/trajectories/gemini-3.8-flash-medium/poolact/6088d50f8e20c4125949969a.json
e2c9f647e77cadf93dbd4dd3,gemini-3.8-flash-medium,poolact,tuning,hpobench:nasbench101:A,cost_moderate,naive,2208,2,existing_trace_rescored,paper-graph-lock-v3,"{""gap0_bon"": 99.66302005456845, ""gap0_mi"": 99.07923715963832, ""gap_bon"": 99.66302005456845, ""gap_mi"": 99.07923715963832, ""raw_perf_bon"": 0.943709929784139, ""raw_perf_mi"": 0.9396033585071564}","{""gap0_bon"": 99.66302005456845, ""gap0_mi"": 99.07923715963832, ""gap_bon"": 99.66302005456845, ""gap_mi"": 99.07923715963832, ""raw_perf_bon"": 0.943709929784139, ""raw_perf_mi"": 0.9396033585071564}",True,True,True,False,False,False,False,False,visible_configuration_match,d22069858d4a03f8b5c097bc24507f1db6d84c58b1a962719351c439b36ac821,../deliveries/paper-ad03e8c-20260916/trajectories/gemini-3.8-flash-medium/poolact/e2c9f647e77cadf93dbd4dd3.json
bee569665ad97b4e9fa24138,gemini-3.8-flash-medium,poolact,tuning,hpobench:nasbench101:B,cost_moderate,naive,2200,0,existing_trace_rescored,paper-graph-lock-v3,"{""gap0_bon"": 98.71609469739805, ""gap0_mi"": 97.7990295050901, ""gap_bon"": 98.71609469739805, ""gap_mi"": 97.7990295050901, ""raw_perf_bon"": 0.9456797440846761, ""raw_perf_mi"": 0.9433426856994629}","{""gap0_bon"": 98.71609469739805, ""gap0_mi"": 97.7990295050901, ""gap_bon"": 98.71609469739805, ""gap_mi"": 97.7990295050901, ""raw_perf_bon"": 0.9456797440846761, ""raw_perf_mi"": 0.9433426856994629}",True,True,True,False,False,False,False,False,visible_configuration_match,109464a39cbf06bd5491e57c1967798c48821854428e7c1ac3bf01c16a1c9fe6,../deliveries/paper-ad03e8c-20260916/trajectories/gemini-3.8-flash-medium/poolact/bee569665ad97b4e9fa24138.json
2ac7531ef7a7d828a1579455,gemini-3.8-flash-medium,poolact,tuning,hpobench:nasbench101:B,cost_moderate,naive,2204,1,existing_trace_rescored,paper-graph-lock-v3,"{""gap0_bon"": 98.71609469739805, ""gap0_mi"": 97.26515914735242, ""gap_bon"": 98.71609469739805, ""gap_mi"": 97.26515914735242, ""raw_perf_bon"": 0.9456797440846761, ""raw_perf_mi"": 0.941982164978981}","{""gap0_bon"": 98.71609469739805, ""gap0_mi"": 97.26515914735242, ""gap_bon"": 98.71609469739805, ""gap_mi"": 97.26515914735242, ""raw_perf_bon"": 0.9456797440846761, ""raw_perf_mi"": 0.941982164978981}",True,True,True,False,False,False,False,False,visible_configuration_match,aae14679bda20a8faf0bf56523411c9e0c481da2eca49cee76e95f676c9259f3,../deliveries/paper-ad03e8c-20260916/trajectories/gemini-3.8-flash-medium/poolact/2ac7531ef7a7d828a1579455.json
c31270d0d5da5f8405e45a2c,gemini-3.8-flash-medium,poolact,tuning,hpobench:nasbench101:B,cost_moderate,naive,2208,2,existing_trace_rescored,paper-graph-lock-v3,"{""gap0_bon"": 98.71609469739805, ""gap0_mi"": 97.39944291373722, ""gap_bon"": 98.71609469739805, ""gap_mi"": 97.39944291373722, ""raw_perf_bon"": 0.9456797440846761, ""raw_perf_mi"": 0.9423243751128515}","{""gap0_bon"": 98.71609469739805, ""gap0_mi"": 97.39944291373722, ""gap_bon"": 98.71609469739805, ""gap_mi"": 97.39944291373722, ""raw_perf_bon"": 0.9456797440846761, ""raw_perf_mi"": 0.9423243751128515}",True,True,True,False,False,False,False,False,visible_configuration_match,b0e5fb54183e1c99393c2f576c5317b43d19c026b845390ed39b64ffbcff2375,../deliveries/paper-ad03e8c-20260916/trajectories/gemini-3.8-flash-medium/poolact/c31270d0d5da5f8405e45a2c.json
9ac9f02b41c99b2a648e0cb3,gemini-3.8-flash-medium,poolact,tuning,hpobench:nasbench101:C,cost_moderate,naive,2200,0,existing_trace_rescored,paper-graph-lock-v3,"{""gap0_bon"": 100.01772072491956, ""gap0_mi"": 99.35168722608802, ""gap_bon"": 100.01772072491956, ""gap_mi"": 99.35168722608802, ""raw_perf_bon"": 0.9456797440846761, ""raw_perf_mi"": 0.9419153928756714}","{""gap0_bon"": 100.01772072491956, ""gap0_mi"": 99.35168722608802, ""gap_bon"": 100.01772072491956, ""gap_mi"": 99.35168722608802, ""raw_perf_bon"": 0.9456797440846761, ""raw_perf_mi"": 0.9419153928756714}",True,True,True,False,False,False,False,False,visible_configuration_match,05443a2ddaef169dd4b511ee6180813dba6e037a95c4559e1cfa6e3b0ae1b72b,../deliveries/paper-ad03e8c-20260916/trajectories/gemini-3.8-flash-medium/poolact/9ac9f02b41c99b2a648e0cb3.json
a8d470f7ec0228507856aff2,gemini-3.8-flash-medium,poolact,tuning,hpobench:nasbench101:C,cost_moderate,naive,2204,1,existing_trace_rescored,paper-graph-lock-v3,"{""gap0_bon"": 100.01772072491956, ""gap0_mi"": 99.87890339968055, ""gap_bon"": 100.01772072491956, ""gap_mi"": 99.87890339968055, ""raw_perf_bon"": 0.9456797440846761, ""raw_perf_mi"": 0.9448951631784439}","{""gap0_bon"": 100.01772072491956, ""gap0_mi"": 99.87890339968055, ""gap_bon"": 100.01772072491956, ""gap_mi"": 99.87890339968055, ""raw_perf_bon"": 0.9456797440846761, ""raw_perf_mi"": 0.9448951631784439}",True,True,True,False,False,False,False,False,visible_configuration_match,27d61daa4559a2189ecec00f2e6bc4178b3e8c530a6453e55790163197882363,../deliveries/paper-ad03e8c-20260916/trajectories/gemini-3.8-flash-medium/poolact/a8d470f7ec0228507856aff2.json
938bf314f3555c3318a4a4de,gemini-3.8-flash-medium,poolact,tuning,hpobench:nasbench101:C,cost_moderate,naive,2208,2,existing_trace_rescored,paper-graph-lock-v3,"{""gap0_bon"": 100.01772072491956, ""gap0_mi"": 99.82869321435872, ""gap_bon"": 100.01772072491956, ""gap_mi"": 99.82869321435872, ""raw_perf_bon"": 0.9456797440846761, ""raw_perf_mi"": 0.9446113804976146}","{""gap0_bon"": 100.01772072491956, ""gap0_mi"": 99.82869321435872, ""gap_bon"": 100.01772072491956, ""gap_mi"": 99.82869321435872, ""raw_perf_bon"": 0.9456797440846761, ""raw_perf_mi"": 0.9446113804976146}",True,True,True,False,False,False,False,False,visible_configuration_match,febb61d42aac110de349ab61f9dab1258079350fd5e052cb7e32213ff8892afa,/lustrefs/users/chufan.shi/codex_space_tn/gemini_openrouter_20260917/runs/main/invocations/job_5dace71fa07b4ab36c52bd0a1b11d59fc64e5714679aa7646237b6b7e1685513/result/naive/result.json
30ac923531f53427496e3858,gemini-3.8-flash-medium,poolact,tuning,hpobench:nasbench101:A,cost_moderate,poolact,2200,0,existing_trace_rescored,paper-graph-lock-v3,"{""gap0_bon"": 99.85286695641263, ""gap0_mi"": 99.71522894112617, ""gap_bon"": 99.85286695641263, ""gap_mi"": 99.71522894112617, ""raw_perf_bon"": 0.9450453917185465, ""raw_perf_mi"": 0.9440771887699763}","{""gap0_bon"": 99.85286695641263, ""gap0_mi"": 99.71522894112617, ""gap_bon"": 99.85286695641263, ""gap_mi"": 99.71522894112617, ""raw_perf_bon"": 0.9450453917185465, ""raw_perf_mi"": 0.9440771887699763}",True,True,True,False,False,False,False,False,legacy_best_visible_fallback;visible_configuration_match,b48fba82b410ba75abaf4fa45fb354f820a55be588fbc14792677213db092983,../deliveries/paper-ad03e8c-20260916/trajectories/gemini-3.8-flash-medium/poolact/30ac923531f53427496e3858.json
2d67f8b25b83bf2c86d75c1b,gemini-3.8-flash-medium,poolact,tuning,hpobench:nasbench101:A,cost_moderate,poolact,2204,1,existing_trace_rescored,paper-graph-lock-v3,"{""gap0_bon"": 99.46842810995027, ""gap0_mi"": 99.37468950750656, ""gap_bon"": 99.46842810995027, ""gap_mi"": 99.37468950750656, ""raw_perf_bon"": 0.9423410892486572, ""raw_perf_mi"": 0.9416816929976146}","{""gap0_bon"": 99.46842810995027, ""gap0_mi"": 99.37468950750656, ""gap_bon"": 99.46842810995027, ""gap_mi"": 99.37468950750656, ""raw_perf_bon"": 0.9423410892486572, ""raw_perf_mi"": 0.9416816929976146}",True,True,True,False,False,False,False,False,legacy_best_visible_fallback;visible_configuration_match,fc8462725b5e4cd5242d1c7f1393da355e2e90a10afcf6a9b5eac3ce8ed672f4,../deliveries/paper-ad03e8c-20260916/trajectories/gemini-3.8-flash-medium/poolact/2d67f8b25b83bf2c86d75c1b.json
e10db734b2d3d4788dc8c5eb,gemini-3.8-flash-medium,poolact,tuning,hpobench:nasbench101:A,cost_moderate,poolact,2208,2,existing_trace_rescored,paper-graph-lock-v3,"{""gap0_bon"": 99.85286695641263, ""gap0_mi"": 99.42808324254267, ""gap_bon"": 99.85286695641263, ""gap_mi"": 99.42808324254267, ""raw_perf_bon"": 0.9450453917185465, ""raw_perf_mi"": 0.9420572866996129}","{""gap0_bon"": 99.85286695641263, ""gap0_mi"": 99.42808324254267, ""gap_bon"": 99.85286695641263, ""gap_mi"": 99.42808324254267, ""raw_perf_bon"": 0.9450453917185465, ""raw_perf_mi"": 0.9420572866996129}",True,True,True,False,False,False,False,False,legacy_best_visible_fallback;visible_configuration_match,ecb56ee8107ac21106da1449d3e8e75e6ff0a4a3698bfadceca9a68691e35922,/lustrefs/users/chufan.shi/codex_space_tn/gemini_openrouter_20260917/runs/main/invocations/job_c254ce804657470e066598d561bdc66c4ab1293228ad0a6304554ce8a7a5f67e/result/poolact/result.json
0528aa82238ccb6ab56e8172,gemini-3.8-flash-medium,poolact,tuning,hpobench:nasbench101:B,cost_moderate,poolact,2200,0,existing_trace_rescored,paper-graph-lock-v3,"{""gap0_bon"": 97.340489112619, ""gap0_mi"": 96.89178182513818, ""gap_bon"": 97.340489112619, ""gap_mi"": 96.89178182513818, ""raw_perf_bon"": 0.9421741366386414, ""raw_perf_mi"": 0.9410306463638941}","{""gap0_bon"": 97.340489112619, ""gap0_mi"": 96.89178182513818, ""gap_bon"": 97.340489112619, ""gap_mi"": 96.89178182513818, ""raw_perf_bon"": 0.9421741366386414, ""raw_perf_mi"": 0.9410306463638941}",True,True,True,False,False,False,False,False,legacy_best_visible_fallback;visible_configuration_match,df46fa9272b6392e720c9f5acc736a05713dc56237cb1eab9f9630d26e434c6b,../deliveries/paper-ad03e8c-20260916/trajectories/gemini-3.8-flash-medium/poolact/0528aa82238ccb6ab56e8172.json
fab86f7080e849e1cde3b6f4,gemini-3.8-flash-medium,poolact,tuning,hpobench:nasbench101:B,cost_moderate,poolact,2204,1,existing_trace_rescored,paper-graph-lock-v3,"{""gap0_bon"": 98.51958072761778, ""gap0_mi"": 97.3928959564206, ""gap_bon"": 98.51958072761778, ""gap_mi"": 97.3928959564206, ""raw_perf_bon"": 0.9451789458592733, ""raw_perf_mi"": 0.9423076907793682}","{""gap0_bon"": 98.51958072761778, ""gap0_mi"": 97.3928959564206, ""gap_bon"": 98.51958072761778, ""gap_mi"": 97.3928959564206, ""raw_perf_bon"": 0.9451789458592733, ""raw_perf_mi"": 0.9423076907793682}",True,True,True,False,False,False,False,False,legacy_best_visible_fallback;visible_configuration_match,2e7930214fa8006e7b38bd841caf51b8551abbce23ecf7054762115e8fc73332,../deliveries/paper-ad03e8c-20260916/trajectories/gemini-3.8-flash-medium/poolact/fab86f7080e849e1cde3b6f4.json
97d3a86480e050aba37508d5,gemini-3.8-flash-medium,poolact,tuning,hpobench:nasbench101:B,cost_moderate,poolact,2208,2,existing_trace_rescored,paper-graph-lock-v3,"{""gap0_bon"": 98.51958072761778, ""gap0_mi"": 98.18550658917545, ""gap_bon"": 98.51958072761778, ""gap_mi"": 98.18550658917545, ""raw_perf_bon"": 0.9451789458592733, ""raw_perf_mi"": 0.9443275878826778}","{""gap0_bon"": 98.51958072761778, ""gap0_mi"": 98.18550658917545, ""gap_bon"": 98.51958072761778, ""gap_mi"": 98.18550658917545, ""raw_perf_bon"": 0.9451789458592733, ""raw_perf_mi"": 0.9443275878826778}",True,True,True,False,False,False,False,False,legacy_best_visible_fallback;visible_configuration_match,00f06a8476fab75d1b9fc8e8c5ca1fa73c5aa5b663abf7c7c7c07b88586d10b8,/lustrefs/users/chufan.shi/codex_space_tn/gemini_openrouter_20260917/runs/main/invocations/job_8fc93fcfc285a52953c717150037f5b89057796731b3dcbf99527571cf818dfd/result/poolact/result.json
e3c6c9bd4921e3edeb39f1b3,gemini-3.8-flash-medium,poolact,tuning,hpobench:nasbench101:C,cost_moderate,poolact,2200,0,existing_trace_rescored,paper-graph-lock-v3,"{""gap0_bon"": 99.72236359186229, ""gap0_mi"": 99.52742682944869, ""gap_bon"": 99.72236359186229, ""gap_mi"": 99.52742682944869, ""raw_perf_bon"": 0.9440104166666666, ""raw_perf_mi"": 0.9429086546103159}","{""gap0_bon"": 99.72236359186229, ""gap0_mi"": 99.52742682944869, ""gap_bon"": 99.72236359186229, ""gap_mi"": 99.52742682944869, ""raw_perf_bon"": 0.9440104166666666, ""raw_perf_mi"": 0.9429086546103159}",True,True,True,False,False,False,False,False,legacy_best_visible_fallback;visible_configuration_match,dfbad422b7b7a426dd97544a3d318d234f5a3d8f977bb69184f491f366bc219a,../deliveries/paper-ad03e8c-20260916/trajectories/gemini-3.8-flash-medium/poolact/e3c6c9bd4921e3edeb39f1b3.json
fdd07015b0f43d092c6cefc9,gemini-3.8-flash-medium,poolact,tuning,hpobench:nasbench101:C,cost_moderate,poolact,2204,1,existing_trace_rescored,paper-graph-lock-v3,"{""gap0_bon"": 99.80506499524607, ""gap0_mi"": 99.60421985980955, ""gap_bon"": 99.80506499524607, ""gap_mi"": 99.60421985980955, ""raw_perf_bon"": 0.9444778362909952, ""raw_perf_mi"": 0.9433426807324091}","{""gap0_bon"": 99.80506499524607, ""gap0_mi"": 99.60421985980955, ""gap_bon"": 99.80506499524607, ""gap_mi"": 99.60421985980955, ""raw_perf_bon"": 0.9444778362909952, ""raw_perf_mi"": 0.9433426807324091}",True,True,True,False,False,False,False,False,legacy_best_visible_fallback;visible_configuration_match,e91900eeb1a8422039fbae5e8fd53c449da4772529c56cca99721c6c4c20081e,../deliveries/paper-ad03e8c-20260916/trajectories/gemini-3.8-flash-medium/poolact/fdd07015b0f43d092c6cefc9.json
21c2f1decbe9463d3050994d,gemini-3.8-flash-medium,poolact,tuning,hpobench:nasbench101:C,cost_moderate,poolact,2208,2,existing_trace_rescored,paper-graph-lock-v3,"{""gap0_bon"": 99.72236359186229, ""gap0_mi"": 99.44768005199131, ""gap_bon"": 99.72236359186229, ""gap_mi"": 99.44768005199131, ""raw_perf_bon"": 0.9440104166666666, ""raw_perf_mi"": 0.942457934220632}","{""gap0_bon"": 99.72236359186229, ""gap0_mi"": 99.44768005199131, ""gap_bon"": 99.72236359186229, ""gap_mi"": 99.44768005199131, ""raw_perf_bon"": 0.9440104166666666, ""raw_perf_mi"": 0.942457934220632}",True,True,True,False,False,False,False,False,legacy_best_visible_fallback;visible_configuration_match,3a074b421a11ae81f352162c1c86ff3a92295f9d9943e30945f65a7c90aadcc4,/lustrefs/users/chufan.shi/codex_space_tn/gemini_openrouter_20260917/runs/main/invocations/job_4b23a19ae784bae0d290df7c23f6930b8b0011da1d63f34d02acfaade0ff99fb/result/poolact/result.json
5631b49a6192c186a682d366,gemini-3.8-flash-medium,poolact,tuning,hpobench:nasbench101:A,cost_tight,cached,2200,0,existing_trace_rescored,paper-graph-lock-v3,"{""gap0_bon"": 98.2296669074682, ""gap0_mi"": 97.00989364326531, ""gap_bon"": 98.2296669074682, ""gap_mi"": 97.00989364326531, ""raw_perf_bon"": 0.9336271286010742, ""raw_perf_mi"": 0.9250467369953792}","{""gap0_bon"": 98.2296669074682, ""gap0_mi"": 97.00989364326531, ""gap_bon"": 98.2296669074682, ""gap_mi"": 97.00989364326531, ""raw_perf_bon"": 0.9336271286010742, ""raw_perf_mi"": 0.9250467369953792}",True,True,True,False,False,False,False,False,visible_configuration_match,98ac5d97d8ff71a9f4ab7f2f7a0d5f36d955af5c9d9da5dd65deea37dcfe20fc,../deliveries/paper-ad03e8c-20260916/trajectories/gemini-3.8-flash-medium/poolact/5631b49a6192c186a682d366.json
a7551e86b64fa1f85e71079f,gemini-3.8-flash-medium,poolact,tuning,hpobench:nasbench101:A,cost_tight,cached,2204,1,existing_trace_rescored,paper-graph-lock-v3,"{""gap0_bon"": 97.64113755754894, ""gap0_mi"": 91.69889365956234, ""gap_bon"": 97.64113755754894, ""gap_mi"": 91.69889365956234, ""raw_perf_bon"": 0.9294871687889099, ""raw_perf_mi"": 0.8876869579156239}","{""gap0_bon"": 97.64113755754894, ""gap0_mi"": 91.69889365956234, ""gap_bon"": 97.64113755754894, ""gap_mi"": 91.69889365956234, ""raw_perf_bon"": 0.9294871687889099, ""raw_perf_mi"": 0.8876869579156239}",True,True,True,False,False,False,False,False,visible_configuration_match,a8305add8bbcb4e53ba538e1613e1d9ddc35e92e877ed6950b7ad9b41436220b,../deliveries/paper-ad03e8c-20260916/trajectories/gemini-3.8-flash-medium/poolact/a7551e86b64fa1f85e71079f.json
a8f6a40f854b430096d97c36,gemini-3.8-flash-medium,poolact,tuning,hpobench:nasbench101:A,cost_tight,cached,2208,2,existing_trace_rescored,paper-graph-lock-v3,"{""gap0_bon"": 98.90362962276151, ""gap0_mi"": 92.2684386017402, ""gap_bon"": 98.90362962276151, ""gap_mi"": 92.2684386017402, ""raw_perf_bon"": 0.9383680621782938, ""raw_perf_mi"": 0.891693373521169}","{""gap0_bon"": 98.90362962276151, ""gap0_mi"": 92.2684386017402, ""gap_bon"": 98.90362962276151, ""gap_mi"": 92.2684386017402, ""raw_perf_bon"": 0.9383680621782938, ""raw_perf_mi"": 0.891693373521169}",True,True,True,False,False,False,False,False,visible_configuration_match,7a28984e246c37ba113ffac7393351460067d5a54a4a32e63199bc767398c2d5,/lustrefs/users/chufan.shi/codex_space_tn/gemini_openrouter_20260917/runs/main/invocations/job_85d0813e38c76f7790429ac9f4ad1ad483e35290ecb1db5e5e4239196acdcf27/result/cached/result.json
569a032dff113380523e9851,gemini-3.8-flash-medium,poolact,tuning,hpobench:nasbench101:B,cost_tight,cached,2200,0,existing_trace_rescored,paper-graph-lock-v3,"{""gap0_bon"": 96.97366459495926, ""gap0_mi"": 95.59805706110093, ""gap_bon"": 96.97366459495926, ""gap_mi"": 95.59805706110093, ""raw_perf_bon"": 0.9412393172581991, ""raw_perf_mi"": 0.9377337048451106}","{""gap0_bon"": 96.97366459495926, ""gap0_mi"": 95.59805706110093, ""gap_bon"": 96.97366459495926, ""gap_mi"": 95.59805706110093, ""raw_perf_bon"": 0.9412393172581991, ""raw_perf_mi"": 0.9377337048451106}",True,True,True,False,False,False,False,False,visible_configuration_match,520855bb05de9f5d2706f53c5c124a6a1c2d36b2983a2a52150871e69a688e15,../deliveries/paper-ad03e8c-20260916/trajectories/gemini-3.8-flash-medium/poolact/569a032dff113380523e9851.json
6883a5a14125ee7daae4ba01,gemini-3.8-flash-medium,poolact,tuning,hpobench:nasbench101:B,cost_tight,cached,2204,1,existing_trace_rescored,paper-graph-lock-v3,"{""gap0_bon"": 97.18328417384846, ""gap0_mi"": 95.74217003431745, ""gap_bon"": 97.18328417384846, ""gap_mi"": 95.74217003431745, ""raw_perf_bon"": 0.941773513952891, ""raw_perf_mi"": 0.9381009638309479}","{""gap0_bon"": 97.18328417384846, ""gap0_mi"": 95.74217003431745, ""gap_bon"": 97.18328417384846, ""gap_mi"": 95.74217003431745, ""raw_perf_bon"": 0.941773513952891, ""raw_perf_mi"": 0.9381009638309479}",True,True,True,False,False,False,False,False,visible_configuration_match,9149a59dc6d6d000996e9de56b1945a1db00233f25dc4ace00c6e21f8c090b1b,../deliveries/paper-ad03e8c-20260916/trajectories/gemini-3.8-flash-medium/poolact/6883a5a14125ee7daae4ba01.json
e7f70335013a9c0cb5fe8beb,gemini-3.8-flash-medium,poolact,tuning,hpobench:nasbench101:B,cost_tight,cached,2208,2,existing_trace_rescored,paper-graph-lock-v3,"{""gap0_bon"": 97.49770184770662, ""gap0_mi"": 95.1690003909664, ""gap_bon"": 97.49770184770662, ""gap_mi"": 95.1690003909664, ""raw_perf_bon"": 0.9425747791926066, ""raw_perf_mi"": 0.9366402924060822}","{""gap0_bon"": 97.49770184770662, ""gap0_mi"": 95.1690003909664, ""gap_bon"": 97.49770184770662, ""gap_mi"": 95.1690003909664, ""raw_perf_bon"": 0.9425747791926066, ""raw_perf_mi"": 0.9366402924060822}",True,True,True,False,False,False,False,False,visible_configuration_match,1886db53e06889cdd514351b2d78f4b18b03392914ddd7cc3eb12579fb7e669f,/lustrefs/users/chufan.shi/codex_space_tn/gemini_openrouter_20260917/runs/main/invocations/job_4d03b1ec592358035242c9c3e4017d0db884641bb9d2b024e44bf9ace9708bfd/result/cached/result.json
81ce21641f6f1126fa0ac1f6,gemini-3.8-flash-medium,poolact,tuning,hpobench:nasbench101:C,cost_tight,cached,2200,0,existing_trace_rescored,paper-graph-lock-v3,"{""gap0_bon"": 99.39746723017996, ""gap0_mi"": 99.17742581452036, ""gap_bon"": 99.39746723017996, ""gap_mi"": 99.17742581452036, ""raw_perf_bon"": 0.9421741366386414, ""raw_perf_mi"": 0.9409304857254028}","{""gap0_bon"": 99.39746723017996, ""gap0_mi"": 99.17742581452036, ""gap_bon"": 99.39746723017996, ""gap_mi"": 99.17742581452036, ""raw_perf_bon"": 0.9421741366386414, ""raw_perf_mi"": 0.9409304857254028}",True,True,True,False,False,False,False,False,visible_configuration_match,9ae05448cfec7bc90a2ca89008a1a5ba490845f054ffb0841756e8f21b6543c3,../deliveries/paper-ad03e8c-20260916/trajectories/gemini-3.8-flash-medium/poolact/81ce21641f6f1126fa0ac1f6.json
e621b588df01718e7316f411,gemini-3.8-flash-medium,poolact,tuning,hpobench:nasbench101:C,cost_tight,cached,2204,1,existing_trace_rescored,paper-graph-lock-v3,"{""gap0_bon"": 99.16709077558693, ""gap0_mi"": 99.00464259474575, ""gap_bon"": 99.16709077558693, ""gap_mi"": 99.00464259474575, ""raw_perf_bon"": 0.940872073173523, ""raw_perf_mi"": 0.9399539331595103}","{""gap0_bon"": 99.16709077558693, ""gap0_mi"": 99.00464259474575, ""gap_bon"": 99.16709077558693, ""gap_mi"": 99.00464259474575, ""raw_perf_bon"": 0.940872073173523, ""raw_perf_mi"": 0.9399539331595103}",True,True,True,False,False,False,False,False,visible_configuration_match,5cd303735eb9756862832c9f3cce5431a6c50856728f9dd1055918351b1acca6,../deliveries/paper-ad03e8c-20260916/trajectories/gemini-3.8-flash-medium/poolact/e621b588df01718e7316f411.json
6799ff2fc31a44c41a318544,gemini-3.8-flash-medium,poolact,tuning,hpobench:nasbench101:C,cost_tight,cached,2208,2,existing_trace_rescored,paper-graph-lock-v3,"{""gap0_bon"": 99.01349944188617, ""gap0_mi"": 98.73881765967485, ""gap_bon"": 99.01349944188617, ""gap_mi"": 98.73881765967485, ""raw_perf_bon"": 0.9400039911270142, ""raw_perf_mi"": 0.9384515186150869}","{""gap0_bon"": 99.01349944188617, ""gap0_mi"": 98.73881765967485, ""gap_bon"": 99.01349944188617, ""gap_mi"": 98.73881765967485, ""raw_perf_bon"": 0.9400039911270142, ""raw_perf_mi"": 0.9384515186150869}",True,True,True,False,False,False,False,False,visible_configuration_match,2dab9981385e6fdaa25f07089e2540e57c550279a28a9e4360ff2be7bf30df30,../deliveries/paper-ad03e8c-20260916/trajectories/gemini-3.8-flash-medium/poolact/6799ff2fc31a44c41a318544.json
315b8fab73656791df8bfe58,gemini-3.8-flash-medium,poolact,tuning,hpobench:nasbench101:A,cost_tight,naive,2200,0,existing_trace_rescored,paper-graph-lock-v3,"{""gap0_bon"": 98.96532930097483, ""gap0_mi"": 92.34675016630791, ""gap_bon"": 98.96532930097483, ""gap_mi"": 92.34675016630791, ""raw_perf_bon"": 0.9388020833333334, ""raw_perf_mi"": 0.8922442495822906}","{""gap0_bon"": 98.96532930097483, ""gap0_mi"": 92.34675016630791, ""gap_bon"": 98.96532930097483, ""gap_mi"": 92.34675016630791, ""raw_perf_bon"": 0.9388020833333334, ""raw_perf_mi"": 0.8922442495822906}",True,True,True,False,False,False,False,False,visible_configuration_match,fea4033bc61ae7d0b77e0ccc25d92453765ff7113f8f6b33b46f5652d66ea216,../deliveries/paper-ad03e8c-20260916/trajectories/gemini-3.8-flash-medium/poolact/315b8fab73656791df8bfe58.json
d5ae6c93fe129488123b8d58,gemini-3.8-flash-medium,poolact,tuning,hpobench:nasbench101:A,cost_tight,naive,2204,1,existing_trace_rescored,paper-graph-lock-v3,"{""gap0_bon"": 98.85142003009625, ""gap0_mi"": 95.06157766803949, ""gap_bon"": 98.85142003009625, ""gap_mi"": 95.06157766803949, ""raw_perf_bon"": 0.9380007982254028, ""raw_perf_mi"": 0.9113414734601974}","{""gap0_bon"": 98.85142003009625, ""gap0_mi"": 95.06157766803949, ""gap_bon"": 98.85142003009625, ""gap_mi"": 95.06157766803949, ""raw_perf_bon"": 0.9380007982254028, ""raw_perf_mi"": 0.9113414734601974}",True,True,True,False,False,False,False,False,visible_configuration_match,352517624803b5d1edd580d64e980a6be770fe5771572df9dd2c0c8aa43e7e51,../deliveries/paper-ad03e8c-20260916/trajectories/gemini-3.8-flash-medium/poolact/d5ae6c93fe129488123b8d58.json
e7ea4b89e5b964769f104fc5,gemini-3.8-flash-medium,poolact,tuning,hpobench:nasbench101:A,cost_tight,naive,2208,2,existing_trace_rescored,paper-graph-lock-v3,"{""gap0_bon"": 99.40198056453272, ""gap0_mi"": 89.167982462315, ""gap_bon"": 99.40198056453272, ""gap_mi"": 89.167982462315, ""raw_perf_bon"": 0.9418736696243286, ""raw_perf_mi"": 0.8698834776878357}","{""gap0_bon"": 99.40198056453272, ""gap0_mi"": 89.167982462315, ""gap_bon"": 99.40198056453272, ""gap_mi"": 89.167982462315, ""raw_perf_bon"": 0.9418736696243286, ""raw_perf_mi"": 0.8698834776878357}",True,True,True,False,False,False,False,False,visible_configuration_match,c26def4cc23471eeb0b4bf7e907fa0f725b147be2c0c3d7c3fa1342611de2302,../deliveries/paper-ad03e8c-20260916/trajectories/gemini-3.8-flash-medium/poolact/e7ea4b89e5b964769f104fc5.json
bc7f5b33ac82be5194590b8a,gemini-3.8-flash-medium,poolact,tuning,hpobench:nasbench101:B,cost_tight,naive,2200,0,existing_trace_rescored,paper-graph-lock-v3,"{""gap0_bon"": 98.71609469739805, ""gap0_mi"": 96.71491847270423, ""gap_bon"": 98.71609469739805, ""gap_mi"": 96.71491847270423, ""raw_perf_bon"": 0.9456797440846761, ""raw_perf_mi"": 0.9405799259742101}","{""gap0_bon"": 98.71609469739805, ""gap0_mi"": 96.71491847270423, ""gap_bon"": 98.71609469739805, ""gap_mi"": 96.71491847270423, ""raw_perf_bon"": 0.9456797440846761, ""raw_perf_mi"": 0.9405799259742101}",True,True,True,False,False,False,False,False,visible_configuration_match,6f60716c7a88232a3c84710a2ffbf1d93e7c63da0ec46acc4b8d5a7fed656ac6,../deliveries/paper-ad03e8c-20260916/trajectories/gemini-3.8-flash-medium/poolact/bc7f5b33ac82be5194590b8a.json
9e38ca2b71118e23088cbecf,gemini-3.8-flash-medium,poolact,tuning,hpobench:nasbench101:B,cost_tight,naive,2204,1,existing_trace_rescored,paper-graph-lock-v3,"{""gap0_bon"": 96.97366459495926, ""gap0_mi"": 95.89938082032582, ""gap_bon"": 96.97366459495926, ""gap_mi"": 95.89938082032582, ""raw_perf_bon"": 0.9412393172581991, ""raw_perf_mi"": 0.9385016014178594}","{""gap0_bon"": 96.97366459495926, ""gap0_mi"": 95.89938082032582, ""gap_bon"": 96.97366459495926, ""gap_mi"": 95.89938082032582, ""raw_perf_bon"": 0.9412393172581991, ""raw_perf_mi"": 0.9385016014178594}",True,True,True,False,False,False,False,False,visible_configuration_match,e1959a1492b85243ce7beeb0394e375660f2b80780097ac98474d67c19b311d3,../deliveries/paper-ad03e8c-20260916/trajectories/gemini-3.8-flash-medium/poolact/9e38ca2b71118e23088cbecf.json
3b07c4986a69d9c63c3730ba,gemini-3.8-flash-medium,poolact,tuning,hpobench:nasbench101:B,cost_tight,naive,2208,2,existing_trace_rescored,paper-graph-lock-v3,"{""gap0_bon"": 98.06104813146378, ""gap0_mi"": 97.34049106169827, ""gap_bon"": 98.06104813146378, ""gap_mi"": 97.34049106169827, ""raw_perf_bon"": 0.9440104166666666, ""raw_perf_mi"": 0.942174141605695}","{""gap0_bon"": 98.06104813146378, ""gap0_mi"": 97.34049106169827, ""gap_bon"": 98.06104813146378, ""gap_mi"": 97.34049106169827, ""raw_perf_bon"": 0.9440104166666666, ""raw_perf_mi"": 0.942174141605695}",True,True,True,False,False,False,False,False,visible_configuration_match,3c3e6ddc48cb0cbbd45569e2fdcd9477b70bdb0278e6f679e0ffe08603c276fa,../deliveries/paper-ad03e8c-20260916/trajectories/gemini-3.8-flash-medium/poolact/3b07c4986a69d9c63c3730ba.json
4cb83e1d5b0f5c504ddda54b,gemini-3.8-flash-medium,poolact,tuning,hpobench:nasbench101:C,cost_tight,naive,2200,0,existing_trace_rescored,paper-graph-lock-v3,"{""gap0_bon"": 99.23797367526517, ""gap0_mi"": 98.54535821022445, ""gap_bon"": 99.23797367526517, ""gap_mi"": 98.54535821022445, ""raw_perf_bon"": 0.9412726958592733, ""raw_perf_mi"": 0.9373581061760585}","{""gap0_bon"": 99.23797367526517, ""gap0_mi"": 98.54535821022445, ""gap_bon"": 99.23797367526517, ""gap_mi"": 98.54535821022445, ""raw_perf_bon"": 0.9412726958592733, ""raw_perf_mi"": 0.9373581061760585}",True,True,True,False,False,False,False,False,visible_configuration_match,5561b31e593677cbcac170aa27583e312224917f12031a41a7b88f1006deb337,../deliveries/paper-ad03e8c-20260916/trajectories/gemini-3.8-flash-medium/poolact/4cb83e1d5b0f5c504ddda54b.json
152bd78d7ad15159994ab8e7,gemini-3.8-flash-medium,poolact,tuning,hpobench:nasbench101:C,cost_tight,naive,2204,1,existing_trace_rescored,paper-graph-lock-v3,"{""gap0_bon"": 100.01772072491956, ""gap0_mi"": 99.09472528996642, ""gap_bon"": 100.01772072491956, ""gap_mi"": 99.09472528996642, ""raw_perf_bon"": 0.9456797440846761, ""raw_perf_mi"": 0.940463071068128}","{""gap0_bon"": 100.01772072491956, ""gap0_mi"": 99.09472528996642, ""gap_bon"": 100.01772072491956, ""gap_mi"": 99.09472528996642, ""raw_perf_bon"": 0.9456797440846761, ""raw_perf_mi"": 0.940463071068128}",True,True,True,False,False,False,False,False,visible_configuration_match,05835f386c9f84d396b25d320628f6d12b338c475d579fa4f6cac0aa542b35a6,../deliveries/paper-ad03e8c-20260916/trajectories/gemini-3.8-flash-medium/poolact/152bd78d7ad15159994ab8e7.json
ffb1fd3b8ee9e0b8382fecf6,gemini-3.8-flash-medium,poolact,tuning,hpobench:nasbench101:C,cost_tight,naive,2208,2,existing_trace_rescored,paper-graph-lock-v3,"{""gap0_bon"": 99.72236359186229, ""gap0_mi"": 99.20843796195943, ""gap_bon"": 99.72236359186229, ""gap_mi"": 99.20843796195943, ""raw_perf_bon"": 0.9440104166666666, ""raw_perf_mi"": 0.9411057631174724}","{""gap0_bon"": 99.72236359186229, ""gap0_mi"": 99.20843796195943, ""gap_bon"": 99.72236359186229, ""gap_mi"": 99.20843796195943, ""raw_perf_bon"": 0.9440104166666666, ""raw_perf_mi"": 0.9411057631174724}",True,True,True,False,False,False,False,False,visible_configuration_match,dec5891ef2c749d35325db75db88990ed05736da2e35aada36282189eae5ab57,../deliveries/paper-ad03e8c-20260916/trajectories/gemini-3.8-flash-medium/poolact/ffb1fd3b8ee9e0b8382fecf6.json
042f8a0c883918035d147e0e,gemini-3.8-flash-medium,poolact,tuning,hpobench:nasbench101:A,cost_tight,poolact,2200,0,existing_trace_rescored,paper-graph-lock-v3,"{""gap0_bon"": 99.23111665821482, ""gap0_mi"": 99.07686393214375, ""gap_bon"": 99.23111665821482, ""gap_mi"": 99.07686393214375, ""raw_perf_bon"": 0.9406717419624329, ""raw_perf_mi"": 0.9395866642395655}","{""gap0_bon"": 99.23111665821482, ""gap0_mi"": 99.07686393214375, ""gap_bon"": 99.23111665821482, ""gap_mi"": 99.07686393214375, ""raw_perf_bon"": 0.9406717419624329, ""raw_perf_mi"": 0.9395866642395655}",True,True,True,False,False,False,False,False,benchmark_evaluation;legacy_best_visible_fallback;visible_configuration_match,17215673841ec69dee9f782433af86beea89a49d7a46c77138f937be31eebc17,../deliveries/paper-ad03e8c-20260916/trajectories/gemini-3.8-flash-medium/poolact/042f8a0c883918035d147e0e.json
d2a133f42cabec9ff905e9b6,gemini-3.8-flash-medium,poolact,tuning,hpobench:nasbench101:A,cost_tight,poolact,2204,1,existing_trace_rescored,paper-graph-lock-v3,"{""gap0_bon"": 99.54436574091585, ""gap0_mi"": 99.11483415984165, ""gap_bon"": 99.54436574091585, ""gap_mi"": 99.11483415984165, ""raw_perf_bon"": 0.9428752660751343, ""raw_perf_mi"": 0.9398537625869116}","{""gap0_bon"": 99.54436574091585, ""gap0_mi"": 99.11483415984165, ""gap_bon"": 99.54436574091585, ""gap_mi"": 99.11483415984165, ""raw_perf_bon"": 0.9428752660751343, ""raw_perf_mi"": 0.9398537625869116}",True,True,True,False,False,False,False,False,legacy_best_visible_fallback;visible_configuration_match,5fccb6dfbe6888221e886e680578a14972c4620176112667028a59ae010a5bfb,../deliveries/paper-ad03e8c-20260916/trajectories/gemini-3.8-flash-medium/poolact/d2a133f42cabec9ff905e9b6.json
07ee7c56cee1e84ee2c6fda1,gemini-3.8-flash-medium,poolact,tuning,hpobench:nasbench101:A,cost_tight,poolact,2208,2,existing_trace_rescored,paper-graph-lock-v3,"{""gap0_bon"": 98.45273758202116, ""gap0_mi"": 96.09506422469381, ""gap_bon"": 98.45273758202116, ""gap_mi"": 96.09506422469381, ""raw_perf_bon"": 0.9351963003476461, ""raw_perf_mi"": 0.9186114470163982}","{""gap0_bon"": 98.45273758202116, ""gap0_mi"": 96.09506422469381, ""gap_bon"": 98.45273758202116, ""gap_mi"": 96.09506422469381, ""raw_perf_bon"": 0.9351963003476461, ""raw_perf_mi"": 0.9186114470163982}",True,True,True,False,False,False,False,False,legacy_best_visible_fallback;visible_configuration_match,7ed0256b04978cdb77dbce6fba53cab46431bec793c9bbcd7c3b8db82d13a5a1,/lustrefs/users/chufan.shi/codex_space_tn/gemini_openrouter_20260917/runs/main/invocations/job_361c6701e1ab6348d3ce8a5747f881b2bd931bfa32fe570d33b38fc05ea58721/result/poolact/result.json
2dbdd87bb9597181b0cbcdd8,gemini-3.8-flash-medium,poolact,tuning,hpobench:nasbench101:B,cost_tight,poolact,2200,0,existing_trace_rescored,paper-graph-lock-v3,"{""gap0_bon"": 95.9124844803555, ""gap0_mi"": 95.61770962752652, ""gap_bon"": 95.9124844803555, ""gap_mi"": 95.61770962752652, ""raw_perf_bon"": 0.9385349949200948, ""raw_perf_mi"": 0.9377837876478832}","{""gap0_bon"": 95.9124844803555, ""gap0_mi"": 95.61770962752652, ""gap_bon"": 95.9124844803555, ""gap_mi"": 95.61770962752652, ""raw_perf_bon"": 0.9385349949200948, ""raw_perf_mi"": 0.9377837876478832}",True,True,True,False,False,False,False,False,legacy_best_visible_fallback;visible_configuration_match,996d019e7521409979b970e5d79efec9904527fad1d734fa3d3645bc4d43de35,../deliveries/paper-ad03e8c-20260916/trajectories/gemini-3.8-flash-medium/poolact/2dbdd87bb9597181b0cbcdd8.json
6bae9f39e02b398598fdf9a0,gemini-3.8-flash-medium,poolact,tuning,hpobench:nasbench101:B,cost_tight,poolact,2204,1,existing_trace_rescored,paper-graph-lock-v3,"{""gap0_bon"": 97.4846040349148, ""gap0_mi"": 94.05213897936311, ""gap_bon"": 97.4846040349148, ""gap_mi"": 94.05213897936311, ""raw_perf_bon"": 0.9425414005915324, ""raw_perf_mi"": 0.9337940712769826}","{""gap0_bon"": 97.4846040349148, ""gap0_mi"": 94.05213897936311, ""gap_bon"": 97.4846040349148, ""gap_mi"": 94.05213897936311, ""raw_perf_bon"": 0.9425414005915324, ""raw_perf_mi"": 0.9337940712769826}",True,True,True,False,False,False,False,False,legacy_best_visible_fallback;visible_configuration_match,401dd3d9fd6275b7233306ce4018ed58cdffa866bfa89667841dd3b687ce9609,../deliveries/paper-ad03e8c-20260916/trajectories/gemini-3.8-flash-medium/poolact/6bae9f39e02b398598fdf9a0.json
335906464bcc2b9063bf8c2e,gemini-3.8-flash-medium,poolact,tuning,hpobench:nasbench101:B,cost_tight,poolact,2208,2,existing_trace_rescored,paper-graph-lock-v3,"{""gap0_bon"": 97.78593169229828, ""gap0_mi"": 96.88850932101951, ""gap_bon"": 97.78593169229828, ""gap_mi"": 96.88850932101951, ""raw_perf_bon"": 0.9433093070983887, ""raw_perf_mi"": 0.9410223066806793}","{""gap0_bon"": 97.78593169229828, ""gap0_mi"": 96.88850932101951, ""gap_bon"": 97.78593169229828, ""gap_mi"": 96.88850932101951, ""raw_perf_bon"": 0.9433093070983887, ""raw_perf_mi"": 0.9410223066806793}",True,True,True,False,False,False,False,False,legacy_best_visible_fallback;visible_configuration_match,6b4547104df42178058e612bb909d7ceb269e0813a50932be89de92ea34630fd,../deliveries/paper-ad03e8c-20260916/trajectories/gemini-3.8-flash-medium/poolact/335906464bcc2b9063bf8c2e.json
a4c4ec17743d5e175ff608f8,gemini-3.8-flash-medium,poolact,tuning,hpobench:nasbench101:C,cost_tight,poolact,2200,0,existing_trace_rescored,paper-graph-lock-v3,"{""gap0_bon"": 99.52742858710837, ""gap0_mi"": 99.13164581042842, ""gap_bon"": 99.52742858710837, ""gap_mi"": 99.13164581042842, ""raw_perf_bon"": 0.9429086645444235, ""raw_perf_mi"": 0.9406717419624329}","{""gap0_bon"": 99.52742858710837, ""gap0_mi"": 99.13164581042842, ""gap_bon"": 99.52742858710837, ""gap_mi"": 99.13164581042842, ""raw_perf_bon"": 0.9429086645444235, ""raw_perf_mi"": 0.9406717419624329}",True,True,True,False,False,False,False,False,legacy_best_visible_fallback;visible_configuration_match,d388cc9e0f4efac53f223dc852d6439aed4fcd7acb9ea317401979528d6e083f,../deliveries/paper-ad03e8c-20260916/trajectories/gemini-3.8-flash-medium/poolact/a4c4ec17743d5e175ff608f8.json
53b6160823ad9aad84fea5f0,gemini-3.8-flash-medium,poolact,tuning,hpobench:nasbench101:C,cost_tight,poolact,2204,1,existing_trace_rescored,paper-graph-lock-v3,"{""gap0_bon"": 99.75189578984866, ""gap0_mi"": 99.02974549033206, ""gap_bon"": 99.75189578984866, ""gap_mi"": 99.02974549033206, ""raw_perf_bon"": 0.9441773295402527, ""raw_perf_mi"": 0.9400958120822906}","{""gap0_bon"": 99.75189578984866, ""gap0_mi"": 99.02974549033206, ""gap_bon"": 99.75189578984866, ""gap_mi"": 99.02974549033206, ""raw_perf_bon"": 0.9441773295402527, ""raw_perf_mi"": 0.9400958120822906}",True,True,True,False,False,False,False,False,legacy_best_visible_fallback;visible_configuration_match,084fa942c7fd3abff173d01a1fe4e70c488175a24db16ada842d7de7eb38e1a8,../deliveries/paper-ad03e8c-20260916/trajectories/gemini-3.8-flash-medium/poolact/53b6160823ad9aad84fea5f0.json
1004ff7a313febf84de7f7c5,gemini-3.8-flash-medium,poolact,tuning,hpobench:nasbench101:C,cost_tight,poolact,2208,2,existing_trace_rescored,paper-graph-lock-v3,"{""gap0_bon"": 99.37384076872698, ""gap0_mi"": 99.13459867869511, ""gap_bon"": 99.37384076872698, ""gap_mi"": 99.13459867869511, ""raw_perf_bon"": 0.9420406023661295, ""raw_perf_mi"": 0.94068843126297}","{""gap0_bon"": 99.37384076872698, ""gap0_mi"": 99.13459867869511, ""gap_bon"": 99.37384076872698, ""gap_mi"": 99.13459867869511, ""raw_perf_bon"": 0.9420406023661295, ""raw_perf_mi"": 0.94068843126297}",True,True,True,False,False,False,False,False,legacy_best_visible_fallback;visible_configuration_match,8cc7a26147d0e7668939504f88951da005b9cbb9fef0f8ee16d7ceabba0b1343,../deliveries/paper-ad03e8c-20260916/trajectories/gemini-3.8-flash-medium/poolact/1004ff7a313febf84de7f7c5.json
34a7291660a3a9594cf802ff,glm-5.3,expgym,tuning,hpobench:nasbench101:A,cost_free,single,2200,0,existing_trace_rescored,n1,"{""gap"": 99.61081046190317, ""gap0"": 99.61081046190317, ""raw_perf"": 0.9433426658312479}","{""gap"": 99.61081046190317, ""gap0"": 99.61081046190317, ""raw_perf"": 0.9433426658312479}",True,True,True,False,False,False,False,False,visible_configuration_match,11e9bda1da9e4d5bacfa8b923f40bffed698030a4718ee1655677bcdcfcc5eac,../deliveries/paper-ad03e8c-20260916/trajectories/glm-5.3/expgym/34a7291660a3a9594cf802ff.json
1f1ebdb0283adcf914281854,glm-5.3,expgym,tuning,hpobench:nasbench101:A,cost_free,single,2204,1,existing_trace_rescored,n1,"{""gap"": 99.5680994280766, ""gap0"": 99.5680994280766, ""raw_perf"": 0.9430422186851501}","{""gap"": 99.5680994280766, ""gap0"": 99.5680994280766, ""raw_perf"": 0.9430422186851501}",True,True,True,False,False,False,False,False,visible_configuration_match,ea55be0f5f2ba94a71abc3e98498ee9fe81cb712e63a60eb1d278f02cff443f5,../deliveries/paper-ad03e8c-20260916/trajectories/glm-5.3/expgym/1f1ebdb0283adcf914281854.json
08390cdc14e1b814fd7a7040,glm-5.3,expgym,tuning,hpobench:nasbench101:A,cost_free,single,2208,2,existing_trace_rescored,n1,"{""gap"": 99.55860651809833, ""gap0"": 99.55860651809833, ""raw_perf"": 0.9429754416147867}","{""gap"": 99.55860651809833, ""gap0"": 99.55860651809833, ""raw_perf"": 0.9429754416147867}",True,True,True,False,False,False,False,False,visible_configuration_match,fddedc69a099c898c122e778a5aa9ec3e75587b3c62fd5cf650787a3c9d0c9c1,../deliveries/paper-ad03e8c-20260916/trajectories/glm-5.3/expgym/08390cdc14e1b814fd7a7040.json
400e8b36c0a1407370b3f320,glm-5.3,expgym,tuning,hpobench:nasbench101:B,cost_free,single,2200,0,existing_trace_rescored,n1,"{""gap"": 98.84711180690203, ""gap0"": 98.84711180690203, ""raw_perf"": 0.9460136294364929}","{""gap"": 98.84711180690203, ""gap0"": 98.84711180690203, ""raw_perf"": 0.9460136294364929}",True,True,True,False,False,False,False,False,visible_configuration_match,4053ec051d1590abc63ed3776cf78b9421459e3e3766d583e26f5863cb75cf65,../deliveries/paper-ad03e8c-20260916/trajectories/glm-5.3/expgym/400e8b36c0a1407370b3f320.json
0532781cf7aa20fb3daeae30,glm-5.3,expgym,tuning,hpobench:nasbench101:B,cost_free,single,2204,1,existing_trace_rescored,n1,"{""gap"": 96.76404501607001, ""gap0"": 96.76404501607001, ""raw_perf"": 0.9407051205635071}","{""gap"": 96.76404501607001, ""gap0"": 96.76404501607001, ""raw_perf"": 0.9407051205635071}",True,True,True,False,False,False,False,False,visible_configuration_match,4728adb9fdeea7c4cf47454f9ca4f6e40fb8f640ba2049ee4707548158538786,../deliveries/paper-ad03e8c-20260916/trajectories/glm-5.3/expgym/0532781cf7aa20fb3daeae30.json
ea180e37d8dab7afcabb3cc9,glm-5.3,expgym,tuning,hpobench:nasbench101:B,cost_free,single,2208,2,existing_trace_rescored,n1,"{""gap"": 98.29687113225386, ""gap0"": 98.29687113225386, ""raw_perf"": 0.944611390431722}","{""gap"": 98.29687113225386, ""gap0"": 98.29687113225386, ""raw_perf"": 0.944611390431722}",True,True,True,False,False,False,False,False,visible_configuration_match,14756188098050f20522be36f3c2c987940144d71ee91f602fbeec3fd89b70e3,../deliveries/paper-ad03e8c-20260916/trajectories/glm-5.3/expgym/ea180e37d8dab7afcabb3cc9.json
024b1b6087bb7011f8c16c55,glm-5.3,expgym,tuning,hpobench:nasbench101:C,cost_free,single,2200,0,existing_trace_rescored,n1,"{""gap"": 99.23207145405112, ""gap0"": 99.23207145405112, ""raw_perf"": 0.9412393371264139}","{""gap"": 99.23207145405112, ""gap0"": 99.23207145405112, ""raw_perf"": 0.9412393371264139}",True,True,True,False,False,False,False,False,visible_configuration_match,67561bf577a1b23f6ee080df2f8735d144dcbc0a23c09d4c0727d3e8348bd091,../deliveries/paper-ad03e8c-20260916/trajectories/glm-5.3/expgym/024b1b6087bb7011f8c16c55.json
0330820eea3d19106c50a86e,glm-5.3,expgym,tuning,hpobench:nasbench101:C,cost_free,single,2204,1,existing_trace_rescored,n1,"{""gap"": 99.73418209556782, ""gap0"": 99.73418209556782, ""raw_perf"": 0.944077213605245}","{""gap"": 99.73418209556782, ""gap0"": 99.73418209556782, ""raw_perf"": 0.944077213605245}",True,True,True,False,False,False,False,False,visible_configuration_match,5db972cf140bd8c6c0f201c62b11bc97b1862a8b270b6282ef6374cde818f89c,../deliveries/paper-ad03e8c-20260916/trajectories/glm-5.3/expgym/0330820eea3d19106c50a86e.json
bc1e3b1b2d5a5e71dd8c080f,glm-5.3,expgym,tuning,hpobench:nasbench101:C,cost_free,single,2208,2,existing_trace_rescored,n1,"{""gap"": 99.90548360823004, ""gap0"": 99.90548360823004, ""raw_perf"": 0.9450453917185465}","{""gap"": 99.90548360823004, ""gap0"": 99.90548360823004, ""raw_perf"": 0.9450453917185465}",True,True,True,False,False,False,False,False,visible_configuration_match,1667eea25e5b8391eb1126ce15945735ba45131c6a22aa181655097d3efc0b92,../deliveries/paper-ad03e8c-20260916/trajectories/glm-5.3/expgym/bc1e3b1b2d5a5e71dd8c080f.json
1e88773dcba0f28e976e03d9,glm-5.3,expgym,tuning,hpobench:nasbench201:cifar10-valid,cost_free,single,2200,0,existing_trace_rescored,n1,"{""gap"": 100.0, ""gap0"": 100.0, ""raw_perf"": 0.9160666665039063}","{""gap"": 100.0, ""gap0"": 100.0, ""raw_perf"": 0.9160666665039063}",True,True,True,False,False,False,False,False,visible_configuration_match,7277dffd68098e576c211d7fe4ca76c07543a5f13716135fa73a9554766eafc9,../deliveries/paper-ad03e8c-20260916/trajectories/glm-5.3/expgym/1e88773dcba0f28e976e03d9.json
f78197959c06456283212929,glm-5.3,expgym,tuning,hpobench:nasbench201:cifar10-valid,cost_free,single,2204,1,existing_trace_rescored,n1,"{""gap"": 98.17420288390971, ""gap0"": 98.17420288390971, ""raw_perf"": 0.9146133330729167}","{""gap"": 98.17420288390971, ""gap0"": 98.17420288390971, ""raw_perf"": 0.9146133330729167}",True,True,True,False,False,False,False,False,visible_configuration_match,91a15627ab0671dc9dc13f9f320596a55b64f8b93c0dd691a0306e09010cde83,../deliveries/paper-ad03e8c-20260916/trajectories/glm-5.3/expgym/f78197959c06456283212929.json
4ea8095983a467af5b29c61e,glm-5.3,expgym,tuning,hpobench:nasbench201:cifar10-valid,cost_free,single,2208,2,existing_trace_rescored,n1,"{""gap"": 100.0, ""gap0"": 100.0, ""raw_perf"": 0.9160666665039063}","{""gap"": 100.0, ""gap0"": 100.0, ""raw_perf"": 0.9160666665039063}",True,True,True,False,False,False,False,False,visible_configuration_match,25c96b1a19a8ac50cdfc05536864caa78bbb3e9214a8feddc9bc2a82d0904e40,../deliveries/paper-ad03e8c-20260916/trajectories/glm-5.3/expgym/4ea8095983a467af5b29c61e.json
fb82a51ba06e4c4d19f6e40f,glm-5.3,expgym,tuning,hpobench:nasbench201:cifar100,cost_free,single,2200,0,existing_trace_rescored,n1,"{""gap"": 100.0, ""gap0"": 100.0, ""raw_perf"": 0.7350333333333333}","{""gap"": 100.0, ""gap0"": 100.0, ""raw_perf"": 0.7350333333333333}",True,True,True,False,False,False,False,False,visible_configuration_match,826201404f88a9e44515d22de5b7204d5f773f87b12b1c6266c64eaef19affb5,../deliveries/paper-ad03e8c-20260916/trajectories/glm-5.3/expgym/fb82a51ba06e4c4d19f6e40f.json
f91d13e86fc05b0ff6f730c1,glm-5.3,expgym,tuning,hpobench:nasbench201:cifar100,cost_free,single,2204,1,existing_trace_rescored,n1,"{""gap"": 100.0, ""gap0"": 100.0, ""raw_perf"": 0.7350333333333333}","{""gap"": 100.0, ""gap0"": 100.0, ""raw_perf"": 0.7350333333333333}",True,True,True,False,False,False,False,False,visible_configuration_match,763fdaf335b667939615dd60e354357d44894b4632a6b9e23fea1fec72d05988,../deliveries/paper-ad03e8c-20260916/trajectories/glm-5.3/expgym/f91d13e86fc05b0ff6f730c1.json
e582018738508878f194e2af,glm-5.3,expgym,tuning,hpobench:nasbench201:cifar100,cost_free,single,2208,2,existing_trace_rescored,n1,"{""gap"": 97.51558924069516, ""gap0"": 97.51558924069516, ""raw_perf"": 0.732}","{""gap"": 97.51558924069516, ""gap0"": 97.51558924069516, ""raw_perf"": 0.732}",True,True,True,False,False,False,False,False,visible_configuration_match,96fa1a92ffcd65fd7929100db7e2241f107fe3f5dda35fb26f8e75af65a5c39c,../deliveries/paper-ad03e8c-20260916/trajectories/glm-5.3/expgym/e582018738508878f194e2af.json
5727ff682fb1676da6957dff,glm-5.3,expgym,tuning,hpobench:nasbench201:imagenet16-120,cost_free,single,2200,0,existing_trace_rescored,n1,"{""gap"": 99.32653407183867, ""gap0"": 99.32653407183867, ""raw_perf"": 0.46755555548773864}","{""gap"": 99.32653407183867, ""gap0"": 99.32653407183867, ""raw_perf"": 0.46755555548773864}",True,True,True,False,False,False,False,False,visible_configuration_match,bee6f86d613a729dc513e13fa7fee11c74db1f185e79f75ff1ebf2741af91f5f,../deliveries/paper-ad03e8c-20260916/trajectories/glm-5.3/expgym/5727ff682fb1676da6957dff.json
c7fdd1d76fc730905d95a427,glm-5.3,expgym,tuning,hpobench:nasbench201:imagenet16-120,cost_free,single,2204,1,existing_trace_rescored,n1,"{""gap"": 96.25384645540578, ""gap0"": 96.25384645540578, ""raw_perf"": 0.46349999959309895}","{""gap"": 96.25384645540578, ""gap0"": 96.25384645540578, ""raw_perf"": 0.46349999959309895}",True,True,True,False,False,False,False,False,visible_configuration_match,6d55b87464e9bac7d3db2ac4ae6c68e8dbe2e05ec374dcddcc6957f270684abb,../deliveries/paper-ad03e8c-20260916/trajectories/glm-5.3/expgym/c7fdd1d76fc730905d95a427.json
2722fec7556589ba9ef39778,glm-5.3,expgym,tuning,hpobench:nasbench201:imagenet16-120,cost_free,single,2208,2,existing_trace_rescored,n1,"{""gap"": 96.46430464787348, ""gap0"": 96.46430464787348, ""raw_perf"": 0.46377777757432714}","{""gap"": 96.46430464787348, ""gap0"": 96.46430464787348, ""raw_perf"": 0.46377777757432714}",True,True,True,False,False,False,False,False,visible_configuration_match,cdf4fb9461845ded4ece2719a6757b3321583a76ab4dad648bfd9bc3296a534d,../deliveries/paper-ad03e8c-20260916/trajectories/glm-5.3/expgym/2722fec7556589ba9ef39778.json
150ff18e29cb918f69deadd3,glm-5.3,expgym,tuning,hpobench:paramnet:adult:steps,cost_free,single,2200,0,existing_trace_rescored,n1,"{""gap"": 94.58252936818005, ""gap0"": 94.58252936818005, ""raw_perf"": 0.8515000006208817}","{""gap"": 94.58252936818005, ""gap0"": 94.58252936818005, ""raw_perf"": 0.8515000006208817}",True,True,True,False,False,False,False,False,visible_configuration_match,cd5f2a87050a9466bd91ae7976ecedeefa48ddfda73f41ac3f7d491fbe03de17,../deliveries/paper-ad03e8c-20260916/trajectories/glm-5.3/expgym/150ff18e29cb918f69deadd3.json
6e524e58c69b41b681e4dc6a,glm-5.3,expgym,tuning,hpobench:paramnet:adult:steps,cost_free,single,2204,1,existing_trace_rescored,n1,"{""gap"": 94.6050124914496, ""gap0"": 94.6050124914496, ""raw_perf"": 0.851509261512094}","{""gap"": 94.6050124914496, ""gap0"": 94.6050124914496, ""raw_perf"": 0.851509261512094}",True,True,True,False,False,False,False,False,visible_configuration_match,1123c529938ff8f508115f7a8659f32d7b10ab220135a69aa4497c705bf45f50,../deliveries/paper-ad03e8c-20260916/trajectories/glm-5.3/expgym/6e524e58c69b41b681e4dc6a.json
76c9bedc5dde76a27cbc72bd,glm-5.3,expgym,tuning,hpobench:paramnet:adult:steps,cost_free,single,2208,2,existing_trace_rescored,n1,"{""gap"": 97.61721592613875, ""gap0"": 97.61721592613875, ""raw_perf"": 0.8527500005314748}","{""gap"": 97.61721592613875, ""gap0"": 97.61721592613875, ""raw_perf"": 0.8527500005314748}",True,True,True,False,False,False,False,False,visible_configuration_match,3e559175466b19851f44a84246e66bf13f1fc245e96792cbdc7e2fa1744e3bf5,../deliveries/paper-ad03e8c-20260916/trajectories/glm-5.3/expgym/76c9bedc5dde76a27cbc72bd.json
cdd7da56084540986056c421,glm-5.3,expgym,tuning,hpobench:paramnet:higgs:steps,cost_free,single,2200,0,existing_trace_rescored,n1,"{""gap"": 95.07642952830238, ""gap0"": 95.07642952830238, ""raw_perf"": 0.7167804475336222}","{""gap"": 95.07642952830238, ""gap0"": 95.07642952830238, ""raw_perf"": 0.7167804475336222}",True,True,True,False,False,False,False,False,visible_configuration_match,d76adaa8cb10ffae748a1883a3834658c6a2f71b7e5e986726af8dfe6ee9cffe,../deliveries/paper-ad03e8c-20260916/trajectories/glm-5.3/expgym/cdd7da56084540986056c421.json
1cf5fdf878a9593d10b913f6,glm-5.3,expgym,tuning,hpobench:paramnet:higgs:steps,cost_free,single,2204,1,existing_trace_rescored,n1,"{""gap"": 96.47558921036858, ""gap0"": 96.47558921036858, ""raw_perf"": 0.717998156180241}","{""gap"": 96.47558921036858, ""gap0"": 96.47558921036858, ""raw_perf"": 0.717998156180241}",True,True,True,False,False,False,False,False,visible_configuration_match,87326e0340ad526b4a70628d32305938e33a5c19194d0257158d3f1b583f7a9e,../deliveries/paper-ad03e8c-20260916/trajectories/glm-5.3/expgym/1cf5fdf878a9593d10b913f6.json
945965c1f18ef19c3694ae31,glm-5.3,expgym,tuning,hpobench:paramnet:higgs:steps,cost_free,single,2208,2,existing_trace_rescored,n1,"{""gap"": 95.93500643578739, ""gap0"": 95.93500643578739, ""raw_perf"": 0.7175276792738106}","{""gap"": 95.93500643578739, ""gap0"": 95.93500643578739, ""raw_perf"": 0.7175276792738106}",True,True,True,False,False,False,False,False,visible_configuration_match,ae17eb4ea6e74416134a806e048b8d79a6dee28bbc6f24c5df579ad35a4d4618,../deliveries/paper-ad03e8c-20260916/trajectories/glm-5.3/expgym/945965c1f18ef19c3694ae31.json
3bb55909ca55e387309e1d22,glm-5.3,expgym,tuning,hpobench:paramnet:letter:steps,cost_free,single,2200,0,existing_trace_rescored,n1,"{""gap"": 90.22962949516527, ""gap0"": 90.22962949516527, ""raw_perf"": 0.9138398914383526}","{""gap"": 90.22962949516527, ""gap0"": 90.22962949516527, ""raw_perf"": 0.9138398914383526}",True,True,True,False,False,False,False,False,legacy_best_visible_fallback,67c258c4c05ad2922731eac409b35132a8726ae7c2eb1ff7d62c3bf9a26c8a92,../deliveries/paper-ad03e8c-20260916/trajectories/glm-5.3/expgym/3bb55909ca55e387309e1d22.json
de4009dfe25b59e216f75916,glm-5.3,expgym,tuning,hpobench:paramnet:letter:steps,cost_free,single,2204,1,existing_trace_rescored,n1,"{""gap"": 100.08615841460019, ""gap0"": 100.08615841460019, ""raw_perf"": 0.9655811835985171}","{""gap"": 100.08615841460019, ""gap0"": 100.08615841460019, ""raw_perf"": 0.9655811835985171}",True,True,True,False,False,False,False,False,visible_configuration_match,5fe45a37fe55af0e751567ba2a76a6457df401714f84b93997556d8dedea9f99,../deliveries/paper-ad03e8c-20260916/trajectories/glm-5.3/expgym/de4009dfe25b59e216f75916.json
81540d9d71d1faa00023e204,glm-5.3,expgym,tuning,hpobench:paramnet:letter:steps,cost_free,single,2208,2,existing_trace_rescored,n1,"{""gap"": 99.74152484221817, ""gap0"": 99.74152484221817, ""raw_perf"": 0.9637720491149101}","{""gap"": 99.74152484221817, ""gap0"": 99.74152484221817, ""raw_perf"": 0.9637720491149101}",True,True,True,False,False,False,False,False,visible_configuration_match,ec0fb4f3d16967d0de4fedbe44ebc6f64100a5889d8b7adf81340acb9b1622f2,../deliveries/paper-ad03e8c-20260916/trajectories/glm-5.3/expgym/81540d9d71d1faa00023e204.json
33c1dd47d88ac28989205a8e,glm-5.3,expgym,tuning,hpobench:nasbench101:A,cost_moderate,single,2200,0,existing_trace_rescored,n1,"{""gap"": 99.15517902724923, ""gap0"": 99.15517902724923, ""raw_perf"": 0.9401375651359558}","{""gap"": 99.15517902724923, ""gap0"": 99.15517902724923, ""raw_perf"": 0.9401375651359558}",True,True,True,False,False,False,False,False,visible_configuration_match,bede038eed2c2e6cb6822e466eb268ad03addc974f6d91bd8bf84eda263fb1f4,../deliveries/paper-ad03e8c-20260916/trajectories/glm-5.3/expgym/33c1dd47d88ac28989205a8e.json
1fb629e410ff188b1113813b,glm-5.3,expgym,tuning,hpobench:nasbench101:A,cost_moderate,single,2204,1,existing_trace_rescored,n1,"{""gap"": 98.84192712011797, ""gap0"": 98.84192712011797, ""raw_perf"": 0.9379340211550394}","{""gap"": 98.84192712011797, ""gap0"": 98.84192712011797, ""raw_perf"": 0.9379340211550394}",True,True,True,False,False,False,False,False,visible_configuration_match,5461e82d60e4fd4f431aa7859302516a84c7d039f12723ae46b9fc76f52dad66,../deliveries/paper-ad03e8c-20260916/trajectories/glm-5.3/expgym/1fb629e410ff188b1113813b.json
176800541cddc15ae56d9558,glm-5.3,expgym,tuning,hpobench:nasbench101:A,cost_moderate,single,2208,2,existing_trace_rescored,n1,"{""gap"": 99.01279102643586, ""gap0"": 99.01279102643586, ""raw_perf"": 0.9391359488169352}","{""gap"": 99.01279102643586, ""gap0"": 99.01279102643586, ""raw_perf"": 0.9391359488169352}",True,True,True,False,False,False,False,False,visible_configuration_match,d46c4691e5e076ae3e6ef5f76989f673590e62116bc4c91d9be3987261285d71,../deliveries/paper-ad03e8c-20260916/trajectories/glm-5.3/expgym/176800541cddc15ae56d9558.json
70ce073cf9fea7e9c20640d1,glm-5.3,expgym,tuning,hpobench:nasbench101:B,cost_moderate,single,2200,0,existing_trace_rescored,n1,"{""gap"": 95.71597051057523, ""gap0"": 95.71597051057523, ""raw_perf"": 0.938034196694692}","{""gap"": 95.71597051057523, ""gap0"": 95.71597051057523, ""raw_perf"": 0.938034196694692}",True,True,True,False,False,False,False,False,visible_configuration_match,8ac83523e5f6f01012783225d0e473746b38eb2979f11495aaf90399ee965dff,../deliveries/paper-ad03e8c-20260916/trajectories/glm-5.3/expgym/70ce073cf9fea7e9c20640d1.json
b254e55ebc0db56314b48b3e,glm-5.3,expgym,tuning,hpobench:nasbench101:B,cost_moderate,single,2204,1,existing_trace_rescored,n1,"{""gap"": 99.06982919858311, ""gap0"": 99.06982919858311, ""raw_perf"": 0.9465812047322592}","{""gap"": 99.06982919858311, ""gap0"": 99.06982919858311, ""raw_perf"": 0.9465812047322592}",True,True,True,False,False,False,False,False,visible_configuration_match,cc7da2648cc955da096404e701353911efc4187002eee05976a051cfbff8eabe,../deliveries/paper-ad03e8c-20260916/trajectories/glm-5.3/expgym/b254e55ebc0db56314b48b3e.json
9852c421fd4dde3551d54694,glm-5.3,expgym,tuning,hpobench:nasbench101:B,cost_moderate,single,2208,2,existing_trace_rescored,n1,"{""gap"": 97.61561334810166, ""gap0"": 97.61561334810166, ""raw_perf"": 0.9428752660751343}","{""gap"": 97.61561334810166, ""gap0"": 97.61561334810166, ""raw_perf"": 0.9428752660751343}",True,True,True,False,False,False,False,False,visible_configuration_match,8dc194c9ca418454fa648e43c3a163640a7771922d64332ab98b661cac5957d0,../deliveries/paper-ad03e8c-20260916/trajectories/glm-5.3/expgym/9852c421fd4dde3551d54694.json
6a67bb05f844b73833676007,glm-5.3,expgym,tuning,hpobench:nasbench101:C,cost_moderate,single,2200,0,existing_trace_rescored,n1,"{""gap"": 99.2852336288098, ""gap0"": 99.2852336288098, ""raw_perf"": 0.9415398041407267}","{""gap"": 99.2852336288098, ""gap0"": 99.2852336288098, ""raw_perf"": 0.9415398041407267}",True,True,True,False,False,False,False,False,visible_configuration_match,964914e8462554ed7baa2702ae0fcc90edbeb76ae067fd96a44a375cd59dc306,../deliveries/paper-ad03e8c-20260916/trajectories/glm-5.3/expgym/6a67bb05f844b73833676007.json
ddafe40b9f41be6c49873b9c,glm-5.3,expgym,tuning,hpobench:nasbench101:C,cost_moderate,single,2204,1,existing_trace_rescored,n1,"{""gap"": 91.87172388992101, ""gap0"": 91.87172388992101, ""raw_perf"": 0.8996394276618958}","{""gap"": 91.87172388992101, ""gap0"": 91.87172388992101, ""raw_perf"": 0.8996394276618958}",True,True,True,False,False,False,False,False,visible_configuration_match,03e6f497653ae64f073ffcfda8b3626e40255b02e12e2d511f81aa58f61cb320,../deliveries/paper-ad03e8c-20260916/trajectories/glm-5.3/expgym/ddafe40b9f41be6c49873b9c.json
039b1776b0978d5a97a3d3aa,glm-5.3,expgym,tuning,hpobench:nasbench101:C,cost_moderate,single,2208,2,existing_trace_rescored,n1,"{""gap"": 99.06075939543081, ""gap0"": 99.06075939543081, ""raw_perf"": 0.9402710994084676}","{""gap"": 99.06075939543081, ""gap0"": 99.06075939543081, ""raw_perf"": 0.9402710994084676}",True,True,True,False,False,False,False,False,visible_configuration_match,555bd1d0da5bb9757d6fdf52d3ab042fb134d24b0e0e66dff940f1b0e949838e,../deliveries/paper-ad03e8c-20260916/trajectories/glm-5.3/expgym/039b1776b0978d5a97a3d3aa.json
109013a1baba5446ff2d0181,glm-5.3,expgym,tuning,hpobench:nasbench201:cifar10-valid,cost_moderate,single,2200,0,existing_trace_rescored,n1,"{""gap"": 99.32998283650223, ""gap0"": 99.32998283650223, ""raw_perf"": 0.915533333235677}","{""gap"": 99.32998283650223, ""gap0"": 99.32998283650223, ""raw_perf"": 0.915533333235677}",True,True,True,False,False,False,False,False,visible_configuration_match,2dffd2c7de9f75e5abae718fe69da4d8e859c81d008a49788a3a1a95f59a48c0,../deliveries/paper-ad03e8c-20260916/trajectories/glm-5.3/expgym/109013a1baba5446ff2d0181.json
4d6bd1c49ae2cb11c173be9d,glm-5.3,expgym,tuning,hpobench:nasbench201:cifar10-valid,cost_moderate,single,2204,1,existing_trace_rescored,n1,"{""gap"": 100.0, ""gap0"": 100.0, ""raw_perf"": 0.9160666665039063}","{""gap"": 100.0, ""gap0"": 100.0, ""raw_perf"": 0.9160666665039063}",True,True,True,False,False,False,False,False,visible_configuration_match,f98a3ea2e546537636a23d11b77f937485907cdbfd76166cf03d9042e918ba71,../deliveries/paper-ad03e8c-20260916/trajectories/glm-5.3/expgym/4d6bd1c49ae2cb11c173be9d.json
6a8ebaac4d1e3bffad02943d,glm-5.3,expgym,tuning,hpobench:nasbench201:cifar10-valid,cost_moderate,single,2208,2,existing_trace_rescored,n1,"{""gap"": 82.31154476532424, ""gap0"": 82.31154476532424, ""raw_perf"": 0.9019866665364583}","{""gap"": 82.31154476532424, ""gap0"": 82.31154476532424, ""raw_perf"": 0.9019866665364583}",True,True,True,False,False,False,False,False,visible_configuration_match,d3d39c778d3fd74b260a12767c8e0ed612e8c45a0e35d1a5e31d600ae99ffdd2,../deliveries/paper-ad03e8c-20260916/trajectories/glm-5.3/expgym/6a8ebaac4d1e3bffad02943d.json
39305addf7f8fa9b83b9f3e8,glm-5.3,expgym,tuning,hpobench:nasbench201:cifar100,cost_moderate,single,2200,0,existing_trace_rescored,n1,"{""gap"": 97.51558924069516, ""gap0"": 97.51558924069516, ""raw_perf"": 0.732}","{""gap"": 97.51558924069516, ""gap0"": 97.51558924069516, ""raw_perf"": 0.732}",True,True,True,False,False,False,False,False,visible_configuration_match,a92a54ccad01d613efd32d0a4cc2149168f3cab09153c025e6987c970ea58c38,../deliveries/paper-ad03e8c-20260916/trajectories/glm-5.3/expgym/39305addf7f8fa9b83b9f3e8.json
2a031d1f44b3ae5a4c807561,glm-5.3,expgym,tuning,hpobench:nasbench201:cifar100,cost_moderate,single,2204,1,existing_trace_rescored,n1,"{""gap"": 100.0, ""gap0"": 100.0, ""raw_perf"": 0.7350333333333333}","{""gap"": 100.0, ""gap0"": 100.0, ""raw_perf"": 0.7350333333333333}",True,True,True,False,False,False,False,False,visible_configuration_match,d3eec40e91ac5e8063be956a850dae68f65ed25a5bc52462f16b318ab19f8b66,../deliveries/paper-ad03e8c-20260916/trajectories/glm-5.3/expgym/2a031d1f44b3ae5a4c807561.json
1f65fac1913d05627b8063b2,glm-5.3,expgym,tuning,hpobench:nasbench201:cifar100,cost_moderate,single,2208,2,existing_trace_rescored,n1,"{""gap"": 100.0, ""gap0"": 100.0, ""raw_perf"": 0.7350333333333333}","{""gap"": 100.0, ""gap0"": 100.0, ""raw_perf"": 0.7350333333333333}",True,True,True,False,False,False,False,False,visible_configuration_match,b0dc6f58479a0e7f59b07f68a6436c74c7371bd0657072be04c3c46a5925238c,../deliveries/paper-ad03e8c-20260916/trajectories/glm-5.3/expgym/1f65fac1913d05627b8063b2.json
2fc9b2ecf29c580452c7127f,glm-5.3,expgym,tuning,hpobench:nasbench201:imagenet16-120,cost_moderate,single,2200,0,existing_trace_rescored,n1,"{""gap"": 96.63267128405795, ""gap0"": 96.63267128405795, ""raw_perf"": 0.46400000006781683}","{""gap"": 96.63267128405795, ""gap0"": 96.63267128405795, ""raw_perf"": 0.46400000006781683}",True,True,True,False,False,False,False,False,visible_configuration_match,8336f8201c1234d94c67583f780b4324cfc8d2c0b9d35afd11538780ff7392dc,../deliveries/paper-ad03e8c-20260916/trajectories/glm-5.3/expgym/2fc9b2ecf29c580452c7127f.json
7cc4e9651684bd21d0ba72ca,glm-5.3,expgym,tuning,hpobench:nasbench201:imagenet16-120,cost_moderate,single,2204,1,existing_trace_rescored,n1,"{""gap"": 96.29593816583329, ""gap0"": 96.29593816583329, ""raw_perf"": 0.46355555528428827}","{""gap"": 96.29593816583329, ""gap0"": 96.29593816583329, ""raw_perf"": 0.46355555528428827}",True,True,True,False,False,False,False,False,visible_configuration_match,ea8e1d663ae9233a983917829f07469223313e3b036dea5910e28f95483d9781,../deliveries/paper-ad03e8c-20260916/trajectories/glm-5.3/expgym/7cc4e9651684bd21d0ba72ca.json
3af6369fc148274abde91e82,glm-5.3,expgym,tuning,hpobench:nasbench201:imagenet16-120,cost_moderate,single,2208,2,existing_trace_rescored,n1,"{""gap"": 96.29593816583329, ""gap0"": 96.29593816583329, ""raw_perf"": 0.46355555528428827}","{""gap"": 96.29593816583329, ""gap0"": 96.29593816583329, ""raw_perf"": 0.46355555528428827}",True,True,True,False,False,False,False,False,visible_configuration_match,4e717afa6c6c03599e62571945817c15ed0b3c63d213ae96a47be3e8975a2aa4,../deliveries/paper-ad03e8c-20260916/trajectories/glm-5.3/expgym/3af6369fc148274abde91e82.json
78e62873b8d78860408c4ae0,glm-5.3,expgym,tuning,hpobench:paramnet:adult:steps,cost_moderate,single,2200,0,existing_trace_rescored,n1,"{""gap"": 87.9511885684869, ""gap0"": 87.9511885684869, ""raw_perf"": 0.8487685239927636}","{""gap"": 87.9511885684869, ""gap0"": 87.9511885684869, ""raw_perf"": 0.8487685239927636}",True,True,True,False,False,False,False,False,visible_configuration_match,cfd9341e9acfcd46167c118046cc66f1465f413ebbc90bbec02e96410ea39908,../deliveries/paper-ad03e8c-20260916/trajectories/glm-5.3/expgym/78e62873b8d78860408c4ae0.json
8db1ab797d4b20228163e07e,glm-5.3,expgym,tuning,hpobench:paramnet:adult:steps,cost_moderate,single,2204,1,existing_trace_rescored,n1,"{""gap"": 100.2922407081013, ""gap0"": 100.2922407081013, ""raw_perf"": 0.8538518542730146}","{""gap"": 100.2922407081013, ""gap0"": 100.2922407081013, ""raw_perf"": 0.8538518542730146}",True,True,True,False,False,False,False,False,visible_configuration_match,71e8bf29693b24b630114aba8a41140002f15dc7e381e7f324e9de2b185336a1,../deliveries/paper-ad03e8c-20260916/trajectories/glm-5.3/expgym/8db1ab797d4b20228163e07e.json
3c3342bf350aa66688960335,glm-5.3,expgym,tuning,hpobench:paramnet:adult:steps,cost_moderate,single,2208,2,existing_trace_rescored,n1,"{""gap"": 97.99936648565316, ""gap0"": 97.99936648565316, ""raw_perf"": 0.8529074099232201}","{""gap"": 97.99936648565316, ""gap0"": 97.99936648565316, ""raw_perf"": 0.8529074099232201}",True,True,True,False,False,False,False,False,visible_configuration_match,a9f64cedf31577ba873502d0e398e2287213d788e02d7eeb29c25428900b8bb8,../deliveries/paper-ad03e8c-20260916/trajectories/glm-5.3/expgym/3c3342bf350aa66688960335.json
5c5e40203522eb64c4083b10,glm-5.3,expgym,tuning,hpobench:paramnet:higgs:steps,cost_moderate,single,2200,0,existing_trace_rescored,n1,"{""gap"": 86.92524310976683, ""gap0"": 86.92524310976683, ""raw_perf"": 0.709686353621915}","{""gap"": 86.92524310976683, ""gap0"": 86.92524310976683, ""raw_perf"": 0.709686353621915}",True,True,True,False,False,False,False,False,visible_configuration_match,f101aeec7d3d3dc4db55a1d4c9edb559ebd67541db1274cda80b9afb1f650dd3,../deliveries/paper-ad03e8c-20260916/trajectories/glm-5.3/expgym/5c5e40203522eb64c4083b10.json
dea616120a7ecf148d3e2b73,glm-5.3,expgym,tuning,hpobench:paramnet:higgs:steps,cost_moderate,single,2204,1,existing_trace_rescored,n1,"{""gap"": 97.23877256996056, ""gap0"": 97.23877256996056, ""raw_perf"": 0.7186623655537975}","{""gap"": 97.23877256996056, ""gap0"": 97.23877256996056, ""raw_perf"": 0.7186623655537975}",True,True,True,False,False,False,False,False,visible_configuration_match,7b09fd73b29e0f58275ed8a2fcfe3f93d3d8cf569e33b6a23dce856b357108a1,../deliveries/paper-ad03e8c-20260916/trajectories/glm-5.3/expgym/dea616120a7ecf148d3e2b73.json
3637ca57368e87fb21e79411,glm-5.3,expgym,tuning,hpobench:paramnet:higgs:steps,cost_moderate,single,2208,2,existing_trace_rescored,n1,"{""gap"": 92.64379170891613, ""gap0"": 92.64379170891613, ""raw_perf"": 0.7146632881094857}","{""gap"": 92.64379170891613, ""gap0"": 92.64379170891613, ""raw_perf"": 0.7146632881094857}",True,True,True,False,False,False,False,False,visible_configuration_match,dfecfffdf6da225dd407de2331042e9522b19e45516e72742f427e3cd1e10512,../deliveries/paper-ad03e8c-20260916/trajectories/glm-5.3/expgym/3637ca57368e87fb21e79411.json
f4791da4e574330bde465cf3,glm-5.3,expgym,tuning,hpobench:paramnet:letter:steps,cost_moderate,single,2200,0,existing_trace_rescored,n1,"{""gap"": 92.3491283412412, ""gap0"": 92.3491283412412, ""raw_perf"": 0.9249660809848277}","{""gap"": 92.3491283412412, ""gap0"": 92.3491283412412, ""raw_perf"": 0.9249660809848277}",True,True,True,False,False,False,False,False,visible_configuration_match,e4f0fb01b9158554c6f901f5b99cad483645acd705e6a1828e6366bcbf2886ae,../deliveries/paper-ad03e8c-20260916/trajectories/glm-5.3/expgym/f4791da4e574330bde465cf3.json
77a88941f3624989b35e3f3e,glm-5.3,expgym,tuning,hpobench:paramnet:letter:steps,cost_moderate,single,2204,1,existing_trace_rescored,n1,"{""gap"": 98.93163472810697, ""gap0"": 98.93163472810697, ""raw_perf"": 0.9595205766792914}","{""gap"": 98.93163472810697, ""gap0"": 98.93163472810697, ""raw_perf"": 0.9595205766792914}",True,True,True,False,False,False,False,False,visible_configuration_match,d3f61dce126d1c8266955c5fcb12bd776498d0766fbf62e5377b17e0ab6c8785,../deliveries/paper-ad03e8c-20260916/trajectories/glm-5.3/expgym/77a88941f3624989b35e3f3e.json
c9f736db01b561a1a984df78,glm-5.3,expgym,tuning,hpobench:paramnet:letter:steps,cost_moderate,single,2208,2,existing_trace_rescored,n1,"{""gap"": 93.83105384514609, ""gap0"": 93.83105384514609, ""raw_perf"": 0.9327453652626785}","{""gap"": 93.83105384514609, ""gap0"": 93.83105384514609, ""raw_perf"": 0.9327453652626785}",True,True,True,False,False,False,False,False,visible_configuration_match,35ccbeeb841e03871af6c0be266a9b6340e88fe528b19f1deba2b9c137e57158,../deliveries/paper-ad03e8c-20260916/trajectories/glm-5.3/expgym/c9f736db01b561a1a984df78.json
ad6d2b3666ca19a6d5c82bc9,glm-5.3,expgym,tuning,hpobench:nasbench101:A,cost_tight,single,2200,0,existing_trace_rescored,n1,"{""gap"": 85.75664976157574, ""gap0"": 85.75664976157574, ""raw_perf"": 0.845886747042338}","{""gap"": 85.75664976157574, ""gap0"": 85.75664976157574, ""raw_perf"": 0.845886747042338}",True,True,True,False,False,False,False,False,visible_configuration_match,40f136d614075eb915dae863105fd673ef097f5d8e915a5b530f8421971646c1,../deliveries/paper-ad03e8c-20260916/trajectories/glm-5.3/expgym/ad6d2b3666ca19a6d5c82bc9.json
0ed5e778c58594ca3ecada6e,glm-5.3,expgym,tuning,hpobench:nasbench101:A,cost_tight,single,2204,1,existing_trace_rescored,n1,"{""gap"": 85.75664976157574, ""gap0"": 85.75664976157574, ""raw_perf"": 0.845886747042338}","{""gap"": 85.75664976157574, ""gap0"": 85.75664976157574, ""raw_perf"": 0.845886747042338}",True,True,True,False,False,False,False,False,visible_configuration_match,267737cc0b3965b9253622395de4b080719c1e34da3eb9c0a68ecc66ae805460,../deliveries/paper-ad03e8c-20260916/trajectories/glm-5.3/expgym/0ed5e778c58594ca3ecada6e.json
254e15e08b0e899992302e10,glm-5.3,expgym,tuning,hpobench:nasbench101:A,cost_tight,single,2208,2,existing_trace_rescored,n1,"{""gap"": 85.75664976157574, ""gap0"": 85.75664976157574, ""raw_perf"": 0.845886747042338}","{""gap"": 85.75664976157574, ""gap0"": 85.75664976157574, ""raw_perf"": 0.845886747042338}",True,True,True,False,False,False,False,False,visible_configuration_match,a91ca7f3dc0703606a4eb7d9516feccc5d55c7ca230c4c9271b8fc9dfc619a5c,../deliveries/paper-ad03e8c-20260916/trajectories/glm-5.3/expgym/254e15e08b0e899992302e10.json
06a8944315b48820e8accf91,glm-5.3,expgym,tuning,hpobench:nasbench101:B,cost_tight,single,2200,0,existing_trace_rescored,n1,"{""gap"": 77.59726711134049, ""gap0"": 77.59726711134049, ""raw_perf"": 0.89186030626297}","{""gap"": 77.59726711134049, ""gap0"": 77.59726711134049, ""raw_perf"": 0.89186030626297}",True,True,True,False,False,False,False,False,legacy_best_visible_fallback,d28de5c43ec99a8baed1b76666abdaf19856bbc58bfd552763fb5b46af9dd8ec,../deliveries/paper-ad03e8c-20260916/trajectories/glm-5.3/expgym/06a8944315b48820e8accf91.json
dfde9d9a5a83a52c58cd906b,glm-5.3,expgym,tuning,hpobench:nasbench101:B,cost_tight,single,2204,1,existing_trace_rescored,n1,"{""gap"": 96.01729037164156, ""gap0"": 96.01729037164156, ""raw_perf"": 0.9388020833333334}","{""gap"": 96.01729037164156, ""gap0"": 96.01729037164156, ""raw_perf"": 0.9388020833333334}",True,True,True,False,False,False,False,False,visible_configuration_match,402a21cd2ea20f5cb25be267158083e565ed2061621a397547c519eb87a832f6,../deliveries/paper-ad03e8c-20260916/trajectories/glm-5.3/expgym/dfde9d9a5a83a52c58cd906b.json
8d21839f6e37e5091d9fd510,glm-5.3,expgym,tuning,hpobench:nasbench101:B,cost_tight,single,2208,2,existing_trace_rescored,n1,"{""gap"": 96.37101707650947, ""gap0"": 96.37101707650947, ""raw_perf"": 0.9397035241127014}","{""gap"": 96.37101707650947, ""gap0"": 96.37101707650947, ""raw_perf"": 0.9397035241127014}",True,True,True,False,False,False,False,False,visible_configuration_match,a202016db4aef38a4fd8a80de42a74b09eb75c51cfcd67185b958eb290ad5e28,../deliveries/paper-ad03e8c-20260916/trajectories/glm-5.3/expgym/8d21839f6e37e5091d9fd510.json
526e527b2d1ca96d030f989c,glm-5.3,expgym,tuning,hpobench:nasbench101:C,cost_tight,single,2200,0,existing_trace_rescored,n1,"{""gap"": 98.59409020375324, ""gap0"": 98.59409020375324, ""raw_perf"": 0.9376335342725118}","{""gap"": 98.59409020375324, ""gap0"": 98.59409020375324, ""raw_perf"": 0.9376335342725118}",True,True,True,False,False,False,False,False,visible_configuration_match,6e7465f5c7e2a0b3086f0f69832a1dbdcc24aeac7aefe963345723cdf2a9d5d6,../deliveries/paper-ad03e8c-20260916/trajectories/glm-5.3/expgym/526e527b2d1ca96d030f989c.json
eb0334431c6bc430ab8822ed,glm-5.3,expgym,tuning,hpobench:nasbench101:C,cost_tight,single,2204,1,existing_trace_rescored,n1,"{""gap"": 98.06835310078358, ""gap0"": 98.06835310078358, ""raw_perf"": 0.9346621235211691}","{""gap"": 98.06835310078358, ""gap0"": 98.06835310078358, ""raw_perf"": 0.9346621235211691}",True,True,True,False,False,False,False,False,visible_configuration_match,d3ca04e598ffaf2a485a289c56f788226c481668b54e45371635756741bde9aa,../deliveries/paper-ad03e8c-20260916/trajectories/glm-5.3/expgym/eb0334431c6bc430ab8822ed.json
bace721caa18a7adb02a8c59,glm-5.3,expgym,tuning,hpobench:nasbench101:C,cost_tight,single,2208,2,existing_trace_rescored,n1,"{""gap"": 92.93501659956584, ""gap0"": 92.93501659956584, ""raw_perf"": 0.9056490461031595}","{""gap"": 92.93501659956584, ""gap0"": 92.93501659956584, ""raw_perf"": 0.9056490461031595}",True,True,True,False,False,False,False,False,visible_configuration_match,b81d033d1275ae1eb975744f345e4238ca80bf5261ff1b0100f599d401b759c9,../deliveries/paper-ad03e8c-20260916/trajectories/glm-5.3/expgym/bace721caa18a7adb02a8c59.json
5294e0114d601283ef18215e,glm-5.3,expgym,tuning,hpobench:nasbench201:cifar10-valid,cost_tight,single,2200,0,existing_trace_rescored,n1,"{""gap"": 99.32998283650223, ""gap0"": 99.32998283650223, ""raw_perf"": 0.915533333235677}","{""gap"": 99.32998283650223, ""gap0"": 99.32998283650223, ""raw_perf"": 0.915533333235677}",True,True,True,False,False,False,False,False,visible_configuration_match,9c59a37173d13764908b0ae6b07e855b1ba8ad5a2f68828d681fab5b09bdf577,../deliveries/paper-ad03e8c-20260916/trajectories/glm-5.3/expgym/5294e0114d601283ef18215e.json
b3465703a2aa0c4436e1075f,glm-5.3,expgym,tuning,hpobench:nasbench201:cifar10-valid,cost_tight,single,2204,1,existing_trace_rescored,n1,"{""gap"": 82.31154476532424, ""gap0"": 82.31154476532424, ""raw_perf"": 0.9019866665364583}","{""gap"": 82.31154476532424, ""gap0"": 82.31154476532424, ""raw_perf"": 0.9019866665364583}",True,True,True,False,False,False,False,False,visible_configuration_match,9855f02d925f3fc96c00233af10ce9147c0c79b323e00e8d8ee28f3385b2f913,../deliveries/paper-ad03e8c-20260916/trajectories/glm-5.3/expgym/b3465703a2aa0c4436e1075f.json
1380afede73373b529ed1a8a,glm-5.3,expgym,tuning,hpobench:nasbench201:cifar10-valid,cost_tight,single,2208,2,existing_trace_rescored,n1,"{""gap"": 99.32998283650223, ""gap0"": 99.32998283650223, ""raw_perf"": 0.915533333235677}","{""gap"": 99.32998283650223, ""gap0"": 99.32998283650223, ""raw_perf"": 0.915533333235677}",True,True,True,False,False,False,False,False,visible_configuration_match,05b3f45aab87d41dc1c17bc8a0b85e6f65f6dce96ef7c0a6e72658ad63459e6e,../deliveries/paper-ad03e8c-20260916/trajectories/glm-5.3/expgym/1380afede73373b529ed1a8a.json
bb016c4a8780ed6da933e6b1,glm-5.3,expgym,tuning,hpobench:nasbench201:cifar100,cost_tight,single,2200,0,existing_trace_rescored,n1,"{""gap"": 80.50693096545443, ""gap0"": 80.50693096545443, ""raw_perf"": 0.7112333333333334}","{""gap"": 80.50693096545443, ""gap0"": 80.50693096545443, ""raw_perf"": 0.7112333333333334}",True,True,True,False,False,False,False,False,visible_configuration_match,e0f87b611e5d36bcea0dffd146680c10b6c16c6fa569866083c2548bc7e2f915,../deliveries/paper-ad03e8c-20260916/trajectories/glm-5.3/expgym/bb016c4a8780ed6da933e6b1.json
bdeefdcdc7f58d7610634c73,glm-5.3,expgym,tuning,hpobench:nasbench201:cifar100,cost_tight,single,2204,1,existing_trace_rescored,n1,"{""gap"": 100.0, ""gap0"": 100.0, ""raw_perf"": 0.7350333333333333}","{""gap"": 100.0, ""gap0"": 100.0, ""raw_perf"": 0.7350333333333333}",True,True,True,False,False,False,False,False,legacy_best_visible_fallback,6db83509aa571870ab2659cfd2e9076c2c347e86e73916fc1d4fca3443856026,../deliveries/paper-ad03e8c-20260916/trajectories/glm-5.3/expgym/bdeefdcdc7f58d7610634c73.json
ba96ea741087b1911eb6325d,glm-5.3,expgym,tuning,hpobench:nasbench201:cifar100,cost_tight,single,2208,2,existing_trace_rescored,n1,"{""gap"": 92.43756285354463, ""gap0"": 92.43756285354463, ""raw_perf"": 0.7258}","{""gap"": 92.43756285354463, ""gap0"": 92.43756285354463, ""raw_perf"": 0.7258}",True,True,True,False,False,False,False,False,visible_configuration_match,926a95ef2e374d92f0f45cfcd93dc2836136fd0a51782f5579852c360a685f8b,../deliveries/paper-ad03e8c-20260916/trajectories/glm-5.3/expgym/ba96ea741087b1911eb6325d.json
12aa097d649162e3acbb97a3,glm-5.3,expgym,tuning,hpobench:nasbench201:imagenet16-120,cost_tight,single,2200,0,existing_trace_rescored,n1,"{""gap"": 85.56257846823077, ""gap0"": 85.56257846823077, ""raw_perf"": 0.4493888889567057}","{""gap"": 85.56257846823077, ""gap0"": 85.56257846823077, ""raw_perf"": 0.4493888889567057}",True,True,True,False,False,False,False,False,visible_configuration_match,b03a0143dda48824a049841c8bfe21fc718e7ad4b7c8c3dcbfe02a9f5fe52613,../deliveries/paper-ad03e8c-20260916/trajectories/glm-5.3/expgym/12aa097d649162e3acbb97a3.json
db84b6381f57b4c0755603f0,glm-5.3,expgym,tuning,hpobench:nasbench201:imagenet16-120,cost_tight,single,2204,1,existing_trace_rescored,n1,"{""gap"": 96.29593816583329, ""gap0"": 96.29593816583329, ""raw_perf"": 0.46355555528428827}","{""gap"": 96.29593816583329, ""gap0"": 96.29593816583329, ""raw_perf"": 0.46355555528428827}",True,True,True,False,False,False,False,False,visible_configuration_match,5aeaebf5bc8780ecb774bb4b0482c19186509b9f6cf82e9bb46916a71ed8647d,../deliveries/paper-ad03e8c-20260916/trajectories/glm-5.3/expgym/db84b6381f57b4c0755603f0.json
ebde283e4cd564a330390c1e,glm-5.3,expgym,tuning,hpobench:nasbench201:imagenet16-120,cost_tight,single,2208,2,existing_trace_rescored,n1,"{""gap"": 56.5614606330794, ""gap0"": 56.5614606330794, ""raw_perf"": 0.41111111097547737}","{""gap"": 56.5614606330794, ""gap0"": 56.5614606330794, ""raw_perf"": 0.41111111097547737}",True,True,True,False,False,False,False,False,visible_configuration_match,86357f073f51815460e883be80c405eb9b5f74185d019a1f0ec79334922ddf2a,../deliveries/paper-ad03e8c-20260916/trajectories/glm-5.3/expgym/ebde283e4cd564a330390c1e.json
97d15339a852beef56cc81dc,glm-5.3,expgym,tuning,hpobench:paramnet:adult:steps,cost_tight,single,2200,0,existing_trace_rescored,n1,"{""gap"": 72.01344351468897, ""gap0"": 72.01344351468897, ""raw_perf"": 0.8422037010656462}","{""gap"": 72.01344351468897, ""gap0"": 72.01344351468897, ""raw_perf"": 0.8422037010656462}",True,True,True,False,False,False,False,False,visible_configuration_match,a49147cca5aa09e1afb27f6a5fea1ebc144c3c3dcde4311e6ff7ed7133b8b2bd,../deliveries/paper-ad03e8c-20260916/trajectories/glm-5.3/expgym/97d15339a852beef56cc81dc.json
00ddde9c687aa7d1c40904fe,glm-5.3,expgym,tuning,hpobench:paramnet:adult:steps,cost_tight,single,2204,1,existing_trace_rescored,n1,"{""gap"": 72.01344351468897, ""gap0"": 72.01344351468897, ""raw_perf"": 0.8422037010656462}","{""gap"": 72.01344351468897, ""gap0"": 72.01344351468897, ""raw_perf"": 0.8422037010656462}",True,True,True,False,False,False,False,False,visible_configuration_match,62d92e3f1837dc76b4e6d48e41a7eb4236152dc17de6204b45f6d1cd83d2f800,../deliveries/paper-ad03e8c-20260916/trajectories/glm-5.3/expgym/00ddde9c687aa7d1c40904fe.json
079a4c39cb8fdd7fcfb677d9,glm-5.3,expgym,tuning,hpobench:paramnet:adult:steps,cost_tight,single,2208,2,existing_trace_rescored,n1,"{""gap"": 72.01344351468897, ""gap0"": 72.01344351468897, ""raw_perf"": 0.8422037010656462}","{""gap"": 72.01344351468897, ""gap0"": 72.01344351468897, ""raw_perf"": 0.8422037010656462}",True,True,True,False,False,False,False,False,visible_configuration_match,9ffdf241af199bd0256ec6cfa0e8abeabf3fc0b03caa47316e6f76427e0d38a0,../deliveries/paper-ad03e8c-20260916/trajectories/glm-5.3/expgym/079a4c39cb8fdd7fcfb677d9.json
c6e21dbfbf498b8d30b1cde7,glm-5.3,expgym,tuning,hpobench:paramnet:higgs:steps,cost_tight,single,2200,0,existing_trace_rescored,n1,"{""gap"": 94.79553603393892, ""gap0"": 94.79553603393892, ""raw_perf"": 0.7165359819152589}","{""gap"": 94.79553603393892, ""gap0"": 94.79553603393892, ""raw_perf"": 0.7165359819152589}",True,True,True,False,False,False,False,False,visible_configuration_match,f8141c87dc45977ab8b201d03515b3c9a085f4989ff263963eb7920a7cadfc8a,../deliveries/paper-ad03e8c-20260916/trajectories/glm-5.3/expgym/c6e21dbfbf498b8d30b1cde7.json
d60ff4168561d194e0739c70,glm-5.3,expgym,tuning,hpobench:paramnet:higgs:steps,cost_tight,single,2204,1,existing_trace_rescored,n1,"{""gap"": 82.79134705185999, ""gap0"": 82.79134705185999, ""raw_perf"": 0.7060885648645213}","{""gap"": 82.79134705185999, ""gap0"": 82.79134705185999, ""raw_perf"": 0.7060885648645213}",True,True,True,False,False,False,False,False,visible_configuration_match,47c872c4d45f9059fb58de337468f793bf6786c1a2942212b521b39f8ede8d01,../deliveries/paper-ad03e8c-20260916/trajectories/glm-5.3/expgym/d60ff4168561d194e0739c70.json
a03130d4612c38808ad706ee,glm-5.3,expgym,tuning,hpobench:paramnet:higgs:steps,cost_tight,single,2208,2,existing_trace_rescored,n1,"{""gap"": 57.357304686547465, ""gap0"": 57.357304686547465, ""raw_perf"": 0.683952954681006}","{""gap"": 57.357304686547465, ""gap0"": 57.357304686547465, ""raw_perf"": 0.683952954681006}",True,True,True,False,False,False,False,False,visible_configuration_match,3205d738a0af1ea3110ecc71218dcd719764d73e360953e3bf0bd7c2b8db72ba,../deliveries/paper-ad03e8c-20260916/trajectories/glm-5.3/expgym/a03130d4612c38808ad706ee.json
ee20fec0da4bb9bb1a1fda32,glm-5.3,expgym,tuning,hpobench:paramnet:letter:steps,cost_tight,single,2200,0,existing_trace_rescored,n1,"{""gap"": 87.57164036532322, ""gap0"": 87.57164036532322, ""raw_perf"": 0.8998869275450976}","{""gap"": 87.57164036532322, ""gap0"": 87.57164036532322, ""raw_perf"": 0.8998869275450976}",True,True,True,False,False,False,False,False,visible_configuration_match,7690b8289396881e76db7ad933dc865c416d7e86faf139226be2f4d665c8dcba,../deliveries/paper-ad03e8c-20260916/trajectories/glm-5.3/expgym/ee20fec0da4bb9bb1a1fda32.json
ffbd1fd9f4c4a46d1bffc324,glm-5.3,expgym,tuning,hpobench:paramnet:letter:steps,cost_tight,single,2204,1,existing_trace_rescored,n1,"{""gap"": 87.26577835280682, ""gap0"": 87.26577835280682, ""raw_perf"": 0.8982813221763454}","{""gap"": 87.26577835280682, ""gap0"": 87.26577835280682, ""raw_perf"": 0.8982813221763454}",True,True,True,False,False,False,False,False,legacy_best_visible_fallback,069058f149ee156cf1dae8d004c3f1b9c458877b50ae17d95e9193de707989ee,../deliveries/paper-ad03e8c-20260916/trajectories/glm-5.3/expgym/ffbd1fd9f4c4a46d1bffc324.json
26c592a8615c46788a6ce7f9,glm-5.3,expgym,tuning,hpobench:paramnet:letter:steps,cost_tight,single,2208,2,existing_trace_rescored,n1,"{""gap"": 88.79509147046507, ""gap0"": 88.79509147046507, ""raw_perf"": 0.9063093650575571}","{""gap"": 88.79509147046507, ""gap0"": 88.79509147046507, ""raw_perf"": 0.9063093650575571}",True,True,True,False,False,False,False,False,legacy_best_visible_fallback,c367850e80c78cdee284c0ef65cc0d89802250a2d47130210b6650f87981877e,../deliveries/paper-ad03e8c-20260916/trajectories/glm-5.3/expgym/26c592a8615c46788a6ce7f9.json
9f4879636ac5e8c4faf855aa,glm-5.3,poolact,tuning,hpobench:nasbench101:A,cost_moderate,cached,2200,0,existing_trace_rescored,paper-graph-lock-v3,"{""gap0_bon"": 99.17416202277552, ""gap0_mi"": 98.9036282105464, ""gap_bon"": 99.17416202277552, ""gap_mi"": 98.9036282105464, ""raw_perf_bon"": 0.9402710994084676, ""raw_perf_mi"": 0.9383680522441864}","{""gap0_bon"": 99.17416202277552, ""gap0_mi"": 98.9036282105464, ""gap_bon"": 99.17416202277552, ""gap_mi"": 98.9036282105464, ""raw_perf_bon"": 0.9402710994084676, ""raw_perf_mi"": 0.9383680522441864}",True,True,True,False,False,False,False,False,visible_configuration_match,b1b550928c06d17902aa5a1744c94dff6fad04b6207f7384ff4816bbc10c2557,../deliveries/paper-ad03e8c-20260916/trajectories/glm-5.3/poolact/9f4879636ac5e8c4faf855aa.json
0b3844c9119d954c9d035d39,glm-5.3,poolact,tuning,hpobench:nasbench101:A,cost_moderate,cached,2204,1,existing_trace_rescored,paper-graph-lock-v3,"{""gap0_bon"": 99.17416202277552, ""gap0_mi"": 98.77073523803396, ""gap_bon"": 99.17416202277552, ""gap_mi"": 98.77073523803396, ""raw_perf_bon"": 0.9402710994084676, ""raw_perf_mi"": 0.9374332278966904}","{""gap0_bon"": 99.17416202277552, ""gap0_mi"": 98.77073523803396, ""gap_bon"": 99.17416202277552, ""gap_mi"": 98.77073523803396, ""raw_perf_bon"": 0.9402710994084676, ""raw_perf_mi"": 0.9374332278966904}",True,True,True,False,False,False,False,False,visible_configuration_match,f05d086480cebfc0f7ba49ca8a9f976f5a20539b21559ddb718ce85bef1b1328,../deliveries/paper-ad03e8c-20260916/trajectories/glm-5.3/poolact/0b3844c9119d954c9d035d39.json
bc5426076b47d131acc4634e,glm-5.3,poolact,tuning,hpobench:nasbench101:A,cost_moderate,cached,2208,2,existing_trace_rescored,paper-graph-lock-v3,"{""gap0_bon"": 98.79921043743096, ""gap0_mi"": 95.96810326175645, ""gap_bon"": 98.79921043743096, ""gap_mi"": 95.96810326175645, ""raw_perf_bon"": 0.9376335342725118, ""raw_perf_mi"": 0.9177183508872986}","{""gap0_bon"": 98.79921043743096, ""gap0_mi"": 95.96810326175645, ""gap_bon"": 98.79921043743096, ""gap_mi"": 95.96810326175645, ""raw_perf_bon"": 0.9376335342725118, ""raw_perf_mi"": 0.9177183508872986}",True,True,True,False,False,False,False,False,visible_configuration_match,5e5747bc250066c0c6b17ae7fc0c7b712f00ee4c596a262cf10c6bf4e939b160,../deliveries/paper-ad03e8c-20260916/trajectories/glm-5.3/poolact/bc5426076b47d131acc4634e.json
b04bd44ba51b715d24614a9e,glm-5.3,poolact,tuning,hpobench:nasbench101:B,cost_moderate,cached,2200,0,existing_trace_rescored,paper-graph-lock-v3,"{""gap0_bon"": 97.77282608318929, ""gap0_mi"": 96.42669447535044, ""gap_bon"": 97.77282608318929, ""gap_mi"": 96.42669447535044, ""raw_perf_bon"": 0.9432759086290995, ""raw_perf_mi"": 0.9398454129695892}","{""gap0_bon"": 97.77282608318929, ""gap0_mi"": 96.42669447535044, ""gap_bon"": 97.77282608318929, ""gap_mi"": 96.42669447535044, ""raw_perf_bon"": 0.9432759086290995, ""raw_perf_mi"": 0.9398454129695892}",True,True,True,False,False,False,False,False,visible_configuration_match,43c3a423f51b97e24d9feaec7db78002a9b81f026e332170cd400fe6caad4d28,../deliveries/paper-ad03e8c-20260916/trajectories/glm-5.3/poolact/b04bd44ba51b715d24614a9e.json
c5104b11de148ab493c335b0,glm-5.3,poolact,tuning,hpobench:nasbench101:B,cost_moderate,cached,2204,1,existing_trace_rescored,paper-graph-lock-v3,"{""gap0_bon"": 97.68112580101223, ""gap0_mi"": 96.09917314146261, ""gap_bon"": 97.68112580101223, ""gap_mi"": 96.09917314146261, ""raw_perf_bon"": 0.9430422186851501, ""raw_perf_mi"": 0.9390107542276382}","{""gap0_bon"": 97.68112580101223, ""gap0_mi"": 96.09917314146261, ""gap_bon"": 97.68112580101223, ""gap_mi"": 96.09917314146261, ""raw_perf_bon"": 0.9430422186851501, ""raw_perf_mi"": 0.9390107542276382}",True,True,True,False,False,False,False,False,visible_configuration_match,4bb395ed7e5f108e0e3daf7d4bc5bd4cb15b9c825cbd7e6548201e973362d01c,../deliveries/paper-ad03e8c-20260916/trajectories/glm-5.3/poolact/c5104b11de148ab493c335b0.json
33cf36561f800da282501176,glm-5.3,poolact,tuning,hpobench:nasbench101:B,cost_moderate,cached,2208,2,existing_trace_rescored,paper-graph-lock-v3,"{""gap0_bon"": 99.06982919858311, ""gap0_mi"": 98.01847049449393, ""gap_bon"": 99.06982919858311, ""gap_mi"": 98.01847049449393, ""raw_perf_bon"": 0.9465812047322592, ""raw_perf_mi"": 0.9439019113779068}","{""gap0_bon"": 99.06982919858311, ""gap0_mi"": 98.01847049449393, ""gap_bon"": 99.06982919858311, ""gap_mi"": 98.01847049449393, ""raw_perf_bon"": 0.9465812047322592, ""raw_perf_mi"": 0.9439019113779068}",True,True,True,False,False,False,False,False,visible_configuration_match,07ec1bd8ee9a3b648c85fb6ecafa4bb78faca826436e12befa8f2ca3a560868e,../deliveries/paper-ad03e8c-20260916/trajectories/glm-5.3/poolact/33cf36561f800da282501176.json
262ba281cf1dac2e87eaa016,glm-5.3,poolact,tuning,hpobench:nasbench101:C,cost_moderate,cached,2200,0,existing_trace_rescored,paper-graph-lock-v3,"{""gap0_bon"": 100.17721779515371, ""gap0_mi"": 99.61160378813598, ""gap_bon"": 100.17721779515371, ""gap_mi"": 99.61160378813598, ""raw_perf_bon"": 0.9465812047322592, ""raw_perf_mi"": 0.9433844139178594}","{""gap0_bon"": 100.17721779515371, ""gap0_mi"": 99.61160378813598, ""gap_bon"": 100.17721779515371, ""gap_mi"": 99.61160378813598, ""raw_perf_bon"": 0.9465812047322592, ""raw_perf_mi"": 0.9433844139178594}",True,True,True,False,False,False,False,False,visible_configuration_match,c5d6c7ad62cd81d2aa132740fee51d3d4a8b386f3080c5f4ae5eb9f05566d73c,../deliveries/paper-ad03e8c-20260916/trajectories/glm-5.3/poolact/262ba281cf1dac2e87eaa016.json
6db895c125d19215fedc96f0,glm-5.3,poolact,tuning,hpobench:nasbench101:C,cost_moderate,cached,2204,1,existing_trace_rescored,paper-graph-lock-v3,"{""gap0_bon"": 100.17721779515371, ""gap0_mi"": 99.39746898783963, ""gap_bon"": 100.17721779515371, ""gap_mi"": 99.39746898783963, ""raw_perf_bon"": 0.9465812047322592, ""raw_perf_mi"": 0.9421741465727489}","{""gap0_bon"": 100.17721779515371, ""gap0_mi"": 99.39746898783963, ""gap_bon"": 100.17721779515371, ""gap_mi"": 99.39746898783963, ""raw_perf_bon"": 0.9465812047322592, ""raw_perf_mi"": 0.9421741465727489}",True,True,True,False,False,False,False,False,visible_configuration_match,91bf19b6aaad5457c38610044d17bce87d61cbd1e6922a3c27d0ff8505254841,../deliveries/paper-ad03e8c-20260916/trajectories/glm-5.3/poolact/6db895c125d19215fedc96f0.json
2f10aa285851f3ebc38c98cf,glm-5.3,poolact,tuning,hpobench:nasbench101:C,cost_moderate,cached,2208,2,existing_trace_rescored,paper-graph-lock-v3,"{""gap0_bon"": 100.01772072491956, ""gap0_mi"": 99.35611828614775, ""gap_bon"": 100.01772072491956, ""gap_mi"": 99.35611828614775, ""raw_perf_bon"": 0.9456797440846761, ""raw_perf_mi"": 0.9419404367605846}","{""gap0_bon"": 100.01772072491956, ""gap0_mi"": 99.35611828614775, ""gap_bon"": 100.01772072491956, ""gap_mi"": 99.35611828614775, ""raw_perf_bon"": 0.9456797440846761, ""raw_perf_mi"": 0.9419404367605846}",True,True,True,False,False,False,False,False,visible_configuration_match,33ca2f62d2976745962abe2b6c61eb0d1b747550c204681af847f717fa204b06,../deliveries/paper-ad03e8c-20260916/trajectories/glm-5.3/poolact/2f10aa285851f3ebc38c98cf.json
00d1b94c8ff4be7b3d931c29,glm-5.3,poolact,tuning,hpobench:nasbench101:A,cost_moderate,naive,2200,0,existing_trace_rescored,paper-graph-lock-v3,"{""gap0_bon"": 99.22162374823655, ""gap0_mi"": 98.88345683600394, ""gap_bon"": 99.22162374823655, ""gap_mi"": 98.88345683600394, ""raw_perf_bon"": 0.9406049648920695, ""raw_perf_mi"": 0.9382261584202448}","{""gap0_bon"": 99.22162374823655, ""gap0_mi"": 98.88345683600394, ""gap_bon"": 99.22162374823655, ""gap_mi"": 98.88345683600394, ""raw_perf_bon"": 0.9406049648920695, ""raw_perf_mi"": 0.9382261584202448}",True,True,True,False,False,False,False,False,visible_configuration_match,94fc0ec220777d2e9a4c4d18dddb14a5242bd3f6c5d778af77a8ba304aa30b87,../deliveries/paper-ad03e8c-20260916/trajectories/glm-5.3/poolact/00d1b94c8ff4be7b3d931c29.json
7f55ee2e9f140b9d2b1ab491,glm-5.3,poolact,tuning,hpobench:nasbench101:A,cost_moderate,naive,2204,1,existing_trace_rescored,paper-graph-lock-v3,"{""gap0_bon"": 99.15517902724923, ""gap0_mi"": 95.70468913201103, ""gap_bon"": 99.15517902724923, ""gap_mi"": 95.70468913201103, ""raw_perf_bon"": 0.9401375651359558, ""raw_perf_mi"": 0.9158653865257899}","{""gap0_bon"": 99.15517902724923, ""gap0_mi"": 95.70468913201103, ""gap_bon"": 99.15517902724923, ""gap_mi"": 95.70468913201103, ""raw_perf_bon"": 0.9401375651359558, ""raw_perf_mi"": 0.9158653865257899}",True,True,True,False,False,False,False,False,legacy_best_visible_fallback;visible_configuration_match,6f822f68b556166e069fa141f2b82a162ae2a0f82c096094604be77139a7be9c,../deliveries/paper-ad03e8c-20260916/trajectories/glm-5.3/poolact/7f55ee2e9f140b9d2b1ab491.json
c9653107b45165fa986d5e59,glm-5.3,poolact,tuning,hpobench:nasbench101:A,cost_moderate,naive,2208,2,existing_trace_rescored,paper-graph-lock-v3,"{""gap0_bon"": 99.26908829812783, ""gap0_mi"": 98.72683370686855, ""gap_bon"": 99.26908829812783, ""gap_mi"": 98.72683370686855, ""raw_perf_bon"": 0.9409388502438863, ""raw_perf_mi"": 0.9371244062980016}","{""gap0_bon"": 99.26908829812783, ""gap0_mi"": 98.72683370686855, ""gap_bon"": 99.26908829812783, ""gap_mi"": 98.72683370686855, ""raw_perf_bon"": 0.9409388502438863, ""raw_perf_mi"": 0.9371244062980016}",True,True,True,False,False,False,False,False,visible_configuration_match,b2e2a1089ec1062897704cef7ada3b2416872fd48f52bf9aaf690d71fb3c490a,../deliveries/paper-ad03e8c-20260916/trajectories/glm-5.3/poolact/c9653107b45165fa986d5e59.json
adc9630b6ebb5827759c9d07,glm-5.3,poolact,tuning,hpobench:nasbench101:B,cost_moderate,naive,2200,0,existing_trace_rescored,paper-graph-lock-v3,"{""gap0_bon"": 97.41909937832139, ""gap0_mi"": 96.75094720327817, ""gap_bon"": 97.41909937832139, ""gap_mi"": 96.75094720327817, ""raw_perf_bon"": 0.9423744678497314, ""raw_perf_mi"": 0.9406717419624329}","{""gap0_bon"": 97.41909937832139, ""gap0_mi"": 96.75094720327817, ""gap_bon"": 97.41909937832139, ""gap_mi"": 96.75094720327817, ""raw_perf_bon"": 0.9423744678497314, ""raw_perf_mi"": 0.9406717419624329}",True,True,True,False,False,False,False,False,visible_configuration_match,062721d7b73acebaa06af184b928a0c51d3e156ac7d48c31b59b2f15a5631d55,../deliveries/paper-ad03e8c-20260916/trajectories/glm-5.3/poolact/adc9630b6ebb5827759c9d07.json
20767b0129049ea80ab24f7e,glm-5.3,poolact,tuning,hpobench:nasbench101:B,cost_moderate,naive,2204,1,existing_trace_rescored,paper-graph-lock-v3,"{""gap0_bon"": 99.06982919858311, ""gap0_mi"": 96.23018050557017, ""gap_bon"": 99.06982919858311, ""gap_mi"": 96.23018050557017, ""raw_perf_bon"": 0.9465812047322592, ""raw_perf_mi"": 0.9393446147441864}","{""gap0_bon"": 99.06982919858311, ""gap0_mi"": 96.23018050557017, ""gap_bon"": 99.06982919858311, ""gap_mi"": 96.23018050557017, ""raw_perf_bon"": 0.9465812047322592, ""raw_perf_mi"": 0.9393446147441864}",True,True,True,False,False,False,False,False,visible_configuration_match,2265f80b7ec714fc476a0cca67e896e4f66326e77e991e7aa881a0fb0b8b4d77,../deliveries/paper-ad03e8c-20260916/trajectories/glm-5.3/poolact/20767b0129049ea80ab24f7e.json
cab1a8c34b82d3bfc30bc6d6,glm-5.3,poolact,tuning,hpobench:nasbench101:B,cost_moderate,naive,2208,2,existing_trace_rescored,paper-graph-lock-v3,"{""gap0_bon"": 98.25756210124405, ""gap0_mi"": 97.30774068248084, ""gap_bon"": 98.25756210124405, ""gap_mi"": 97.30774068248084, ""raw_perf_bon"": 0.9445112148920695, ""raw_perf_mi"": 0.9420906802018483}","{""gap0_bon"": 98.25756210124405, ""gap0_mi"": 97.30774068248084, ""gap_bon"": 98.25756210124405, ""gap_mi"": 97.30774068248084, ""raw_perf_bon"": 0.9445112148920695, ""raw_perf_mi"": 0.9420906802018483}",True,True,True,False,False,False,False,False,visible_configuration_match,e223c562a63a4f83c385383dc78bb5cb819c7aa1881bfb3b6e2fe6c9e632a4b7,../deliveries/paper-ad03e8c-20260916/trajectories/glm-5.3/poolact/cab1a8c34b82d3bfc30bc6d6.json
c1223a0164eb4f2b7228ac1c,glm-5.3,poolact,tuning,hpobench:nasbench101:C,cost_moderate,naive,2200,0,existing_trace_rescored,paper-graph-lock-v3,"{""gap0_bon"": 99.33839580356849, ""gap0_mi"": 99.22025295034561, ""gap_bon"": 99.33839580356849, ""gap_mi"": 99.22025295034561, ""raw_perf_bon"": 0.9418402711550394, ""raw_perf_mi"": 0.9411725401878357}","{""gap0_bon"": 99.33839580356849, ""gap0_mi"": 99.22025295034561, ""gap_bon"": 99.33839580356849, ""gap_mi"": 99.22025295034561, ""raw_perf_bon"": 0.9418402711550394, ""raw_perf_mi"": 0.9411725401878357}",True,True,True,False,False,False,False,False,visible_configuration_match,9f09316062999bf96b14f4e273380c9992bda7946094409598e7534d1518bf34,../deliveries/paper-ad03e8c-20260916/trajectories/glm-5.3/poolact/c1223a0164eb4f2b7228ac1c.json
9fb29d3743693402e82bb317,glm-5.3,poolact,tuning,hpobench:nasbench101:C,cost_moderate,naive,2204,1,existing_trace_rescored,paper-graph-lock-v3,"{""gap0_bon"": 99.78734427032651, ""gap0_mi"": 99.41371415745569, ""gap_bon"": 99.78734427032651, ""gap_mi"": 99.41371415745569, ""raw_perf_bon"": 0.9443776806195577, ""raw_perf_mi"": 0.9422659625609716}","{""gap0_bon"": 99.78734427032651, ""gap0_mi"": 99.41371415745569, ""gap_bon"": 99.78734427032651, ""gap_mi"": 99.41371415745569, ""raw_perf_bon"": 0.9443776806195577, ""raw_perf_mi"": 0.9422659625609716}",True,True,True,False,False,False,False,False,visible_configuration_match,90d23bed6cfce33fdef3641f3801dc50cc6df5c98591028613fd03a40ae9f183,../deliveries/paper-ad03e8c-20260916/trajectories/glm-5.3/poolact/9fb29d3743693402e82bb317.json
4f04331f10e41c482800bc3f,glm-5.3,poolact,tuning,hpobench:nasbench101:C,cost_moderate,naive,2208,2,existing_trace_rescored,paper-graph-lock-v3,"{""gap0_bon"": 99.55105504856134, ""gap0_mi"": 98.6221512405853, ""gap_bon"": 99.55105504856134, ""gap_mi"": 98.6221512405853, ""raw_perf_bon"": 0.9430421988169352, ""raw_perf_mi"": 0.9377921322981516}","{""gap0_bon"": 99.55105504856134, ""gap0_mi"": 98.6221512405853, ""gap_bon"": 99.55105504856134, ""gap_mi"": 98.6221512405853, ""raw_perf_bon"": 0.9430421988169352, ""raw_perf_mi"": 0.9377921322981516}",True,True,True,False,False,False,False,False,visible_configuration_match,a67a6fc050ef0e580cc40e3241e93c0e3d024a2f88676f1e27ace92314699308,../deliveries/paper-ad03e8c-20260916/trajectories/glm-5.3/poolact/4f04331f10e41c482800bc3f.json
89c11c7f01720cb4f6d30db6,glm-5.3,poolact,tuning,hpobench:nasbench101:A,cost_moderate,poolact,2200,0,existing_trace_rescored,paper-graph-lock-v3,"{""gap0_bon"": 99.37350183459796, ""gap0_mi"": 98.89888175555728, ""gap_bon"": 99.37350183459796, ""gap_mi"": 98.89888175555728, ""raw_perf_bon"": 0.9416733384132385, ""raw_perf_mi"": 0.9383346637090046}","{""gap0_bon"": 99.37350183459796, ""gap0_mi"": 98.89888175555728, ""gap_bon"": 99.37350183459796, ""gap_mi"": 98.89888175555728, ""raw_perf_bon"": 0.9416733384132385, ""raw_perf_mi"": 0.9383346637090046}",True,True,True,False,False,False,False,False,legacy_best_visible_fallback;visible_configuration_match,55b65bed3b9c1095d34d82dd0a7bc496bfb480c011b4a6387f9ca3c42fcf15d6,../deliveries/paper-ad03e8c-20260916/trajectories/glm-5.3/poolact/89c11c7f01720cb4f6d30db6.json
bbbbf2d3ad584b74c5836c77,glm-5.3,poolact,tuning,hpobench:nasbench101:A,cost_moderate,poolact,2204,1,existing_trace_rescored,paper-graph-lock-v3,"{""gap0_bon"": 99.42571142726322, ""gap0_mi"": 98.4693501744831, ""gap_bon"": 99.42571142726322, ""gap_mi"": 98.4693501744831, ""raw_perf_bon"": 0.9420406023661295, ""raw_perf_mi"": 0.9353131602207819}","{""gap0_bon"": 99.42571142726322, ""gap0_mi"": 98.4693501744831, ""gap_bon"": 99.42571142726322, ""gap_mi"": 98.4693501744831, ""raw_perf_bon"": 0.9420406023661295, ""raw_perf_mi"": 0.9353131602207819}",True,True,True,False,False,False,False,False,legacy_best_visible_fallback;visible_configuration_match,ebcd918b3e33e8fd708043a4dd955990616388a9aadd0315aba6419a5fadfb8d,../deliveries/paper-ad03e8c-20260916/trajectories/glm-5.3/poolact/bbbbf2d3ad584b74c5836c77.json
556f31acc1fc193f770039d1,glm-5.3,poolact,tuning,hpobench:nasbench101:A,cost_moderate,poolact,2208,2,existing_trace_rescored,paper-graph-lock-v3,"{""gap0_bon"": 99.76269137269477, ""gap0_mi"": 99.61318651382796, ""gap_bon"": 99.76269137269477, ""gap_mi"": 99.61318651382796, ""raw_perf_bon"": 0.944411059220632, ""raw_perf_mi"": 0.9433593799670538}","{""gap0_bon"": 99.76269137269477, ""gap0_mi"": 99.61318651382796, ""gap_bon"": 99.76269137269477, ""gap_mi"": 99.61318651382796, ""raw_perf_bon"": 0.944411059220632, ""raw_perf_mi"": 0.9433593799670538}",True,True,True,False,False,False,False,False,legacy_best_visible_fallback;visible_configuration_match,3d6cbb7398c1bc92dd41d2acd81da0ed98078c97c436b5a5c62822ecf437ab5f,../deliveries/paper-ad03e8c-20260916/trajectories/glm-5.3/poolact/556f31acc1fc193f770039d1.json
b697f01e080e5fb9be777842,glm-5.3,poolact,tuning,hpobench:nasbench101:B,cost_moderate,poolact,2200,0,existing_trace_rescored,paper-graph-lock-v3,"{""gap0_bon"": 99.06982919858311, ""gap0_mi"": 98.48027949292515, ""gap_bon"": 99.06982919858311, ""gap_mi"": 98.48027949292515, ""raw_perf_bon"": 0.9465812047322592, ""raw_perf_mi"": 0.9450787901878357}","{""gap0_bon"": 99.06982919858311, ""gap0_mi"": 98.48027949292515, ""gap_bon"": 99.06982919858311, ""gap_mi"": 98.48027949292515, ""raw_perf_bon"": 0.9465812047322592, ""raw_perf_mi"": 0.9450787901878357}",True,True,True,False,False,False,False,False,legacy_best_visible_fallback;visible_configuration_match,798ef303fab283cf2623aab191ffa852e4f945b11f371d1709f81f36d0eab102,../deliveries/paper-ad03e8c-20260916/trajectories/glm-5.3/poolact/b697f01e080e5fb9be777842.json
76f544a1dfbb9d3256c7b24a,glm-5.3,poolact,tuning,hpobench:nasbench101:B,cost_moderate,poolact,2204,1,existing_trace_rescored,paper-graph-lock-v3,"{""gap0_bon"": 98.3623679925301, ""gap0_mi"": 98.05776978010725, ""gap_bon"": 98.3623679925301, ""gap_mi"": 98.05776978010725, ""raw_perf_bon"": 0.944778303305308, ""raw_perf_mi"": 0.9440020620822906}","{""gap0_bon"": 98.3623679925301, ""gap0_mi"": 98.05776978010725, ""gap_bon"": 98.3623679925301, ""gap_mi"": 98.05776978010725, ""raw_perf_bon"": 0.944778303305308, ""raw_perf_mi"": 0.9440020620822906}",True,True,True,False,False,False,False,False,legacy_best_visible_fallback;visible_configuration_match,666cc61bee8cde5641d5e8ffec3216354c20028603af2bd06a8d62f2d0b8327a,../deliveries/paper-ad03e8c-20260916/trajectories/glm-5.3/poolact/76f544a1dfbb9d3256c7b24a.json
6a00105cced03e7f7bc6fdea,glm-5.3,poolact,tuning,hpobench:nasbench101:B,cost_moderate,poolact,2208,2,existing_trace_rescored,paper-graph-lock-v3,"{""gap0_bon"": 98.71609469739805, ""gap0_mi"": 98.07087344013695, ""gap_bon"": 98.71609469739805, ""gap_mi"": 98.07087344013695, ""raw_perf_bon"": 0.9456797440846761, ""raw_perf_mi"": 0.9440354555845261}","{""gap0_bon"": 98.71609469739805, ""gap0_mi"": 98.07087344013695, ""gap_bon"": 98.71609469739805, ""gap_mi"": 98.07087344013695, ""raw_perf_bon"": 0.9456797440846761, ""raw_perf_mi"": 0.9440354555845261}",True,True,True,False,False,False,False,False,legacy_best_visible_fallback;visible_configuration_match,edf450ff95e44badd54c4ae215a9b69788cd1c3a31f3a8f76f62a8b05830eef5,../deliveries/paper-ad03e8c-20260916/trajectories/glm-5.3/poolact/6a00105cced03e7f7bc6fdea.json
912ee28b48003ef226ea8d32,glm-5.3,poolact,tuning,hpobench:nasbench101:C,cost_moderate,poolact,2200,0,existing_trace_rescored,paper-graph-lock-v3,"{""gap0_bon"": 99.46835364517756, ""gap0_mi"": 99.45063204142815, ""gap_bon"": 99.46835364517756, ""gap_mi"": 99.45063204142815, ""raw_perf_bon"": 0.9425747791926066, ""raw_perf_mi"": 0.9424746185541153}","{""gap0_bon"": 99.46835364517756, ""gap0_mi"": 99.45063204142815, ""gap_bon"": 99.46835364517756, ""gap_mi"": 99.45063204142815, ""raw_perf_bon"": 0.9425747791926066, ""raw_perf_mi"": 0.9424746185541153}",True,True,True,False,False,False,False,False,legacy_best_visible_fallback;visible_configuration_match,17ecae76143053bd250eec330f3dc673122252bb0fff4003d6b56e7dd61f476a,../deliveries/paper-ad03e8c-20260916/trajectories/glm-5.3/poolact/912ee28b48003ef226ea8d32.json
433d6c57ce283ad7e2127c46,glm-5.3,poolact,tuning,hpobench:nasbench101:C,cost_moderate,poolact,2204,1,existing_trace_rescored,paper-graph-lock-v3,"{""gap0_bon"": 100.41349998628014, ""gap0_mi"": 99.83312163792891, ""gap_bon"": 100.41349998628014, ""gap_mi"": 99.83312163792891, ""raw_perf_bon"": 0.9479166467984518, ""raw_perf_mi"": 0.9446364094813664}","{""gap0_bon"": 100.41349998628014, ""gap0_mi"": 99.83312163792891, ""gap_bon"": 100.41349998628014, ""gap_mi"": 99.83312163792891, ""raw_perf_bon"": 0.9479166467984518, ""raw_perf_mi"": 0.9446364094813664}",True,True,True,False,False,False,False,False,visible_configuration_match,9094b3930ca35ee97be507bb60e6e0e222f5ac5956bbcc1a6fc30bd3886c4bd6,../deliveries/paper-ad03e8c-20260916/trajectories/glm-5.3/poolact/433d6c57ce283ad7e2127c46.json
2436b7dbc783152fc8002459,glm-5.3,poolact,tuning,hpobench:nasbench101:C,cost_moderate,poolact,2208,2,existing_trace_rescored,paper-graph-lock-v3,"{""gap0_bon"": 99.8346007085518, ""gap0_mi"": 99.81835553893575, ""gap_bon"": 99.8346007085518, ""gap_mi"": 99.81835553893575, ""raw_perf_bon"": 0.9446447690327963, ""raw_perf_mi"": 0.9445529530445735}","{""gap0_bon"": 99.8346007085518, ""gap0_mi"": 99.81835553893575, ""gap_bon"": 99.8346007085518, ""gap_mi"": 99.81835553893575, ""raw_perf_bon"": 0.9446447690327963, ""raw_perf_mi"": 0.9445529530445735}",True,True,True,False,False,False,False,False,legacy_best_visible_fallback;visible_configuration_match,c1232f4db96347aaac7d65e5ce33edf659de04e9a8972a02d6245f1510fc776a,../deliveries/paper-ad03e8c-20260916/trajectories/glm-5.3/poolact/2436b7dbc783152fc8002459.json
093f72c441a7c066c9bd568e,glm-5.3,poolact,tuning,hpobench:nasbench101:A,cost_tight,cached,2200,0,existing_trace_rescored,paper-graph-lock-v4,"{""gap0_bon"": 85.75664976157574, ""gap0_mi"": 85.75664976157574, ""gap_bon"": 85.75664976157574, ""gap_mi"": 85.75664976157574, ""raw_perf_bon"": 0.845886747042338, ""raw_perf_mi"": 0.845886747042338}","{""gap0_bon"": 85.75664976157574, ""gap0_mi"": 85.75664976157574, ""gap_bon"": 85.75664976157574, ""gap_mi"": 85.75664976157574, ""raw_perf_bon"": 0.845886747042338, ""raw_perf_mi"": 0.845886747042338}",True,True,True,False,False,False,False,False,visible_configuration_match,5e909004d7c31158bf8ea12c7052abb9701e33fed8fc5ce8f1968b5880b31bda,../deliveries/paper-ad03e8c-20260916/trajectories/glm-5.3/poolact/093f72c441a7c066c9bd568e.json
a42ae124c85648fbb5259d17,glm-5.3,poolact,tuning,hpobench:nasbench101:A,cost_tight,cached,2204,1,existing_trace_rescored,paper-graph-lock-v4,"{""gap0_bon"": 85.75664976157574, ""gap0_mi"": 85.75664976157574, ""gap_bon"": 85.75664976157574, ""gap_mi"": 85.75664976157574, ""raw_perf_bon"": 0.845886747042338, ""raw_perf_mi"": 0.845886747042338}","{""gap0_bon"": 85.75664976157574, ""gap0_mi"": 85.75664976157574, ""gap_bon"": 85.75664976157574, ""gap_mi"": 85.75664976157574, ""raw_perf_bon"": 0.845886747042338, ""raw_perf_mi"": 0.845886747042338}",True,True,True,False,False,False,False,False,visible_configuration_match,45cc47042d01d08541718478b0b42257d60bd3565849a49f1605d69fca4771f4,../deliveries/paper-ad03e8c-20260916/trajectories/glm-5.3/poolact/a42ae124c85648fbb5259d17.json
9c7c30eabd83e71025c2ecd6,glm-5.3,poolact,tuning,hpobench:nasbench101:A,cost_tight,cached,2208,2,existing_trace_rescored,paper-graph-lock-v4,"{""gap0_bon"": 98.85142003009625, ""gap0_mi"": 89.03034232870587, ""gap_bon"": 98.85142003009625, ""gap_mi"": 89.03034232870587, ""raw_perf_bon"": 0.9380007982254028, ""raw_perf_mi"": 0.8689152598381042}","{""gap0_bon"": 98.85142003009625, ""gap0_mi"": 89.03034232870587, ""gap_bon"": 98.85142003009625, ""gap_mi"": 89.03034232870587, ""raw_perf_bon"": 0.9380007982254028, ""raw_perf_mi"": 0.8689152598381042}",True,True,True,False,False,False,False,False,visible_configuration_match,810443a767a3bda5a11c771ae0cfab9163a19ae80e417b65331b4f9a613cff79,../deliveries/paper-ad03e8c-20260916/trajectories/glm-5.3/poolact/9c7c30eabd83e71025c2ecd6.json
a976ad6483a22e6267f991ab,glm-5.3,poolact,tuning,hpobench:nasbench101:B,cost_tight,cached,2200,0,existing_trace_rescored,paper-graph-lock-v4,"{""gap0_bon"": 97.39288816010347, ""gap0_mi"": 87.42957492820781, ""gap_bon"": 97.39288816010347, ""gap_mi"": 87.42957492820781, ""raw_perf_bon"": 0.9423076709111532, ""raw_perf_mi"": 0.9169170608123143}","{""gap0_bon"": 97.39288816010347, ""gap0_mi"": 87.42957492820781, ""gap_bon"": 97.39288816010347, ""gap_mi"": 87.42957492820781, ""raw_perf_bon"": 0.9423076709111532, ""raw_perf_mi"": 0.9169170608123143}",True,True,True,False,False,False,False,False,visible_configuration_match,173f6676bee78c1262c7eb3d3772279fa7005f5843e40f7f4cc75166c30a91a0,../deliveries/paper-ad03e8c-20260916/trajectories/glm-5.3/poolact/a976ad6483a22e6267f991ab.json
6daaa39569bbe2bf16db3314,glm-5.3,poolact,tuning,hpobench:nasbench101:B,cost_tight,cached,2204,1,existing_trace_rescored,paper-graph-lock-v4,"{""gap0_bon"": 94.02593165930377, ""gap0_mi"": 79.51329001117385, ""gap_bon"": 94.02593165930377, ""gap_mi"": 79.51329001117385, ""raw_perf_bon"": 0.9337272842725118, ""raw_perf_mi"": 0.89674311876297}","{""gap0_bon"": 94.02593165930377, ""gap0_mi"": 79.51329001117385, ""gap_bon"": 94.02593165930377, ""gap_mi"": 79.51329001117385, ""raw_perf_bon"": 0.9337272842725118, ""raw_perf_mi"": 0.89674311876297}",True,True,True,False,False,False,False,False,visible_configuration_match,9fc59d06dacf5f9460cd183df1197219799afca0e66fe4bfd01b83310336a62e,../deliveries/paper-ad03e8c-20260916/trajectories/glm-5.3/poolact/6daaa39569bbe2bf16db3314.json
7ca18f6737aa20dc390762fa,glm-5.3,poolact,tuning,hpobench:nasbench101:B,cost_tight,cached,2208,2,existing_trace_rescored,paper-graph-lock-v4,"{""gap0_bon"": 95.1657220396099, ""gap0_mi"": 77.47935756002475, ""gap_bon"": 95.1657220396099, ""gap_mi"": 77.47935756002475, ""raw_perf_bon"": 0.9366319378217062, ""raw_perf_mi"": 0.891559824347496}","{""gap0_bon"": 95.1657220396099, ""gap0_mi"": 77.47935756002475, ""gap_bon"": 95.1657220396099, ""gap_mi"": 77.47935756002475, ""raw_perf_bon"": 0.9366319378217062, ""raw_perf_mi"": 0.891559824347496}",True,True,True,False,False,False,False,False,legacy_best_visible_fallback;visible_configuration_match,b1dbde89e87b40d7b526d79e15194702ba864f4d3fcda2944d953fd11f085025,../deliveries/paper-ad03e8c-20260916/trajectories/glm-5.3/poolact/7ca18f6737aa20dc390762fa.json
2506fc66d8306df8a1df7415,glm-5.3,poolact,tuning,hpobench:nasbench101:C,cost_tight,cached,2200,0,existing_trace_rescored,paper-graph-lock-v4,"{""gap0_bon"": 98.86582087535753, ""gap0_mi"": 88.78669807051972, ""gap_bon"": 98.86582087535753, ""gap_mi"": 88.78669807051972, ""raw_perf_bon"": 0.9391693274180094, ""raw_perf_mi"": 0.8822031865517298}","{""gap0_bon"": 98.86582087535753, ""gap0_mi"": 88.78669807051972, ""gap_bon"": 98.86582087535753, ""gap_mi"": 88.78669807051972, ""raw_perf_bon"": 0.9391693274180094, ""raw_perf_mi"": 0.8822031865517298}",True,True,True,False,False,False,False,False,legacy_best_visible_fallback;visible_configuration_match,293f191efcd85b0ca5d8e19f78a97ee18a60e0d5efa035372e835f492e1e6db3,../deliveries/paper-ad03e8c-20260916/trajectories/glm-5.3/poolact/2506fc66d8306df8a1df7415.json
52e8ee04e86396c05c201b3c,glm-5.3,poolact,tuning,hpobench:nasbench101:C,cost_tight,cached,2204,1,existing_trace_rescored,paper-graph-lock-v4,"{""gap0_bon"": 99.11983082204225, ""gap0_mi"": 91.05505544097478, ""gap_bon"": 99.11983082204225, ""gap_mi"": 91.05505544097478, ""raw_perf_bon"": 0.9406049648920695, ""raw_perf_mi"": 0.8950237035751343}","{""gap0_bon"": 99.11983082204225, ""gap0_mi"": 91.05505544097478, ""gap_bon"": 99.11983082204225, ""gap_mi"": 91.05505544097478, ""raw_perf_bon"": 0.9406049648920695, ""raw_perf_mi"": 0.8950237035751343}",True,True,True,False,True,False,False,False,final_boundary_reparsed;legacy_best_visible_fallback;visible_configuration_match,a8c6514ef45812ac288479658e7beeba87ea5bec35a68f3dc5ec530709ebb294,../deliveries/paper-ad03e8c-20260916/trajectories/glm-5.3/poolact/52e8ee04e86396c05c201b3c.json
774b2c4caffe60d2fc63f671,glm-5.3,poolact,tuning,hpobench:nasbench101:C,cost_tight,cached,2208,2,existing_trace_rescored,paper-graph-lock-v4,"{""gap0_bon"": 98.8658243906769, ""gap0_mi"": 94.32910964976676, ""gap_bon"": 98.8658243906769, ""gap_mi"": 94.32910964976676, ""raw_perf_bon"": 0.9391693472862244, ""raw_perf_mi"": 0.9135283132394154}","{""gap0_bon"": 98.8658243906769, ""gap0_mi"": 94.32910964976676, ""gap_bon"": 98.8658243906769, ""gap_mi"": 94.32910964976676, ""raw_perf_bon"": 0.9391693472862244, ""raw_perf_mi"": 0.9135283132394154}",True,True,True,False,False,False,False,False,visible_configuration_match,506ec72ccbf1244a3db7b076c94ff36dc1cbab41069c1968352edfa9363d9620,../deliveries/paper-ad03e8c-20260916/trajectories/glm-5.3/poolact/774b2c4caffe60d2fc63f671.json
a44be6de42ed318d7b3ddfa1,glm-5.3,poolact,tuning,hpobench:nasbench101:A,cost_tight,naive,2200,0,existing_trace_rescored,paper-graph-lock-v4,"{""gap0_bon"": 87.4035806732507, ""gap0_mi"": 86.16838248949449, ""gap_bon"": 87.4035806732507, ""gap_mi"": 86.16838248949449, ""raw_perf_bon"": 0.8574719429016113, ""raw_perf_mi"": 0.8487830460071564}","{""gap0_bon"": 87.4035806732507, ""gap0_mi"": 86.16838248949449, ""gap_bon"": 87.4035806732507, ""gap_mi"": 86.16838248949449, ""raw_perf_bon"": 0.8574719429016113, ""raw_perf_mi"": 0.8487830460071564}",True,True,True,False,False,False,False,False,benchmark_evaluation;visible_configuration_match,03a627f5fcdc2537bea3deae3cc7dc8390d529ef18abda431a1cc74411fa70cb,../deliveries/paper-ad03e8c-20260916/trajectories/glm-5.3/poolact/a44be6de42ed318d7b3ddfa1.json
724cef9bcba94025c35cd22c,glm-5.3,poolact,tuning,hpobench:nasbench101:A,cost_tight,naive,2204,1,existing_trace_rescored,paper-graph-lock-v4,"{""gap0_bon"": 85.75664976157574, ""gap0_mi"": 85.75664976157574, ""gap_bon"": 85.75664976157574, ""gap_mi"": 85.75664976157574, ""raw_perf_bon"": 0.845886747042338, ""raw_perf_mi"": 0.845886747042338}","{""gap0_bon"": 85.75664976157574, ""gap0_mi"": 85.75664976157574, ""gap_bon"": 85.75664976157574, ""gap_mi"": 85.75664976157574, ""raw_perf_bon"": 0.845886747042338, ""raw_perf_mi"": 0.845886747042338}",True,True,True,False,False,False,False,False,visible_configuration_match,bc23a5e739a80e7fd76f6a2a7158f34289b7924d8eec35911b78887a1262577f,../deliveries/paper-ad03e8c-20260916/trajectories/glm-5.3/poolact/724cef9bcba94025c35cd22c.json
326468d90ca74caab9b2f374,glm-5.3,poolact,tuning,hpobench:nasbench101:A,cost_tight,naive,2208,2,existing_trace_rescored,paper-graph-lock-v4,"{""gap0_bon"": 85.75664976157574, ""gap0_mi"": 85.75664976157574, ""gap_bon"": 85.75664976157574, ""gap_mi"": 85.75664976157574, ""raw_perf_bon"": 0.845886747042338, ""raw_perf_mi"": 0.845886747042338}","{""gap0_bon"": 85.75664976157574, ""gap0_mi"": 85.75664976157574, ""gap_bon"": 85.75664976157574, ""gap_mi"": 85.75664976157574, ""raw_perf_bon"": 0.845886747042338, ""raw_perf_mi"": 0.845886747042338}",True,True,True,False,False,False,False,False,visible_configuration_match,90262e587ce911f83c32bd8f35cabdcb9dc1df647894aa529e546f2e332e7f1e,../deliveries/paper-ad03e8c-20260916/trajectories/glm-5.3/poolact/326468d90ca74caab9b2f374.json
27621538c1bd943d835dd5a1,glm-5.3,poolact,tuning,hpobench:nasbench101:B,cost_tight,naive,2200,0,existing_trace_rescored,paper-graph-lock-v4,"{""gap0_bon"": 97.77282608318929, ""gap0_mi"": 85.96226321401383, ""gap_bon"": 97.77282608318929, ""gap_mi"": 85.96226321401383, ""raw_perf_bon"": 0.9432759086290995, ""raw_perf_mi"": 0.913177748521169}","{""gap0_bon"": 97.77282608318929, ""gap0_mi"": 85.96226321401383, ""gap_bon"": 97.77282608318929, ""gap_mi"": 85.96226321401383, ""raw_perf_bon"": 0.9432759086290995, ""raw_perf_mi"": 0.913177748521169}",True,True,True,False,False,False,False,False,legacy_best_visible_fallback;visible_configuration_match,6c73b632b63e8fb2c1f90d58c1f8c1201f7f897520f5fcae6c0b9eccc1a08353,../deliveries/paper-ad03e8c-20260916/trajectories/glm-5.3/poolact/27621538c1bd943d835dd5a1.json
20998cd04aa5554258d4baed,glm-5.3,poolact,tuning,hpobench:nasbench101:B,cost_tight,naive,2204,1,existing_trace_rescored,paper-graph-lock-v4,"{""gap0_bon"": 91.65465841283152, ""gap0_mi"": 76.23476323751183, ""gap_bon"": 91.65465841283152, ""gap_mi"": 76.23476323751183, ""raw_perf_bon"": 0.9276843070983887, ""raw_perf_mi"": 0.8883880873521168}","{""gap0_bon"": 91.65465841283152, ""gap0_mi"": 76.23476323751183, ""gap_bon"": 91.65465841283152, ""gap_mi"": 76.23476323751183, ""raw_perf_bon"": 0.9276843070983887, ""raw_perf_mi"": 0.8883880873521168}",True,True,True,False,False,False,False,False,legacy_best_visible_fallback;visible_configuration_match,eb474a65216f02388862b29c0a3a6280528c2298ec4ec1430777c01ec01981c2,../deliveries/paper-ad03e8c-20260916/trajectories/glm-5.3/poolact/20998cd04aa5554258d4baed.json
496a712eba0088d169a0e150,glm-5.3,poolact,tuning,hpobench:nasbench101:B,cost_tight,naive,2208,2,existing_trace_rescored,paper-graph-lock-v4,"{""gap0_bon"": 96.1613974976202, ""gap0_mi"": 70.16571821236126, ""gap_bon"": 96.1613974976202, ""gap_mi"": 70.16571821236126, ""raw_perf_bon"": 0.9391693274180094, ""raw_perf_mi"": 0.8729216704765955}","{""gap0_bon"": 96.1613974976202, ""gap0_mi"": 70.16571821236126, ""gap_bon"": 96.1613974976202, ""gap_mi"": 70.16571821236126, ""raw_perf_bon"": 0.9391693274180094, ""raw_perf_mi"": 0.8729216704765955}",True,True,True,False,False,False,False,False,legacy_best_visible_fallback;visible_configuration_match,da239ac2f3d8a7919ec6208652ad7dfe3ebda42c4f94b88682874c75b83fe98d,../deliveries/paper-ad03e8c-20260916/trajectories/glm-5.3/poolact/496a712eba0088d169a0e150.json
e0e1a517c41ca7af644f04b6,glm-5.3,poolact,tuning,hpobench:nasbench101:C,cost_tight,naive,2200,0,existing_trace_rescored,paper-graph-lock-v4,"{""gap0_bon"": 97.66075533571745, ""gap0_mi"": 96.22531246265451, ""gap_bon"": 97.66075533571745, ""gap_mi"": 96.22531246265451, ""raw_perf_bon"": 0.9323584238688151, ""raw_perf_mi"": 0.9242454518874486}","{""gap0_bon"": 97.66075533571745, ""gap0_mi"": 96.22531246265451, ""gap_bon"": 97.66075533571745, ""gap_mi"": 96.22531246265451, ""raw_perf_bon"": 0.9323584238688151, ""raw_perf_mi"": 0.9242454518874486}",True,True,True,False,False,False,False,False,legacy_best_visible_fallback;visible_configuration_match,2310d221b9f45e990130b46a0b47c84c0704083f3b9c02d244634c674130fb2b,../deliveries/paper-ad03e8c-20260916/trajectories/glm-5.3/poolact/e0e1a517c41ca7af644f04b6.json
d44e75f926d29837f2176eb0,glm-5.3,poolact,tuning,hpobench:nasbench101:C,cost_tight,naive,2204,1,existing_trace_rescored,paper-graph-lock-v4,"{""gap0_bon"": 98.86582087535753, ""gap0_mi"": 94.13121826142678, ""gap_bon"": 98.86582087535753, ""gap_mi"": 94.13121826142678, ""raw_perf_bon"": 0.9391693274180094, ""raw_perf_mi"": 0.9124098519484202}","{""gap0_bon"": 98.86582087535753, ""gap0_mi"": 94.13121826142678, ""gap_bon"": 98.86582087535753, ""gap_mi"": 94.13121826142678, ""raw_perf_bon"": 0.9391693274180094, ""raw_perf_mi"": 0.9124098519484202}",True,True,True,False,False,False,False,False,legacy_best_visible_fallback;visible_configuration_match,063576f103a84b1628c6c795e1f2e96e64a46f032e697ca331994acef1933b9b,../deliveries/paper-ad03e8c-20260916/trajectories/glm-5.3/poolact/d44e75f926d29837f2176eb0.json
bd4e63a715db86a7091366cb,glm-5.3,poolact,tuning,hpobench:nasbench101:C,cost_tight,naive,2208,2,existing_trace_rescored,paper-graph-lock-v4,"{""gap0_bon"": 97.15273895766738, ""gap0_mi"": 92.9645505552119, ""gap_bon"": 97.15273895766738, ""gap_mi"": 92.9645505552119, ""raw_perf_bon"": 0.9294871687889099, ""raw_perf_mi"": 0.905815968910853}","{""gap0_bon"": 97.15273895766738, ""gap0_mi"": 92.9645505552119, ""gap_bon"": 97.15273895766738, ""gap_mi"": 92.9645505552119, ""raw_perf_bon"": 0.9294871687889099, ""raw_perf_mi"": 0.905815968910853}",True,True,True,False,False,False,False,False,visible_configuration_match,c2babef7cda50c9657e7acab5ee69078728ec600165d7ccbbd776360b7da2855,../deliveries/paper-ad03e8c-20260916/trajectories/glm-5.3/poolact/bd4e63a715db86a7091366cb.json
8565784d732684390fec557f,glm-5.3,poolact,tuning,hpobench:nasbench101:A,cost_tight,poolact,2200,0,existing_trace_rescored,paper-graph-lock-v4,"{""gap0_bon"": 99.27857838367586, ""gap0_mi"": 95.49941519229085, ""gap_bon"": 99.27857838367586, ""gap_mi"": 95.49941519229085, ""raw_perf_bon"": 0.9410056074460348, ""raw_perf_mi"": 0.9144214044014612}","{""gap0_bon"": 99.27857838367586, ""gap0_mi"": 95.49941519229085, ""gap_bon"": 99.27857838367586, ""gap_mi"": 95.49941519229085, ""raw_perf_bon"": 0.9410056074460348, ""raw_perf_mi"": 0.9144214044014612}",True,True,True,False,False,False,False,False,legacy_best_visible_fallback;visible_configuration_match,16c2b82a969f35c083350ea997a24cb38e735e8f508b59aecaeb7230af3f69c0,../deliveries/paper-ad03e8c-20260916/trajectories/glm-5.3/poolact/8565784d732684390fec557f.json
bc8682decb6c6880de9a7d96,glm-5.3,poolact,tuning,hpobench:nasbench101:A,cost_tight,poolact,2204,1,existing_trace_rescored,paper-graph-lock-v4,"{""gap0_bon"": 99.34027806188918, ""gap0_mi"": 94.47542154561478, ""gap_bon"": 99.34027806188918, ""gap_mi"": 94.47542154561478, ""raw_perf_bon"": 0.9414396286010742, ""raw_perf_mi"": 0.907218207915624}","{""gap0_bon"": 99.34027806188918, ""gap0_mi"": 94.47542154561478, ""gap_bon"": 99.34027806188918, ""gap_mi"": 94.47542154561478, ""raw_perf_bon"": 0.9414396286010742, ""raw_perf_mi"": 0.907218207915624}",True,True,True,False,False,False,False,False,legacy_best_visible_fallback;visible_configuration_match,cfd13737116dd478bf3405740b44d927242021132047f5e78fa4c9a32e538e2f,../deliveries/paper-ad03e8c-20260916/trajectories/glm-5.3/poolact/bc8682decb6c6880de9a7d96.json
3242d66056fcda00a0ef3847,glm-5.3,poolact,tuning,hpobench:nasbench101:A,cost_tight,poolact,2208,2,existing_trace_rescored,paper-graph-lock-v4,"{""gap0_bon"": 94.74595535784388, ""gap0_mi"": 92.49862895877685, ""gap_bon"": 94.74595535784388, ""gap_mi"": 92.49862895877685, ""raw_perf_bon"": 0.9091212550799052, ""raw_perf_mi"": 0.8933126280705134}","{""gap0_bon"": 94.74595535784388, ""gap0_mi"": 92.49862895877685, ""gap_bon"": 94.74595535784388, ""gap_mi"": 92.49862895877685, ""raw_perf_bon"": 0.9091212550799052, ""raw_perf_mi"": 0.8933126280705134}",True,True,True,False,False,False,False,False,benchmark_evaluation;legacy_best_visible_fallback;visible_configuration_match,c977d8df0abdf06f2035b633c89e071b28cae4e946ba0f0cd3ab9b10638806c2,../deliveries/paper-ad03e8c-20260916/trajectories/glm-5.3/poolact/3242d66056fcda00a0ef3847.json
fdaaed9fd4ec9032a62fec44,glm-5.3,poolact,tuning,hpobench:nasbench101:B,cost_tight,poolact,2200,0,existing_trace_rescored,paper-graph-lock-v4,"{""gap0_bon"": 96.97366459495926, ""gap0_mi"": 87.71779697648233, ""gap_bon"": 96.97366459495926, ""gap_mi"": 87.71779697648233, ""raw_perf_bon"": 0.9412393172581991, ""raw_perf_mi"": 0.9176515688498815}","{""gap0_bon"": 96.97366459495926, ""gap0_mi"": 87.71779697648233, ""gap_bon"": 96.97366459495926, ""gap_mi"": 87.71779697648233, ""raw_perf_bon"": 0.9412393172581991, ""raw_perf_mi"": 0.9176515688498815}",True,True,True,False,False,False,False,False,legacy_best_visible_fallback;visible_configuration_match,ccd43f7bd03023cbc4942d120e9d67237157de51cb3cfbd6401a4e3324025fa2,../deliveries/paper-ad03e8c-20260916/trajectories/glm-5.3/poolact/fdaaed9fd4ec9032a62fec44.json
0bfda1dde7d8257d635118c7,glm-5.3,poolact,tuning,hpobench:nasbench101:B,cost_tight,poolact,2204,1,existing_trace_rescored,paper-graph-lock-v4,"{""gap0_bon"": 98.03484470956302, ""gap0_mi"": 96.87540566098983, ""gap_bon"": 98.03484470956302, ""gap_mi"": 96.87540566098983, ""raw_perf_bon"": 0.9439436395963033, ""raw_perf_mi"": 0.9409889131784439}","{""gap0_bon"": 98.03484470956302, ""gap0_mi"": 96.87540566098983, ""gap_bon"": 98.03484470956302, ""gap_mi"": 96.87540566098983, ""raw_perf_bon"": 0.9439436395963033, ""raw_perf_mi"": 0.9409889131784439}",True,True,True,False,False,False,False,False,legacy_best_visible_fallback;visible_configuration_match,d9764bda6b8d5b64376f8f7604f4c4e7a6aed98529779e6f96913f5462470aa1,../deliveries/paper-ad03e8c-20260916/trajectories/glm-5.3/poolact/0bfda1dde7d8257d635118c7.json
d7d4a11ac05a74bcf4445b74,glm-5.3,poolact,tuning,hpobench:nasbench101:B,cost_tight,poolact,2208,2,existing_trace_rescored,paper-graph-lock-v4,"{""gap0_bon"": 99.06982919858311, ""gap0_mi"": 87.07257571922123, ""gap_bon"": 99.06982919858311, ""gap_mi"": 87.07257571922123, ""raw_perf_bon"": 0.9465812047322592, ""raw_perf_mi"": 0.9160072803497314}","{""gap0_bon"": 99.06982919858311, ""gap0_mi"": 87.07257571922123, ""gap_bon"": 99.06982919858311, ""gap_mi"": 87.07257571922123, ""raw_perf_bon"": 0.9465812047322592, ""raw_perf_mi"": 0.9160072803497314}",True,True,True,False,False,False,False,False,legacy_best_visible_fallback;visible_configuration_match,b2185491a9d2c66c7310649896b8e5fcce2a38a32d062dc5b78d69b86f9e1477,../deliveries/paper-ad03e8c-20260916/trajectories/glm-5.3/poolact/d7d4a11ac05a74bcf4445b74.json
bcb19e920f5a231e46770072,glm-5.3,poolact,tuning,hpobench:nasbench101:C,cost_tight,poolact,2200,0,existing_trace_rescored,paper-graph-lock-v4,"{""gap0_bon"": 99.52151933525563, ""gap0_mi"": 98.4656123115969, ""gap_bon"": 99.52151933525563, ""gap_mi"": 98.4656123115969, ""raw_perf_bon"": 0.9428752660751343, ""raw_perf_mi"": 0.9369073907534281}","{""gap0_bon"": 99.52151933525563, ""gap0_mi"": 98.4656123115969, ""gap_bon"": 99.52151933525563, ""gap_mi"": 98.4656123115969, ""raw_perf_bon"": 0.9428752660751343, ""raw_perf_mi"": 0.9369073907534281}",True,True,True,False,False,False,False,True,legacy_best_visible_fallback;visible_configuration_match,79d28fd12ce488ad1366f7112ab70abb24880439245b93037ccea82cb61a0f2b,../deliveries/paper-ad03e8c-20260916/trajectories/glm-5.3/poolact/bcb19e920f5a231e46770072.json
5b40683f7aca27e76accb6af,glm-5.3,poolact,tuning,hpobench:nasbench101:C,cost_tight,poolact,2204,1,existing_trace_rescored,paper-graph-lock-v4,"{""gap0_bon"": 98.82447368898502, ""gap0_mi"": 97.49388048896577, ""gap_bon"": 98.82447368898502, ""gap_mi"": 97.49388048896577, ""raw_perf_bon"": 0.9389356374740601, ""raw_perf_mi"": 0.9314152648051579}","{""gap0_bon"": 98.82447368898502, ""gap0_mi"": 97.49388048896577, ""gap_bon"": 98.82447368898502, ""gap_mi"": 97.49388048896577, ""raw_perf_bon"": 0.9389356374740601, ""raw_perf_mi"": 0.9314152648051579}",True,True,True,False,False,False,False,False,legacy_best_visible_fallback;visible_configuration_match,9480cf1189a7e42d27bf6aa848f0f16e2ecb4e19b95fe4996c79250b5bb80d20,../deliveries/paper-ad03e8c-20260916/trajectories/glm-5.3/poolact/5b40683f7aca27e76accb6af.json
5a80f2239230cb4a636e2408,glm-5.3,poolact,tuning,hpobench:nasbench101:C,cost_tight,poolact,2208,2,existing_trace_rescored,paper-graph-lock-v4,"{""gap0_bon"": 99.50379509501668, ""gap0_mi"": 98.88059048967007, ""gap_bon"": 99.50379509501668, ""gap_mi"": 98.88059048967007, ""raw_perf_bon"": 0.9427750905354818, ""raw_perf_mi"": 0.9392528037230174}","{""gap0_bon"": 99.50379509501668, ""gap0_mi"": 98.88059048967007, ""gap_bon"": 99.50379509501668, ""gap_mi"": 98.88059048967007, ""raw_perf_bon"": 0.9427750905354818, ""raw_perf_mi"": 0.9392528037230174}",True,True,True,False,False,False,False,False,legacy_best_visible_fallback;visible_configuration_match,5a7ad82c59f56d6d836fd29dbb24291900cccf354e4e85a283d1fbbc3c9e1479,../deliveries/paper-ad03e8c-20260916/trajectories/glm-5.3/poolact/5a80f2239230cb4a636e2408.json
faa3b7c6f9f7b43d8be3e52d,gpt-5.6-sol,expgym,tuning,hpobench:nasbench101:A,cost_free,single,2200,0,existing_trace_rescored,n1,"{""gap"": 99.17416202277552, ""gap0"": 99.17416202277552, ""raw_perf"": 0.9402710994084676}","{""gap"": 99.17416202277552, ""gap0"": 99.17416202277552, ""raw_perf"": 0.9402710994084676}",True,True,True,False,False,False,False,False,visible_configuration_match,061641edde84520b94f6d832f503ac78ae26ddbe92177875f02386ae0ea9176f,../deliveries/paper-ad03e8c-20260916/trajectories/gpt-5.6-sol/expgym/faa3b7c6f9f7b43d8be3e52d.json
6a25957d9db09b4be005a16b,gpt-5.6-sol,expgym,tuning,hpobench:nasbench101:A,cost_free,single,2204,1,existing_trace_rescored,n1,"{""gap"": 99.53487283093759, ""gap0"": 99.53487283093759, ""raw_perf"": 0.9428084890047709}","{""gap"": 99.53487283093759, ""gap0"": 99.53487283093759, ""raw_perf"": 0.9428084890047709}",True,True,True,False,False,False,False,False,visible_configuration_match,615d14e040b7caf2c1c5cbf1751e1b9dbb4cf6f4bdacd9a4eb31ad8744bf07d2,../deliveries/paper-ad03e8c-20260916/trajectories/gpt-5.6-sol/expgym/6a25957d9db09b4be005a16b.json
211955bf537e1435f63f4c48,gpt-5.6-sol,expgym,tuning,hpobench:nasbench101:A,cost_free,single,2208,2,existing_trace_rescored,n1,"{""gap"": 99.60132037635513, ""gap0"": 99.60132037635513, ""raw_perf"": 0.9432759086290995}","{""gap"": 99.60132037635513, ""gap0"": 99.60132037635513, ""raw_perf"": 0.9432759086290995}",True,True,True,False,False,False,False,False,visible_configuration_match,6524ca229367ea769648f1cc3fd8a0ce2b68226d814d60a6586ab72dea5e23b4,../deliveries/paper-ad03e8c-20260916/trajectories/gpt-5.6-sol/expgym/211955bf537e1435f63f4c48.json
bf4540d9cf8f8e3621855f1b,gpt-5.6-sol,expgym,tuning,hpobench:nasbench101:B,cost_free,single,2200,0,existing_trace_rescored,n1,"{""gap"": 97.340489112619, ""gap0"": 97.340489112619, ""raw_perf"": 0.9421741366386414}","{""gap"": 97.340489112619, ""gap0"": 97.340489112619, ""raw_perf"": 0.9421741366386414}",True,True,True,False,False,False,False,False,visible_configuration_match,c9a12699f7ee216cef95baee9661871d592becad33aa0d739bfa40598b66c17d,../deliveries/paper-ad03e8c-20260916/trajectories/gpt-5.6-sol/expgym/bf4540d9cf8f8e3621855f1b.json
9923d1d8b87228c056fad526,gpt-5.6-sol,expgym,tuning,hpobench:nasbench101:B,cost_free,single,2204,1,existing_trace_rescored,n1,"{""gap"": 95.54565216637863, ""gap0"": 95.54565216637863, ""raw_perf"": 0.9376001556714376}","{""gap"": 95.54565216637863, ""gap0"": 95.54565216637863, ""raw_perf"": 0.9376001556714376}",True,True,True,False,False,False,False,False,visible_configuration_match,15bf19ea8094913b8a8dd260c3cd1cfe7e083757d379eaa1a23f0972b6079783,../deliveries/paper-ad03e8c-20260916/trajectories/gpt-5.6-sol/expgym/9923d1d8b87228c056fad526.json
1fe3163012c5f2ea22f06005,gpt-5.6-sol,expgym,tuning,hpobench:nasbench101:B,cost_free,single,2208,2,existing_trace_rescored,n1,"{""gap"": 96.20070652863001, ""gap0"": 96.20070652863001, ""raw_perf"": 0.939269502957662}","{""gap"": 96.20070652863001, ""gap0"": 96.20070652863001, ""raw_perf"": 0.939269502957662}",True,True,True,False,False,False,False,False,visible_configuration_match,0057b47892659c591c1cc01f58156a7035ea289ea00f844b2e53f01400baf428,../deliveries/paper-ad03e8c-20260916/trajectories/gpt-5.6-sol/expgym/1fe3163012c5f2ea22f06005.json
3cc5abc2bf0ecb9aec397c23,gpt-5.6-sol,expgym,tuning,hpobench:nasbench101:C,cost_free,single,2200,0,existing_trace_rescored,n1,"{""gap"": 99.16709077558693, ""gap0"": 99.16709077558693, ""raw_perf"": 0.940872073173523}","{""gap"": 99.16709077558693, ""gap0"": 99.16709077558693, ""raw_perf"": 0.940872073173523}",True,True,True,False,False,False,False,False,visible_configuration_match,0b233383194bce56c3dcc21f1e05f55832027d7cbdcfaebf9b3529e24f1fcaa3,../deliveries/paper-ad03e8c-20260916/trajectories/gpt-5.6-sol/expgym/3cc5abc2bf0ecb9aec397c23.json
bc6be8a78473cc40b7aee6c8,gpt-5.6-sol,expgym,tuning,hpobench:nasbench101:C,cost_free,single,2204,1,existing_trace_rescored,n1,"{""gap"": 99.4388214471912, ""gap0"": 99.4388214471912, ""raw_perf"": 0.9424078663190206}","{""gap"": 99.4388214471912, ""gap0"": 99.4388214471912, ""raw_perf"": 0.9424078663190206}",True,True,True,False,False,False,False,False,visible_configuration_match,aa006b1a4d65b353a6248b107cec71d25b20c5b0fdbd3ac3a9085ad3bee46e50,../deliveries/paper-ad03e8c-20260916/trajectories/gpt-5.6-sol/expgym/bc6be8a78473cc40b7aee6c8.json
b01dd4e53ccf6c6b08e18704,gpt-5.6-sol,expgym,tuning,hpobench:nasbench101:C,cost_free,single,2208,2,existing_trace_rescored,n1,"{""gap"": 99.39746723017996, ""gap0"": 99.39746723017996, ""raw_perf"": 0.9421741366386414}","{""gap"": 99.39746723017996, ""gap0"": 99.39746723017996, ""raw_perf"": 0.9421741366386414}",True,True,True,False,False,False,False,False,visible_configuration_match,45eb7d318500974b1d81866e1feb35b2b32359931ff15facfc346eaede51ba74,../deliveries/paper-ad03e8c-20260916/trajectories/gpt-5.6-sol/expgym/b01dd4e53ccf6c6b08e18704.json
3876001beb6dc6ac5f84e7a2,gpt-5.6-sol,expgym,tuning,hpobench:nasbench201:cifar10-valid,cost_free,single,2200,0,existing_trace_rescored,n1,"{""gap"": 99.32998283650223, ""gap0"": 99.32998283650223, ""raw_perf"": 0.915533333235677}","{""gap"": 99.32998283650223, ""gap0"": 99.32998283650223, ""raw_perf"": 0.915533333235677}",True,True,True,False,False,False,False,False,visible_configuration_match,87aeaf9b9912f90c6e01396752d39a645be709e170367f36582bcac14259f153,../deliveries/paper-ad03e8c-20260916/trajectories/gpt-5.6-sol/expgym/3876001beb6dc6ac5f84e7a2.json
dda212127d8bc032691bb440,gpt-5.6-sol,expgym,tuning,hpobench:nasbench201:cifar10-valid,cost_free,single,2204,1,existing_trace_rescored,n1,"{""gap"": 100.0, ""gap0"": 100.0, ""raw_perf"": 0.9160666665039063}","{""gap"": 100.0, ""gap0"": 100.0, ""raw_perf"": 0.9160666665039063}",True,True,True,False,False,False,False,False,visible_configuration_match,866e78382ed96054e78581bcccf675c13599faa69ddafcf779f5f5242faa5f6d,../deliveries/paper-ad03e8c-20260916/trajectories/gpt-5.6-sol/expgym/dda212127d8bc032691bb440.json
a6deacf1d0147872b2fd1437,gpt-5.6-sol,expgym,tuning,hpobench:nasbench201:cifar10-valid,cost_free,single,2208,2,existing_trace_rescored,n1,"{""gap"": 100.0, ""gap0"": 100.0, ""raw_perf"": 0.9160666665039063}","{""gap"": 100.0, ""gap0"": 100.0, ""raw_perf"": 0.9160666665039063}",True,True,True,False,False,False,False,False,visible_configuration_match,3a6a17002418da90763f94ec7c395d39d21180bbd65f18ff835787bfacb1908a,../deliveries/paper-ad03e8c-20260916/trajectories/gpt-5.6-sol/expgym/a6deacf1d0147872b2fd1437.json
e042e8e24bd76486b96886cd,gpt-5.6-sol,expgym,tuning,hpobench:nasbench201:cifar100,cost_free,single,2200,0,existing_trace_rescored,n1,"{""gap"": 94.92197361284938, ""gap0"": 94.92197361284938, ""raw_perf"": 0.7288333333333332}","{""gap"": 94.92197361284938, ""gap0"": 94.92197361284938, ""raw_perf"": 0.7288333333333332}",True,True,True,False,False,False,False,False,visible_configuration_match,2355143bfc792acde51a77e1c70c8f4d8d1a8185c3e67a8fea9e5f9836919bb4,../deliveries/paper-ad03e8c-20260916/trajectories/gpt-5.6-sol/expgym/e042e8e24bd76486b96886cd.json
05b532c500d825441d911f52,gpt-5.6-sol,expgym,tuning,hpobench:nasbench201:cifar100,cost_free,single,2204,1,existing_trace_rescored,n1,"{""gap"": 100.0, ""gap0"": 100.0, ""raw_perf"": 0.7350333333333333}","{""gap"": 100.0, ""gap0"": 100.0, ""raw_perf"": 0.7350333333333333}",True,True,True,False,False,False,False,False,visible_configuration_match,a26962ac9eec6da949a7c483d949c389b60402dcf8e49d509854478ef6ca5e23,../deliveries/paper-ad03e8c-20260916/trajectories/gpt-5.6-sol/expgym/05b532c500d825441d911f52.json
adcbaac26e8a4645d8564c41,gpt-5.6-sol,expgym,tuning,hpobench:nasbench201:cifar100,cost_free,single,2208,2,existing_trace_rescored,n1,"{""gap"": 100.0, ""gap0"": 100.0, ""raw_perf"": 0.7350333333333333}","{""gap"": 100.0, ""gap0"": 100.0, ""raw_perf"": 0.7350333333333333}",True,True,True,False,False,False,False,False,visible_configuration_match,c37f57bbbdae6e00f4dca72c26204929519588f43197ef5d07a4c0bf3d534780,../deliveries/paper-ad03e8c-20260916/trajectories/gpt-5.6-sol/expgym/adcbaac26e8a4645d8564c41.json
24cab0cf19f43fd3ac3ad626,gpt-5.6-sol,expgym,tuning,hpobench:nasbench201:imagenet16-120,cost_free,single,2200,0,existing_trace_rescored,n1,"{""gap"": 100.0, ""gap0"": 100.0, ""raw_perf"": 0.4684444446478949}","{""gap"": 100.0, ""gap0"": 100.0, ""raw_perf"": 0.4684444446478949}",True,True,True,False,False,False,False,False,visible_configuration_match,e4f1dcdf11401fd0d8dce70dd07b9df46c11363b5a30a6e446f9a69b9d95c287,../deliveries/paper-ad03e8c-20260916/trajectories/gpt-5.6-sol/expgym/24cab0cf19f43fd3ac3ad626.json
cb2247a729990e314aa3d736,gpt-5.6-sol,expgym,tuning,hpobench:nasbench201:imagenet16-120,cost_free,single,2204,1,existing_trace_rescored,n1,"{""gap"": 96.5484880944191, ""gap0"": 96.5484880944191, ""raw_perf"": 0.4638888889906141}","{""gap"": 96.5484880944191, ""gap0"": 96.5484880944191, ""raw_perf"": 0.4638888889906141}",True,True,True,False,False,False,False,False,visible_configuration_match,518cea40710f191ccf52e6dfbad0b41967bf442bf166b5f30496bd18888402bb,../deliveries/paper-ad03e8c-20260916/trajectories/gpt-5.6-sol/expgym/cb2247a729990e314aa3d736.json
65357e601970e52ee9282eb1,gpt-5.6-sol,expgym,tuning,hpobench:nasbench201:imagenet16-120,cost_free,single,2208,2,existing_trace_rescored,n1,"{""gap"": 93.26534261949728, ""gap0"": 93.26534261949728, ""raw_perf"": 0.4595555555555556}","{""gap"": 93.26534261949728, ""gap0"": 93.26534261949728, ""raw_perf"": 0.4595555555555556}",True,True,True,False,False,False,False,False,visible_configuration_match,6b98f773728f7da5292e573c55571ccc7857ab4a8dcedccce674f26bbfd41dcc,../deliveries/paper-ad03e8c-20260916/trajectories/gpt-5.6-sol/expgym/65357e601970e52ee9282eb1.json
fc530e10be3495ef53698220,gpt-5.6-sol,expgym,tuning,hpobench:paramnet:adult:steps,cost_free,single,2200,0,existing_trace_rescored,n1,"{""gap"": 100.1348929942877, ""gap0"": 100.1348929942877, ""raw_perf"": 0.8537870421006724}","{""gap"": 100.1348929942877, ""gap0"": 100.1348929942877, ""raw_perf"": 0.8537870421006724}",True,True,True,False,False,False,False,False,visible_configuration_match,e4d7482931a7b42d28a4cebb66710f5667d658b548187df8f26ed962de337d28,../deliveries/paper-ad03e8c-20260916/trajectories/gpt-5.6-sol/expgym/fc530e10be3495ef53698220.json
333d2c0c334b10e7ac0fde3a,gpt-5.6-sol,expgym,tuning,hpobench:paramnet:adult:steps,cost_free,single,2204,1,existing_trace_rescored,n1,"{""gap"": 96.89788920336211, ""gap0"": 96.89788920336211, ""raw_perf"": 0.8524537068873091}","{""gap"": 96.89788920336211, ""gap0"": 96.89788920336211, ""raw_perf"": 0.8524537068873091}",True,True,True,False,False,False,False,False,legacy_best_visible_fallback,f0e78f45231e34b33711acb499422f17d6ddef8248332b707d3371cab298628d,../deliveries/paper-ad03e8c-20260916/trajectories/gpt-5.6-sol/expgym/333d2c0c334b10e7ac0fde3a.json
ca024084157bbf5721e1ecf2,gpt-5.6-sol,expgym,tuning,hpobench:paramnet:adult:steps,cost_free,single,2208,2,existing_trace_rescored,n1,"{""gap"": 96.7854873340029, ""gap0"": 96.7854873340029, ""raw_perf"": 0.8524074080936888}","{""gap"": 96.7854873340029, ""gap0"": 96.7854873340029, ""raw_perf"": 0.8524074080936888}",True,True,True,False,False,False,False,False,legacy_best_visible_fallback,3b2cf0693ce7625f18332fb4782c338b888872c09ce025193fc5e57b1f181e04,../deliveries/paper-ad03e8c-20260916/trajectories/gpt-5.6-sol/expgym/ca024084157bbf5721e1ecf2.json
9c02e81175e5a22f40c6438e,gpt-5.6-sol,expgym,tuning,hpobench:paramnet:higgs:steps,cost_free,single,2200,0,existing_trace_rescored,n1,"{""gap"": 94.12245320862293, ""gap0"": 94.12245320862293, ""raw_perf"": 0.7159501883230168}","{""gap"": 94.12245320862293, ""gap0"": 94.12245320862293, ""raw_perf"": 0.7159501883230168}",True,True,True,False,False,False,False,False,visible_configuration_match,bbca93b074d037634a1a41d47bb5478ca890168714e27e1f8dbb0c986dec6698,../deliveries/paper-ad03e8c-20260916/trajectories/gpt-5.6-sol/expgym/9c02e81175e5a22f40c6438e.json
5f78f43e6c5eb1240acc424d,gpt-5.6-sol,expgym,tuning,hpobench:paramnet:higgs:steps,cost_free,single,2204,1,existing_trace_rescored,n1,"{""gap"": 94.138349015203, ""gap0"": 94.138349015203, ""raw_perf"": 0.7159640226704224}","{""gap"": 94.138349015203, ""gap0"": 94.138349015203, ""raw_perf"": 0.7159640226704224}",True,True,True,False,False,False,False,False,legacy_best_visible_fallback,2e095a81b151473a3f4a8d2011049003e16055048f581288445f8d4e29fdebc1,../deliveries/paper-ad03e8c-20260916/trajectories/gpt-5.6-sol/expgym/5f78f43e6c5eb1240acc424d.json
7922d08eca9654afdd9d14a7,gpt-5.6-sol,expgym,tuning,hpobench:paramnet:higgs:steps,cost_free,single,2208,2,existing_trace_rescored,n1,"{""gap"": 96.1788002691522, ""gap0"": 96.1788002691522, ""raw_perf"": 0.7177398565275478}","{""gap"": 96.1788002691522, ""gap0"": 96.1788002691522, ""raw_perf"": 0.7177398565275478}",True,True,True,False,False,False,False,False,legacy_best_visible_fallback,0f836cb614dfdf518cc0bc93bd14e5c5ea9f51f7bc9e0cec60bea41c50ec9b1b,../deliveries/paper-ad03e8c-20260916/trajectories/gpt-5.6-sol/expgym/7922d08eca9654afdd9d14a7.json
637f630108018ea4ac96733b,gpt-5.6-sol,expgym,tuning,hpobench:paramnet:letter:steps,cost_free,single,2200,0,existing_trace_rescored,n1,"{""gap"": 99.7975273235714, ""gap0"": 99.7975273235714, ""raw_perf"": 0.9640660309794261}","{""gap"": 99.7975273235714, ""gap0"": 99.7975273235714, ""raw_perf"": 0.9640660309794261}",True,True,True,False,False,False,False,False,visible_configuration_match,d545c82083b8b2c4c58557e1db76773913f8c1338b9904a5803bc96aac5aae5e,../deliveries/paper-ad03e8c-20260916/trajectories/gpt-5.6-sol/expgym/637f630108018ea4ac96733b.json
42141d63f1e7a67ee8b2f4c2,gpt-5.6-sol,expgym,tuning,hpobench:paramnet:letter:steps,cost_free,single,2204,1,existing_trace_rescored,n1,"{""gap"": 99.25042174082799, ""gap0"": 99.25042174082799, ""raw_perf"": 0.9611940311069997}","{""gap"": 99.25042174082799, ""gap0"": 99.25042174082799, ""raw_perf"": 0.9611940311069997}",True,True,True,False,False,False,False,False,legacy_best_visible_fallback,31973c324dffd9c0421dbd50adcbce2f632e869a5d00be053b062e4ec4cf0b5b,../deliveries/paper-ad03e8c-20260916/trajectories/gpt-5.6-sol/expgym/42141d63f1e7a67ee8b2f4c2.json
d50e0187664bf32cf3a163d5,gpt-5.6-sol,expgym,tuning,hpobench:paramnet:letter:steps,cost_free,single,2208,2,existing_trace_rescored,n1,"{""gap"": 98.50515050295127, ""gap0"": 98.50515050295127, ""raw_perf"": 0.9572817718144295}","{""gap"": 98.50515050295127, ""gap0"": 98.50515050295127, ""raw_perf"": 0.9572817718144295}",True,True,True,False,False,False,False,False,visible_configuration_match,4a71b51b455d60e4186df7cb626078982a85402a85338643d3932dff44412c95,../deliveries/paper-ad03e8c-20260916/trajectories/gpt-5.6-sol/expgym/d50e0187664bf32cf3a163d5.json
6c13095f733f329f97647193,gpt-5.6-sol,expgym,tuning,hpobench:nasbench101:A,cost_moderate,single,2200,0,existing_trace_rescored,n1,"{""gap"": 98.96058425820081, ""gap0"": 98.96058425820081, ""raw_perf"": 0.9387687047322592}","{""gap"": 98.96058425820081, ""gap0"": 98.96058425820081, ""raw_perf"": 0.9387687047322592}",True,True,True,False,False,False,False,False,visible_configuration_match,f67954a30441767ef32b25b7ac9fabbe69d962b5b3870d28ec6f62b7ec21542a,../deliveries/paper-ad03e8c-20260916/trajectories/gpt-5.6-sol/expgym/6c13095f733f329f97647193.json
7ba7cf52a58875c890aeaceb,gpt-5.6-sol,expgym,tuning,hpobench:nasbench101:A,cost_moderate,single,2204,1,existing_trace_rescored,n1,"{""gap"": 98.96058425820081, ""gap0"": 98.96058425820081, ""raw_perf"": 0.9387687047322592}","{""gap"": 98.96058425820081, ""gap0"": 98.96058425820081, ""raw_perf"": 0.9387687047322592}",True,True,True,False,False,False,False,False,visible_configuration_match,85b2affa0b79b5f9e2c60a4d387bb1e7c8ca16a6a18726897e9058e36254cdac,../deliveries/paper-ad03e8c-20260916/trajectories/gpt-5.6-sol/expgym/7ba7cf52a58875c890aeaceb.json
bb597d915249329db2513aa6,gpt-5.6-sol,expgym,tuning,hpobench:nasbench101:A,cost_moderate,single,2208,2,existing_trace_rescored,n1,"{""gap"": 98.71378272091734, ""gap0"": 98.71378272091734, ""raw_perf"": 0.9370326002438863}","{""gap"": 98.71378272091734, ""gap0"": 98.71378272091734, ""raw_perf"": 0.9370326002438863}",True,True,True,False,False,False,False,False,visible_configuration_match,d0568502a331b273454a7dd61e410cd8c854bd0c6ed9df3c58b2655aad4fcc69,../deliveries/paper-ad03e8c-20260916/trajectories/gpt-5.6-sol/expgym/bb597d915249329db2513aa6.json
5f1b07628516d0efbd159b0a,gpt-5.6-sol,expgym,tuning,hpobench:nasbench101:B,cost_moderate,single,2200,0,existing_trace_rescored,n1,"{""gap"": 98.38857141443093, ""gap0"": 98.38857141443093, ""raw_perf"": 0.9448450803756714}","{""gap"": 98.38857141443093, ""gap0"": 98.38857141443093, ""raw_perf"": 0.9448450803756714}",True,True,True,False,False,False,False,False,visible_configuration_match,e2944fde807a59ad81ab11eee368247f2f3c01a712273cac00a4c6bd1bb8afa6,../deliveries/paper-ad03e8c-20260916/trajectories/gpt-5.6-sol/expgym/5f1b07628516d0efbd159b0a.json
f0be17780ef06e2056b74994,gpt-5.6-sol,expgym,tuning,hpobench:nasbench101:B,cost_moderate,single,2204,1,existing_trace_rescored,n1,"{""gap"": 97.77282608318929, ""gap0"": 97.77282608318929, ""raw_perf"": 0.9432759086290995}","{""gap"": 97.77282608318929, ""gap0"": 97.77282608318929, ""raw_perf"": 0.9432759086290995}",True,True,True,False,False,False,False,False,visible_configuration_match,31b0079b0100dab69c2c47cb22969f1773660a07610c0b6cac3272a51f0f5b38,../deliveries/paper-ad03e8c-20260916/trajectories/gpt-5.6-sol/expgym/f0be17780ef06e2056b74994.json
5acc0ce7510e61d294d59a77,gpt-5.6-sol,expgym,tuning,hpobench:nasbench101:B,cost_moderate,single,2208,2,existing_trace_rescored,n1,"{""gap"": 95.12642080491727, ""gap0"": 95.12642080491727, ""raw_perf"": 0.9365317821502686}","{""gap"": 95.12642080491727, ""gap0"": 95.12642080491727, ""raw_perf"": 0.9365317821502686}",True,True,True,False,False,False,False,False,visible_configuration_match,da8594dba51091b21722af91ef9ebf972dfd2cc0b23a1951583c8a5f0b014ff4,../deliveries/paper-ad03e8c-20260916/trajectories/gpt-5.6-sol/expgym/5acc0ce7510e61d294d59a77.json
b1fde5fbf80b4be0c2acfd43,gpt-5.6-sol,expgym,tuning,hpobench:nasbench101:C,cost_moderate,single,2200,0,existing_trace_rescored,n1,"{""gap"": 99.01940517841956, ""gap0"": 99.01940517841956, ""raw_perf"": 0.9400373697280884}","{""gap"": 99.01940517841956, ""gap0"": 99.01940517841956, ""raw_perf"": 0.9400373697280884}",True,True,True,False,False,False,False,False,visible_configuration_match,dad97fb18c8b600fe31c36cda75ebcda680883968e5c8671844c134489ee6a8c,../deliveries/paper-ad03e8c-20260916/trajectories/gpt-5.6-sol/expgym/b1fde5fbf80b4be0c2acfd43.json
ff1879dc0c8c4c619bfe39c7,gpt-5.6-sol,expgym,tuning,hpobench:nasbench101:C,cost_moderate,single,2204,1,existing_trace_rescored,n1,"{""gap"": 98.74177228560124, ""gap0"": 98.74177228560124, ""raw_perf"": 0.9384682178497314}","{""gap"": 98.74177228560124, ""gap0"": 98.74177228560124, ""raw_perf"": 0.9384682178497314}",True,True,True,False,False,False,False,False,visible_configuration_match,8db1d1b1af71e881ef95802c9f0a309109a987bee3b03347b71bdd56aff9b230,../deliveries/paper-ad03e8c-20260916/trajectories/gpt-5.6-sol/expgym/ff1879dc0c8c4c619bfe39c7.json
1984dce6abde91fee22719af,gpt-5.6-sol,expgym,tuning,hpobench:nasbench101:C,cost_moderate,single,2208,2,existing_trace_rescored,n1,"{""gap"": 99.23206793873176, ""gap0"": 99.23206793873176, ""raw_perf"": 0.9412393172581991}","{""gap"": 99.23206793873176, ""gap0"": 99.23206793873176, ""raw_perf"": 0.9412393172581991}",True,True,True,False,False,False,False,False,visible_configuration_match,48075ebe25f6f949982f65483e526629d30d96d5693e5c477edec49dbe83b5d9,../deliveries/paper-ad03e8c-20260916/trajectories/gpt-5.6-sol/expgym/1984dce6abde91fee22719af.json
eaa7d7dd6515df22da97f949,gpt-5.6-sol,expgym,tuning,hpobench:nasbench201:cifar10-valid,cost_moderate,single,2200,0,existing_trace_rescored,n1,"{""gap"": 99.32998283650223, ""gap0"": 99.32998283650223, ""raw_perf"": 0.915533333235677}","{""gap"": 99.32998283650223, ""gap0"": 99.32998283650223, ""raw_perf"": 0.915533333235677}",True,True,True,False,False,False,False,False,visible_configuration_match,80fade170bb780604979baed3b64578a9a5cde553e82ef1995bd31b7cf9fe5b6,../deliveries/paper-ad03e8c-20260916/trajectories/gpt-5.6-sol/expgym/eaa7d7dd6515df22da97f949.json
c4f4a93ef0ed6c90101ad70f,gpt-5.6-sol,expgym,tuning,hpobench:nasbench201:cifar10-valid,cost_moderate,single,2204,1,existing_trace_rescored,n1,"{""gap"": 99.32998283650223, ""gap0"": 99.32998283650223, ""raw_perf"": 0.915533333235677}","{""gap"": 99.32998283650223, ""gap0"": 99.32998283650223, ""raw_perf"": 0.915533333235677}",True,True,True,False,False,False,False,False,visible_configuration_match,c5d800dcfad8a164788f2447b26a4e4cefa9fa44f7a846b8f60c8677f40587b9,../deliveries/paper-ad03e8c-20260916/trajectories/gpt-5.6-sol/expgym/c4f4a93ef0ed6c90101ad70f.json
c358a697cd98d482c4f76f8a,gpt-5.6-sol,expgym,tuning,hpobench:nasbench201:cifar10-valid,cost_moderate,single,2208,2,existing_trace_rescored,n1,"{""gap"": 97.90619629250446, ""gap0"": 97.90619629250446, ""raw_perf"": 0.9143999999837239}","{""gap"": 97.90619629250446, ""gap0"": 97.90619629250446, ""raw_perf"": 0.9143999999837239}",True,True,True,False,False,False,False,False,visible_configuration_match,9d385342b0503c5f5ecbb20d63998d937b553474253da79f495ec5b811d5cc5d,../deliveries/paper-ad03e8c-20260916/trajectories/gpt-5.6-sol/expgym/c358a697cd98d482c4f76f8a.json
e09c2364911766f207e04333,gpt-5.6-sol,expgym,tuning,hpobench:nasbench201:cifar100,cost_moderate,single,2200,0,existing_trace_rescored,n1,"{""gap"": 94.92197361284938, ""gap0"": 94.92197361284938, ""raw_perf"": 0.7288333333333332}","{""gap"": 94.92197361284938, ""gap0"": 94.92197361284938, ""raw_perf"": 0.7288333333333332}",True,True,True,False,False,False,False,False,visible_configuration_match,ecbdd1bb4c7f8dc2754f0f904e025e7213069ab254849c3b586754c764235be6,../deliveries/paper-ad03e8c-20260916/trajectories/gpt-5.6-sol/expgym/e09c2364911766f207e04333.json
dfdeb94408d6c8af9b38c5c7,gpt-5.6-sol,expgym,tuning,hpobench:nasbench201:cifar100,cost_moderate,single,2204,1,existing_trace_rescored,n1,"{""gap"": 92.9016835448433, ""gap0"": 92.9016835448433, ""raw_perf"": 0.7263666666666666}","{""gap"": 92.9016835448433, ""gap0"": 92.9016835448433, ""raw_perf"": 0.7263666666666666}",True,True,True,False,False,False,False,False,visible_configuration_match,e168fad29bb5eb2bee2301a7ce734bdffe17e78cc801a42a3f8161b0467180bc,../deliveries/paper-ad03e8c-20260916/trajectories/gpt-5.6-sol/expgym/dfdeb94408d6c8af9b38c5c7.json
fc41f7f5228a7183ad9b3ecc,gpt-5.6-sol,expgym,tuning,hpobench:nasbench201:cifar100,cost_moderate,single,2208,2,existing_trace_rescored,n1,"{""gap"": 94.92197361284938, ""gap0"": 94.92197361284938, ""raw_perf"": 0.7288333333333332}","{""gap"": 94.92197361284938, ""gap0"": 94.92197361284938, ""raw_perf"": 0.7288333333333332}",True,True,True,False,False,False,False,False,visible_configuration_match,a12d46075b4663ecf7efeafc90daa2bc97250b5e1853831048a18d9995224611,../deliveries/paper-ad03e8c-20260916/trajectories/gpt-5.6-sol/expgym/fc41f7f5228a7183ad9b3ecc.json
39abe8b38bcac861a014cb14,gpt-5.6-sol,expgym,tuning,hpobench:nasbench201:imagenet16-120,cost_moderate,single,2200,0,existing_trace_rescored,n1,"{""gap"": 97.93751107028362, ""gap0"": 97.93751107028362, ""raw_perf"": 0.46572222222222226}","{""gap"": 97.93751107028362, ""gap0"": 97.93751107028362, ""raw_perf"": 0.46572222222222226}",True,True,True,False,False,False,False,False,visible_configuration_match,0532b216039e28565c7e2cfa8ddc773de53235852ba8a05df8f9458a48fdf262,../deliveries/paper-ad03e8c-20260916/trajectories/gpt-5.6-sol/expgym/39abe8b38bcac861a014cb14.json
a92d9d6b29d475d741b028a5,gpt-5.6-sol,expgym,tuning,hpobench:nasbench201:imagenet16-120,cost_moderate,single,2204,1,existing_trace_rescored,n1,"{""gap"": 92.25514385570875, ""gap0"": 92.25514385570875, ""raw_perf"": 0.4582222219848634}","{""gap"": 92.25514385570875, ""gap0"": 92.25514385570875, ""raw_perf"": 0.4582222219848634}",True,True,True,False,False,False,False,False,visible_configuration_match,a589e89af38f5f42f1fa12b8f629247ff1144a2ec356e7641a62bc1f5b8851c6,../deliveries/paper-ad03e8c-20260916/trajectories/gpt-5.6-sol/expgym/a92d9d6b29d475d741b028a5.json
14d0a0d654ea6bf9d7847ff4,gpt-5.6-sol,expgym,tuning,hpobench:nasbench201:imagenet16-120,cost_moderate,single,2208,2,existing_trace_rescored,n1,"{""gap"": 96.63267128405795, ""gap0"": 96.63267128405795, ""raw_perf"": 0.46400000006781683}","{""gap"": 96.63267128405795, ""gap0"": 96.63267128405795, ""raw_perf"": 0.46400000006781683}",True,True,True,False,False,False,False,False,visible_configuration_match,8c168174cab1e2d795458692fdddcddde897cb94cb39d855fca2b1716c3c5e36,../deliveries/paper-ad03e8c-20260916/trajectories/gpt-5.6-sol/expgym/14d0a0d654ea6bf9d7847ff4.json
a379adf86c3b1fa1c12d3e50,gpt-5.6-sol,expgym,tuning,hpobench:paramnet:adult:steps,cost_moderate,single,2200,0,existing_trace_rescored,n1,"{""gap"": 93.21131127211561, ""gap0"": 93.21131127211561, ""raw_perf"": 0.8509351902311599}","{""gap"": 93.21131127211561, ""gap0"": 93.21131127211561, ""raw_perf"": 0.8509351902311599}",True,True,True,False,False,False,False,False,visible_configuration_match,825e93e785949f57bf74f6fd005b87d996bf6f341c9145d742b09075d9881617,../deliveries/paper-ad03e8c-20260916/trajectories/gpt-5.6-sol/expgym/a379adf86c3b1fa1c12d3e50.json
79d2e1b5c04dbb3945b71658,gpt-5.6-sol,expgym,tuning,hpobench:paramnet:adult:steps,cost_moderate,single,2204,1,existing_trace_rescored,n1,"{""gap"": 88.7154652336869, ""gap0"": 88.7154652336869, ""raw_perf"": 0.8490833327036214}","{""gap"": 88.7154652336869, ""gap0"": 88.7154652336869, ""raw_perf"": 0.8490833327036214}",True,True,True,False,False,False,False,False,visible_configuration_match,55f4e50fb1a92638a382ca7d455b73b0650013d26e21103ba6fa32ee65a932f1,../deliveries/paper-ad03e8c-20260916/trajectories/gpt-5.6-sol/expgym/79d2e1b5c04dbb3945b71658.json
34aa8e99f3f0f0b4e23ba789,gpt-5.6-sol,expgym,tuning,hpobench:paramnet:adult:steps,cost_moderate,single,2208,2,existing_trace_rescored,n1,"{""gap"": 90.8509935866419, ""gap0"": 90.8509935866419, ""raw_perf"": 0.8499629656407568}","{""gap"": 90.8509935866419, ""gap0"": 90.8509935866419, ""raw_perf"": 0.8499629656407568}",True,True,True,False,False,False,False,False,visible_configuration_match,5d30b8a48fa6314fa55a50f471b0e7697d90d8af524fe743eb4804800e48a6a9,../deliveries/paper-ad03e8c-20260916/trajectories/gpt-5.6-sol/expgym/34aa8e99f3f0f0b4e23ba789.json
06a94a4f69e1f915c170b8fb,gpt-5.6-sol,expgym,tuning,hpobench:paramnet:higgs:steps,cost_moderate,single,2200,0,existing_trace_rescored,n1,"{""gap"": 96.42258692866704, ""gap0"": 96.42258692866704, ""raw_perf"": 0.717952027537781}","{""gap"": 96.42258692866704, ""gap0"": 96.42258692866704, ""raw_perf"": 0.717952027537781}",True,True,True,False,False,False,False,False,visible_configuration_match,bf70de2d54d0df8ca02c651d77e8f56a2d7309f9519e513e6ded6aefbc719a93,../deliveries/paper-ad03e8c-20260916/trajectories/gpt-5.6-sol/expgym/06a94a4f69e1f915c170b8fb.json
15f4db9b0624cacb6adc9eee,gpt-5.6-sol,expgym,tuning,hpobench:paramnet:higgs:steps,cost_moderate,single,2204,1,existing_trace_rescored,n1,"{""gap"": 98.25104864896994, ""gap0"": 98.25104864896994, ""raw_perf"": 0.7195433638772731}","{""gap"": 98.25104864896994, ""gap0"": 98.25104864896994, ""raw_perf"": 0.7195433638772731}",True,True,True,False,False,False,False,False,legacy_best_visible_fallback,d9bc451d087e65071600b71938e2bf2ab0a3cd43b74ef2d06049f9e516e19a8a,../deliveries/paper-ad03e8c-20260916/trajectories/gpt-5.6-sol/expgym/15f4db9b0624cacb6adc9eee.json
506a70d6ebc6558b07c2baf7,gpt-5.6-sol,expgym,tuning,hpobench:paramnet:higgs:steps,cost_moderate,single,2208,2,existing_trace_rescored,n1,"{""gap"": 96.76708461713392, ""gap0"": 96.76708461713392, ""raw_perf"": 0.7182518487943275}","{""gap"": 96.76708461713392, ""gap0"": 96.76708461713392, ""raw_perf"": 0.7182518487943275}",True,True,True,False,False,False,False,False,visible_configuration_match,fe6007ec5026d8609ca4894a4625c3211bb2c70013c521b6dc4a8e5479e5b33e,../deliveries/paper-ad03e8c-20260916/trajectories/gpt-5.6-sol/expgym/506a70d6ebc6558b07c2baf7.json
3e2d8c41ad697c4c87b2e2c7,gpt-5.6-sol,expgym,tuning,hpobench:paramnet:letter:steps,cost_moderate,single,2200,0,existing_trace_rescored,n1,"{""gap"": 98.34144962467293, ""gap0"": 98.34144962467293, ""raw_perf"": 0.9564224332948444}","{""gap"": 98.34144962467293, ""gap0"": 98.34144962467293, ""raw_perf"": 0.9564224332948444}",True,True,True,False,False,False,False,False,visible_configuration_match,b6b10b523628a4dd0db72a7c3d7048ec4fe3c39ee1fecb9a5cf47e7e0a802031,../deliveries/paper-ad03e8c-20260916/trajectories/gpt-5.6-sol/expgym/3e2d8c41ad697c4c87b2e2c7.json
f57add0167f4ddee99efd5e6,gpt-5.6-sol,expgym,tuning,hpobench:paramnet:letter:steps,cost_moderate,single,2204,1,existing_trace_rescored,n1,"{""gap"": 96.9715301616612, ""gap0"": 96.9715301616612, ""raw_perf"": 0.9492311184059059}","{""gap"": 96.9715301616612, ""gap0"": 96.9715301616612, ""raw_perf"": 0.9492311184059059}",True,True,True,False,False,False,False,False,legacy_best_visible_fallback,14b2226572d1ae0f01fd107f51254a71404cb8073b8c5c12c47e0f1eecbbedca,../deliveries/paper-ad03e8c-20260916/trajectories/gpt-5.6-sol/expgym/f57add0167f4ddee99efd5e6.json
bc88d2d4698eda6f5772217e,gpt-5.6-sol,expgym,tuning,hpobench:paramnet:letter:steps,cost_moderate,single,2208,2,existing_trace_rescored,n1,"{""gap"": 97.91496466925695, ""gap0"": 97.91496466925695, ""raw_perf"": 0.9541836245965224}","{""gap"": 97.91496466925695, ""gap0"": 97.91496466925695, ""raw_perf"": 0.9541836245965224}",True,True,True,False,False,False,False,False,legacy_best_visible_fallback,09031307156a76fd61704fb3262595a0ba811aa31d6af626bea9fcb37c3da169,../deliveries/paper-ad03e8c-20260916/trajectories/gpt-5.6-sol/expgym/bc88d2d4698eda6f5772217e.json
de03048f87839d4d9e9538ec,gpt-5.6-sol,expgym,tuning,hpobench:nasbench101:A,cost_tight,single,2200,0,existing_trace_rescored,n1,"{""gap"": 93.8251911052671, ""gap0"": 93.8251911052671, ""raw_perf"": 0.9026442170143127}","{""gap"": 93.8251911052671, ""gap0"": 93.8251911052671, ""raw_perf"": 0.9026442170143127}",True,True,True,False,False,False,False,False,visible_configuration_match,21b13f4a936947012f773d8ca4d5169e5fe9386901fefaa7051353e5310ead8c,../deliveries/paper-ad03e8c-20260916/trajectories/gpt-5.6-sol/expgym/de03048f87839d4d9e9538ec.json
167f640fdcc1689258bdde76,gpt-5.6-sol,expgym,tuning,hpobench:nasbench101:A,cost_tight,single,2204,1,existing_trace_rescored,n1,"{""gap"": 98.44799536367735, ""gap0"": 98.44799536367735, ""raw_perf"": 0.9351629416147867}","{""gap"": 98.44799536367735, ""gap0"": 98.44799536367735, ""raw_perf"": 0.9351629416147867}",True,True,True,False,False,False,False,False,visible_configuration_match,fe487f3c844d273ecb11b1abc790f75e8533874657811e24031ab7cc4a79958f,../deliveries/paper-ad03e8c-20260916/trajectories/gpt-5.6-sol/expgym/167f640fdcc1689258bdde76.json
eb2a0c2ccbbb79e8db988306,gpt-5.6-sol,expgym,tuning,hpobench:nasbench101:A,cost_tight,single,2208,2,existing_trace_rescored,n1,"{""gap"": 97.56994496935738, ""gap0"": 97.56994496935738, ""raw_perf"": 0.9289863705635071}","{""gap"": 97.56994496935738, ""gap0"": 97.56994496935738, ""raw_perf"": 0.9289863705635071}",True,True,True,False,False,False,False,False,visible_configuration_match,9fb5c4eeba84da16607d51ab77ce50d176739afdc62f5c0e06ee0e815c1d5094,../deliveries/paper-ad03e8c-20260916/trajectories/gpt-5.6-sol/expgym/eb2a0c2ccbbb79e8db988306.json
e5e311eb5fbf7231e978068b,gpt-5.6-sol,expgym,tuning,hpobench:nasbench101:B,cost_tight,single,2200,0,existing_trace_rescored,n1,"{""gap"": 95.41464285319176, ""gap0"": 95.41464285319176, ""raw_perf"": 0.9372662901878357}","{""gap"": 95.41464285319176, ""gap0"": 95.41464285319176, ""raw_perf"": 0.9372662901878357}",True,True,True,False,False,False,False,False,visible_configuration_match,5ad1c7a4777a9b67bf020bd0ed3d45db319d54cddabdda449261b8ad7f7e84c7,../deliveries/paper-ad03e8c-20260916/trajectories/gpt-5.6-sol/expgym/e5e311eb5fbf7231e978068b.json
d41ee6b539980fb0080a6bc8,gpt-5.6-sol,expgym,tuning,hpobench:nasbench101:B,cost_tight,single,2204,1,existing_trace_rescored,n1,"{""gap"": 95.38844722760811, ""gap0"": 95.38844722760811, ""raw_perf"": 0.9371995329856873}","{""gap"": 95.38844722760811, ""gap0"": 95.38844722760811, ""raw_perf"": 0.9371995329856873}",True,True,True,False,False,False,False,False,visible_configuration_match,fafbe1b99551ced826384796922b6b5c771c2ac65562ba27f1042f8f715a9e1b,../deliveries/paper-ad03e8c-20260916/trajectories/gpt-5.6-sol/expgym/d41ee6b539980fb0080a6bc8.json
fe23bdb5bd6c15a9406fd8f5,gpt-5.6-sol,expgym,tuning,hpobench:nasbench101:B,cost_tight,single,2208,2,existing_trace_rescored,n1,"{""gap"": 95.58495340107122, ""gap0"": 95.58495340107122, ""raw_perf"": 0.9377003113428751}","{""gap"": 95.58495340107122, ""gap0"": 95.58495340107122, ""raw_perf"": 0.9377003113428751}",True,True,True,False,False,False,False,False,visible_configuration_match,ce0c5c4827f921a23b4448065a7fbd3a6fbb33ad657efbc35d9ebc6d5dd262ac,../deliveries/paper-ad03e8c-20260916/trajectories/gpt-5.6-sol/expgym/fe23bdb5bd6c15a9406fd8f5.json
55924e3c91421fcab6e889f8,gpt-5.6-sol,expgym,tuning,hpobench:nasbench101:C,cost_tight,single,2200,0,existing_trace_rescored,n1,"{""gap"": 99.59240575025322, ""gap0"": 99.59240575025322, ""raw_perf"": 0.9432759086290995}","{""gap"": 99.59240575025322, ""gap0"": 99.59240575025322, ""raw_perf"": 0.9432759086290995}",True,True,True,False,False,False,False,False,visible_configuration_match,a16c8e66120e6e087d0f5cbeea7a0527eadd66563c3f44857c8a0d53aa3fb19d,../deliveries/paper-ad03e8c-20260916/trajectories/gpt-5.6-sol/expgym/55924e3c91421fcab6e889f8.json
89f359260d4239bdbea55847,gpt-5.6-sol,expgym,tuning,hpobench:nasbench101:C,cost_tight,single,2204,1,existing_trace_rescored,n1,"{""gap"": 98.79493797567929, ""gap0"": 98.79493797567929, ""raw_perf"": 0.9387687047322592}","{""gap"": 98.79493797567929, ""gap0"": 98.79493797567929, ""raw_perf"": 0.9387687047322592}",True,True,True,False,False,False,False,False,visible_configuration_match,a187896f3ab331cc1c83e88f73b7c9a345b106e4cd577ba986ced010c2a104e2,../deliveries/paper-ad03e8c-20260916/trajectories/gpt-5.6-sol/expgym/89f359260d4239bdbea55847.json
0838ad42565eaf7010ac9f4a,gpt-5.6-sol,expgym,tuning,hpobench:nasbench101:C,cost_tight,single,2208,2,existing_trace_rescored,n1,"{""gap"": 98.65907088221746, ""gap0"": 98.65907088221746, ""raw_perf"": 0.9380007982254028}","{""gap"": 98.65907088221746, ""gap0"": 98.65907088221746, ""raw_perf"": 0.9380007982254028}",True,True,True,False,False,False,False,False,visible_configuration_match,a302da1d7c9b1d308d4f0c936d39dc67a886789d2d0edfc143abfa0ef35b9e4a,../deliveries/paper-ad03e8c-20260916/trajectories/gpt-5.6-sol/expgym/0838ad42565eaf7010ac9f4a.json
1ebab1b0d61379090b9ead9f,gpt-5.6-sol,expgym,tuning,hpobench:nasbench201:cifar10-valid,cost_tight,single,2200,0,existing_trace_rescored,n1,"{""gap"": 95.94639580914611, ""gap0"": 95.94639580914611, ""raw_perf"": 0.9128399999511718}","{""gap"": 95.94639580914611, ""gap0"": 95.94639580914611, ""raw_perf"": 0.9128399999511718}",True,True,True,False,False,False,False,False,visible_configuration_match,9f95b3652d3ed0208d299711225b860f4199a9b61f460d5e140e38609206ac4c,../deliveries/paper-ad03e8c-20260916/trajectories/gpt-5.6-sol/expgym/1ebab1b0d61379090b9ead9f.json
f51a35ad23d78d74b07dfac2,gpt-5.6-sol,expgym,tuning,hpobench:nasbench201:cifar10-valid,cost_tight,single,2204,1,existing_trace_rescored,n1,"{""gap"": 99.32998283650223, ""gap0"": 99.32998283650223, ""raw_perf"": 0.915533333235677}","{""gap"": 99.32998283650223, ""gap0"": 99.32998283650223, ""raw_perf"": 0.915533333235677}",True,True,True,False,False,False,False,False,visible_configuration_match,9f0ee5f00664b7334245b4c075346a99c182bddd43f1e890b161654f4886d259,../deliveries/paper-ad03e8c-20260916/trajectories/gpt-5.6-sol/expgym/f51a35ad23d78d74b07dfac2.json
4e82028cdf31b96aa22f24fb,gpt-5.6-sol,expgym,tuning,hpobench:nasbench201:cifar10-valid,cost_tight,single,2208,2,existing_trace_rescored,n1,"{""gap"": 97.68844051398445, ""gap0"": 97.68844051398445, ""raw_perf"": 0.9142266665120444}","{""gap"": 97.68844051398445, ""gap0"": 97.68844051398445, ""raw_perf"": 0.9142266665120444}",True,True,True,False,False,False,False,False,visible_configuration_match,3bf47ef8b20426a58d21563be61c54dcaf58e25f0e98ab0404d06406a2c847c1,../deliveries/paper-ad03e8c-20260916/trajectories/gpt-5.6-sol/expgym/4e82028cdf31b96aa22f24fb.json
68cfb192c1098cbf2bf7014a,gpt-5.6-sol,expgym,tuning,hpobench:nasbench201:cifar100,cost_tight,single,2200,0,existing_trace_rescored,n1,"{""gap"": 92.9016835448433, ""gap0"": 92.9016835448433, ""raw_perf"": 0.7263666666666666}","{""gap"": 92.9016835448433, ""gap0"": 92.9016835448433, ""raw_perf"": 0.7263666666666666}",True,True,True,False,False,False,False,False,visible_configuration_match,cc218ae2e42b2dd923c33ddd587a3d6fb6c9656b3e0f2454b2120d89745c649f,../deliveries/paper-ad03e8c-20260916/trajectories/gpt-5.6-sol/expgym/68cfb192c1098cbf2bf7014a.json
5512ac74d7e87f79f492e689,gpt-5.6-sol,expgym,tuning,hpobench:nasbench201:cifar100,cost_tight,single,2204,1,existing_trace_rescored,n1,"{""gap"": 92.9016835448433, ""gap0"": 92.9016835448433, ""raw_perf"": 0.7263666666666666}","{""gap"": 92.9016835448433, ""gap0"": 92.9016835448433, ""raw_perf"": 0.7263666666666666}",True,True,True,False,False,False,False,False,visible_configuration_match,26a516843872e0cc750fe6553b37e0fd4bd254f09d183df84b4afde8fed99bdf,../deliveries/paper-ad03e8c-20260916/trajectories/gpt-5.6-sol/expgym/5512ac74d7e87f79f492e689.json
c682e09103e4c13154ff76d8,gpt-5.6-sol,expgym,tuning,hpobench:nasbench201:cifar100,cost_tight,single,2208,2,existing_trace_rescored,n1,"{""gap"": 100.0, ""gap0"": 100.0, ""raw_perf"": 0.7350333333333333}","{""gap"": 100.0, ""gap0"": 100.0, ""raw_perf"": 0.7350333333333333}",True,True,True,False,False,False,False,False,visible_configuration_match,c47ad8791639487386613a53386fc595c0551228c6a2d684a0786593dcedc38c,../deliveries/paper-ad03e8c-20260916/trajectories/gpt-5.6-sol/expgym/c682e09103e4c13154ff76d8.json
21754a254c0fc0ec5a82e350,gpt-5.6-sol,expgym,tuning,hpobench:nasbench201:imagenet16-120,cost_tight,single,2200,0,existing_trace_rescored,n1,"{""gap"": 85.56257846823077, ""gap0"": 85.56257846823077, ""raw_perf"": 0.4493888889567057}","{""gap"": 85.56257846823077, ""gap0"": 85.56257846823077, ""raw_perf"": 0.4493888889567057}",True,True,True,False,False,False,False,False,visible_configuration_match,88d6f673a464739524f2ee1704f58e427e739d8928da9093281c9d9682325943,../deliveries/paper-ad03e8c-20260916/trajectories/gpt-5.6-sol/expgym/21754a254c0fc0ec5a82e350.json
3d0719a73bf5a7c0728da37f,gpt-5.6-sol,expgym,tuning,hpobench:nasbench201:imagenet16-120,cost_tight,single,2204,1,existing_trace_rescored,n1,"{""gap"": 85.56257846823077, ""gap0"": 85.56257846823077, ""raw_perf"": 0.4493888889567057}","{""gap"": 85.56257846823077, ""gap0"": 85.56257846823077, ""raw_perf"": 0.4493888889567057}",True,True,True,False,False,False,False,False,visible_configuration_match,66bc7d0748529ef3b4cf22d5688426dc6c79b52bdc8ddb1a5cc661677516da13,../deliveries/paper-ad03e8c-20260916/trajectories/gpt-5.6-sol/expgym/3d0719a73bf5a7c0728da37f.json
0b9c92d412cfe64e6cf2aa4d,gpt-5.6-sol,expgym,tuning,hpobench:nasbench201:imagenet16-120,cost_tight,single,2208,2,existing_trace_rescored,n1,"{""gap"": 80.42740235882293, ""gap0"": 80.42740235882293, ""raw_perf"": 0.44261111121283636}","{""gap"": 80.42740235882293, ""gap0"": 80.42740235882293, ""raw_perf"": 0.44261111121283636}",True,True,True,False,False,False,False,False,visible_configuration_match,e08f0eedefcafe928eb5cdfdf1355922e416487d74b07a857d0e330a58c49214,../deliveries/paper-ad03e8c-20260916/trajectories/gpt-5.6-sol/expgym/0b9c92d412cfe64e6cf2aa4d.json
4752231fd35eb4dfc8ea5119,gpt-5.6-sol,expgym,tuning,hpobench:paramnet:adult:steps,cost_tight,single,2200,0,existing_trace_rescored,n1,"{""gap"": 72.01344351468897, ""gap0"": 72.01344351468897, ""raw_perf"": 0.8422037010656462}","{""gap"": 72.01344351468897, ""gap0"": 72.01344351468897, ""raw_perf"": 0.8422037010656462}",True,True,True,False,False,False,False,False,legacy_best_visible_fallback,7a985c461e5e01005dabdbe10b3e5350e7ca7e49afd38dc2d3de134981bd16f4,../deliveries/paper-ad03e8c-20260916/trajectories/gpt-5.6-sol/expgym/4752231fd35eb4dfc8ea5119.json
323139961f184c330df81942,gpt-5.6-sol,expgym,tuning,hpobench:paramnet:adult:steps,cost_tight,single,2204,1,existing_trace_rescored,n1,"{""gap"": 72.01344351468897, ""gap0"": 72.01344351468897, ""raw_perf"": 0.8422037010656462}","{""gap"": 72.01344351468897, ""gap0"": 72.01344351468897, ""raw_perf"": 0.8422037010656462}",True,True,True,False,False,False,False,False,visible_configuration_match,14c4841c42f58b28e25b34123bda6db8500e97f3ecd0bacf71691651fc167bf4,../deliveries/paper-ad03e8c-20260916/trajectories/gpt-5.6-sol/expgym/323139961f184c330df81942.json
60f49ea0bf3e94a25c3245fe,gpt-5.6-sol,expgym,tuning,hpobench:paramnet:adult:steps,cost_tight,single,2208,2,existing_trace_rescored,n1,"{""gap"": 72.01344351468897, ""gap0"": 72.01344351468897, ""raw_perf"": 0.8422037010656462}","{""gap"": 72.01344351468897, ""gap0"": 72.01344351468897, ""raw_perf"": 0.8422037010656462}",True,True,True,False,False,False,False,False,legacy_best_visible_fallback,f2e42ade39f48805e614b3e65dc3c26c4b47975d17cac24fe387f0933fa736db,../deliveries/paper-ad03e8c-20260916/trajectories/gpt-5.6-sol/expgym/60f49ea0bf3e94a25c3245fe.json
cae22c8c72b7ca9d4023b8ad,gpt-5.6-sol,expgym,tuning,hpobench:paramnet:higgs:steps,cost_tight,single,2200,0,existing_trace_rescored,n1,"{""gap"": 86.32105447409677, ""gap0"": 86.32105447409677, ""raw_perf"": 0.7091605196265002}","{""gap"": 86.32105447409677, ""gap0"": 86.32105447409677, ""raw_perf"": 0.7091605196265002}",True,True,True,False,False,False,False,False,visible_configuration_match,218a125b6c6c98d112f54645135107b9a3cc9990a3623b3c3fd64d5b7e01fd76,../deliveries/paper-ad03e8c-20260916/trajectories/gpt-5.6-sol/expgym/cae22c8c72b7ca9d4023b8ad.json
eab97f29455bb15f8c537d72,gpt-5.6-sol,expgym,tuning,hpobench:paramnet:higgs:steps,cost_tight,single,2204,1,existing_trace_rescored,n1,"{""gap"": 90.16345865269587, ""gap0"": 90.16345865269587, ""raw_perf"": 0.7125046188398041}","{""gap"": 90.16345865269587, ""gap0"": 90.16345865269587, ""raw_perf"": 0.7125046188398041}",True,True,True,False,False,False,False,False,legacy_best_visible_fallback,8e451728c30642c2642e52806e4a317b1f3444bc4bbc0504f5510f4adaf3b248,../deliveries/paper-ad03e8c-20260916/trajectories/gpt-5.6-sol/expgym/eab97f29455bb15f8c537d72.json
786bd64008d63faffccb5bd6,gpt-5.6-sol,expgym,tuning,hpobench:paramnet:higgs:steps,cost_tight,single,2208,2,existing_trace_rescored,n1,"{""gap"": 92.62788858443731, ""gap0"": 92.62788858443731, ""raw_perf"": 0.7146494473932083}","{""gap"": 92.62788858443731, ""gap0"": 92.62788858443731, ""raw_perf"": 0.7146494473932083}",True,True,True,False,False,False,False,False,legacy_best_visible_fallback,6d7b6e19f5f29fccf1d363f7b8a55571e961451d05fcf10a1dad58a03dcb6faf,../deliveries/paper-ad03e8c-20260916/trajectories/gpt-5.6-sol/expgym/786bd64008d63faffccb5bd6.json
9ec7c1a0f623467a56593d84,gpt-5.6-sol,expgym,tuning,hpobench:paramnet:letter:steps,cost_tight,single,2200,0,existing_trace_rescored,n1,"{""gap"": 95.92470376797239, ""gap0"": 95.92470376797239, ""raw_perf"": 0.9437358623457299}","{""gap"": 95.92470376797239, ""gap0"": 95.92470376797239, ""raw_perf"": 0.9437358623457299}",True,True,True,False,False,False,False,False,visible_configuration_match,a619025933a7e360837e0e57e553294f32b52b756e29800f425888c8ee7ece64,../deliveries/paper-ad03e8c-20260916/trajectories/gpt-5.6-sol/expgym/9ec7c1a0f623467a56593d84.json
77d64a59c09b243ab2862e21,gpt-5.6-sol,expgym,tuning,hpobench:paramnet:letter:steps,cost_tight,single,2204,1,existing_trace_rescored,n1,"{""gap"": 96.58812433998004, ""gap0"": 96.58812433998004, ""raw_perf"": 0.9472184511883018}","{""gap"": 96.58812433998004, ""gap0"": 96.58812433998004, ""raw_perf"": 0.9472184511883018}",True,True,True,False,False,False,False,False,legacy_best_visible_fallback,4108217bca05edbbabf5ecb56f9b6efa26fe311b96ce6c07ef39b9dfa26f84ec,../deliveries/paper-ad03e8c-20260916/trajectories/gpt-5.6-sol/expgym/77d64a59c09b243ab2862e21.json
801c95ea497c6ba80733afd1,gpt-5.6-sol,expgym,tuning,hpobench:paramnet:letter:steps,cost_tight,single,2208,2,existing_trace_rescored,n1,"{""gap"": 93.58119472404823, ""gap0"": 93.58119472404823, ""raw_perf"": 0.9314337439110569}","{""gap"": 93.58119472404823, ""gap0"": 93.58119472404823, ""raw_perf"": 0.9314337439110569}",True,True,True,False,False,False,False,False,visible_configuration_match,58e08c552e6126e92899b54167d724e0c377b6ee52b49f9159902f5b4f2a3d94,../deliveries/paper-ad03e8c-20260916/trajectories/gpt-5.6-sol/expgym/801c95ea497c6ba80733afd1.json
006447b6f602efd00a360067,gpt-5.6-sol,poolact,tuning,hpobench:nasbench101:A,cost_moderate,cached,2200,0,existing_trace_rescored,paper-graph-lock-v4,"{""gap0_bon"": 99.44469442278952, ""gap0_mi"": 98.80633153212976, ""gap_bon"": 99.44469442278952, ""gap_mi"": 98.80633153212976, ""raw_perf_bon"": 0.9421741366386414, ""raw_perf_mi"": 0.9376836270093918}","{""gap0_bon"": 99.44469442278952, ""gap0_mi"": 98.80633153212976, ""gap_bon"": 99.44469442278952, ""gap_mi"": 98.80633153212976, ""raw_perf_bon"": 0.9421741366386414, ""raw_perf_mi"": 0.9376836270093918}",True,True,True,False,False,False,False,False,visible_configuration_match,10469b43a624c6bfe5ae415ae4dde6aac4aa5cc1f7833edc1d9c1bec46239658,../deliveries/paper-ad03e8c-20260916/trajectories/gpt-5.6-sol/poolact/006447b6f602efd00a360067.json
a637cd02b8f36dc57f142997,gpt-5.6-sol,poolact,tuning,hpobench:nasbench101:A,cost_moderate,cached,2204,1,existing_trace_rescored,paper-graph-lock-v4,"{""gap0_bon"": 99.34027806188918, ""gap0_mi"": 98.85616719119292, ""gap_bon"": 99.34027806188918, ""gap_mi"": 98.85616719119292, ""raw_perf_bon"": 0.9414396286010742, ""raw_perf_mi"": 0.9380341917276382}","{""gap0_bon"": 99.34027806188918, ""gap0_mi"": 98.85616719119292, ""gap_bon"": 99.34027806188918, ""gap_mi"": 98.85616719119292, ""raw_perf_bon"": 0.9414396286010742, ""raw_perf_mi"": 0.9380341917276382}",True,True,True,False,False,False,False,False,visible_configuration_match,72721d7f7a7d8c9550c341ebaaac56f1ea3efca13c71effd34ef44be06a0ea8d,../deliveries/paper-ad03e8c-20260916/trajectories/gpt-5.6-sol/poolact/a637cd02b8f36dc57f142997.json
c90ff2405d763b60635dade2,gpt-5.6-sol,poolact,tuning,hpobench:nasbench101:A,cost_moderate,cached,2208,2,existing_trace_rescored,paper-graph-lock-v4,"{""gap0_bon"": 99.48266323827231, ""gap0_mi"": 98.3708679414805, ""gap_bon"": 99.48266323827231, ""gap_mi"": 98.3708679414805, ""raw_perf_bon"": 0.9424412250518799, ""raw_perf_mi"": 0.9346203953027725}","{""gap0_bon"": 99.48266323827231, ""gap0_mi"": 98.3708679414805, ""gap_bon"": 99.48266323827231, ""gap_mi"": 98.3708679414805, ""raw_perf_bon"": 0.9424412250518799, ""raw_perf_mi"": 0.9346203953027725}",True,True,True,False,False,False,False,False,visible_configuration_match,fe05fbffb53228d56da6ab6ef9cdc1e50641c8b7ec6b5bcdb12723342f71a4a7,../deliveries/paper-ad03e8c-20260916/trajectories/gpt-5.6-sol/poolact/c90ff2405d763b60635dade2.json
ab04855209aa6d552623bc40,gpt-5.6-sol,poolact,tuning,hpobench:nasbench101:B,cost_moderate,cached,2200,0,existing_trace_rescored,paper-graph-lock-v4,"{""gap0_bon"": 98.25756210124405, ""gap0_mi"": 96.67889169120954, ""gap_bon"": 98.25756210124405, ""gap_mi"": 96.67889169120954, ""raw_perf_bon"": 0.9445112148920695, ""raw_perf_mi"": 0.9404881149530411}","{""gap0_bon"": 98.25756210124405, ""gap0_mi"": 96.67889169120954, ""gap_bon"": 98.25756210124405, ""gap_mi"": 96.67889169120954, ""raw_perf_bon"": 0.9445112148920695, ""raw_perf_mi"": 0.9404881149530411}",True,True,True,False,False,False,False,False,visible_configuration_match,eae55d4e53c34fb9fd34ac0048241c8a2f849eb6500468fe955e275786606a31,../deliveries/paper-ad03e8c-20260916/trajectories/gpt-5.6-sol/poolact/ab04855209aa6d552623bc40.json
83e4e9ed3286d296c66ee01a,gpt-5.6-sol,poolact,tuning,hpobench:nasbench101:B,cost_moderate,cached,2204,1,existing_trace_rescored,paper-graph-lock-v4,"{""gap0_bon"": 97.61561334810166, ""gap0_mi"": 96.3939460452123, ""gap_bon"": 97.61561334810166, ""gap_mi"": 96.3939460452123, ""raw_perf_bon"": 0.9428752660751343, ""raw_perf_mi"": 0.9397619565327963}","{""gap0_bon"": 97.61561334810166, ""gap0_mi"": 96.3939460452123, ""gap_bon"": 97.61561334810166, ""gap_mi"": 96.3939460452123, ""raw_perf_bon"": 0.9428752660751343, ""raw_perf_mi"": 0.9397619565327963}",True,True,True,False,False,False,False,False,visible_configuration_match,e47ce3dd53b18ce39dd530ec546633131490f9f44c24aca8c1ed3165296cd4f9,../deliveries/paper-ad03e8c-20260916/trajectories/gpt-5.6-sol/poolact/83e4e9ed3286d296c66ee01a.json
0079d0aad1a5a6200a67b8df,gpt-5.6-sol,poolact,tuning,hpobench:nasbench101:B,cost_moderate,cached,2208,2,existing_trace_rescored,paper-graph-lock-v4,"{""gap0_bon"": 98.06104813146378, ""gap0_mi"": 96.80335209800049, ""gap_bon"": 98.06104813146378, ""gap_mi"": 96.80335209800049, ""raw_perf_bon"": 0.9440104166666666, ""raw_perf_mi"": 0.9408052911361058}","{""gap0_bon"": 98.06104813146378, ""gap0_mi"": 96.80335209800049, ""gap_bon"": 98.06104813146378, ""gap_mi"": 96.80335209800049, ""raw_perf_bon"": 0.9440104166666666, ""raw_perf_mi"": 0.9408052911361058}",True,True,True,False,False,False,False,False,visible_configuration_match,4071db23574ddc3451e7c0bfc24e65ce98b836125fc8d562b2b8875f86108bd4,../deliveries/paper-ad03e8c-20260916/trajectories/gpt-5.6-sol/poolact/0079d0aad1a5a6200a67b8df.json
e31edf2f00c940864b9640f7,gpt-5.6-sol,poolact,tuning,hpobench:nasbench101:C,cost_moderate,cached,2200,0,existing_trace_rescored,paper-graph-lock-v4,"{""gap0_bon"": 99.6455679250119, ""gap0_mi"": 99.34873435782131, ""gap_bon"": 99.6455679250119, ""gap_mi"": 99.34873435782131, ""raw_perf_bon"": 0.9435763756434122, ""raw_perf_mi"": 0.9418987035751343}","{""gap0_bon"": 99.6455679250119, ""gap0_mi"": 99.34873435782131, ""gap_bon"": 99.6455679250119, ""gap_mi"": 99.34873435782131, ""raw_perf_bon"": 0.9435763756434122, ""raw_perf_mi"": 0.9418987035751343}",True,True,True,False,False,False,False,False,visible_configuration_match,e46c1cd37863ac9373da4f0be69eb261992584973c690e7cf0288ca637f139f1,../deliveries/paper-ad03e8c-20260916/trajectories/gpt-5.6-sol/poolact/e31edf2f00c940864b9640f7.json
e2c369d7bfc0de40ed66ca34,gpt-5.6-sol,poolact,tuning,hpobench:nasbench101:C,cost_moderate,cached,2204,1,existing_trace_rescored,paper-graph-lock-v4,"{""gap0_bon"": 99.77552928194035, ""gap0_mi"": 99.57911520656356, ""gap_bon"": 99.77552928194035, ""gap_mi"": 99.57911520656356, ""raw_perf_bon"": 0.9443109035491943, ""raw_perf_mi"": 0.9432007918755213}","{""gap0_bon"": 99.77552928194035, ""gap0_mi"": 99.57911520656356, ""gap_bon"": 99.77552928194035, ""gap_mi"": 99.57911520656356, ""raw_perf_bon"": 0.9443109035491943, ""raw_perf_mi"": 0.9432007918755213}",True,True,True,False,False,False,False,False,visible_configuration_match,9a79fdd9c152bfbf52ad96795ce5740b0cecb7bbacbd6d1019a25b11bd5511a3,../deliveries/paper-ad03e8c-20260916/trajectories/gpt-5.6-sol/poolact/e2c369d7bfc0de40ed66ca34.json
d58d89f4c59762b33a76cd41,gpt-5.6-sol,poolact,tuning,hpobench:nasbench101:C,cost_moderate,cached,2208,2,existing_trace_rescored,paper-graph-lock-v4,"{""gap0_bon"": 99.49788935848329, ""gap0_mi"": 99.06519045549055, ""gap_bon"": 99.49788935848329, ""gap_mi"": 99.06519045549055, ""raw_perf_bon"": 0.9427417119344076, ""raw_perf_mi"": 0.9402961432933807}","{""gap0_bon"": 99.49788935848329, ""gap0_mi"": 99.06519045549055, ""gap_bon"": 99.49788935848329, ""gap_mi"": 99.06519045549055, ""raw_perf_bon"": 0.9427417119344076, ""raw_perf_mi"": 0.9402961432933807}",True,True,True,False,False,False,False,False,legacy_best_visible_fallback;visible_configuration_match,e8d1bc3bed23c85bc8bb6f3b0a9fd3d6bbb055a2dc8a07afa29616cb1be19998,../deliveries/paper-ad03e8c-20260916/trajectories/gpt-5.6-sol/poolact/d58d89f4c59762b33a76cd41.json
7237a6eb5e812d2f20817700,gpt-5.6-sol,poolact,tuning,hpobench:nasbench101:A,cost_moderate,naive,2200,0,existing_trace_rescored,paper-graph-lock-v4,"{""gap0_bon"": 99.12195243011023, ""gap0_mi"": 98.84074085942447, ""gap_bon"": 99.12195243011023, ""gap_mi"": 98.84074085942447, ""raw_perf_bon"": 0.9399038354555765, ""raw_perf_mi"": 0.9379256765047709}","{""gap0_bon"": 99.12195243011023, ""gap0_mi"": 98.84074085942447, ""gap_bon"": 99.12195243011023, ""gap_mi"": 98.84074085942447, ""raw_perf_bon"": 0.9399038354555765, ""raw_perf_mi"": 0.9379256765047709}",True,True,True,False,False,False,False,False,visible_configuration_match,ff1b668598413facaaa105332cca01b96532b7d372958c3e29f9f7e320354a08,../deliveries/paper-ad03e8c-20260916/trajectories/gpt-5.6-sol/poolact/7237a6eb5e812d2f20817700.json
ec12ae11893bd23dd73112d9,gpt-5.6-sol,poolact,tuning,hpobench:nasbench101:A,cost_moderate,naive,2204,1,existing_trace_rescored,paper-graph-lock-v4,"{""gap0_bon"": 99.38773978735021, ""gap0_mi"": 98.40053081378609, ""gap_bon"": 99.38773978735021, ""gap_mi"": 98.40053081378609, ""raw_perf_bon"": 0.9417734940846761, ""raw_perf_mi"": 0.93482905626297}","{""gap0_bon"": 99.38773978735021, ""gap0_mi"": 98.40053081378609, ""gap_bon"": 99.38773978735021, ""gap_mi"": 98.40053081378609, ""raw_perf_bon"": 0.9417734940846761, ""raw_perf_mi"": 0.93482905626297}",True,True,True,False,False,False,False,False,visible_configuration_match,64e92e5900b9cab9e35026adf43fbd0e5c71a48455ae7feaaac2fcc8df391b7f,../deliveries/paper-ad03e8c-20260916/trajectories/gpt-5.6-sol/poolact/ec12ae11893bd23dd73112d9.json
3a23e7e95ce11b95141fced3,gpt-5.6-sol,poolact,tuning,hpobench:nasbench101:A,cost_moderate,naive,2208,2,existing_trace_rescored,paper-graph-lock-v4,"{""gap0_bon"": 99.42571142726322, ""gap0_mi"": 98.99024713050642, ""gap_bon"": 99.42571142726322, ""gap_mi"": 98.99024713050642, ""raw_perf_bon"": 0.9420406023661295, ""raw_perf_mi"": 0.9389773656924565}","{""gap0_bon"": 99.42571142726322, ""gap0_mi"": 98.99024713050642, ""gap_bon"": 99.42571142726322, ""gap_mi"": 98.99024713050642, ""raw_perf_bon"": 0.9420406023661295, ""raw_perf_mi"": 0.9389773656924565}",True,True,True,False,False,False,False,False,visible_configuration_match,da9086e8bd7b6fa00e0903360593f3cfc9a886332215f9c812ea9fb37cf8828c,../deliveries/paper-ad03e8c-20260916/trajectories/gpt-5.6-sol/poolact/3a23e7e95ce11b95141fced3.json
9caf35a22a854400d7b7a6cd,gpt-5.6-sol,poolact,tuning,hpobench:nasbench101:B,cost_moderate,naive,2200,0,existing_trace_rescored,paper-graph-lock-v4,"{""gap0_bon"": 96.97366459495926, ""gap0_mi"": 96.45289789725125, ""gap_bon"": 96.97366459495926, ""gap_mi"": 96.45289789725125, ""raw_perf_bon"": 0.9412393172581991, ""raw_perf_mi"": 0.9399121900399526}","{""gap0_bon"": 96.97366459495926, ""gap0_mi"": 96.45289789725125, ""gap_bon"": 96.97366459495926, ""gap_mi"": 96.45289789725125, ""raw_perf_bon"": 0.9412393172581991, ""raw_perf_mi"": 0.9399121900399526}",True,True,True,False,False,False,False,False,visible_configuration_match,af2a8216349800475ff9f4da1280152fe25eb69b27b1547c6915975310cd8cfe,../deliveries/paper-ad03e8c-20260916/trajectories/gpt-5.6-sol/poolact/9caf35a22a854400d7b7a6cd.json
c1e14404dbed47a9b0c5d296,gpt-5.6-sol,poolact,tuning,hpobench:nasbench101:B,cost_moderate,naive,2204,1,existing_trace_rescored,paper-graph-lock-v4,"{""gap0_bon"": 97.340489112619, ""gap0_mi"": 96.35791536555907, ""gap_bon"": 97.340489112619, ""gap_mi"": 96.35791536555907, ""raw_perf_bon"": 0.9421741366386414, ""raw_perf_mi"": 0.9396701355775198}","{""gap0_bon"": 97.340489112619, ""gap0_mi"": 96.35791536555907, ""gap_bon"": 97.340489112619, ""gap_mi"": 96.35791536555907, ""raw_perf_bon"": 0.9421741366386414, ""raw_perf_mi"": 0.9396701355775198}",True,True,True,False,False,False,False,False,visible_configuration_match,5e982d036a3518999a609a2071c84d3ac959a38c0c5669b7b517a5d2efa651f3,../deliveries/paper-ad03e8c-20260916/trajectories/gpt-5.6-sol/poolact/c1e14404dbed47a9b0c5d296.json
473ae190dc7d2575da0a2221,gpt-5.6-sol,poolact,tuning,hpobench:nasbench101:B,cost_moderate,naive,2208,2,existing_trace_rescored,paper-graph-lock-v4,"{""gap0_bon"": 98.00864908397935, ""gap0_mi"": 96.65924107386326, ""gap_bon"": 98.00864908397935, ""gap_mi"": 96.65924107386326, ""raw_perf_bon"": 0.9438768823941549, ""raw_perf_mi"": 0.9404380371173223}","{""gap0_bon"": 98.00864908397935, ""gap0_mi"": 96.65924107386326, ""gap_bon"": 98.00864908397935, ""gap_mi"": 96.65924107386326, ""raw_perf_bon"": 0.9438768823941549, ""raw_perf_mi"": 0.9404380371173223}",True,True,True,False,False,False,False,False,visible_configuration_match,4441a4cf4e4eff336a5ae8a7a7c3919a32142e7478c13ab479dbd68ae4aa86f1,../deliveries/paper-ad03e8c-20260916/trajectories/gpt-5.6-sol/poolact/473ae190dc7d2575da0a2221.json
482b1ef32e615df8f87c3742,gpt-5.6-sol,poolact,tuning,hpobench:nasbench101:C,cost_moderate,naive,2200,0,existing_trace_rescored,paper-graph-lock-v4,"{""gap0_bon"": 99.54514931202793, ""gap0_mi"": 98.84810190809765, ""gap_bon"": 99.54514931202793, ""gap_mi"": 98.84810190809765, ""raw_perf_bon"": 0.943008820215861, ""raw_perf_mi"": 0.9390691816806793}","{""gap0_bon"": 99.54514931202793, ""gap0_mi"": 98.84810190809765, ""gap_bon"": 99.54514931202793, ""gap_mi"": 98.84810190809765, ""raw_perf_bon"": 0.943008820215861, ""raw_perf_mi"": 0.9390691816806793}",True,True,True,False,False,False,False,False,visible_configuration_match,847e9f348f928191ce5a6f464d34671d796f19653f2f8cbededf10ffb509f793,../deliveries/paper-ad03e8c-20260916/trajectories/gpt-5.6-sol/poolact/482b1ef32e615df8f87c3742.json
d7dc7228ff7bb081bb2cf8a5,gpt-5.6-sol,poolact,tuning,hpobench:nasbench101:C,cost_moderate,naive,2204,1,existing_trace_rescored,paper-graph-lock-v4,"{""gap0_bon"": 99.59240575025322, ""gap0_mi"": 99.28375455818694, ""gap_bon"": 99.59240575025322, ""gap_mi"": 99.28375455818694, ""raw_perf_bon"": 0.9432759086290995, ""raw_perf_mi"": 0.9415314445892969}","{""gap0_bon"": 99.59240575025322, ""gap0_mi"": 99.28375455818694, ""gap_bon"": 99.59240575025322, ""gap_mi"": 99.28375455818694, ""raw_perf_bon"": 0.9432759086290995, ""raw_perf_mi"": 0.9415314445892969}",True,True,True,False,False,False,False,False,visible_configuration_match,633ab0f98be536f7247b87508efe5e6bbc1586b45716bd0f52aa249f5579d1c3,../deliveries/paper-ad03e8c-20260916/trajectories/gpt-5.6-sol/poolact/d7dc7228ff7bb081bb2cf8a5.json
5a405d40dbef60b8593e5f33,gpt-5.6-sol,poolact,tuning,hpobench:nasbench101:C,cost_moderate,naive,2208,2,existing_trace_rescored,paper-graph-lock-v4,"{""gap0_bon"": 99.2970451018766, ""gap0_mi"": 99.11982994321241, ""gap_bon"": 99.2970451018766, ""gap_mi"": 99.11982994321241, ""raw_perf_bon"": 0.9416065613428751, ""raw_perf_mi"": 0.9406049599250157}","{""gap0_bon"": 99.2970451018766, ""gap0_mi"": 99.11982994321241, ""gap_bon"": 99.2970451018766, ""gap_mi"": 99.11982994321241, ""raw_perf_bon"": 0.9416065613428751, ""raw_perf_mi"": 0.9406049599250157}",True,True,True,False,False,False,False,False,visible_configuration_match,1618078b26f49f44a68e5deba4e03b38629e1cd8708715384276889ff8b40864,../deliveries/paper-ad03e8c-20260916/trajectories/gpt-5.6-sol/poolact/5a405d40dbef60b8593e5f33.json
1d020ff2aea1de099f7854bd,gpt-5.6-sol,poolact,tuning,hpobench:nasbench101:A,cost_moderate,poolact,2200,0,existing_trace_rescored,paper-graph-lock-v4,"{""gap0_bon"": 99.59657533358111, ""gap0_mi"": 99.38062222318919, ""gap_bon"": 99.59657533358111, ""gap_mi"": 99.38062222318919, ""raw_perf_bon"": 0.9432425300280253, ""raw_perf_mi"": 0.9417234261830648}","{""gap0_bon"": 99.59657533358111, ""gap0_mi"": 99.38062222318919, ""gap_bon"": 99.59657533358111, ""gap_mi"": 99.38062222318919, ""raw_perf_bon"": 0.9432425300280253, ""raw_perf_mi"": 0.9417234261830648}",True,True,True,False,False,False,False,False,legacy_best_visible_fallback;visible_configuration_match,83627ecf9451905e1981b3c241d3d79cda4292abb1a378874c45bc6bf7b984b6,../deliveries/paper-ad03e8c-20260916/trajectories/gpt-5.6-sol/poolact/1d020ff2aea1de099f7854bd.json
9a07a7683b37a5cdcb15d863,gpt-5.6-sol,poolact,tuning,hpobench:nasbench101:A,cost_moderate,poolact,2204,1,existing_trace_rescored,paper-graph-lock-v4,"{""gap0_bon"": 98.96058425820081, ""gap0_mi"": 97.99710544125965, ""gap_bon"": 98.96058425820081, ""gap_mi"": 97.99710544125965, ""raw_perf_bon"": 0.9387687047322592, ""raw_perf_mi"": 0.9319911946853001}","{""gap0_bon"": 98.96058425820081, ""gap0_mi"": 97.99710544125965, ""gap_bon"": 98.96058425820081, ""gap_mi"": 97.99710544125965, ""raw_perf_bon"": 0.9387687047322592, ""raw_perf_mi"": 0.9319911946853001}",True,True,True,False,False,False,False,False,legacy_best_visible_fallback;visible_configuration_match,3c88fcb45fecc159dad5a2da034b9afad42bb2002e7a00a9a0d9aa7f72005340,../deliveries/paper-ad03e8c-20260916/trajectories/gpt-5.6-sol/poolact/9a07a7683b37a5cdcb15d863.json
1e1ba5e1512d35e65563a13e,gpt-5.6-sol,poolact,tuning,hpobench:nasbench101:A,cost_moderate,poolact,2208,2,existing_trace_rescored,paper-graph-lock-v4,"{""gap0_bon"": 99.24535461096708, ""gap0_mi"": 98.56071554943223, ""gap_bon"": 99.24535461096708, ""gap_mi"": 98.56071554943223, ""raw_perf_bon"": 0.9407718976338705, ""raw_perf_mi"": 0.9359558622042338}","{""gap0_bon"": 99.24535461096708, ""gap0_mi"": 98.56071554943223, ""gap_bon"": 99.24535461096708, ""gap_mi"": 98.56071554943223, ""raw_perf_bon"": 0.9407718976338705, ""raw_perf_mi"": 0.9359558622042338}",True,True,True,False,False,False,False,False,legacy_best_visible_fallback;visible_configuration_match,46e46fd7fcafe9e8d37c8d4c649f65c088de51cc5df6ccdac4400367031ddfc6,../deliveries/paper-ad03e8c-20260916/trajectories/gpt-5.6-sol/poolact/1e1ba5e1512d35e65563a13e.json
f6cfe81ba8657137665b33cc,gpt-5.6-sol,poolact,tuning,hpobench:nasbench101:B,cost_moderate,poolact,2200,0,existing_trace_rescored,paper-graph-lock-v4,"{""gap0_bon"": 97.90383539637615, ""gap0_mi"": 95.11659549624412, ""gap_bon"": 97.90383539637615, ""gap_mi"": 95.11659549624412, ""raw_perf_bon"": 0.9436097741127014, ""raw_perf_mi"": 0.9365067432324091}","{""gap0_bon"": 97.90383539637615, ""gap0_mi"": 95.11659549624412, ""gap_bon"": 97.90383539637615, ""gap_mi"": 95.11659549624412, ""raw_perf_bon"": 0.9436097741127014, ""raw_perf_mi"": 0.9365067432324091}",True,True,True,False,False,False,False,False,visible_configuration_match,f94591141381d2686a957286d197235156d07e99a02b4109fbe98610ee3a06f4,../deliveries/paper-ad03e8c-20260916/trajectories/gpt-5.6-sol/poolact/f6cfe81ba8657137665b33cc.json
3655b9ce3aebf994c034b711,gpt-5.6-sol,poolact,tuning,hpobench:nasbench101:B,cost_moderate,poolact,2204,1,existing_trace_rescored,paper-graph-lock-v4,"{""gap0_bon"": 98.12656058437435, ""gap0_mi"": 95.13297555855102, ""gap_bon"": 98.12656058437435, ""gap_mi"": 95.13297555855102, ""raw_perf_bon"": 0.9441773692766825, ""raw_perf_mi"": 0.9365484863519669}","{""gap0_bon"": 98.12656058437435, ""gap0_mi"": 95.13297555855102, ""gap_bon"": 98.12656058437435, ""gap_mi"": 95.13297555855102, ""raw_perf_bon"": 0.9441773692766825, ""raw_perf_mi"": 0.9365484863519669}",True,True,True,False,False,False,False,False,visible_configuration_match,a6a59cc6d5dc649439302bb424cc0ae3e770b8c4ab6b9969b30c65b634e71e90,../deliveries/paper-ad03e8c-20260916/trajectories/gpt-5.6-sol/poolact/3655b9ce3aebf994c034b711.json
978ff57187fd1f2eb1b334de,gpt-5.6-sol,poolact,tuning,hpobench:nasbench101:B,cost_moderate,poolact,2208,2,existing_trace_rescored,paper-graph-lock-v4,"{""gap0_bon"": 99.06982140226596, ""gap0_mi"": 98.18223018689821, ""gap_bon"": 99.06982140226596, ""gap_mi"": 98.18223018689821, ""raw_perf_bon"": 0.9465811848640442, ""raw_perf_mi"": 0.9443192382653555}","{""gap0_bon"": 99.06982140226596, ""gap0_mi"": 98.18223018689821, ""gap_bon"": 99.06982140226596, ""gap_mi"": 98.18223018689821, ""raw_perf_bon"": 0.9465811848640442, ""raw_perf_mi"": 0.9443192382653555}",True,True,True,False,False,False,False,False,legacy_best_visible_fallback;visible_configuration_match,4ca135f7c876bfb9dfe569a488edb52e8644908f1f98a6695d3cbd64790fc9af,../deliveries/paper-ad03e8c-20260916/trajectories/gpt-5.6-sol/poolact/978ff57187fd1f2eb1b334de.json
313d20c2590ee6d51b008d5a,gpt-5.6-sol,poolact,tuning,hpobench:nasbench101:C,cost_moderate,poolact,2200,0,existing_trace_rescored,paper-graph-lock-v4,"{""gap0_bon"": 99.23206793873176, ""gap0_mi"": 99.21582364794556, ""gap_bon"": 99.23206793873176, ""gap_mi"": 99.21582364794556, ""raw_perf_bon"": 0.9412393172581991, ""raw_perf_mi"": 0.94114750623703}","{""gap0_bon"": 99.23206793873176, ""gap0_mi"": 99.21582364794556, ""gap_bon"": 99.23206793873176, ""gap_mi"": 99.21582364794556, ""raw_perf_bon"": 0.9412393172581991, ""raw_perf_mi"": 0.94114750623703}",True,True,True,False,False,False,False,False,legacy_best_visible_fallback;visible_configuration_match,6f7f0584f342f013da13047883fe803d34a02219da016f0a8a2fc284c6d880d1,../deliveries/paper-ad03e8c-20260916/trajectories/gpt-5.6-sol/poolact/313d20c2590ee6d51b008d5a.json
67ed9c8d3eb232e0a60a5e83,gpt-5.6-sol,poolact,tuning,hpobench:nasbench101:C,cost_moderate,poolact,2204,1,existing_trace_rescored,paper-graph-lock-v4,"{""gap0_bon"": 100.88017269327707, ""gap0_mi"": 99.03417830805147, ""gap_bon"": 100.88017269327707, ""gap_mi"": 99.03417830805147, ""raw_perf_bon"": 0.9505542318026224, ""raw_perf_mi"": 0.9401208659013112}","{""gap0_bon"": 100.88017269327707, ""gap0_mi"": 99.03417830805147, ""gap_bon"": 100.88017269327707, ""gap_mi"": 99.03417830805147, ""raw_perf_bon"": 0.9505542318026224, ""raw_perf_mi"": 0.9401208659013112}",True,True,True,False,False,False,False,False,legacy_best_visible_fallback;visible_configuration_match,96b2b0e87640416ee573a9f46a6e45e4194ca06ab2ad233ae9b9b12a3ce9529b,../deliveries/paper-ad03e8c-20260916/trajectories/gpt-5.6-sol/poolact/67ed9c8d3eb232e0a60a5e83.json
49c04ff1489785b13cdb6f5d,gpt-5.6-sol,poolact,tuning,hpobench:nasbench101:C,cost_moderate,poolact,2208,2,existing_trace_rescored,paper-graph-lock-v4,"{""gap0_bon"": 99.71054860347613, ""gap0_mi"": 99.08291205923994, ""gap_bon"": 99.71054860347613, ""gap_mi"": 99.08291205923994, ""raw_perf_bon"": 0.9439436395963033, ""raw_perf_mi"": 0.9403963039318721}","{""gap0_bon"": 99.71054860347613, ""gap0_mi"": 99.08291205923994, ""gap_bon"": 99.71054860347613, ""gap_mi"": 99.08291205923994, ""raw_perf_bon"": 0.9439436395963033, ""raw_perf_mi"": 0.9403963039318721}",True,True,True,False,False,False,False,False,legacy_best_visible_fallback;visible_configuration_match,258448324da95b655bfa051576cb10b80a1371c26fd6fe3405567d0129c16d26,../deliveries/paper-ad03e8c-20260916/trajectories/gpt-5.6-sol/poolact/49c04ff1489785b13cdb6f5d.json
1bf869292c657cc41f54e70c,gpt-5.6-sol,poolact,tuning,hpobench:nasbench101:A,cost_tight,cached,2200,0,existing_trace_rescored,paper-graph-lock-v3,"{""gap0_bon"": 98.7470036691959, ""gap0_mi"": 97.46671557525809, ""gap_bon"": 98.7470036691959, ""gap_mi"": 97.46671557525809, ""raw_perf_bon"": 0.9372662901878357, ""raw_perf_mi"": 0.9282602121432623}","{""gap0_bon"": 98.7470036691959, ""gap0_mi"": 97.46671557525809, ""gap_bon"": 98.7470036691959, ""gap_mi"": 97.46671557525809, ""raw_perf_bon"": 0.9372662901878357, ""raw_perf_mi"": 0.9282602121432623}",True,True,True,False,False,False,False,False,benchmark_evaluation;visible_configuration_match,3ea84eb44315d814d41920c5a5d76369040413b156fda8f6948ec9c5ae3af643,../deliveries/paper-ad03e8c-20260916/trajectories/gpt-5.6-sol/poolact/1bf869292c657cc41f54e70c.json
539e642809f495623ca41945,gpt-5.6-sol,poolact,tuning,hpobench:nasbench101:A,cost_tight,cached,2204,1,existing_trace_rescored,paper-graph-lock-v3,"{""gap0_bon"": 99.25959538814958, ""gap0_mi"": 97.56757315407792, ""gap_bon"": 99.25959538814958, ""gap_mi"": 97.56757315407792, ""raw_perf_bon"": 0.940872073173523, ""raw_perf_mi"": 0.9289696862300237}","{""gap0_bon"": 99.25959538814958, ""gap0_mi"": 97.56757315407792, ""gap_bon"": 99.25959538814958, ""gap_mi"": 97.56757315407792, ""raw_perf_bon"": 0.940872073173523, ""raw_perf_mi"": 0.9289696862300237}",True,True,True,False,False,False,False,False,visible_configuration_match,2e2c05aa4a684f7e451be0c244921e15051a9b0847bb1aa6050c646683af7e88,../deliveries/paper-ad03e8c-20260916/trajectories/gpt-5.6-sol/poolact/539e642809f495623ca41945.json
85e2ea4bb7bfdb4991dc2203,gpt-5.6-sol,poolact,tuning,hpobench:nasbench101:A,cost_tight,cached,2208,2,existing_trace_rescored,paper-graph-lock-v3,"{""gap0_bon"": 99.38774261178044, ""gap0_mi"": 98.73395268324468, ""gap_bon"": 99.38774261178044, ""gap_mi"": 98.73395268324468, ""raw_perf_bon"": 0.941773513952891, ""raw_perf_mi"": 0.9371744841337204}","{""gap0_bon"": 99.38774261178044, ""gap0_mi"": 98.73395268324468, ""gap_bon"": 99.38774261178044, ""gap_mi"": 98.73395268324468, ""raw_perf_bon"": 0.941773513952891, ""raw_perf_mi"": 0.9371744841337204}",True,True,True,False,False,False,False,False,visible_configuration_match,587615c6d597f3e3570aa8faacc1c6745ac1b22cf4d84d48b3c6f9c97ac92b01,../deliveries/paper-ad03e8c-20260916/trajectories/gpt-5.6-sol/poolact/85e2ea4bb7bfdb4991dc2203.json
af36622d7b754ceceac38a7e,gpt-5.6-sol,poolact,tuning,hpobench:nasbench101:B,cost_tight,cached,2200,0,existing_trace_rescored,paper-graph-lock-v3,"{""gap0_bon"": 95.8862810584547, ""gap0_mi"": 86.08999807400275, ""gap_bon"": 95.8862810584547, ""gap_mi"": 86.08999807400275, ""raw_perf_bon"": 0.9384682178497314, ""raw_perf_mi"": 0.9135032693545024}","{""gap0_bon"": 95.8862810584547, ""gap0_mi"": 86.08999807400275, ""gap_bon"": 95.8862810584547, ""gap_mi"": 86.08999807400275, ""raw_perf_bon"": 0.9384682178497314, ""raw_perf_mi"": 0.9135032693545024}",True,True,True,False,False,False,False,False,visible_configuration_match,e91960df40ee92118108204315c7091d74bf62003cc0b0c9c2f802ec4c74dee8,../deliveries/paper-ad03e8c-20260916/trajectories/gpt-5.6-sol/poolact/af36622d7b754ceceac38a7e.json
fcc673ce3cb4b3d3038aa1d4,gpt-5.6-sol,poolact,tuning,hpobench:nasbench101:B,cost_tight,cached,2204,1,existing_trace_rescored,paper-graph-lock-v3,"{""gap0_bon"": 96.00419255884972, ""gap0_mi"": 93.03353650172923, ""gap_bon"": 96.00419255884972, ""gap_mi"": 93.03353650172923, ""raw_perf_bon"": 0.9387687047322592, ""raw_perf_mi"": 0.9311982542276382}","{""gap0_bon"": 96.00419255884972, ""gap0_mi"": 93.03353650172923, ""gap_bon"": 96.00419255884972, ""gap_mi"": 93.03353650172923, ""raw_perf_bon"": 0.9387687047322592, ""raw_perf_mi"": 0.9311982542276382}",True,True,True,False,False,False,False,False,visible_configuration_match,eb7c4476dcaefa7fac18e8dde9d81246cf12008f1b671dc24deed868dea3e992,../deliveries/paper-ad03e8c-20260916/trajectories/gpt-5.6-sol/poolact/fcc673ce3cb4b3d3038aa1d4.json
981cb0cad61ce546bec1145e,gpt-5.6-sol,poolact,tuning,hpobench:nasbench101:B,cost_tight,cached,2208,2,existing_trace_rescored,paper-graph-lock-v3,"{""gap0_bon"": 97.62871895721064, ""gap0_mi"": 95.30000970415327, ""gap_bon"": 97.62871895721064, ""gap_mi"": 95.30000970415327, ""raw_perf_bon"": 0.9429086645444235, ""raw_perf_mi"": 0.9369741578896841}","{""gap0_bon"": 97.62871895721064, ""gap0_mi"": 95.30000970415327, ""gap_bon"": 97.62871895721064, ""gap_mi"": 95.30000970415327, ""raw_perf_bon"": 0.9429086645444235, ""raw_perf_mi"": 0.9369741578896841}",True,True,True,False,False,False,False,False,visible_configuration_match,bc06ef500cbefaf6073484a13c3bf2b45b0c6a78ec8a16529f8029095cf38332,../deliveries/paper-ad03e8c-20260916/trajectories/gpt-5.6-sol/poolact/981cb0cad61ce546bec1145e.json
1a79a5c726d13a6e74efada2,gpt-5.6-sol,poolact,tuning,hpobench:nasbench101:C,cost_tight,cached,2200,0,existing_trace_rescored,paper-graph-lock-v3,"{""gap0_bon"": 99.38565575711316, ""gap0_mi"": 98.54535908905429, ""gap_bon"": 99.38565575711316, ""gap_mi"": 98.54535908905429, ""raw_perf_bon"": 0.9421073794364929, ""raw_perf_mi"": 0.9373581111431122}","{""gap0_bon"": 99.38565575711316, ""gap0_mi"": 98.54535908905429, ""gap_bon"": 99.38565575711316, ""gap_mi"": 98.54535908905429, ""raw_perf_bon"": 0.9421073794364929, ""raw_perf_mi"": 0.9373581111431122}",True,True,True,False,False,False,False,False,visible_configuration_match,28c4db812bd5166b0e4bc493f0bdc81676304387a233299122058e37d763f764,../deliveries/paper-ad03e8c-20260916/trajectories/gpt-5.6-sol/poolact/1a79a5c726d13a6e74efada2.json
f62bc2160ed3173ba2694758,gpt-5.6-sol,poolact,tuning,hpobench:nasbench101:C,cost_tight,cached,2204,1,existing_trace_rescored,paper-graph-lock-v3,"{""gap0_bon"": 98.81265870059883, ""gap0_mi"": 98.45379644438088, ""gap_bon"": 98.81265870059883, ""gap_mi"": 98.45379644438088, ""raw_perf_bon"": 0.9388688604036967, ""raw_perf_mi"": 0.936840608716011}","{""gap0_bon"": 98.81265870059883, ""gap0_mi"": 98.45379644438088, ""gap_bon"": 98.81265870059883, ""gap_mi"": 98.45379644438088, ""raw_perf_bon"": 0.9388688604036967, ""raw_perf_mi"": 0.936840608716011}",True,True,True,False,False,False,False,False,visible_configuration_match,15af4f47d1a27ab3e6909ae22748f96b277349b57aff90050d378a294bbd75c3,../deliveries/paper-ad03e8c-20260916/trajectories/gpt-5.6-sol/poolact/f62bc2160ed3173ba2694758.json
1eb760c0d8c3294103d021cc,gpt-5.6-sol,poolact,tuning,hpobench:nasbench101:C,cost_tight,cached,2208,2,existing_trace_rescored,paper-graph-lock-v3,"{""gap0_bon"": 99.59240575025322, ""gap0_mi"": 99.25421972371106, ""gap_bon"": 99.59240575025322, ""gap_mi"": 99.25421972371106, ""raw_perf_bon"": 0.9432759086290995, ""raw_perf_mi"": 0.9413645168145497}","{""gap0_bon"": 99.59240575025322, ""gap0_mi"": 99.25421972371106, ""gap_bon"": 99.59240575025322, ""gap_mi"": 99.25421972371106, ""raw_perf_bon"": 0.9432759086290995, ""raw_perf_mi"": 0.9413645168145497}",True,True,True,False,False,False,False,False,visible_configuration_match,ace4058530f1310b83c5fb0931bac32f36304e92234a3afa4c7c0df6d04fdb26,../deliveries/paper-ad03e8c-20260916/trajectories/gpt-5.6-sol/poolact/1eb760c0d8c3294103d021cc.json
7d33a72f27aecb7dea40f298,gpt-5.6-sol,poolact,tuning,hpobench:nasbench101:A,cost_tight,naive,2200,0,existing_trace_rescored,paper-graph-lock-v3,"{""gap0_bon"": 99.29281633642812, ""gap0_mi"": 95.67502484749032, ""gap_bon"": 99.29281633642812, ""gap_mi"": 95.67502484749032, ""raw_perf_bon"": 0.9411057631174723, ""raw_perf_mi"": 0.915656715631485}","{""gap0_bon"": 99.29281633642812, ""gap0_mi"": 95.67502484749032, ""gap_bon"": 99.29281633642812, ""gap_mi"": 95.67502484749032, ""raw_perf_bon"": 0.9411057631174723, ""raw_perf_mi"": 0.915656715631485}",True,True,True,False,False,False,False,False,benchmark_evaluation;visible_configuration_match,585205fa455418cbc17904625311a860d2d32caeb7d8a1c6490953ac32892950,../deliveries/paper-ad03e8c-20260916/trajectories/gpt-5.6-sol/poolact/7d33a72f27aecb7dea40f298.json
16ae12564cc50cdeba20b922,gpt-5.6-sol,poolact,tuning,hpobench:nasbench101:A,cost_tight,naive,2204,1,existing_trace_rescored,paper-graph-lock-v3,"{""gap0_bon"": 99.67725800732072, ""gap0_mi"": 97.63401928728035, ""gap_bon"": 99.67725800732072, ""gap_mi"": 97.63401928728035, ""raw_perf_bon"": 0.9438100854555765, ""raw_perf_mi"": 0.9294370959202448}","{""gap0_bon"": 99.67725800732072, ""gap0_mi"": 97.63401928728035, ""gap_bon"": 99.67725800732072, ""gap_mi"": 97.63401928728035, ""raw_perf_bon"": 0.9438100854555765, ""raw_perf_mi"": 0.9294370959202448}",True,True,True,False,False,False,False,False,visible_configuration_match,cd4928bfcdcc96486c6b0516d9cf3fa2bd9dd4ede6ac62058d70f860e4f94ccc,../deliveries/paper-ad03e8c-20260916/trajectories/gpt-5.6-sol/poolact/16ae12564cc50cdeba20b922.json
553e6fdddcfd34526e5ea3c1,gpt-5.6-sol,poolact,tuning,hpobench:nasbench101:A,cost_tight,naive,2208,2,existing_trace_rescored,paper-graph-lock-v3,"{""gap0_bon"": 98.96058425820081, ""gap0_mi"": 98.18813930990488, ""gap_bon"": 98.96058425820081, ""gap_mi"": 98.18813930990488, ""raw_perf_bon"": 0.9387687047322592, ""raw_perf_mi"": 0.93333500623703}","{""gap0_bon"": 98.96058425820081, ""gap0_mi"": 98.18813930990488, ""gap_bon"": 98.96058425820081, ""gap_mi"": 98.18813930990488, ""raw_perf_bon"": 0.9387687047322592, ""raw_perf_mi"": 0.93333500623703}",True,True,True,False,False,False,False,False,visible_configuration_match,f5079a186c2c0da2fd48a73e01aca5e66fb9c4a1ffeeaad19c25665ae7f9f3ea,../deliveries/paper-ad03e8c-20260916/trajectories/gpt-5.6-sol/poolact/553e6fdddcfd34526e5ea3c1.json
1257415b252d66e71653bfb2,gpt-5.6-sol,poolact,tuning,hpobench:nasbench101:B,cost_tight,naive,2200,0,existing_trace_rescored,paper-graph-lock-v3,"{""gap0_bon"": 96.06969721544314, ""gap0_mi"": 95.29018439548011, ""gap_bon"": 96.06969721544314, ""gap_mi"": 95.29018439548011, ""raw_perf_bon"": 0.9389356374740601, ""raw_perf_mi"": 0.9369491189718246}","{""gap0_bon"": 96.06969721544314, ""gap0_mi"": 95.29018439548011, ""gap_bon"": 96.06969721544314, ""gap_mi"": 95.29018439548011, ""raw_perf_bon"": 0.9389356374740601, ""raw_perf_mi"": 0.9369491189718246}",True,True,True,False,False,False,False,False,visible_configuration_match,8ad5b24299264d63f403e278673f9b409122cfddc047286476d75d42ef4307ac,../deliveries/paper-ad03e8c-20260916/trajectories/gpt-5.6-sol/poolact/1257415b252d66e71653bfb2.json
a2acb92c59ae7982ff7f3bd1,gpt-5.6-sol,poolact,tuning,hpobench:nasbench101:B,cost_tight,naive,2204,1,existing_trace_rescored,paper-graph-lock-v3,"{""gap0_bon"": 97.14397514283873, ""gap0_mi"": 95.70286685054555, ""gap_bon"": 97.14397514283873, ""gap_mi"": 95.70286685054555, ""raw_perf_bon"": 0.9416733384132385, ""raw_perf_mi"": 0.9380008031924566}","{""gap0_bon"": 97.14397514283873, ""gap0_mi"": 95.70286685054555, ""gap_bon"": 97.14397514283873, ""gap_mi"": 95.70286685054555, ""raw_perf_bon"": 0.9416733384132385, ""raw_perf_mi"": 0.9380008031924566}",True,True,True,False,False,False,False,False,visible_configuration_match,934f95e6bfbb8b7fae159532dc19300f71c5bc669dd91bcf179e044f4b2d2db5,../deliveries/paper-ad03e8c-20260916/trajectories/gpt-5.6-sol/poolact/a2acb92c59ae7982ff7f3bd1.json
44ec9b98e1c4caf73fe1f9c2,gpt-5.6-sol,poolact,tuning,hpobench:nasbench101:B,cost_tight,naive,2208,2,existing_trace_rescored,paper-graph-lock-v3,"{""gap0_bon"": 95.82077640186128, ""gap0_mi"": 94.63185752911006, ""gap_bon"": 95.82077640186128, ""gap_mi"": 94.63185752911006, ""raw_perf_bon"": 0.9383012851079305, ""raw_perf_mi"": 0.9352714320023855}","{""gap0_bon"": 95.82077640186128, ""gap0_mi"": 94.63185752911006, ""gap_bon"": 95.82077640186128, ""gap_mi"": 94.63185752911006, ""raw_perf_bon"": 0.9383012851079305, ""raw_perf_mi"": 0.9352714320023855}",True,True,True,False,False,False,False,False,visible_configuration_match,324b4ae1b3732053da51e6846bf72534e137f27b3c8e793f928662170d200f98,../deliveries/paper-ad03e8c-20260916/trajectories/gpt-5.6-sol/poolact/44ec9b98e1c4caf73fe1f9c2.json
72e8d42e4b04adfe7a8c2b00,gpt-5.6-sol,poolact,tuning,hpobench:nasbench101:C,cost_tight,naive,2200,0,existing_trace_rescored,paper-graph-lock-v3,"{""gap0_bon"": 99.20253222542603, ""gap0_mi"": 98.29873482835566, ""gap_bon"": 99.20253222542603, ""gap_mi"": 98.29873482835566, ""raw_perf_bon"": 0.9410723845163981, ""raw_perf_mi"": 0.9359642167886097}","{""gap0_bon"": 99.20253222542603, ""gap0_mi"": 98.29873482835566, ""gap_bon"": 99.20253222542603, ""gap_mi"": 98.29873482835566, ""raw_perf_bon"": 0.9410723845163981, ""raw_perf_mi"": 0.9359642167886097}",True,True,True,False,False,False,False,False,visible_configuration_match,b853a6d7eba1d144fac585aa225af3008ef57658fe8600841dd09519db43ee14,../deliveries/paper-ad03e8c-20260916/trajectories/gpt-5.6-sol/poolact/72e8d42e4b04adfe7a8c2b00.json
ecc67fc4c4e4e42059f26b69,gpt-5.6-sol,poolact,tuning,hpobench:nasbench101:C,cost_tight,naive,2204,1,existing_trace_rescored,paper-graph-lock-v3,"{""gap0_bon"": 98.37552873754636, ""gap0_mi"": 95.61687483513091, ""gap_bon"": 98.37552873754636, ""gap_mi"": 95.61687483513091, ""raw_perf_bon"": 0.9363982478777567, ""raw_perf_mi"": 0.920806626478831}","{""gap0_bon"": 98.37552873754636, ""gap0_mi"": 95.61687483513091, ""gap_bon"": 98.37552873754636, ""gap_mi"": 95.61687483513091, ""raw_perf_bon"": 0.9363982478777567, ""raw_perf_mi"": 0.920806626478831}",True,True,True,False,False,False,False,False,visible_configuration_match,2860cd907cdb0e09d85c562c020f92d670decac502abb7849bec5c5dfc4c616c,../deliveries/paper-ad03e8c-20260916/trajectories/gpt-5.6-sol/poolact/ecc67fc4c4e4e42059f26b69.json
44c279394edb3e9ad6fc3db5,gpt-5.6-sol,poolact,tuning,hpobench:nasbench101:C,cost_tight,naive,2208,2,existing_trace_rescored,paper-graph-lock-v3,"{""gap0_bon"": 99.22616220219837, ""gap0_mi"": 98.7314354890081, ""gap_bon"": 99.22616220219837, ""gap_mi"": 98.7314354890081, ""raw_perf_bon"": 0.9412059386571249, ""raw_perf_mi"": 0.9384097953637441}","{""gap0_bon"": 99.22616220219837, ""gap0_mi"": 98.7314354890081, ""gap_bon"": 99.22616220219837, ""gap_mi"": 98.7314354890081, ""raw_perf_bon"": 0.9412059386571249, ""raw_perf_mi"": 0.9384097953637441}",True,True,True,False,False,False,False,False,legacy_best_visible_fallback;visible_configuration_match,c649ceeca00dbc5e3e9e55f2b18f35fe3e528262d41caa492002cf7a24d9b6b1,../deliveries/paper-ad03e8c-20260916/trajectories/gpt-5.6-sol/poolact/44c279394edb3e9ad6fc3db5.json
7edb4e9148fa93c91d898a92,gpt-5.6-sol,poolact,tuning,hpobench:nasbench101:A,cost_tight,poolact,2200,0,existing_trace_rescored,paper-graph-lock-v3,"{""gap0_bon"": 99.54436574091585, ""gap0_mi"": 98.71259363579361, ""gap_bon"": 99.54436574091585, ""gap_mi"": 98.71259363579361, ""raw_perf_bon"": 0.9428752660751343, ""raw_perf_mi"": 0.9370242357254028}","{""gap0_bon"": 99.54436574091585, ""gap0_mi"": 98.71259363579361, ""gap_bon"": 99.54436574091585, ""gap_mi"": 98.71259363579361, ""raw_perf_bon"": 0.9428752660751343, ""raw_perf_mi"": 0.9370242357254028}",True,True,True,False,False,False,False,False,legacy_best_visible_fallback;visible_configuration_match,14759290705841a38228863240e643949aa22c4143a6232f63770add4f888fc3,../deliveries/paper-ad03e8c-20260916/trajectories/gpt-5.6-sol/poolact/7edb4e9148fa93c91d898a92.json
0aa854be1610459f67f8176b,gpt-5.6-sol,poolact,tuning,hpobench:nasbench101:A,cost_tight,poolact,2204,1,existing_trace_rescored,paper-graph-lock-v3,"{""gap0_bon"": 98.96058425820081, ""gap0_mi"": 97.67792293676845, ""gap_bon"": 98.96058425820081, ""gap_mi"": 97.67792293676845, ""raw_perf_bon"": 0.9387687047322592, ""raw_perf_mi"": 0.9297459324200948}","{""gap0_bon"": 98.96058425820081, ""gap0_mi"": 97.67792293676845, ""gap_bon"": 98.96058425820081, ""gap_mi"": 97.67792293676845, ""raw_perf_bon"": 0.9387687047322592, ""raw_perf_mi"": 0.9297459324200948}",True,True,True,False,False,False,False,False,legacy_best_visible_fallback;visible_configuration_match,b9114efbb23b5bd81eda123acc3cc6e5f1663b3e8c1f1cfe71882f2134df418b,../deliveries/paper-ad03e8c-20260916/trajectories/gpt-5.6-sol/poolact/0aa854be1610459f67f8176b.json
dbdd0975b2efe8af2740cdac,gpt-5.6-sol,poolact,tuning,hpobench:nasbench101:A,cost_tight,poolact,2208,2,existing_trace_rescored,paper-graph-lock-v3,"{""gap0_bon"": 98.81819625738747, ""gap0_mi"": 97.22347352616268, ""gap_bon"": 98.81819625738747, ""gap_mi"": 97.22347352616268, ""raw_perf_bon"": 0.9377670884132385, ""raw_perf_mi"": 0.9265491465727488}","{""gap0_bon"": 98.81819625738747, ""gap0_mi"": 97.22347352616268, ""gap_bon"": 98.81819625738747, ""gap_mi"": 97.22347352616268, ""raw_perf_bon"": 0.9377670884132385, ""raw_perf_mi"": 0.9265491465727488}",True,True,True,False,False,False,False,False,legacy_best_visible_fallback;visible_configuration_match,099ff1d83c1ca55bad2f323d45bd40b910385dddf81731bd2891e5a25af091ff,../deliveries/paper-ad03e8c-20260916/trajectories/gpt-5.6-sol/poolact/dbdd0975b2efe8af2740cdac.json
c6d1c186c312720cfc4d7c62,gpt-5.6-sol,poolact,tuning,hpobench:nasbench101:B,cost_tight,poolact,2200,0,existing_trace_rescored,paper-graph-lock-v3,"{""gap0_bon"": 96.00419255884972, ""gap0_mi"": 95.18210210191683, ""gap_bon"": 96.00419255884972, ""gap_mi"": 95.18210210191683, ""raw_perf_bon"": 0.9387687047322592, ""raw_perf_mi"": 0.9366736809412639}","{""gap0_bon"": 96.00419255884972, ""gap0_mi"": 95.18210210191683, ""gap_bon"": 96.00419255884972, ""gap_mi"": 95.18210210191683, ""raw_perf_bon"": 0.9387687047322592, ""raw_perf_mi"": 0.9366736809412639}",True,True,True,False,False,False,False,False,legacy_best_visible_fallback;visible_configuration_match,7de971e7ba3e02ef881204602cee184fc180b96883511fd5e46438bfdcc71bb2,../deliveries/paper-ad03e8c-20260916/trajectories/gpt-5.6-sol/poolact/c6d1c186c312720cfc4d7c62.json
63d69fa32d8353a97f55bb17,gpt-5.6-sol,poolact,tuning,hpobench:nasbench101:B,cost_tight,poolact,2204,1,existing_trace_rescored,paper-graph-lock-v3,"{""gap0_bon"": 96.82954967266342, ""gap0_mi"": 96.10899650105647, ""gap_bon"": 96.82954967266342, ""gap_mi"": 96.10899650105647, ""raw_perf_bon"": 0.940872053305308, ""raw_perf_mi"": 0.9390357881784439}","{""gap0_bon"": 96.82954967266342, ""gap0_mi"": 96.10899650105647, ""gap_bon"": 96.82954967266342, ""gap_mi"": 96.10899650105647, ""raw_perf_bon"": 0.940872053305308, ""raw_perf_mi"": 0.9390357881784439}",True,True,True,False,False,False,False,False,legacy_best_visible_fallback;visible_configuration_match,41fa7b020c68e11f3d82977e6675eace7ab14e38ea5226a012919b31be21a8cb,../deliveries/paper-ad03e8c-20260916/trajectories/gpt-5.6-sol/poolact/63d69fa32d8353a97f55bb17.json
0b9da8c9f6429679cc6eb654,gpt-5.6-sol,poolact,tuning,hpobench:nasbench101:B,cost_tight,poolact,2208,2,existing_trace_rescored,paper-graph-lock-v3,"{""gap0_bon"": 95.54565216637863, ""gap0_mi"": 94.95283385476056, ""gap_bon"": 95.54565216637863, ""gap_mi"": 94.95283385476056, ""raw_perf_bon"": 0.9376001556714376, ""raw_perf_mi"": 0.9360894113779068}","{""gap0_bon"": 95.54565216637863, ""gap0_mi"": 94.95283385476056, ""gap_bon"": 95.54565216637863, ""gap_mi"": 94.95283385476056, ""raw_perf_bon"": 0.9376001556714376, ""raw_perf_mi"": 0.9360894113779068}",True,True,True,False,False,False,False,False,legacy_best_visible_fallback;visible_configuration_match,d63713f5493ca80e306428d790311a2cd8e4d4f974d26d53bb25fe4d8163a55e,../deliveries/paper-ad03e8c-20260916/trajectories/gpt-5.6-sol/poolact/0b9da8c9f6429679cc6eb654.json
858b89a7980b6b20b4a64e51,gpt-5.6-sol,poolact,tuning,hpobench:nasbench101:C,cost_tight,poolact,2200,0,existing_trace_rescored,paper-graph-lock-v3,"{""gap0_bon"": 99.52151933525563, ""gap0_mi"": 98.82742567842187, ""gap_bon"": 99.52151933525563, ""gap_mi"": 98.82742567842187, ""raw_perf_bon"": 0.9428752660751343, ""raw_perf_mi"": 0.9389523218075435}","{""gap0_bon"": 99.52151933525563, ""gap0_mi"": 98.82742567842187, ""gap_bon"": 99.52151933525563, ""gap_mi"": 98.82742567842187, ""raw_perf_bon"": 0.9428752660751343, ""raw_perf_mi"": 0.9389523218075435}",True,True,True,False,False,False,False,False,legacy_best_visible_fallback;visible_configuration_match,773a5af2378ca6dd12cd3a7bfccf18f83f550dff432171b0402e8ee7245d5f31,../deliveries/paper-ad03e8c-20260916/trajectories/gpt-5.6-sol/poolact/858b89a7980b6b20b4a64e51.json
4d5219f702d77df2e9e982ee,gpt-5.6-sol,poolact,tuning,hpobench:nasbench101:C,cost_tight,poolact,2204,1,existing_trace_rescored,paper-graph-lock-v3,"{""gap0_bon"": 98.79493797567929, ""gap0_mi"": 98.32236392629815, ""gap_bon"": 98.79493797567929, ""gap_mi"": 98.32236392629815, ""raw_perf_bon"": 0.9387687047322592, ""raw_perf_mi"": 0.9360977659622829}","{""gap0_bon"": 98.79493797567929, ""gap0_mi"": 98.32236392629815, ""gap_bon"": 98.79493797567929, ""gap_mi"": 98.32236392629815, ""raw_perf_bon"": 0.9387687047322592, ""raw_perf_mi"": 0.9360977659622829}",True,True,True,False,False,False,False,False,visible_configuration_match,04baceb6ad4676cae168e462a53d8cbbb7557571fe40af6f7e68f2d8b95bd28c,../deliveries/paper-ad03e8c-20260916/trajectories/gpt-5.6-sol/poolact/4d5219f702d77df2e9e982ee.json
e86b0d08dc9845071603f35e,gpt-5.6-sol,poolact,tuning,hpobench:nasbench101:C,cost_tight,poolact,2208,2,existing_trace_rescored,paper-graph-lock-v3,"{""gap0_bon"": 98.72405156068166, ""gap0_mi"": 98.4286917911349, ""gap_bon"": 98.72405156068166, ""gap_mi"": 98.4286917911349, ""raw_perf_bon"": 0.9383680621782938, ""raw_perf_mi"": 0.9366987198591232}","{""gap0_bon"": 98.72405156068166, ""gap0_mi"": 98.4286917911349, ""gap_bon"": 98.72405156068166, ""gap_mi"": 98.4286917911349, ""raw_perf_bon"": 0.9383680621782938, ""raw_perf_mi"": 0.9366987198591232}",True,True,True,False,False,False,False,False,legacy_best_visible_fallback;visible_configuration_match,6d8b5dc4650416aa55c1d1fd90f90fcc828f3148168ab6ec48e23bcbb5d7f7f1,../deliveries/paper-ad03e8c-20260916/trajectories/gpt-5.6-sol/poolact/e86b0d08dc9845071603f35e.json
a99cd8f6e20ead0bca748e7d,kimi-k3,expgym,tuning,hpobench:nasbench101:A,cost_free,single,2200,0,existing_trace_rescored,n1,"{""gap"": 99.32129224193267, ""gap0"": 99.32129224193267, ""raw_perf"": 0.9413060744603475}","{""gap"": 99.32129224193267, ""gap0"": 99.32129224193267, ""raw_perf"": 0.9413060744603475}",True,True,True,False,False,False,False,False,visible_configuration_match,6c6257a2d531e8c699e54793ae6ca783517f117e88ff33d54c0de2b53f701f4e,../deliveries/paper-ad03e8c-20260916/trajectories/kimi-k3/expgym/a99cd8f6e20ead0bca748e7d.json
85d4674e659e85e9127c7619,kimi-k3,expgym,tuning,hpobench:nasbench101:A,cost_free,single,2204,1,existing_trace_rescored,n1,"{""gap"": 99.83388396088634, ""gap0"": 99.83388396088634, ""raw_perf"": 0.9449118574460348}","{""gap"": 99.83388396088634, ""gap0"": 99.83388396088634, ""raw_perf"": 0.9449118574460348}",True,True,True,False,False,False,False,False,visible_configuration_match,61ddc295fdb92df16c4eae9b69e0cf55c73fe5aab6ad341ebef6e67d78f31c21,../deliveries/paper-ad03e8c-20260916/trajectories/kimi-k3/expgym/85d4674e659e85e9127c7619.json
9830b14ca2bc0234ccaec9bc,kimi-k3,expgym,tuning,hpobench:nasbench101:A,cost_free,single,2208,2,existing_trace_rescored,n1,"{""gap"": 98.61885644556503, ""gap0"": 98.61885644556503, ""raw_perf"": 0.9363648494084676}","{""gap"": 98.61885644556503, ""gap0"": 98.61885644556503, ""raw_perf"": 0.9363648494084676}",True,True,True,False,False,False,False,False,visible_configuration_match,c81cc897082c2e4361ae842cce6fdccc5a0c9aea12374ad4f54042a90dc6e996,../deliveries/paper-ad03e8c-20260916/trajectories/kimi-k3/expgym/9830b14ca2bc0234ccaec9bc.json
3cb7ea92f1845a0b54a39df1,kimi-k3,expgym,tuning,hpobench:nasbench101:B,cost_free,single,2200,0,existing_trace_rescored,n1,"{""gap"": 97.40600156552956, ""gap0"": 97.40600156552956, ""raw_perf"": 0.9423410892486572}","{""gap"": 97.40600156552956, ""gap0"": 97.40600156552956, ""raw_perf"": 0.9423410892486572}",True,True,True,False,False,False,False,False,visible_configuration_match,4b6545ac63dffd7d872603dc48a0daeb5f6ab7572d51d9ebc0a667d434881249,../deliveries/paper-ad03e8c-20260916/trajectories/kimi-k3/expgym/3cb7ea92f1845a0b54a39df1.json
58d3f35856b820e86ff00480,kimi-k3,expgym,tuning,hpobench:nasbench101:B,cost_free,single,2204,1,existing_trace_rescored,n1,"{""gap"": 96.88195651646504, ""gap0"": 96.88195651646504, ""raw_perf"": 0.9410056074460348}","{""gap"": 96.88195651646504, ""gap0"": 96.88195651646504, ""raw_perf"": 0.9410056074460348}",True,True,True,False,False,False,False,False,visible_configuration_match,6676de16e86381438d76d221e827c9d39f55175382317e546877714c3b281bda,../deliveries/paper-ad03e8c-20260916/trajectories/kimi-k3/expgym/58d3f35856b820e86ff00480.json
0f4d39734df75adfd891cb46,kimi-k3,expgym,tuning,hpobench:nasbench101:B,cost_free,single,2208,2,existing_trace_rescored,n1,"{""gap"": 98.0741459442556, ""gap0"": 98.0741459442556, ""raw_perf"": 0.9440437952677408}","{""gap"": 98.0741459442556, ""gap0"": 98.0741459442556, ""raw_perf"": 0.9440437952677408}",True,True,True,False,False,False,False,False,visible_configuration_match,420c6dbac2cc5b71ec9a5b954d33082a9a114d643ddf7abd5fa4a95a5ae166b5,../deliveries/paper-ad03e8c-20260916/trajectories/kimi-k3/expgym/0f4d39734df75adfd891cb46.json
f9cbfa800b53d8f0edc02892,kimi-k3,expgym,tuning,hpobench:nasbench101:C,cost_free,single,2200,0,existing_trace_rescored,n1,"{""gap"": 99.42700645880505, ""gap0"": 99.42700645880505, ""raw_perf"": 0.9423410892486572}","{""gap"": 99.42700645880505, ""gap0"": 99.42700645880505, ""raw_perf"": 0.9423410892486572}",True,True,True,False,False,False,False,False,visible_configuration_match,06ccbf08f5514ecde0f1ba2fa6d66f6ae19bfcc60f004383e91bb99579033c83,../deliveries/paper-ad03e8c-20260916/trajectories/kimi-k3/expgym/f9cbfa800b53d8f0edc02892.json
cbe08160e80074b669f18dba,kimi-k3,expgym,tuning,hpobench:nasbench101:C,cost_free,single,2204,1,existing_trace_rescored,n1,"{""gap"": 99.66919790178424, ""gap0"": 99.66919790178424, ""raw_perf"": 0.943709929784139}","{""gap"": 99.66919790178424, ""gap0"": 99.66919790178424, ""raw_perf"": 0.943709929784139}",True,True,True,False,False,False,False,False,visible_configuration_match,b84086e53e7b0ecd1f167553523c0b25ff151c1b70b9c71683936536f9b10592,../deliveries/paper-ad03e8c-20260916/trajectories/kimi-k3/expgym/cbe08160e80074b669f18dba.json
3a13150944d86ea75ba41b6b,kimi-k3,expgym,tuning,hpobench:nasbench101:C,cost_free,single,2208,2,existing_trace_rescored,n1,"{""gap"": 98.99577871696658, ""gap0"": 98.99577871696658, ""raw_perf"": 0.9399038354555765}","{""gap"": 98.99577871696658, ""gap0"": 98.99577871696658, ""raw_perf"": 0.9399038354555765}",True,True,True,False,False,False,False,False,visible_configuration_match,db4600a85ad9335d95c1779638a117898b339fc25b877497b778c80105ae570f,../deliveries/paper-ad03e8c-20260916/trajectories/kimi-k3/expgym/3a13150944d86ea75ba41b6b.json
59d59b2ef8df77b8e9da4de2,kimi-k3,expgym,tuning,hpobench:nasbench201:cifar10-valid,cost_free,single,2200,0,existing_trace_rescored,n1,"{""gap"": 100.0, ""gap0"": 100.0, ""raw_perf"": 0.9160666665039063}","{""gap"": 100.0, ""gap0"": 100.0, ""raw_perf"": 0.9160666665039063}",True,True,True,False,False,False,False,False,visible_configuration_match,5a365ab99cc41009263ce9e204e4ae2c65afb3ef053fc3da0fc0037578cbb820,../deliveries/paper-ad03e8c-20260916/trajectories/kimi-k3/expgym/59d59b2ef8df77b8e9da4de2.json
4b21ba8bb4b18983f85a2009,kimi-k3,expgym,tuning,hpobench:nasbench201:cifar10-valid,cost_free,single,2204,1,existing_trace_rescored,n1,"{""gap"": 100.0, ""gap0"": 100.0, ""raw_perf"": 0.9160666665039063}","{""gap"": 100.0, ""gap0"": 100.0, ""raw_perf"": 0.9160666665039063}",True,True,True,False,False,False,False,False,visible_configuration_match,f3102f703ee058adb01289a3c102ea0a51f7a9ffa541612d1392ffa28ccac443,../deliveries/paper-ad03e8c-20260916/trajectories/kimi-k3/expgym/4b21ba8bb4b18983f85a2009.json
a67ec80efcd10d21ddacbe0e,kimi-k3,expgym,tuning,hpobench:nasbench201:cifar10-valid,cost_free,single,2208,2,existing_trace_rescored,n1,"{""gap"": 100.0, ""gap0"": 100.0, ""raw_perf"": 0.9160666665039063}","{""gap"": 100.0, ""gap0"": 100.0, ""raw_perf"": 0.9160666665039063}",True,True,True,False,False,False,False,False,visible_configuration_match,e12ca9d154af4e2186030cd5c1889b1c8d7cdaaa7946c5b7958381f98b6612d7,../deliveries/paper-ad03e8c-20260916/trajectories/kimi-k3/expgym/a67ec80efcd10d21ddacbe0e.json
59fa9b6bbd4deb66d476b5cd,kimi-k3,expgym,tuning,hpobench:nasbench201:cifar100,cost_free,single,2200,0,existing_trace_rescored,n1,"{""gap"": 100.0, ""gap0"": 100.0, ""raw_perf"": 0.7350333333333333}","{""gap"": 100.0, ""gap0"": 100.0, ""raw_perf"": 0.7350333333333333}",True,True,True,False,False,False,False,False,visible_configuration_match,4e65c3c5b50c0bab60f69d03f5891df243daf668c339184ab153090d8beac01e,../deliveries/paper-ad03e8c-20260916/trajectories/kimi-k3/expgym/59fa9b6bbd4deb66d476b5cd.json
1f0280f087b403dca424b474,kimi-k3,expgym,tuning,hpobench:nasbench201:cifar100,cost_free,single,2204,1,existing_trace_rescored,n1,"{""gap"": 100.0, ""gap0"": 100.0, ""raw_perf"": 0.7350333333333333}","{""gap"": 100.0, ""gap0"": 100.0, ""raw_perf"": 0.7350333333333333}",True,True,True,False,False,False,False,False,visible_configuration_match,d53feee34c98e027061731328ceea6cf5ea9e6f88c799bfd8954a220d581ebb0,../deliveries/paper-ad03e8c-20260916/trajectories/kimi-k3/expgym/1f0280f087b403dca424b474.json
137f2bf6d7abdbc606a44b17,kimi-k3,expgym,tuning,hpobench:nasbench201:cifar100,cost_free,single,2208,2,existing_trace_rescored,n1,"{""gap"": 100.0, ""gap0"": 100.0, ""raw_perf"": 0.7350333333333333}","{""gap"": 100.0, ""gap0"": 100.0, ""raw_perf"": 0.7350333333333333}",True,True,True,False,False,False,False,False,visible_configuration_match,984e451bf6029d3b450705d68627c85d589135bf8089d115f3467930833e99bc,../deliveries/paper-ad03e8c-20260916/trajectories/kimi-k3/expgym/137f2bf6d7abdbc606a44b17.json
47c113bf62632569ca93b338,kimi-k3,expgym,tuning,hpobench:nasbench201:imagenet16-120,cost_free,single,2200,0,existing_trace_rescored,n1,"{""gap"": 97.93751107028362, ""gap0"": 97.93751107028362, ""raw_perf"": 0.46572222222222226}","{""gap"": 97.93751107028362, ""gap0"": 97.93751107028362, ""raw_perf"": 0.46572222222222226}",True,True,True,False,False,False,False,False,visible_configuration_match,0902d28f9b2b0f8b31ae9e6f16cbeda527b897a5a92a2a5ae8c31d25b1d2e248,../deliveries/paper-ad03e8c-20260916/trajectories/kimi-k3/expgym/47c113bf62632569ca93b338.json
6d076839de3739053582aff3,kimi-k3,expgym,tuning,hpobench:nasbench201:imagenet16-120,cost_free,single,2204,1,existing_trace_rescored,n1,"{""gap"": 100.0, ""gap0"": 100.0, ""raw_perf"": 0.4684444446478949}","{""gap"": 100.0, ""gap0"": 100.0, ""raw_perf"": 0.4684444446478949}",True,True,True,False,False,False,False,False,visible_configuration_match,45cf60445f3c4101f0ab892249ab7e2d0d6192943fe5dad9beefd5380f8a147c,../deliveries/paper-ad03e8c-20260916/trajectories/kimi-k3/expgym/6d076839de3739053582aff3.json
2cd9ba6b319eacbff40485e5,kimi-k3,expgym,tuning,hpobench:nasbench201:imagenet16-120,cost_free,single,2208,2,existing_trace_rescored,n1,"{""gap"": 100.0, ""gap0"": 100.0, ""raw_perf"": 0.4684444446478949}","{""gap"": 100.0, ""gap0"": 100.0, ""raw_perf"": 0.4684444446478949}",True,True,True,False,False,False,False,False,visible_configuration_match,524736fa7e7d18b913509bc21f7842afb8b2cbad9be3cf2516a5bf91eba2bc71,../deliveries/paper-ad03e8c-20260916/trajectories/kimi-k3/expgym/2cd9ba6b319eacbff40485e5.json
da3be774faa25b65c3843fff,kimi-k3,expgym,tuning,hpobench:paramnet:adult:steps,cost_free,single,2200,0,existing_trace_rescored,n1,"{""gap"": 96.4482957482542, ""gap0"": 96.4482957482542, ""raw_perf"": 0.8522685174886827}","{""gap"": 96.4482957482542, ""gap0"": 96.4482957482542, ""raw_perf"": 0.8522685174886827}",True,True,True,False,False,False,False,False,legacy_best_visible_fallback,035c1bf21f94c3073783b426c386e387ccce869612109e0368075cbd1b89e227,../deliveries/paper-ad03e8c-20260916/trajectories/kimi-k3/expgym/da3be774faa25b65c3843fff.json
7a6490c959c93e714a5e2fab,kimi-k3,expgym,tuning,hpobench:paramnet:adult:steps,cost_free,single,2204,1,existing_trace_rescored,n1,"{""gap"": 96.83044714585272, ""gap0"": 96.83044714585272, ""raw_perf"": 0.8524259272256384}","{""gap"": 96.83044714585272, ""gap0"": 96.83044714585272, ""raw_perf"": 0.8524259272256384}",True,True,True,False,False,False,False,False,legacy_best_visible_fallback,a697e8ccae96eccc1683bae952be214e0e45ef874dc5a1fc0b05e7487f89b9e7,../deliveries/paper-ad03e8c-20260916/trajectories/kimi-k3/expgym/7a6490c959c93e714a5e2fab.json
6dc8cfa769cfbaedefd0e6c8,kimi-k3,expgym,tuning,hpobench:paramnet:adult:steps,cost_free,single,2208,2,existing_trace_rescored,n1,"{""gap"": 100.2922407081013, ""gap0"": 100.2922407081013, ""raw_perf"": 0.8538518542730146}","{""gap"": 100.2922407081013, ""gap0"": 100.2922407081013, ""raw_perf"": 0.8538518542730146}",True,True,True,False,False,False,False,False,legacy_best_visible_fallback,64f08d4308ca4ac61371de40107211558795cd02242b704393d1492d18bbca87,../deliveries/paper-ad03e8c-20260916/trajectories/kimi-k3/expgym/6dc8cfa769cfbaedefd0e6c8.json
600c1f668d876b2aa825ae25,kimi-k3,expgym,tuning,hpobench:paramnet:higgs:steps,cost_free,single,2200,0,existing_trace_rescored,n1,"{""gap"": 95.07642952830238, ""gap0"": 95.07642952830238, ""raw_perf"": 0.7167804475336222}","{""gap"": 95.07642952830238, ""gap0"": 95.07642952830238, ""raw_perf"": 0.7167804475336222}",True,True,True,False,False,False,False,False,legacy_best_visible_fallback,7c78399416ae02a77dc42399515ce0b921454793a41c799ecf4b764cb5a7c99b,../deliveries/paper-ad03e8c-20260916/trajectories/kimi-k3/expgym/600c1f668d876b2aa825ae25.json
62de6b633b65225edc9ff34c,kimi-k3,expgym,tuning,hpobench:paramnet:higgs:steps,cost_free,single,2204,1,existing_trace_rescored,n1,"{""gap"": 90.03096035652912, ""gap0"": 90.03096035652912, ""raw_perf"": 0.712389303681018}","{""gap"": 90.03096035652912, ""gap0"": 90.03096035652912, ""raw_perf"": 0.712389303681018}",True,True,True,False,False,False,False,False,legacy_best_visible_fallback,16e7439575325d499394f435a6c9f4b28430acc26f22ad1a1241af37b57ce72c,../deliveries/paper-ad03e8c-20260916/trajectories/kimi-k3/expgym/62de6b633b65225edc9ff34c.json
0d38ce912b1cac591c24a375,kimi-k3,expgym,tuning,hpobench:paramnet:higgs:steps,cost_free,single,2208,2,existing_trace_rescored,n1,"{""gap"": 97.3394690187919, ""gap0"": 97.3394690187919, ""raw_perf"": 0.7187500031108236}","{""gap"": 97.3394690187919, ""gap0"": 97.3394690187919, ""raw_perf"": 0.7187500031108236}",True,True,True,False,False,False,False,False,legacy_best_visible_fallback,10db8937ab093223fce2aaabd0798185caa579531563b3eef8cc0bb7f7472d99,../deliveries/paper-ad03e8c-20260916/trajectories/kimi-k3/expgym/0d38ce912b1cac591c24a375.json
0313e5d238897f235dd50371,kimi-k3,expgym,tuning,hpobench:paramnet:letter:steps,cost_free,single,2200,0,existing_trace_rescored,n1,"{""gap"": 99.29350035870736, ""gap0"": 99.29350035870736, ""raw_perf"": 0.9614201698797636}","{""gap"": 99.29350035870736, ""gap0"": 99.29350035870736, ""raw_perf"": 0.9614201698797636}",True,True,True,False,False,False,False,False,legacy_best_visible_fallback,d9383d85b25fcd0e939f9090a069ddaebf73da4866ce33c018a500b17ac597ae,../deliveries/paper-ad03e8c-20260916/trajectories/kimi-k3/expgym/0313e5d238897f235dd50371.json
ece5649d26755b59e9661ef6,kimi-k3,expgym,tuning,hpobench:paramnet:letter:steps,cost_free,single,2204,1,existing_trace_rescored,n1,"{""gap"": 98.957482464812, ""gap0"": 98.957482464812, ""raw_perf"": 0.9596562629140162}","{""gap"": 98.957482464812, ""gap0"": 98.957482464812, ""raw_perf"": 0.9596562629140162}",True,True,True,False,False,False,False,False,legacy_best_visible_fallback,21f00fa0e882414d989231f655d90fa55d0135ff580f1dc7c1b4a391202935b3,../deliveries/paper-ad03e8c-20260916/trajectories/kimi-k3/expgym/ece5649d26755b59e9661ef6.json
76c811c9f50aea4c153ca6e9,kimi-k3,expgym,tuning,hpobench:paramnet:letter:steps,cost_free,single,2208,2,existing_trace_rescored,n1,"{""gap"": 99.4141223574554, ""gap0"": 99.4141223574554, ""raw_perf"": 0.9620533682530631}","{""gap"": 99.4141223574554, ""gap0"": 99.4141223574554, ""raw_perf"": 0.9620533682530631}",True,True,True,False,False,False,False,False,visible_configuration_match,353fa315c26a878f1a0e9565fd2515cca1f9f170975d6db53b7580a32f2b2aef,../deliveries/paper-ad03e8c-20260916/trajectories/kimi-k3/expgym/76c811c9f50aea4c153ca6e9.json
78e60f178698a137b2a286f6,kimi-k3,expgym,tuning,hpobench:nasbench101:A,cost_moderate,single,2200,0,existing_trace_rescored,n1,"{""gap"": 99.01753606920988, ""gap0"": 99.01753606920988, ""raw_perf"": 0.9391693274180094}","{""gap"": 99.01753606920988, ""gap0"": 99.01753606920988, ""raw_perf"": 0.9391693274180094}",True,True,True,False,False,False,False,False,visible_configuration_match,77951ad40ccaf4bc7f9b65f5a754a9978527665b3a9f8a5c8afd3315f9329b3d,../deliveries/paper-ad03e8c-20260916/trajectories/kimi-k3/expgym/78e60f178698a137b2a286f6.json
3f08914bf4c13de3b422abc9,kimi-k3,expgym,tuning,hpobench:nasbench101:A,cost_moderate,single,2204,1,existing_trace_rescored,n1,"{""gap"": 99.69624382727723, ""gap0"": 99.69624382727723, ""raw_perf"": 0.9439436395963033}","{""gap"": 99.69624382727723, ""gap0"": 99.69624382727723, ""raw_perf"": 0.9439436395963033}",True,True,True,False,False,False,False,False,visible_configuration_match,5c0990e33b0ca173cb33e2f5a4c2a5d52279bddb04228b63e8a26116592bb006,../deliveries/paper-ad03e8c-20260916/trajectories/kimi-k3/expgym/3f08914bf4c13de3b422abc9.json
23489433c6dfd091a89009ae,kimi-k3,expgym,tuning,hpobench:nasbench101:A,cost_moderate,single,2208,2,existing_trace_rescored,n1,"{""gap"": 95.52433160960733, ""gap0"": 95.52433160960733, ""raw_perf"": 0.914596676826477}","{""gap"": 95.52433160960733, ""gap0"": 95.52433160960733, ""raw_perf"": 0.914596676826477}",True,True,True,False,False,False,False,False,visible_configuration_match,b104040648da0425e10dbbe8cc12026266a0271deb8a95a28ff6b2967a2d2fdb,../deliveries/paper-ad03e8c-20260916/trajectories/kimi-k3/expgym/23489433c6dfd091a89009ae.json
bd0ad0601335b53e80f432e3,kimi-k3,expgym,tuning,hpobench:nasbench101:B,cost_moderate,single,2200,0,existing_trace_rescored,n1,"{""gap"": 97.01296582965186, ""gap0"": 97.01296582965186, ""raw_perf"": 0.9413394729296366}","{""gap"": 97.01296582965186, ""gap0"": 97.01296582965186, ""raw_perf"": 0.9413394729296366}",True,True,True,False,False,False,False,False,visible_configuration_match,61aa0cc5817495e37fb59eb45d998334de0379059e10700c65149dd12069b71d,../deliveries/paper-ad03e8c-20260916/trajectories/kimi-k3/expgym/bd0ad0601335b53e80f432e3.json
1b777826ccfc8b82ff47a438,kimi-k3,expgym,tuning,hpobench:nasbench101:B,cost_moderate,single,2204,1,existing_trace_rescored,n1,"{""gap"": 97.10468170446323, ""gap0"": 97.10468170446323, ""raw_perf"": 0.9415732026100159}","{""gap"": 97.10468170446323, ""gap0"": 97.10468170446323, ""raw_perf"": 0.9415732026100159}",True,True,True,False,False,False,False,False,visible_configuration_match,bdc1f18663a9797fc0ef2de31280f271a17b0f712d5aacabb8b681679742e7af,../deliveries/paper-ad03e8c-20260916/trajectories/kimi-k3/expgym/1b777826ccfc8b82ff47a438.json
068466fba89e5646431c3993,kimi-k3,expgym,tuning,hpobench:nasbench101:B,cost_moderate,single,2208,2,existing_trace_rescored,n1,"{""gap"": 95.6373524485557, ""gap0"": 95.6373524485557, ""raw_perf"": 0.937833845615387}","{""gap"": 95.6373524485557, ""gap0"": 95.6373524485557, ""raw_perf"": 0.937833845615387}",True,True,True,False,False,False,False,False,visible_configuration_match,bf1160b3fdcf52b735f23983aa77fed7f657a77f3e156b13a3796071d3f6c752,../deliveries/paper-ad03e8c-20260916/trajectories/kimi-k3/expgym/068466fba89e5646431c3993.json
9bf51c2101cf6578f55f9264,kimi-k3,expgym,tuning,hpobench:nasbench101:C,cost_moderate,single,2200,0,existing_trace_rescored,n1,"{""gap"": 99.15527578720074, ""gap0"": 99.15527578720074, ""raw_perf"": 0.9408052961031595}","{""gap"": 99.15527578720074, ""gap0"": 99.15527578720074, ""raw_perf"": 0.9408052961031595}",True,True,True,False,False,False,False,False,visible_configuration_match,5e59d5ae4654dcbc3d224cc77d4741d7b18b7c8e54ce03f0d1261bdedd62ef26,../deliveries/paper-ad03e8c-20260916/trajectories/kimi-k3/expgym/9bf51c2101cf6578f55f9264.json
f82657d52becd46c3f7cad0d,kimi-k3,expgym,tuning,hpobench:nasbench101:C,cost_moderate,single,2204,1,existing_trace_rescored,n1,"{""gap"": 99.59240575025322, ""gap0"": 99.59240575025322, ""raw_perf"": 0.9432759086290995}","{""gap"": 99.59240575025322, ""gap0"": 99.59240575025322, ""raw_perf"": 0.9432759086290995}",True,True,True,False,False,False,False,False,visible_configuration_match,1707c9985b5485d11fa788edb5d66d1dacb851e69ae29a1166a9461a81e1e7f0,../deliveries/paper-ad03e8c-20260916/trajectories/kimi-k3/expgym/f82657d52becd46c3f7cad0d.json
9062b4130dcff301260292f7,kimi-k3,expgym,tuning,hpobench:nasbench101:C,cost_moderate,single,2208,2,existing_trace_rescored,n1,"{""gap"": 97.97383670901365, ""gap0"": 97.97383670901365, ""raw_perf"": 0.934127926826477}","{""gap"": 97.97383670901365, ""gap0"": 97.97383670901365, ""raw_perf"": 0.934127926826477}",True,True,True,False,False,False,False,False,visible_configuration_match,317949e128efeb828685570ce2546ee4d866486bcaf439c60901dca355f478e3,../deliveries/paper-ad03e8c-20260916/trajectories/kimi-k3/expgym/9062b4130dcff301260292f7.json
569260950df6949bd6b0c5c7,kimi-k3,expgym,tuning,hpobench:nasbench201:cifar10-valid,cost_moderate,single,2200,0,existing_trace_rescored,n1,"{""gap"": 82.31154476532424, ""gap0"": 82.31154476532424, ""raw_perf"": 0.9019866665364583}","{""gap"": 82.31154476532424, ""gap0"": 82.31154476532424, ""raw_perf"": 0.9019866665364583}",True,True,True,False,False,False,False,False,visible_configuration_match,4236e03ced251669e26858c4c10f2867bd2ef098978606d0cca1584d50ec86b7,../deliveries/paper-ad03e8c-20260916/trajectories/kimi-k3/expgym/569260950df6949bd6b0c5c7.json
ac6015f469b45c58cfd49a87,kimi-k3,expgym,tuning,hpobench:nasbench201:cifar10-valid,cost_moderate,single,2204,1,existing_trace_rescored,n1,"{""gap"": 99.32998283650223, ""gap0"": 99.32998283650223, ""raw_perf"": 0.915533333235677}","{""gap"": 99.32998283650223, ""gap0"": 99.32998283650223, ""raw_perf"": 0.915533333235677}",True,True,True,False,False,False,False,False,visible_configuration_match,a7c19d5a4861066ffae013aae8a199cb94316cec308c8f2dac009abed90c122e,../deliveries/paper-ad03e8c-20260916/trajectories/kimi-k3/expgym/ac6015f469b45c58cfd49a87.json
e83a0fcc33c79ca2711248f0,kimi-k3,expgym,tuning,hpobench:nasbench201:cifar10-valid,cost_moderate,single,2208,2,existing_trace_rescored,n1,"{""gap"": 99.32998283650223, ""gap0"": 99.32998283650223, ""raw_perf"": 0.915533333235677}","{""gap"": 99.32998283650223, ""gap0"": 99.32998283650223, ""raw_perf"": 0.915533333235677}",True,True,True,False,False,False,False,False,visible_configuration_match,b92dca4dd22a4769d1b5e12eed57a5c2e2b0b7b6732c2b84d12c6cedcf22de2b,../deliveries/paper-ad03e8c-20260916/trajectories/kimi-k3/expgym/e83a0fcc33c79ca2711248f0.json
5073c559d1f5fcbe2797c95e,kimi-k3,expgym,tuning,hpobench:nasbench201:cifar100,cost_moderate,single,2200,0,existing_trace_rescored,n1,"{""gap"": 100.0, ""gap0"": 100.0, ""raw_perf"": 0.7350333333333333}","{""gap"": 100.0, ""gap0"": 100.0, ""raw_perf"": 0.7350333333333333}",True,True,True,False,False,False,False,False,visible_configuration_match,ce94c1aabfddf3e6cd918dad740bfd128f558ddc7c5b67a51f74bccf15ed5840,../deliveries/paper-ad03e8c-20260916/trajectories/kimi-k3/expgym/5073c559d1f5fcbe2797c95e.json
2701544785d5d8ab8ddaed4e,kimi-k3,expgym,tuning,hpobench:nasbench201:cifar100,cost_moderate,single,2204,1,existing_trace_rescored,n1,"{""gap"": 100.0, ""gap0"": 100.0, ""raw_perf"": 0.7350333333333333}","{""gap"": 100.0, ""gap0"": 100.0, ""raw_perf"": 0.7350333333333333}",True,True,True,False,False,False,False,False,visible_configuration_match,4a42125cc345823c7c1c32186216d2e401915a4255e849d6cf5f3b0db57e6992,../deliveries/paper-ad03e8c-20260916/trajectories/kimi-k3/expgym/2701544785d5d8ab8ddaed4e.json
7ff7ab7801a71991d6e612bc,kimi-k3,expgym,tuning,hpobench:nasbench201:cifar100,cost_moderate,single,2208,2,existing_trace_rescored,n1,"{""gap"": 100.0, ""gap0"": 100.0, ""raw_perf"": 0.7350333333333333}","{""gap"": 100.0, ""gap0"": 100.0, ""raw_perf"": 0.7350333333333333}",True,True,True,False,False,False,False,False,visible_configuration_match,f048755acf72537c96d930156bc7602183d9ac0a3b6b2e3b56f6522bf9bb10fb,../deliveries/paper-ad03e8c-20260916/trajectories/kimi-k3/expgym/7ff7ab7801a71991d6e612bc.json
53c4d7964a5210d3212efc08,kimi-k3,expgym,tuning,hpobench:nasbench201:imagenet16-120,cost_moderate,single,2200,0,existing_trace_rescored,n1,"{""gap"": 96.42221311728085, ""gap0"": 96.42221311728085, ""raw_perf"": 0.46372222212049696}","{""gap"": 96.42221311728085, ""gap0"": 96.42221311728085, ""raw_perf"": 0.46372222212049696}",True,True,True,False,False,False,False,False,visible_configuration_match,3ab2794bcd3e9c4fecb657bfd508bf2c04b04def809e64af3dc4e1d47b4c63a4,../deliveries/paper-ad03e8c-20260916/trajectories/kimi-k3/expgym/53c4d7964a5210d3212efc08.json
ef5648c0e4cd18b15445cd85,kimi-k3,expgym,tuning,hpobench:nasbench201:imagenet16-120,cost_moderate,single,2204,1,existing_trace_rescored,n1,"{""gap"": 96.29593816583329, ""gap0"": 96.29593816583329, ""raw_perf"": 0.46355555528428827}","{""gap"": 96.29593816583329, ""gap0"": 96.29593816583329, ""raw_perf"": 0.46355555528428827}",True,True,True,False,False,False,False,False,visible_configuration_match,3edb4a19f027530d7beeffb8fe905a14726d8e5968ddc033cac984a510a687f4,../deliveries/paper-ad03e8c-20260916/trajectories/kimi-k3/expgym/ef5648c0e4cd18b15445cd85.json
220260c44c75b8ec2461dfb5,kimi-k3,expgym,tuning,hpobench:nasbench201:imagenet16-120,cost_moderate,single,2208,2,existing_trace_rescored,n1,"{""gap"": 100.0, ""gap0"": 100.0, ""raw_perf"": 0.4684444446478949}","{""gap"": 100.0, ""gap0"": 100.0, ""raw_perf"": 0.4684444446478949}",True,True,True,False,False,False,False,False,visible_configuration_match,8525c80b05eb1b846183d7c59b961c828af83494abba012522b1e932e345c23b,../deliveries/paper-ad03e8c-20260916/trajectories/kimi-k3/expgym/220260c44c75b8ec2461dfb5.json
f136e8178ae39b7b5dcebff5,kimi-k3,expgym,tuning,hpobench:paramnet:adult:steps,cost_moderate,single,2200,0,existing_trace_rescored,n1,"{""gap"": 90.87346599235211, ""gap0"": 90.87346599235211, ""raw_perf"": 0.8499722221173622}","{""gap"": 90.87346599235211, ""gap0"": 90.87346599235211, ""raw_perf"": 0.8499722221173622}",True,True,True,False,False,False,False,False,legacy_best_visible_fallback,48904d5a11bc7720408ed537c06d0128996471ef13f80f001df72cb45d2ecb34,../deliveries/paper-ad03e8c-20260916/trajectories/kimi-k3/expgym/f136e8178ae39b7b5dcebff5.json
18d98390c72bfb9a517d8c61,kimi-k3,expgym,tuning,hpobench:paramnet:adult:steps,cost_moderate,single,2204,1,existing_trace_rescored,n1,"{""gap"": 88.73795417061952, ""gap0"": 88.73795417061952, ""raw_perf"": 0.8490925959895055}","{""gap"": 88.73795417061952, ""gap0"": 88.73795417061952, ""raw_perf"": 0.8490925959895055}",True,True,True,False,False,False,False,False,legacy_best_visible_fallback,289ef106f1f39bd9831b655b65bc2d9a546a3f3c7c6e192fa53f5939635594d7,../deliveries/paper-ad03e8c-20260916/trajectories/kimi-k3/expgym/18d98390c72bfb9a517d8c61.json
4c1c9edd3f4cbe3ba4bcf5b5,kimi-k3,expgym,tuning,hpobench:paramnet:adult:steps,cost_moderate,single,2208,2,existing_trace_rescored,n1,"{""gap"": 82.3763462084989, ""gap0"": 82.3763462084989, ""raw_perf"": 0.8464722234297681}","{""gap"": 82.3763462084989, ""gap0"": 82.3763462084989, ""raw_perf"": 0.8464722234297681}",True,True,True,False,False,False,False,False,legacy_best_visible_fallback,fc9fc17c7b836c3000e5b05f05875088ad9c369fc6da3924564736f532267198,../deliveries/paper-ad03e8c-20260916/trajectories/kimi-k3/expgym/4c1c9edd3f4cbe3ba4bcf5b5.json
fe26302add856bab4d31af19,kimi-k3,expgym,tuning,hpobench:paramnet:higgs:steps,cost_moderate,single,2200,0,existing_trace_rescored,n1,"{""gap"": 94.08535841235029, ""gap0"": 94.08535841235029, ""raw_perf"": 0.7159179041922312}","{""gap"": 94.08535841235029, ""gap0"": 94.08535841235029, ""raw_perf"": 0.7159179041922312}",True,True,True,False,False,False,False,False,legacy_best_visible_fallback,8fea59fe1667b45dc5a042e9a65d79ca21ec5746d9c4fdf8a98bcd4c72bb7a0f,../deliveries/paper-ad03e8c-20260916/trajectories/kimi-k3/expgym/fe26302add856bab4d31af19.json
6973fdb57b21ada29300113a,kimi-k3,expgym,tuning,hpobench:paramnet:higgs:steps,cost_moderate,single,2204,1,existing_trace_rescored,n1,"{""gap"": 90.7994380935419, ""gap0"": 90.7994380935419, ""raw_perf"": 0.7130581208268298}","{""gap"": 90.7994380935419, ""gap0"": 90.7994380935419, ""raw_perf"": 0.7130581208268298}",True,True,True,False,False,False,False,False,legacy_best_visible_fallback,60cd944b8b8aa64124332288b8e8ac445bb23ed419a1a411b5b99459131fb02f,../deliveries/paper-ad03e8c-20260916/trajectories/kimi-k3/expgym/6973fdb57b21ada29300113a.json
2dde2732f17fcf136953f1bd,kimi-k3,expgym,tuning,hpobench:paramnet:higgs:steps,cost_moderate,single,2208,2,existing_trace_rescored,n1,"{""gap"": 82.36205995536648, ""gap0"": 82.36205995536648, ""raw_perf"": 0.7057149501756603}","{""gap"": 82.36205995536648, ""gap0"": 82.36205995536648, ""raw_perf"": 0.7057149501756603}",True,True,True,False,False,False,False,False,legacy_best_visible_fallback,e491df571218eaae3d03e99b8345f6287fa372bce8be34f1d3dce2c71070a41b,../deliveries/paper-ad03e8c-20260916/trajectories/kimi-k3/expgym/2dde2732f17fcf136953f1bd.json
22c36eb979baec825f130eae,kimi-k3,expgym,tuning,hpobench:paramnet:letter:steps,cost_moderate,single,2200,0,existing_trace_rescored,n1,"{""gap"": 68.11705810765267, ""gap0"": 68.11705810765267, ""raw_perf"": 0.7977611961972924}","{""gap"": 68.11705810765267, ""gap0"": 68.11705810765267, ""raw_perf"": 0.7977611961972924}",True,True,True,False,False,False,False,False,visible_configuration_match,0c122776841c69440afbd4c91109ad935b5446b98c2737b96e18e569d9fa4a3b,../deliveries/paper-ad03e8c-20260916/trajectories/kimi-k3/expgym/22c36eb979baec825f130eae.json
fcd813e4a256aa0890b5a907,kimi-k3,expgym,tuning,hpobench:paramnet:letter:steps,cost_moderate,single,2204,1,existing_trace_rescored,n1,"{""gap"": 98.93163472810697, ""gap0"": 98.93163472810697, ""raw_perf"": 0.9595205766792914}","{""gap"": 98.93163472810697, ""gap0"": 98.93163472810697, ""raw_perf"": 0.9595205766792914}",True,True,True,False,False,False,False,False,legacy_best_visible_fallback,88d108b9aa6b153cbc20ff5d398195cc5f36da0628e637680e1265c87ba7069d,../deliveries/paper-ad03e8c-20260916/trajectories/kimi-k3/expgym/fcd813e4a256aa0890b5a907.json
394d24f40616e3f5d38f7ff0,kimi-k3,expgym,tuning,hpobench:paramnet:letter:steps,cost_moderate,single,2208,2,existing_trace_rescored,n1,"{""gap"": 93.52519090131673, ""gap0"": 93.52519090131673, ""raw_perf"": 0.9311397550050514}","{""gap"": 93.52519090131673, ""gap0"": 93.52519090131673, ""raw_perf"": 0.9311397550050514}",True,True,True,False,False,False,False,False,legacy_best_visible_fallback,29fcb54666cf7081afe3ed6cfea9391226836b203b45282a1ac1cb4880ce6db7,../deliveries/paper-ad03e8c-20260916/trajectories/kimi-k3/expgym/394d24f40616e3f5d38f7ff0.json
af72bafbcf59e1c7d3e12f7f,kimi-k3,expgym,tuning,hpobench:nasbench101:A,cost_tight,single,2200,0,existing_trace_rescored,n1,"{""gap"": 85.75664976157574, ""gap0"": 85.75664976157574, ""raw_perf"": 0.845886747042338}","{""gap"": 85.75664976157574, ""gap0"": 85.75664976157574, ""raw_perf"": 0.845886747042338}",True,True,True,False,False,False,False,False,visible_configuration_match,430c5f8e7e36c0217751bfc0d8c18846a158d0fb2d68def676593e8030b46595,../deliveries/paper-ad03e8c-20260916/trajectories/kimi-k3/expgym/af72bafbcf59e1c7d3e12f7f.json
7531072223cd13abe394de92,kimi-k3,expgym,tuning,hpobench:nasbench101:A,cost_tight,single,2204,1,existing_trace_rescored,n1,"{""gap"": 91.72262593450797, ""gap0"": 91.72262593450797, ""raw_perf"": 0.8878539005915324}","{""gap"": 91.72262593450797, ""gap0"": 91.72262593450797, ""raw_perf"": 0.8878539005915324}",True,True,True,False,False,False,False,False,visible_configuration_match,69df76b000528e917ffd4bb1a26bec79498209dea812eac8b968747d89a9c625,../deliveries/paper-ad03e8c-20260916/trajectories/kimi-k3/expgym/7531072223cd13abe394de92.json
82915c0949f73760e42a8012,kimi-k3,expgym,tuning,hpobench:nasbench101:A,cost_tight,single,2208,2,existing_trace_rescored,n1,"{""gap"": 94.071998291411, ""gap0"": 94.071998291411, ""raw_perf"": 0.9043803612391154}","{""gap"": 94.071998291411, ""gap0"": 94.071998291411, ""raw_perf"": 0.9043803612391154}",True,True,True,False,False,False,False,False,visible_configuration_match,0b637c08ec217e8b5ed99484167d19846c256f8ea6913d6642ce209879db7527,../deliveries/paper-ad03e8c-20260916/trajectories/kimi-k3/expgym/82915c0949f73760e42a8012.json
4d9fb74089b13b3994002bec,kimi-k3,expgym,tuning,hpobench:nasbench101:B,cost_tight,single,2200,0,existing_trace_rescored,n1,"{""gap"": 96.93436336026663, ""gap0"": 96.93436336026663, ""raw_perf"": 0.9411391615867615}","{""gap"": 96.93436336026663, ""gap0"": 96.93436336026663, ""raw_perf"": 0.9411391615867615}",True,True,True,False,False,False,False,False,visible_configuration_match,6beac50c312637648b50ed069fc6d12420af6c3f16873401a3ce0cd3c2aed6bf,../deliveries/paper-ad03e8c-20260916/trajectories/kimi-k3/expgym/4d9fb74089b13b3994002bec.json
a6bd73622be4fcce8a7d636f,kimi-k3,expgym,tuning,hpobench:nasbench101:B,cost_tight,single,2204,1,existing_trace_rescored,n1,"{""gap"": 94.87749999133541, ""gap0"": 94.87749999133541, ""raw_perf"": 0.935897429784139}","{""gap"": 94.87749999133541, ""gap0"": 94.87749999133541, ""raw_perf"": 0.935897429784139}",True,True,True,False,False,False,False,False,visible_configuration_match,135ad3e0e940fc72b74ff845521e7f6a8c77efe21bc70fbab4bc69bc0a1a78ba,../deliveries/paper-ad03e8c-20260916/trajectories/kimi-k3/expgym/a6bd73622be4fcce8a7d636f.json
95c81199fe6ecd3e3fe54371,kimi-k3,expgym,tuning,hpobench:nasbench101:B,cost_tight,single,2208,2,existing_trace_rescored,n1,"{""gap"": 95.46704969699334, ""gap0"": 95.46704969699334, ""raw_perf"": 0.9373998443285624}","{""gap"": 95.46704969699334, ""gap0"": 95.46704969699334, ""raw_perf"": 0.9373998443285624}",True,True,True,False,False,False,False,False,visible_configuration_match,79af4a42faeca6b78f057e49c2be00685562d2d2527a855fb4c839d508714cc6,../deliveries/paper-ad03e8c-20260916/trajectories/kimi-k3/expgym/95c81199fe6ecd3e3fe54371.json
cc3d83f8a7eb08699ba754ab,kimi-k3,expgym,tuning,hpobench:nasbench101:C,cost_tight,single,2200,0,existing_trace_rescored,n1,"{""gap"": 98.44050590069122, ""gap0"": 98.44050590069122, ""raw_perf"": 0.9367654919624329}","{""gap"": 98.44050590069122, ""gap0"": 98.44050590069122, ""raw_perf"": 0.9367654919624329}",True,True,True,False,False,False,False,False,visible_configuration_match,2138488d4f3082b6650bd409ab3a3c18c8e448af2945b9c6e54211489201d0f0,../deliveries/paper-ad03e8c-20260916/trajectories/kimi-k3/expgym/cc3d83f8a7eb08699ba754ab.json
fb9ad9a88c203e72f8f42bb4,kimi-k3,expgym,tuning,hpobench:nasbench101:C,cost_tight,single,2204,1,existing_trace_rescored,n1,"{""gap"": 99.34430505542127, ""gap0"": 99.34430505542127, ""raw_perf"": 0.9418736696243286}","{""gap"": 99.34430505542127, ""gap0"": 99.34430505542127, ""raw_perf"": 0.9418736696243286}",True,True,True,False,False,False,False,False,visible_configuration_match,80842b111415e8768ffb09dc3e0217ff7e0ff03c20ec130c0ca843665e59d04f,../deliveries/paper-ad03e8c-20260916/trajectories/kimi-k3/expgym/fb9ad9a88c203e72f8f42bb4.json
114afffb7ad7dbc393de87e4,kimi-k3,expgym,tuning,hpobench:nasbench101:C,cost_tight,single,2208,2,existing_trace_rescored,n1,"{""gap"": 98.09788881408932, ""gap0"": 98.09788881408932, ""raw_perf"": 0.93482905626297}","{""gap"": 98.09788881408932, ""gap0"": 98.09788881408932, ""raw_perf"": 0.93482905626297}",True,True,True,False,False,False,False,False,visible_configuration_match,14f2166c001e462a1baa70eae7a34115f243d03e310091bdd9bb26e7dc10ba4b,../deliveries/paper-ad03e8c-20260916/trajectories/kimi-k3/expgym/114afffb7ad7dbc393de87e4.json
94d5da78db3e4dd95d2e29f6,kimi-k3,expgym,tuning,hpobench:nasbench201:cifar10-valid,cost_tight,single,2200,0,existing_trace_rescored,n1,"{""gap"": 99.32998283650223, ""gap0"": 99.32998283650223, ""raw_perf"": 0.915533333235677}","{""gap"": 99.32998283650223, ""gap0"": 99.32998283650223, ""raw_perf"": 0.915533333235677}",True,True,True,False,False,False,False,False,visible_configuration_match,cada304edc1d95479af1a7448b76e49564e5bef8f542683cd6eec0ba8899c626,../deliveries/paper-ad03e8c-20260916/trajectories/kimi-k3/expgym/94d5da78db3e4dd95d2e29f6.json
5cab012f5f67b2a43e49c428,kimi-k3,expgym,tuning,hpobench:nasbench201:cifar10-valid,cost_tight,single,2204,1,existing_trace_rescored,n1,"{""gap"": 99.07872625705963, ""gap0"": 99.07872625705963, ""raw_perf"": 0.9153333331461588}","{""gap"": 99.07872625705963, ""gap0"": 99.07872625705963, ""raw_perf"": 0.9153333331461588}",True,True,True,False,False,False,False,False,visible_configuration_match,428213ec9650a9ea8cb8030822d3b8bda501459124646bc8c73e6646adc668ac,../deliveries/paper-ad03e8c-20260916/trajectories/kimi-k3/expgym/5cab012f5f67b2a43e49c428.json
b40cfb0c17ef7558aa79a407,kimi-k3,expgym,tuning,hpobench:nasbench201:cifar10-valid,cost_tight,single,2208,2,existing_trace_rescored,n1,"{""gap"": 72.21103479262656, ""gap0"": 72.21103479262656, ""raw_perf"": 0.8939466665364584}","{""gap"": 72.21103479262656, ""gap0"": 72.21103479262656, ""raw_perf"": 0.8939466665364584}",True,True,True,False,False,False,False,False,visible_configuration_match,6296e2dc064108055b00ca2819cdb74de74c0ac6e50dd12b29dfdd221e70d9df,../deliveries/paper-ad03e8c-20260916/trajectories/kimi-k3/expgym/b40cfb0c17ef7558aa79a407.json
2c6bbe838c80cb34a1af81e8,kimi-k3,expgym,tuning,hpobench:nasbench201:cifar100,cost_tight,single,2200,0,existing_trace_rescored,n1,"{""gap"": 100.0, ""gap0"": 100.0, ""raw_perf"": 0.7350333333333333}","{""gap"": 100.0, ""gap0"": 100.0, ""raw_perf"": 0.7350333333333333}",True,True,True,False,False,False,False,False,visible_configuration_match,3e99d43b82d1f2270695cd097b99aca8c5803d2d9182e3fcced12a1689234c43,../deliveries/paper-ad03e8c-20260916/trajectories/kimi-k3/expgym/2c6bbe838c80cb34a1af81e8.json
f96a816edeff8fa460b2619b,kimi-k3,expgym,tuning,hpobench:nasbench201:cifar100,cost_tight,single,2204,1,existing_trace_rescored,n1,"{""gap"": 100.0, ""gap0"": 100.0, ""raw_perf"": 0.7350333333333333}","{""gap"": 100.0, ""gap0"": 100.0, ""raw_perf"": 0.7350333333333333}",True,True,True,False,False,False,False,False,visible_configuration_match,5cee69be4aea3c9ca4a16f37ece5fcb2e35a20ef1efca71243bfb285fc20f93d,../deliveries/paper-ad03e8c-20260916/trajectories/kimi-k3/expgym/f96a816edeff8fa460b2619b.json
ec1b678fc06c0a390ff4e250,kimi-k3,expgym,tuning,hpobench:nasbench201:cifar100,cost_tight,single,2208,2,existing_trace_rescored,n1,"{""gap"": 92.43756285354463, ""gap0"": 92.43756285354463, ""raw_perf"": 0.7258}","{""gap"": 92.43756285354463, ""gap0"": 92.43756285354463, ""raw_perf"": 0.7258}",True,True,True,False,False,False,False,False,visible_configuration_match,0a2f9be1962583bde1c3cc47b7b804f448a7a9424b12831d2346b57d2aefb9b0,../deliveries/paper-ad03e8c-20260916/trajectories/kimi-k3/expgym/ec1b678fc06c0a390ff4e250.json
6f1137a839859b9b4ef9bd92,kimi-k3,expgym,tuning,hpobench:nasbench201:imagenet16-120,cost_tight,single,2200,0,existing_trace_rescored,n1,"{""gap"": 96.29593816583329, ""gap0"": 96.29593816583329, ""raw_perf"": 0.46355555528428827}","{""gap"": 96.29593816583329, ""gap0"": 96.29593816583329, ""raw_perf"": 0.46355555528428827}",True,True,True,False,False,False,False,False,visible_configuration_match,2e2b9e5f0dd3df0cb09dab54931900f696fd3653ef49106f86f1dba185b6c0f3,../deliveries/paper-ad03e8c-20260916/trajectories/kimi-k3/expgym/6f1137a839859b9b4ef9bd92.json
b5c10e1911268934c301d286,kimi-k3,expgym,tuning,hpobench:nasbench201:imagenet16-120,cost_tight,single,2204,1,existing_trace_rescored,n1,"{""gap"": 96.29593816583329, ""gap0"": 96.29593816583329, ""raw_perf"": 0.46355555528428827}","{""gap"": 96.29593816583329, ""gap0"": 96.29593816583329, ""raw_perf"": 0.46355555528428827}",True,True,True,False,False,False,False,False,visible_configuration_match,54522f069450dfb7bffb81a29223131536da13363b774163064b0fd7237c9cc7,../deliveries/paper-ad03e8c-20260916/trajectories/kimi-k3/expgym/b5c10e1911268934c301d286.json
5d1c0c19a0da620132a51527,kimi-k3,expgym,tuning,hpobench:nasbench201:imagenet16-120,cost_tight,single,2208,2,existing_trace_rescored,n1,"{""gap"": 96.29593816583329, ""gap0"": 96.29593816583329, ""raw_perf"": 0.46355555528428827}","{""gap"": 96.29593816583329, ""gap0"": 96.29593816583329, ""raw_perf"": 0.46355555528428827}",True,True,True,False,False,False,False,False,visible_configuration_match,df16a0f4012c6155bc7136d897d955f147441a598a4db57b3b5ffd619da2d2be,../deliveries/paper-ad03e8c-20260916/trajectories/kimi-k3/expgym/5d1c0c19a0da620132a51527.json
5461a5ae9fb02ca2b88fa9df,kimi-k3,expgym,tuning,hpobench:paramnet:adult:steps,cost_tight,single,2200,0,existing_trace_rescored,n1,"{""gap"": 88.04109253589439, ""gap0"": 88.04109253589439, ""raw_perf"": 0.8488055558077715}","{""gap"": 88.04109253589439, ""gap0"": 88.04109253589439, ""raw_perf"": 0.8488055558077715}",True,True,True,False,False,False,False,False,benchmark_evaluation,e9ba0505843e285d28e2c407eac53d129714ed269d935a933d8e95a18f288f36,../deliveries/paper-ad03e8c-20260916/trajectories/kimi-k3/expgym/5461a5ae9fb02ca2b88fa9df.json
ae733a9bdbfe23bd3fbeadc9,kimi-k3,expgym,tuning,hpobench:paramnet:adult:steps,cost_tight,single,2204,1,existing_trace_rescored,n1,"{""gap"": 72.01344351468897, ""gap0"": 72.01344351468897, ""raw_perf"": 0.8422037010656462}","{""gap"": 72.01344351468897, ""gap0"": 72.01344351468897, ""raw_perf"": 0.8422037010656462}",True,True,True,False,False,False,False,False,legacy_best_visible_fallback,f157461d76379f2faf165bf3809661ec49ff2152d1eb504b2f2c86795bcf1f78,../deliveries/paper-ad03e8c-20260916/trajectories/kimi-k3/expgym/ae733a9bdbfe23bd3fbeadc9.json
a316d75723498e0505c31ddd,kimi-k3,expgym,tuning,hpobench:paramnet:adult:steps,cost_tight,single,2208,2,existing_trace_rescored,n1,"{""gap"": 72.01344351468897, ""gap0"": 72.01344351468897, ""raw_perf"": 0.8422037010656462}","{""gap"": 72.01344351468897, ""gap0"": 72.01344351468897, ""raw_perf"": 0.8422037010656462}",True,True,True,False,False,False,False,False,legacy_best_visible_fallback,390f9381ccfcc799d11f6f9c97e8965aae9dcf778f004e2e81a2a04a0d05c584,../deliveries/paper-ad03e8c-20260916/trajectories/kimi-k3/expgym/a316d75723498e0505c31ddd.json
3005c0a657d1720868e24cdc,kimi-k3,expgym,tuning,hpobench:paramnet:higgs:steps,cost_tight,single,2200,0,existing_trace_rescored,n1,"{""gap"": 89.3790782645753, ""gap0"": 89.3790782645753, ""raw_perf"": 0.7118219613896966}","{""gap"": 89.3790782645753, ""gap0"": 89.3790782645753, ""raw_perf"": 0.7118219613896966}",True,True,True,False,False,False,False,False,legacy_best_visible_fallback,7813ddede1eb19cb4752fe65b3412740b87b1616d7f8cf5d12f4f4ce039db5c6,../deliveries/paper-ad03e8c-20260916/trajectories/kimi-k3/expgym/3005c0a657d1720868e24cdc.json
dc396919d440698a2da709ac,kimi-k3,expgym,tuning,hpobench:paramnet:higgs:steps,cost_tight,single,2204,1,existing_trace_rescored,n1,"{""gap"": 20.16287898720514, ""gap0"": 20.16287898720514, ""raw_perf"": 0.6515821149829788}","{""gap"": 20.16287898720514, ""gap0"": 20.16287898720514, ""raw_perf"": 0.6515821149829788}",True,True,True,False,False,False,False,False,legacy_best_visible_fallback,afbc8f49777bea881efd5d90c1ea8639379347dc5eb2997fc5cbde4ccaefda5a,../deliveries/paper-ad03e8c-20260916/trajectories/kimi-k3/expgym/dc396919d440698a2da709ac.json
85bf3137115d4e327e0513c3,kimi-k3,expgym,tuning,hpobench:paramnet:higgs:steps,cost_tight,single,2208,2,existing_trace_rescored,n1,"{""gap"": 90.49734115779404, ""gap0"": 90.49734115779404, ""raw_perf"": 0.7127952015507155}","{""gap"": 90.49734115779404, ""gap0"": 90.49734115779404, ""raw_perf"": 0.7127952015507155}",True,True,True,False,False,False,False,False,legacy_best_visible_fallback,fecbe74bb95a5f47a383d6d354674cd24f5930c56e0e5f8149a270b541cea7e1,../deliveries/paper-ad03e8c-20260916/trajectories/kimi-k3/expgym/85bf3137115d4e327e0513c3.json
ed9c1619e21cbab3b43ec690,kimi-k3,expgym,tuning,hpobench:paramnet:letter:steps,cost_tight,single,2200,0,existing_trace_rescored,n1,"{""gap"": 96.18318013720575, ""gap0"": 96.18318013720575, ""raw_perf"": 0.945092719454994}","{""gap"": 96.18318013720575, ""gap0"": 96.18318013720575, ""raw_perf"": 0.945092719454994}",True,True,True,False,False,False,False,False,visible_configuration_match,b5ca0bd45090a1c294e455d823b5073c485169319253318483793efeb8c9124d,../deliveries/paper-ad03e8c-20260916/trajectories/kimi-k3/expgym/ed9c1619e21cbab3b43ec690.json
76c86f02fb2adac2f4c7febe,kimi-k3,expgym,tuning,hpobench:paramnet:letter:steps,cost_tight,single,2204,1,existing_trace_rescored,n1,"{""gap"": 91.4530800906142, ""gap0"": 91.4530800906142, ""raw_perf"": 0.9202623262752079}","{""gap"": 91.4530800906142, ""gap0"": 91.4530800906142, ""raw_perf"": 0.9202623262752079}",True,True,True,False,False,False,False,False,visible_configuration_match,d878c337df738a9f49cab9f362438e068872ea6ac501e6aec411c0d6082a87af,../deliveries/paper-ad03e8c-20260916/trajectories/kimi-k3/expgym/76c86f02fb2adac2f4c7febe.json
1f090a466ab61e85c0ad92c9,kimi-k3,expgym,tuning,hpobench:paramnet:letter:steps,cost_tight,single,2208,2,existing_trace_rescored,n1,"{""gap"": 95.05881160825051, ""gap0"": 95.05881160825051, ""raw_perf"": 0.9391904103330011}","{""gap"": 95.05881160825051, ""gap0"": 95.05881160825051, ""raw_perf"": 0.9391904103330011}",True,True,True,False,False,False,False,False,legacy_best_visible_fallback,1a257df31bc7a59ee1c4e9daf759e3214e454eb0ea0af3609ace0c7660e14e03,../deliveries/paper-ad03e8c-20260916/trajectories/kimi-k3/expgym/1f090a466ab61e85c0ad92c9.json
def62819063371d74a9a17ae,kimi-k3,poolact,tuning,hpobench:nasbench101:A,cost_moderate,cached,2200,0,existing_trace_rescored,paper-graph-lock-v3,"{""gap0_bon"": 99.31180215638463, ""gap0_mi"": 98.08372294900455, ""gap_bon"": 99.31180215638463, ""gap_mi"": 98.08372294900455, ""raw_perf_bon"": 0.9412393172581991, ""raw_perf_mi"": 0.9326004981994629}","{""gap0_bon"": 99.31180215638463, ""gap0_mi"": 98.08372294900455, ""gap_bon"": 99.31180215638463, ""gap_mi"": 98.08372294900455, ""raw_perf_bon"": 0.9412393172581991, ""raw_perf_mi"": 0.9326004981994629}",True,True,True,False,False,False,False,False,visible_configuration_match,8213d61a3539b82d81a3ad66ea69f060636431a3ed71c25bec37f7183032f6a9,../deliveries/paper-ad03e8c-20260916/trajectories/kimi-k3/poolact/def62819063371d74a9a17ae.json
ab6674315c095e574eeb0683,kimi-k3,poolact,tuning,hpobench:nasbench101:A,cost_moderate,cached,2204,1,existing_trace_rescored,paper-graph-lock-v3,"{""gap0_bon"": 98.89888175555728, ""gap0_mi"": 97.97574498159348, ""gap_bon"": 98.89888175555728, ""gap_mi"": 97.97574498159348, ""raw_perf_bon"": 0.9383346637090048, ""raw_perf_mi"": 0.9318409363428752}","{""gap0_bon"": 98.89888175555728, ""gap0_mi"": 97.97574498159348, ""gap_bon"": 98.89888175555728, ""gap_mi"": 97.97574498159348, ""raw_perf_bon"": 0.9383346637090048, ""raw_perf_mi"": 0.9318409363428752}",True,True,True,False,False,False,False,False,visible_configuration_match,5b6d6be9e580e66167f00b888824fab3f90accfdadffedf3988dd0f27c77b716,../deliveries/paper-ad03e8c-20260916/trajectories/kimi-k3/poolact/ab6674315c095e574eeb0683.json
15bfaad84fe61e7e255dcf36,kimi-k3,poolact,tuning,hpobench:nasbench101:A,cost_moderate,cached,2208,2,existing_trace_rescored,paper-graph-lock-v3,"{""gap0_bon"": 99.19314501830179, ""gap0_mi"": 97.38009736140563, ""gap_bon"": 99.19314501830179, ""gap_mi"": 97.38009736140563, ""raw_perf_bon"": 0.9404046336809794, ""raw_perf_mi"": 0.9276509036620458}","{""gap0_bon"": 99.19314501830179, ""gap0_mi"": 97.38009736140563, ""gap_bon"": 99.19314501830179, ""gap_mi"": 97.38009736140563, ""raw_perf_bon"": 0.9404046336809794, ""raw_perf_mi"": 0.9276509036620458}",True,True,True,False,False,False,False,False,visible_configuration_match,3fb88d121fe1ef772ee2aee521ec40cb2970bde9dbb7302b30c010322d2fe906,../deliveries/paper-ad03e8c-20260916/trajectories/kimi-k3/poolact/15bfaad84fe61e7e255dcf36.json
6f15e07e12e7bf46043a8dab,kimi-k3,poolact,tuning,hpobench:nasbench101:B,cost_moderate,cached,2200,0,existing_trace_rescored,paper-graph-lock-v3,"{""gap0_bon"": 97.51079966049845, ""gap0_mi"": 97.06864127941355, ""gap_bon"": 97.51079966049845, ""gap_mi"": 97.06864127941355, ""raw_perf_bon"": 0.9426081577936808, ""raw_perf_mi"": 0.9414813568194706}","{""gap0_bon"": 97.51079966049845, ""gap0_mi"": 97.06864127941355, ""gap_bon"": 97.51079966049845, ""gap_mi"": 97.06864127941355, ""raw_perf_bon"": 0.9426081577936808, ""raw_perf_mi"": 0.9414813568194706}",True,True,True,False,False,False,False,False,visible_configuration_match,5e8e01d9822a9e1ca9dec35005f820a166e10284b72c15206c011e0bd66b91bb,../deliveries/paper-ad03e8c-20260916/trajectories/kimi-k3/poolact/6f15e07e12e7bf46043a8dab.json
1c0ff6b37f89e513d38d2d0c,kimi-k3,poolact,tuning,hpobench:nasbench101:B,cost_moderate,cached,2204,1,existing_trace_rescored,paper-graph-lock-v3,"{""gap0_bon"": 97.4846040349148, ""gap0_mi"": 96.64613936291283, ""gap_bon"": 97.4846040349148, ""gap_mi"": 96.64613936291283, ""raw_perf_bon"": 0.9425414005915324, ""raw_perf_mi"": 0.9404046485821406}","{""gap0_bon"": 97.4846040349148, ""gap0_mi"": 96.64613936291283, ""gap_bon"": 97.4846040349148, ""gap_mi"": 96.64613936291283, ""raw_perf_bon"": 0.9425414005915324, ""raw_perf_mi"": 0.9404046485821406}",True,True,True,False,False,False,False,False,visible_configuration_match,ee63fd32781e56732fa3d6e28072e25c5d8c5292ccc8a7b8150360c6ca3a43e0,../deliveries/paper-ad03e8c-20260916/trajectories/kimi-k3/poolact/1c0ff6b37f89e513d38d2d0c.json
9f829db453669657a2e80bca,kimi-k3,poolact,tuning,hpobench:nasbench101:B,cost_moderate,cached,2208,2,existing_trace_rescored,paper-graph-lock-v3,"{""gap0_bon"": 98.03484470956302, ""gap0_mi"": 96.90160908289063, ""gap_bon"": 98.03484470956302, ""gap_mi"": 96.90160908289063, ""raw_perf_bon"": 0.9439436395963033, ""raw_perf_mi"": 0.9410556902488073}","{""gap0_bon"": 98.03484470956302, ""gap0_mi"": 96.90160908289063, ""gap_bon"": 98.03484470956302, ""gap_mi"": 96.90160908289063, ""raw_perf_bon"": 0.9439436395963033, ""raw_perf_mi"": 0.9410556902488073}",True,True,True,False,False,False,False,False,visible_configuration_match,15408b30e25d0cbaa970bb4a8bf7efbcbc339b29609fd133c257b478d1532ee8,../deliveries/paper-ad03e8c-20260916/trajectories/kimi-k3/poolact/9f829db453669657a2e80bca.json
a685f33cefd44f71c426edcb,kimi-k3,poolact,tuning,hpobench:nasbench101:C,cost_moderate,cached,2200,0,existing_trace_rescored,paper-graph-lock-v3,"{""gap0_bon"": 100.17721427983435, ""gap0_mi"": 99.4151897127592, ""gap_bon"": 100.17721427983435, ""gap_mi"": 99.4151897127592, ""raw_perf_bon"": 0.9465811848640442, ""raw_perf_mi"": 0.9422743022441864}","{""gap0_bon"": 100.17721427983435, ""gap0_mi"": 99.4151897127592, ""gap_bon"": 100.17721427983435, ""gap_mi"": 99.4151897127592, ""raw_perf_bon"": 0.9465811848640442, ""raw_perf_mi"": 0.9422743022441864}",True,True,True,False,False,False,False,False,legacy_best_visible_fallback;visible_configuration_match,d7d705f22d9d6bfd2c4488f32341de7297ec44f0b330af507fdee7a53ba1c2f4,../deliveries/paper-ad03e8c-20260916/trajectories/kimi-k3/poolact/a685f33cefd44f71c426edcb.json
ea13e4bccbe56cb97abceb64,kimi-k3,poolact,tuning,hpobench:nasbench101:C,cost_moderate,cached,2204,1,existing_trace_rescored,paper-graph-lock-v3,"{""gap0_bon"": 99.47425938171095, ""gap0_mi"": 99.0075945841826, ""gap_bon"": 99.47425938171095, ""gap_mi"": 99.0075945841826, ""raw_perf_bon"": 0.9426081577936808, ""raw_perf_mi"": 0.9399706174929937}","{""gap0_bon"": 99.47425938171095, ""gap0_mi"": 99.0075945841826, ""gap_bon"": 99.47425938171095, ""gap_mi"": 99.0075945841826, ""raw_perf_bon"": 0.9426081577936808, ""raw_perf_mi"": 0.9399706174929937}",True,True,True,False,False,False,False,False,legacy_best_visible_fallback;visible_configuration_match,7bed9b4d246fc354bae081ed3495351c23632abda2ba431496e4f53ef32a3f90,../deliveries/paper-ad03e8c-20260916/trajectories/kimi-k3/poolact/ea13e4bccbe56cb97abceb64.json
7f218be369ac02dacc0d435a,kimi-k3,poolact,tuning,hpobench:nasbench101:C,cost_moderate,cached,2208,2,existing_trace_rescored,paper-graph-lock-v3,"{""gap0_bon"": 99.46835364517756, ""gap0_mi"": 99.17151919915712, ""gap_bon"": 99.46835364517756, ""gap_mi"": 99.17151919915712, ""raw_perf_bon"": 0.9425747791926066, ""raw_perf_mi"": 0.9408971021572748}","{""gap0_bon"": 99.46835364517756, ""gap0_mi"": 99.17151919915712, ""gap_bon"": 99.46835364517756, ""gap_mi"": 99.17151919915712, ""raw_perf_bon"": 0.9425747791926066, ""raw_perf_mi"": 0.9408971021572748}",True,True,True,False,False,False,False,False,visible_configuration_match,d0cfaa82561953e69b6695e479cd9c37c477ff855bcc64fd983cd1ea0cf13ddf,../deliveries/paper-ad03e8c-20260916/trajectories/kimi-k3/poolact/7f218be369ac02dacc0d435a.json
dc56baa3b7488d6486335437,kimi-k3,poolact,tuning,hpobench:nasbench101:A,cost_moderate,naive,2200,0,existing_trace_rescored,paper-graph-lock-v3,"{""gap0_bon"": 99.2643404309236, ""gap0_mi"": 98.76836271664696, ""gap_bon"": 99.2643404309236, ""gap_mi"": 98.76836271664696, ""raw_perf_bon"": 0.9409054517745972, ""raw_perf_mi"": 0.9374165385961533}","{""gap0_bon"": 99.2643404309236, ""gap0_mi"": 98.76836271664696, ""gap_bon"": 99.2643404309236, ""gap_mi"": 98.76836271664696, ""raw_perf_bon"": 0.9409054517745972, ""raw_perf_mi"": 0.9374165385961533}",True,True,True,False,False,False,False,False,visible_configuration_match,6705cb8dc2af388d6657dcf813850479f861dcf80115c909629bcbb7be882c92,../deliveries/paper-ad03e8c-20260916/trajectories/kimi-k3/poolact/dc56baa3b7488d6486335437.json
e1946efeea4ed8115decfe76,kimi-k3,poolact,tuning,hpobench:nasbench101:A,cost_moderate,naive,2204,1,existing_trace_rescored,paper-graph-lock-v3,"{""gap0_bon"": 99.14568611727097, ""gap0_mi"": 96.97429805527707, ""gap_bon"": 99.14568611727097, ""gap_mi"": 96.97429805527707, ""raw_perf_bon"": 0.9400707880655924, ""raw_perf_mi"": 0.9247963428497314}","{""gap0_bon"": 99.14568611727097, ""gap0_mi"": 96.97429805527707, ""gap_bon"": 99.14568611727097, ""gap_mi"": 96.97429805527707, ""raw_perf_bon"": 0.9400707880655924, ""raw_perf_mi"": 0.9247963428497314}",True,True,True,False,False,False,False,False,visible_configuration_match,bd0a5185a20a5166d45300a0f6f83d1a9b125282b97b95641aab35136d8c8eb8,../deliveries/paper-ad03e8c-20260916/trajectories/kimi-k3/poolact/e1946efeea4ed8115decfe76.json
82a122f33d37ccbcc6d1afb5,kimi-k3,poolact,tuning,hpobench:nasbench101:A,cost_moderate,naive,2208,2,existing_trace_rescored,paper-graph-lock-v3,"{""gap0_bon"": 99.54911360812008, ""gap0_mi"": 99.1195820270459, ""gap_bon"": 99.54911360812008, ""gap_mi"": 99.1195820270459, ""raw_perf_bon"": 0.9429086645444235, ""raw_perf_mi"": 0.9398871610562007}","{""gap0_bon"": 99.54911360812008, ""gap0_mi"": 99.1195820270459, ""gap_bon"": 99.54911360812008, ""gap_mi"": 99.1195820270459, ""raw_perf_bon"": 0.9429086645444235, ""raw_perf_mi"": 0.9398871610562007}",True,True,True,False,False,False,False,False,visible_configuration_match,f07f131d5251588cb50ed1045c12127b2a3c77052e1dd98704d857efb145a6a3,../deliveries/paper-ad03e8c-20260916/trajectories/kimi-k3/poolact/82a122f33d37ccbcc6d1afb5.json
dd251e29c335b16e58f28b75,kimi-k3,poolact,tuning,hpobench:nasbench101:B,cost_moderate,naive,2200,0,existing_trace_rescored,paper-graph-lock-v3,"{""gap0_bon"": 97.77282608318929, ""gap0_mi"": 97.03589479835472, ""gap_bon"": 97.77282608318929, ""gap_mi"": 97.03589479835472, ""raw_perf_bon"": 0.9432759086290995, ""raw_perf_mi"": 0.9413979053497314}","{""gap0_bon"": 97.77282608318929, ""gap0_mi"": 97.03589479835472, ""gap_bon"": 97.77282608318929, ""gap_mi"": 97.03589479835472, ""raw_perf_bon"": 0.9432759086290995, ""raw_perf_mi"": 0.9413979053497314}",True,True,True,False,False,False,False,False,visible_configuration_match,25795926e69a5ff8fc36944df61534bf1e39ca6626f57970828276512cf65b3c,../deliveries/paper-ad03e8c-20260916/trajectories/kimi-k3/poolact/dd251e29c335b16e58f28b75.json
3eb513b8bf9fe08bfdd6482c,kimi-k3,poolact,tuning,hpobench:nasbench101:B,cost_moderate,naive,2204,1,existing_trace_rescored,paper-graph-lock-v3,"{""gap0_bon"": 97.77282608318929, ""gap0_mi"": 96.99331521230556, ""gap_bon"": 97.77282608318929, ""gap_mi"": 96.99331521230556, ""raw_perf_bon"": 0.9432759086290995, ""raw_perf_mi"": 0.9412893950939178}","{""gap0_bon"": 97.77282608318929, ""gap0_mi"": 96.99331521230556, ""gap_bon"": 97.77282608318929, ""gap_mi"": 96.99331521230556, ""raw_perf_bon"": 0.9432759086290995, ""raw_perf_mi"": 0.9412893950939178}",True,True,True,False,False,False,False,False,visible_configuration_match,3a28200accb11be64fa2c7f1136c1adb43856f9f1e7c8498e2a762330c6cad06,../deliveries/paper-ad03e8c-20260916/trajectories/kimi-k3/poolact/3eb513b8bf9fe08bfdd6482c.json
52462b1a2320113e67f5b277,kimi-k3,poolact,tuning,hpobench:nasbench101:B,cost_moderate,naive,2208,2,existing_trace_rescored,paper-graph-lock-v3,"{""gap0_bon"": 97.72041923938771, ""gap0_mi"": 96.42669642442972, ""gap_bon"": 97.72041923938771, ""gap_mi"": 96.42669642442972, ""raw_perf_bon"": 0.9431423544883728, ""raw_perf_mi"": 0.9398454179366429}","{""gap0_bon"": 97.72041923938771, ""gap0_mi"": 96.42669642442972, ""gap_bon"": 97.72041923938771, ""gap_mi"": 96.42669642442972, ""raw_perf_bon"": 0.9431423544883728, ""raw_perf_mi"": 0.9398454179366429}",True,True,True,False,False,False,False,False,visible_configuration_match,92539efc0c006a324256b8e794d269b65386684d06424f0d5264a94d3eb2f1d1,../deliveries/paper-ad03e8c-20260916/trajectories/kimi-k3/poolact/52462b1a2320113e67f5b277.json
d4739435d5e9bcd8dbac7458,kimi-k3,poolact,tuning,hpobench:nasbench101:C,cost_moderate,naive,2200,0,existing_trace_rescored,paper-graph-lock-v3,"{""gap0_bon"": 99.75189578984866, ""gap0_mi"": 98.67383873887032, ""gap_bon"": 99.75189578984866, ""gap_mi"": 98.67383873887032, ""raw_perf_bon"": 0.9441773295402527, ""raw_perf_mi"": 0.9380842645963032}","{""gap0_bon"": 99.75189578984866, ""gap0_mi"": 98.67383873887032, ""gap_bon"": 99.75189578984866, ""gap_mi"": 98.67383873887032, ""raw_perf_bon"": 0.9441773295402527, ""raw_perf_mi"": 0.9380842645963032}",True,True,True,False,False,False,False,False,visible_configuration_match,dce81b0ab57abd7d536bf1d82ba7968b10dec77799c85208ee492bd74be6730a,../deliveries/paper-ad03e8c-20260916/trajectories/kimi-k3/poolact/d4739435d5e9bcd8dbac7458.json
af368592960f6d1b9e86f5f4,kimi-k3,poolact,tuning,hpobench:nasbench101:C,cost_moderate,naive,2204,1,existing_trace_rescored,paper-graph-lock-v3,"{""gap0_bon"": 100.10632786483673, ""gap0_mi"": 99.07848012035038, ""gap_bon"": 100.10632786483673, ""gap_mi"": 99.07848012035038, ""raw_perf_bon"": 0.946180542310079, ""raw_perf_mi"": 0.9403712550799053}","{""gap0_bon"": 100.10632786483673, ""gap0_mi"": 99.07848012035038, ""gap_bon"": 100.10632786483673, ""gap_mi"": 99.07848012035038, ""raw_perf_bon"": 0.946180542310079, ""raw_perf_mi"": 0.9403712550799053}",True,True,True,False,False,False,False,False,visible_configuration_match,bcce5719e82ec0a431206604f50982ef31e1272889dfd430725bbe47021ed644,../deliveries/paper-ad03e8c-20260916/trajectories/kimi-k3/poolact/af368592960f6d1b9e86f5f4.json
21ceea563dbf554668144ffd,kimi-k3,poolact,tuning,hpobench:nasbench101:C,cost_moderate,naive,2208,2,existing_trace_rescored,paper-graph-lock-v3,"{""gap0_bon"": 99.79915574339331, ""gap0_mi"": 99.27932525578689, ""gap_bon"": 99.79915574339331, ""gap_mi"": 99.27932525578689, ""raw_perf_bon"": 0.9444444378217062, ""raw_perf_mi"": 0.9415064106384914}","{""gap0_bon"": 99.79915574339331, ""gap0_mi"": 99.27932525578689, ""gap_bon"": 99.79915574339331, ""gap_mi"": 99.27932525578689, ""raw_perf_bon"": 0.9444444378217062, ""raw_perf_mi"": 0.9415064106384914}",True,True,True,False,False,False,False,False,visible_configuration_match,a6ae733c3dc756b818b12d539c13569103c9a8a487305da71a37f38f3e945a4d,../deliveries/paper-ad03e8c-20260916/trajectories/kimi-k3/poolact/21ceea563dbf554668144ffd.json
fcd71291ff089d5352498e77,kimi-k3,poolact,tuning,hpobench:nasbench101:A,cost_moderate,poolact,2200,0,existing_trace_rescored,paper-graph-lock-v3,"{""gap0_bon"": 99.72947042441622, ""gap0_mi"": 99.28095372949309, ""gap_bon"": 99.72947042441622, ""gap_mi"": 99.28095372949309, ""raw_perf_bon"": 0.9441773692766825, ""raw_perf_mi"": 0.9410223166147867}","{""gap0_bon"": 99.72947042441622, ""gap0_mi"": 99.28095372949309, ""gap_bon"": 99.72947042441622, ""gap_mi"": 99.28095372949309, ""raw_perf_bon"": 0.9441773692766825, ""raw_perf_mi"": 0.9410223166147867}",True,True,True,False,False,False,False,False,legacy_best_visible_fallback;visible_configuration_match,359b3b2f39f1757239e85bb58e24a8e50539661ea6a27c799b0a0a8bd614ec97,../deliveries/paper-ad03e8c-20260916/trajectories/kimi-k3/poolact/fcd71291ff089d5352498e77.json
f7155caed5ada090fb8b0344,kimi-k3,poolact,tuning,hpobench:nasbench101:A,cost_moderate,poolact,2204,1,existing_trace_rescored,paper-graph-lock-v3,"{""gap0_bon"": 99.8623626908211, ""gap0_mi"": 99.36757053113043, ""gap_bon"": 99.8623626908211, ""gap_mi"": 99.36757053113043, ""raw_perf_bon"": 0.9451121886571249, ""raw_perf_mi"": 0.9416316151618958}","{""gap0_bon"": 99.8623626908211, ""gap0_mi"": 99.36757053113043, ""gap_bon"": 99.8623626908211, ""gap_mi"": 99.36757053113043, ""raw_perf_bon"": 0.9451121886571249, ""raw_perf_mi"": 0.9416316151618958}",True,True,True,False,False,False,False,False,legacy_best_visible_fallback;visible_configuration_match,870d421c8a9f8a0c8c6b7087e6b2e3e8b53b4aed5217859d5f20a477ce2e1893,../deliveries/paper-ad03e8c-20260916/trajectories/kimi-k3/poolact/f7155caed5ada090fb8b0344.json
f4ec5e7d29315a3a7f78b219,kimi-k3,poolact,tuning,hpobench:nasbench101:A,cost_moderate,poolact,2208,2,existing_trace_rescored,paper-graph-lock-v3,"{""gap0_bon"": 99.27383334090185, ""gap0_mi"": 99.14093825006674, ""gap_bon"": 99.27383334090185, ""gap_mi"": 99.14093825006674, ""raw_perf_bon"": 0.9409722288449606, ""raw_perf_mi"": 0.9400373895963032}","{""gap0_bon"": 99.27383334090185, ""gap0_mi"": 99.14093825006674, ""gap_bon"": 99.27383334090185, ""gap_mi"": 99.14093825006674, ""raw_perf_bon"": 0.9409722288449606, ""raw_perf_mi"": 0.9400373895963032}",True,True,True,False,False,False,False,False,legacy_best_visible_fallback;visible_configuration_match,f390c451777553c2efeeb4e9527985bbe3440f9686d5cc12b8986fb9f0a4c9ff,../deliveries/paper-ad03e8c-20260916/trajectories/kimi-k3/poolact/f4ec5e7d29315a3a7f78b219.json
90ee5b61e04851ccbf0810f9,kimi-k3,poolact,tuning,hpobench:nasbench101:B,cost_moderate,poolact,2200,0,existing_trace_rescored,paper-graph-lock-v3,"{""gap0_bon"": 98.03485250588012, ""gap0_mi"": 97.36014557720317, ""gap_bon"": 98.03485250588012, ""gap_mi"": 97.36014557720317, ""raw_perf_bon"": 0.9439436594645182, ""raw_perf_mi"": 0.9422242293755214}","{""gap0_bon"": 98.03485250588012, ""gap0_mi"": 97.36014557720317, ""gap_bon"": 98.03485250588012, ""gap_mi"": 97.36014557720317, ""raw_perf_bon"": 0.9439436594645182, ""raw_perf_mi"": 0.9422242293755214}",True,True,True,False,False,False,False,False,legacy_best_visible_fallback;visible_configuration_match,91150fca437112016515ea68ce8953baa204448ab20671fc6982a615a7ca544c,../deliveries/paper-ad03e8c-20260916/trajectories/kimi-k3/poolact/90ee5b61e04851ccbf0810f9.json
16eb77afda8e7ca3474ca976,kimi-k3,poolact,tuning,hpobench:nasbench101:B,cost_moderate,poolact,2204,1,existing_trace_rescored,paper-graph-lock-v3,"{""gap0_bon"": 97.40600156552956, ""gap0_mi"": 97.0424456538299, ""gap_bon"": 97.40600156552956, ""gap_mi"": 97.0424456538299, ""raw_perf_bon"": 0.9423410892486572, ""raw_perf_mi"": 0.9414145996173222}","{""gap0_bon"": 97.40600156552956, ""gap0_mi"": 97.0424456538299, ""gap_bon"": 97.40600156552956, ""gap_mi"": 97.0424456538299, ""raw_perf_bon"": 0.9423410892486572, ""raw_perf_mi"": 0.9414145996173222}",True,True,True,False,False,False,False,False,legacy_best_visible_fallback;visible_configuration_match,255d3919c770c16966c9210bb8a7cc93d0c854920ada7eb4912f5dadb9014025,../deliveries/paper-ad03e8c-20260916/trajectories/kimi-k3/poolact/16eb77afda8e7ca3474ca976.json
d296d7ecb9c08771de4398de,kimi-k3,poolact,tuning,hpobench:nasbench101:B,cost_moderate,poolact,2208,2,existing_trace_rescored,paper-graph-lock-v3,"{""gap0_bon"": 97.340489112619, ""gap0_mi"": 97.23240876813499, ""gap_bon"": 97.340489112619, ""gap_mi"": 97.23240876813499, ""raw_perf_bon"": 0.9421741366386414, ""raw_perf_mi"": 0.9418987035751343}","{""gap0_bon"": 97.340489112619, ""gap0_mi"": 97.23240876813499, ""gap_bon"": 97.340489112619, ""gap_mi"": 97.23240876813499, ""raw_perf_bon"": 0.9421741366386414, ""raw_perf_mi"": 0.9418987035751343}",True,True,True,False,False,False,False,False,legacy_best_visible_fallback;visible_configuration_match,77b84d8ed9f6c6f7a74002629be1084668952cb798b2b46c62bd064d2f012b4a,../deliveries/paper-ad03e8c-20260916/trajectories/kimi-k3/poolact/d296d7ecb9c08771de4398de.json
c157fed0910b4aececa84999,kimi-k3,poolact,tuning,hpobench:nasbench101:C,cost_moderate,poolact,2200,0,existing_trace_rescored,paper-graph-lock-v3,"{""gap0_bon"": 99.84641569693795, ""gap0_mi"": 99.58502270075664, ""gap_bon"": 99.84641569693795, ""gap_mi"": 99.58502270075664, ""raw_perf_bon"": 0.9447115461031595, ""raw_perf_mi"": 0.943234180410703}","{""gap0_bon"": 99.84641569693795, ""gap0_mi"": 99.58502270075664, ""gap_bon"": 99.84641569693795, ""gap_mi"": 99.58502270075664, ""raw_perf_bon"": 0.9447115461031595, ""raw_perf_mi"": 0.943234180410703}",True,True,True,False,False,False,False,False,legacy_best_visible_fallback;visible_configuration_match,b9f1bd0fb009292b95dbbe73031d7303bbec88c4f31228816d3c62c998e9d915,../deliveries/paper-ad03e8c-20260916/trajectories/kimi-k3/poolact/c157fed0910b4aececa84999.json
eb9c68ab88ad643b5f57f095,kimi-k3,poolact,tuning,hpobench:nasbench101:C,cost_moderate,poolact,2204,1,existing_trace_rescored,paper-graph-lock-v3,"{""gap0_bon"": 99.06666513196421, ""gap0_mi"": 98.81708888182874, ""gap_bon"": 99.06666513196421, ""gap_mi"": 98.81708888182874, ""raw_perf_bon"": 0.9403044780095419, ""raw_perf_mi"": 0.9388938993215561}","{""gap0_bon"": 99.06666513196421, ""gap0_mi"": 98.81708888182874, ""gap_bon"": 99.06666513196421, ""gap_mi"": 98.81708888182874, ""raw_perf_bon"": 0.9403044780095419, ""raw_perf_mi"": 0.9388938993215561}",True,True,True,False,False,False,False,False,legacy_best_visible_fallback;visible_configuration_match,1f695caa68b2213d15201e91abdf1b78d152e31dab1f1ee436d4ae9cd9f5004e,../deliveries/paper-ad03e8c-20260916/trajectories/kimi-k3/poolact/eb9c68ab88ad643b5f57f095.json
8e9b82fed364a6d927906d7e,kimi-k3,poolact,tuning,hpobench:nasbench101:C,cost_moderate,poolact,2208,2,existing_trace_rescored,paper-graph-lock-v3,"{""gap0_bon"": 99.27932437695705, ""gap0_mi"": 99.1803795616169, ""gap_bon"": 99.27932437695705, ""gap_mi"": 99.1803795616169, ""raw_perf_bon"": 0.9415064056714376, ""raw_perf_mi"": 0.9409471799929937}","{""gap0_bon"": 99.27932437695705, ""gap0_mi"": 99.1803795616169, ""gap_bon"": 99.27932437695705, ""gap_mi"": 99.1803795616169, ""raw_perf_bon"": 0.9415064056714376, ""raw_perf_mi"": 0.9409471799929937}",True,True,True,False,False,False,False,False,legacy_best_visible_fallback;visible_configuration_match,989ea99b37a587e749d65630e16b70f4bda15eaf0262576d485d13949895b0d2,../deliveries/paper-ad03e8c-20260916/trajectories/kimi-k3/poolact/8e9b82fed364a6d927906d7e.json
2c8475406758f6049fd121c0,kimi-k3,poolact,tuning,hpobench:nasbench101:A,cost_tight,cached,2200,0,existing_trace_rescored,paper-graph-lock-v4,"{""gap0_bon"": 98.9178675755138, ""gap0_mi"": 90.31300294403069, ""gap_bon"": 98.9178675755138, ""gap_mi"": 90.31300294403069, ""raw_perf_bon"": 0.9384682178497314, ""raw_perf_mi"": 0.8779380271832148}","{""gap0_bon"": 98.9178675755138, ""gap0_mi"": 90.31300294403069, ""gap_bon"": 98.9178675755138, ""gap_mi"": 90.31300294403069, ""raw_perf_bon"": 0.9384682178497314, ""raw_perf_mi"": 0.8779380271832148}",True,True,True,False,False,False,False,False,benchmark_evaluation;visible_configuration_match,427465d4a3b883b9b452d3e0ac23b6f5a50a7a0fe5acab318e9a831b8dd305c3,../deliveries/paper-ad03e8c-20260916/trajectories/kimi-k3/poolact/2c8475406758f6049fd121c0.json
035342cbdb5e9ef4e5385b86,kimi-k3,poolact,tuning,hpobench:nasbench101:A,cost_tight,cached,2204,1,existing_trace_rescored,paper-graph-lock-v4,"{""gap0_bon"": 99.39723269732846, ""gap0_mi"": 92.12011929745933, ""gap_bon"": 99.39723269732846, ""gap_mi"": 92.12011929745933, ""raw_perf_bon"": 0.9418402711550394, ""raw_perf_mi"": 0.8906500339508057}","{""gap0_bon"": 99.39723269732846, ""gap0_mi"": 92.12011929745933, ""gap_bon"": 99.39723269732846, ""gap_mi"": 92.12011929745933, ""raw_perf_bon"": 0.9418402711550394, ""raw_perf_mi"": 0.8906500339508057}",True,True,True,False,False,False,False,False,legacy_best_visible_fallback;visible_configuration_match,9c9afbcb251cf716b159408658aee80480d41d7dfa55c02f5b80df7449c34d35,../deliveries/paper-ad03e8c-20260916/trajectories/kimi-k3/poolact/035342cbdb5e9ef4e5385b86.json
365701969cd8f6063a656994,kimi-k3,poolact,tuning,hpobench:nasbench101:A,cost_tight,cached,2208,2,existing_trace_rescored,paper-graph-lock-v4,"{""gap0_bon"": 98.59037771563027, ""gap0_mi"": 96.51628986259081, ""gap_bon"": 98.59037771563027, ""gap_mi"": 96.51628986259081, ""raw_perf_bon"": 0.9361645181973776, ""raw_perf_mi"": 0.9215745230515798}","{""gap0_bon"": 98.59037771563027, ""gap0_mi"": 96.51628986259081, ""gap_bon"": 98.59037771563027, ""gap_mi"": 96.51628986259081, ""raw_perf_bon"": 0.9361645181973776, ""raw_perf_mi"": 0.9215745230515798}",True,True,True,False,False,False,False,False,visible_configuration_match,e4779d99ce294d152ed6a036393dc1c3affeebf5c3f4399ce2b950f6c2f00e0f,../deliveries/paper-ad03e8c-20260916/trajectories/kimi-k3/poolact/365701969cd8f6063a656994.json
22fe13f6e43e09d974ea714c,kimi-k3,poolact,tuning,hpobench:nasbench101:B,cost_tight,cached,2200,0,existing_trace_rescored,paper-graph-lock-v4,"{""gap0_bon"": 93.65910714164399, ""gap0_mi"": 88.04859861080597, ""gap_bon"": 93.65910714164399, ""gap_mi"": 88.04859861080597, ""raw_perf_bon"": 0.9327924648920695, ""raw_perf_mi"": 0.9184945871432623}","{""gap0_bon"": 93.65910714164399, ""gap0_mi"": 88.04859861080597, ""gap_bon"": 93.65910714164399, ""gap_mi"": 88.04859861080597, ""raw_perf_bon"": 0.9327924648920695, ""raw_perf_mi"": 0.9184945871432623}",True,True,True,False,False,False,False,False,visible_configuration_match,57c0846613887143656e1bc091efc92b1cb719b2b8ccb25bf3513c6d16368cd1,../deliveries/paper-ad03e8c-20260916/trajectories/kimi-k3/poolact/22fe13f6e43e09d974ea714c.json
7f8da79d2d46c32117a36221,kimi-k3,poolact,tuning,hpobench:nasbench101:B,cost_tight,cached,2204,1,existing_trace_rescored,paper-graph-lock-v4,"{""gap0_bon"": 95.55874997917046, ""gap0_mi"": 88.46455551906936, ""gap_bon"": 95.55874997917046, ""gap_mi"": 88.46455551906936, ""raw_perf_bon"": 0.9376335342725118, ""raw_perf_mi"": 0.9195546160141628}","{""gap0_bon"": 95.55874997917046, ""gap0_mi"": 88.46455551906936, ""gap_bon"": 95.55874997917046, ""gap_mi"": 88.46455551906936, ""raw_perf_bon"": 0.9376335342725118, ""raw_perf_mi"": 0.9195546160141628}",True,True,True,False,False,False,False,False,visible_configuration_match,f76c108b08ca81d579206b699682d3293b02dc2a263964b49088700e0b71e42b,../deliveries/paper-ad03e8c-20260916/trajectories/kimi-k3/poolact/7f8da79d2d46c32117a36221.json
95acc8ebbb1c22eba1cf3bd6,kimi-k3,poolact,tuning,hpobench:nasbench101:B,cost_tight,cached,2208,2,existing_trace_rescored,paper-graph-lock-v4,"{""gap0_bon"": 96.1613974976202, ""gap0_mi"": 92.7223854847519, ""gap_bon"": 96.1613974976202, ""gap_mi"": 92.7223854847519, ""raw_perf_bon"": 0.9391693274180094, ""raw_perf_mi"": 0.9304053137699763}","{""gap0_bon"": 96.1613974976202, ""gap0_mi"": 92.7223854847519, ""gap_bon"": 96.1613974976202, ""gap_mi"": 92.7223854847519, ""raw_perf_bon"": 0.9391693274180094, ""raw_perf_mi"": 0.9304053137699763}",True,True,True,False,False,False,False,False,visible_configuration_match,5a893d4bd488e46264b913c33e106b19f56c4de59010270270aef4e4f47d2e70,../deliveries/paper-ad03e8c-20260916/trajectories/kimi-k3/poolact/95acc8ebbb1c22eba1cf3bd6.json
8fdb4b1bc7ad3d1e4f97671f,kimi-k3,poolact,tuning,hpobench:nasbench101:C,cost_tight,cached,2200,0,existing_trace_rescored,paper-graph-lock-v4,"{""gap0_bon"": 98.82447368898502, ""gap0_mi"": 95.48986898295873, ""gap_bon"": 98.82447368898502, ""gap_mi"": 95.48986898295873, ""raw_perf_bon"": 0.9389356374740601, ""raw_perf_mi"": 0.9200888027747472}","{""gap0_bon"": 98.82447368898502, ""gap0_mi"": 95.48986898295873, ""gap_bon"": 98.82447368898502, ""gap_mi"": 95.48986898295873, ""raw_perf_bon"": 0.9389356374740601, ""raw_perf_mi"": 0.9200888027747472}",True,True,True,False,False,False,False,False,visible_configuration_match,b5ce124afcb1e11de94235cdc836152cfd26dbdf395eb2ed8e2736f9476b0132,../deliveries/paper-ad03e8c-20260916/trajectories/kimi-k3/poolact/8fdb4b1bc7ad3d1e4f97671f.json
9800d360145a419bbb485b55,kimi-k3,poolact,tuning,hpobench:nasbench101:C,cost_tight,cached,2204,1,existing_trace_rescored,paper-graph-lock-v4,"{""gap0_bon"": 97.15273895766738, ""gap0_mi"": 96.4483085042405, ""gap_bon"": 97.15273895766738, ""gap_mi"": 96.4483085042405, ""raw_perf_bon"": 0.9294871687889099, ""raw_perf_mi"": 0.9255058020353317}","{""gap0_bon"": 97.15273895766738, ""gap0_mi"": 96.4483085042405, ""gap_bon"": 97.15273895766738, ""gap_mi"": 96.4483085042405, ""raw_perf_bon"": 0.9294871687889099, ""raw_perf_mi"": 0.9255058020353317}",True,True,True,False,False,False,False,False,legacy_best_visible_fallback;visible_configuration_match,99d6152b38656c7db74ab363ba1e5c375fd2be2ad9501e4e740aeb44ac05e7e8,../deliveries/paper-ad03e8c-20260916/trajectories/kimi-k3/poolact/9800d360145a419bbb485b55.json
ac145fe5741a0760b696032d,kimi-k3,poolact,tuning,hpobench:nasbench101:C,cost_tight,cached,2208,2,existing_trace_rescored,paper-graph-lock-v4,"{""gap0_bon"": 99.04894440704466, ""gap0_mi"": 96.45716974553011, ""gap_bon"": 99.04894440704466, ""gap_mi"": 96.45716974553011, ""raw_perf_bon"": 0.9402043223381042, ""raw_perf_mi"": 0.9255558848381042}","{""gap0_bon"": 99.04894440704466, ""gap0_mi"": 96.45716974553011, ""gap_bon"": 99.04894440704466, ""gap_mi"": 96.45716974553011, ""raw_perf_bon"": 0.9402043223381042, ""raw_perf_mi"": 0.9255558848381042}",True,True,True,False,False,False,False,False,visible_configuration_match,9d66e1d74c4caca95e74c1418a84a0d030b69fe94d285bc54b612922dfb7dc46,../deliveries/paper-ad03e8c-20260916/trajectories/kimi-k3/poolact/ac145fe5741a0760b696032d.json
a045288a68b9d4f8599f49a5,kimi-k3,poolact,tuning,hpobench:nasbench101:A,cost_tight,naive,2200,0,existing_trace_rescored,paper-graph-lock-v4,"{""gap0_bon"": 97.18075543126054, ""gap0_mi"": 90.24536984402718, ""gap_bon"": 97.18075543126054, ""gap_mi"": 90.24536984402718, ""raw_perf_bon"": 0.9262486497561137, ""raw_perf_mi"": 0.8774622678756714}","{""gap0_bon"": 97.18075543126054, ""gap0_mi"": 90.24536984402718, ""gap_bon"": 97.18075543126054, ""gap_mi"": 90.24536984402718, ""raw_perf_bon"": 0.9262486497561137, ""raw_perf_mi"": 0.8774622678756714}",True,True,True,False,False,False,False,False,visible_configuration_match,b3745ac659f628a7814bf2386446f6af63bd6b6f25b833b9413938e40ece665f,../deliveries/paper-ad03e8c-20260916/trajectories/kimi-k3/poolact/a045288a68b9d4f8599f49a5.json
7022f08a71a6a5279253d609,kimi-k3,poolact,tuning,hpobench:nasbench101:A,cost_tight,naive,2204,1,existing_trace_rescored,paper-graph-lock-v4,"{""gap0_bon"": 85.75664976157574, ""gap0_mi"": 85.75664976157574, ""gap_bon"": 85.75664976157574, ""gap_mi"": 85.75664976157574, ""raw_perf_bon"": 0.845886747042338, ""raw_perf_mi"": 0.845886747042338}","{""gap0_bon"": 85.75664976157574, ""gap0_mi"": 85.75664976157574, ""gap_bon"": 85.75664976157574, ""gap_mi"": 85.75664976157574, ""raw_perf_bon"": 0.845886747042338, ""raw_perf_mi"": 0.845886747042338}",True,True,True,False,False,False,False,False,legacy_best_visible_fallback;visible_configuration_match,ddbb9761a663a0a13829124f6cd8cb1c7f26d46dfbee5195ae4a518451ca1940,../deliveries/paper-ad03e8c-20260916/trajectories/kimi-k3/poolact/7022f08a71a6a5279253d609.json
641d15b780bb7eae1b1bd810,kimi-k3,poolact,tuning,hpobench:nasbench101:A,cost_tight,naive,2208,2,existing_trace_rescored,paper-graph-lock-v4,"{""gap0_bon"": 98.4005308137861, ""gap0_mi"": 94.592891010789, ""gap_bon"": 98.4005308137861, ""gap_mi"": 94.592891010789, ""raw_perf_bon"": 0.93482905626297, ""raw_perf_mi"": 0.9080445369084675}","{""gap0_bon"": 98.4005308137861, ""gap0_mi"": 94.592891010789, ""gap_bon"": 98.4005308137861, ""gap_mi"": 94.592891010789, ""raw_perf_bon"": 0.93482905626297, ""raw_perf_mi"": 0.9080445369084675}",True,True,True,False,False,False,False,False,benchmark_evaluation;visible_configuration_match,349dfbb46bf9fd1b4034357c2913c325fd4432a0431fe9f2f587e3074804bffc,../deliveries/paper-ad03e8c-20260916/trajectories/kimi-k3/poolact/641d15b780bb7eae1b1bd810.json
b6ff0273f78340d0c23ea770,kimi-k3,poolact,tuning,hpobench:nasbench101:B,cost_tight,naive,2200,0,existing_trace_rescored,paper-graph-lock-v4,"{""gap0_bon"": 93.50190220287351, ""gap0_mi"": 92.08698953616397, ""gap_bon"": 93.50190220287351, ""gap_mi"": 92.08698953616397, ""raw_perf_bon"": 0.9323918422063192, ""raw_perf_mi"": 0.9287860641876856}","{""gap0_bon"": 93.50190220287351, ""gap0_mi"": 92.08698953616397, ""gap_bon"": 93.50190220287351, ""gap_mi"": 92.08698953616397, ""raw_perf_bon"": 0.9323918422063192, ""raw_perf_mi"": 0.9287860641876856}",True,True,True,False,False,False,False,False,visible_configuration_match,11c6d8ebedc0fe340f7fba885d26d9ac8faea57a2047b917f3998d5c71724f55,../deliveries/paper-ad03e8c-20260916/trajectories/kimi-k3/poolact/b6ff0273f78340d0c23ea770.json
4ab0c479d57d991b1bb1b239,kimi-k3,poolact,tuning,hpobench:nasbench101:B,cost_tight,naive,2204,1,existing_trace_rescored,paper-graph-lock-v4,"{""gap0_bon"": 97.09157609535424, ""gap0_mi"": 96.19415762223406, ""gap_bon"": 97.09157609535424, ""gap_mi"": 96.19415762223406, ""raw_perf_bon"": 0.9415398041407267, ""raw_perf_mi"": 0.9392528136571248}","{""gap0_bon"": 97.09157609535424, ""gap0_mi"": 96.19415762223406, ""gap_bon"": 97.09157609535424, ""gap_mi"": 96.19415762223406, ""raw_perf_bon"": 0.9415398041407267, ""raw_perf_mi"": 0.9392528136571248}",True,True,True,False,False,False,False,False,visible_configuration_match,7cf056075c5df34f50ea9080c95e5d85b9abc79675bc7d98d7f20b1e1fc1b925,../deliveries/paper-ad03e8c-20260916/trajectories/kimi-k3/poolact/4ab0c479d57d991b1bb1b239.json
a35153929f0f38c066e55f9a,kimi-k3,poolact,tuning,hpobench:nasbench101:B,cost_tight,naive,2208,2,existing_trace_rescored,paper-graph-lock-v4,"{""gap0_bon"": 96.33171584181682, ""gap0_mi"": 90.4657395400803, ""gap_bon"": 96.33171584181682, ""gap_mi"": 90.4657395400803, ""raw_perf_bon"": 0.9396033684412638, ""raw_perf_mi"": 0.9246544539928436}","{""gap0_bon"": 96.33171584181682, ""gap0_mi"": 90.4657395400803, ""gap_bon"": 96.33171584181682, ""gap_mi"": 90.4657395400803, ""raw_perf_bon"": 0.9396033684412638, ""raw_perf_mi"": 0.9246544539928436}",True,True,True,False,False,False,False,False,visible_configuration_match,0ca2bc0dd6b1ec364ac7f038ddec4b1fad43584a3c95c243128c1bd6d43a099a,../deliveries/paper-ad03e8c-20260916/trajectories/kimi-k3/poolact/a35153929f0f38c066e55f9a.json
ab55cac8dce3d14970133bfb,kimi-k3,poolact,tuning,hpobench:nasbench101:C,cost_tight,naive,2200,0,existing_trace_rescored,paper-graph-lock-v4,"{""gap0_bon"": 99.39746723017996, ""gap0_mi"": 98.5069612556291, ""gap_bon"": 99.39746723017996, ""gap_mi"": 98.5069612556291, ""raw_perf_bon"": 0.9421741366386414, ""raw_perf_mi"": 0.937141090631485}","{""gap0_bon"": 99.39746723017996, ""gap0_mi"": 98.5069612556291, ""gap_bon"": 99.39746723017996, ""gap_mi"": 98.5069612556291, ""raw_perf_bon"": 0.9421741366386414, ""raw_perf_mi"": 0.937141090631485}",True,True,True,False,False,False,False,False,visible_configuration_match,659f35f654a647f58c040d6648ca477bd38677e55046cb5841bffeb3a73c6d65,../deliveries/paper-ad03e8c-20260916/trajectories/kimi-k3/poolact/ab55cac8dce3d14970133bfb.json
626dc455f23567df668787c9,kimi-k3,poolact,tuning,hpobench:nasbench101:C,cost_tight,naive,2204,1,existing_trace_rescored,paper-graph-lock-v4,"{""gap0_bon"": 98.03881387215849, ""gap0_mi"": 97.14830877643747, ""gap_bon"": 98.03881387215849, ""gap_mi"": 97.14830877643747, ""raw_perf_bon"": 0.9344951709111532, ""raw_perf_mi"": 0.9294621298710505}","{""gap0_bon"": 98.03881387215849, ""gap0_mi"": 97.14830877643747, ""gap_bon"": 98.03881387215849, ""gap_mi"": 97.14830877643747, ""raw_perf_bon"": 0.9344951709111532, ""raw_perf_mi"": 0.9294621298710505}",True,True,True,False,False,False,False,False,visible_configuration_match,5f911985601cf7b75f65639259caf4b42b293874182c6fc9ed163f6e43194c18,../deliveries/paper-ad03e8c-20260916/trajectories/kimi-k3/poolact/626dc455f23567df668787c9.json
253b38701260a67bebb74588,kimi-k3,poolact,tuning,hpobench:nasbench101:C,cost_tight,naive,2208,2,existing_trace_rescored,paper-graph-lock-v4,"{""gap0_bon"": 99.73417858024847, ""gap0_mi"": 97.84535705919762, ""gap_bon"": 99.73417858024847, ""gap_mi"": 97.84535705919762, ""raw_perf_bon"": 0.94407719373703, ""raw_perf_mi"": 0.9334017733732859}","{""gap0_bon"": 99.73417858024847, ""gap0_mi"": 97.84535705919762, ""gap_bon"": 99.73417858024847, ""gap_mi"": 97.84535705919762, ""raw_perf_bon"": 0.94407719373703, ""raw_perf_mi"": 0.9334017733732859}",True,True,True,False,False,False,False,False,visible_configuration_match,b22329a6d1db9c696d4f854ac5d7aea1b5aeb094e08f3f5530ab9a172221d7b9,../deliveries/paper-ad03e8c-20260916/trajectories/kimi-k3/poolact/253b38701260a67bebb74588.json
2c4d0bdeb0cf57672ab80c26,kimi-k3,poolact,tuning,hpobench:nasbench101:A,cost_tight,poolact,2200,0,existing_trace_rescored,paper-graph-lock-v4,"{""gap0_bon"": 98.90362962276151, ""gap0_mi"": 93.61398656818695, ""gap_bon"": 98.90362962276151, ""gap_mi"": 93.61398656818695, ""raw_perf_bon"": 0.9383680621782938, ""raw_perf_mi"": 0.901158516605695}","{""gap0_bon"": 98.90362962276151, ""gap0_mi"": 93.61398656818695, ""gap_bon"": 98.90362962276151, ""gap_mi"": 93.61398656818695, ""raw_perf_bon"": 0.9383680621782938, ""raw_perf_mi"": 0.901158516605695}",True,True,True,False,False,False,False,False,legacy_best_visible_fallback;visible_configuration_match,730685084d93d811d472f750c03422855c7426df74be930bbe8a2d3971b53174,../deliveries/paper-ad03e8c-20260916/trajectories/kimi-k3/poolact/2c4d0bdeb0cf57672ab80c26.json
e6d9d2fb686693a3d0a9d286,kimi-k3,poolact,tuning,hpobench:nasbench101:A,cost_tight,poolact,2204,1,existing_trace_rescored,paper-graph-lock-v4,"{""gap0_bon"": 98.67581108100434, ""gap0_mi"": 94.43389324194392, ""gap_bon"": 98.67581108100434, ""gap_mi"": 94.43389324194392, ""raw_perf_bon"": 0.9367654919624329, ""raw_perf_mi"": 0.9069260805845261}","{""gap0_bon"": 98.67581108100434, ""gap0_mi"": 94.43389324194392, ""gap_bon"": 98.67581108100434, ""gap_mi"": 94.43389324194392, ""raw_perf_bon"": 0.9367654919624329, ""raw_perf_mi"": 0.9069260805845261}",True,True,True,False,False,False,False,False,legacy_best_visible_fallback;visible_configuration_match,d5e1696b510b314abbe784bd0b07debe29c5d550a3c3b91d3b6b2f0e54bb9ebd,../deliveries/paper-ad03e8c-20260916/trajectories/kimi-k3/poolact/e6d9d2fb686693a3d0a9d286.json
44db765bf3fc5cbbda721fa7,kimi-k3,poolact,tuning,hpobench:nasbench101:A,cost_tight,poolact,2208,2,existing_trace_rescored,paper-graph-lock-v4,"{""gap0_bon"": 98.85616789730048, ""gap0_mi"": 98.08965495857963, ""gap_bon"": 98.85616789730048, ""gap_mi"": 98.08965495857963, ""raw_perf_bon"": 0.938034196694692, ""raw_perf_mi"": 0.9326422264178594}","{""gap0_bon"": 98.85616789730048, ""gap0_mi"": 98.08965495857963, ""gap_bon"": 98.85616789730048, ""gap_mi"": 98.08965495857963, ""raw_perf_bon"": 0.938034196694692, ""raw_perf_mi"": 0.9326422264178594}",True,True,True,False,False,False,False,False,legacy_best_visible_fallback;visible_configuration_match,2fa74565561a15053138acf628097cfc583cc877dc1d8f4fecf93c88861b5962,../deliveries/paper-ad03e8c-20260916/trajectories/kimi-k3/poolact/44db765bf3fc5cbbda721fa7.json
7938c9ae6405b160e72673b5,kimi-k3,poolact,tuning,hpobench:nasbench101:B,cost_tight,poolact,2200,0,existing_trace_rescored,paper-graph-lock-v4,"{""gap0_bon"": 97.37979814362875, ""gap0_mi"": 87.77675467575911, ""gap_bon"": 97.37979814362875, ""gap_mi"": 87.77675467575911, ""raw_perf_bon"": 0.9422743121782938, ""raw_perf_mi"": 0.917801817258199}","{""gap0_bon"": 97.37979814362875, ""gap0_mi"": 87.77675467575911, ""gap_bon"": 97.37979814362875, ""gap_mi"": 87.77675467575911, ""raw_perf_bon"": 0.9422743121782938, ""raw_perf_mi"": 0.917801817258199}",True,True,True,False,False,False,False,False,legacy_best_visible_fallback;visible_configuration_match,35e34d5c667a8664a1e6196c53b685d165fbfdd97b28c60414d5e47e45d6e309,../deliveries/paper-ad03e8c-20260916/trajectories/kimi-k3/poolact/7938c9ae6405b160e72673b5.json
4da00e2cfd15773dd7827694,kimi-k3,poolact,tuning,hpobench:nasbench101:B,cost_tight,poolact,2204,1,existing_trace_rescored,paper-graph-lock-v4,"{""gap0_bon"": 96.00419255884972, ""gap0_mi"": 94.79562306875219, ""gap_bon"": 96.00419255884972, ""gap_mi"": 94.79562306875219, ""raw_perf_bon"": 0.9387687047322592, ""raw_perf_mi"": 0.9356887737909954}","{""gap0_bon"": 96.00419255884972, ""gap0_mi"": 94.79562306875219, ""gap_bon"": 96.00419255884972, ""gap_mi"": 94.79562306875219, ""raw_perf_bon"": 0.9387687047322592, ""raw_perf_mi"": 0.9356887737909954}",True,True,True,False,False,False,False,False,legacy_best_visible_fallback;visible_configuration_match,0a8b98f6656ce374f3f81f279ce5bd3aebbe2aa11e2ca0f0ea114e065082f97d,../deliveries/paper-ad03e8c-20260916/trajectories/kimi-k3/poolact/4da00e2cfd15773dd7827694.json
aad7e0751cac208caac58cca,kimi-k3,poolact,tuning,hpobench:nasbench101:B,cost_tight,poolact,2208,2,existing_trace_rescored,paper-graph-lock-v4,"{""gap0_bon"": 96.4496195458947, ""gap0_mi"": 95.69631209691177, ""gap_bon"": 96.4496195458947, ""gap_mi"": 95.69631209691177, ""raw_perf_bon"": 0.9399038354555765, ""raw_perf_mi"": 0.9379840989907582}","{""gap0_bon"": 96.4496195458947, ""gap0_mi"": 95.69631209691177, ""gap_bon"": 96.4496195458947, ""gap_mi"": 95.69631209691177, ""raw_perf_bon"": 0.9399038354555765, ""raw_perf_mi"": 0.9379840989907582}",True,True,True,False,False,False,False,False,legacy_best_visible_fallback;visible_configuration_match,3b5cc14d4186e4f69d880f2807f1684d86a8b902c3e597b8d3edff1411d05c9b,../deliveries/paper-ad03e8c-20260916/trajectories/kimi-k3/poolact/aad7e0751cac208caac58cca.json
6a6465be060f1b37b1cb46a4,kimi-k3,poolact,tuning,hpobench:nasbench101:C,cost_tight,poolact,2200,0,existing_trace_rescored,paper-graph-lock-v4,"{""gap0_bon"": 99.23206793873176, ""gap0_mi"": 98.71223657229551, ""gap_bon"": 99.23206793873176, ""gap_mi"": 98.71223657229551, ""raw_perf_bon"": 0.9412393172581991, ""raw_perf_mi"": 0.9383012851079305}","{""gap0_bon"": 99.23206793873176, ""gap0_mi"": 98.71223657229551, ""gap_bon"": 99.23206793873176, ""gap_mi"": 98.71223657229551, ""raw_perf_bon"": 0.9412393172581991, ""raw_perf_mi"": 0.9383012851079305}",True,True,True,False,False,False,False,False,legacy_best_visible_fallback;visible_configuration_match,ac26d5bf48fed31a2a9dfac8ad27165e48c7f3a228a92b82f8cdc5c0a891a90f,../deliveries/paper-ad03e8c-20260916/trajectories/kimi-k3/poolact/6a6465be060f1b37b1cb46a4.json
70d1c79f701f86f6bad2ffa3,kimi-k3,poolact,tuning,hpobench:nasbench101:C,cost_tight,poolact,2204,1,existing_trace_rescored,paper-graph-lock-v4,"{""gap0_bon"": 99.02531794559168, ""gap0_mi"": 97.73016795307126, ""gap_bon"": 99.02531794559168, ""gap_mi"": 97.73016795307126, ""raw_perf_bon"": 0.9400707880655924, ""raw_perf_mi"": 0.932750736673673}","{""gap0_bon"": 99.02531794559168, ""gap0_mi"": 97.73016795307126, ""gap_bon"": 99.02531794559168, ""gap_mi"": 97.73016795307126, ""raw_perf_bon"": 0.9400707880655924, ""raw_perf_mi"": 0.932750736673673}",True,True,True,False,False,False,False,False,legacy_best_visible_fallback;visible_configuration_match,91388d709b062fb508b3421d03d7ddc55cd16a1725c5b9cfd09d230fdb24e4d0,../deliveries/paper-ad03e8c-20260916/trajectories/kimi-k3/poolact/70d1c79f701f86f6bad2ffa3.json
d8e1a3faf545c3beb179243d,kimi-k3,poolact,tuning,hpobench:nasbench101:C,cost_tight,poolact,2208,2,existing_trace_rescored,paper-graph-lock-v4,"{""gap0_bon"": 99.25569440018472, ""gap0_mi"": 98.86434619888387, ""gap_bon"": 99.25569440018472, ""gap_mi"": 98.86434619888387, ""raw_perf_bon"": 0.9413728515307108, ""raw_perf_mi"": 0.9391609927018483}","{""gap0_bon"": 99.25569440018472, ""gap0_mi"": 98.86434619888387, ""gap_bon"": 99.25569440018472, ""gap_mi"": 98.86434619888387, ""raw_perf_bon"": 0.9413728515307108, ""raw_perf_mi"": 0.9391609927018483}",True,True,True,False,False,False,False,False,legacy_best_visible_fallback;visible_configuration_match,f64602dd9344a33081565a5f1addd3a4d27f6424c972b95a6c4e43131bd42327,../deliveries/paper-ad03e8c-20260916/trajectories/kimi-k3/poolact/d8e1a3faf545c3beb179243d.json
0c6aeed414b91bf978e353ae,qwen3.8-2.4t-a95b-fp8,expgym,tuning,hpobench:nasbench101:A,cost_free,single,2200,0,existing_trace_rescored,n1,"{""gap"": 99.6108132863334, ""gap0"": 99.6108132863334, ""raw_perf"": 0.9433426856994629}","{""gap"": 99.6108132863334, ""gap0"": 99.6108132863334, ""raw_perf"": 0.9433426856994629}",True,True,True,False,False,False,False,False,visible_configuration_match,8c604635da70e7b78e22188d5c3045472b65e4fdb3cd1aea83ba120178bd3d1b,../deliveries/paper-ad03e8c-20260916/trajectories/qwen3.8-2.4t-a95b-fp8/expgym/0c6aeed414b91bf978e353ae.json
446dc92b225b23df8409dae0,qwen3.8-2.4t-a95b-fp8,expgym,tuning,hpobench:nasbench101:A,cost_free,single,2204,1,existing_trace_rescored,n1,"{""gap"": 99.92880741180844, ""gap0"": 99.92880741180844, ""raw_perf"": 0.9455795884132385}","{""gap"": 99.92880741180844, ""gap0"": 99.92880741180844, ""raw_perf"": 0.9455795884132385}",True,True,True,False,False,False,False,False,visible_configuration_match,8eeb8cf6d1c6c6329f6ee85bfd11e668087f53c046588253e806c0f614b9548a,../deliveries/paper-ad03e8c-20260916/trajectories/qwen3.8-2.4t-a95b-fp8/expgym/446dc92b225b23df8409dae0.json
05ac7c4b7ecc054eb9a5f471,qwen3.8-2.4t-a95b-fp8,expgym,tuning,hpobench:nasbench101:A,cost_free,single,2208,2,existing_trace_rescored,n1,"{""gap"": 99.20263792828005, ""gap0"": 99.20263792828005, ""raw_perf"": 0.9404714107513428}","{""gap"": 99.20263792828005, ""gap0"": 99.20263792828005, ""raw_perf"": 0.9404714107513428}",True,True,True,False,False,False,False,False,visible_configuration_match,54001f749f57b09cdd7bd95e32acf158278b5aeef5ae1f8e43fcb8d9df11bae1,../deliveries/paper-ad03e8c-20260916/trajectories/qwen3.8-2.4t-a95b-fp8/expgym/05ac7c4b7ecc054eb9a5f471.json
b01440b3907fa11cc207bf29,qwen3.8-2.4t-a95b-fp8,expgym,tuning,hpobench:nasbench101:B,cost_free,single,2200,0,existing_trace_rescored,n1,"{""gap"": 95.9517857150481, ""gap0"": 95.9517857150481, ""raw_perf"": 0.9386351505915324}","{""gap"": 95.9517857150481, ""gap0"": 95.9517857150481, ""raw_perf"": 0.9386351505915324}",True,True,True,False,False,False,False,False,visible_configuration_match,da599c69c1c9822b40d2a021702feb535c9964e46cb0e15926aa6ab674d0c5d7,../deliveries/paper-ad03e8c-20260916/trajectories/qwen3.8-2.4t-a95b-fp8/expgym/b01440b3907fa11cc207bf29.json
b7c8da901feae78ebaeefc76,qwen3.8-2.4t-a95b-fp8,expgym,tuning,hpobench:nasbench101:B,cost_free,single,2204,1,existing_trace_rescored,n1,"{""gap"": 98.13965060084907, ""gap0"": 98.13965060084907, ""raw_perf"": 0.9442107280095419}","{""gap"": 98.13965060084907, ""gap0"": 98.13965060084907, ""raw_perf"": 0.9442107280095419}",True,True,True,False,False,False,False,False,visible_configuration_match,7d9a34ec3d3b69cb84c08df4a914af0a8173071c573e73e85cd9338920392a6c,../deliveries/paper-ad03e8c-20260916/trajectories/qwen3.8-2.4t-a95b-fp8/expgym/b7c8da901feae78ebaeefc76.json
9e3af6360cdb99c1252f6cb3,qwen3.8-2.4t-a95b-fp8,expgym,tuning,hpobench:nasbench101:B,cost_free,single,2208,2,existing_trace_rescored,n1,"{""gap"": 97.24878103412478, ""gap0"": 97.24878103412478, ""raw_perf"": 0.941940426826477}","{""gap"": 97.24878103412478, ""gap0"": 97.24878103412478, ""raw_perf"": 0.941940426826477}",True,True,True,False,False,False,False,False,visible_configuration_match,a61f3f41b581f716ae57a946a353d160ffd0beb53c907eba9faa444391c46c69,../deliveries/paper-ad03e8c-20260916/trajectories/qwen3.8-2.4t-a95b-fp8/expgym/9e3af6360cdb99c1252f6cb3.json
a0e93c76d58ba514fa31822f,qwen3.8-2.4t-a95b-fp8,expgym,tuning,hpobench:nasbench101:C,cost_free,single,2200,0,existing_trace_rescored,n1,"{""gap"": 99.09029510873654, ""gap0"": 99.09029510873654, ""raw_perf"": 0.9404380321502686}","{""gap"": 99.09029510873654, ""gap0"": 99.09029510873654, ""raw_perf"": 0.9404380321502686}",True,True,True,False,False,False,False,False,visible_configuration_match,420c7c85e786c550db4711d3fd1b166ef63dd036f2a63ef2ae1a4cbb691632fb,../deliveries/paper-ad03e8c-20260916/trajectories/qwen3.8-2.4t-a95b-fp8/expgym/a0e93c76d58ba514fa31822f.json
8a29dd46cfdcc666cb055c34,qwen3.8-2.4t-a95b-fp8,expgym,tuning,hpobench:nasbench101:C,cost_free,single,2204,1,existing_trace_rescored,n1,"{""gap"": 99.13164581042844, ""gap0"": 99.13164581042844, ""raw_perf"": 0.9406717419624329}","{""gap"": 99.13164581042844, ""gap0"": 99.13164581042844, ""raw_perf"": 0.9406717419624329}",True,True,True,False,False,False,False,False,visible_configuration_match,eb775d90593275b7898f28eae1bfc28fd07d01c8ac65c121f556387e619bc090,../deliveries/paper-ad03e8c-20260916/trajectories/qwen3.8-2.4t-a95b-fp8/expgym/8a29dd46cfdcc666cb055c34.json
2430ec607c77955c605ce64e,qwen3.8-2.4t-a95b-fp8,expgym,tuning,hpobench:nasbench101:C,cost_free,single,2208,2,existing_trace_rescored,n1,"{""gap"": 99.65147717686469, ""gap0"": 99.65147717686469, ""raw_perf"": 0.9436097741127014}","{""gap"": 99.65147717686469, ""gap0"": 99.65147717686469, ""raw_perf"": 0.9436097741127014}",True,True,True,False,False,False,False,False,visible_configuration_match,cde2df39338e2314fcd86bbfec4f652182cdd8dc31ebfd3bb189978be8b3120e,../deliveries/paper-ad03e8c-20260916/trajectories/qwen3.8-2.4t-a95b-fp8/expgym/2430ec607c77955c605ce64e.json
5aa9bc1465b0631d925d5ac3,qwen3.8-2.4t-a95b-fp8,expgym,tuning,hpobench:nasbench201:cifar10-valid,cost_free,single,2200,0,existing_trace_rescored,n1,"{""gap"": 100.0, ""gap0"": 100.0, ""raw_perf"": 0.9160666665039063}","{""gap"": 100.0, ""gap0"": 100.0, ""raw_perf"": 0.9160666665039063}",True,True,True,False,False,False,False,False,visible_configuration_match,000cc6b1d14cb55e644e973bedba86c6a92a6c7d559b101947c1c0b433ee4214,../deliveries/paper-ad03e8c-20260916/trajectories/qwen3.8-2.4t-a95b-fp8/expgym/5aa9bc1465b0631d925d5ac3.json
6428d242925f3cdbbed05000,qwen3.8-2.4t-a95b-fp8,expgym,tuning,hpobench:nasbench201:cifar10-valid,cost_free,single,2204,1,existing_trace_rescored,n1,"{""gap"": 100.0, ""gap0"": 100.0, ""raw_perf"": 0.9160666665039063}","{""gap"": 100.0, ""gap0"": 100.0, ""raw_perf"": 0.9160666665039063}",True,True,True,False,False,False,False,False,visible_configuration_match,841b110dd243f07284712efa5dbad209aaef53b102b76ab6760d7c17f04693e2,../deliveries/paper-ad03e8c-20260916/trajectories/qwen3.8-2.4t-a95b-fp8/expgym/6428d242925f3cdbbed05000.json
9e34d2947945d5baff6498ea,qwen3.8-2.4t-a95b-fp8,expgym,tuning,hpobench:nasbench201:cifar10-valid,cost_free,single,2208,2,existing_trace_rescored,n1,"{""gap"": 97.90619629250446, ""gap0"": 97.90619629250446, ""raw_perf"": 0.9143999999837239}","{""gap"": 97.90619629250446, ""gap0"": 97.90619629250446, ""raw_perf"": 0.9143999999837239}",True,True,True,False,False,False,False,False,visible_configuration_match,13775fe1449839edfd30279408288f2d717da3da2d14935c0266443b54501b02,../deliveries/paper-ad03e8c-20260916/trajectories/qwen3.8-2.4t-a95b-fp8/expgym/9e34d2947945d5baff6498ea.json
459c2259ea279b0d8cfc7480,qwen3.8-2.4t-a95b-fp8,expgym,tuning,hpobench:nasbench201:cifar100,cost_free,single,2200,0,existing_trace_rescored,n1,"{""gap"": 92.95628597911372, ""gap0"": 92.95628597911372, ""raw_perf"": 0.7264333333333333}","{""gap"": 92.95628597911372, ""gap0"": 92.95628597911372, ""raw_perf"": 0.7264333333333333}",True,True,True,False,False,False,False,False,visible_configuration_match,62234a649d1b7ab96cacdc459f37f908902125027687c14d398daaeaf9e09c69,../deliveries/paper-ad03e8c-20260916/trajectories/qwen3.8-2.4t-a95b-fp8/expgym/459c2259ea279b0d8cfc7480.json
faf9170411ff34c61d5d6247,qwen3.8-2.4t-a95b-fp8,expgym,tuning,hpobench:nasbench201:cifar100,cost_free,single,2204,1,existing_trace_rescored,n1,"{""gap"": 100.0, ""gap0"": 100.0, ""raw_perf"": 0.7350333333333333}","{""gap"": 100.0, ""gap0"": 100.0, ""raw_perf"": 0.7350333333333333}",True,True,True,False,False,False,False,False,visible_configuration_match,9d16474058d960de0124ebe15e86e626aed4a2ce1d72069235cbb497751e51f8,../deliveries/paper-ad03e8c-20260916/trajectories/qwen3.8-2.4t-a95b-fp8/expgym/faf9170411ff34c61d5d6247.json
b149ac52dc557bf60d1d605b,qwen3.8-2.4t-a95b-fp8,expgym,tuning,hpobench:nasbench201:cifar100,cost_free,single,2208,2,existing_trace_rescored,n1,"{""gap"": 100.0, ""gap0"": 100.0, ""raw_perf"": 0.7350333333333333}","{""gap"": 100.0, ""gap0"": 100.0, ""raw_perf"": 0.7350333333333333}",True,True,True,False,False,False,False,False,visible_configuration_match,d7fee2426e8e4c1597e476bdb700baa846c08c92cf7459db2739989754836762,../deliveries/paper-ad03e8c-20260916/trajectories/qwen3.8-2.4t-a95b-fp8/expgym/b149ac52dc557bf60d1d605b.json
f4fc4d9ce6e089ae65e279a2,qwen3.8-2.4t-a95b-fp8,expgym,tuning,hpobench:nasbench201:imagenet16-120,cost_free,single,2200,0,existing_trace_rescored,n1,"{""gap"": 99.32653407183867, ""gap0"": 99.32653407183867, ""raw_perf"": 0.46755555548773864}","{""gap"": 99.32653407183867, ""gap0"": 99.32653407183867, ""raw_perf"": 0.46755555548773864}",True,True,True,False,False,False,False,False,visible_configuration_match,b79536c9d3a64c64d7c4b2e67bd7615aa26e2c384b898c92afae724341ce2f8c,../deliveries/paper-ad03e8c-20260916/trajectories/qwen3.8-2.4t-a95b-fp8/expgym/f4fc4d9ce6e089ae65e279a2.json
025258abb3db1702b1ec9305,qwen3.8-2.4t-a95b-fp8,expgym,tuning,hpobench:nasbench201:imagenet16-120,cost_free,single,2204,1,existing_trace_rescored,n1,"{""gap"": 97.93751107028362, ""gap0"": 97.93751107028362, ""raw_perf"": 0.46572222222222226}","{""gap"": 97.93751107028362, ""gap0"": 97.93751107028362, ""raw_perf"": 0.46572222222222226}",True,True,True,False,False,False,False,False,visible_configuration_match,41d7c6adf850f8d2c68f0f183252de579fd7d8b027197deaa37c2477b7eeca79,../deliveries/paper-ad03e8c-20260916/trajectories/qwen3.8-2.4t-a95b-fp8/expgym/025258abb3db1702b1ec9305.json
7dc49641f6ae2159d107ee99,qwen3.8-2.4t-a95b-fp8,expgym,tuning,hpobench:nasbench201:imagenet16-120,cost_free,single,2208,2,existing_trace_rescored,n1,"{""gap"": 97.93751107028362, ""gap0"": 97.93751107028362, ""raw_perf"": 0.46572222222222226}","{""gap"": 97.93751107028362, ""gap0"": 97.93751107028362, ""raw_perf"": 0.46572222222222226}",True,True,True,False,False,False,False,False,visible_configuration_match,8def9a094b1e7dff73390d1e75e302c61c8eed091afc8cfbda8c734477159746,../deliveries/paper-ad03e8c-20260916/trajectories/qwen3.8-2.4t-a95b-fp8/expgym/7dc49641f6ae2159d107ee99.json
3a80f73f42d523d05009639d,qwen3.8-2.4t-a95b-fp8,expgym,tuning,hpobench:paramnet:adult:steps,cost_free,single,2200,0,existing_trace_rescored,n1,"{""gap"": 92.98651106058435, ""gap0"": 92.98651106058435, ""raw_perf"": 0.8508425940967821}","{""gap"": 92.98651106058435, ""gap0"": 92.98651106058435, ""raw_perf"": 0.8508425940967821}",True,True,True,False,False,False,False,False,visible_configuration_match,08daf0a89f4416756ea14f22efed4bebf49956c882b696ed0486c1a97b889101,../deliveries/paper-ad03e8c-20260916/trajectories/qwen3.8-2.4t-a95b-fp8/expgym/3a80f73f42d523d05009639d.json
9d601ab0060bbde0d6bdadba,qwen3.8-2.4t-a95b-fp8,expgym,tuning,hpobench:paramnet:adult:steps,cost_free,single,2204,1,existing_trace_rescored,n1,"{""gap"": 94.9421937207314, ""gap0"": 94.9421937207314, ""raw_perf"": 0.8516481478512287}","{""gap"": 94.9421937207314, ""gap0"": 94.9421937207314, ""raw_perf"": 0.8516481478512287}",True,True,True,False,False,False,False,False,visible_configuration_match,6682f2c20ac83771007e789fcb71d2cda1bb7c91ec309923c6ef4a26bae96113,../deliveries/paper-ad03e8c-20260916/trajectories/qwen3.8-2.4t-a95b-fp8/expgym/9d601ab0060bbde0d6bdadba.json
bea822b32b5a2a7faa071223,qwen3.8-2.4t-a95b-fp8,expgym,tuning,hpobench:paramnet:adult:steps,cost_free,single,2208,2,existing_trace_rescored,n1,"{""gap"": 95.84136223530626, ""gap0"": 95.84136223530626, ""raw_perf"": 0.8520185190712412}","{""gap"": 95.84136223530626, ""gap0"": 95.84136223530626, ""raw_perf"": 0.8520185190712412}",True,True,True,False,False,False,False,False,visible_configuration_match,03cf0bced66d502567d07d91aef8a60d917bee28ccf4d515d1bf43cd8d44c563,../deliveries/paper-ad03e8c-20260916/trajectories/qwen3.8-2.4t-a95b-fp8/expgym/bea822b32b5a2a7faa071223.json
a3072ba2a08f183d09b8d8da,qwen3.8-2.4t-a95b-fp8,expgym,tuning,hpobench:paramnet:higgs:steps,cost_free,single,2200,0,existing_trace_rescored,n1,"{""gap"": 95.3626177627357, ""gap0"": 95.3626177627357, ""raw_perf"": 0.7170295212398595}","{""gap"": 95.3626177627357, ""gap0"": 95.3626177627357, ""raw_perf"": 0.7170295212398595}",True,True,True,False,False,False,False,False,visible_configuration_match,a00db2ab2f079809bbe48289f4c9d6298ac3458d5f53cdca4b46fd3a43366d89,../deliveries/paper-ad03e8c-20260916/trajectories/qwen3.8-2.4t-a95b-fp8/expgym/a3072ba2a08f183d09b8d8da.json
4b435d4ea6263be4f948bf78,qwen3.8-2.4t-a95b-fp8,expgym,tuning,hpobench:paramnet:higgs:steps,cost_free,single,2204,1,existing_trace_rescored,n1,"{""gap"": 93.68256080155085, ""gap0"": 93.68256080155085, ""raw_perf"": 0.715567343680951}","{""gap"": 93.68256080155085, ""gap0"": 93.68256080155085, ""raw_perf"": 0.715567343680951}",True,True,True,False,False,False,False,False,visible_configuration_match,acc921b13c7d88bc19f45c9b8b9aa815c0134ab1ce7c9eb3ae1c885a7f11a10e,../deliveries/paper-ad03e8c-20260916/trajectories/qwen3.8-2.4t-a95b-fp8/expgym/4b435d4ea6263be4f948bf78.json
e7974ae6b41f5997694a3666,qwen3.8-2.4t-a95b-fp8,expgym,tuning,hpobench:paramnet:higgs:steps,cost_free,single,2208,2,existing_trace_rescored,n1,"{""gap"": 92.94057934571727, ""gap0"": 92.94057934571727, ""raw_perf"": 0.7149215866269276}","{""gap"": 92.94057934571727, ""gap0"": 92.94057934571727, ""raw_perf"": 0.7149215866269276}",True,True,True,False,False,False,False,False,visible_configuration_match,395dd24a5cf5ca25bbc585859cff4ef38ede07c2f74ce4c1d89311f2483dba0d,../deliveries/paper-ad03e8c-20260916/trajectories/qwen3.8-2.4t-a95b-fp8/expgym/e7974ae6b41f5997694a3666.json
52ef6e20cbe8747b1167fad3,qwen3.8-2.4t-a95b-fp8,expgym,tuning,hpobench:paramnet:letter:steps,cost_free,single,2200,0,existing_trace_rescored,n1,"{""gap"": 99.68121380895023, ""gap0"": 99.68121380895023, ""raw_perf"": 0.9634554497503361}","{""gap"": 99.68121380895023, ""gap0"": 99.68121380895023, ""raw_perf"": 0.9634554497503361}",True,True,True,False,False,False,False,False,visible_configuration_match,493fcc6d56395da5f9ad7f9b1d17a54bf9ff39b747ce07a3a3553eb8cf4e2ec0,../deliveries/paper-ad03e8c-20260916/trajectories/qwen3.8-2.4t-a95b-fp8/expgym/52ef6e20cbe8747b1167fad3.json
5459f1dbd81edd99eb1471cd,qwen3.8-2.4t-a95b-fp8,expgym,tuning,hpobench:paramnet:letter:steps,cost_free,single,2204,1,existing_trace_rescored,n1,"{""gap"": 93.05132002042498, ""gap0"": 93.05132002042498, ""raw_perf"": 0.9286521965658864}","{""gap"": 93.05132002042498, ""gap0"": 93.05132002042498, ""raw_perf"": 0.9286521965658864}",True,True,True,False,False,False,False,False,visible_configuration_match,04c9f6fe7e306428d6a20aa51f771198f8166a8d0600197af33e521dd834270f,../deliveries/paper-ad03e8c-20260916/trajectories/qwen3.8-2.4t-a95b-fp8/expgym/5459f1dbd81edd99eb1471cd.json
a9c60f8cf453c9739d472ee4,qwen3.8-2.4t-a95b-fp8,expgym,tuning,hpobench:paramnet:letter:steps,cost_free,single,2208,2,existing_trace_rescored,n1,"{""gap"": 99.05225651090953, ""gap0"": 99.05225651090953, ""raw_perf"": 0.9601537739189973}","{""gap"": 99.05225651090953, ""gap0"": 99.05225651090953, ""raw_perf"": 0.9601537739189973}",True,True,True,False,False,False,False,False,visible_configuration_match,2244473a5b8a5c96607fcf95236652b4a44358a15efe3e75d5292efa93250fa5,../deliveries/paper-ad03e8c-20260916/trajectories/qwen3.8-2.4t-a95b-fp8/expgym/a9c60f8cf453c9739d472ee4.json
a85f918a931938e03c5d4ed1,qwen3.8-2.4t-a95b-fp8,expgym,tuning,hpobench:nasbench101:A,cost_moderate,single,2200,0,existing_trace_rescored,n1,"{""gap"": 98.79921043743096, ""gap0"": 98.79921043743096, ""raw_perf"": 0.9376335342725118}","{""gap"": 98.79921043743096, ""gap0"": 98.79921043743096, ""raw_perf"": 0.9376335342725118}",True,True,True,False,False,False,False,False,visible_configuration_match,04eeed84e309567e0e2233427aeda4493e0886218267b733d35674e0621e3d5e,../deliveries/paper-ad03e8c-20260916/trajectories/qwen3.8-2.4t-a95b-fp8/expgym/a85f918a931938e03c5d4ed1.json
19c050829c2f48ac4e372863,qwen3.8-2.4t-a95b-fp8,expgym,tuning,hpobench:nasbench101:A,cost_moderate,single,2204,1,existing_trace_rescored,n1,"{""gap"": 96.59697677297574, ""gap0"": 96.59697677297574, ""raw_perf"": 0.9221421082814535}","{""gap"": 96.59697677297574, ""gap0"": 96.59697677297574, ""raw_perf"": 0.9221421082814535}",True,True,True,False,False,False,False,False,visible_configuration_match,46fe713bd31875d1f51a159a9f298c2e423df35563a44ae9911f3ae5cc79de2c,../deliveries/paper-ad03e8c-20260916/trajectories/qwen3.8-2.4t-a95b-fp8/expgym/19c050829c2f48ac4e372863.json
cc8efb69b677e1f288c69d18,qwen3.8-2.4t-a95b-fp8,expgym,tuning,hpobench:nasbench101:A,cost_moderate,single,2208,2,existing_trace_rescored,n1,"{""gap"": 99.17416202277552, ""gap0"": 99.17416202277552, ""raw_perf"": 0.9402710994084676}","{""gap"": 99.17416202277552, ""gap0"": 99.17416202277552, ""raw_perf"": 0.9402710994084676}",True,True,True,False,False,False,False,False,visible_configuration_match,6b4c8f39c627823aace64a77a71ebd03f8fe5b1efe388438968431f09465d528,../deliveries/paper-ad03e8c-20260916/trajectories/qwen3.8-2.4t-a95b-fp8/expgym/cc8efb69b677e1f288c69d18.json
3aebae70ee5a0ae9033a1664,qwen3.8-2.4t-a95b-fp8,expgym,tuning,hpobench:nasbench101:B,cost_moderate,single,2200,0,existing_trace_rescored,n1,"{""gap"": 97.52390526960744, ""gap0"": 97.52390526960744, ""raw_perf"": 0.94264155626297}","{""gap"": 97.52390526960744, ""gap0"": 97.52390526960744, ""raw_perf"": 0.94264155626297}",True,True,True,False,False,False,False,False,visible_configuration_match,00e320ac5f1ececda9e8318f07ccdb3afb64838ee01217d3bcaa26cc2bdb64b6,../deliveries/paper-ad03e8c-20260916/trajectories/qwen3.8-2.4t-a95b-fp8/expgym/3aebae70ee5a0ae9033a1664.json
01b26c447ee2a5488b620346,qwen3.8-2.4t-a95b-fp8,expgym,tuning,hpobench:nasbench101:B,cost_moderate,single,2204,1,existing_trace_rescored,n1,"{""gap"": 96.30551241991606, ""gap0"": 96.30551241991606, ""raw_perf"": 0.9395365913709005}","{""gap"": 96.30551241991606, ""gap0"": 96.30551241991606, ""raw_perf"": 0.9395365913709005}",True,True,True,False,False,False,False,False,visible_configuration_match,06ec23fe7fcb6713ceff25fbae276a448f1139dbf26cc7329e388e8cb8163c3c,../deliveries/paper-ad03e8c-20260916/trajectories/qwen3.8-2.4t-a95b-fp8/expgym/01b26c447ee2a5488b620346.json
a3db40851ee93016f00f7ea0,qwen3.8-2.4t-a95b-fp8,expgym,tuning,hpobench:nasbench101:B,cost_moderate,single,2208,2,existing_trace_rescored,n1,"{""gap"": 84.1215683303678, ""gap0"": 84.1215683303678, ""raw_perf"": 0.9084869027137756}","{""gap"": 84.1215683303678, ""gap0"": 84.1215683303678, ""raw_perf"": 0.9084869027137756}",True,True,True,False,False,False,False,False,visible_configuration_match,2bf7869ce043bc14cbbcfe99d11c4043eae224f703d4f01ae44beb17c6e3d8ae,../deliveries/paper-ad03e8c-20260916/trajectories/qwen3.8-2.4t-a95b-fp8/expgym/a3db40851ee93016f00f7ea0.json
0ca76df9035ef0aa3984b5ef,qwen3.8-2.4t-a95b-fp8,expgym,tuning,hpobench:nasbench101:C,cost_moderate,single,2200,0,existing_trace_rescored,n1,"{""gap"": 97.71983027764827, ""gap0"": 97.71983027764827, ""raw_perf"": 0.932692309220632}","{""gap"": 97.71983027764827, ""gap0"": 97.71983027764827, ""raw_perf"": 0.932692309220632}",True,True,True,False,False,False,False,False,legacy_best_visible_fallback,675eef20b8a8acff25f52c443c90b0247258a976694254ba9694b9b7ed77dac2,../deliveries/paper-ad03e8c-20260916/trajectories/qwen3.8-2.4t-a95b-fp8/expgym/0ca76df9035ef0aa3984b5ef.json
54f490b60bcb73ea00e80793,qwen3.8-2.4t-a95b-fp8,expgym,tuning,hpobench:nasbench101:C,cost_moderate,single,2204,1,existing_trace_rescored,n1,"{""gap"": 98.87763937906306, ""gap0"": 98.87763937906306, ""raw_perf"": 0.9392361243565878}","{""gap"": 98.87763937906306, ""gap0"": 98.87763937906306, ""raw_perf"": 0.9392361243565878}",True,True,True,False,False,False,False,False,visible_configuration_match,25963fcdf4d112462546baa4bfb582c68816b3c90ae514226926c9043cfe3e84,../deliveries/paper-ad03e8c-20260916/trajectories/qwen3.8-2.4t-a95b-fp8/expgym/54f490b60bcb73ea00e80793.json
bcbe95d42faf231b2caa3b94,qwen3.8-2.4t-a95b-fp8,expgym,tuning,hpobench:nasbench101:C,cost_moderate,single,2208,2,existing_trace_rescored,n1,"{""gap"": 99.48016863356374, ""gap0"": 99.48016863356374, ""raw_perf"": 0.94264155626297}","{""gap"": 99.48016863356374, ""gap0"": 99.48016863356374, ""raw_perf"": 0.94264155626297}",True,True,True,False,False,False,False,False,visible_configuration_match,08e0930681bceeb39ec6085c0fd6e53276d8ddd7ff6e60da27e56dd837545b85,../deliveries/paper-ad03e8c-20260916/trajectories/qwen3.8-2.4t-a95b-fp8/expgym/bcbe95d42faf231b2caa3b94.json
c3c4eeedd13e57514392f655,qwen3.8-2.4t-a95b-fp8,expgym,tuning,hpobench:nasbench201:cifar10-valid,cost_moderate,single,2200,0,existing_trace_rescored,n1,"{""gap"": 99.32998283650223, ""gap0"": 99.32998283650223, ""raw_perf"": 0.915533333235677}","{""gap"": 99.32998283650223, ""gap0"": 99.32998283650223, ""raw_perf"": 0.915533333235677}",True,True,True,False,False,False,False,False,visible_configuration_match,a10831bae442b13f956718d53f8a679e4c1c6aa3537dda4f27b7caf60336ddc1,../deliveries/paper-ad03e8c-20260916/trajectories/qwen3.8-2.4t-a95b-fp8/expgym/c3c4eeedd13e57514392f655.json
c252088cb53d6bea37c7ec5a,qwen3.8-2.4t-a95b-fp8,expgym,tuning,hpobench:nasbench201:cifar10-valid,cost_moderate,single,2204,1,existing_trace_rescored,n1,"{""gap"": 98.00669875661379, ""gap0"": 98.00669875661379, ""raw_perf"": 0.9144799998860678}","{""gap"": 98.00669875661379, ""gap0"": 98.00669875661379, ""raw_perf"": 0.9144799998860678}",True,True,True,False,False,False,False,False,visible_configuration_match,50bd50ad10cc6d3742bc615a74a1cb116a81ccea994cc0503064cbfc4865d36f,../deliveries/paper-ad03e8c-20260916/trajectories/qwen3.8-2.4t-a95b-fp8/expgym/c252088cb53d6bea37c7ec5a.json
87170db57c4486dcc2340ef4,qwen3.8-2.4t-a95b-fp8,expgym,tuning,hpobench:nasbench201:cifar10-valid,cost_moderate,single,2208,2,existing_trace_rescored,n1,"{""gap"": 82.31154476532424, ""gap0"": 82.31154476532424, ""raw_perf"": 0.9019866665364583}","{""gap"": 82.31154476532424, ""gap0"": 82.31154476532424, ""raw_perf"": 0.9019866665364583}",True,True,True,False,False,False,False,False,visible_configuration_match,c06bae5dd86613d6fa9a12118fcc83fa9835fa0f13642abb8602dbd4372beb7c,../deliveries/paper-ad03e8c-20260916/trajectories/qwen3.8-2.4t-a95b-fp8/expgym/87170db57c4486dcc2340ef4.json
95d58e165dd477a634954a6a,qwen3.8-2.4t-a95b-fp8,expgym,tuning,hpobench:nasbench201:cifar100,cost_moderate,single,2200,0,existing_trace_rescored,n1,"{""gap"": 100.0, ""gap0"": 100.0, ""raw_perf"": 0.7350333333333333}","{""gap"": 100.0, ""gap0"": 100.0, ""raw_perf"": 0.7350333333333333}",True,True,True,False,False,False,False,False,visible_configuration_match,add8901a482f06f34029e954ac41ca5180d2ddd283234f7b67650d3174925a64,../deliveries/paper-ad03e8c-20260916/trajectories/qwen3.8-2.4t-a95b-fp8/expgym/95d58e165dd477a634954a6a.json
66298709af624013ffa67bf9,qwen3.8-2.4t-a95b-fp8,expgym,tuning,hpobench:nasbench201:cifar100,cost_moderate,single,2204,1,existing_trace_rescored,n1,"{""gap"": 100.0, ""gap0"": 100.0, ""raw_perf"": 0.7350333333333333}","{""gap"": 100.0, ""gap0"": 100.0, ""raw_perf"": 0.7350333333333333}",True,True,True,False,False,False,False,False,visible_configuration_match,8a83ab42f778c9f2408d1e705f2cfa8696f0ad9354b2a6dfb57ad8b9efb9bc24,../deliveries/paper-ad03e8c-20260916/trajectories/qwen3.8-2.4t-a95b-fp8/expgym/66298709af624013ffa67bf9.json
b03fc3950b208b44cb3cd9f9,qwen3.8-2.4t-a95b-fp8,expgym,tuning,hpobench:nasbench201:cifar100,cost_moderate,single,2208,2,existing_trace_rescored,n1,"{""gap"": 100.0, ""gap0"": 100.0, ""raw_perf"": 0.7350333333333333}","{""gap"": 100.0, ""gap0"": 100.0, ""raw_perf"": 0.7350333333333333}",True,True,True,False,False,False,False,False,visible_configuration_match,2eec001c3b9b10ccffc89f10bc59f5ba8bff5d2fa7f23fef8ca6b7783de6a73e,../deliveries/paper-ad03e8c-20260916/trajectories/qwen3.8-2.4t-a95b-fp8/expgym/b03fc3950b208b44cb3cd9f9.json
c5730b03df1e34970c89c26e,qwen3.8-2.4t-a95b-fp8,expgym,tuning,hpobench:nasbench201:imagenet16-120,cost_moderate,single,2200,0,existing_trace_rescored,n1,"{""gap"": 96.63267128405795, ""gap0"": 96.63267128405795, ""raw_perf"": 0.46400000006781683}","{""gap"": 96.63267128405795, ""gap0"": 96.63267128405795, ""raw_perf"": 0.46400000006781683}",True,True,True,False,False,False,False,False,visible_configuration_match,22e12828679f308a2b1d35e94ef11ca479741ba686e7701f916c63ce397c7dfa,../deliveries/paper-ad03e8c-20260916/trajectories/qwen3.8-2.4t-a95b-fp8/expgym/c5730b03df1e34970c89c26e.json
59a6b2d96cb1238b8378de8d,qwen3.8-2.4t-a95b-fp8,expgym,tuning,hpobench:nasbench201:imagenet16-120,cost_moderate,single,2204,1,existing_trace_rescored,n1,"{""gap"": 86.5306853674479, ""gap0"": 86.5306853674479, ""raw_perf"": 0.45066666663275834}","{""gap"": 86.5306853674479, ""gap0"": 86.5306853674479, ""raw_perf"": 0.45066666663275834}",True,True,True,False,False,False,False,False,visible_configuration_match,5f343e755cd6795ac3363b7ee80c5895d1aee703f1df4ddd8ac77c4378c77663,../deliveries/paper-ad03e8c-20260916/trajectories/qwen3.8-2.4t-a95b-fp8/expgym/59a6b2d96cb1238b8378de8d.json
dfd30299315e98bbf71ab31e,qwen3.8-2.4t-a95b-fp8,expgym,tuning,hpobench:nasbench201:imagenet16-120,cost_moderate,single,2208,2,existing_trace_rescored,n1,"{""gap"": 82.61616572617346, ""gap0"": 82.61616572617346, ""raw_perf"": 0.44549999979654953}","{""gap"": 82.61616572617346, ""gap0"": 82.61616572617346, ""raw_perf"": 0.44549999979654953}",True,True,True,False,False,False,False,False,visible_configuration_match,94a0f13213ab9a235f781cdb7234419b2da251ad61519a34ca2d16ebafb63974,../deliveries/paper-ad03e8c-20260916/trajectories/qwen3.8-2.4t-a95b-fp8/expgym/dfd30299315e98bbf71ab31e.json
b38b7eade1094824b41a230f,qwen3.8-2.4t-a95b-fp8,expgym,tuning,hpobench:paramnet:adult:steps,cost_moderate,single,2200,0,existing_trace_rescored,n1,"{""gap"": 92.06486553385217, ""gap0"": 92.06486553385217, ""raw_perf"": 0.8504629645027496}","{""gap"": 92.06486553385217, ""gap0"": 92.06486553385217, ""raw_perf"": 0.8504629645027496}",True,True,True,False,False,False,False,False,visible_configuration_match,c8369d541aa0a811259bec898214bb6926ae0cd0ae0fdc4f1dabd84452c7487d,../deliveries/paper-ad03e8c-20260916/trajectories/qwen3.8-2.4t-a95b-fp8/expgym/b38b7eade1094824b41a230f.json
525b60e548ff63cef6ce00e9,qwen3.8-2.4t-a95b-fp8,expgym,tuning,hpobench:paramnet:adult:steps,cost_moderate,single,2204,1,existing_trace_rescored,n1,"{""gap"": 92.06486633375002, ""gap0"": 92.06486633375002, ""raw_perf"": 0.8504629648322308}","{""gap"": 92.06486633375002, ""gap0"": 92.06486633375002, ""raw_perf"": 0.8504629648322308}",True,True,True,False,False,False,False,False,visible_configuration_match,247bb9482c1af322f216c21b41f9d341f76f121b56e9e8bb07298ba66e1e1eb5,../deliveries/paper-ad03e8c-20260916/trajectories/qwen3.8-2.4t-a95b-fp8/expgym/525b60e548ff63cef6ce00e9.json
d78f902cdd97e4d8ae338905,qwen3.8-2.4t-a95b-fp8,expgym,tuning,hpobench:paramnet:adult:steps,cost_moderate,single,2208,2,existing_trace_rescored,n1,"{""gap"": 91.81759556417904, ""gap0"": 91.81759556417904, ""raw_perf"": 0.8503611129823107}","{""gap"": 91.81759556417904, ""gap0"": 91.81759556417904, ""raw_perf"": 0.8503611129823107}",True,True,True,False,False,False,False,False,visible_configuration_match,08a1032467d5221a78fc0c532cceaeb4596d16302f23fc8a6c171a8c2e49920e,../deliveries/paper-ad03e8c-20260916/trajectories/qwen3.8-2.4t-a95b-fp8/expgym/d78f902cdd97e4d8ae338905.json
4449366c633558391371358a,qwen3.8-2.4t-a95b-fp8,expgym,tuning,hpobench:paramnet:higgs:steps,cost_moderate,single,2200,0,existing_trace_rescored,n1,"{""gap"": 91.77461269033058, ""gap0"": 91.77461269033058, ""raw_perf"": 0.7139068292006439}","{""gap"": 91.77461269033058, ""gap0"": 91.77461269033058, ""raw_perf"": 0.7139068292006439}",True,True,True,False,False,False,False,False,visible_configuration_match,0ded43924d228efbadd0f587764aa1f6922acb671177a322d8b38aab6b072e85,../deliveries/paper-ad03e8c-20260916/trajectories/qwen3.8-2.4t-a95b-fp8/expgym/4449366c633558391371358a.json
b789c152872f402128939708,qwen3.8-2.4t-a95b-fp8,expgym,tuning,hpobench:paramnet:higgs:steps,cost_moderate,single,2204,1,existing_trace_rescored,n1,"{""gap"": 92.61729013094367, ""gap0"": 92.61729013094367, ""raw_perf"": 0.7146402234078224}","{""gap"": 92.61729013094367, ""gap0"": 92.61729013094367, ""raw_perf"": 0.7146402234078224}",True,True,True,False,False,False,False,False,visible_configuration_match,aa55ddbbef4f24266ba4de31117cb7cbe1ba85fca173d31e92f055ca91f8cb72,../deliveries/paper-ad03e8c-20260916/trajectories/qwen3.8-2.4t-a95b-fp8/expgym/b789c152872f402128939708.json
cd23e10eda043185c66f97a3,qwen3.8-2.4t-a95b-fp8,expgym,tuning,hpobench:paramnet:higgs:steps,cost_moderate,single,2208,2,existing_trace_rescored,n1,"{""gap"": 97.57796379662572, ""gap0"": 97.57796379662572, ""raw_perf"": 0.7189575685208794}","{""gap"": 97.57796379662572, ""gap0"": 97.57796379662572, ""raw_perf"": 0.7189575685208794}",True,True,True,False,False,False,False,False,visible_configuration_match,9f396cd9b441871b412135694ba44ff28745ef01c160e8c0ab1c858096d50c27,../deliveries/paper-ad03e8c-20260916/trajectories/qwen3.8-2.4t-a95b-fp8/expgym/cd23e10eda043185c66f97a3.json
d1179a869cdb5b27473d6d5a,qwen3.8-2.4t-a95b-fp8,expgym,tuning,hpobench:paramnet:letter:steps,cost_moderate,single,2200,0,existing_trace_rescored,n1,"{""gap"": 98.70762263964461, ""gap0"": 98.70762263964461, ""raw_perf"": 0.9583446378664213}","{""gap"": 98.70762263964461, ""gap0"": 98.70762263964461, ""raw_perf"": 0.9583446378664213}",True,True,True,False,False,False,False,False,visible_configuration_match,7a60f2a9a222873c9f865a2814bd26065ee6ee2b6bf5a84f77ed913651e4549a,../deliveries/paper-ad03e8c-20260916/trajectories/qwen3.8-2.4t-a95b-fp8/expgym/d1179a869cdb5b27473d6d5a.json
403582f1f651bd147fa09a90,qwen3.8-2.4t-a95b-fp8,expgym,tuning,hpobench:paramnet:letter:steps,cost_moderate,single,2204,1,existing_trace_rescored,n1,"{""gap"": 99.1599549684329, ""gap0"": 99.1599549684329, ""raw_perf"": 0.9607191308921734}","{""gap"": 99.1599549684329, ""gap0"": 99.1599549684329, ""raw_perf"": 0.9607191308921734}",True,True,True,False,False,False,False,False,visible_configuration_match,25d7e35c4d7f10ea3c6dda38ba69ef3357da5cce872a1ecf2f5360359f2da1be,../deliveries/paper-ad03e8c-20260916/trajectories/qwen3.8-2.4t-a95b-fp8/expgym/403582f1f651bd147fa09a90.json
babcbba27165cd2d373c0d49,qwen3.8-2.4t-a95b-fp8,expgym,tuning,hpobench:paramnet:letter:steps,cost_moderate,single,2208,2,existing_trace_rescored,n1,"{""gap"": 98.78947337484217, ""gap0"": 98.78947337484217, ""raw_perf"": 0.9587743086803557}","{""gap"": 98.78947337484217, ""gap0"": 98.78947337484217, ""raw_perf"": 0.9587743086803557}",True,True,True,False,False,False,False,False,visible_configuration_match,d2fb2cb5337f51cd328a184929b20a38e3389f33ed9dbdb0ce88b22cbfb5419c,../deliveries/paper-ad03e8c-20260916/trajectories/qwen3.8-2.4t-a95b-fp8/expgym/babcbba27165cd2d373c0d49.json
f757b3d20ee4817b9d43da0f,qwen3.8-2.4t-a95b-fp8,expgym,tuning,hpobench:nasbench101:A,cost_tight,single,2200,0,existing_trace_rescored,n1,"{""gap"": 97.51299315834828, ""gap0"": 97.51299315834828, ""raw_perf"": 0.9285857478777567}","{""gap"": 97.51299315834828, ""gap0"": 97.51299315834828, ""raw_perf"": 0.9285857478777567}",True,True,True,False,False,False,False,False,visible_configuration_match,7c21a3a30f8f1823cfd021085f24f86f1f709e364cb927539769808de4ab46fb,../deliveries/paper-ad03e8c-20260916/trajectories/qwen3.8-2.4t-a95b-fp8/expgym/f757b3d20ee4817b9d43da0f.json
8e99bd42a1fd1032c1fc1617,qwen3.8-2.4t-a95b-fp8,expgym,tuning,hpobench:nasbench101:A,cost_tight,single,2204,1,existing_trace_rescored,n1,"{""gap"": 85.75664976157574, ""gap0"": 85.75664976157574, ""raw_perf"": 0.845886747042338}","{""gap"": 85.75664976157574, ""gap0"": 85.75664976157574, ""raw_perf"": 0.845886747042338}",True,True,True,False,False,False,False,False,visible_configuration_match,b63a2b749ed8cdb34d600d988bad7a99432f8db1385ff9027fe4b942f22ea1a1,../deliveries/paper-ad03e8c-20260916/trajectories/qwen3.8-2.4t-a95b-fp8/expgym/8e99bd42a1fd1032c1fc1617.json
160a483b7794ba750b59acc8,qwen3.8-2.4t-a95b-fp8,expgym,tuning,hpobench:nasbench101:A,cost_tight,single,2208,2,existing_trace_rescored,n1,"{""gap"": 85.75664976157574, ""gap0"": 85.75664976157574, ""raw_perf"": 0.845886747042338}","{""gap"": 85.75664976157574, ""gap0"": 85.75664976157574, ""raw_perf"": 0.845886747042338}",True,True,True,False,False,False,False,False,visible_configuration_match,ab8258fe61eca88537d58fa1db6413651067a6607dd7f750a2fe0829ea6f3439,../deliveries/paper-ad03e8c-20260916/trajectories/qwen3.8-2.4t-a95b-fp8/expgym/160a483b7794ba750b59acc8.json
d40155d872ca3f715a2f3712,qwen3.8-2.4t-a95b-fp8,expgym,tuning,hpobench:nasbench101:B,cost_tight,single,2200,0,existing_trace_rescored,n1,"{""gap"": 92.57173140145657, ""gap0"": 92.57173140145657, ""raw_perf"": 0.9300213853518168}","{""gap"": 92.57173140145657, ""gap0"": 92.57173140145657, ""raw_perf"": 0.9300213853518168}",True,True,True,False,False,False,False,False,visible_configuration_match,769d81f4613839af800801bb359743cf6ce06f624eee11dfc0ec065ee0eecd09,../deliveries/paper-ad03e8c-20260916/trajectories/qwen3.8-2.4t-a95b-fp8/expgym/d40155d872ca3f715a2f3712.json
5681ef686b7b0da62a1b1b5f,qwen3.8-2.4t-a95b-fp8,expgym,tuning,hpobench:nasbench101:B,cost_tight,single,2204,1,existing_trace_rescored,n1,"{""gap"": 96.77715062517899, ""gap0"": 96.77715062517899, ""raw_perf"": 0.9407385190327963}","{""gap"": 96.77715062517899, ""gap0"": 96.77715062517899, ""raw_perf"": 0.9407385190327963}",True,True,True,False,False,False,False,False,visible_configuration_match,f00de4f0c58fc83690bfbcfd59e9c20e8cfd73d3e0d42a3a11ebb3373b20c1e7,../deliveries/paper-ad03e8c-20260916/trajectories/qwen3.8-2.4t-a95b-fp8/expgym/5681ef686b7b0da62a1b1b5f.json
455593377b8b24ce59f85c10,qwen3.8-2.4t-a95b-fp8,expgym,tuning,hpobench:nasbench101:B,cost_tight,single,2208,2,existing_trace_rescored,n1,"{""gap"": 90.4624611887238, ""gap0"": 90.4624611887238, ""raw_perf"": 0.9246460994084676}","{""gap"": 90.4624611887238, ""gap0"": 90.4624611887238, ""raw_perf"": 0.9246460994084676}",True,True,True,False,False,False,False,False,visible_configuration_match,16d58e1c843589bf2f8333c09e910075c2f2c070d76ed4d2cacdc09e89fdbf5c,../deliveries/paper-ad03e8c-20260916/trajectories/qwen3.8-2.4t-a95b-fp8/expgym/455593377b8b24ce59f85c10.json
7efdd971bdae908decb44eca,qwen3.8-2.4t-a95b-fp8,expgym,tuning,hpobench:nasbench101:C,cost_tight,single,2200,0,existing_trace_rescored,n1,"{""gap"": 96.82193685945163, ""gap0"": 96.82193685945163, ""raw_perf"": 0.9276175101598104}","{""gap"": 96.82193685945163, ""gap0"": 96.82193685945163, ""raw_perf"": 0.9276175101598104}",True,True,True,False,False,False,False,False,visible_configuration_match,4f00280e3e8ba64c8b48cd05607e428785d18b9dbac86205cfacd7174b67cb7e,../deliveries/paper-ad03e8c-20260916/trajectories/qwen3.8-2.4t-a95b-fp8/expgym/7efdd971bdae908decb44eca.json
51e47d3df8d0b949e0fab09f,qwen3.8-2.4t-a95b-fp8,expgym,tuning,hpobench:nasbench101:C,cost_tight,single,2204,1,existing_trace_rescored,n1,"{""gap"": 99.19662297357327, ""gap0"": 99.19662297357327, ""raw_perf"": 0.941038986047109}","{""gap"": 99.19662297357327, ""gap0"": 99.19662297357327, ""raw_perf"": 0.941038986047109}",True,True,True,False,False,False,False,False,visible_configuration_match,f0aba6c6d8a39c43745fdcb0796464602d9d50498bc30e46a0e0e2f8d7de2481,../deliveries/paper-ad03e8c-20260916/trajectories/qwen3.8-2.4t-a95b-fp8/expgym/51e47d3df8d0b949e0fab09f.json
6f1c319c59af390fdba32295,qwen3.8-2.4t-a95b-fp8,expgym,tuning,hpobench:nasbench101:C,cost_tight,single,2208,2,existing_trace_rescored,n1,"{""gap"": 99.48016863356374, ""gap0"": 99.48016863356374, ""raw_perf"": 0.94264155626297}","{""gap"": 99.48016863356374, ""gap0"": 99.48016863356374, ""raw_perf"": 0.94264155626297}",True,True,True,False,False,False,False,False,visible_configuration_match,a209eb973b3b31870955ba9a19b9218a34d17f60c8d148c2451081a873b3e305,../deliveries/paper-ad03e8c-20260916/trajectories/qwen3.8-2.4t-a95b-fp8/expgym/6f1c319c59af390fdba32295.json
f0f9ad71f2c76fb320b62ec0,qwen3.8-2.4t-a95b-fp8,expgym,tuning,hpobench:nasbench201:cifar10-valid,cost_tight,single,2200,0,existing_trace_rescored,n1,"{""gap"": 90.72026125501479, ""gap0"": 90.72026125501479, ""raw_perf"": 0.9086799999186197}","{""gap"": 90.72026125501479, ""gap0"": 90.72026125501479, ""raw_perf"": 0.9086799999186197}",True,True,True,False,False,False,False,False,visible_configuration_match,32f16a6c893d8ff1371ad09f0111efda236e365ad11da94057de3ac46b6a58b0,../deliveries/paper-ad03e8c-20260916/trajectories/qwen3.8-2.4t-a95b-fp8/expgym/f0f9ad71f2c76fb320b62ec0.json
fbe91222f2a5ae07beb9de9a,qwen3.8-2.4t-a95b-fp8,expgym,tuning,hpobench:nasbench201:cifar10-valid,cost_tight,single,2204,1,existing_trace_rescored,n1,"{""gap"": 99.32998283650223, ""gap0"": 99.32998283650223, ""raw_perf"": 0.915533333235677}","{""gap"": 99.32998283650223, ""gap0"": 99.32998283650223, ""raw_perf"": 0.915533333235677}",True,True,True,False,False,False,False,False,visible_configuration_match,715dfa024a5922c4263794cef8cf388b1b4f3f7ca134746f1e30283d269408ba,../deliveries/paper-ad03e8c-20260916/trajectories/qwen3.8-2.4t-a95b-fp8/expgym/fbe91222f2a5ae07beb9de9a.json
32883bd4760eeee73c0bb770,qwen3.8-2.4t-a95b-fp8,expgym,tuning,hpobench:nasbench201:cifar10-valid,cost_tight,single,2208,2,existing_trace_rescored,n1,"{""gap"": 99.32998283650223, ""gap0"": 99.32998283650223, ""raw_perf"": 0.915533333235677}","{""gap"": 99.32998283650223, ""gap0"": 99.32998283650223, ""raw_perf"": 0.915533333235677}",True,True,True,False,False,False,False,False,visible_configuration_match,3fc439b163f22b36a129d4732e7a8399eb562b68528e03266f0cd4d26e4d7b96,../deliveries/paper-ad03e8c-20260916/trajectories/qwen3.8-2.4t-a95b-fp8/expgym/32883bd4760eeee73c0bb770.json
86c96025f9edbb8eed6ed58c,qwen3.8-2.4t-a95b-fp8,expgym,tuning,hpobench:nasbench201:cifar100,cost_tight,single,2200,0,existing_trace_rescored,n1,"{""gap"": 85.01163179276543, ""gap0"": 85.01163179276543, ""raw_perf"": 0.7167333333333334}","{""gap"": 85.01163179276543, ""gap0"": 85.01163179276543, ""raw_perf"": 0.7167333333333334}",True,True,True,False,False,False,False,False,visible_configuration_match,bf05cdf0dc32e48b9a78db771519234ae34f232302d1e77525aa176182222e91,../deliveries/paper-ad03e8c-20260916/trajectories/qwen3.8-2.4t-a95b-fp8/expgym/86c96025f9edbb8eed6ed58c.json
7aa943e86ba052579b636714,qwen3.8-2.4t-a95b-fp8,expgym,tuning,hpobench:nasbench201:cifar100,cost_tight,single,2204,1,existing_trace_rescored,n1,"{""gap"": 85.23004152984714, ""gap0"": 85.23004152984714, ""raw_perf"": 0.7170000000000001}","{""gap"": 85.23004152984714, ""gap0"": 85.23004152984714, ""raw_perf"": 0.7170000000000001}",True,True,True,False,False,False,False,False,visible_configuration_match,da9bc1036ba6ac0196841e4335f26f4a2ffd2c9d7b9e24ab0394ee8134df8273,../deliveries/paper-ad03e8c-20260916/trajectories/qwen3.8-2.4t-a95b-fp8/expgym/7aa943e86ba052579b636714.json
7ab892dc47698cfec7f833d1,qwen3.8-2.4t-a95b-fp8,expgym,tuning,hpobench:nasbench201:cifar100,cost_tight,single,2208,2,existing_trace_rescored,n1,"{""gap"": 100.0, ""gap0"": 100.0, ""raw_perf"": 0.7350333333333333}","{""gap"": 100.0, ""gap0"": 100.0, ""raw_perf"": 0.7350333333333333}",True,True,True,False,False,False,False,False,visible_configuration_match,5ea5edd0f01b20efea8f05629fcf5ba09872c0f277e4d340cc4b5f963cbeaac9,../deliveries/paper-ad03e8c-20260916/trajectories/qwen3.8-2.4t-a95b-fp8/expgym/7ab892dc47698cfec7f833d1.json
a532336569951074bb603de0,qwen3.8-2.4t-a95b-fp8,expgym,tuning,hpobench:nasbench201:imagenet16-120,cost_tight,single,2200,0,existing_trace_rescored,n1,"{""gap"": 56.5614606330794, ""gap0"": 56.5614606330794, ""raw_perf"": 0.41111111097547737}","{""gap"": 56.5614606330794, ""gap0"": 56.5614606330794, ""raw_perf"": 0.41111111097547737}",True,True,True,False,False,False,False,False,legacy_best_visible_fallback,341d45f0cc15025d77925fa7ffe923fbbdff5978f95f29127c95ca2d844cd2d1,../deliveries/paper-ad03e8c-20260916/trajectories/qwen3.8-2.4t-a95b-fp8/expgym/a532336569951074bb603de0.json
8bf4566183bbc83b9d0d973d,qwen3.8-2.4t-a95b-fp8,expgym,tuning,hpobench:nasbench201:imagenet16-120,cost_tight,single,2204,1,existing_trace_rescored,n1,"{""gap"": 56.5614606330794, ""gap0"": 56.5614606330794, ""raw_perf"": 0.41111111097547737}","{""gap"": 56.5614606330794, ""gap0"": 56.5614606330794, ""raw_perf"": 0.41111111097547737}",True,True,True,False,False,False,False,False,visible_configuration_match,94becb88b225514898e823a6ab8f1a12a795a4ddfd9abc7620abac17200658a7,../deliveries/paper-ad03e8c-20260916/trajectories/qwen3.8-2.4t-a95b-fp8/expgym/8bf4566183bbc83b9d0d973d.json
e1fb55b2d1732e8116597611,qwen3.8-2.4t-a95b-fp8,expgym,tuning,hpobench:nasbench201:imagenet16-120,cost_tight,single,2208,2,existing_trace_rescored,n1,"{""gap"": 96.29593816583329, ""gap0"": 96.29593816583329, ""raw_perf"": 0.46355555528428827}","{""gap"": 96.29593816583329, ""gap0"": 96.29593816583329, ""raw_perf"": 0.46355555528428827}",True,True,True,False,False,False,False,False,visible_configuration_match,5dbe58aec88d4b0614fe74a26f1a25ab0b2e06ab149fe9a7a58a196b1d13ec23,../deliveries/paper-ad03e8c-20260916/trajectories/qwen3.8-2.4t-a95b-fp8/expgym/e1fb55b2d1732e8116597611.json
429113b39adebb6736cab68c,qwen3.8-2.4t-a95b-fp8,expgym,tuning,hpobench:paramnet:adult:steps,cost_tight,single,2200,0,existing_trace_rescored,n1,"{""gap"": 72.01344351468897, ""gap0"": 72.01344351468897, ""raw_perf"": 0.8422037010656462}","{""gap"": 72.01344351468897, ""gap0"": 72.01344351468897, ""raw_perf"": 0.8422037010656462}",True,True,True,False,False,False,False,False,visible_configuration_match,f2d99bd7609a674d5626d54294b128fa9c69963a09a8df163a1420ebe0444cab,../deliveries/paper-ad03e8c-20260916/trajectories/qwen3.8-2.4t-a95b-fp8/expgym/429113b39adebb6736cab68c.json
21b2cff8fe2e3f95bde45744,qwen3.8-2.4t-a95b-fp8,expgym,tuning,hpobench:paramnet:adult:steps,cost_tight,single,2204,1,existing_trace_rescored,n1,"{""gap"": 72.01344351468897, ""gap0"": 72.01344351468897, ""raw_perf"": 0.8422037010656462}","{""gap"": 72.01344351468897, ""gap0"": 72.01344351468897, ""raw_perf"": 0.8422037010656462}",True,True,True,False,False,False,False,False,visible_configuration_match,ec7c21d0321449e014dee4c2d6ebdfeb7e4c356e55a49d741fdfa9925dfbf23a,../deliveries/paper-ad03e8c-20260916/trajectories/qwen3.8-2.4t-a95b-fp8/expgym/21b2cff8fe2e3f95bde45744.json
43e42da2308d589f82d47c80,qwen3.8-2.4t-a95b-fp8,expgym,tuning,hpobench:paramnet:adult:steps,cost_tight,single,2208,2,existing_trace_rescored,n1,"{""gap"": 86.73730010211293, ""gap0"": 86.73730010211293, ""raw_perf"": 0.8482685183264591}","{""gap"": 86.73730010211293, ""gap0"": 86.73730010211293, ""raw_perf"": 0.8482685183264591}",True,True,True,False,False,False,False,False,visible_configuration_match,0ab08ebf232da346e5be872455ee0f5dd5f25797d7b642ed9e030d597e3ecfb4,../deliveries/paper-ad03e8c-20260916/trajectories/qwen3.8-2.4t-a95b-fp8/expgym/43e42da2308d589f82d47c80.json
3b7295e515038eac0150407b,qwen3.8-2.4t-a95b-fp8,expgym,tuning,hpobench:paramnet:higgs:steps,cost_tight,single,2200,0,existing_trace_rescored,n1,"{""gap"": 89.65466867699178, ""gap0"": 89.65466867699178, ""raw_perf"": 0.7120618116601312}","{""gap"": 89.65466867699178, ""gap0"": 89.65466867699178, ""raw_perf"": 0.7120618116601312}",True,True,True,False,False,False,False,False,visible_configuration_match,6d44be56e524ce5c0d1a7fb4a91113008a474a73eea45b0b32a4ad4675ebe1b4,../deliveries/paper-ad03e8c-20260916/trajectories/qwen3.8-2.4t-a95b-fp8/expgym/3b7295e515038eac0150407b.json
eafb09593818e2866a1a79b1,qwen3.8-2.4t-a95b-fp8,expgym,tuning,hpobench:paramnet:higgs:steps,cost_tight,single,2204,1,existing_trace_rescored,n1,"{""gap"": 86.78214513411211, ""gap0"": 86.78214513411211, ""raw_perf"": 0.7095618134107426}","{""gap"": 86.78214513411211, ""gap0"": 86.78214513411211, ""raw_perf"": 0.7095618134107426}",True,True,True,False,False,False,False,False,visible_configuration_match,c6bf9406c19d914f2f84d4f54672c751c1192565219117b600be9af78eff3539,../deliveries/paper-ad03e8c-20260916/trajectories/qwen3.8-2.4t-a95b-fp8/expgym/eafb09593818e2866a1a79b1.json
467d2ea1f6d47095af7bd91a,qwen3.8-2.4t-a95b-fp8,expgym,tuning,hpobench:paramnet:higgs:steps,cost_tight,single,2208,2,existing_trace_rescored,n1,"{""gap"": 20.16287898720514, ""gap0"": 20.16287898720514, ""raw_perf"": 0.6515821149829788}","{""gap"": 20.16287898720514, ""gap0"": 20.16287898720514, ""raw_perf"": 0.6515821149829788}",True,True,True,False,False,False,False,False,visible_configuration_match,3628cb79d9aa2dccb2bfb67c7d2bb81fcc4a7a55d2b516cd9b23f1c0c22b72f4,../deliveries/paper-ad03e8c-20260916/trajectories/qwen3.8-2.4t-a95b-fp8/expgym/467d2ea1f6d47095af7bd91a.json
d23e0d630f25ade463dff682,qwen3.8-2.4t-a95b-fp8,expgym,tuning,hpobench:paramnet:letter:steps,cost_tight,single,2200,0,existing_trace_rescored,n1,"{""gap"": 96.80352045697859, ""gap0"": 96.80352045697859, ""raw_perf"": 0.9483491609453454}","{""gap"": 96.80352045697859, ""gap0"": 96.80352045697859, ""raw_perf"": 0.9483491609453454}",True,True,True,False,False,False,False,False,visible_configuration_match,c551a9625c246f2eec01cfa76165faa7b8a4ad30bb762449c3cafb1112e32d9b,../deliveries/paper-ad03e8c-20260916/trajectories/qwen3.8-2.4t-a95b-fp8/expgym/d23e0d630f25ade463dff682.json
d616fc18365e1364267925f6,qwen3.8-2.4t-a95b-fp8,expgym,tuning,hpobench:paramnet:letter:steps,cost_tight,single,2204,1,existing_trace_rescored,n1,"{""gap"": 84.6077893541754, ""gap0"": 84.6077893541754, ""raw_perf"": 0.8843283589718731}","{""gap"": 84.6077893541754, ""gap0"": 84.6077893541754, ""raw_perf"": 0.8843283589718731}",True,True,True,False,False,False,False,False,visible_configuration_match,7189d53b91d90a804af29993ea0a531021699d5b5f671fe4bd00376428dbd28f,../deliveries/paper-ad03e8c-20260916/trajectories/qwen3.8-2.4t-a95b-fp8/expgym/d616fc18365e1364267925f6.json
804122d96ad73df02b01fa47,qwen3.8-2.4t-a95b-fp8,expgym,tuning,hpobench:paramnet:letter:steps,cost_tight,single,2208,2,existing_trace_rescored,n1,"{""gap"": 92.01741818657639, ""gap0"": 92.01741818657639, ""raw_perf"": 0.9232247872529985}","{""gap"": 92.01741818657639, ""gap0"": 92.01741818657639, ""raw_perf"": 0.9232247872529985}",True,True,True,False,False,False,False,False,visible_configuration_match,f56bde4f7d7bebae0747878ec662675a7b5bc961bddb9181fd20be96234fcb43,../deliveries/paper-ad03e8c-20260916/trajectories/qwen3.8-2.4t-a95b-fp8/expgym/804122d96ad73df02b01fa47.json
80507332ff3a958e1f01f75e,qwen3.8-2.4t-a95b-fp8,poolact,tuning,hpobench:nasbench101:A,cost_moderate,cached,2200,0,existing_trace_rescored,paper-graph-lock-v3,"{""gap0_bon"": 99.22162374823655, ""gap0_mi"": 98.5951255828345, ""gap_bon"": 99.22162374823655, ""gap_mi"": 98.5951255828345, ""raw_perf_bon"": 0.9406049648920695, ""raw_perf_mi"": 0.9361979166666666}","{""gap0_bon"": 99.22162374823655, ""gap0_mi"": 98.5951255828345, ""gap_bon"": 99.22162374823655, ""gap_mi"": 98.5951255828345, ""raw_perf_bon"": 0.9406049648920695, ""raw_perf_mi"": 0.9361979166666666}",True,True,True,False,False,False,False,False,visible_configuration_match,4730052036a889d2196e71fee42c413691ddcc8e92d21a3dc76f455710aea15c,../deliveries/paper-ad03e8c-20260916/trajectories/qwen3.8-2.4t-a95b-fp8/poolact/80507332ff3a958e1f01f75e.json
a0dae4e0f6c10847f6d8ea0b,qwen3.8-2.4t-a95b-fp8,poolact,tuning,hpobench:nasbench101:A,cost_moderate,cached,2204,1,existing_trace_rescored,paper-graph-lock-v3,"{""gap0_bon"": 99.37824970180219, ""gap0_mi"": 98.22729509218874, ""gap_bon"": 99.37824970180219, ""gap_mi"": 98.22729509218874, ""raw_perf_bon"": 0.9417067368825277, ""raw_perf_mi"": 0.9336104442675909}","{""gap0_bon"": 99.37824970180219, ""gap0_mi"": 98.22729509218874, ""gap_bon"": 99.37824970180219, ""gap_mi"": 98.22729509218874, ""raw_perf_bon"": 0.9417067368825277, ""raw_perf_mi"": 0.9336104442675909}",True,True,True,False,False,False,False,True,visible_configuration_match,2b015ce8c87b3cef3b22502a51b7039148cac9cfce66f85b33a9feafddd67392,../deliveries/paper-ad03e8c-20260916/trajectories/qwen3.8-2.4t-a95b-fp8/poolact/a0dae4e0f6c10847f6d8ea0b.json
2587e3b63f7addbb6dc2c8b8,qwen3.8-2.4t-a95b-fp8,poolact,tuning,hpobench:nasbench101:A,cost_moderate,cached,2208,2,existing_trace_rescored,paper-graph-lock-v3,"{""gap0_bon"": 99.46842810995027, ""gap0_mi"": 98.19525828628103, ""gap_bon"": 99.46842810995027, ""gap_mi"": 98.19525828628103, ""raw_perf_bon"": 0.9423410892486572, ""raw_perf_mi"": 0.9333850840727488}","{""gap0_bon"": 99.46842810995027, ""gap0_mi"": 98.19525828628103, ""gap_bon"": 99.46842810995027, ""gap_mi"": 98.19525828628103, ""raw_perf_bon"": 0.9423410892486572, ""raw_perf_mi"": 0.9333850840727488}",True,True,True,False,False,False,False,False,visible_configuration_match,1f0814b500b87f6a46ceac2caff7833cd2e1a17478e1d81c7526d9a480966650,../deliveries/paper-ad03e8c-20260916/trajectories/qwen3.8-2.4t-a95b-fp8/poolact/2587e3b63f7addbb6dc2c8b8.json
ae838fa3dea6c640be4a2dcf,qwen3.8-2.4t-a95b-fp8,poolact,tuning,hpobench:nasbench101:B,cost_moderate,cached,2200,0,existing_trace_rescored,paper-graph-lock-v3,"{""gap0_bon"": 96.13519407571944, ""gap0_mi"": 93.05646352135278, ""gap_bon"": 96.13519407571944, ""gap_mi"": 93.05646352135278, ""raw_perf_bon"": 0.9391025503476461, ""raw_perf_mi"": 0.9312566816806793}","{""gap0_bon"": 96.13519407571944, ""gap0_mi"": 93.05646352135278, ""gap_bon"": 96.13519407571944, ""gap_mi"": 93.05646352135278, ""raw_perf_bon"": 0.9391025503476461, ""raw_perf_mi"": 0.9312566816806793}",True,True,True,False,False,False,False,False,visible_configuration_match,e1197f7dccdf58978c0e6e073dbb5dbfc21cdb90c3c3d63853ad890bc8564aa7,../deliveries/paper-ad03e8c-20260916/trajectories/qwen3.8-2.4t-a95b-fp8/poolact/ae838fa3dea6c640be4a2dcf.json
79386341d24f2ab30a39d3f3,qwen3.8-2.4t-a95b-fp8,poolact,tuning,hpobench:nasbench101:B,cost_moderate,cached,2204,1,existing_trace_rescored,paper-graph-lock-v3,"{""gap0_bon"": 99.06982919858311, ""gap0_mi"": 97.98899261939518, ""gap_bon"": 99.06982919858311, ""gap_mi"": 97.98899261939518, ""raw_perf_bon"": 0.9465812047322592, ""raw_perf_mi"": 0.943826789657275}","{""gap0_bon"": 99.06982919858311, ""gap0_mi"": 97.98899261939518, ""gap_bon"": 99.06982919858311, ""gap_mi"": 97.98899261939518, ""raw_perf_bon"": 0.9465812047322592, ""raw_perf_mi"": 0.943826789657275}",True,True,True,False,False,False,False,False,visible_configuration_match,a61f66f56fb87bdda765f2e39436bb06d5b09977c4e2b43631c16f0197efc033,../deliveries/paper-ad03e8c-20260916/trajectories/qwen3.8-2.4t-a95b-fp8/poolact/79386341d24f2ab30a39d3f3.json
ca253101a10bab349597b866,qwen3.8-2.4t-a95b-fp8,poolact,tuning,hpobench:nasbench101:B,cost_moderate,cached,2208,2,existing_trace_rescored,paper-graph-lock-v3,"{""gap0_bon"": 99.06982919858311, ""gap0_mi"": 97.4977057458652, ""gap_bon"": 99.06982919858311, ""gap_mi"": 97.4977057458652, ""raw_perf_bon"": 0.9465812047322592, ""raw_perf_mi"": 0.942574789126714}","{""gap0_bon"": 99.06982919858311, ""gap0_mi"": 97.4977057458652, ""gap_bon"": 99.06982919858311, ""gap_mi"": 97.4977057458652, ""raw_perf_bon"": 0.9465812047322592, ""raw_perf_mi"": 0.942574789126714}",True,True,True,False,False,False,False,False,visible_configuration_match,a827aa6c6bfbcfbe08f1d57d20d6d5eb98e08a732357a6ff876dc517f1335b1f,../deliveries/paper-ad03e8c-20260916/trajectories/qwen3.8-2.4t-a95b-fp8/poolact/ca253101a10bab349597b866.json
e04e64f1065904e9648e3b65,qwen3.8-2.4t-a95b-fp8,poolact,tuning,hpobench:nasbench101:C,cost_moderate,cached,2200,0,existing_trace_rescored,paper-graph-lock-v3,"{""gap0_bon"": 99.59240575025322, ""gap0_mi"": 98.83038030434824, ""gap_bon"": 99.59240575025322, ""gap_mi"": 98.83038030434824, ""raw_perf_bon"": 0.9432759086290995, ""raw_perf_mi"": 0.9389690210421879}","{""gap0_bon"": 99.59240575025322, ""gap0_mi"": 98.83038030434824, ""gap_bon"": 99.59240575025322, ""gap_mi"": 98.83038030434824, ""raw_perf_bon"": 0.9432759086290995, ""raw_perf_mi"": 0.9389690210421879}",True,True,True,False,False,False,False,False,legacy_best_visible_fallback;visible_configuration_match,b113b3b939e10c3f92438f76cd3dba988cb6b5fc75f5edf6bd48abb0ede9c76b,../deliveries/paper-ad03e8c-20260916/trajectories/qwen3.8-2.4t-a95b-fp8/poolact/e04e64f1065904e9648e3b65.json
15cc57142b8e71489621b388,qwen3.8-2.4t-a95b-fp8,poolact,tuning,hpobench:nasbench101:C,cost_moderate,cached,2204,1,existing_trace_rescored,paper-graph-lock-v3,"{""gap0_bon"": 99.56877577348091, ""gap0_mi"": 98.69303765558291, ""gap_bon"": 99.56877577348091, ""gap_mi"": 98.69303765558291, ""raw_perf_bon"": 0.9431423544883728, ""raw_perf_mi"": 0.9381927748521168}","{""gap0_bon"": 99.56877577348091, ""gap0_mi"": 98.69303765558291, ""gap_bon"": 99.56877577348091, ""gap_mi"": 98.69303765558291, ""raw_perf_bon"": 0.9431423544883728, ""raw_perf_mi"": 0.9381927748521168}",True,True,True,False,False,False,False,False,legacy_best_visible_fallback;visible_configuration_match,fea81bf5b86c63ee93d25355d31c6061d3335ba627b1a87d134f04168e7687c1,../deliveries/paper-ad03e8c-20260916/trajectories/qwen3.8-2.4t-a95b-fp8/poolact/15cc57142b8e71489621b388.json
91555ddb56bec92373b12da7,qwen3.8-2.4t-a95b-fp8,poolact,tuning,hpobench:nasbench101:C,cost_moderate,cached,2208,2,existing_trace_rescored,paper-graph-lock-v3,"{""gap0_bon"": 99.52742858710837, ""gap0_mi"": 98.42573892286819, ""gap_bon"": 99.52742858710837, ""gap_mi"": 98.42573892286819, ""raw_perf_bon"": 0.9429086645444235, ""raw_perf_mi"": 0.9366820305585861}","{""gap0_bon"": 99.52742858710837, ""gap0_mi"": 98.42573892286819, ""gap_bon"": 99.52742858710837, ""gap_mi"": 98.42573892286819, ""raw_perf_bon"": 0.9429086645444235, ""raw_perf_mi"": 0.9366820305585861}",True,True,True,False,False,False,False,False,visible_configuration_match,30a7befaeb417caf76e11ccd54227e0a0a9b996119433964c2e896ff180ca7f7,../deliveries/paper-ad03e8c-20260916/trajectories/qwen3.8-2.4t-a95b-fp8/poolact/91555ddb56bec92373b12da7.json
5394fb0a31300cbed3bc1fc0,qwen3.8-2.4t-a95b-fp8,poolact,tuning,hpobench:nasbench101:A,cost_moderate,naive,2200,0,existing_trace_rescored,paper-graph-lock-v3,"{""gap0_bon"": 99.17890988997975, ""gap0_mi"": 97.46197053248407, ""gap_bon"": 99.17890988997975, ""gap_mi"": 97.46197053248407, ""raw_perf_bon"": 0.9403044978777567, ""raw_perf_mi"": 0.9282268335421879}","{""gap0_bon"": 99.17890988997975, ""gap0_mi"": 97.46197053248407, ""gap_bon"": 99.17890988997975, ""gap_mi"": 97.46197053248407, ""raw_perf_bon"": 0.9403044978777567, ""raw_perf_mi"": 0.9282268335421879}",True,True,True,False,False,False,False,False,legacy_best_visible_fallback;visible_configuration_match,311b4b260144d30bf9d81493493be99fa49d67686a1c39aeabadc7461d840c1e,../deliveries/paper-ad03e8c-20260916/trajectories/qwen3.8-2.4t-a95b-fp8/poolact/5394fb0a31300cbed3bc1fc0.json
3519165cec6cd8af28f3989f,qwen3.8-2.4t-a95b-fp8,poolact,tuning,hpobench:nasbench101:A,cost_moderate,naive,2204,1,existing_trace_rescored,paper-graph-lock-v3,"{""gap0_bon"": 99.8243910509081, ""gap0_mi"": 98.9024419498529, ""gap_bon"": 99.8243910509081, ""gap_mi"": 98.9024419498529, ""raw_perf_bon"": 0.9448450803756714, ""raw_perf_mi"": 0.9383597075939178}","{""gap0_bon"": 99.8243910509081, ""gap0_mi"": 98.9024419498529, ""gap_bon"": 99.8243910509081, ""gap_mi"": 98.9024419498529, ""raw_perf_bon"": 0.9448450803756714, ""raw_perf_mi"": 0.9383597075939178}",True,True,True,False,False,False,False,False,visible_configuration_match,cb2eb2d8252a75db9e3dc98c21de584c08345e18b0de5f98a61e6797af2646e2,../deliveries/paper-ad03e8c-20260916/trajectories/qwen3.8-2.4t-a95b-fp8/poolact/3519165cec6cd8af28f3989f.json
b3f495595afcbafa6186b59e,qwen3.8-2.4t-a95b-fp8,poolact,tuning,hpobench:nasbench101:A,cost_moderate,naive,2208,2,existing_trace_rescored,paper-graph-lock-v3,"{""gap0_bon"": 98.79921043743096, ""gap0_mi"": 95.82571667315821, ""gap_bon"": 98.79921043743096, ""gap_mi"": 95.82571667315821, ""raw_perf_bon"": 0.9376335342725118, ""raw_perf_mi"": 0.9167167445023855}","{""gap0_bon"": 98.79921043743096, ""gap0_mi"": 95.82571667315821, ""gap_bon"": 98.79921043743096, ""gap_mi"": 95.82571667315821, ""raw_perf_bon"": 0.9376335342725118, ""raw_perf_mi"": 0.9167167445023855}",True,True,True,False,False,False,False,False,visible_configuration_match,afdd29a199c68ec330d163a70bd4399bdc67b67bb3e70ea0f24243eb8164857f,../deliveries/paper-ad03e8c-20260916/trajectories/qwen3.8-2.4t-a95b-fp8/poolact/b3f495595afcbafa6186b59e.json
0e316097c7ee2341e344952a,qwen3.8-2.4t-a95b-fp8,poolact,tuning,hpobench:nasbench101:B,cost_moderate,naive,2200,0,existing_trace_rescored,paper-graph-lock-v3,"{""gap0_bon"": 97.91694100548513, ""gap0_mi"": 95.52927795130955, ""gap_bon"": 97.91694100548513, ""gap_mi"": 95.52927795130955, ""raw_perf_bon"": 0.9436431725819906, ""raw_perf_mi"": 0.9375584274530411}","{""gap0_bon"": 97.91694100548513, ""gap0_mi"": 95.52927795130955, ""gap_bon"": 97.91694100548513, ""gap_mi"": 95.52927795130955, ""raw_perf_bon"": 0.9436431725819906, ""raw_perf_mi"": 0.9375584274530411}",True,True,True,False,False,False,False,False,visible_configuration_match,02cac3a7ae74e7370eb1a6701c1e56b86d47d27efc0e4ba9aea3a30117c77519,../deliveries/paper-ad03e8c-20260916/trajectories/qwen3.8-2.4t-a95b-fp8/poolact/0e316097c7ee2341e344952a.json
93bb2b55097434affec97dd5,qwen3.8-2.4t-a95b-fp8,poolact,tuning,hpobench:nasbench101:B,cost_moderate,naive,2204,1,existing_trace_rescored,paper-graph-lock-v3,"{""gap0_bon"": 97.37979814362875, ""gap0_mi"": 94.16677212840162, ""gap_bon"": 97.37979814362875, ""gap_mi"": 94.16677212840162, ""raw_perf_bon"": 0.9422743121782938, ""raw_perf_mi"": 0.9340862035751343}","{""gap0_bon"": 97.37979814362875, ""gap0_mi"": 94.16677212840162, ""gap_bon"": 97.37979814362875, ""gap_mi"": 94.16677212840162, ""raw_perf_bon"": 0.9422743121782938, ""raw_perf_mi"": 0.9340862035751343}",True,True,True,False,False,False,False,False,visible_configuration_match,3d2aa9ecf3f925021b0c67c4756336d6d4e9351d0681319d8ab9914afac866e5,../deliveries/paper-ad03e8c-20260916/trajectories/qwen3.8-2.4t-a95b-fp8/poolact/93bb2b55097434affec97dd5.json
c0f89bba3e8d38cad9596b3d,qwen3.8-2.4t-a95b-fp8,poolact,tuning,hpobench:nasbench101:B,cost_moderate,naive,2208,2,existing_trace_rescored,paper-graph-lock-v3,"{""gap0_bon"": 96.38412268561845, ""gap0_mi"": 94.04886452616516, ""gap_bon"": 96.38412268561845, ""gap_mi"": 94.04886452616516, ""raw_perf_bon"": 0.9397369225819906, ""raw_perf_mi"": 0.9337857266267141}","{""gap0_bon"": 96.38412268561845, ""gap0_mi"": 94.04886452616516, ""gap_bon"": 96.38412268561845, ""gap_mi"": 94.04886452616516, ""raw_perf_bon"": 0.9397369225819906, ""raw_perf_mi"": 0.9337857266267141}",True,True,True,False,False,False,False,False,visible_configuration_match,035592faf24acae8341aa12d30ef35eb3a2eda0f4c6915cc68cc15be8ff9bd5f,../deliveries/paper-ad03e8c-20260916/trajectories/qwen3.8-2.4t-a95b-fp8/poolact/c0f89bba3e8d38cad9596b3d.json
9805c6dfbe39640b5368c796,qwen3.8-2.4t-a95b-fp8,poolact,tuning,hpobench:nasbench101:C,cost_moderate,naive,2200,0,existing_trace_rescored,paper-graph-lock-v3,"{""gap0_bon"": 99.59240575025322, ""gap0_mi"": 98.79936727807933, ""gap_bon"": 99.59240575025322, ""gap_mi"": 98.79936727807933, ""raw_perf_bon"": 0.9432759086290995, ""raw_perf_mi"": 0.9387937386830647}","{""gap0_bon"": 99.59240575025322, ""gap0_mi"": 98.79936727807933, ""gap_bon"": 99.59240575025322, ""gap_mi"": 98.79936727807933, ""raw_perf_bon"": 0.9432759086290995, ""raw_perf_mi"": 0.9387937386830647}",True,True,True,False,False,False,False,False,legacy_best_visible_fallback;visible_configuration_match,52262c212784f03b26b0602647fa71a493b8247028c384fb4af106a8a104a959,../deliveries/paper-ad03e8c-20260916/trajectories/qwen3.8-2.4t-a95b-fp8/poolact/9805c6dfbe39640b5368c796.json
dc83c4df2c0029398f7c3b2a,qwen3.8-2.4t-a95b-fp8,poolact,tuning,hpobench:nasbench101:C,cost_moderate,naive,2204,1,existing_trace_rescored,paper-graph-lock-v3,"{""gap0_bon"": 99.23206793873176, ""gap0_mi"": 99.14936741417782, ""gap_bon"": 99.23206793873176, ""gap_mi"": 99.14936741417782, ""raw_perf_bon"": 0.9412393172581991, ""raw_perf_mi"": 0.9407719026009242}","{""gap0_bon"": 99.23206793873176, ""gap0_mi"": 99.14936741417782, ""gap_bon"": 99.23206793873176, ""gap_mi"": 99.14936741417782, ""raw_perf_bon"": 0.9412393172581991, ""raw_perf_mi"": 0.9407719026009242}",True,True,True,False,False,False,False,False,legacy_best_visible_fallback;visible_configuration_match,b4c685fae46544250fe1a4500cb3f9f0dfbf0f4b3c5a97f81fc99ddd99e2518a,../deliveries/paper-ad03e8c-20260916/trajectories/qwen3.8-2.4t-a95b-fp8/poolact/dc83c4df2c0029398f7c3b2a.json
94ded1927e09084291d9810c,qwen3.8-2.4t-a95b-fp8,poolact,tuning,hpobench:nasbench101:C,cost_moderate,naive,2208,2,existing_trace_rescored,paper-graph-lock-v3,"{""gap0_bon"": 100.0, ""gap0_mi"": 98.42278429694181, ""gap_bon"": 100.0, ""gap_mi"": 98.42278429694181, ""raw_perf_bon"": 0.9455795884132385, ""raw_perf_mi"": 0.9366653313239416}","{""gap0_bon"": 100.0, ""gap0_mi"": 98.42278429694181, ""gap_bon"": 100.0, ""gap_mi"": 98.42278429694181, ""raw_perf_bon"": 0.9455795884132385, ""raw_perf_mi"": 0.9366653313239416}",True,True,True,False,False,False,False,False,visible_configuration_match,c7184415215a84bb0075df455f406b54d8bfe9a6858aa10ce470af9f16757718,../deliveries/paper-ad03e8c-20260916/trajectories/qwen3.8-2.4t-a95b-fp8/poolact/94ded1927e09084291d9810c.json
90a3ec4023e322d17745c4ab,qwen3.8-2.4t-a95b-fp8,poolact,tuning,hpobench:nasbench101:A,cost_moderate,poolact,2200,0,existing_trace_rescored,paper-graph-lock-v3,"{""gap0_bon"": 99.6108132863334, ""gap0_mi"": 99.35214419936199, ""gap_bon"": 99.6108132863334, ""gap_mi"": 99.35214419936199, ""raw_perf_bon"": 0.9433426856994629, ""raw_perf_mi"": 0.9415230999390284}","{""gap0_bon"": 99.6108132863334, ""gap0_mi"": 99.35214419936199, ""gap_bon"": 99.6108132863334, ""gap_mi"": 99.35214419936199, ""raw_perf_bon"": 0.9433426856994629, ""raw_perf_mi"": 0.9415230999390284}",True,True,True,False,False,False,False,False,legacy_best_visible_fallback;visible_configuration_match,9f978f691e90ca733f08abda130e1ce1432d29888a66f7bc00246d36629a1c45,../deliveries/paper-ad03e8c-20260916/trajectories/qwen3.8-2.4t-a95b-fp8/poolact/90a3ec4023e322d17745c4ab.json
b195459d677de788de305c15,qwen3.8-2.4t-a95b-fp8,poolact,tuning,hpobench:nasbench101:A,cost_moderate,poolact,2204,1,existing_trace_rescored,paper-graph-lock-v3,"{""gap0_bon"": 99.00804315923163, ""gap0_mi"": 98.92498655188992, ""gap_bon"": 99.00804315923163, ""gap_mi"": 98.92498655188992, ""raw_perf_bon"": 0.9391025503476461, ""raw_perf_mi"": 0.9385182956854502}","{""gap0_bon"": 99.00804315923163, ""gap0_mi"": 98.92498655188992, ""gap_bon"": 99.00804315923163, ""gap_mi"": 98.92498655188992, ""raw_perf_bon"": 0.9391025503476461, ""raw_perf_mi"": 0.9385182956854502}",True,True,True,False,False,False,False,False,legacy_best_visible_fallback;visible_configuration_match,84378d252c132873910727c0681dff7622ce4505f5c73e38cf9e6634b5ab36a8,../deliveries/paper-ad03e8c-20260916/trajectories/qwen3.8-2.4t-a95b-fp8/poolact/b195459d677de788de305c15.json
c0b4a50e412066c0dcf8878b,qwen3.8-2.4t-a95b-fp8,poolact,tuning,hpobench:nasbench101:A,cost_moderate,poolact,2208,2,existing_trace_rescored,paper-graph-lock-v3,"{""gap0_bon"": 99.68200305009474, ""gap0_mi"": 99.57046983114093, ""gap_bon"": 99.68200305009474, ""gap_mi"": 99.57046983114093, ""raw_perf_bon"": 0.9438434640566508, ""raw_perf_mi"": 0.9430588930845261}","{""gap0_bon"": 99.68200305009474, ""gap0_mi"": 99.57046983114093, ""gap_bon"": 99.68200305009474, ""gap_mi"": 99.57046983114093, ""raw_perf_bon"": 0.9438434640566508, ""raw_perf_mi"": 0.9430588930845261}",True,True,True,False,False,False,False,False,legacy_best_visible_fallback;visible_configuration_match,f8cc00c6501973d1b816f3b0846a13d9d17a0f03ee7d8676c07d8df3eb1a57c4,../deliveries/paper-ad03e8c-20260916/trajectories/qwen3.8-2.4t-a95b-fp8/poolact/c0b4a50e412066c0dcf8878b.json
a1c0f31e494f06fe8634bccf,qwen3.8-2.4t-a95b-fp8,poolact,tuning,hpobench:nasbench101:B,cost_moderate,poolact,2200,0,existing_trace_rescored,paper-graph-lock-v3,"{""gap0_bon"": 97.57630431709191, ""gap0_mi"": 96.95401397761295, ""gap_bon"": 97.57630431709191, ""gap_mi"": 96.95401397761295, ""raw_perf_bon"": 0.9427750905354818, ""raw_perf_mi"": 0.9411892394224803}","{""gap0_bon"": 97.57630431709191, ""gap0_mi"": 96.95401397761295, ""gap_bon"": 97.57630431709191, ""gap_mi"": 96.95401397761295, ""raw_perf_bon"": 0.9427750905354818, ""raw_perf_mi"": 0.9411892394224803}",True,True,True,False,False,False,False,False,legacy_best_visible_fallback;visible_configuration_match,95a0fe89228b1ad4a0f372abb1e05adee55ef8cfd201a5097d1d05f700c46d17,../deliveries/paper-ad03e8c-20260916/trajectories/qwen3.8-2.4t-a95b-fp8/poolact/a1c0f31e494f06fe8634bccf.json
eca6168e6f89b2fba454523c,qwen3.8-2.4t-a95b-fp8,poolact,tuning,hpobench:nasbench101:B,cost_moderate,poolact,2204,1,existing_trace_rescored,paper-graph-lock-v3,"{""gap0_bon"": 98.13965060084907, ""gap0_mi"": 97.97261255708825, ""gap_bon"": 98.13965060084907, ""gap_mi"": 97.97261255708825, ""raw_perf_bon"": 0.9442107280095419, ""raw_perf_mi"": 0.9437850465377172}","{""gap0_bon"": 98.13965060084907, ""gap0_mi"": 97.97261255708825, ""gap_bon"": 98.13965060084907, ""gap_mi"": 97.97261255708825, ""raw_perf_bon"": 0.9442107280095419, ""raw_perf_mi"": 0.9437850465377172}",True,True,True,False,False,False,False,False,legacy_best_visible_fallback;visible_configuration_match,ccfcf2dd1b1acb63cc85a5822c253f9218ef75516e851d6233915d6daef80fab,../deliveries/paper-ad03e8c-20260916/trajectories/qwen3.8-2.4t-a95b-fp8/poolact/eca6168e6f89b2fba454523c.json
cfe99df7a1d5ea5878b755a9,qwen3.8-2.4t-a95b-fp8,poolact,tuning,hpobench:nasbench101:B,cost_moderate,poolact,2208,2,existing_trace_rescored,paper-graph-lock-v3,"{""gap0_bon"": 98.59819099332017, ""gap0_mi"": 97.7924786496149, ""gap_bon"": 98.59819099332017, ""gap_mi"": 97.7924786496149, ""raw_perf_bon"": 0.9453792770703634, ""raw_perf_mi"": 0.9433259914318721}","{""gap0_bon"": 98.59819099332017, ""gap0_mi"": 97.7924786496149, ""gap_bon"": 98.59819099332017, ""gap_mi"": 97.7924786496149, ""raw_perf_bon"": 0.9453792770703634, ""raw_perf_mi"": 0.9433259914318721}",True,True,True,False,False,False,False,False,legacy_best_visible_fallback;visible_configuration_match,5ff467e9c13c4bd7586febc6abe320f94ef08ce120fe2b397afa443f57ca15a2,../deliveries/paper-ad03e8c-20260916/trajectories/qwen3.8-2.4t-a95b-fp8/poolact/cfe99df7a1d5ea5878b755a9.json
2216c2262047ffcbcde63a69,qwen3.8-2.4t-a95b-fp8,poolact,tuning,hpobench:nasbench101:C,cost_moderate,poolact,2200,0,existing_trace_rescored,paper-graph-lock-v3,"{""gap0_bon"": 99.52151933525563, ""gap0_mi"": 99.40485291616608, ""gap_bon"": 99.52151933525563, ""gap_mi"": 99.40485291616608, ""raw_perf_bon"": 0.9428752660751343, ""raw_perf_mi"": 0.9422158797581991}","{""gap0_bon"": 99.52151933525563, ""gap0_mi"": 99.40485291616608, ""gap_bon"": 99.52151933525563, ""gap_mi"": 99.40485291616608, ""raw_perf_bon"": 0.9428752660751343, ""raw_perf_mi"": 0.9422158797581991}",True,True,True,False,False,False,False,False,legacy_best_visible_fallback;visible_configuration_match,e3dac3964c2119ddf693c6a357e0424b1fae7b9a979aabd6e68fed7e63b29f7e,../deliveries/paper-ad03e8c-20260916/trajectories/qwen3.8-2.4t-a95b-fp8/poolact/2216c2262047ffcbcde63a69.json
2d65764c60e05648dc33a059,qwen3.8-2.4t-a95b-fp8,poolact,tuning,hpobench:nasbench101:C,cost_moderate,poolact,2204,1,existing_trace_rescored,paper-graph-lock-v3,"{""gap0_bon"": 100.17721427983435, ""gap0_mi"": 99.9985226870368, ""gap_bon"": 100.17721427983435, ""gap_mi"": 99.9985226870368, ""raw_perf_bon"": 0.9465811848640442, ""raw_perf_mi"": 0.9455712387959162}","{""gap0_bon"": 100.17721427983435, ""gap0_mi"": 99.9985226870368, ""gap_bon"": 100.17721427983435, ""gap_mi"": 99.9985226870368, ""raw_perf_bon"": 0.9465811848640442, ""raw_perf_mi"": 0.9455712387959162}",True,True,True,False,False,False,False,False,legacy_best_visible_fallback;visible_configuration_match,7ee88933552cd32f57eed2dc8efda33fc79b2ec4f128a978dd7c76667f897e50,../deliveries/paper-ad03e8c-20260916/trajectories/qwen3.8-2.4t-a95b-fp8/poolact/2d65764c60e05648dc33a059.json
6e051804134543922158af07,qwen3.8-2.4t-a95b-fp8,poolact,tuning,hpobench:nasbench101:C,cost_moderate,poolact,2208,2,existing_trace_rescored,paper-graph-lock-v3,"{""gap0_bon"": 100.01772072491956, ""gap0_mi"": 99.8552751805679, ""gap_bon"": 100.01772072491956, ""gap_mi"": 99.8552751805679, ""raw_perf_bon"": 0.9456797440846761, ""raw_perf_mi"": 0.9447616189718246}","{""gap0_bon"": 100.01772072491956, ""gap0_mi"": 99.8552751805679, ""gap_bon"": 100.01772072491956, ""gap_mi"": 99.8552751805679, ""raw_perf_bon"": 0.9456797440846761, ""raw_perf_mi"": 0.9447616189718246}",True,True,True,False,False,False,False,False,legacy_best_visible_fallback;visible_configuration_match,5a940d33f78857ca1bc4efbb0e3d738ad6e04fbb68496376cedf2145243a764e,../deliveries/paper-ad03e8c-20260916/trajectories/qwen3.8-2.4t-a95b-fp8/poolact/6e051804134543922158af07.json
29e5b634301d272a2a148975,qwen3.8-2.4t-a95b-fp8,poolact,tuning,hpobench:nasbench101:A,cost_tight,cached,2200,0,existing_trace_rescored,paper-graph-lock-v3,"{""gap0_bon"": 97.3468714703742, ""gap0_mi"": 91.50311333592798, ""gap_bon"": 97.3468714703742, ""gap_mi"": 91.50311333592798, ""raw_perf_bon"": 0.9274171789487203, ""raw_perf_mi"": 0.8863097578287125}","{""gap0_bon"": 97.3468714703742, ""gap0_mi"": 91.50311333592798, ""gap_bon"": 97.3468714703742, ""gap_mi"": 91.50311333592798, ""raw_perf_bon"": 0.9274171789487203, ""raw_perf_mi"": 0.8863097578287125}",True,True,True,False,False,False,False,False,visible_configuration_match,9efb93fc6a4004a142f27ec421a1c706249813e7d553071884d06dba663ca08c,../deliveries/paper-ad03e8c-20260916/trajectories/qwen3.8-2.4t-a95b-fp8/poolact/29e5b634301d272a2a148975.json
74d28b26a4bc739da2feaf57,qwen3.8-2.4t-a95b-fp8,poolact,tuning,hpobench:nasbench101:A,cost_tight,cached,2204,1,existing_trace_rescored,paper-graph-lock-v3,"{""gap0_bon"": 96.59697677297574, ""gap0_mi"": 73.1281957472414, ""gap_bon"": 96.59697677297574, ""gap_mi"": 73.1281957472414, ""raw_perf_bon"": 0.9221421082814535, ""raw_perf_mi"": 0.7570529580116272}","{""gap0_bon"": 96.59697677297574, ""gap0_mi"": 73.1281957472414, ""gap_bon"": 96.59697677297574, ""gap_mi"": 73.1281957472414, ""raw_perf_bon"": 0.9221421082814535, ""raw_perf_mi"": 0.7570529580116272}",True,True,True,False,False,False,False,False,benchmark_evaluation;visible_configuration_match,becba6c88e74082115a6943b78576d88d8da48c51dd5160b933a9efc952552ac,../deliveries/paper-ad03e8c-20260916/trajectories/qwen3.8-2.4t-a95b-fp8/poolact/74d28b26a4bc739da2feaf57.json
7837f8d647ea58c5f71af197,qwen3.8-2.4t-a95b-fp8,poolact,tuning,hpobench:nasbench101:A,cost_tight,cached,2208,2,existing_trace_rescored,paper-graph-lock-v3,"{""gap0_bon"": 99.31654719915865, ""gap0_mi"": 93.82875200567027, ""gap_bon"": 99.31654719915865, ""gap_mi"": 93.82875200567027, ""raw_perf_bon"": 0.9412726958592733, ""raw_perf_mi"": 0.9026692658662796}","{""gap0_bon"": 99.31654719915865, ""gap0_mi"": 93.82875200567027, ""gap_bon"": 99.31654719915865, ""gap_mi"": 93.82875200567027, ""raw_perf_bon"": 0.9412726958592733, ""raw_perf_mi"": 0.9026692658662796}",True,True,True,False,False,False,False,False,benchmark_evaluation;visible_configuration_match,2d60a3421a6bd05937a1f2f1439462a0eab9f588eb966db4e63729af28216a63,../deliveries/paper-ad03e8c-20260916/trajectories/qwen3.8-2.4t-a95b-fp8/poolact/7837f8d647ea58c5f71af197.json
b099183821fa63bb9d76dd41,qwen3.8-2.4t-a95b-fp8,poolact,tuning,hpobench:nasbench101:B,cost_tight,cached,2200,0,existing_trace_rescored,paper-graph-lock-v3,"{""gap0_bon"": 97.85143634889168, ""gap0_mi"": 88.01256988023201, ""gap_bon"": 97.85143634889168, ""gap_mi"": 88.01256988023201, ""raw_perf_bon"": 0.9434762398401896, ""raw_perf_mi"": 0.9184027711550394}","{""gap0_bon"": 97.85143634889168, ""gap0_mi"": 88.01256988023201, ""gap_bon"": 97.85143634889168, ""gap_mi"": 88.01256988023201, ""raw_perf_bon"": 0.9434762398401896, ""raw_perf_mi"": 0.9184027711550394}",True,True,True,False,False,False,False,False,legacy_best_visible_fallback;visible_configuration_match,911ec085a6028175abb8de6b8ac124f8bf3a58573fef032a7585a4e16f4ddad3,../deliveries/paper-ad03e8c-20260916/trajectories/qwen3.8-2.4t-a95b-fp8/poolact/b099183821fa63bb9d76dd41.json
63fd93eb24334e0aec7dafa8,qwen3.8-2.4t-a95b-fp8,poolact,tuning,hpobench:nasbench101:B,cost_tight,cached,2204,1,existing_trace_rescored,paper-graph-lock-v3,"{""gap0_bon"": 97.52390526960744, ""gap0_mi"": 86.79417703054061, ""gap_bon"": 97.52390526960744, ""gap_mi"": 86.79417703054061, ""raw_perf_bon"": 0.94264155626297, ""raw_perf_mi"": 0.91529780626297}","{""gap0_bon"": 97.52390526960744, ""gap0_mi"": 86.79417703054061, ""gap_bon"": 97.52390526960744, ""gap_mi"": 86.79417703054061, ""raw_perf_bon"": 0.94264155626297, ""raw_perf_mi"": 0.91529780626297}",True,True,True,False,False,False,False,False,visible_configuration_match,cbe144d809c5dce07f0822ed018e87d81836274f3b86bcd2689260edf06d272a,../deliveries/paper-ad03e8c-20260916/trajectories/qwen3.8-2.4t-a95b-fp8/poolact/63fd93eb24334e0aec7dafa8.json
cbeed95b468f8f362ad6c192,qwen3.8-2.4t-a95b-fp8,poolact,tuning,hpobench:nasbench101:B,cost_tight,cached,2208,2,existing_trace_rescored,paper-graph-lock-v3,"{""gap0_bon"": 97.22258540854112, ""gap0_mi"": 92.00183036406568, ""gap_bon"": 97.22258540854112, ""gap_mi"": 92.00183036406568, ""raw_perf_bon"": 0.9418736696243286, ""raw_perf_mi"": 0.9285690436760585}","{""gap0_bon"": 97.22258540854112, ""gap0_mi"": 92.00183036406568, ""gap_bon"": 97.22258540854112, ""gap_mi"": 92.00183036406568, ""raw_perf_bon"": 0.9418736696243286, ""raw_perf_mi"": 0.9285690436760585}",True,True,True,False,False,False,False,False,visible_configuration_match,cab601c3cd9fb06824c9ba8f584db8965d92a953bf899eb7b1b8eac14ec5ec5d,../deliveries/paper-ad03e8c-20260916/trajectories/qwen3.8-2.4t-a95b-fp8/poolact/cbeed95b468f8f362ad6c192.json
8ddb50bd1f0611bca959cfc9,qwen3.8-2.4t-a95b-fp8,poolact,tuning,hpobench:nasbench101:C,cost_tight,cached,2200,0,existing_trace_rescored,paper-graph-lock-v3,"{""gap0_bon"": 99.34430505542127, ""gap0_mi"": 98.01666560249856, ""gap_bon"": 99.34430505542127, ""gap_mi"": 98.01666560249856, ""raw_perf_bon"": 0.9418736696243286, ""raw_perf_mi"": 0.9343699912230174}","{""gap0_bon"": 99.34430505542127, ""gap0_mi"": 98.01666560249856, ""gap_bon"": 99.34430505542127, ""gap_mi"": 98.01666560249856, ""raw_perf_bon"": 0.9418736696243286, ""raw_perf_mi"": 0.9343699912230174}",True,True,True,False,False,False,False,False,visible_configuration_match,8e65b9244a095072bf4bcfa94b52557894ab80a7e5d02740dd64f743d68744a3,../deliveries/paper-ad03e8c-20260916/trajectories/qwen3.8-2.4t-a95b-fp8/poolact/8ddb50bd1f0611bca959cfc9.json
fa36e4e057ed59101e8b4f57,qwen3.8-2.4t-a95b-fp8,poolact,tuning,hpobench:nasbench101:C,cost_tight,cached,2204,1,existing_trace_rescored,paper-graph-lock-v3,"{""gap0_bon"": 99.33839580356849, ""gap0_mi"": 97.54113692719105, ""gap_bon"": 99.33839580356849, ""gap_mi"": 97.54113692719105, ""raw_perf_bon"": 0.9418402711550394, ""raw_perf_mi"": 0.9316823532183965}","{""gap0_bon"": 99.33839580356849, ""gap0_mi"": 97.54113692719105, ""gap_bon"": 99.33839580356849, ""gap_mi"": 97.54113692719105, ""raw_perf_bon"": 0.9418402711550394, ""raw_perf_mi"": 0.9316823532183965}",True,True,True,False,False,False,False,False,visible_configuration_match,e0e6245927fd0039ff6249e7147fbb6129802b20a9396129af5eada6af526a77,../deliveries/paper-ad03e8c-20260916/trajectories/qwen3.8-2.4t-a95b-fp8/poolact/fa36e4e057ed59101e8b4f57.json
4f724f4ac058b11cbada7c8a,qwen3.8-2.4t-a95b-fp8,poolact,tuning,hpobench:nasbench101:C,cost_tight,cached,2208,2,existing_trace_rescored,paper-graph-lock-v3,"{""gap0_bon"": 98.81266221591822, ""gap0_mi"": 95.99198226096493, ""gap_bon"": 98.81266221591822, ""gap_mi"": 95.99198226096493, ""raw_perf_bon"": 0.9388688802719116, ""raw_perf_mi"": 0.9229266941547394}","{""gap0_bon"": 98.81266221591822, ""gap0_mi"": 95.99198226096493, ""gap_bon"": 98.81266221591822, ""gap_mi"": 95.99198226096493, ""raw_perf_bon"": 0.9388688802719116, ""raw_perf_mi"": 0.9229266941547394}",True,True,True,False,False,False,False,False,visible_configuration_match,cfbadc23323e9c72bda332c947f799dd9150f4fb15172bf7708d05485e1762c9,../deliveries/paper-ad03e8c-20260916/trajectories/qwen3.8-2.4t-a95b-fp8/poolact/4f724f4ac058b11cbada7c8a.json
197d4075979cca284b2a6d20,qwen3.8-2.4t-a95b-fp8,poolact,tuning,hpobench:nasbench101:A,cost_tight,naive,2200,0,existing_trace_rescored,paper-graph-lock-v3,"{""gap0_bon"": 98.879898760031, ""gap0_mi"": 93.15835160299524, ""gap_bon"": 98.879898760031, ""gap_mi"": 93.15835160299524, ""raw_perf_bon"": 0.9382011294364929, ""raw_perf_mi"": 0.8979533910751343}","{""gap0_bon"": 98.879898760031, ""gap0_mi"": 93.15835160299524, ""gap_bon"": 98.879898760031, ""gap_mi"": 93.15835160299524, ""raw_perf_bon"": 0.9382011294364929, ""raw_perf_mi"": 0.8979533910751343}",True,True,True,False,False,False,False,False,benchmark_evaluation;visible_configuration_match,230309493c91d410e5afb55c74e8c6082dbabca8d9df0e6dbf7ea1a64402846f,../deliveries/paper-ad03e8c-20260916/trajectories/qwen3.8-2.4t-a95b-fp8/poolact/197d4075979cca284b2a6d20.json
17f3aa1223f51ada76bc262c,qwen3.8-2.4t-a95b-fp8,poolact,tuning,hpobench:nasbench101:A,cost_tight,naive,2204,1,existing_trace_rescored,paper-graph-lock-v3,"{""gap0_bon"": 98.96532930097483, ""gap0_mi"": 72.14634681007337, ""gap_bon"": 98.96532930097483, ""gap_mi"": 72.14634681007337, ""raw_perf_bon"": 0.9388020833333334, ""raw_perf_mi"": 0.689486508568128}","{""gap0_bon"": 98.96532930097483, ""gap0_mi"": 72.14634681007337, ""gap_bon"": 98.96532930097483, ""gap_mi"": 72.14634681007337, ""raw_perf_bon"": 0.9388020833333334, ""raw_perf_mi"": 0.689486508568128}",True,True,True,False,False,False,False,False,benchmark_evaluation;invalid_configuration_zero;legacy_best_visible_fallback;visible_configuration_match,3c46212b5ec0081a8c90f5ad0298fb29a58dbf8d9364171236ebdd695b159a8f,../deliveries/paper-ad03e8c-20260916/trajectories/qwen3.8-2.4t-a95b-fp8/poolact/17f3aa1223f51ada76bc262c.json
d8c59fc104b319df9a7e68e5,qwen3.8-2.4t-a95b-fp8,poolact,tuning,hpobench:nasbench101:A,cost_tight,naive,2208,2,existing_trace_rescored,paper-graph-lock-v3,"{""gap0_bon"": 99.8054080553818, ""gap0_mi"": 91.39276496545256, ""gap_bon"": 99.8054080553818, ""gap_mi"": 91.39276496545256, ""raw_perf_bon"": 0.9447115461031595, ""raw_perf_mi"": 0.8855335215727488}","{""gap0_bon"": 99.8054080553818, ""gap0_mi"": 91.39276496545256, ""gap_bon"": 99.8054080553818, ""gap_mi"": 91.39276496545256, ""raw_perf_bon"": 0.9447115461031595, ""raw_perf_mi"": 0.8855335215727488}",True,True,True,False,False,False,False,False,benchmark_evaluation;visible_configuration_match,87b39d09c53ad416e972a5ea0f3a5a008127cebc7015f1e531f9478b04d01335,../deliveries/paper-ad03e8c-20260916/trajectories/qwen3.8-2.4t-a95b-fp8/poolact/d8c59fc104b319df9a7e68e5.json
0b4fa84785cb0ea7fd2983c8,qwen3.8-2.4t-a95b-fp8,poolact,tuning,hpobench:nasbench101:B,cost_tight,naive,2200,0,existing_trace_rescored,paper-graph-lock-v3,"{""gap0_bon"": 97.340489112619, ""gap0_mi"": 87.37717198256482, ""gap_bon"": 97.340489112619, ""gap_mi"": 87.37717198256482, ""raw_perf_bon"": 0.9421741366386414, ""raw_perf_mi"": 0.9167835166056951}","{""gap0_bon"": 97.340489112619, ""gap0_mi"": 87.37717198256482, ""gap_bon"": 97.340489112619, ""gap_mi"": 87.37717198256482, ""raw_perf_bon"": 0.9421741366386414, ""raw_perf_mi"": 0.9167835166056951}",True,True,True,False,False,False,False,False,visible_configuration_match,14ab9ea9549bff9f5b32b1c3e6fc1f661fb3baee36215b2a9b7400c605b8ef33,../deliveries/paper-ad03e8c-20260916/trajectories/qwen3.8-2.4t-a95b-fp8/poolact/0b4fa84785cb0ea7fd2983c8.json
426e1aff7c830b83af8b0a14,qwen3.8-2.4t-a95b-fp8,poolact,tuning,hpobench:nasbench101:B,cost_tight,naive,2204,1,existing_trace_rescored,paper-graph-lock-v3,"{""gap0_bon"": 96.2400077633226, ""gap0_mi"": 89.73863161483958, ""gap_bon"": 96.2400077633226, ""gap_mi"": 89.73863161483958, ""raw_perf_bon"": 0.9393696586290995, ""raw_perf_mi"": 0.9228014846642811}","{""gap0_bon"": 96.2400077633226, ""gap0_mi"": 89.73863161483958, ""gap_bon"": 96.2400077633226, ""gap_mi"": 89.73863161483958, ""raw_perf_bon"": 0.9393696586290995, ""raw_perf_mi"": 0.9228014846642811}",True,True,True,False,False,False,False,False,visible_configuration_match,a0ded18deaadfdbe6286bdfbafdaf010f08e44c64a22723bcb9fdae4104bf60a,../deliveries/paper-ad03e8c-20260916/trajectories/qwen3.8-2.4t-a95b-fp8/poolact/426e1aff7c830b83af8b0a14.json
fa76cb4bb2b81e027f0b58ca,qwen3.8-2.4t-a95b-fp8,poolact,tuning,hpobench:nasbench101:B,cost_tight,naive,2208,2,existing_trace_rescored,paper-graph-lock-v3,"{""gap0_bon"": 97.41909937832139, ""gap0_mi"": 90.16769023405337, ""gap_bon"": 97.41909937832139, ""gap_mi"": 90.16769023405337, ""raw_perf_bon"": 0.9423744678497314, ""raw_perf_mi"": 0.9238949020703634}","{""gap0_bon"": 97.41909937832139, ""gap0_mi"": 90.16769023405337, ""gap_bon"": 97.41909937832139, ""gap_mi"": 90.16769023405337, ""raw_perf_bon"": 0.9423744678497314, ""raw_perf_mi"": 0.9238949020703634}",True,True,True,False,False,False,False,False,visible_configuration_match,a360d335fa192a171ca47cd2cdb59050dba1bded1b290d3fb2ad7d288e89e46a,../deliveries/paper-ad03e8c-20260916/trajectories/qwen3.8-2.4t-a95b-fp8/poolact/fa76cb4bb2b81e027f0b58ca.json
26f818749a1de982909944d8,qwen3.8-2.4t-a95b-fp8,poolact,tuning,hpobench:nasbench101:C,cost_tight,naive,2200,0,existing_trace_rescored,paper-graph-lock-v3,"{""gap0_bon"": 99.85232143347135, ""gap0_mi"": 99.21434633498235, ""gap_bon"": 99.85232143347135, ""gap_mi"": 99.21434633498235, ""raw_perf_bon"": 0.9447449247042338, ""raw_perf_mi"": 0.9411391566197077}","{""gap0_bon"": 99.85232143347135, ""gap0_mi"": 99.21434633498235, ""gap_bon"": 99.85232143347135, ""gap_mi"": 99.21434633498235, ""raw_perf_bon"": 0.9447449247042338, ""raw_perf_mi"": 0.9411391566197077}",True,True,True,False,False,False,False,False,visible_configuration_match,a9aee59f8b56f60f9166c0f647ab03958ed81a98fb034fd1b31e2a8d60d8d53a,../deliveries/paper-ad03e8c-20260916/trajectories/qwen3.8-2.4t-a95b-fp8/poolact/26f818749a1de982909944d8.json
da80955d581171956d741915,qwen3.8-2.4t-a95b-fp8,poolact,tuning,hpobench:nasbench101:C,cost_tight,naive,2204,1,existing_trace_rescored,paper-graph-lock-v3,"{""gap0_bon"": 98.69451584737595, ""gap0_mi"": 96.92826736077788, ""gap_bon"": 98.69451584737595, ""gap_mi"": 96.92826736077788, ""raw_perf_bon"": 0.9382011294364929, ""raw_perf_mi"": 0.928218478957812}","{""gap0_bon"": 98.69451584737595, ""gap0_mi"": 96.92826736077788, ""gap_bon"": 98.69451584737595, ""gap_mi"": 96.92826736077788, ""raw_perf_bon"": 0.9382011294364929, ""raw_perf_mi"": 0.928218478957812}",True,True,True,False,False,False,False,False,visible_configuration_match,8a2f1e17e217187c1e36a16f97d8ebed37af6f1afd411476113eabda10708e64,../deliveries/paper-ad03e8c-20260916/trajectories/qwen3.8-2.4t-a95b-fp8/poolact/da80955d581171956d741915.json
f4a3463319bc2a14492ca176,qwen3.8-2.4t-a95b-fp8,poolact,tuning,hpobench:nasbench101:C,cost_tight,naive,2208,2,existing_trace_rescored,paper-graph-lock-v3,"{""gap0_bon"": 99.52151933525563, ""gap0_mi"": 95.46624164267591, ""gap_bon"": 99.52151933525563, ""gap_mi"": 95.46624164267591, ""raw_perf_bon"": 0.9428752660751343, ""raw_perf_mi"": 0.9199552635351816}","{""gap0_bon"": 99.52151933525563, ""gap0_mi"": 95.46624164267591, ""gap_bon"": 99.52151933525563, ""gap_mi"": 95.46624164267591, ""raw_perf_bon"": 0.9428752660751343, ""raw_perf_mi"": 0.9199552635351816}",True,True,True,False,False,False,False,False,visible_configuration_match,f8ad740ad34a0a354299bfcc3f632641ae44d06461b8588e02beb19f0532ba0d,../deliveries/paper-ad03e8c-20260916/trajectories/qwen3.8-2.4t-a95b-fp8/poolact/f4a3463319bc2a14492ca176.json
ca421a125cc6bf5decbe313a,qwen3.8-2.4t-a95b-fp8,poolact,tuning,hpobench:nasbench101:A,cost_tight,poolact,2200,0,existing_trace_rescored,paper-graph-lock-v3,"{""gap0_bon"": 97.59842369929214, ""gap0_mi"": 97.33382260274566, ""gap_bon"": 97.59842369929214, ""gap_mi"": 97.33382260274566, ""raw_perf_bon"": 0.9291867017745972, ""raw_perf_mi"": 0.9273253877957662}","{""gap0_bon"": 97.59842369929214, ""gap0_mi"": 97.33382260274566, ""gap_bon"": 97.59842369929214, ""gap_mi"": 97.33382260274566, ""raw_perf_bon"": 0.9291867017745972, ""raw_perf_mi"": 0.9273253877957662}",True,True,True,False,False,False,False,False,benchmark_evaluation;legacy_best_visible_fallback;visible_configuration_match,fb96fc248cb0184d8f962c80c5b194c40a0664c451ba34f499e678ee701e11a2,../deliveries/paper-ad03e8c-20260916/trajectories/qwen3.8-2.4t-a95b-fp8/poolact/ca421a125cc6bf5decbe313a.json
e4163cefabf671183b79cfed,qwen3.8-2.4t-a95b-fp8,poolact,tuning,hpobench:nasbench101:A,cost_tight,poolact,2204,1,existing_trace_rescored,paper-graph-lock-v3,"{""gap0_bon"": 98.69954194373484, ""gap0_mi"": 98.03507425674245, ""gap_bon"": 98.69954194373484, ""gap_mi"": 98.03507425674245, ""raw_perf_bon"": 0.9369324247042338, ""raw_perf_mi"": 0.9322582830985386}","{""gap0_bon"": 98.69954194373484, ""gap0_mi"": 98.03507425674245, ""gap_bon"": 98.69954194373484, ""gap_mi"": 98.03507425674245, ""raw_perf_bon"": 0.9369324247042338, ""raw_perf_mi"": 0.9322582830985386}",True,True,True,False,False,False,False,False,legacy_best_visible_fallback;visible_configuration_match,7eca580cad8d49742c4b2d4bb437fd79371e61202a1ac6ec629fa36e7daf7f6e,../deliveries/paper-ad03e8c-20260916/trajectories/qwen3.8-2.4t-a95b-fp8/poolact/e4163cefabf671183b79cfed.json
dbab8f7aa75215791492595d,qwen3.8-2.4t-a95b-fp8,poolact,tuning,hpobench:nasbench101:A,cost_tight,poolact,2208,2,existing_trace_rescored,paper-graph-lock-v3,"{""gap0_bon"": 98.54766103294325, ""gap0_mi"": 94.63916576944898, ""gap_bon"": 98.54766103294325, ""gap_mi"": 94.63916576944898, ""raw_perf_bon"": 0.9358640313148499, ""raw_perf_mi"": 0.9083700527747471}","{""gap0_bon"": 98.54766103294325, ""gap0_mi"": 94.63916576944898, ""gap_bon"": 98.54766103294325, ""gap_mi"": 94.63916576944898, ""raw_perf_bon"": 0.9358640313148499, ""raw_perf_mi"": 0.9083700527747471}",True,True,True,False,False,False,False,False,legacy_best_visible_fallback;visible_configuration_match,2aa866bf214b1e9ccbcb2f81d5458d5fb1ae3e3aed77a9beb87e90defb93a53b,../deliveries/paper-ad03e8c-20260916/trajectories/qwen3.8-2.4t-a95b-fp8/poolact/dbab8f7aa75215791492595d.json
8d1a378c49540880481d842e,qwen3.8-2.4t-a95b-fp8,poolact,tuning,hpobench:nasbench101:B,cost_tight,poolact,2200,0,existing_trace_rescored,paper-graph-lock-v3,"{""gap0_bon"": 97.99554347487037, ""gap0_mi"": 94.19952445669831, ""gap_bon"": 97.99554347487037, ""gap_mi"": 94.19952445669831, ""raw_perf_bon"": 0.9438434839248657, ""raw_perf_mi"": 0.9341696699460347}","{""gap0_bon"": 97.99554347487037, ""gap0_mi"": 94.19952445669831, ""gap_bon"": 97.99554347487037, ""gap_mi"": 94.19952445669831, ""raw_perf_bon"": 0.9438434839248657, ""raw_perf_mi"": 0.9341696699460347}",True,True,True,False,False,False,False,False,legacy_best_visible_fallback;visible_configuration_match,f6ba8e47622d611acbd4d6eaf8ed7f0f21e83bdbd0777717342b674fbb6a697e,../deliveries/paper-ad03e8c-20260916/trajectories/qwen3.8-2.4t-a95b-fp8/poolact/8d1a378c49540880481d842e.json
823f9ce251391166d87ddcba,qwen3.8-2.4t-a95b-fp8,poolact,tuning,hpobench:nasbench101:B,cost_tight,poolact,2204,1,existing_trace_rescored,paper-graph-lock-v3,"{""gap0_bon"": 97.52390526960744, ""gap0_mi"": 90.1316615034794, ""gap_bon"": 97.52390526960744, ""gap_mi"": 90.1316615034794, ""raw_perf_bon"": 0.94264155626297, ""raw_perf_mi"": 0.9238030860821406}","{""gap0_bon"": 97.52390526960744, ""gap0_mi"": 90.1316615034794, ""gap_bon"": 97.52390526960744, ""gap_mi"": 90.1316615034794, ""raw_perf_bon"": 0.94264155626297, ""raw_perf_mi"": 0.9238030860821406}",True,True,True,False,False,False,False,False,legacy_best_visible_fallback;visible_configuration_match,b2211d401c266fe0a61844734341f73126bc23a09b6bf31decd94f6552291253,../deliveries/paper-ad03e8c-20260916/trajectories/qwen3.8-2.4t-a95b-fp8/poolact/823f9ce251391166d87ddcba.json
f399fa5cc22ed306d3d7198c,qwen3.8-2.4t-a95b-fp8,poolact,tuning,hpobench:nasbench101:B,cost_tight,poolact,2208,2,existing_trace_rescored,paper-graph-lock-v3,"{""gap0_bon"": 97.37979814362875, ""gap0_mi"": 96.80335209800049, ""gap_bon"": 97.37979814362875, ""gap_mi"": 96.80335209800049, ""raw_perf_bon"": 0.9422743121782938, ""raw_perf_mi"": 0.9408052911361058}","{""gap0_bon"": 97.37979814362875, ""gap0_mi"": 96.80335209800049, ""gap_bon"": 97.37979814362875, ""gap_mi"": 96.80335209800049, ""raw_perf_bon"": 0.9422743121782938, ""raw_perf_mi"": 0.9408052911361058}",True,True,True,False,False,False,False,False,legacy_best_visible_fallback;visible_configuration_match,69f6dfec2f0f4401e5313e3d509b56f1052e3aff06bd08b0fa88e03f0c2dfcee,../deliveries/paper-ad03e8c-20260916/trajectories/qwen3.8-2.4t-a95b-fp8/poolact/f399fa5cc22ed306d3d7198c.json
3b0441d032843b1daaa84d2e,qwen3.8-2.4t-a95b-fp8,poolact,tuning,hpobench:nasbench101:C,cost_tight,poolact,2200,0,existing_trace_rescored,paper-graph-lock-v3,"{""gap0_bon"": 98.74177228560124, ""gap0_mi"": 98.41244662151885, ""gap_bon"": 98.74177228560124, ""gap_mi"": 98.41244662151885, ""raw_perf_bon"": 0.9384682178497314, ""raw_perf_mi"": 0.9366069038709005}","{""gap0_bon"": 98.74177228560124, ""gap0_mi"": 98.41244662151885, ""gap_bon"": 98.74177228560124, ""gap_mi"": 98.41244662151885, ""raw_perf_bon"": 0.9384682178497314, ""raw_perf_mi"": 0.9366069038709005}",True,True,True,False,False,False,False,False,legacy_best_visible_fallback;visible_configuration_match,428f42c669548490a42db89e6710ca56de296a872e9bddc757188b0b2b96b6a9,../deliveries/paper-ad03e8c-20260916/trajectories/qwen3.8-2.4t-a95b-fp8/poolact/3b0441d032843b1daaa84d2e.json
1a408555e37e39b4580d2acf,qwen3.8-2.4t-a95b-fp8,poolact,tuning,hpobench:nasbench101:C,cost_tight,poolact,2204,1,existing_trace_rescored,paper-graph-lock-v3,"{""gap0_bon"": 98.74177228560124, ""gap0_mi"": 97.66961833466678, ""gap_bon"": 98.74177228560124, ""gap_mi"": 97.66961833466678, ""raw_perf_bon"": 0.9384682178497314, ""raw_perf_mi"": 0.9324085166056951}","{""gap0_bon"": 98.74177228560124, ""gap0_mi"": 97.66961833466678, ""gap_bon"": 98.74177228560124, ""gap_mi"": 97.66961833466678, ""raw_perf_bon"": 0.9384682178497314, ""raw_perf_mi"": 0.9324085166056951}",True,True,True,False,False,False,False,False,legacy_best_visible_fallback;visible_configuration_match,f3570ca57498a76ae808950473df0a2a68a413ea514e2f3c50cd44a181ea2eb9,../deliveries/paper-ad03e8c-20260916/trajectories/qwen3.8-2.4t-a95b-fp8/poolact/1a408555e37e39b4580d2acf.json
4246bf1e4869b870364594cd,qwen3.8-2.4t-a95b-fp8,poolact,tuning,hpobench:nasbench101:C,cost_tight,poolact,2208,2,existing_trace_rescored,paper-graph-lock-v3,"{""gap0_bon"": 99.39155797832719, ""gap0_mi"": 99.21139258788583, ""gap_bon"": 99.39155797832719, ""gap_mi"": 99.21139258788583, ""raw_perf_bon"": 0.9421407381693522, ""raw_perf_mi"": 0.9411224623521169}","{""gap0_bon"": 99.39155797832719, ""gap0_mi"": 99.21139258788583, ""gap_bon"": 99.39155797832719, ""gap_mi"": 99.21139258788583, ""raw_perf_bon"": 0.9421407381693522, ""raw_perf_mi"": 0.9411224623521169}",True,True,True,False,False,False,False,False,legacy_best_visible_fallback;visible_configuration_match,4a143b7e3ed00364769c9200c3b3e75018fd5dceea81be4feb9c1baa131b1f5a,../deliveries/paper-ad03e8c-20260916/trajectories/qwen3.8-2.4t-a95b-fp8/poolact/4246bf1e4869b870364594cd.json
